ts,machine_id,type,air_temp_k,process_temp_k,rot_speed_rpm,torque_nm,tool_wear_min,vibration_mms,current_a,humidity_pct,machine_failure,collected_at
2026-09-06 16:02:00,CNC-02,M,299.4037303333838,313.80536446210056,1679.608557624603,44.75455902959237,48.661765828984365,2.3118171432784327,14.197381576518017,51.37273367266995,0,2026-09-07 10:52:32
2026-09-06 14:09:00,CNC-02,M,297.8021157999589,311.84070433679057,1614.7252649674253,42.37498840552124,89.11025462681414,,13.01931103954954,54.14756798489776,0,2026-09-07 10:52:32
2026-09-06 11:48:00,CNC-01,L,297.05741284049043,311.6632616107592,1465.1019398112846,50.245297895768545,130.12819840203326,2.385122218030601,13.693187284760244,58.93758467445607,0,2026-09-07 10:52:32
2026-09-06 11:01:00,CNC-03,H,296.6850951676536,310.8778540461901,1387.8110227402788,52.5572734764085,42.730443196166384,1.898267594073658,13.742317980735212,53.53729775936793,0,2026-09-07 10:52:32
2026-09-06 17:10:00,CNC-01,L,298.932963577139,313.5692754715145,1768.1720364088653,43.744411231669716,175.84096702118643,3.0117354174631483,14.370652247917366,56.32637417941027,0,2026-09-07 10:52:32
2026-09-07 10:51:00,CNC-02,M,295.1191693868571,309.4628663450761,1360.5167186107792,51.153070646728516,64.59257902661192,1.9419879483410731,13.102157649989968,58.705466220309724,0,2026-09-07 10:52:32
2026-09-06 15:22:00,CNC-02,M,298.66765335013645,314.2885054701161,1701.8143945932177,48.8871406081662,200.6821066787267,2.9287474025846483,15.48987838091487,52.949922485288845,0,2026-09-07 10:52:32
2026-09-07 03:06:00,CNC-03,H,298.20616402555095,310.8544752288636,2534.3866961280646,20.674370590259482,60.492216328502984,3.090790724523569,9.851239953098544,52.36338449029684,0,2026-09-07 10:52:32
2026-09-07 10:25:00,CNC-03,H,297.12822471123224,311.77948801668526,1554.236754063548,47.489132936226355,206.3468028898048,2.7382840341373296,13.770943404906678,55.38688123276819,0,2026-09-07 10:52:32
2026-09-07 01:58:00,CNC-01,L,297.4952642690813,309.7312747058718,2730.6487744454694,14.882920812528921,138.62624046041543,3.490452134966926,7.46336804134588,57.469234590640234,0,2026-09-07 10:52:32
2026-09-07 00:56:00,CNC-03,H,299.50925479497613,312.25847300079744,2634.359490005547,19.206677407776624,145.92827763583117,3.458119679599245,9.4117216489883,52.37188099586346,0,2026-09-07 10:52:32
2026-09-06 12:11:00,CNC-02,M,297.0398370466935,311.3252519551747,1383.9081606793509,51.560984646513546,144.583276645069,2.31877120425927,13.50343359381261,57.806772775738885,0,2026-09-07 10:52:32
2026-09-06 21:34:00,CNC-03,H,300.0332901784477,313.3882244979593,2588.1484361302387,20.387432134099303,189.26785542982205,34.55599543976371,9.885955420369738,50.208507525105745,0,2026-09-07 10:52:32
2026-09-07 10:21:00,CNC-01,L,294.7045072218819,309.4029455971102,1360.4230118099972,53.66051967673623,178.56058547649727,24.867069945405476,13.34461601482737,59.1135363138374,0,2026-09-07 10:52:32
2026-09-06 13:52:00,CNC-01,L,297.6844091229514,311.8334536423922,1479.4326159727652,47.50274038851084,86.59058866287593,2.2201226125760436,13.286838573020848,58.13622094182325,0,2026-09-07 10:52:32
2026-09-07 05:17:00,CNC-02,M,295.6957918811082,309.69216815482565,2189.504958157636,30.7334409341416,49.03384063749499,2.7564909794090897,12.75487536682824,55.852209409197194,0,2026-09-07 10:52:32
2026-09-06 22:37:00,CNC-03,H,299.7981866586864,312.12212191920094,2701.9557883583684,14.018334066087249,257.7563720827906,4.393581473299171,7.053003901854402,53.222079243248125,0,2026-09-07 10:52:32
2026-09-06 14:39:00,CNC-02,M,298.44503906278743,312.7435028651209,1382.6193136670056,51.25292153074256,135.44781752505077,2.2216190564113467,13.445877581802515,54.27846378189234,0,2026-09-07 10:52:32
2026-09-07 06:03:00,CNC-02,M,295.5729275781464,310.4979374052343,2041.1558690109412,37.1169296529224,109.34371235781985,2.6958700099847173,14.39962385411515,59.82982218160599,0,2026-09-07 10:52:32
2026-09-07 03:44:00,CNC-01,L,296.679533997767,310.00983917402954,2444.1447790856923,24.33114409353255,30.269820150565323,3.0682333719601136,11.390236068300212,58.03720051307838,0,2026-09-07 10:52:32
2026-09-07 03:27:00,CNC-01,L,296.72509014845576,308.9605747027207,2592.3676895856706,19.157608612212798,10.304540711904352,3.1014318274079296,9.230208830146474,61.093573958284864,0,2026-09-07 10:52:32
2026-09-06 13:01:00,CNC-01,L,24.161956870519475,37.587907431687654,1280.9595747468848,50.26607363441602,6.339831623791973,1.9544306856945355,11.979558104417068,54.96766796577085,0,2026-09-07 10:52:32
2026-09-07 08:22:00,CNC-01,L,300.5413488008874,309.54914727390303,1487.0743180115753,50.439827064658715,194.42458365622463,2.8170698653714705,13.726593427652134,54.006414168750794,0,2026-09-07 10:52:32
2026-09-07 04:26:00,CNC-03,H,297.70846253686364,311.4858786697602,2189.376252051942,27.807445507530634,155.18703283815606,3.0962943439765263,11.470619961193918,54.42209731837986,0,2026-09-07 10:52:32
2026-09-07 02:56:00,CNC-02,M,296.79121597655035,310.5218675124295,2410.5763523233827,26.086096950413253,105.91612499698188,2.937712926504612,11.781019386884221,54.79868609182505,0,2026-09-07 10:52:32
2026-09-06 23:33:00,CNC-03,H,299.9211026774529,311.35927708195834,2752.235485937161,12.273266361772793,57.53248662442438,3.157528299335403,6.24677687639305,52.7565277733884,0,2026-09-07 10:52:32
2026-09-06 23:52:00,CNC-02,M,298.7908470855759,312.4478868266154,2686.443829370598,21.757559588757708,147.0921837188008,3.4979156350842455,10.910937144141984,57.33761279991448,0,2026-09-07 10:52:32
2026-09-07 04:02:00,CNC-01,L,296.4370217869282,309.7455188789957,2280.1506899490414,27.509625522073705,51.678076156573745,2.8141404041475884,11.831814344676735,54.14926086983106,0,2026-09-07 10:52:32
2026-09-07 01:33:00,CNC-01,L,297.5596023032315,309.7886444477114,2705.9458316731784,16.42191943600212,111.38595103285552,3.324692427697317,8.33760087008619,59.484718294593435,0,2026-09-07 10:52:32
2026-09-07 04:06:00,CNC-01,L,296.44639499384675,309.7783873917558,2303.3173204769823,26.82909146731921,56.50367629112282,2.927144501480582,11.52313873087368,56.20020724410821,0,2026-09-07 10:52:32
2026-09-06 22:22:00,CNC-03,H,299.78182726524557,312.88415013631,2677.3460614202913,19.409150731514554,241.61559287119857,4.258906302888534,9.816651907223719,51.30892482626033,0,2026-09-07 10:52:32
2026-09-07 02:54:00,CNC-01,L,297.12152200925067,309.861527703183,2447.77697977503,19.42899809252501,200.55056342928128,3.7906911928051126,8.938498318935997,56.46561651995676,0,2026-09-07 10:52:32
2026-09-07 02:39:00,CNC-01,L,297.2938508867524,310.56511563423254,2509.742187436314,21.18267366862138,183.79722234770546,3.701772951219179,9.897131613502085,61.31810442295722,0,2026-09-07 10:52:32
2026-09-07 10:12:00,CNC-01,L,294.64214779009563,308.7592420349611,1318.2423389236078,52.20893919308484,164.4145643736674,2.3269438191725005,13.172912759003324,63.73269400329003,0,2026-09-07 10:52:32
2026-09-06 17:51:00,CNC-02,M,299.5526694941288,314.29940502900826,1980.4472524183732,35.92260859420627,201.78118022508596,3.264513870510069,13.396898722313054,53.0483486892694,0,2026-09-07 10:52:32
2026-09-06 23:40:00,CNC-02,M,298.8048811243859,311.6015700721888,2696.2579058848646,17.168188893009198,134.36728184584564,3.427896007210876,8.502681629732784,55.22073176961751,0,2026-09-07 10:52:32
2026-09-07 04:30:00,CNC-01,L,296.332154255758,309.72591108850526,2280.963638001356,27.383015623299432,85.80702408100454,2.834883554896333,11.70633902994397,62.28837249440322,0,2026-09-07 10:52:32
2026-09-06 21:03:00,CNC-01,L,26.151307083078336,37.97877281398149,2525.991693381373,17.182667903455982,16.01130090347578,2.9829319049870424,8.097024731118719,51.958036261539874,0,2026-09-07 10:52:32
2026-09-06 16:01:00,CNC-02,M,299.11175858426685,312.7149172377919,1749.185016178933,37.96794421315132,47.172120477733074,2.3259678333019482,12.32291145667869,53.79007451946464,0,2026-09-07 10:52:32
2026-09-07 07:43:00,CNC-02,M,295.357058470366,309.3388875638561,1675.0219196485525,39.91668846759392,17.36069029097528,2.3708032801401546,12.325912202608418,63.22283054906644,0,2026-09-07 10:52:32
2026-09-06 21:31:00,CNC-01,L,299.41069027177565,311.40025327025324,2645.609750297631,17.48337344648013,47.73844594138876,3.1576092661750685,8.533674089045492,48.9263778490283,0,2026-09-07 10:52:32
2026-09-07 07:19:00,CNC-03,H,296.84696001340876,311.62625208228803,1774.430638440925,43.279819457296384,143.88958688529553,2.7397755313658845,14.283387020755756,56.34688283594209,0,2026-09-07 10:52:32
2026-09-07 00:52:00,CNC-03,H,299.60535625785377,312.79518674847765,2568.9444510902463,20.839780588410274,141.62044180686257,3.2572962472997102,10.151699102509935,51.653910583058746,0,2026-09-07 10:52:32
2026-09-06 23:14:00,CNC-01,L,298.723230538915,0.0,,19.219800050089624,159.71743532671917,3.7084436372708587,9.258463906404891,53.37728846982796,0,2026-09-07 10:52:32
2026-09-06 13:29:00,CNC-02,M,24.560004723859436,38.53271325148603,1304.329243932929,54.60785378772378,26.623721280894458,1.9284165702857956,13.154548488193434,52.751897514339184,0,2026-09-07 10:52:32
2026-09-06 12:11:00,CNC-01,L,296.9901092013454,311.70428987891097,1375.4710804610406,53.26067491036434,166.56678278161024,2.541170389639286,13.80393968763134,62.12311350134987,0,2026-09-07 10:52:32
2026-09-07 06:29:00,CNC-03,H,296.74366651871327,310.39396983858126,1866.965402683145,35.82721050550798,74.44749419688101,2.473000071441109,12.518640705522758,54.722673407101325,0,2026-09-07 10:52:32
2026-09-07 06:33:00,CNC-03,H,297.11576797633404,310.9253852285178,1819.9217201607837,38.28894494372899,79.98043814730262,2.4756391751330273,12.968463218620506,55.74919996728754,0,2026-09-07 10:52:32
2026-09-07 10:48:00,CNC-03,H,297.22593816715516,312.5886136903913,1479.8949390870137,52.75580732195081,242.5442205091541,3.0771137203748524,14.447081572754307,52.98093632888533,0,2026-09-07 10:52:32
2026-09-06 19:34:00,CNC-02,M,299.8911162527851,313.96173645235774,2292.0602423575165,28.889951923618792,115.28622606585083,3.0550028458232132,12.35950456888907,50.294969717581296,0,2026-09-07 10:52:32
2026-09-07 04:23:00,CNC-02,M,295.8438002970894,309.7888845200284,2228.6411623109543,26.991389203454553,208.00833444369596,3.581668517119643,11.43574650635035,60.17576874753137,0,2026-09-07 10:52:32
2026-09-06 19:02:00,CNC-03,H,306.06898352875095,313.4444291279881,2220.974026457144,28.564033826731013,10.220680855310208,2.8407510856953686,11.758330460314744,39.05585165376167,0,2026-09-07 10:52:32
2026-09-07 00:28:00,CNC-02,M,298.43271329395503,312.596901760418,2691.0787619888906,23.000324567398746,185.56677151296685,3.8316617752239868,11.818262963196437,58.172946126251276,0,2026-09-07 10:52:32
2026-09-06 16:40:00,CNC-02,M,299.44979925436263,313.85339147076564,1842.913316218663,39.55664538394332,103.5232811335548,2.552839186414013,13.367278158472827,48.94822961719259,0,2026-09-07 10:52:32
2026-09-06 20:04:00,CNC-03,H,300.53505884996946,312.8395137692772,2435.9021597829274,19.321404975987164,86.0882847349146,3.0396965766834794,8.632347140313346,48.40560194451574,0,2026-09-07 10:52:32
2026-09-06 15:02:00,CNC-02,M,298.57611236945144,5891.219236953278,1516.2823046661433,49.49202806274628,170.52901237633117,2.4781456133369115,14.093087221086028,49.37828560256555,0,2026-09-07 10:52:32
2026-09-06 14:03:00,CNC-01,L,297.71101168600416,311.985281723024,1488.838100366653,49.17423187001283,103.66524198813156,2.316317860280823,13.845240839126012,53.4485389302235,0,2026-09-07 10:52:32
2026-09-06 15:16:00,CNC-03,H,299.39342600925454,314.6631719835346,1733.9596717427082,46.656856896880626,195.75911835419603,2.933111268220493,14.87243332595516,55.791306830329894,0,2026-09-07 10:52:32
2026-09-07 05:11:00,CNC-02,M,295.94101723569804,309.96416643580955,2292.054102798544,30.314293302235154,41.43516756085055,2.869698706189151,12.913822222069259,60.69787011001446,0,2026-09-07 10:52:32
2026-09-06 14:56:00,CNC-01,L,298.40028269512624,313.79526478365773,1727.4809018759488,47.383682155824665,185.32509132792802,2.9738857739095494,15.557405131659047,54.3364223750642,0,2026-09-07 10:52:32
2026-09-06 23:15:00,CNC-02,M,299.1473355317407,312.01978233729994,2737.5662570414456,17.799388419135294,107.6962433798539,3.307521935042747,9.280259508701599,55.46096872016695,0,2026-09-07 10:52:32
2026-09-07 04:39:00,CNC-02,M,295.9840553436011,308.7973479863339,2397.5748885756443,24.933974742997865,1.2053300740239792,2.9995848815076593,11.209483807263537,56.67365343391109,0,2026-09-07 10:52:32
2026-09-07 03:42:00,CNC-01,L,296.7633843529572,309.6070745827224,2356.70898327209,23.157731459173622,27.883034233424926,2.981788832391896,10.00676475544166,,0,2026-09-07 10:52:32
2026-09-06 18:47:00,CNC-01,L,299.14299688248127,312.6216579606574,2096.1885491676126,29.34376629848858,86.90111716389794,2.7073761996765886,11.494801884300806,55.26803913802576,0,2026-09-07 10:52:32
2026-09-07 05:04:00,CNC-02,M,295.6143418390013,309.45954627510895,2199.3155778402484,29.479069565230553,32.512483169371414,2.7293396539055594,12.041823602112594,52.07956793839992,0,2026-09-07 10:52:32
2026-09-06 15:13:00,CNC-01,L,298.46091876741804,311.5431631255088,1550.7053033425132,39.57098806378284,6.100613902116351,2.1335300455992785,11.587997765131854,60.172961324737976,0,2026-09-07 10:52:32
2026-09-06 13:43:00,CNC-01,L,24.276223583165518,38.02552490740112,1346.1233481235317,49.073013471353256,72.57729551409346,1.9723042475475918,12.426673648062755,57.99827951098054,0,2026-09-07 10:52:32
2026-09-07 06:28:00,CNC-01,L,0.0,310.1288325224384,1871.9141792474688,42.97384748992587,31.049659795705406,2.488950420706303,15.134962472376088,58.8402034776569,0,2026-09-07 10:52:32
2026-09-06 19:47:00,CNC-02,M,299.58442872621106,314.00024351867563,2276.525756576179,30.9265769772136,131.06305349282584,3.1001446177674383,13.134119962453214,51.3826962791746,0,2026-09-07 10:52:32
2026-09-06 15:53:00,CNC-03,H,299.33750306059886,312.9422149541842,1705.587693411952,39.36973726567032,19.272911104027678,22.209792096764346,12.471396527363247,53.745684106496725,0,2026-09-07 10:52:32
2026-09-06 21:43:00,CNC-02,M,299.60685210344604,311.46989527242016,2583.1720484083357,16.757007560124276,7.836812678833695,3.1278722973322033,8.202317848411221,57.77303986020219,0,2026-09-07 10:52:32
2026-09-06 21:25:00,CNC-03,H,300.3183712291436,312.23795880448466,2604.402513813287,13.58056319072643,179.20559044577794,3.4486197500138944,6.610235551578231,46.47976783556379,0,2026-09-07 10:52:32
2026-09-07 05:33:00,CNC-03,H,297.2767651872945,310.5427964430157,2013.656210722105,32.02838339460848,0.0,2.6316156354838816,12.237871317695612,57.41946646373137,0,2026-09-07 10:52:32
2026-09-06 14:26:00,CNC-03,H,299.22206045336065,314.0946783662567,1591.5905310938695,47.875696542697646,119.18891608253418,2.372032417735285,14.388491853501236,51.315364982187724,0,2026-09-07 10:52:32
2026-09-07 05:03:00,CNC-03,H,297.52310952219983,311.34523784790804,2214.905449751499,27.721190401025503,201.03980620197467,3.415558698673118,11.218231088094951,52.77591613311517,0,2026-09-07 10:52:32
2026-09-06 17:04:00,CNC-03,H,300.0147322903484,314.3539611563144,1860.2670201074757,36.779098679064475,120.96214608811486,2.63568471216285,12.94801332235097,54.45647743292767,0,2026-09-07 10:52:32
2026-09-07 06:06:00,CNC-03,H,296.9709639828781,310.89916764694,2034.6526269440571,33.663822246361484,43.3116797638316,2.626865998023636,12.995139649662999,59.78537656124015,0,2026-09-07 10:52:32
2026-09-07 06:37:00,CNC-01,L,295.4200934473043,309.17990651027264,2007.0479047504507,33.21863140344362,43.23566706826129,2.69803522599005,12.600451583570738,62.53816060622829,0,2026-09-07 10:52:32
2026-09-06 21:38:00,CNC-03,H,299.9263975042294,313.81077070849955,2641.8220300928206,23.67313951357232,193.71909692123552,3.6283663778513873,11.620739000110278,48.33250838197677,0,2026-09-07 10:52:32
2026-09-06 13:08:00,CNC-01,L,24.145272478411528,37.75531382604976,1494.197941573848,46.048189816796594,17.363602016796474,2.180641362575477,12.963208345408363,53.87548617992666,0,2026-09-07 10:52:32
2026-09-06 13:03:00,CNC-03,H,25.044368251077856,40.48968877963449,1411.3195418027328,54.658127517076714,236.40990218868498,2.8544802462212275,14.175557777956044,53.524953247954045,0,2026-09-07 10:52:32
2026-09-07 08:35:00,CNC-03,H,296.7198623006898,311.2318239964506,1678.9574654590176,45.69452866569835,36.915305462899525,2.3730330734935463,14.37886389567188,53.42166431804166,0,2026-09-07 10:52:32
2026-09-07 08:23:00,CNC-01,L,300.8356435197531,310.0359760418475,1726.6266288572147,47.271354848928226,195.88812099752212,3.1353380158145754,15.306971964361997,47.536380576755064,0,2026-09-07 10:52:32
2026-09-07 02:48:00,CNC-02,M,296.7733189083848,309.2783524368151,2572.3638721422285,18.339770436900746,96.92236397006977,3.2601130087283137,8.689530877299429,56.507779652127724,0,2026-09-07 10:52:32
2026-09-06 13:42:00,CNC-03,H,25.46799959419951,39.822739927455814,1530.517914791076,46.60891187995262,50.35370818989416,2.1816437645004965,13.367805243013795,55.89436987747683,0,2026-09-07 10:52:32
2026-09-06 19:54:00,CNC-03,H,300.38571255763617,313.7382954469544,2327.35951600985,27.192235255182595,74.01882714907265,3.049566591035298,12.005452334177715,0.0,0,2026-09-07 10:52:32
2026-09-06 18:57:16,CNC-01,L,299.36326058309163,313.547307902434,2206.003644150708,30.94472064461471,99.57691003673798,2.9061274975559868,12.89632748324347,53.92829244899099,0,2026-09-07 10:52:32
2026-09-06 15:43:00,CNC-02,M,299.1458198412817,313.1427496364979,1613.7886041279005,44.57737685580885,20.653610115720557,2.234119653557372,13.307034894525069,53.108294242125645,0,2026-09-07 10:52:32
2026-09-06 15:18:00,CNC-02,M,298.79449150448863,314.3328127909856,1695.5048824274957,48.95949036431385,194.69123878399856,2.9266818124143423,15.196026764569199,53.94468193752467,0,2026-09-07 10:52:32
2026-09-06 22:11:00,CNC-03,H,300.2502873850275,313.3233793512384,2814.6291454038837,17.160565377990537,229.76233798184052,4.054847645414055,9.032424768180519,53.684361560739376,0,2026-09-07 10:52:32
2026-09-06 14:21:00,CNC-01,L,297.8137537361207,312.5246470723614,1519.7691170867215,50.043849430622075,131.69582255440267,2.490826371361684,14.240752902606374,53.33123382077851,0,2026-09-07 10:52:32
2026-09-07 04:18:00,CNC-01,L,296.2469925739235,308.7778975130844,2549.573072261918,19.486020616388554,71.10899238890882,30.90290332044516,9.153862399330531,58.292502655238124,0,2026-09-07 10:52:32
2026-09-07 00:19:00,CNC-01,L,298.5521540941982,310.4748701974525,2620.633685540712,16.863697463855708,31.958274635954382,2.9852242093078587,8.192452740562207,56.84268139302314,0,2026-09-07 10:52:32
2026-09-07 01:27:00,CNC-02,M,298.1565252010958,310.46155279199417,2584.3105059962227,18.060929089554396,7.450796862503731,3.0982670272527315,8.617317585778576,53.331302991374386,0,2026-09-07 10:52:32
2026-09-07 04:37:24,CNC-02,M,295.8267022300739,309.8928567624513,2269.4213045379,25.805999536353074,223.9896126241618,3.6530764449429185,10.894047788602716,58.20630610365179,0,2026-09-07 10:52:32
2026-09-07 04:21:00,CNC-02,M,295.7897508373074,309.9814315730546,2356.0954569229566,26.219018562483384,205.56446651469903,3.581282034954231,11.55715712934235,57.34465168860975,0,2026-09-07 10:52:32
2026-09-07 10:22:00,CNC-01,L,294.9615005036201,309.98800614645467,1385.8404895673382,54.29878580793756,180.16058547649726,2.6401255625889366,14.351441211327868,61.63979383486921,0,2026-09-07 10:52:32
2026-09-06 18:36:00,CNC-01,L,299.4141390702407,313.5806902172081,2130.9479230578527,34.108649216701565,72.83828517289456,2.718935812669266,13.440424254518744,51.690780467785295,0,2026-09-07 10:52:32
2026-09-06 23:28:00,CNC-03,H,299.74430769575065,310.81922970221456,2758.5187844195,10.54496914274985,52.18266174067482,3.3364024717497864,5.188535581603201,48.612394105922725,1,2026-09-07 10:52:32
2026-09-07 02:35:00,CNC-03,H,298.48940769638745,310.2518605545223,2549.4678848300023,16.625836606325084,25.4812907772319,3.094447840954984,7.778933824492082,56.971349088709594,0,2026-09-07 10:52:32
2026-09-06 21:45:00,CNC-01,L,299.46586521117064,311.6441904467071,2784.6282589569096,16.63685976957301,63.251139301937464,3.3868900397895634,8.734381877352927,53.930813045565245,0,2026-09-07 10:52:32
2026-09-06 19:28:00,CNC-01,L,299.3298984151274,313.06121084559794,2198.151929573961,29.61482709476023,138.60138431568922,3.0495355624506364,12.152199466604355,55.30622290846881,0,2026-09-07 10:52:32
2026-09-07 05:15:00,CNC-02,M,295.69605221018253,309.88874071518154,2054.504519632074,33.66134907676001,46.478954312380246,2.695014834020251,12.854249977750383,61.15505756411717,0,2026-09-07 10:52:32
2026-09-07 04:12:00,CNC-02,M,296.1829068201029,310.4091018103586,2295.602635419021,27.90167754768095,194.4663022768281,3.348872291596085,12.085068645312406,60.905257005060456,0,2026-09-07 10:52:32
2026-09-06 18:13:00,CNC-01,L,299.1896365826161,313.34963012178395,2031.8050889166216,35.9559221207617,42.72387349990766,2.620781277243993,13.762431403713515,51.82032037877422,0,2026-09-07 10:52:32
2026-09-06 11:33:00,CNC-03,H,296.738598185398,310.80391033019976,1323.4085277662032,50.37297422297946,93.51091317535169,2.0690524217112976,12.34691730814466,60.25933168848813,0,2026-09-07 10:52:32
2026-09-06 22:18:00,CNC-02,M,299.44564787132794,310.90813836914145,2594.9962457825395,13.708790730478356,46.10287838495743,3.22235296659517,6.777965047632392,51.25662042073644,0,2026-09-07 10:52:32
2026-09-07 02:37:00,CNC-02,M,297.16419987759195,309.572996436118,2564.6840209155666,17.410241955219895,84.535314188964,3.1721054018085075,8.324915375275669,56.28704230621795,0,2026-09-07 10:52:32
2026-09-06 23:43:00,CNC-03,H,299.80235149760193,312.3309676065367,2800.8611711306785,18.351592249001598,68.17791556765583,3.414867812047847,,49.953183546735964,0,2026-09-07 10:52:32
2026-09-06 15:08:00,CNC-03,H,299.2833109639994,314.20760640805275,1584.1896264030916,47.86643201925048,183.50244066877502,2.7010556663342538,14.240211554085423,50.45515019892137,0,2026-09-07 10:52:32
2026-09-07 04:48:00,CNC-01,L,296.21495667927934,309.3552645490887,2197.113084055518,26.621213924648444,108.12089154029786,2.887185686031505,10.905968804007536,58.66140228430435,0,2026-09-07 10:52:32
2026-09-07 03:45:00,CNC-02,M,296.4391269298759,310.0717332667066,2597.247864431706,21.42813950816543,162.43705760627617,3.519353245581225,10.416621506739125,59.68891965733738,0,2026-09-07 10:52:32
2026-09-07 08:00:00,CNC-03,H,296.7086755686187,311.8212291596862,1745.1068469730849,45.57727391713362,203.37442732088311,2.9096047175394824,15.012757136809432,62.195833330467565,0,2026-09-07 10:52:32
2026-09-07 08:22:00,CNC-02,M,295.483404049461,310.13133262926704,1651.772279449326,45.8845117111729,74.79328895426747,2.281845072760971,14.378021519259216,53.79195025685453,0,2026-09-07 10:52:32
2026-09-07 10:05:00,CNC-01,L,294.7712208733566,308.68396013614495,1426.3994966845858,46.277007225837096,153.47876311514904,2.4099836691711563,0.0,56.58831125221066,0,2026-09-07 10:52:32
2026-09-06 13:32:00,CNC-01,L,24.362162130827983,38.62267669171149,1492.4864654614971,48.71978155525944,55.33430812301551,2.1494511568963097,13.647214734256032,1347.7732314128734,0,2026-09-07 10:52:32
2026-09-06 19:43:00,CNC-01,L,299.55334663779746,313.73125228195846,2434.8354662208067,27.09744703416275,156.765154012796,3.3967998636030257,12.247956904749229,53.21173660645738,0,2026-09-07 10:52:32
2026-09-06 17:15:00,CNC-03,H,299.9461569436436,314.34457785847707,1833.7164698372403,39.81208033411608,136.3754057295637,2.647943435198751,13.823682750081064,48.12848445276951,0,2026-09-07 10:52:32
2026-09-07 09:55:00,CNC-02,M,295.1952244112598,311.25709204758255,1588.4102305583463,462.53108896563555,216.4990968511203,3.0490570833294313,15.860017609148189,63.594897955906255,0,2026-09-07 10:52:32
2026-09-06 14:40:00,CNC-03,H,299.1946668678452,313.8384368901123,1458.3264715190285,51.91053185555159,140.67051631425068,2.228387984409641,14.015918067616205,50.20737431407654,0,2026-09-07 10:52:32
2026-09-06 18:12:00,CNC-03,H,300.49610836225304,315.0390304954062,2054.452557244892,33.95069275565662,213.6449332538585,3.335412501937027,12.933647982293586,50.3802119977007,0,2026-09-07 10:52:32
2026-09-07 04:28:00,CNC-02,M,295.8496763988633,310.24350013460776,2300.4839369895267,28.760756345681763,214.10324477429455,3.5874757881863872,12.647123762374306,58.62978490821138,0,2026-09-07 10:52:32
2026-09-06 13:58:00,CNC-03,H,298.6204737078475,312.600441113803,1460.9523032093207,,75.55654896645106,2.159208769625067,13.021819393476276,52.721677696313435,0,2026-09-07 10:52:32
2026-09-07 04:29:00,CNC-03,H,297.7103965299006,311.2825736931769,2273.4288970320044,25.323956094582268,158.88468475640724,3.139148060544221,10.693268760672474,58.81193288519496,0,2026-09-07 10:52:32
2026-09-07 10:34:00,CNC-02,M,295.32599991542264,309.16934179481075,1388.120527859626,47.11739818069731,37.843544528185475,2.0745089354652735,12.268761286780189,63.746808907336714,0,2026-09-07 10:52:32
2026-09-06 11:10:00,CNC-02,M,296.67437244368955,311.24830638500896,1422.8763435415358,51.09240810194252,47.826950223458525,2.06406267994716,13.500815645538513,57.666312690858426,0,2026-09-07 10:52:32
2026-09-07 07:56:00,CNC-03,H,296.7698164976724,311.3118844691707,1537.4804445439893,45.957083945460994,197.45555962231543,2.643986401370694,12.892016242166404,54.497946883773906,0,2026-09-07 10:52:32
2026-09-07 02:06:00,CNC-02,M,297.5006733726968,310.2303434441783,2585.211798651237,20.174480347541586,49.80591460577884,3.0717774187719464,9.738997302350942,55.58269286008171,0,2026-09-07 10:52:32
2026-09-07 05:47:00,CNC-02,M,295.53746500527365,310.40645240754554,2057.053810017232,37.116859852902074,88.26741936509623,2.6769645313701926,14.237216239227013,62.07705334058439,0,2026-09-07 10:52:32
2026-09-06 20:00:00,CNC-03,H,300.4834091164938,313.8592899065682,2377.354199598542,26.531115572365735,,2.972255419864687,11.916415392289954,46.86165145945502,0,2026-09-07 10:52:32
2026-09-06 12:00:00,CNC-02,M,296.8179396798364,311.1906132651257,1439.0254327080484,49.71519167365268,127.06939219650637,2.235842776939601,13.493632849069122,56.68340573815983,0,2026-09-07 10:52:32
2026-09-06 20:41:00,CNC-03,H,27.26461928889688,40.915053320696586,2504.5887907250913,24.827066617611358,,3.2092987791896808,11.835224530470919,46.129846995161955,0,2026-09-07 10:52:32
2026-09-06 23:36:00,CNC-02,M,298.6101063983665,310.2999243936628,2769.597647113238,11.325181465309877,130.14909868615618,3.381063764758549,5.92632947252929,53.49681279596115,1,2026-09-07 10:52:32
2026-09-06 19:38:40,CNC-03,H,300.5232374397003,313.8823739125935,2140.7568336382756,28.671916612137686,54.818776209249464,2.824505221212687,11.472367912777477,48.141586594656964,0,2026-09-07 10:52:32
2026-09-07 10:27:00,CNC-03,H,296.8279846877842,311.1661811033828,1411.3170211378492,49.60189449837789,209.44876530408507,2.615119517815416,13.223197954110962,54.856742260548856,0,2026-09-07 10:52:32
2026-09-07 06:24:00,CNC-02,M,295.8902425258765,310.82134781556914,2051.328074679014,36.579143496875496,137.34448955216573,2.8399951256794806,14.065623699930978,64.58063318445389,0,2026-09-07 10:52:32
2026-09-07 02:00:00,CNC-02,M,297.48233838730874,309.65045561119877,2676.14907897444,17.183731716209266,43.12231887279572,3.290653935743087,8.538046412924524,56.89526015950111,0,2026-09-07 10:52:32
2026-09-07 03:24:00,CNC-02,M,296.37989398354097,310.96641150771273,2261.8985285376275,30.735920997210286,137.92675865662497,3.103229758601427,13.15290896508356,51.45839247031,0,2026-09-07 10:52:32
2026-09-06 11:45:00,CNC-03,H,296.9971906027267,311.01589260736796,1316.305245793965,52.92885173271698,112.55893944300104,2.0068637087775727,13.18148817873284,54.48549618717792,0,2026-09-07 10:52:32
2026-09-06 12:08:00,CNC-03,H,297.41070677499937,311.7522673922096,1349.1254283595877,52.056052407260225,149.07294371138192,2.1299843761153614,13.31514408033721,54.985539216964824,0,2026-09-07 10:52:32
2026-09-07 08:45:00,CNC-01,L,294.98336920708215,308.9180308166451,1624.3398687805661,44.827583475273016,29.99963397019651,2.1701308518442013,13.564335540652296,60.2476288911123,0,2026-09-07 10:52:32
2026-09-06 12:23:00,CNC-03,H,297.17487249791793,312.17564501397555,1433.6282651330978,53.39527942760313,172.96285968974883,2.416576229934403,14.204830155761519,53.986434360881056,0,2026-09-07 10:52:32
2026-09-07 03:22:00,CNC-03,H,297.9810451402091,311.01665367386283,2563.4636904615127,22.164064236252774,78.88435280593083,3.159040815496945,10.813910703654061,47.21482217243284,0,2026-09-07 10:52:32
2026-09-07 03:40:00,CNC-03,H,297.91942980593,310.470075604248,2389.5095145223677,21.62456860436899,99.66975228162573,3.0481104392235996,9.851096046103082,54.09807256764112,0,2026-09-07 10:52:32
2026-09-06 13:18:00,CNC-03,H,24.899233955790237,38.754160425037185,1335.4829193394996,51.86425757439209,12.71693843458357,2.004728014326957,13.207274576699353,53.136394908476035,0,2026-09-07 10:52:32
2026-09-06 22:22:00,CNC-01,L,,311.84001766058054,2489.075622721456,20.807081802426275,103.92658134248792,3.25083284681329,9.679183436408149,50.37727625559107,0,2026-09-07 10:52:32
2026-09-07 10:46:00,CNC-03,H,297.0833250334012,312.2083769517028,1420.0943672029853,54.28527112354813,239.41759454344123,3.100204197280689,14.603267090677631,56.08741853112689,0,2026-09-07 10:52:32
2026-09-06 12:26:00,CNC-01,L,296.8891238529648,311.7563294534788,1358.4549920401178,53.984780016694074,190.4979331368859,2.745160361922411,13.730766578915995,54.29763693459711,0,2026-09-07 10:52:32
2026-09-06 14:50:00,CNC-02,M,298.372957455451,313.01081635942495,1623.901354169043,46.92011923333594,152.11011208732518,2.543702310914883,14.080340915774235,51.90020345723069,0,2026-09-07 10:52:32
2026-09-07 04:10:00,CNC-02,M,295.85284007112665,310.06975862222725,2334.2845813172357,27.552721098933866,192.0507309336987,3.491796672934215,11.966069536990982,58.383013042660664,0,2026-09-07 10:52:32
2026-09-06 18:40:00,CNC-01,L,299.58242870400557,313.5236997693272,2183.3986246342206,30.384473446848027,77.95652031456514,2.8358216108524634,12.511734265041008,52.896215840047326,0,2026-09-07 10:52:32
2026-09-06 23:32:00,CNC-02,M,298.9520775870278,311.75690602966887,2705.8894986613936,17.91526533217658,125.9097226096951,3.3734058605569475,9.029441661428002,48.96860289942167,0,2026-09-07 10:52:32
2026-09-06 14:48:00,CNC-03,H,299.27938603791847,313.99165576315994,1628.0999901390985,44.87956180400666,152.9544861632151,2.47303141429496,13.649025179988355,54.718236843014196,0,2026-09-07 10:52:32
2026-09-07 03:15:00,CNC-03,H,298.14307165009456,310.36423275657415,2476.3469080015084,19.38623729053559,70.79921172375711,2.9176333183656182,9.420212265996671,53.11983780219641,0,2026-09-07 10:52:32
2026-09-06 22:42:00,CNC-03,H,300.07350963065113,312.3215594947681,2733.4625391561804,18.674605698885074,3.2101705509620544,32.4174238856173,9.881031643164865,49.6733810910462,0,2026-09-07 10:52:32
2026-09-06 11:00:00,CNC-01,L,296.4243922729329,310.0771742888546,1332.3503574718816,49.9116701839972,54.251346752722874,2.0603946797015547,12.166508619353577,55.41137983404097,0,2026-09-07 10:52:32
2026-09-07 05:28:00,CNC-03,H,297.2686201534757,311.4485852345601,2040.3669005362988,32.869932727338195,233.31568188487773,3.53061244220995,12.525077913877606,58.79929409491445,0,2026-09-07 10:52:32
2026-09-07 04:09:00,CNC-03,H,297.718446812522,311.8553987768241,2319.6845940573476,28.145156339251596,134.3987730724039,3.1170586960319,12.229196145930697,54.69820505745452,0,2026-09-07 10:52:32
2026-09-06 13:09:00,CNC-01,L,24.162313157824997,37.75191715118581,1350.1983149204327,48.82201868996157,18.93410388617569,2.0624314622600277,12.337296738820864,51.375142270698646,0,2026-09-07 10:52:32
2026-09-07 08:04:00,CNC-02,M,295.0659457146824,309.95342043133604,1776.2012958249736,43.7082732034407,48.19879282371361,2.332120688453611,14.39876585837462,60.64570872415545,0,2026-09-07 10:52:32
2026-09-07 05:32:00,CNC-01,L,295.46258567497165,310.50062866963526,2159.847201010836,35.31216413049922,164.36367500102094,3.1198261134096743,14.0018172068488,60.304675040967126,0,2026-09-07 10:52:32
2026-09-06 13:11:28,CNC-02,M,24.425851955427333,39.41253018551646,1502.333878860865,51.25039337890366,239.5854656863579,3.2961889467737024,14.274760411857624,55.38992487910013,1,2026-09-07 10:52:32
2026-09-07 07:26:00,CNC-02,M,295.769706565628,,1720.4409496161038,42.03681945688395,223.91662039707793,3.307395893827734,13.56392732304102,59.27092155005354,0,2026-09-07 10:52:32
2026-09-06 18:58:00,CNC-02,M,299.9083364289497,312.83045909724103,2300.580381466657,24.04954169180828,70.42187914691213,2.8773270545485468,10.254754552818557,53.6177471817755,0,2026-09-07 10:52:32
2026-09-06 20:08:00,CNC-01,L,26.27008893083314,40.276882467931216,2293.644321985585,27.899564350463784,186.75744991461622,3.47113535619665,11.967918319234855,52.82628316644643,0,2026-09-07 10:52:32
2026-09-06 12:17:00,CNC-01,L,297.0525463735244,311.61472707439077,1377.7391205630402,52.85274702966216,176.11773514886985,2.545742118582551,13.893026173425598,57.55845210421059,0,2026-09-07 10:52:32
2026-09-06 22:53:00,CNC-02,M,299.4316504283005,312.1153927351704,2698.8552110504183,17.69822349418929,84.29708083585011,3.379468280489974,8.742641949687615,50.758812949617706,0,2026-09-07 10:52:32
2026-09-06 17:54:00,CNC-01,L,299.3085573604072,312.92585054977394,1911.8253280042293,35.17321355150585,17.488001001662944,2.416759021086879,12.549329441330011,52.908658677880375,0,2026-09-07 10:52:32
2026-09-06 13:30:00,CNC-01,L,24.262708395201003,38.394879897045826,1477.87183079033,51.00956350323249,52.22853903835105,2.109897384910069,14.213828306773669,53.564704367447185,0,2026-09-07 10:52:32
2026-09-07 01:24:00,CNC-02,M,297.8753695436393,310.17356151699545,2726.2797041648505,17.531744893676354,4.256212088113601,3.2502637913657506,8.771745365156992,56.937965106394984,0,2026-09-07 10:52:32
2026-09-06 14:16:37,CNC-02,M,297.98757198339075,0.0,1493.9140383822635,49.70974178959893,100.03312543067088,2.1908244436910933,13.64396688052545,53.898676876839,0,2026-09-07 10:52:32
2026-09-07 02:10:00,CNC-01,L,297.2604500350446,310.6542442924742,2708.60494867881,22.090847061857463,151.63180049344712,3.595480627109585,10.874661567966088,57.24578192192377,0,2026-09-07 10:52:32
2026-09-07 06:09:00,CNC-03,H,297.116443227075,311.51389004897396,1938.2437801821102,38.76162028268671,47.36896434219955,2.623333496397238,13.670116624421855,56.8308857180053,0,2026-09-07 10:52:32
2026-09-07 08:02:00,CNC-02,M,295.195470606378,309.2731968400558,1544.4180751400197,44.8072520547822,45.27758133441796,2.142776699404728,12.682750476468533,62.275985750759205,0,2026-09-07 10:52:32
2026-09-06 11:32:00,CNC-03,H,296.9518945363431,310.7286598951471,1429.2591060277437,46.44635216681273,91.9109131753517,20.394870241648416,12.328740330126104,57.31333368282189,0,2026-09-07 10:52:32
2026-09-06 23:25:00,CNC-03,H,299.9514712726048,312.275412962055,2633.2971404722784,18.304043642064137,49.01863291328905,3.2458121298991043,8.871269243193302,54.135941156131295,0,2026-09-07 10:52:32
2026-09-06 20:40:00,CNC-01,L,26.42528133539048,40.29164643971296,2634.6971244700185,23.536776848962518,224.23454761026568,4.201775630665048,11.724469156213637,55.5101461063715,0,2026-09-07 10:52:32
2026-09-07 09:59:00,CNC-01,L,294.74025797373696,309.0424923970619,1385.209872678245,50.02510371467556,144.12877356262953,2.3143968269793196,12.895112219013273,63.547596361187225,0,2026-09-07 10:52:32
2026-09-07 02:53:00,CNC-01,L,297.17160425976635,311.30970867867666,2585.1427135074296,23.616086579442676,199.40148732820182,3.8272069853942305,11.438266475048597,56.78016263411242,0,2026-09-07 10:52:32
2026-09-07 10:11:00,CNC-02,M,295.37341036731357,308.84456760843057,1449.7553165669583,42.9395567770713,1.5253589253467061,2.1131664062265227,11.774615708940406,61.379834141523006,0,2026-09-07 10:52:32
2026-09-07 01:45:00,CNC-01,L,297.5615006429585,309.73300716783854,2684.8675987431093,16.474158042865007,124.40192468216534,3.350420811596498,8.342820555182211,52.6680541245741,0,2026-09-07 10:52:32
2026-09-06 11:07:00,CNC-03,H,296.9055326167988,310.7953638489456,1364.6530633654897,50.67137648266583,52.233367910858284,2.0666436134035573,13.004826783062128,57.072409680899796,0,2026-09-07 10:52:32
2026-09-06 21:29:00,CNC-02,M,299.4933521687121,314.3639938955549,2610.6648960329812,25.68571263322792,249.15336880097018,4.300549525539259,12.721050290791558,49.40824653546188,0,2026-09-07 10:52:32
2026-09-06 20:02:00,CNC-01,L,299.68677363133304,313.86493781084135,2583.7938584552676,25.219956052225932,179.68537067770401,3.769828841562702,12.315764158033529,57.12452011178274,0,2026-09-07 10:52:32
2026-09-06 18:04:00,CNC-01,L,299.38062741496697,312.7657326491321,2092.8033875911124,30.76534175544804,30.843949322173373,2.6067314984103347,12.11831251628364,55.83654396585002,0,2026-09-07 10:52:32
2026-09-06 21:57:00,CNC-02,M,299.5633440185723,311.9768475366229,,16.786518470931213,23.12753993120761,3.1649121046389372,8.36316927985487,51.02784544043271,0,2026-09-07 10:52:32
2026-09-06 15:43:00,CNC-01,L,298.7639191831956,312.38910181411626,1606.8491428638513,42.100683574452376,51.08614958574358,2.293616559348984,12.846869851322733,54.04757610313827,0,2026-09-07 10:52:32
2026-09-07 10:51:00,CNC-03,H,297.33161712871,312.3856242915515,1372.375345233958,53.43675518445838,247.33491141652524,3.081966429216843,13.227676211449083,53.334045431942,1,2026-09-07 10:52:32
2026-09-07 04:10:00,CNC-03,H,297.7831908361925,311.15052719496435,2433.751613422282,24.86718209225798,135.58802132681512,3.1520144873970906,11.159858766574237,52.617002005258946,0,2026-09-07 10:52:32
2026-09-06 15:17:00,CNC-03,H,299.20194639645433,314.2821845517798,1619.0742703796368,47.21903318295034,197.2577955745305,2.72747981077423,14.096398194953137,53.177544189574434,0,2026-09-07 10:52:32
2026-09-07 05:55:00,CNC-01,L,295.5570483508914,310.4976383389797,2023.202904454026,37.17029101265939,194.59669844640473,3.3089323992363204,14.124995508095461,59.24477514595389,0,2026-09-07 10:52:32
2026-09-06 18:42:00,CNC-02,M,299.69012713987615,313.0406298535382,2297.3622413778185,25.908779921928726,50.446552167470145,28.533422988958122,10.801128782027842,55.31848183322772,0,2026-09-07 10:52:32
2026-09-06 11:34:00,CNC-01,L,296.59565735956176,310.8370459045774,1344.5447209332294,53.348700990882165,108.06646263217911,2.194678788104332,13.195745906714825,56.66779649012658,0,2026-09-07 10:52:32
2026-09-07 08:29:00,CNC-02,M,294.87524115640645,309.2209339210696,1739.383381454248,40.93441361360767,84.9959306525157,2.406883747697043,13.660428685658859,63.91769577417867,0,2026-09-07 10:52:32
2026-09-06 11:59:00,CNC-01,L,296.59913884100246,311.04285557837545,1338.6893359536434,53.850930283497746,147.52196443687646,2.3049989506946154,13.379714547124927,57.754022873345164,0,2026-09-07 10:52:32
2026-09-07 09:34:00,CNC-01,L,294.5237714347495,309.2010752336989,1419.6331301453367,53.951243496707214,105.25143952152109,22.736174412978897,14.432177947637987,62.2644148261582,0,2026-09-07 10:52:32
2026-09-06 13:37:00,CNC-02,M,24.480285415407195,38.649186806073146,1398.707161259748,51.02509280729894,39.23380512521733,1.9675992519127825,13.624379394782428,54.84357559902301,0,2026-09-07 10:52:32
2026-09-07 10:43:00,CNC-02,M,295.31026198867187,309.46827804825443,1462.74850092656,46.91595661400467,51.93821902250674,2.2000822469233507,12.733386178712106,64.39896072362666,0,2026-09-07 10:52:32
2026-09-07 03:39:00,CNC-02,M,296.53132672557786,310.92801260563107,2433.3187536166915,27.622763557593334,155.42182975248986,3.2273679317897876,12.652788170581367,59.093821534535785,0,2026-09-07 10:52:32
2026-09-07 08:08:00,CNC-02,M,295.17381244148527,309.6253321977573,1784.2501916420902,40.671857286199085,54.03450108043656,2.3256352392119823,13.684770748047557,59.21181721759715,0,2026-09-07 10:52:32
2026-09-07 07:34:00,CNC-02,M,295.58460814125516,309.23128751783304,1752.1034587928764,36.724323437791384,4.32523699684955,2.4815466663347734,11.973702686296239,60.121574547928624,0,2026-09-07 10:52:32
2026-09-06 19:09:00,CNC-03,H,300.93259942887227,314.70453761299837,2238.196760744165,30.97467782661459,19.0174358274591,2.836994323280324,12.945391497291764,49.68380586931069,0,2026-09-07 10:52:32
2026-09-07 03:55:00,CNC-02,M,296.4283266783472,311.0792699838243,2484.0736787426545,26.47708564067061,174.20487611514724,3.4183732481935185,12.436031672195528,60.94531170252982,0,2026-09-07 10:52:32
2026-09-07 05:01:00,CNC-03,H,297.33312408405493,312.55318102185527,2240.2024104479233,34.260749651354544,198.55252368899102,3.2962986332341275,14.297216575083796,55.18258596364308,0,2026-09-07 10:52:32
2026-09-06 12:55:00,CNC-01,L,24.02128532103046,38.989435129654964,1426.3339172077867,54.223513314101446,236.69415705971554,3.44875709827061,14.680909035666902,54.563229857090036,1,2026-09-07 10:52:32
2026-09-06 18:02:00,CNC-01,L,299.44482784138864,312.48008487967763,1971.7946150415917,30.37160425503433,28.178947531893723,2.7386418125959087,10.877025790789329,52.41260139782875,0,2026-09-07 10:52:32
2026-09-06 14:41:00,CNC-01,L,297.9235123341723,312.4971721304657,1426.6484864321333,49.79608653362474,162.47481929484567,2.4840074125152545,0.0,53.988108045053366,0,2026-09-07 10:52:32
2026-09-07 05:36:00,CNC-03,H,297.23940377446587,310.58068475343316,2197.2895515175264,28.296225515570555,3.8624852352677284,2.7586559114974394,11.668299731799054,57.515290298045684,0,2026-09-07 10:52:32
2026-09-07 07:01:00,CNC-03,H,296.7602371027488,311.33162051883966,1777.8503208780107,42.323092757775385,2137.3979802562985,2.456793274302758,13.795807799905337,55.752566383442286,0,2026-09-07 10:52:32
2026-09-06 17:53:00,CNC-02,M,299.3542589147437,314.7569124140718,2126.5957453139067,38.898433999632346,204.45651089466622,3.374503032459734,15.470485306099832,52.59309710680154,0,2026-09-07 10:52:32
2026-09-06 10:59:00,CNC-02,M,296.52166356036145,,1398.7575437910693,45.58762746048374,30.54389459646315,2.025162937033838,11.799161478302496,59.275845290197985,0,2026-09-07 10:52:32
2026-09-06 18:02:00,CNC-03,H,300.62552880827616,315.568199496608,1963.1704600358853,38.51790218797536,200.33853050508057,3.034215499765359,14.33215726722228,46.41643237267366,0,2026-09-07 10:52:32
2026-09-07 06:07:00,CNC-03,H,297.29618864832105,311.04011594255286,1976.4690801011686,33.784131724698874,44.67875681533338,2.5687420574295303,12.342791475607763,54.7212893421398,0,2026-09-07 10:52:32
2026-09-07 02:29:00,CNC-03,H,298.39084545621455,310.48789240633533,2487.019942131583,18.583853700827916,18.803636016967737,2.9925025083932524,8.667957395290191,51.11503389601823,0,2026-09-07 10:52:32
2026-09-06 13:02:00,CNC-03,H,24.559831843568304,39.27235729912434,1394.7693191927215,51.425484409134164,234.81517911439494,2.9170017294834563,13.481953033499964,50.45278713756314,0,2026-09-07 10:52:32
2026-09-06 22:20:00,CNC-01,L,299.02468927502144,310.83680655299287,2678.285196283377,14.318323570730964,101.67428559932635,3.3191204509935504,7.299271564909341,53.7623490369628,0,2026-09-07 10:52:32
2026-09-06 22:15:00,CNC-02,M,299.34942436254767,311.6203737317678,2677.711399732097,17.472808017847495,42.803126807288876,3.20042092854537,8.664144497169158,49.434668190148926,0,2026-09-07 10:52:32
2026-09-07 06:20:00,CNC-02,M,295.5757998540323,309.91532587291755,1964.2361227226866,34.15140583850775,131.91339676677904,2.774795896480472,12.63229669373539,64.87339189481605,0,2026-09-07 10:52:32
2026-09-07 02:40:00,CNC-01,L,297.07020730115926,309.60708941387213,2489.4036734696588,18.683234200807586,184.91431726016876,3.7147478305337045,8.50600593920881,56.88001788865575,0,2026-09-07 10:52:32
2026-09-07 02:16:00,CNC-03,H,298.67012062358924,310.11828092544044,2601.1594709217775,15.016606056987147,4.33969332568855,2.9574112658152383,7.249966085167308,52.22785141358792,0,2026-09-07 10:52:32
2026-09-07 05:43:00,CNC-02,M,295.5106441739537,309.4812756765573,2007.381545947155,32.690727194242996,82.89496341957003,2.643792866278876,12.244191257217981,55.442522096345755,0,2026-09-07 10:52:32
2026-09-07 06:58:00,CNC-01,L,295.4357815964813,309.71335075969,1833.2963805433726,39.158222585938745,72.66707221121679,2.5332368399476897,13.464652372493276,61.31497593976378,0,2026-09-07 10:52:32
2026-09-07 07:14:00,CNC-03,H,296.6548189376333,311.0161702906716,1784.5733754052717,40.37602347410067,136.7755929184146,2.513475867009909,13.358433761171677,57.30696425900227,0,2026-09-07 10:52:32
2026-09-07 03:27:00,CNC-03,H,297.85540145099367,310.0710922977837,2567.601577350408,18.622625794288815,84.53279154062056,3.1649798509813047,8.614787526971087,55.56651562837349,0,2026-09-07 10:52:32
2026-09-07 01:05:00,CNC-02,M,298.0110203147247,310.4443673089659,2833.2552876749805,13.232600707717596,224.67584356210352,4.261623387620468,6.702047212927407,52.6931657380079,0,2026-09-07 10:52:32
2026-09-07 03:11:01,CNC-01,L,296.58595450857325,310.5494139655891,2398.706452216747,25.519697506063913,219.87240243332627,4.009070599654978,11.52028537204173,56.41189017656081,0,2026-09-07 10:52:32
2026-09-06 13:21:00,CNC-01,L,24.376310058324748,38.22633312609554,1330.7545671727898,50.377986200108445,37.937330071646706,1.9410947888418046,12.750475800365324,54.51405370189084,0,2026-09-07 10:52:32
2026-09-06 16:59:00,CNC-02,M,,314.10217132916546,1872.2892198605484,40.24446973515817,130.50617271435834,2.737213268597179,13.9980699667551,55.73041001082316,0,2026-09-07 10:52:32
2026-09-07 09:35:00,CNC-01,L,294.5605629128214,308.39440399340214,1410.651945827237,48.33319240330315,106.78936760370776,2.207545080549758,12.711689393554318,63.0871033229926,0,2026-09-07 10:52:32
2026-09-06 20:03:00,CNC-03,H,300.110748035003,313.2017933593687,2328.0417251398044,25.3947721491274,84.93600948866153,2.868267240032327,11.092495390448232,50.7028926448608,0,2026-09-07 10:52:32
2026-09-07 03:30:00,CNC-01,L,296.5889984465314,309.24867902696013,2497.132439019726,22.444632298012063,13.790132759363521,29.43759059724581,10.595763945621437,53.879669450979904,0,2026-09-07 10:52:32
2026-09-06 11:59:00,CNC-03,H,297.436515540159,311.99025569991943,1487.0447126251954,50.01436104285747,134.8062646932338,2.2298346036531154,13.798271684502062,54.17270670959664,0,2026-09-07 10:52:32
2026-09-06 12:53:00,CNC-01,L,23.90094895193812,38.84573444568747,1361.2967367447723,55.55485786761108,233.50611895418044,3.1524378957172186,14.213532425464512,56.2988940436069,1,2026-09-07 10:52:32
2026-09-06 16:38:00,CNC-02,M,299.38403664598843,313.68392620931036,1811.525844916378,39.168012718416236,100.68993546691438,2.510802461759599,13.242645344173225,50.05094645623828,0,2026-09-07 10:52:32
2026-09-06 17:09:00,CNC-01,L,299.17384324104574,313.9773878345856,1833.3738018691809,41.74425460305316,174.41228980018687,2.8774443528176383,14.172254559427007,57.94925076413013,0,2026-09-07 10:52:32
2026-09-06 19:42:00,CNC-01,L,299.5745781771839,313.58479066123886,2397.012609109079,28.92756184195455,155.57293884817292,3.310475999402193,12.75538362963798,50.209992040507096,0,2026-09-07 10:52:32
2026-09-06 11:12:00,CNC-03,H,296.6975317704124,310.58534541669184,1290.3482151106703,50.845782527040605,60.18506022993943,1.9229236134643921,12.50657532535931,53.09361104318024,0,2026-09-07 10:52:32
2026-09-07 00:08:00,CNC-01,L,298.2629672267565,309.65920812051087,2652.6731907296275,13.19136260488686,20.282877062997265,3.217099040751062,6.655437947036464,56.77997204537639,0,2026-09-07 10:52:32
2026-09-06 20:54:00,CNC-03,H,27.494744021536007,40.56795680411926,2621.4722191415267,19.80834914737259,144.40024194266638,3.319421357337232,9.78467709452598,51.6312353610511,0,2026-09-07 10:52:32
2026-09-06 23:58:00,CNC-02,M,298.7834115044068,311.84208504642237,2797.4720132471825,17.58089716160155,153.4274799764174,3.6494969700977546,9.211980667481185,56.94659221613089,0,2026-09-07 10:52:32
2026-09-06 14:14:00,CNC-03,H,299.00355008966216,314.0824982207104,1611.580764839704,48.938127008255734,100.63791325604112,2.36381882955275,14.885972661538274,55.58643040043086,0,2026-09-07 10:52:32
2026-09-07 05:21:00,CNC-01,L,295.7015842304431,310.10777046692397,2003.0124600914169,34.63512167934801,150.08736938014988,2.8097603145414127,13.129997922449945,61.88714302409636,0,2026-09-07 10:52:32
2026-09-06 14:30:00,CNC-03,H,298.8723812716609,313.9153374091755,1612.9901754802775,48.56215643758397,125.2161283615327,2.2983439291991745,14.464348083326106,51.37781881519727,0,2026-09-07 10:52:32
2026-09-06 15:12:00,CNC-01,L,298.4446056475408,311.7541494543555,1472.516143880087,43.191379293490655,4.577713011426144,2.2715108726678537,11.732308441575345,54.195007908654034,0,2026-09-07 10:52:32
2026-09-06 20:24:00,CNC-02,M,32.24090173839642,40.50767516343558,2321.7176864193234,27.377106831693343,174.9770266718548,3.2245083632489058,11.791114830570871,40.32261392049412,0,2026-09-07 10:52:32
2026-09-07 09:37:00,CNC-03,H,296.92856678855367,311.1100775133636,1508.5004060803228,46.33640002169101,131.48818122337715,22.716970960401927,12.966751816461464,60.95370308818868,0,2026-09-07 10:52:32
2026-09-06 19:15:00,CNC-03,H,300.6765961863688,313.83856626974085,2356.926523389393,26.25395379031566,26.507249479252444,,11.516147558493916,51.39290623621908,0,2026-09-07 10:52:32
2026-09-06 18:17:00,CNC-01,L,299.21522010349963,312.9057286970486,0.0,32.43540095484799,48.019171566803045,2.6142227633720125,12.616631941659142,53.34944855333604,0,2026-09-07 10:52:32
2026-09-06 18:53:00,CNC-02,M,299.78664351369497,313.58828222167153,2146.780751267528,28.710093658452116,64.31142032284765,2.78946972570409,11.652363871572083,51.711048351854195,0,2026-09-07 10:52:32
2026-09-06 17:54:00,CNC-02,M,299.7154947812413,314.7696015090893,2008.928507270184,36.49950590394897,205.80146814780852,3.2669597821171994,13.793158177085495,51.76837206515029,0,2026-09-07 10:52:32
2026-09-07 02:11:00,CNC-03,H,299.11242510468014,312.5082603107027,2609.7302309689894,20.954391423059782,227.32491697763746,3.8735377151109835,10.185879687468542,55.26695484116831,0,2026-09-07 10:52:32
2026-09-06 22:06:00,CNC-01,L,299.4887249941323,311.9794002383707,2622.957494512928,18.897162674217046,86.54720604972844,3.1742582453075876,9.4751699256871,51.96370360871884,0,2026-09-07 10:52:32
2026-09-06 11:52:00,CNC-02,M,296.65631427438177,310.52931732579145,1279.1192666247298,50.764026882820836,114.47829283323519,2.0690742293934705,12.1800626850889,58.20762125754508,0,2026-09-07 10:52:32
2026-09-06 12:36:00,CNC-01,L,297.0994027240421,312.21233692745676,1389.8157679589706,56.293328349758326,206.38099179876167,2.9258517106289625,14.51782202344109,58.502657866476945,1,2026-09-07 10:52:32
2026-09-07 09:35:00,CNC-03,H,296.89279430301417,311.2865505663316,1430.4864797146747,50.94039030786471,128.3897206811722,2.2336120767249636,13.599224149344522,56.31604001523282,0,2026-09-07 10:52:32
2026-09-07 03:17:23,CNC-02,M,296.4975172457671,310.26641946603604,2431.2589962761795,25.5242188324004,131.01788412428195,3.1991173627900853,11.478094800909695,59.1846795035441,0,2026-09-07 10:52:32
2026-09-07 06:18:00,CNC-03,H,297.0760062489273,310.84671499315044,1867.0876283746197,36.60776217676559,59.494222664578686,2.587099633116821,12.655176102833941,57.544248122047016,0,2026-09-07 10:52:32
2026-09-07 03:55:00,CNC-01,L,296.6431312655736,310.1349947335842,2261.577666393064,27.070711897894693,43.37949578295199,2.808793997818429,11.65143304728285,60.2476988989407,0,2026-09-07 10:52:32
2026-09-07 03:47:00,CNC-02,M,296.65189271228667,310.41080550303894,2385.6774190030706,23.764297761003018,164.7739224805703,3.2454434485901458,10.685601846678079,62.52897534194719,0,2026-09-07 10:52:32
2026-09-07 06:31:00,CNC-03,H,296.8418013293885,311.1977402109295,1929.837186495575,38.66408753345695,77.17034940468184,2.62690001161024,14.043631252236946,54.01485989947628,0,2026-09-07 10:52:32
2026-09-07 05:25:00,CNC-03,H,296.96661145042486,312.1148108501685,2004.4476765962127,37.14342836168896,229.3692522013732,3.2802920021166466,13.980599028903699,54.404840861055966,0,2026-09-07 10:52:32
2026-09-06 17:14:00,CNC-02,M,299.6271982522219,313.7496290172722,1660.312658079968,40.913292025807685,151.40833683857042,2.562326465532234,12.572946924224093,49.246904824806705,0,2026-09-07 10:52:32
2026-09-07 05:53:00,CNC-01,L,295.35971694088425,310.1141102514794,1996.305148470853,37.46464663810566,191.95528897168316,3.256354445963726,13.961304968303297,63.056982230080024,0,2026-09-07 10:52:32
2026-09-07 08:35:00,CNC-02,M,295.1341591764611,310.043241631413,1709.492078543984,44.841341357221275,94.04913235682717,2.417800918127676,14.47916493893808,59.32925135313675,0,2026-09-07 10:52:32
2026-09-07 02:16:00,CNC-02,M,297.17926885154446,309.8466773082304,2562.589135601649,19.449571790642064,60.79437692087059,3.1176672978189552,9.24020065071873,57.4353766802641,0,2026-09-07 10:52:32
2026-09-06 20:26:00,CNC-03,H,27.357988177920276,40.66811413722485,2448.7418561884056,23.434692362550223,112.0440627243643,3.0993563347220174,10.775970712917681,52.856837491622585,0,2026-09-07 10:52:32
2026-09-06 14:22:00,CNC-03,H,299.01592075686705,313.4524748361462,1495.1969731654888,49.524754802007386,113.09264803255874,2.172927758101153,14.235430933240949,52.676639822295975,0,2026-09-07 10:52:32
2026-09-06 23:32:00,CNC-03,H,299.8112785087055,310.9733636723401,2655.1014361090915,13.215541251978198,56.49376549807104,3.1935018967848112,6.875426559767728,58.10891257710357,0,2026-09-07 10:52:32
2026-09-07 10:42:00,CNC-03,H,296.9278929726731,311.91105998884353,,47.63098199713082,233.04069905500907,3.000446403852203,13.724699320570439,52.59866277138257,0,2026-09-07 10:52:32
2026-09-07 09:10:00,CNC-02,M,295.4249612237822,310.21449775601985,1412.5476402771105,50.87521894199455,147.04792102280982,2.233444040619908,13.364252133105687,60.47973596704859,0,2026-09-07 10:52:32
2026-09-07 09:07:00,CNC-03,H,296.7476476677579,310.88181205216426,1412.1644952097474,50.66805454786293,,2.057262077627084,13.588498125345517,59.84823668098316,0,2026-09-07 10:52:32
2026-09-06 15:45:00,CNC-01,L,298.5087650421003,312.6904151809715,1643.5114095551241,43.24452554780475,54.105359663008684,2.263640209549166,13.267116236049842,55.78495667739383,0,2026-09-07 10:52:32
2026-09-06 11:13:00,CNC-03,H,296.8801270455362,311.25481488598984,1508.2938234549888,50.06377367570405,61.75016917526885,2.1957247561326803,14.190878034234535,58.60551343970326,0,2026-09-07 10:52:32
2026-09-07 10:06:00,CNC-03,H,297.04962373677216,311.470349760374,1497.6406745217573,47.03038996800898,176.6334116995922,24.287749032790302,13.191624218667695,55.92805204544923,0,2026-09-07 10:52:32
2026-09-06 12:49:00,CNC-02,M,24.111439341734012,38.863925667253284,1352.4918168825416,54.622794574718064,204.88526328154217,2.7813059353147427,13.858876547764476,52.47147171756512,0,2026-09-07 10:52:32
2026-09-06 10:55:00,CNC-01,L,296.5643096242257,310.1407705314433,1311.6311285595189,49.0452764660383,46.32285853853352,2.00774163992526,12.129131935648951,57.94160877751892,0,2026-09-07 10:52:32
2026-09-06 11:26:00,CNC-03,H,296.9159834881023,311.1472487596732,1340.05964056061,53.597920652496455,82.47319002782245,2.075686078199934,13.47561051582437,57.32697986957344,0,2026-09-07 10:52:32
2026-09-07 05:35:00,CNC-02,M,295.68941964399323,309.7986518500545,2028.7325240186617,33.57496330421728,72.27376067264282,2.600576125351813,12.808364290397378,58.16390434947466,0,2026-09-07 10:52:32
2026-09-06 20:13:13,CNC-02,M,26.325709795525427,40.270792036417674,2439.042415919226,24.684653152122575,162.01014269317304,3.3247946208076464,11.500806094573655,51.059881559469254,0,2026-09-07 10:52:32
2026-09-07 03:12:00,CNC-03,H,298.57387748049905,311.0002735858445,2450.5847883666033,20.480120027010134,67.38987992030131,3.076219923304089,9.450711241436899,55.55474943614631,0,2026-09-07 10:52:32
2026-09-06 23:06:00,CNC-01,L,298.5536957544691,311.6516229134191,2789.231942141018,18.637654558010528,151.27102042382305,3.7029353575642934,9.659322437908912,53.95873093139909,0,2026-09-07 10:52:32
2026-09-06 19:52:00,CNC-03,H,300.3897517485833,313.4745571064371,2311.9137814061396,25.62463677034598,71.63432039415619,29.224735820111334,11.011255720653354,51.02044622426824,0,2026-09-07 10:52:32
2026-09-06 13:39:00,CNC-01,L,24.320034783452343,38.08744508034806,1463.9735722567843,46.74293493172164,66.28988141274614,2.096080702815758,12.726098925108461,52.739607449638214,0,2026-09-07 10:52:32
2026-09-06 17:05:00,CNC-02,M,299.39819583172425,313.74142761297617,1871.3394638915322,38.36806644736855,138.9122363674403,2.626490953934668,13.490998995278536,52.169045234600745,0,2026-09-07 10:52:32
2026-09-06 13:14:00,CNC-03,H,24.706809209672656,37.81275955635397,1337.1405879367114,47.20107812840611,6.38900191058895,1.988131412646755,11.888258330777093,54.35394652552181,0,2026-09-07 10:52:32
2026-09-06 15:04:00,CNC-01,L,298.3287130978691,312.6753455004472,1374.5446545419645,49.29843289540046,197.54513119680013,2.713065306561695,12.437627444167772,55.71473158486899,0,2026-09-07 10:52:32
2026-09-07 08:10:00,CNC-03,H,296.6781759244777,310.5087386818378,1716.5919530724411,41.71666257135787,0.0,2.3495059296320324,13.544996062290132,56.62816534652201,0,2026-09-07 10:52:32
2026-09-06 23:16:00,CNC-02,M,299.2008390395083,311.55026116811393,2757.688831372539,15.33955360243756,108.74872694766485,3.303481233217903,8.02515035799209,51.81243283502633,0,2026-09-07 10:52:32
2026-09-07 04:46:00,CNC-02,M,295.86958933476916,309.1127046621723,2323.547754969559,25.745149192937834,9.898635216042072,2.9497579300092367,11.24419749322292,55.58724403955703,0,2026-09-07 10:52:32
2026-09-06 12:11:51,CNC-01,L,297.0105752258915,311.5278931967362,1308.3900170335776,55.051383911218245,168.16678278161024,2.392824680375555,13.555849258405512,55.48528470656642,0,2026-09-07 10:52:32
2026-09-07 04:16:00,CNC-03,H,297.5489031999559,310.7315960886815,2306.2969153471736,23.8055466797921,142.8821148363912,3.1982033177621316,10.400508624563432,54.61261332234567,0,2026-09-07 10:52:32
2026-09-06 19:45:00,CNC-01,L,299.73619392559385,313.6338903515578,2431.2848535240446,26.917716353838887,159.18670794720728,3.2710725074907856,12.251105492925696,0.0,0,2026-09-07 10:52:32
2026-09-06 19:01:00,CNC-03,H,306.1256389930112,314.5411698010946,2141.7192969327066,34.969790730656676,8.947387112136752,2.771332630664054,537.140759896938,46.9696798212766,0,2026-09-07 10:52:32
2026-09-06 18:11:00,CNC-03,H,300.3224247197528,315.2203605763033,2096.3008760328694,35.32331239567816,212.3150493903832,3.2987998814488018,13.768991208242129,48.269659962776814,0,2026-09-07 10:52:32
2026-09-06 14:17:00,CNC-03,H,298.9561076555115,313.1746012776261,1378.1599073245507,50.39360049839896,105.28142333125292,2.0730806341243277,13.139718503105172,1506.8390057836523,0,2026-09-07 10:52:32
2026-09-06 23:07:00,CNC-02,M,299.37013933620864,311.4861054007764,2707.396286092658,15.822977912697773,99.14863962550142,3.2163076989637283,7.8917019968615705,53.25773396367437,0,2026-09-07 10:52:32
2026-09-07 08:06:00,CNC-02,M,295.134716981294,309.9679200288496,1733.153939862129,44.230855834795825,51.10878174690459,2.2376291429740958,14.398735297757899,62.12085287965145,0,2026-09-07 10:52:32
2026-09-06 20:34:00,CNC-02,M,32.007039155444375,39.53234215891996,2583.3482514941575,22.388301310695294,186.50151654155877,3.626116722320844,11.189529641266427,45.987638036534584,0,2026-09-07 10:52:32
2026-09-07 07:45:00,CNC-01,L,295.0675671981114,310.20372118797167,1809.1514799729046,45.01232942398703,139.74152778983526,2.7808472401246203,14.955153354095868,60.51113473760666,0,2026-09-07 10:52:32
2026-09-07 08:33:00,CNC-02,M,294.99064917685587,309.08671357042465,1510.9427382131548,43.45230924784078,91.00092443644176,2.0856901962376226,12.236103095805312,62.15617365460726,0,2026-09-07 10:52:32
2026-09-06 20:22:00,CNC-01,L,26.386424395873632,40.642028062749716,2444.4940257307044,26.605215259799248,203.21475374816086,3.8463266557816116,12.030829982058938,58.13934645022381,0,2026-09-07 10:52:32
2026-09-07 04:04:00,CNC-02,M,296.41350992079714,310.9013243991759,2318.214034061817,29.36507381283564,184.90708823238003,3.3733518674583958,12.682116179950164,58.16742835402103,0,2026-09-07 10:52:32
2026-09-07 08:44:00,CNC-02,M,295.1767554409767,310.6983413768967,1736.9420199463368,46.65992344832114,0.0,2.462093284723007,15.012636081021842,59.94351801377898,0,2026-09-07 10:52:32
2026-09-07 02:35:00,CNC-02,M,296.9816505463932,310.60197308110554,2492.3053863701302,23.61327480783166,82.30406424712743,3.1708246381671295,11.03943743586008,53.24224371852206,0,2026-09-07 10:52:32
2026-09-07 06:50:00,CNC-01,L,295.6531094825337,309.54317590266726,1917.2418767828156,0.0,61.38549071152456,2.6138416126144706,12.6948298585851,58.39079302337523,0,2026-09-07 10:52:32
2026-09-06 19:27:00,CNC-02,M,299.80266989174373,314.1535483312384,2293.3184888103874,29.682070168818687,106.67422210396148,2.958820364059837,12.72211202892289,49.80987054658956,0,2026-09-07 10:52:32
2026-09-07 01:30:00,CNC-02,M,297.6708197226602,308.5228408940255,2777.57933487629,10.91183228754924,10.637185924148161,3.2975045271780083,5.851385928766249,53.68016339907014,1,2026-09-07 10:52:32
2026-09-06 18:18:00,CNC-03,H,305.98904661892715,313.8150285389225,2125.719941253846,29.87919909641696,221.3645092778512,3.4587794767847146,12.219921499694841,41.89537144124763,0,2026-09-07 10:52:32
2026-09-06 15:00:00,CNC-02,M,298.6449410699204,313.23480246457814,1565.3333838027108,44.799142186927796,167.43564910677748,2.627504678154552,13.198311380871935,51.07883146935268,0,2026-09-07 10:52:32
2026-09-06 23:49:00,CNC-02,M,298.98822463123514,311.76070214577794,2754.4504113859607,17.017954931421404,143.88036675921046,3.4686589382789226,9.000507405100068,49.55966750729557,0,2026-09-07 10:52:32
2026-09-07 04:41:00,CNC-03,H,297.8571731487039,311.84431739314846,2365.232082446581,27.61986717269571,173.67476859526826,3.327453836799065,12.15781595161347,54.05522723501558,0,2026-09-07 10:52:32
2026-09-07 00:04:00,CNC-01,L,298.0996098573052,308.82304487224695,2723.4674369720224,9.600656243326489,16.012624243880197,3.2913749629890607,4.804434017068828,54.09909766413234,1,2026-09-07 10:52:32
2026-09-07 10:41:00,CNC-02,M,295.2449541329934,309.67540102215753,1496.292078838481,47.23036360294642,48.78857579562129,2.1618870943028727,13.554705459597383,61.59958136397347,0,2026-09-07 10:52:32
2026-09-06 20:55:00,CNC-01,L,26.494389481420853,39.784581702569994,2489.4994634987356,25.655255553089404,6.927563439481453,2.9815991085787603,12.017975331620063,53.949219721341805,0,2026-09-07 10:52:32
2026-09-07 06:47:00,CNC-02,M,295.5330311554329,310.58983686018314,1880.2134822559535,38.23302111453011,169.17226037654143,2.8723447587128486,13.705701321720477,58.381650908161674,0,2026-09-07 10:52:32
2026-09-07 04:56:00,CNC-01,L,296.01392116629603,310.4639131266522,2204.8561531001847,32.934298718561905,118.12603595320942,3.0580403714079907,13.54936970808477,57.77540617530481,0,2026-09-07 10:52:32
2026-09-07 01:40:00,CNC-03,H,299.1793369522099,311.18515344177644,2795.9649919427848,13.37461677998099,193.27658083336385,3.8031369351726667,6.6862625947090955,49.9253904982231,0,2026-09-07 10:52:32
2026-09-06 20:29:00,CNC-02,M,31.716912092893836,39.44727064787418,2446.6397958216517,24.500985663676406,180.7773275697506,3.3916098498975127,11.342512393642544,42.0172363074113,0,2026-09-07 10:52:32
2026-09-06 22:43:00,CNC-03,H,299.6714812660096,311.8034589501036,2579.7264031300133,18.648003711500245,4.302049876243819,3.0744478198618737,9.203011877412028,55.640811718929704,0,2026-09-07 10:52:32
2026-09-06 18:15:00,CNC-03,H,300.59048617556743,315.28712174636695,2256.580007318064,32.12451048563673,217.49919651807346,3.525407035388376,13.26255660712311,51.50752897947317,0,2026-09-07 10:52:32
2026-09-06 14:21:00,CNC-03,H,299.17311389597614,313.882816859241,1364.5694351332443,55.61276899392611,111.55962537923367,2.1445709381496574,14.201156400865822,50.794114317112204,0,2026-09-07 10:52:32
2026-09-06 15:23:00,CNC-02,M,298.9125052126227,314.0049294664857,1527.6211216887891,49.937237639494725,202.23599583055892,2.7994301329629647,14.37808290710322,48.04630090618787,0,2026-09-07 10:52:32
2026-09-07 03:37:00,CNC-02,M,296.3272114796164,310.3359586967728,2529.4689024933455,24.113642659490786,153.09625919430778,3.301922231242543,11.411605982814324,54.814904188264315,0,2026-09-07 10:52:32
2026-09-07 09:12:00,CNC-02,M,295.2595378013406,310.39392604701175,1446.3996113004578,51.608915484682576,150.1154194852256,2.4513016528478415,13.963924531537545,58.32408378488323,0,2026-09-07 10:52:32
2026-09-06 20:52:00,CNC-02,M,31.923749919653005,39.367560937546614,2606.41117561651,19.77146456604061,207.06179007102818,3.7716653903439328,9.927500024617846,41.97689677720972,0,2026-09-07 10:52:32
2026-09-07 06:19:00,CNC-02,M,295.8126660605554,311.11091766731107,2078.5502858461855,37.54790012459454,130.55572911381878,2.8129977833198176,14.64081456803475,60.334456715210436,0,2026-09-07 10:52:32
2026-09-07 06:20:10,CNC-03,H,296.8769790161891,310.8189233616441,2090.827058331072,33.792658633801345,60.81948953605024,2.7221907309063433,13.347522740576258,57.52413197402921,0,2026-09-07 10:52:32
2026-09-07 04:59:00,CNC-03,H,5130.3914384367645,311.46319036418254,2382.861921806904,28.70145950076904,196.0020906486185,3.447497365113778,12.652928656657238,55.185261475804886,0,2026-09-07 10:52:32
2026-09-06 14:29:00,CNC-03,H,299.06363905236225,313.7315759095326,1459.1753470152835,49.8161442278783,123.72282916086598,2.2915619745221716,13.53851748456028,56.10880203898723,0,2026-09-07 10:52:32
2026-09-06 18:09:00,CNC-01,L,299.3612912557255,312.49817917063564,1930.795150493353,32.298274355743416,37.519275000266795,2.474190868596249,11.715500019125937,50.02726737603103,0,2026-09-07 10:52:32
2026-09-07 00:37:00,CNC-03,H,299.75362806355434,311.35729748263753,2717.7154596754335,13.808674412135343,125.64087963342824,3.3152543635339797,7.024464139964085,49.07816243202967,0,2026-09-07 10:52:32
2026-09-07 06:21:00,CNC-01,L,295.4204045333603,309.19730256290177,2160.8330235947647,32.265504812325396,21.457358256764426,2.7546475113094298,13.085567543891404,56.33177575372146,0,2026-09-07 10:52:32
2026-09-06 20:26:00,CNC-02,M,32.145044189843304,39.522217749295066,2443.459991778008,22.571326731339358,177.27084466094178,3.366337859217723,10.421787328480816,42.985279879263864,0,2026-09-07 10:52:32
2026-09-07 02:44:00,CNC-02,M,296.82154788486054,309.8485727349227,2551.476895828777,20.93682543764194,92.4011957735771,3.110621288858536,9.990437594908885,59.6537519407115,0,2026-09-07 10:52:32
2026-09-06 18:00:00,CNC-02,M,299.448566808067,313.31775464670557,2218.2401358716447,26.049209873084138,213.70661942156207,3.5650978892769682,10.985784479040111,53.18899548262137,0,2026-09-07 10:52:32
2026-09-06 22:14:00,CNC-01,L,299.2615347197566,311.0937921348858,2651.2503465501886,15.826243666454292,95.30043195338158,3.2817522271065562,7.913578563814588,52.062699749648196,0,2026-09-07 10:52:32
2026-09-07 07:24:00,CNC-01,L,295.1310621789142,309.424420986757,1844.2377085387639,38.836707580075405,109.46094027633485,2.533810052942308,13.465750148355072,61.72116116038404,0,2026-09-07 10:52:32
2026-09-06 14:08:00,CNC-02,M,297.6772077802752,311.95622284613717,1413.8694906235244,51.19799779912752,87.6203199642436,2.0098928237513998,13.387999919742601,57.76971037492599,0,2026-09-07 10:52:32
2026-09-06 14:29:00,CNC-01,L,297.72769329732006,312.3611307257526,1526.6102160900607,47.52386790957271,144.04955114919122,2.4760615353929913,13.749886604292001,56.90743540405935,0,2026-09-07 10:52:32
2026-09-07 03:58:00,CNC-02,M,295.9798284551131,310.1552704135396,2343.5413963172396,25.87546363550365,177.7612183161774,3.384972011398685,11.421618367170646,62.842216179091935,0,2026-09-07 10:52:32
2026-09-07 01:09:00,CNC-03,H,299.1794027682129,311.8681038761325,2723.9411526101476,17.688297860177972,159.97635216406889,3.557695594938112,8.944240763500465,54.18779216677575,0,2026-09-07 10:52:32
2026-09-06 12:47:00,CNC-01,L,24.28632443187047,39.668394288752324,1428.915462869412,56.43609051665108,223.94799683504294,,15.039424198982111,57.205840728808774,1,2026-09-07 10:52:32
2026-09-07 10:42:00,CNC-02,M,295.0636611509483,308.9858719661913,1345.0542321564335,48.851778114846226,50.37812097561253,2.003160596973204,12.237039988897216,55.816303962629746,0,2026-09-07 10:52:32
2026-09-06 13:24:00,CNC-01,L,24.253373521367337,37.88821939047955,1425.951064102769,46.11858065568879,42.67024755292231,2.014660019226195,12.355274523537844,58.47021476053521,0,2026-09-07 10:52:32
2026-09-06 19:16:00,CNC-01,L,,313.5066430077685,2279.9559902277383,30.138841948455834,123.53742876679688,3.052548501480686,12.857697490057662,55.27331242508654,0,2026-09-07 10:52:32
2026-09-06 15:51:00,CNC-02,M,299.24516386983345,313.29402678999253,1592.0661017084708,43.43575729437503,,2.1922678528594024,12.79992494845169,52.914433252193476,0,2026-09-07 10:52:32
2026-09-07 04:03:00,CNC-02,M,296.2182558359633,310.30892686561015,2385.153681852852,25.593675161959986,183.6845073443892,3.3702019502268756,11.586902639994182,62.55126196345852,0,2026-09-07 10:52:32
2026-09-07 04:52:00,CNC-01,L,296.0098749118764,309.39306483382836,2317.3044391228823,25.44471714134788,113.16809863136801,3.0266152227019605,10.993184996102917,53.0627368283686,0,2026-09-07 10:52:32
2026-09-06 13:03:00,CNC-02,M,23.88491924961994,38.576932326238705,1465.8340959152654,48.31361224158143,227.0959870089791,3.009311443785866,13.318331513434694,52.67684390328057,0,2026-09-07 10:52:32
2026-09-06 13:27:00,CNC-02,M,24.1485469176871,38.22428543545078,1595.5243428582132,45.4244118987192,23.424821635859217,2.1899163197119793,13.789673772378315,56.83087374874785,0,2026-09-07 10:52:32
2026-09-06 19:11:00,CNC-02,M,299.4884844073249,312.6724274959688,2175.18293975334,26.819667036583198,86.90121368792718,2.9694378358770197,10.83327667248815,48.524866481191026,0,2026-09-07 10:52:32
2026-09-06 15:19:00,CNC-02,M,298.91115070064484,313.74825985975895,1642.0079504698808,44.812830640108814,196.20074224045294,2.9530843531935655,13.875118547922886,52.50822000462906,0,2026-09-07 10:52:32
2026-09-07 03:06:00,CNC-02,M,296.5582508992426,309.27810051940673,2649.0908411947,18.278688593218515,117.23295851526306,3.323615875399467,8.9100861213844,60.57588110490551,0,2026-09-07 10:52:32
2026-09-07 08:17:00,CNC-03,H,296.7363318695516,310.96388063350116,1744.3887934370853,44.05527818843287,10.404412510136256,2.4196984481688353,14.364779749651184,59.679865072492476,0,2026-09-07 10:52:32
2026-09-06 23:24:00,CNC-03,H,300.10748998537156,312.62199774932725,2749.58150074296,18.426884953903727,47.95091304946979,3.2974846049259416,9.487653743839957,52.18701004152542,0,2026-09-07 10:52:32
2026-09-06 22:28:00,CNC-02,M,299.1710215303045,311.7448982436127,2629.8211846419695,18.021774448213375,57.13945185268681,3.170206080572405,8.875079054259217,52.76041883823843,0,2026-09-07 10:52:32
2026-09-07 04:14:00,CNC-02,M,296.0924609027171,310.86390395677887,0.0,29.351456343053677,196.93518023359647,3.5511070491289107,12.885634531390284,57.99783335430838,0,2026-09-07 10:52:32
2026-09-06 13:45:31,CNC-02,M,297.80017728570715,311.86615551524716,1339.857770223543,52.526826278573935,53.238909024159696,1.9913419197635578,13.10993517554822,58.646652914669055,0,2026-09-07 10:52:32
2026-09-06 22:46:00,CNC-02,M,299.42100567416884,311.86866449525166,2623.8213503712877,17.184490910996274,76.76619578085761,3.164165665482033,8.341362410249552,53.875082302688845,0,2026-09-07 10:52:32
2026-09-06 23:05:00,CNC-02,M,299.1514755688313,311.54255295533267,2866.713380414874,14.575392069575173,97.00466079316341,3.5600942267689217,7.768465139166176,50.37185235046057,0,2026-09-07 10:52:32
2026-09-06 23:17:00,CNC-02,M,299.16340433129835,310.8132678886375,2797.615090891431,11.62370854073209,109.77872694766485,3.4520455161988846,6.13128796780712,50.88436638249716,1,2026-09-07 10:52:32
2026-09-06 20:39:00,CNC-02,M,32.044447578460165,40.195514351738495,2384.890418931661,27.64446964447478,192.23807366578194,3.545894422825316,12.421111921232121,37.52768711733049,0,2026-09-07 10:52:32
2026-09-07 01:22:00,CNC-02,M,298.0103690642451,309.2078624753501,2756.971236212363,12.155427378393869,2.1122230915040685,3.2957393510469357,6.171327435993439,50.60790676107034,0,2026-09-07 10:52:32
2026-09-06 22:31:00,CNC-01,L,299.05718152683494,311.6312832917887,2551.390099602484,19.167487381282772,113.6886395665437,3.291337256515559,9.189305340881251,53.43782339965884,0,2026-09-07 10:52:32
2026-09-06 14:23:00,CNC-03,H,299.04212469108285,313.76555054051124,1502.5546718850028,50.885300444453215,114.63356630233335,2.1845173566319334,14.219506643374217,53.32503622176838,0,2026-09-07 10:52:32
2026-09-07 05:41:00,CNC-01,L,295.55197953418934,309.7855152726996,2075.4515803491845,33.01570844920317,176.1384182711347,3.136979013638866,12.951723119325656,57.0731594180267,0,2026-09-07 10:52:32
2026-09-07 05:24:00,CNC-02,M,295.9532173841325,310.15243061909854,2093.5468242165093,33.6134549606727,57.9709701405876,2.6496855513448594,13.139348202015311,54.99232124337094,0,2026-09-07 10:52:32
2026-09-07 03:09:00,CNC-01,L,296.9615787127904,310.81907748690264,2462.5761431130422,23.799612342736477,217.5847459636105,4.073699607957236,11.097579026923887,54.68501170391298,0,2026-09-07 10:52:32
2026-09-07 08:49:00,CNC-03,H,,310.76334765282326,1616.9554632820725,44.37990892419736,57.908750322795996,2.231954800418425,13.604458537855432,53.014016782931456,0,2026-09-07 10:52:32
2026-09-07 00:32:00,CNC-03,H,299.40731548069806,311.5678859345188,2674.220857641999,16.95619669693336,120.41722523885356,3.3565990785006985,8.521555951347676,49.23767908298003,0,2026-09-07 10:52:32
2026-09-07 02:08:00,CNC-01,L,297.50736153607585,310.82399760351365,2666.4659431600494,21.505979291859276,149.45545695211737,3.5091790073475138,10.665527028707865,58.6784199679614,0,2026-09-07 10:52:32
2026-09-07 01:30:00,CNC-01,L,297.44472995759344,309.59857656217144,2777.144588311473,15.85470550092707,108.17476732960868,3.4089945820531167,8.0364316287193,53.262908399137025,0,2026-09-07 10:52:32
2026-09-07 03:53:00,CNC-02,M,296.4146662961062,309.8480876757303,2482.328452810866,21.395090581709862,171.81726591118587,3.491853752562373,9.865296222014564,59.48735333838766,0,2026-09-07 10:52:32
2026-09-07 09:02:00,CNC-01,L,294.71961076767315,309.4805602793087,1582.275459076537,49.11478174117134,55.76411626249832,2.2716211864677054,,62.77581227168987,0,2026-09-07 10:52:32
2026-09-06 15:24:00,CNC-02,M,298.86870934880983,313.865486711718,1630.6410825777746,45.27187747150488,203.69294052944093,2.9262911918964027,13.888596217157508,56.09535231655741,0,2026-09-07 10:52:32
2026-09-07 07:46:00,CNC-02,M,295.23611504718764,310.10126984641505,1847.0280334512327,42.97509411228949,21.696314882749057,2.4402266495290172,14.95286703870538,61.825117455051284,0,2026-09-07 10:52:32
2026-09-07 07:34:00,CNC-01,L,295.2693555450957,309.7437205935018,1767.8454663069997,41.83793389512843,123.74885222787698,2.528710478434831,,58.274689381894,0,2026-09-07 10:52:32
2026-09-06 12:46:00,CNC-02,M,24.043553222909452,38.935307113020656,1468.0946613824653,50.696232670537825,200.1111400999274,2.729756898836895,14.00579597931278,59.57374019284683,0,2026-09-07 10:52:32
2026-09-07 09:56:00,CNC-01,L,294.4750346009765,309.1388369624962,1548.9538298304153,46.350758598182644,139.43342119468258,2.4412760715048343,13.501535675015639,58.068109872016294,0,2026-09-07 10:52:32
2026-09-07 04:49:00,CNC-02,M,295.4606987590132,308.2951896126417,2147.736105515713,25.483966751636032,13.688694899892145,2.7328059171790424,10.27028452751687,64.04664727018928,0,2026-09-07 10:52:32
2026-09-07 09:00:00,CNC-02,M,295.26348859070305,309.7675182515413,1393.5037811973073,49.72929149072969,131.70926181508312,2.198034093850716,13.062347309315522,62.54552459048898,0,2026-09-07 10:52:32
2026-09-07 05:14:00,CNC-03,H,297.2923869766055,311.75879728862054,2122.9044006113336,33.143832830667044,215.0979858246904,3.473921138164064,13.013068852338433,58.99585713467412,0,2026-09-07 10:52:32
2026-09-07 02:59:00,CNC-01,L,297.29337521199216,0.0,2624.691990414971,21.885187332821875,206.15376524657808,4.104664218571246,10.674189024734131,56.48394480897472,0,2026-09-07 10:52:32
2026-09-07 01:58:18,CNC-01,L,297.28425781251536,310.8097467311642,2515.2062636208652,22.756991505922663,139.72381320444956,3.2792010630960755,10.8173799783205,58.77845211393689,0,2026-09-07 10:52:32
2026-09-06 22:03:00,CNC-02,M,299.3638942966776,311.6655509013035,2691.1275006680057,17.384349018618412,29.708536228864716,3.2003932147367227,8.616337862356236,52.62075296342965,0,2026-09-07 10:52:32
2026-09-07 09:01:00,CNC-03,H,296.81315263535583,310.7842226125574,1602.195449027214,42.96430909396356,76.17349363226849,2.2107342294142014,12.953436072591376,55.92652796545452,0,2026-09-07 10:52:32
2026-09-06 12:07:00,CNC-03,H,297.3766597838105,311.7383102665008,1304.6032206513476,54.77455463629642,147.47294371138193,2.1729004110832193,12.964945982437754,57.262907287012986,0,2026-09-07 10:52:32
2026-09-06 23:46:00,CNC-02,M,298.8654860483347,311.83039418232954,2728.235689037878,17.865217702884664,140.7217744653522,3.4879758604683744,9.448332738149775,57.26789078204221,0,2026-09-07 10:52:32
2026-09-07 09:44:00,CNC-01,L,294.8274085828335,309.4347033505789,1576.0567885671012,48.01035562023679,120.81785815829866,2.3502345665073783,14.41750258114644,61.21304974594797,0,2026-09-07 10:52:32
2026-09-06 14:10:00,CNC-02,M,298.23150833053637,312.3422129442589,1394.4784669241133,49.67574890177802,90.69299952671258,2.0592840177042495,12.949293023018834,54.741270062112655,0,2026-09-07 10:52:32
2026-09-06 15:59:00,CNC-03,H,299.6444175500442,313.43122687091085,1617.9979131507237,41.86034586824154,28.095478100582554,2.3282768809626604,12.481955474478765,53.12737883895474,0,2026-09-07 10:52:32
2026-09-06 15:11:00,CNC-01,L,298.53949223766193,313.0521522128477,1607.84120870961,49.203778669116154,3.0530964514810157,2.2243633175989834,14.7544342335779,53.56593173499259,0,2026-09-07 10:52:32
2026-09-07 01:06:00,CNC-03,H,299.6711302754035,312.15587806922457,2711.8168870474356,16.249903063871834,156.76512961341186,3.5211246452792433,8.266744495889267,49.833200530191526,0,2026-09-07 10:52:32
2026-09-07 04:06:00,CNC-03,H,297.4976780344286,312.2510714708162,2352.036957127708,31.927867244826146,130.7267568734929,3.0691450949311196,14.033585354721579,52.98215219326522,0,2026-09-07 10:52:32
2026-09-06 11:46:00,CNC-02,M,296.61965678018197,311.568903203065,1570.4573099402296,50.36655464855571,104.93742740933526,2.4213633036953546,14.681650105455121,59.323314168569965,0,2026-09-07 10:52:32
2026-09-06 19:08:00,CNC-01,L,299.3718706944439,312.9028152478635,2145.4346355867697,28.839742527516893,113.59621747513368,2.746446848804462,11.411059163772576,52.4934312736064,0,2026-09-07 10:52:32
2026-09-07 01:56:00,CNC-01,L,297.64414115990826,310.6291525057133,2628.516707832297,19.682914252938488,136.49691651515315,3.3994316327516705,9.562992012104242,54.235133588102904,0,2026-09-07 10:52:32
2026-09-06 14:07:00,CNC-02,M,297.95185389415855,312.5012111172198,1497.0294084578804,50.50384737952101,86.0365502765132,2.1300869370338615,14.134540389079762,56.9611476198756,0,2026-09-07 10:52:32
2026-09-07 08:23:00,CNC-02,M,295.2073946406466,309.67076953824727,1676.8589207430973,43.22395961566502,76.26424041426208,2.2960241809931254,13.569524692537094,60.03238776911671,0,2026-09-07 10:52:32
2026-09-07 02:06:00,CNC-01,L,297.36908434219714,309.32127754254583,2615.0032923480862,14.774304483693607,147.23874311044696,3.361607206080044,7.251606611456987,51.33219849972248,0,2026-09-07 10:52:32
2026-09-06 22:11:00,CNC-01,L,299.1083824750524,311.7749620964078,2659.830757406057,19.630919919004715,92.02583797851122,3.1589540355253853,9.879982144067863,52.65421852898681,0,2026-09-07 10:52:32
2026-09-06 22:19:00,CNC-02,M,299.2385758352166,311.9931741409396,2576.2758414713803,19.006025611642105,47.239064390747515,3.152669887143336,9.293092618843751,57.960399916123464,0,2026-09-07 10:52:32
2026-09-07 08:56:00,CNC-02,M,295.1519301609776,310.07527222094524,1522.3941088651002,49.14351891893783,125.47766147900724,2.3055160347861983,14.003428213740476,53.85556098961631,0,2026-09-07 10:52:32
2026-09-06 22:12:00,CNC-01,L,299.23778806911173,,2561.9026763666634,,93.13691982893889,3.128840206526162,8.73093456403782,48.6135858129125,0,2026-09-07 10:52:32
2026-09-07 09:30:00,CNC-01,L,294.7315390930874,309.58801905806143,1537.6920236897936,52.42375945872937,99.07941465267714,2.2030097574700087,15.213388345762299,57.92924923996796,0,2026-09-07 10:52:32
2026-09-07 02:08:00,CNC-02,M,297.5147210607686,309.16046171218807,2728.71803701699,11.74523440529833,51.90442601350238,3.2896968608220267,6.074279409257205,57.92318140392795,1,2026-09-07 10:52:32
2026-09-06 13:25:00,CNC-01,L,24.204255602798185,37.90746944082508,1346.0907896251092,49.6969761618015,44.270247552922314,2.0973409011855364,12.508624393653585,54.85489305060484,0,2026-09-07 10:52:32
2026-09-06 22:12:00,CNC-03,H,299.8895885357701,312.45599316646224,2781.213545029587,15.276767373326633,230.80021775453233,4.031351586966978,7.609827869703955,51.420442943279056,0,2026-09-07 10:52:32
2026-09-07 02:32:00,CNC-03,H,298.4237651929745,310.7092033086454,2475.915728904489,19.650251642603,22.128500798360133,2.9415502568538296,9.153750041511922,57.70325565296608,0,2026-09-07 10:52:32
2026-09-07 08:30:00,CNC-01,L,300.32404484995106,308.50215078120135,1650.0047279339044,45.258396013463674,7.431242140073773,2.3697724934322624,13.860145010460245,50.35204833746602,0,2026-09-07 10:52:32
2026-09-07 01:41:00,CNC-01,L,297.79953379049834,311.07941097344207,2593.8676679146297,21.36353694330883,120.07641106666085,3.319870022852607,10.330400035869113,55.35921312320657,0,2026-09-07 10:52:32
2026-09-06 23:12:00,CNC-03,H,300.25642931247666,311.54700735510977,2737.917991284245,12.855617759365098,35.23769994550876,3.2966374920319557,6.525159362581788,49.82935525877704,0,2026-09-07 10:52:32
2026-09-07 09:26:00,CNC-02,M,295.7520556278997,310.49181241070323,1458.8126408094467,48.57295865287787,171.55709038312787,2.5007776247728186,13.415131063979398,61.78118624056316,0,2026-09-07 10:52:32
2026-09-07 01:02:00,CNC-01,L,297.9843756590386,310.73587504490683,2542.925145858704,20.30698075365232,78.04636782293257,3.1669427454641923,9.847384363437556,57.78196412566168,0,2026-09-07 10:52:32
2026-09-06 16:54:00,CNC-02,M,299.65002314660126,314.8079453763691,1677.9711939658496,45.89161150544127,123.41826516618394,2.4234065106414433,14.519586081039837,55.348923740452975,0,2026-09-07 10:52:32
2026-09-06 21:59:00,CNC-03,H,300.0793361096509,312.44823290988444,2731.3707855723546,14.504733793686292,216.85238947202114,3.846481113381663,7.118503470789276,51.23912301755507,0,2026-09-07 10:52:32
2026-09-06 21:56:00,CNC-01,L,299.2959983344748,311.5599473458629,,17.032189814720045,75.47600744003785,3.1690998460441953,8.27789040666295,53.17949076862015,0,2026-09-07 10:52:32
2026-09-07 05:45:00,CNC-03,H,297.0666704380122,310.7500555787008,2004.3688938288242,34.419577652605426,15.559030708602215,2.4968500733590004,12.889065930395754,54.74772138147809,0,2026-09-07 10:52:32
2026-09-07 00:42:00,CNC-03,H,300.01681863612623,312.3900690527243,2613.834464286766,17.27569588855429,130.9232774641966,3.264252534655158,8.412963011414906,53.624979218288274,0,2026-09-07 10:52:32
2026-09-07 05:00:00,CNC-02,M,295.7145363160545,309.4732603131016,,30.641389827489096,27.52933798925106,2.7250474356311662,12.019347244573089,59.84482290404981,0,2026-09-07 10:52:32
2026-09-06 18:00:00,CNC-03,H,300.4577102444437,315.3051056493206,1922.7901144292696,37.74565763314601,197.628437979653,3.1091680320531845,13.44574597345147,50.02415798438952,0,2026-09-07 10:52:32
2026-09-06 13:51:00,CNC-02,M,297.84272958778666,312.3641308352348,1527.5943106009142,50.857326462753505,60.994555906803704,2.095321358164736,14.566138187262261,50.55746450224116,0,2026-09-07 10:52:32
2026-09-06 21:36:00,CNC-03,H,300.5076742276812,313.99665338368084,2631.7206138378783,22.04356791649272,191.5333992432161,3.6758127896794313,10.688548210809543,50.636791771553,0,2026-09-07 10:52:32
2026-09-06 19:07:00,CNC-02,M,299.70469109498424,312.81316076395836,0.0,26.099486128244276,81.89971908061673,2.754405357041248,9.968237867615757,50.369248848252525,0,2026-09-07 10:52:32
2026-09-07 00:48:00,CNC-03,H,299.3457166327272,311.2660810071262,2797.0587296401413,13.970500248594735,137.34076743341365,3.532917943194869,7.306529299006831,52.70341523833833,0,2026-09-07 10:52:32
2026-09-06 13:35:00,CNC-03,H,25.1926702997975,39.07131637514243,1554.6201633470494,45.8000927987629,39.36992338178637,2.2358927526161763,13.530205016574554,49.45302139188548,0,2026-09-07 10:52:32
2026-09-06 20:51:00,CNC-03,H,27.02445133204776,39.76483500312685,2647.056324491487,18.50059319517895,140.9798080400894,3.4085729816773154,9.263790103937081,54.021109096612825,0,2026-09-07 10:52:32
2026-09-07 04:15:00,CNC-01,L,296.3511022420063,310.38757038914156,2379.7580259385163,29.201838233831385,67.46961316919322,2.9940128832637964,13.05138716240728,54.36636584334771,0,2026-09-07 10:52:32
2026-09-07 00:26:00,CNC-03,H,299.81432996041303,311.4048876689066,2710.4799426055765,12.258870163166398,114.02710771409933,3.378945525909126,6.269881798070158,50.44906153709659,1,2026-09-07 10:52:32
2026-09-06 13:18:00,CNC-01,L,24.20107628638192,38.151199481098274,1453.5848127407062,47.752610703759785,33.145725878688026,2.1386875343831235,12.965318462556326,57.10280058780372,0,2026-09-07 10:52:32
2026-09-06 13:37:00,CNC-01,L,24.11398304187935,37.442268702323304,1430.921691905542,42.7348324245866,63.17855555617094,2.1310618576067144,11.501625053249295,57.80488840303215,0,2026-09-07 10:52:32
2026-09-06 19:05:00,CNC-01,L,299.3777367481943,313.3778937294911,2315.9566386730294,29.401106573777696,109.76852899544689,2.976873038759968,12.727011605813777,53.02296629386005,0,2026-09-07 10:52:32
2026-09-06 14:06:00,CNC-03,H,298.67575458853906,313.030553485369,1511.2554824624765,49.44201330628523,88.07723723017101,2.14346026321226,13.76206581992016,52.26610244708392,0,2026-09-07 10:52:32
2026-09-06 21:26:00,CNC-03,H,300.29679921550786,313.3142817323117,2739.20610215977,17.989702258906593,180.27295257057187,3.6386786981852874,9.158093697793023,51.08563526314769,0,2026-09-07 10:52:32
2026-09-07 08:59:00,CNC-02,M,295.17438502941445,309.87400071475884,1458.5139276156801,49.23153439157191,130.1276377886073,2.257968109908035,13.459890292703346,61.310731968457134,0,2026-09-07 10:52:32
2026-09-07 02:35:00,CNC-01,L,296.9723813462263,,2707.958594782472,21.090338209892693,179.23898180525808,3.8100350233264986,10.542119087481066,57.023759909904676,0,2026-09-07 10:52:32
2026-09-07 01:02:00,CNC-02,M,298.48667796708645,311.53628884915906,2732.250656715659,18.023228404308217,221.52973449291053,4.114086006477557,9.053044574704238,55.539697305760704,0,2026-09-07 10:52:32
2026-09-07 10:15:00,CNC-01,L,294.5455292157126,309.6288727453345,1420.6780393910715,54.619287715945966,169.12263758176144,25.927469228192823,14.345785430174594,61.637236480107035,0,2026-09-07 10:52:32
2026-09-07 10:23:00,CNC-02,M,295.3979653478763,309.013795804665,1548.3615240305735,42.907403024165674,20.383503207647472,2.162372073718714,12.185710952223516,61.64544244335758,0,2026-09-07 10:52:32
2026-09-06 10:57:32,CNC-01,L,296.5498601195849,310.48560920627096,1456.7952427938606,48.12777201560163,51.055822754439895,2.1410512329523246,13.213327465264655,54.6174163772273,0,2026-09-07 10:52:32
2026-09-06 14:54:00,CNC-02,M,298.57760201439015,313.31509263021337,1470.130637659856,50.513452755839786,158.3602042238835,2.481369193777377,13.902523967239906,55.59647718275791,0,2026-09-07 10:52:32
2026-09-07 01:07:00,CNC-03,H,299.4541617187374,311.8311637035119,2563.2748192820504,17.352384285545533,,3.4538360746230663,8.28890827132135,53.00715963483898,0,2026-09-07 10:52:32
2026-09-06 11:57:00,CNC-02,M,296.8996210307823,311.40944410777706,1488.038463333286,424.20344944900484,122.28049184283971,2.3486805834929325,13.473302146009363,61.01446445732203,0,2026-09-07 10:52:32
2026-09-07 06:32:00,CNC-02,M,295.5528862308222,310.49345858196534,1928.5171289237276,37.975815523891015,148.35505494375556,2.8370366198228543,13.599532051320123,59.36926279752824,0,2026-09-07 10:52:32
2026-09-06 18:37:00,CNC-01,L,299.5390137675674,313.06111888382344,2199.1090333577104,27.98066090561491,74.1197040937833,2.7354243226727495,11.431560601125385,52.02482480410993,0,2026-09-07 10:52:32
2026-09-07 05:27:00,CNC-01,L,295.8372409312249,310.3146512340379,1876.2958725953429,38.47356556447392,157.89565730209696,2.8847309332597515,13.115057370196485,62.41660996917656,0,2026-09-07 10:52:32
2026-09-07 06:19:00,CNC-01,L,295.24395881982736,309.19847988656664,1898.8820006264775,38.44249206065958,18.796885994430575,0.0,13.54776282727323,60.43297158320896,0,2026-09-07 10:52:32
2026-09-06 19:57:00,CNC-01,L,299.57720987629955,313.9734344475632,2361.109326991736,29.75995420880594,173.8127001094471,3.471801488844732,13.240151815206145,53.82516689410272,0,2026-09-07 10:52:32
2026-09-07 03:37:03,CNC-01,L,296.83168955732947,309.39141300168745,2300.8722431649976,22.302498114227845,20.869653557484728,2.847243396082977,9.773755106998092,55.968951115704925,0,2026-09-07 10:52:32
2026-09-06 17:59:00,CNC-02,M,299.54579075344446,314.7862410691053,2094.337330110421,37.43407004162113,212.45048519288216,3.4933526745713492,14.630777173098103,53.02674653335286,0,2026-09-07 10:52:32
2026-09-07 02:42:00,CNC-02,M,297.05790214683856,310.0396249704137,2530.831795882534,19.758694110965017,90.1331506163796,3.1640471165945434,9.437331356224067,55.292573286353544,0,2026-09-07 10:52:32
2026-09-06 15:48:00,CNC-03,H,299.39049120514807,313.30325862450496,1754.3761714437815,41.5969523688351,11.935486179050326,2.365334216301964,13.61756658466416,52.506567441351876,0,2026-09-07 10:52:32
2026-09-06 23:20:00,CNC-02,M,298.9007672333143,311.9966761313843,2581.8260108917434,20.30355726735149,113.01524583188439,3.1831051042505645,9.914408465965264,56.07729909897251,0,2026-09-07 10:52:32
2026-09-07 00:40:00,CNC-03,H,299.6971071830138,311.80541515076817,2640.4846138562,16.415192146806852,128.79724172574765,3.183321078066755,8.080659544134555,60.62682548016214,0,2026-09-07 10:52:32
2026-09-06 14:01:00,CNC-02,M,297.406024453981,311.626459252418,1468.2867757042054,50.45982292756308,76.70858266793569,2.117128001663695,13.959289435837206,58.98431931632917,0,2026-09-07 10:52:32
2026-09-06 23:37:00,CNC-03,H,299.6623996332238,311.20225395842107,2696.835064264815,,61.79546366680477,3.2724426355717195,7.12986989674817,50.510682205858664,0,2026-09-07 10:52:32
2026-09-07 03:19:00,CNC-03,H,298.3065376118983,311.6784540290789,2516.223086315895,24.643482213847186,75.43032014000066,3.0375122820463547,11.575489070753964,54.7705458405373,0,2026-09-07 10:52:32
2026-09-07 00:20:00,CNC-02,M,298.60771489531845,311.59997775773877,2679.02884830727,18.15623523818811,177.07020876284068,3.5897217856241035,9.046405266999841,54.88925848684856,0,2026-09-07 10:52:32
2026-09-07 07:17:00,CNC-01,L,295.2635427340434,309.46397465529884,1814.1543877321797,40.21098738698722,99.5496762625088,2.546598397567372,13.877126469166894,58.00247378305002,0,2026-09-07 10:52:32
2026-09-06 23:08:00,CNC-01,L,298.70362652453707,310.796984476837,2646.081818532769,15.255729949330837,153.3785242642899,3.485081711378239,7.527975029878939,56.66777941949665,0,2026-09-07 10:52:32
2026-09-06 19:30:00,CNC-03,H,300.58320210022544,313.90061291571266,2228.455269599762,27.032060434790132,45.056437956592916,0.0,11.253323533162042,45.97727544785164,0,2026-09-07 10:52:32
2026-09-07 07:51:00,CNC-01,L,300.56790448509474,309.3520755428122,1737.7018886677797,44.19874224526227,148.4965605198276,2.639207935836576,14.524074949334757,48.96826828928532,0,2026-09-07 10:52:32
2026-09-06 19:41:00,CNC-01,L,299.53691502049554,314.04910048114715,2385.806633739124,28.871507812935693,154.3749668171264,3.189399001727932,13.1171983298241,55.96121921841166,0,2026-09-07 10:52:32
2026-09-06 12:50:00,CNC-03,H,24.3246446620563,39.71773812653282,1424.0043957280818,54.733318814607244,215.70950630353232,2.77113216714013,14.72724092092039,58.581096135421944,0,2026-09-07 10:52:32
2026-09-07 07:04:00,CNC-01,L,295.29958225895166,309.2696612779777,1775.2996456820679,38.96386320736336,81.08949545838149,2.5020281468544714,12.845955999292112,62.20780735481086,0,2026-09-07 10:52:32
2026-09-06 14:15:00,CNC-01,L,297.94833261621415,311.83130466878146,1423.1947541748611,46.694083703847866,122.37299914964119,,12.493541013839803,55.90252416397274,0,2026-09-07 10:52:32
2026-09-07 04:23:00,CNC-01,L,296.36966748334584,310.3779698218391,2205.2838208783123,30.45611401090872,77.30151834131685,2.8704247447651987,12.465038387633026,55.985799291343724,0,2026-09-07 10:52:32
2026-09-06 18:05:00,CNC-02,M,299.4298600947208,313.40689360764367,2110.5277606627033,32.894597704485946,2.6367524459376575,2.614844319427817,12.768470713567059,51.14961388322469,0,2026-09-07 10:52:32
2026-09-06 14:16:00,CNC-03,H,298.8681740561607,313.67892495959217,1480.7707988949858,53.658156866018004,103.70604546649656,2.232492289828607,14.841539468099096,53.248435614179364,0,2026-09-07 10:52:32
2026-09-07 10:24:00,CNC-03,H,296.84628865726614,311.84203509881735,1444.112087387954,51.441074506131834,204.82320022780803,2.5665880478564933,13.69141795793327,58.198029565625326,0,2026-09-07 10:52:32
2026-09-07 01:16:00,CNC-01,L,297.516859468235,310.33273851515617,2562.0383501078736,19.745583474943814,93.19359923236122,3.1466585514583567,9.611952857727772,56.69015180660129,0,2026-09-07 10:52:32
2026-09-07 04:25:00,CNC-02,M,296.0753897959482,310.57943910313173,2449.6962288141167,25.84730689825073,210.38073257663953,3.780986446030993,11.828804988661023,60.861364815685334,0,2026-09-07 10:52:32
2026-09-07 04:46:00,CNC-03,H,297.73475112879373,311.31570494883584,2287.547112480914,26.731712727975193,179.85221288980412,3.2427350408663904,11.262532794910554,53.567337620089745,0,2026-09-07 10:52:32
2026-09-07 07:57:00,CNC-03,H,296.5260102591452,311.04472346789004,1634.082362562252,40.97836392638619,198.953436495637,2.7679308103828104,12.842926633248743,56.049930754688496,0,2026-09-07 10:52:32
2026-09-06 20:30:00,CNC-02,M,32.104245792490985,39.642136140003515,2440.3640460911256,23.104753038176163,181.93765341887337,3.462885271297594,10.491440337490891,,0,2026-09-07 10:52:32
2026-09-07 02:55:00,CNC-03,H,298.3026827206521,310.1295599404024,2569.576575094271,16.280354515542875,,31.76896900704631,7.748479487216536,56.46422233494751,0,2026-09-07 10:52:32
2026-09-07 01:56:00,CNC-03,H,298.82521653245277,312.06241205212,2572.465946643486,20.28545944560615,210.79130148962295,0.0,9.593534772542679,54.74218471647392,0,2026-09-07 10:52:32
2026-09-07 00:39:00,CNC-03,H,299.68832405006066,311.90065938970054,2835.3457928315497,15.182169785346549,127.73475828534835,3.5388324067182344,8.09682962979105,51.841865878069925,0,2026-09-07 10:52:32
2026-09-07 02:17:00,CNC-01,L,297.3409681710501,310.6910427429076,2514.7682745669445,22.811737395795003,159.30129634537138,3.470697844082339,10.92928971218425,51.96338720896614,0,2026-09-07 10:52:32
2026-09-07 06:08:00,CNC-01,L,295.4491374838887,308.90533816454007,2099.7751095204235,31.135341998091818,3.938445454097528,2.6934995672319637,12.18908527481739,0.0,0,2026-09-07 10:52:32
2026-09-07 07:48:00,CNC-03,H,,311.7272738113808,1577.9533454137354,47.62618198885934,185.59117868541523,2.6715824635166765,13.864452631498077,53.083922233413375,0,2026-09-07 10:52:32
2026-09-07 09:49:00,CNC-02,M,295.3011064246416,310.03014445028026,1426.2044932936178,47.37813267026168,207.2068235566007,2.7858653766296118,12.507685522841115,62.673248167055846,0,2026-09-07 10:52:32
2026-09-06 10:58:00,CNC-03,H,296.7444879086992,310.5362252962428,1367.8576593939665,48.60280125484908,38.0313681995065,2.180351735111202,12.606238200847853,56.82848139491626,0,2026-09-07 10:52:32
2026-09-06 13:28:00,CNC-03,H,25.27400134385772,38.91417507170195,1356.1317293558006,49.142654758165904,28.39024564372217,1.9732324157746461,12.474725277532709,52.52483611013189,0,2026-09-07 10:52:32
2026-09-07 05:03:00,CNC-02,M,295.6050851254992,309.41132921202814,2267.7275910137837,29.14491680643412,563.9263996996203,27.705102374876425,12.126057270559784,60.742422244408885,0,2026-09-07 10:52:32
2026-09-07 04:38:00,CNC-03,H,297.45269263767216,311.830264122653,2282.7778746063655,29.969535628969652,169.9598993794495,3.243879465406856,13.106306759838526,52.12705057621223,0,2026-09-07 10:52:32
2026-09-07 07:13:00,CNC-03,H,296.5043962459744,311.1395907889927,1817.7088362597121,41.601880935347246,135.36132925570573,2.579526512627097,13.967671646335502,56.98629465362103,0,2026-09-07 10:52:32
2026-09-07 07:18:00,CNC-01,L,295.48294441225005,309.90083156822334,1764.3557742155392,40.47727075567469,100.99037471043351,2.4025306224233485,13.38066893685244,59.24315319702116,0,2026-09-07 10:52:32
2026-09-07 03:16:00,CNC-03,H,298.31278257099245,311.4073918388069,2539.358629028163,22.523541336794263,71.94559097102466,3.1170186461499236,10.64420495252124,57.30045994287778,0,2026-09-07 10:52:32
2026-09-06 13:45:00,CNC-03,H,298.25196518354267,311.84228400982596,1370.1199677598863,50.7442079720983,55.13393235739598,2.09063312315538,12.778387729520418,54.22297057143278,0,2026-09-07 10:52:32
2026-09-06 12:03:00,CNC-01,L,296.8669223802742,311.29184125668854,1323.712652102419,52.56856156111168,153.84172161776345,2.3270178765191103,12.867569989368075,55.2777978218068,0,2026-09-07 10:52:32
2026-09-06 23:56:00,CNC-02,M,298.7024616963472,311.3496166168417,2733.562181953153,16.65295009697803,151.33086218658906,3.48961845970713,8.547417937430046,54.15338610370675,0,2026-09-07 10:52:32
2026-09-07 00:35:00,CNC-03,H,299.6391336264421,312.31377690735997,2797.881044830157,16.99241168684111,123.54843890478212,3.3847461138994555,8.573015926761931,53.4327392675389,0,2026-09-07 10:52:32
2026-09-07 04:24:00,CNC-02,M,295.9629348977837,310.310415222737,2399.229921233739,26.526350143118208,209.20532458541228,3.7399489889361637,11.838587593317921,57.332570884921935,0,2026-09-07 10:52:32
2026-09-07 02:19:00,CNC-01,L,5137.628428937662,310.7179385548113,72041.08209062346,19.834060806206264,161.50752574772733,3.4837522793921365,9.94227399185849,56.827213961127434,0,2026-09-07 10:52:32
2026-09-07 04:50:00,CNC-02,M,295.71712780504697,308.83704391103635,2153.5054579894713,27.376897423308105,14.957363372086743,2.8540519085922167,11.025148807054384,60.98756569785408,0,2026-09-07 10:52:32
2026-09-06 13:58:00,CNC-02,M,297.7464797515903,311.843497676616,1516.6577424534928,48.20318393857408,71.9822078949525,2.2468694924991106,14.12532348924789,52.879537924971835,0,2026-09-07 10:52:32
2026-09-06 23:44:00,CNC-01,L,298.53526134201985,310.54564809582445,2728.2210097894495,13.216103593917373,191.7973670933566,3.8896970985865944,7.006391807231782,53.852640876415784,0,2026-09-07 10:52:32
2026-09-07 03:52:00,CNC-03,H,297.78267117506107,311.41976670225523,2411.091090538627,26.109875246821808,113.97015000559006,3.1834763816583553,11.969026195598214,54.32208256742196,0,2026-09-07 10:52:32
2026-09-07 01:34:00,CNC-02,M,297.5387426465089,309.26237022950306,2748.7787638634545,14.890541421845784,14.929573829197734,3.231935721035559,7.470260324866727,51.81166630811935,0,2026-09-07 10:52:32
2026-09-07 05:57:00,CNC-03,H,297.2418383749623,310.3162739158919,2225.098418004475,25.71233666905559,31.245877746421495,2.8252357065303975,10.595366202372645,59.69407493892006,0,2026-09-07 10:52:32
2026-09-06 15:51:00,CNC-03,H,299.8331822096462,313.41189124634064,1795.693975436834,37.823447540329205,16.310300498690623,2.3956641267983922,12.639145992433596,54.370580043841805,0,2026-09-07 10:52:32
2026-09-06 12:40:00,CNC-03,H,24.31349477558365,39.05187216075615,1375.9425897469941,51.70679953619389,199.9496326492447,2.53111231789294,13.400027909607466,57.20293719076776,0,2026-09-07 10:52:32
2026-09-07 03:44:00,CNC-03,H,297.9719488790744,311.0917820658266,2393.964224618715,24.18616564660548,104.51632251431977,2.958918592117155,11.009402363089022,52.16539645026441,0,2026-09-07 10:52:32
2026-09-06 19:25:00,CNC-03,H,300.7028333368906,314.5259565122436,2227.878352641484,30.151880246770357,38.8722886559055,2.800791983126128,12.593215919957077,50.478554729040276,0,2026-09-07 10:52:32
2026-09-07 04:51:00,CNC-02,M,295.8020484625953,309.94136501355416,2083.3334548543403,33.11751621442121,16.255120984979218,2.693046942445128,12.54200440492906,59.33327046453163,0,2026-09-07 10:52:32
2026-09-06 17:12:00,CNC-01,L,299.2759854000126,313.9373313379414,2024.5587185946165,37.15530385733983,178.5981693947708,3.283383612433655,14.033240246613449,52.30860395215711,0,2026-09-07 10:52:32
2026-09-06 15:58:00,CNC-03,H,299.5947347401211,313.34817071573326,1716.8002109331164,39.4064213148813,26.626675774531112,2.429668019393871,12.557428569736361,50.47313627526324,0,2026-09-07 10:52:32
2026-09-07 05:16:00,CNC-02,M,296.0015770239845,309.803317933551,2145.799182211476,31.26145108660292,47.76885127843552,27.156426882448315,12.610988315009436,59.11512500007994,0,2026-09-07 10:52:32
2026-09-07 07:54:00,CNC-02,M,295.2614077954104,309.3884962095889,1788.2213512567055,38.779586172769015,33.40651883612456,2.3735423556824786,12.753528246335398,60.160730950562105,0,2026-09-07 10:52:32
2026-09-06 18:06:00,CNC-02,M,299.60461686494517,312.8529643248877,2073.4091333207944,29.694803550986986,3.948476851934058,2.5903900027740137,11.41092199738944,57.37957528961704,0,2026-09-07 10:52:32
2026-09-07 05:24:00,CNC-03,H,297.07120074694126,311.56772732929886,2162.3071735840917,30.887173005239084,227.9930496654444,3.5735507035865934,12.620847439531609,54.7197540299309,0,2026-09-07 10:52:32
2026-09-07 09:58:00,CNC-02,M,295.24582358260034,311.04420952644676,1529.9666216123003,52.37180016383122,221.12131795905026,3.096820990969591,14.984453749817728,58.47006688927489,0,2026-09-07 10:52:32
2026-09-07 02:52:00,CNC-03,H,298.3099158701855,310.8410961953064,2475.388851668259,20.772099185749298,44.49975963859205,3.055700314364584,9.579469856151047,54.07168514973231,0,2026-09-07 10:52:32
2026-09-07 04:18:00,CNC-02,M,295.9855460801924,310.48977848429723,2194.32186449275,30.271753584833405,201.85911382777795,3.477467703896261,12.466572844279845,61.988987214382654,0,2026-09-07 10:52:32
2026-09-07 02:45:00,CNC-03,H,298.4927194093502,310.82409650945027,2692.3254366978995,17.699742002959226,36.63246839787071,3.3106790080461748,8.843596419543923,55.443267885684065,0,2026-09-07 10:52:32
2026-09-07 02:46:00,CNC-01,L,297.1338179890422,,2598.7076339673213,19.53415437074558,191.49642897064842,3.8421901933758633,9.644736914418644,61.51136311653698,0,2026-09-07 10:52:32
2026-09-06 21:59:00,CNC-01,L,299.2902438447911,311.2771967554044,2577.0817206543506,15.725586193491147,78.8065415804831,3.178278451335221,7.627180918752998,49.15178619218359,0,2026-09-07 10:52:32
2026-09-07 06:14:00,CNC-02,M,295.4175407850174,310.22035414097485,2004.9530808238783,35.937779687979024,123.9399668059073,2.84004279677409,13.622350236106227,58.02134624511816,0,2026-09-07 10:52:32
2026-09-06 22:43:00,CNC-02,M,299.5123630504523,311.820483025431,2561.4374470360394,17.53086417942926,73.46861358338876,3.2826036098980977,8.464881016630384,54.869877932179705,0,2026-09-07 10:52:32
2026-09-07 05:18:00,CNC-01,L,295.64949191830357,309.56650961143947,2229.028434229341,29.302154489227966,146.14421750852986,3.2341211341006346,12.01547573166623,58.43927762660239,0,2026-09-07 10:52:32
2026-09-07 00:11:56,CNC-03,H,299.7757206530733,312.7044365472327,2770.234949314715,19.067163336708994,100.15040848315078,3.4492139081989803,9.740698351493778,50.57454842939237,0,2026-09-07 10:52:32
2026-09-06 12:38:00,CNC-01,L,24.147620356290474,39.44576383404376,1409.6645610389446,55.91092193862932,209.58099179876166,3.03374829350486,15.066233541258894,53.44624111536223,1,2026-09-07 10:52:32
2026-09-07 10:25:00,CNC-01,L,294.83645934950016,310.0042932109333,1356.0021487479567,57.62813834160737,184.90152301381465,2.5823068841002095,14.739406262513283,63.79347112570192,0,2026-09-07 10:52:32
2026-09-07 09:06:00,CNC-02,M,295.4494705053451,310.1037175913943,1641.8515192365626,42.020503839001506,140.94827472583304,2.4935036120158127,13.009531915110621,57.970649116204754,0,2026-09-07 10:52:32
2026-09-06 11:17:00,CNC-01,L,296.7331073249133,311.02247212866354,1454.6579761619503,50.2949197552627,81.1569383617494,2.1728736931427375,13.817628144254074,59.95862726132864,0,2026-09-07 10:52:32
2026-09-07 02:05:00,CNC-03,H,299.18198477330577,312.95280580217894,2530.49663536075,22.495019450096827,220.6770494583153,3.813051889900603,10.34603152303797,50.99722530989788,0,2026-09-07 10:52:32
2026-09-07 09:01:00,CNC-02,M,295.4650314196064,309.94114562505973,1390.945356566254,49.16854579693657,133.27719644240509,2.1335009492765846,12.977027770617283,55.418069003013386,0,2026-09-07 10:52:32
2026-09-06 19:51:00,CNC-01,L,299.64834932189456,312.8144876242639,2399.777859454001,22.19797433724433,166.49701859231484,0.0,10.343090455638361,55.43898901964605,0,2026-09-07 10:52:32
2026-09-06 14:35:00,CNC-02,M,298.2593398327535,313.08918881631706,1580.610065687637,48.015374398784104,129.2928153836477,2.376643740768654,14.121335130925607,55.538425905376464,0,2026-09-07 10:52:32
2026-09-07 10:37:00,CNC-03,H,297.1446201153011,312.26525128343087,1389.777629219731,56.1320898667511,225.22140661008805,2.9511164156772423,14.5336254248063,54.88664851002377,0,2026-09-07 10:52:32
2026-09-06 18:17:29,CNC-01,L,299.298275398346,313.128907742315,1961.1152246252962,34.97027369939039,49.385415408115186,2.560423145539583,12.671860655807784,53.6283007219624,0,2026-09-07 10:52:32
2026-09-07 07:27:00,CNC-03,H,296.5381328175877,311.1130369999163,1710.63405972525,42.96993408726456,155.26158805930996,24.834042706125327,14.014035859625915,58.82779132095297,0,2026-09-07 10:52:32
2026-09-06 22:15:00,CNC-03,H,300.0080663924182,312.90561309199416,2745.7486156335626,17.50355176835595,233.9637568486906,4.090793973600441,8.987738742452263,52.63244824809747,0,2026-09-07 10:52:32
2026-09-06 13:42:00,CNC-02,M,24.831384508301596,38.95642794747522,1382.3640146910293,50.29293076764497,47.04847963702417,2.0613588960201277,13.00809133803718,51.82519660845116,0,2026-09-07 10:52:32
2026-09-06 19:35:00,CNC-01,L,299.64226808110544,312.7521229749329,2431.9849538614776,23.09857261817759,147.04879434956914,3.2072312430970795,10.699229216264024,48.27873859073688,0,2026-09-07 10:52:32
2026-09-06 12:51:17,CNC-02,M,23.757606766015556,38.238232140893444,1300.6422958963108,53.066578720671934,208.08526328154215,2.577967481754122,12.603473754777344,58.62940001709679,0,2026-09-07 10:52:32
2026-09-06 12:02:00,CNC-02,M,296.99484447429853,311.06514710124065,1407.3481393462898,49.36835549783958,130.23261414397393,2.364684536351013,13.014003849230718,59.30007269684956,0,2026-09-07 10:52:32
2026-09-06 19:30:00,CNC-02,M,299.7202852388949,314.0160592355785,2277.3073929195916,31.161338096709827,110.3432162206406,3.0437003648242174,12.969331351136555,49.905188845177456,0,2026-09-07 10:52:32
2026-09-07 10:09:00,CNC-01,L,294.4121071305587,309.77557198803964,1398.5320663914044,56.73356104639662,159.70232854522834,2.330090174468841,14.812285805813483,64.28540522015092,0,2026-09-07 10:52:32
2026-09-07 07:09:00,CNC-02,M,295.6594302464191,310.80520444689785,,39.60144247151797,199.77851373384206,3.19369077491601,13.742843721883439,57.50737491509764,0,2026-09-07 10:52:32
2026-09-06 20:21:00,CNC-02,M,26.535600169431063,40.49491348942064,2473.0546448338287,24.637662179255184,171.38848924547216,33.349882825705336,11.311006170584085,52.44586580853489,0,2026-09-07 10:52:32
2026-09-07 07:47:00,CNC-01,L,295.0602475050915,310.1113997491769,1658.4137306380878,48.102408243284486,142.6910463638492,2.5572398930399913,14.986887023635806,61.45556359251021,0,2026-09-07 10:52:32
2026-09-07 05:03:00,CNC-01,L,295.69721926125953,309.30073168095095,2094.9463668398616,28.437266970434052,127.01734614571644,2.8858980387185973,11.00450325748579,65.51189600353047,0,2026-09-07 10:52:32
2026-09-06 19:32:00,CNC-02,M,299.64432366225685,313.3369930628413,2246.639971700879,28.03350807998766,112.84087663934491,2.932853395059864,11.744516099927539,55.55001870606976,0,2026-09-07 10:52:32
2026-09-06 13:35:00,CNC-02,M,24.336242732228754,38.44235277384661,1440.2332120389742,49.38982028880447,36.03728295046535,2.104373333790059,13.153689318922629,46.95397718678884,0,2026-09-07 10:52:32
2026-09-07 06:15:00,CNC-02,M,295.86832150438937,310.55322761640736,2034.0955741103758,35.537070241046095,125.26245860473563,2.7513478385446715,13.796366362131234,56.154446685580844,0,2026-09-07 10:52:32
2026-09-06 22:21:00,CNC-01,L,298.8715317807286,311.294210855474,2505.0909826993657,18.904019425041064,102.79708335817494,3.1609640179786562,9.05282293063269,51.73727175183606,0,2026-09-07 10:52:32
2026-09-07 03:56:00,CNC-03,H,297.9459724972675,312.2194739987023,2384.6823025954836,31.083992310059884,118.72093607332432,3.156661038664789,13.737172689621765,53.61882690804478,0,2026-09-07 10:52:32
2026-09-07 09:53:00,CNC-03,H,297.0351104770059,311.27803600940337,1386.9878167723302,49.832608003430884,156.30326544234114,2.2332854191587015,12.848483129004862,54.91381897397414,0,2026-09-07 10:52:32
2026-09-07 06:47:00,CNC-01,L,295.48954755688163,308.72831747671296,1961.9000461936641,31.710179546877715,57.19831139951896,24.789705784850113,11.577095476746457,55.91085401923351,0,2026-09-07 10:52:32
2026-09-07 06:22:00,CNC-02,M,296.06269151511515,310.4986182575673,1906.579608389222,35.32237411596451,134.6211468890057,2.735903976610114,12.494457617624313,54.92675601409915,0,2026-09-07 10:52:32
2026-09-07 06:47:00,CNC-03,H,297.0433031991226,310.8399238957698,1904.3582273982045,34.01696997270929,99.11201510228804,2.685731690149781,12.01031505243392,55.94323514172965,0,2026-09-07 10:52:32
2026-09-06 20:51:00,CNC-01,L,26.297767570379165,38.260331564853914,2544.363650313299,18.63880679494765,2.309787186105316,3.137341712731343,8.68372356384467,53.07872683799933,0,2026-09-07 10:52:32
2026-09-06 23:45:00,CNC-02,M,299.161898822837,311.1720185505371,2674.4455048273417,14.393334183222638,139.66788122027455,3.3408983030313872,7.19187241404526,54.023287933699876,0,2026-09-07 10:52:32
2026-09-06 12:04:00,CNC-02,M,297.00204965673504,310.82949687198663,1266.151003838918,53.401422622087594,133.43261414397392,21.606758378922713,12.905280390398875,57.046674920854954,0,2026-09-07 10:52:32
2026-09-07 04:04:38,CNC-01,L,296.5357496374947,310.15438588057054,2358.076756395572,26.53341593418266,54.103547554907884,2.8898108239082867,12.014596758220307,53.7576075914082,0,2026-09-07 10:52:32
2026-09-07 06:02:00,CNC-02,M,295.5894656198184,309.87478787372953,2000.046012374992,33.88962917069071,108.02686557655942,2.769267321387568,12.844251955791693,57.76112465785633,0,2026-09-07 10:52:32
2026-09-07 04:44:00,CNC-02,M,295.79929915295,308.77526258617905,2224.406580989323,25.656642424260934,7.447580648717357,2.8327948647169596,10.617405836924291,63.04854484763602,0,2026-09-07 10:52:32
2026-09-07 01:01:00,CNC-02,M,298.3068076328927,311.2589207168434,2585.7035515295024,17.161020694469826,220.45454050452548,4.084617926981048,8.086560509650948,53.955272880814626,0,2026-09-07 10:52:32
2026-09-07 10:38:00,CNC-02,M,295.35618710169,309.6773934063597,1356.9484587771062,52.07770037157496,44.09834213978504,2.0304686721577783,13.312840778294817,57.750970184478454,0,2026-09-07 10:52:32
2026-09-07 09:29:00,CNC-03,H,296.57413591064403,310.692551128812,1532.5730021304064,46.67415803862223,119.07603433280545,2.2169949365197907,13.549730910232404,61.36296272492599,0,2026-09-07 10:52:32
2026-09-07 04:24:00,CNC-03,H,297.36869384318175,311.233839133955,2331.0088227737647,26.838281817218302,152.69232284072635,3.1064298108951816,11.816198214487212,56.98292214681212,0,2026-09-07 10:52:32
2026-09-06 11:20:00,CNC-01,L,296.7068731816945,310.5898873931994,1411.6484803664544,48.658321835608234,85.87515192867183,2.0568873608198417,13.019444514721448,54.83715626433646,0,2026-09-07 10:52:32
2026-09-07 03:20:00,CNC-03,H,297.9657605406949,310.3602905611485,2344.2149352720385,20.75883966464893,76.62516706960083,2.9274049406824143,9.097696900551579,58.952128645062025,0,2026-09-07 10:52:32
2026-09-06 15:50:00,CNC-01,L,299.03653752456273,313.32025478564555,1559.8467451730457,49.02704905689917,61.65306047702497,2.1751806924083246,14.098002406448934,53.211009139737065,0,2026-09-07 10:52:32
2026-09-07 04:31:00,CNC-01,L,296.39611727967423,310.16174577860795,2385.139261469893,27.302507880009067,86.99637378638636,2.9830169891460114,12.151440859763346,56.2760214449744,0,2026-09-07 10:52:32
2026-09-06 11:18:00,CNC-01,L,296.58451994725425,310.7583216079674,1513.161541506618,47.23566305820555,82.72551528658208,2.2168987647822793,13.554345209226973,61.87663868659481,0,2026-09-07 10:52:32
2026-09-07 07:21:00,CNC-02,M,295.5845144614775,310.675344882094,1901.9820989076877,39.88472748980651,216.76470861033042,3.2739828948343965,14.089516363673507,57.484225123290706,0,2026-09-07 10:52:32
2026-09-06 12:32:00,CNC-03,H,297.6424151759732,312.36849538227847,1342.9976026685824,55.527170233613134,187.30450027224217,2.3700961135035836,13.980399205113331,55.03851870727935,0,2026-09-07 10:52:32
2026-09-06 12:35:00,CNC-03,H,297.4104209819574,312.2564161219687,1527.018850538486,,192.04847532404762,2.6865411250459053,13.917167850045335,54.5656100013119,0,2026-09-07 10:52:32
2026-09-07 08:16:00,CNC-02,M,295.08944417829235,309.3808393666178,1519.528275192075,44.994799605166605,65.9828871257806,2.1097764858430046,13.126046209586663,59.18293239814102,0,2026-09-07 10:52:32
2026-09-07 10:50:00,CNC-01,L,294.96200655757167,309.5999523989474,1336.3775254436184,54.13922199906217,224.3649395679984,3.0260130145259128,13.687142583869754,61.85034805903759,1,2026-09-07 10:52:32
2026-09-06 18:20:00,CNC-01,L,299.49620267442873,313.42041693852326,2196.99511831985,31.065223103151357,51.96088499367517,2.8674425277908755,12.78304207731296,55.25304427264612,0,2026-09-07 10:52:32
2026-09-06 22:55:00,CNC-02,M,299.51708015119476,311.275059095581,2627.8366450595427,13.601753791267019,86.425629982388,3.21629746289686,6.611111135862217,53.69429507618126,0,2026-09-07 10:52:32
2026-09-06 14:01:00,CNC-03,H,298.5743796407553,312.9085741656279,1392.0670780630644,53.14653506415434,80.24998657575442,2.1588221610760594,14.115589516394575,52.15717129907795,0,2026-09-07 10:52:32
2026-09-06 13:24:00,CNC-03,H,25.205548335889034,39.06479392267238,1398.2351381258118,50.57383257713536,22.204475293658607,2.0787479119934953,13.422740695731676,,0,2026-09-07 10:52:32
2026-09-07 06:48:00,CNC-03,H,297.06661527964167,311.724464655043,1963.210244954125,39.70490512836591,100.48760630356597,2.621010704242383,14.5294055277586,55.63904282910717,0,2026-09-07 10:52:32
2026-09-06 19:23:00,CNC-03,H,300.587871910783,313.9152281901664,2308.248354606744,27.554198002130036,36.41702537134757,2.834870294417664,12.12851830015624,48.752360090238966,0,2026-09-07 10:52:32
2026-09-06 18:16:34,CNC-03,H,300.23859262701717,314.71037431925237,2062.187082237444,33.66872751529086,218.81833139610572,3.2897551167926498,12.862848980190067,53.623375546467166,0,2026-09-07 10:52:32
2026-09-06 11:43:00,CNC-01,L,296.7630901567525,310.92594252273597,1337.0360992861679,51.64834246968618,122.261286938957,2.1576056291795362,12.963120838469244,52.91595914805412,0,2026-09-07 10:52:32
2026-09-07 05:25:00,CNC-01,L,295.8950778284734,309.53481148749944,2265.8598571246007,26.810405143375696,155.23070151262075,3.2077235552313654,11.557871747525535,59.48484956942696,0,2026-09-07 10:52:32
2026-09-06 19:44:00,CNC-03,H,300.4466850792056,313.17313619517097,2348.8463090810974,22.810798623144226,62.026999180020226,2.9940424675123434,10.187840047394902,54.650554626300064,0,2026-09-07 10:52:32
2026-09-06 12:06:00,CNC-01,L,297.0869642270105,311.5395704492125,1411.0044757137023,51.95018129431319,158.58070353382087,2.489239656563679,13.767015106086854,50.848856478142,0,2026-09-07 10:52:32
2026-09-06 19:29:00,CNC-02,M,299.7773523131461,312.9112245377691,2487.3847925010823,22.388315914085116,109.09018262323379,3.15954030270376,10.200875995173044,53.26746975817259,0,2026-09-07 10:52:32
2026-09-06 22:36:00,CNC-02,M,299.3412608161445,312.1183578188398,2646.36274578365,19.56417143421453,65.8316210120801,3.222806901846476,9.647553474551433,52.444603916864324,0,2026-09-07 10:52:32
2026-09-06 22:30:00,CNC-01,L,298.8908772493208,311.39589943713725,2640.8527401912033,18.17596030311662,112.58765195258019,3.352559507534573,9.007216054491643,56.0547253811145,0,2026-09-07 10:52:32
2026-09-06 21:53:00,CNC-02,M,299.0574360836787,311.28322053338513,2614.77949203393,18.06310885487321,18.8101099937103,3.1265508273243325,8.867034954588332,56.13653215871169,0,2026-09-07 10:52:32
2026-09-06 15:54:00,CNC-03,H,299.3731856692429,313.09056975078477,1707.4033401808151,39.54938507014094,20.73018784523779,2.3015111049877928,12.670971229893466,55.643914154260656,0,2026-09-07 10:52:32
2026-09-06 18:23:14,CNC-03,H,305.9921542522638,315.1628014688559,2115.741373487824,36.258866037693224,226.50230115991496,3.4781392210719297,14.098301747351448,37.763472520073954,0,2026-09-07 10:52:32
2026-09-06 23:07:00,CNC-01,L,298.7093410058636,311.2238314001129,2845.4300978184924,15.874172709834864,152.30102042382305,3.7461663466068464,8.759885445112399,49.99565010761111,0,2026-09-07 10:52:32
2026-09-06 12:38:00,CNC-03,H,24.573924651518553,39.385931894008934,1374.1119524160154,54.610260713571556,196.74963264924472,25.50922438932142,13.988808247284714,55.123919397775104,0,2026-09-07 10:52:32
2026-09-06 17:56:00,CNC-02,M,299.6135032626192,314.17040585453583,2047.198153561785,33.52691005020749,208.45284784641288,3.257392464097345,12.699273040648858,58.66772812215331,0,2026-09-07 10:52:32
2026-09-07 09:46:00,CNC-01,L,294.87111170798823,309.49350377234,1556.1566034491996,49.049022338204324,123.8809405486995,2.362417304494943,14.42447451323126,58.18666061520282,0,2026-09-07 10:52:32
2026-09-06 14:02:00,CNC-02,M,297.91245408241747,312.15027283999467,1553.346867365911,45.935596269144185,78.19863442892935,2.163036320767738,13.283163701768528,49.77284023899689,0,2026-09-07 10:52:32
2026-09-07 09:32:00,CNC-02,M,295.40735646787806,310.14569607335386,1517.5137005950555,47.31076860956769,180.75050961659363,2.6417018438459907,13.477250111628535,58.829872293609334,0,2026-09-07 10:52:32
2026-09-07 03:18:00,CNC-01,L,296.77009816628754,308.149667005453,2676.0644486932933,14.287820724224813,0.0,3.2912405153385467,7.195712149533647,54.83978495692645,0,2026-09-07 10:52:32
2026-09-07 10:44:45,CNC-02,M,294.94682430692836,309.49946834691156,1592.8123937697635,45.280563912359824,55.072308206596254,2.1585177131226243,13.577202685156728,57.50897150612514,0,2026-09-07 10:52:32
2026-09-07 05:01:00,CNC-01,L,295.8480723191795,309.2708523671149,2106.2327746393526,28.28381762837145,124.50902856425515,2.866759706052988,11.047239985205085,57.39444593538079,0,2026-09-07 10:52:32
2026-09-07 08:55:00,CNC-02,M,295.1065780168985,310.00166809680053,1469.197185592265,49.69549641685073,123.96468841109355,2.2083084188531585,13.672405409964501,62.96365862986378,0,2026-09-07 10:52:32
2026-09-07 04:39:00,CNC-03,H,297.6321689082978,311.5931145457603,2254.0634858299986,28.325838468768573,171.2056790897476,3.0649955727893845,11.893052519027517,55.570854841715736,0,2026-09-07 10:52:32
2026-09-07 06:40:00,CNC-01,L,295.2774353919197,309.1459264628755,1886.4600135048343,,47.45520247950922,2.507622285506302,12.641708198693967,61.34288214485665,0,2026-09-07 10:52:32
2026-09-06 21:30:00,CNC-01,L,299.2553753290829,311.57633065480746,2395.3782548279582,,46.64530130354508,2.988924683254721,9.142448939160731,50.11952496459991,0,2026-09-07 10:52:32
2026-09-07 04:13:00,CNC-02,M,296.19645878388775,310.8418839616259,2256.452392094803,29.57529415802946,195.6959709251794,3.4681793516927413,12.730199400006848,55.335786383364486,0,2026-09-07 10:52:32
2026-09-06 20:45:00,CNC-01,L,26.372449463675764,40.61569049234765,2476.017512063393,25.492843737328823,229.95329347167382,4.119852764542082,12.028693667806095,52.74050472669844,0,2026-09-07 10:52:32
2026-09-07 03:00:17,CNC-02,M,296.856653892897,310.14426055594055,2449.029756068369,21.818230458488035,110.48479161989884,3.133292608231572,10.00245363850767,55.202410595534936,0,2026-09-07 10:52:32
2026-09-06 12:29:00,CNC-01,L,,311.8906217174662,1404.816822207001,52.73181831787933,195.27610781999064,2.6985278927335505,13.919682187358477,51.58656873934267,0,2026-09-07 10:52:32
2026-09-07 10:07:00,CNC-02,M,295.3289935987729,310.4995510385494,1455.402546331361,50.05111947748132,235.31368223024296,3.1293482820389036,13.641537860841883,56.7401689339114,0,2026-09-07 10:52:32
2026-09-07 09:11:00,CNC-01,L,294.92373907291886,309.16543844481856,1388.6088190341443,51.15808507073933,69.58867904430775,1.9783612817618663,13.048152958903472,60.09774890213278,0,2026-09-07 10:52:32
2026-09-06 18:19:00,CNC-03,H,306.13013995731404,314.6372284994297,2147.7290824583815,32.07731882797315,222.64472935986254,3.4660562697366384,12.783712717839734,41.58126784098673,0,2026-09-07 10:52:32
2026-09-06 11:04:41,CNC-02,M,296.9508862938495,310.84328374075915,1473.5128861345167,48.02160910474899,41.47120491401525,2.014838798721648,13.03691391924702,58.58306524015969,0,2026-09-07 10:52:32
2026-09-06 14:40:00,CNC-02,M,298.398141044637,313.3012899034555,1622.6530460804363,47.293000955935085,136.9465469793863,21.889954408845266,14.384889951877952,54.92874102343178,0,2026-09-07 10:52:32
2026-09-07 03:23:00,CNC-01,L,296.74428909105126,309.49248972690566,2415.259786843482,23.21229161833389,5.760233278439082,2.9644596436106716,10.544572335003629,56.83819959785512,0,2026-09-07 10:52:32
2026-09-06 15:01:00,CNC-02,M,298.6447027899323,313.21049830989426,1491.9775090261594,49.332565063940926,168.98008220419572,2.5572764624974686,13.952929981624443,52.61445100737255,0,2026-09-07 10:52:32
2026-09-07 07:02:00,CNC-01,L,295.4662006339473,309.37908770161596,1892.6670668966815,36.60107433005169,78.22322395413073,2.5968772825906647,12.920304405923668,62.20033597664308,0,2026-09-07 10:52:32
2026-09-07 08:19:00,CNC-03,H,296.8122437605799,310.6819139035038,1772.511486124172,41.8660036394701,13.307371277307748,2.3872141056206013,14.003465309336782,58.435227886034134,0,2026-09-07 10:52:32
2026-09-06 23:28:00,CNC-01,L,298.3860117287747,310.8607747407364,2731.3606883887355,15.955244119845775,174.54137261693103,3.7906077224833785,8.109447306212939,61.01734516436623,0,2026-09-07 10:52:32
2026-09-07 05:39:00,CNC-01,L,295.74143595184063,309.8820760426626,2110.2546527392515,31.487686814636,173.52225379814925,3.2498517920467562,12.582535815122188,59.90634578308183,0,2026-09-07 10:52:32
2026-09-07 00:34:00,CNC-02,M,298.6151535862611,311.99356757858635,2733.6661168473497,19.540612074039977,191.86835410926776,3.7988248947724075,9.984720086559392,51.86285904211561,0,2026-09-07 10:52:32
2026-09-07 09:59:00,CNC-03,H,297.0001479682423,311.46696080223234,1445.2977090617976,48.161672640437494,165.62925279600603,2.431437348930659,13.239322924304066,58.672263044547854,0,2026-09-07 10:52:32
2026-09-07 10:37:00,CNC-01,L,294.78113421096293,309.63323127439617,1325.6074481790336,54.966794881262665,203.76662703650817,2.8064866253652694,13.491355443982176,59.53728146029034,1,2026-09-07 10:52:32
2026-09-07 07:44:00,CNC-02,M,295.32668223404875,309.95767582219537,1862.6767986866998,41.1183412551414,18.793553410879543,2.4205900009326777,14.322612037072599,57.80914435403297,0,2026-09-07 10:52:32
2026-09-06 12:09:00,CNC-03,H,297.2012352087894,311.5973163478136,1356.8614295585346,52.435884590320796,,2.374583473491669,13.45454022541246,57.82251498217819,0,2026-09-07 10:52:32
2026-09-06 14:07:00,CNC-03,H,299.01689859294646,313.2365208892611,1392.0302552126586,49.9135691902935,89.65226022296746,2.054812627428752,12.97929504280525,54.28674026576674,0,2026-09-07 10:52:32
2026-09-06 20:36:00,CNC-02,M,32.10631313617233,40.20900326267201,2412.1852864120215,25.42617126532901,188.7785380327797,3.5257070683749205,11.574226185612105,,0,2026-09-07 10:52:32
2026-09-06 22:24:00,CNC-03,H,300.0819443843298,312.9002602782923,2779.3887803108532,16.37870585032546,243.78521698921202,4.272885962487764,8.323919312387126,49.69623274697403,0,2026-09-07 10:52:32
2026-09-06 13:05:00,CNC-02,M,24.35635335356841,39.378280861339874,1418.9701409739396,51.769688838232035,230.2262012333474,2.9795302173725395,13.748117081341853,54.15052742326427,0,2026-09-07 10:52:32
2026-09-07 01:04:00,CNC-01,L,298.0224921297407,310.61964613035195,2547.364372490727,19.551330142876335,80.23049400223046,3.2090953867370255,9.315799818827946,55.222394349842155,0,2026-09-07 10:52:32
2026-09-06 11:08:00,CNC-03,H,296.8037795923707,311.13996731703224,1415.2733911521402,50.89631195855531,53.833367910858286,2.107009089536549,13.86072247401963,57.995621694447756,0,2026-09-07 10:52:32
2026-09-06 19:20:00,CNC-03,H,300.3964097609832,313.15689823965147,2248.909749002711,25.867908245354947,32.7375699070914,2.768425625695588,11.140239316197212,53.79886613446756,0,2026-09-07 10:52:32
2026-09-07 02:12:00,CNC-01,L,297.05853855682466,309.93756651592855,2582.9555059621084,20.27966123206449,153.82629093333614,3.504518672845901,9.908805323646845,57.73909454622843,0,2026-09-07 10:52:32
2026-09-06 13:16:00,CNC-02,M,24.1918739493737,37.58473938444223,1408.5631309586618,47.130163559279715,6.247786026512985,2.1084282299534074,12.402786147329243,53.64496479387059,0,2026-09-07 10:52:32
2026-09-06 15:55:00,CNC-01,L,299.10685313590676,313.1828383992467,1740.0768228732693,39.92688173208884,68.87856688350205,2.343816544216692,12.937416322383738,52.991153225794676,0,2026-09-07 10:52:32
2026-09-07 09:49:00,CNC-01,L,294.4163650631529,308.9288466738108,1466.319988007227,50.40801229111911,128.56680699611846,2.3275395448950964,13.533753022895965,62.994803587884725,0,2026-09-07 10:52:32
2026-09-06 12:20:00,CNC-02,M,296.6914136704388,311.65885027477475,1455.7418351561673,53.515731772052995,158.90812427004806,2.5379808080150497,14.613994995973217,59.99235031512214,0,2026-09-07 10:52:32
2026-09-07 00:01:00,CNC-03,H,299.9466522488492,312.52287076386955,2711.3014710664743,19.169338242794485,87.36923422358741,3.3727875654116204,10.035511330705859,52.7661251872123,0,2026-09-07 10:52:32
2026-09-06 13:10:00,CNC-02,M,24.218091550173938,38.79110852896832,1459.6899051940136,46.13603452298616,238.0306776631553,3.1136259953289485,12.748717374499941,55.03298739610521,0,2026-09-07 10:52:32
2026-09-06 11:24:00,CNC-02,M,296.69582763714095,311.0391316916719,1341.279357394937,53.461761790043404,70.04978779478802,1.9653740638186776,13.678328002886158,57.0483926482609,0,2026-09-07 10:52:32
2026-09-06 19:33:00,CNC-02,M,299.5365075225683,313.9494719455245,2357.3029071793567,30.42332989998293,114.0561731629195,2.9841183231530772,13.554780658761375,49.387010818149754,0,2026-09-07 10:52:32
2026-09-06 11:49:00,CNC-02,M,297.0162210984291,311.162675725596,1311.3798944298062,51.69413043400096,109.72156811647173,2.041414211857038,12.371026524149753,58.24552131132739,0,2026-09-07 10:52:32
2026-09-06 22:24:26,CNC-01,L,298.9538566413417,311.92682232179254,2779.095346495995,18.42055667621421,104.99161334890157,3.3823364761505585,9.73082299933704,55.258372445804646,0,2026-09-07 10:52:32
2026-09-07 01:53:00,CNC-02,M,297.7731864563879,309.5546293437726,2697.8404805385717,14.328012552159556,35.54887365694589,3.19703555635443,7.33648880281334,54.421779172936354,0,2026-09-07 10:52:32
2026-09-06 17:13:00,CNC-01,L,299.22999369595465,314.27852369502915,1978.9900320342874,38.74236690810133,179.96707793887748,3.1322532094722635,14.208187156417198,52.14298051879088,0,2026-09-07 10:52:32
2026-09-07 03:16:00,CNC-02,M,296.48290871846183,309.6553429940547,2455.1751723577104,21.29294489935609,128.65618359956233,30.77487625705433,9.915167847621014,57.55308929103362,0,2026-09-07 10:52:32
2026-09-07 02:17:00,CNC-03,H,298.31819313624027,309.7612795643748,2668.3909185862763,14.620660853871545,5.417522246682427,3.2555939648087135,7.2295601774971345,56.933115870252564,0,2026-09-07 10:52:32
2026-09-07 09:15:00,CNC-01,L,294.80801505938155,309.3956675142843,1545.7695282248865,49.33816905834643,75.76693984242335,2.1414017103028167,14.33237462253145,61.46234462497854,0,2026-09-07 10:52:32
2026-09-06 23:53:00,CNC-01,L,298.30465660301314,308.847511066278,2725.1513051097413,10.741271208744621,4.287598328791737,3.2895892246534153,5.505791179516689,56.54817503179949,1,2026-09-07 10:52:32
2026-09-06 12:26:00,CNC-03,H,297.4704154517891,311.6005151648132,1358.9127774728458,49.39939572138829,177.7438185605784,2.3491769363257515,12.34926353254828,52.08889838888334,0,2026-09-07 10:52:32
2026-09-07 02:33:00,CNC-01,L,297.1283422306842,311.05100586342246,2550.855247821724,25.643409941628097,177.07756586728803,3.5885174517109997,12.325732045585543,55.82919551590013,0,2026-09-07 10:52:32
2026-09-06 13:55:00,CNC-01,L,297.51168481777324,311.93018105865093,1516.3739324579292,50.21363685914008,91.27043140603064,2.322910516700734,14.275296906066695,55.39701325131363,0,2026-09-07 10:52:32
2026-09-06 22:36:00,CNC-03,H,0.0,313.96614850060485,2696.0111507949046,22.278430298587264,256.688231686442,4.420882548780449,420.8152693502531,54.739337101568296,0,2026-09-07 10:52:32
2026-09-06 14:46:00,CNC-03,H,298.9117094121495,313.7581333265038,1706.7803497460775,45.35209177608395,149.90891463034663,2.591548013869471,14.698725914759843,54.42026100197626,0,2026-09-07 10:52:32
2026-09-06 14:00:00,CNC-02,M,297.69979118660683,311.9316429786467,1450.4635213191339,49.467512022595265,75.1521075179319,2.2015719800777642,13.455925903582893,54.310047842673676,0,2026-09-07 10:52:32
2026-09-07 03:03:47,CNC-03,H,298.1738585166113,311.083974182907,2340.2181066781523,25.394550232570552,57.07308238986848,2.965417020591723,11.182725652531158,54.052455352710574,0,2026-09-07 10:52:32
2026-09-07 01:22:50,CNC-03,H,299.2446547124676,311.7913486088219,2737.343351636698,16.325539634023922,174.9618961304397,3.5448551854682258,8.294411800544077,51.635083136639864,0,2026-09-07 10:52:32
2026-09-07 00:23:00,CNC-01,L,298.2618683826774,310.45114083472174,2742.9057995664652,17.380981911790997,36.20584747948684,3.342466811757248,8.769773549606327,55.04977919573151,0,2026-09-07 10:52:32
2026-09-07 05:39:00,CNC-03,H,297.31412080484654,310.393138523047,2184.160275867243,27.9348850500822,7.726928199731846,2.8584547933931224,11.59467246217068,55.2543423983655,0,2026-09-07 10:52:32
2026-09-06 22:15:00,CNC-01,L,,310.6768830094544,2840.174793427938,12.374815720921449,96.33043195338158,3.456236361162319,6.510871044160015,50.71360573238744,0,2026-09-07 10:52:32
2026-09-06 13:42:00,CNC-01,L,24.438328785337944,38.73281209460981,1519.6572132214446,48.27590453687827,70.98630958541975,2.1700542923310406,13.74328146342164,49.5813569759719,0,2026-09-07 10:52:32
2026-09-07 07:58:00,CNC-01,L,300.81783363642575,309.51345022248927,1553.8662163359895,48.05272214616704,158.85116774189382,2.5723760488310106,13.76439389208481,48.025973845155285,0,2026-09-07 10:52:32
2026-09-07 09:44:00,CNC-03,H,297.0676843780832,311.8300131596343,1627.6844339932156,47.54256848027532,142.2671123172593,2.418632697955556,14.520537113741518,58.63347901015253,0,2026-09-07 10:52:32
2026-09-07 05:42:00,CNC-01,L,295.4324349404512,310.1463330514359,2161.143442782627,34.43211311422676,177.4275417716194,3.2786849231692705,14.105441486834927,55.69423233206095,0,2026-09-07 10:52:32
2026-09-07 09:40:00,CNC-02,M,0.0,310.16034490154345,1349.8416847219291,49.5115317656441,193.1704723634039,2.666605487839344,12.50121100067032,62.11130407604386,0,2026-09-07 10:52:32
2026-09-06 12:20:00,CNC-01,L,296.7653520333153,312.16514968658373,1433.1125684308527,56.71699952572154,180.91773514886984,2.7490275761266862,15.38070142351126,55.19133175044051,0,2026-09-07 10:52:32
2026-09-06 20:42:00,CNC-02,M,32.06565864657995,40.351759411275395,2513.86406320486,25.75022864995028,195.67015603334005,3.624529395861949,12.1651593360096,42.09128468460242,0,2026-09-07 10:52:32
2026-09-06 20:52:00,CNC-01,L,26.685606648543796,37.93460716123565,2669.122671960581,14.127826950229766,3.4079930427474405,3.2274843726691005,6.906903940732037,46.43935678692352,0,2026-09-07 10:52:32
2026-09-07 05:37:26,CNC-01,L,295.3237177275311,310.8185294296628,2180.9370301307817,37.3600334670234,170.90411560864982,3.314963551466569,15.128699484390918,61.20210187608172,0,2026-09-07 10:52:32
2026-09-06 21:41:00,CNC-02,M,299.2240459281767,311.90048695457386,2432.541324625314,22.517889413857652,5.591271427007757,2.898708247941264,10.244095140313789,49.0720417545255,0,2026-09-07 10:52:32
2026-09-06 16:44:00,CNC-02,M,299.5701578578889,313.54642288000883,1947.2722614612883,32.49879986132795,109.18776120008518,2.574930950152035,11.952777149551869,54.91180410301203,0,2026-09-07 10:52:32
2026-09-07 05:05:00,CNC-02,M,295.6884885988632,309.6460166406876,2047.3190967981054,32.19210842573105,33.829557357697404,2.6586649482248403,12.277540183085922,61.4183491561683,0,2026-09-07 10:52:32
2026-09-06 20:42:00,CNC-03,H,27.149368603737287,40.39278481514549,2541.1796660951873,22.281871521910908,130.6707831473978,3.298439634281622,10.513851033156685,47.13253691685935,0,2026-09-07 10:52:32
2026-09-06 12:00:00,CNC-01,L,297.01499815949444,311.8818969197354,1372.841498524827,54.983456579785226,149.12196443687645,2.2891266722826176,14.090517567742399,55.32164797890532,0,2026-09-07 10:52:32
2026-09-07 04:17:00,CNC-01,L,296.16717154609023,309.89225328407576,2269.755664769535,28.890941252555802,69.94368473345271,2.79742410542458,12.391023571647914,57.037690968134065,0,2026-09-07 10:52:32
2026-09-06 20:17:00,CNC-02,M,26.441606548965183,40.16581188427426,2379.6686112236234,25.458409113204866,166.6580158593666,3.309771934690876,11.506409631450252,53.88078178606523,0,2026-09-07 10:52:32
2026-09-06 11:14:00,CNC-03,H,296.79434291235737,310.7172127837279,1410.1561046706584,50.056969478833516,63.35016917526885,2.0355006331966257,13.050582759516917,56.205408369706,0,2026-09-07 10:52:32
2026-09-07 05:46:00,CNC-01,L,295.79101236390846,310.7327405482362,2001.599290924606,37.67529305259161,182.65190504993177,3.0917143709000743,13.964711834472466,59.81207746426512,0,2026-09-07 10:52:32
2026-09-06 12:33:00,CNC-01,L,297.2696135807349,312.41862312283655,1510.5994278306407,50.958533031333346,201.6118328132109,2.8627685536852736,14.333639049357187,58.29763195562659,0,2026-09-07 10:52:32
2026-09-07 09:38:00,CNC-02,M,295.0673779012722,310.36193073640067,1565.2283838273906,49.231194561469756,189.98120147815527,2.801518481582496,14.451393126902385,62.43814790113025,0,2026-09-07 10:52:32
2026-09-07 10:05:00,CNC-02,M,295.34970763961786,310.69783041390366,1391.7731386411974,54.124752143746264,232.1675243668975,2.948045783714836,14.280857291913424,57.90233044786621,1,2026-09-07 10:52:32
2026-09-07 05:56:34,CNC-03,H,297.05404161807866,311.10984969332696,2042.4152907465148,34.98231907900138,32.588991665444155,2.571578113375267,13.553379518503768,53.866392143001995,0,2026-09-07 10:52:32
2026-09-06 11:41:00,CNC-01,L,296.6927460276721,310.8016978597311,1394.0918820494617,47.905936101771786,119.06128693895701,,12.442144590689162,56.42015650972175,0,2026-09-07 10:52:32
2026-09-07 03:38:00,CNC-01,L,296.5177698265816,308.14419425426576,2436.134432088917,16.553593707410393,23.12022129549784,2.9450703811314205,7.23555502301725,59.4968859637026,0,2026-09-07 10:52:32
2026-09-06 12:50:00,CNC-02,M,23.97671575166288,38.470323744043014,1287.8178565293758,54.2818475481096,206.48526328154216,2.7620141839329073,13.183345100581723,55.83629755951503,0,2026-09-07 10:52:32
2026-09-07 03:52:00,CNC-01,L,296.4174029293247,309.21812734644413,2346.318460989403,23.901386975097253,39.7874571445374,2.9604284277333,10.341751460277356,56.70219523119353,0,2026-09-07 10:52:32
2026-09-07 03:10:00,CNC-02,M,296.8789906047819,309.9423517571835,2560.9516452740454,19.36895875586452,121.76400443961144,3.2300148979142387,9.260289579212682,60.78431607505639,0,2026-09-07 10:52:32
2026-09-07 04:08:00,CNC-03,H,297.77562322798775,311.80842439191844,2248.9328911612356,30.190386360481302,133.1686127009523,2.940296917389256,12.82357089334971,58.23971301401977,0,2026-09-07 10:52:32
2026-09-07 05:52:00,CNC-03,H,297.2219172734105,310.76838260586817,2236.4950806357506,29.37825645433892,24.75051877419344,2.783769054516155,12.112918391662227,57.30760541165817,0,2026-09-07 10:52:32
2026-09-07 01:12:00,CNC-03,H,5175.029703971406,312.26144814103316,2680.6472115493225,17.068651613883702,163.1936619289665,3.5138895373482066,8.56165946922252,52.90100316248475,0,2026-09-07 10:52:32
2026-09-07 02:50:00,CNC-02,M,296.6634148593722,309.24178571051885,2568.579107542387,17.66931632226739,99.1790540627625,0.0,8.364236358158843,60.59788133395785,0,2026-09-07 10:52:32
2026-09-06 12:04:00,CNC-03,H,297.4723472706314,312.4069887209819,1398.157738406964,55.56897649667177,142.70565607296444,21.25052964984591,14.106566361244647,55.183000070325285,0,2026-09-07 10:52:32
2026-09-07 00:49:00,CNC-03,H,299.917835286117,313.10462686623026,2650.464789196332,21.650772494206134,138.42245308558776,3.3883978126456826,10.61900464777213,48.96696529527742,0,2026-09-07 10:52:32
2026-09-07 07:59:00,CNC-01,L,300.7653019090594,308.8469071140818,1693.1284503389163,40.67825778054264,2893.6683455033826,2.686974810199907,12.763318639353853,48.05193122972969,0,2026-09-07 10:52:32
2026-09-07 03:09:00,CNC-03,H,298.1179419671871,310.3671494097702,2435.1753098007166,20.079722857011262,63.941257129026745,2.9929789443949892,9.087217371604623,55.64406239026216,0,2026-09-07 10:52:32
2026-09-07 06:28:00,CNC-02,M,295.93695423088025,310.3264685528369,1823.7966247066345,38.38807493442163,142.8626543472561,2.583681822024836,13.08312892739416,57.857022079402775,0,2026-09-07 10:52:32
2026-09-06 14:49:00,CNC-03,H,299.18264049059474,313.3900315508719,0.0,50.168680851729796,154.5333695133811,2.357393789630563,13.496053247933409,56.49333841710255,0,2026-09-07 10:52:32
2026-09-06 20:05:00,CNC-02,M,299.6614504280205,314.12470794882233,2395.851103763941,28.86972778711166,152.7134590851703,3.210366522333353,12.892299818627485,46.35170293211075,0,2026-09-07 10:52:32
2026-09-06 16:44:00,CNC-03,H,299.6823933598753,313.69630359131025,1800.1737984945598,38.6604337371691,92.95769725504685,2.5793885188910863,13.27379738421902,52.44914837497868,0,2026-09-07 10:52:32
2026-09-06 15:20:00,CNC-01,L,298.43978100269686,312.34394724406604,1385.4770210530985,50.85950555146695,16.622798152513933,1.999552766297841,13.125461404613919,52.60079308894435,0,2026-09-07 10:52:32
2026-09-07 02:51:00,CNC-01,L,296.8779787374238,310.3529519400342,2481.8526427232796,22.963868210953112,197.11764971742267,3.7458593239546425,10.5105801966158,55.186571538975976,0,2026-09-07 10:52:32
2026-09-07 08:03:00,CNC-02,M,295.1328370492519,309.61116233895183,1673.6380157624637,43.90612475533152,46.74469066395377,2.327781567619748,13.764661535017442,58.31626825930718,0,2026-09-07 10:52:32
2026-09-07 10:05:29,CNC-01,L,294.9071084091922,309.4202702550321,1563.469188800091,45.67678765305715,151.92781928468818,2.5513760666824483,13.503051256692721,59.28040444458901,0,2026-09-07 10:52:32
2026-09-06 13:16:22,CNC-02,M,24.08459140956535,37.873629270027266,1377.7007855061977,50.87591298629706,7.847786026512985,1.9602424128530327,13.17950511946466,59.35815336632372,0,2026-09-07 10:52:32
2026-09-07 03:23:00,CNC-02,M,296.7303931592552,310.4322529871993,2631.4806091008127,22.634267284188457,136.71320946476797,3.327604194314858,11.095510307408617,58.50014184781656,0,2026-09-07 10:52:32
2026-09-07 00:11:00,CNC-03,H,299.9468074545065,312.05457506764753,2670.847286998856,16.42426113773848,98.00851544597857,3.2917236375884817,8.268773200447422,52.33295868249785,0,2026-09-07 10:52:32
2026-09-06 15:44:00,CNC-02,M,298.94737935029605,312.660667885131,1575.815547136813,42.95434548164096,,2.1985109060724604,12.855098634594974,52.34577954708262,0,2026-09-07 10:52:32
2026-09-06 18:12:00,CNC-01,L,299.2348871627162,312.69171045244286,2178.598020071023,28.930350693856678,41.40195375702355,2.679598001083692,11.575879407788774,52.564694887991465,0,2026-09-07 10:52:32
2026-09-06 15:28:00,CNC-03,H,299.25997193802567,313.82914429638083,1544.8741001554881,46.26472748590942,213.6889574148952,2.772440839596331,13.300431537582622,53.770720012530745,0,2026-09-07 10:52:32
2026-09-07 04:43:00,CNC-01,L,296.3256285051144,309.70007785782894,2290.0980104766186,26.38947862603165,101.80244430716078,2.8238884236661814,11.391852739890853,58.717839547240665,0,2026-09-07 10:52:32
2026-09-06 15:49:00,CNC-03,H,299.6979129746492,312.88281378234916,1519.7102061635442,39.83731314955682,13.432615689139427,2.1052448038776683,11.3588689054589,54.55243504341877,0,2026-09-07 10:52:32
2026-09-07 10:34:00,CNC-03,H,297.01557685037983,311.69757273697655,1320.623716499368,53.795706209036986,220.48885282282293,2.6476141053583016,13.386993906248685,61.83247670384098,0,2026-09-07 10:52:32
2026-09-07 02:24:00,CNC-02,M,297.0438624833575,310.22360725041534,2299.3411240967953,24.806715784725025,69.84312362759215,2.9164090949589228,10.760234623150414,61.10820620564584,0,2026-09-07 10:52:32
2026-09-07 07:04:00,CNC-02,M,295.4640167011087,310.6821926839109,1995.8393290976132,37.77024142813027,192.79716279373616,3.178555948954093,14.18505202135109,61.05299901134405,0,2026-09-07 10:52:32
2026-09-06 17:57:00,CNC-01,L,299.18723196550536,313.21713602113795,2212.3907198261472,33.53543249189777,21.499868874198903,2.7419854605747753,14.048882543189592,49.60772462903036,0,2026-09-07 10:52:32
2026-09-07 04:03:00,CNC-03,H,297.7007762561116,311.71159628707585,2266.5509487605027,29.322219801008774,127.0778913043661,2.971206228959495,12.437392440088678,51.52839624664581,0,2026-09-07 10:52:32
2026-09-06 19:14:00,CNC-03,H,300.5183590318171,312.9872260656406,2289.054151058462,22.187349510858017,25.269631929969353,2.9231382838457995,9.35615524370523,47.57303759035356,0,2026-09-07 10:52:32
2026-09-07 00:45:00,CNC-02,M,298.140008707677,311.9405601681006,2645.4640289155845,21.96157027043452,203.41140706611426,3.668511299884067,10.865096941808847,54.75580262093128,0,2026-09-07 10:52:32
2026-09-07 03:59:02,CNC-01,L,296.5282996854248,309.8311811079057,2317.8928450285043,25.156449183216335,46.979491915894776,2.932713425552829,10.867820471516488,55.40732783048722,0,2026-09-07 10:52:32
2026-09-06 14:57:00,CNC-02,M,298.4419776977853,312.81809586938806,1797.195860917144,38.932370791938254,162.83218907402423,2.778734546805707,13.137807642659942,53.879478355270194,0,2026-09-07 10:52:32
2026-09-06 21:31:45,CNC-02,M,299.1469943434076,313.43747675997423,2505.8502976878303,24.61210917793532,253.63602255636906,4.365039367185822,11.447497693577182,52.19960558990182,0,2026-09-07 10:52:32
2026-09-07 09:01:00,CNC-01,L,294.6649755022687,308.5826541644097,1470.5875769912257,46.93569574919727,54.21163259163593,2.1353154058632184,12.999190439668782,59.16211532344627,0,2026-09-07 10:52:32
2026-09-07 01:55:00,CNC-02,M,297.96404173836413,310.3100986956818,2636.798179756624,16.85698331588537,37.70160792920227,3.2089109890150613,8.349730470117139,53.66502539759479,0,2026-09-07 10:52:32
2026-09-06 22:54:00,CNC-01,L,298.97858452822686,311.21036890925535,2667.7539932477684,15.676977668712425,138.57480198022043,3.4562819917171037,7.628882445627807,54.10582782947356,0,2026-09-07 10:52:32
2026-09-06 19:50:00,CNC-01,L,299.63851716814753,313.48316072462285,2389.332501748254,25.933265944158347,165.30759418046753,3.4221148880146224,11.456270413620388,52.818585897731836,0,2026-09-07 10:52:32
2026-09-06 12:22:00,CNC-02,M,297.00983825658227,311.7715245335992,1418.460458248534,51.757279491790044,162.10812427004805,2.4015340151876785,13.705476811723655,51.15581570990238,0,2026-09-07 10:52:32
2026-09-06 14:09:00,CNC-03,H,299.1034662221958,313.37817740940574,1486.9692475196075,48.4501702533116,92.79535075313267,2.1306587968127406,13.62802465995758,55.03175928366147,0,2026-09-07 10:52:32
2026-09-07 02:12:00,CNC-03,H,298.6886482577139,310.94321589177537,2447.270381569296,21.313957867022935,0.0,2.949804762677335,9.497311517038066,57.19449246097631,0,2026-09-07 10:52:32
2026-09-06 18:14:00,CNC-02,M,299.6202967347588,313.02914321848766,1941.0329545957327,32.309695802913325,14.503547945158298,2.493555006706227,11.694187940131537,56.11152072911907,0,2026-09-07 10:52:32
2026-09-07 03:03:00,CNC-02,M,296.7755593863894,310.40778959162475,2443.7355569109664,23.734894781900465,113.93095081358317,3.1090446280409103,10.555575332480036,59.07971539596329,0,2026-09-07 10:52:32
2026-09-07 05:39:00,CNC-02,M,295.67081512826934,309.6894439356315,2078.7011672800604,31.650691312548613,77.56944656658739,2.6233363038654423,12.49185687637294,59.06605986797988,0,2026-09-07 10:52:32
2026-09-07 02:48:00,CNC-01,L,296.9430276618959,309.9789542528761,2670.8140896167633,18.511516861300265,193.73038585638287,3.9089063624636373,9.143848224437134,54.99112491163808,0,2026-09-07 10:52:32
2026-09-06 18:46:00,CNC-02,M,299.55539547046425,312.89745956127575,2317.7704464847193,26.007357221829263,55.447677509814994,2.9826799988920425,11.54667811546967,49.038678325330096,0,2026-09-07 10:52:32
2026-09-06 13:20:00,CNC-03,H,25.16440855318791,38.94569296920753,1458.4952632376503,47.02893453163742,15.8668137259728,2.2543765730500804,12.691024030085636,54.04598198246991,0,2026-09-07 10:52:32
2026-09-06 12:29:00,CNC-02,M,296.84664084059347,311.7595175805688,1424.8335230191965,55.06082012474392,173.19762098188525,24.43006817523307,14.828197100034696,58.451946561934506,0,2026-09-07 10:52:32
2026-09-07 03:31:00,CNC-02,M,296.60258549756315,309.6949176996134,2553.0919400392445,19.372251106389744,146.08253952673957,3.3529131769874847,9.251367156534396,59.11007082688133,0,2026-09-07 10:52:32
2026-09-07 07:38:00,CNC-03,H,296.8224975291341,311.1473658670576,1714.8077603877887,40.60652530587821,0.0,2.651152987300932,12.930662924289416,55.5462935168156,0,2026-09-07 10:52:32
2026-09-06 23:10:00,CNC-02,M,299.3317718100014,310.73784819647597,2770.5191394699227,10.19514844309317,102.27607821766632,,5.213755346078967,50.98576799930295,1,2026-09-07 10:52:32
2026-09-07 03:08:00,CNC-03,H,298.1259269520159,311.2517954454827,2435.3644181069158,23.131896452902797,62.77480796627646,3.1090326890097013,10.464994129785547,51.34092681921971,0,2026-09-07 10:52:32
2026-09-06 22:55:00,CNC-01,L,298.6414155011375,310.51233098952184,2713.108944176586,13.517484454867366,139.6295697979758,3.519369934837431,6.7551512068687884,59.14979362483161,0,2026-09-07 10:52:32
2026-09-07 04:33:00,CNC-03,H,297.6502407034384,311.65662971331625,2359.281983449758,27.640335017888823,163.79441979615677,3.1353945396881198,12.339280521945897,55.29320482522987,0,2026-09-07 10:52:32
2026-09-07 02:13:00,CNC-02,M,297.3873643156334,,2641.7136261177584,19.726082984278168,57.47043490994752,3.206428203614326,9.629973437758235,53.13164221802166,0,2026-09-07 10:52:32
2026-09-07 06:16:00,CNC-02,M,295.8196332370949,309.9995329205666,2004.9659569398686,32.68438123566874,126.5792501819939,2.7025310284721864,,60.152178331445114,0,2026-09-07 10:52:32
2026-09-07 09:30:00,CNC-03,H,296.48469119837216,310.8972603752048,1475.5313160424678,49.56005460491829,120.63979140901218,2.2914539253077546,13.634509553591972,54.52423218547197,0,2026-09-07 10:52:32
2026-09-06 18:49:00,CNC-01,L,299.08643178936114,312.3891901259091,2232.8783478742375,26.631204518642278,89.39054254269558,2.8559763902333146,11.174033351103905,48.355137567142805,0,2026-09-07 10:52:32
2026-09-06 13:35:00,CNC-01,L,24.014711867256267,37.84395642796375,1475.7423332647907,46.155956062937314,60.060210598186934,2.211625635659495,12.96590889728375,57.076589107665306,0,2026-09-07 10:52:32
2026-09-06 18:03:00,CNC-02,M,299.3481422248225,312.8793528670534,2035.0707368149035,31.42779332927296,0.0,2.591974452383663,11.580671560738848,55.175609668147736,0,2026-09-07 10:52:32
2026-09-07 03:57:00,CNC-02,M,296.21535762029515,309.8924444750021,2261.196372500005,25.204653938287876,176.56886057401883,3.163836010864999,10.588490950101667,56.9375354008564,0,2026-09-07 10:52:32
2026-09-07 07:59:00,CNC-02,M,295.56437916412335,310.2606733972094,1571.5876008205885,48.349903169089735,40.78362698921774,2.153116654032431,,63.270855828828616,0,2026-09-07 10:52:32
2026-09-07 02:28:00,CNC-02,M,297.26265542576624,310.164181101122,2565.6014122875604,20.248374344398066,74.32741445629199,3.048932342972274,10.04754160123481,57.70903965114317,0,2026-09-07 10:52:32
2026-09-07 07:49:00,CNC-01,L,295.39585714444036,309.6906216957599,1757.4218809333377,39.83656442752304,145.58785933938802,2.7522648636440037,13.309422939553329,60.55262485500599,0,2026-09-07 10:52:32
2026-09-06 10:52:00,CNC-02,M,296.4379898172744,310.17880302678446,1372.6453518313915,51.904917539337355,19.50579089632551,2.1157930331889396,13.336056305909747,58.057670692698345,0,2026-09-07 10:52:32
2026-09-06 21:45:00,CNC-02,M,299.2658112112302,311.8594908479532,2501.642157899554,19.701010271070803,10.061858673756843,2.9822511273552883,9.195592274420274,53.5170710204451,0,2026-09-07 10:52:32
2026-09-07 07:16:00,CNC-02,M,295.60823784558517,310.5968096132752,1992.4708982124332,36.2898576872793,209.72517003473794,,13.35329972167228,61.50608945533427,0,2026-09-07 10:52:32
2026-09-06 14:04:00,CNC-03,H,298.8559855882724,313.02424677344953,1478.0625209690868,48.66236528108612,84.93461928371539,2.176649492601796,13.291583450850826,50.30544195222652,0,2026-09-07 10:52:32
2026-09-06 15:44:00,CNC-01,L,298.96743221022183,313.6185315384127,1684.716982529686,47.07836203572278,52.58507460906162,2.2809433921365323,14.59687766332978,53.26501763533426,0,2026-09-07 10:52:32
2026-09-06 18:59:00,CNC-02,M,299.5806035562179,313.0395936742081,2020.247124480735,31.01644102999552,71.72105209563566,2.6098390224603754,11.894320590682664,53.504647290427556,0,2026-09-07 10:52:32
2026-09-07 03:10:00,CNC-01,L,296.891074891489,310.2507292796737,2640.648865096462,20.233179314893174,218.66717308422946,4.195614571132401,9.970818027769885,60.38706028319533,0,2026-09-07 10:52:32
2026-09-06 22:38:00,CNC-03,H,300.38091464458876,314.2249232457353,2604.723380076768,21.29993056734776,258.8606259467474,4.28096221544731,10.226622080609884,50.82664393946468,0,2026-09-07 10:52:32
2026-09-07 02:01:00,CNC-03,H,298.59849690029347,312.2955465423074,2539.190615232136,23.358783719569697,216.22334405725928,,10.973827918175324,57.43615253602247,0,2026-09-07 10:52:32
2026-09-07 08:07:00,CNC-01,L,300.70581374258353,309.1772655156124,1651.9385798496908,43.193708672498936,172.0417694869241,2.7849419578101604,13.341970809097843,54.123245985381914,0,2026-09-07 10:52:32
2026-09-06 23:48:00,CNC-02,M,298.96237395888954,311.25245597629134,2733.7642954301596,15.01606799387988,142.8158387072175,3.6189727710284236,7.8112309994049465,51.54005121722139,0,2026-09-07 10:52:32
2026-09-06 21:23:00,CNC-03,H,300.0893801644159,313.4626775877313,2501.260728466689,20.780572988162444,177.00232422326917,3.4257935599579663,9.894539166053635,55.17172628458069,0,2026-09-07 10:52:32
2026-09-07 08:27:00,CNC-02,M,295.013852671723,309.6545793961719,1553.3543655937387,46.65070864635095,82.12249264610263,2.1857564083024745,13.743003119865108,58.24705469007754,0,2026-09-07 10:52:32
2026-09-06 15:26:00,CNC-02,M,298.7806907431289,313.7350346950525,1580.7430735806608,47.91720457231715,206.7398776385763,2.9485532655360815,14.23102606343611,56.52922124689654,0,2026-09-07 10:52:32
2026-09-07 08:14:00,CNC-01,L,300.52933566221907,310.00862269378587,1695.7421456001816,49.349567265172915,,2.86230852750968,15.550338640968656,48.88756649473384,0,2026-09-07 10:52:32
2026-09-06 15:02:00,CNC-03,H,299.01334959964646,313.96437937751233,1542.8605487974091,50.281475801890636,174.3648232863841,2.4799912701233024,14.331532221295054,55.9945653761034,0,2026-09-07 10:52:32
2026-09-07 05:50:00,CNC-01,L,295.6893633896245,310.4902604058493,2078.1188293836267,35.64437617013158,188.00518164188904,3.3383289652925323,13.971482365360758,59.61686528073273,0,2026-09-07 10:52:32
2026-09-07 08:09:00,CNC-02,M,295.18709690801154,309.8950774224248,1692.2945169257869,45.99810792458271,55.53690488675588,2.3191077123476105,14.811180313514761,61.30992335162161,0,2026-09-07 10:52:32
2026-09-06 11:16:00,CNC-03,H,296.85145874022027,311.00859074255345,1411.5793081484749,51.295040282272296,66.55016917526885,1.9863844557346775,13.318401953056938,57.61651191322479,0,2026-09-07 10:52:32
2026-09-07 10:06:00,CNC-02,M,295.1693004809984,310.1740684358169,1370.1243649697085,49.538809292341355,233.75258726435774,3.021598103630327,12.732277955597713,55.300655289813506,0,2026-09-07 10:52:32
2026-09-06 22:56:00,CNC-03,H,300.1443557673292,312.36890832669,2715.564416736892,17.98949358327439,18.276305661287722,3.219221316135109,9.042557454441038,53.281977549172126,0,2026-09-07 10:52:32
2026-09-06 12:59:00,CNC-03,H,24.806852674440222,40.30846013298219,1385.6847810684083,59.10401657988251,230.01843227207783,2.858540682751268,15.455739595473656,58.243439550378625,1,2026-09-07 10:52:32
2026-09-06 20:59:00,CNC-03,H,27.49335355348603,40.43247591977382,2619.925659245438,19.451924661288558,150.12015801308087,3.310040331720962,9.854126137371605,52.26094222726674,0,2026-09-07 10:52:32
2026-09-07 06:02:00,CNC-03,H,297.0901512830621,310.1893390736322,2060.314718301024,30.19385601716255,38.00176404565698,2.677497547389047,11.458906382526383,57.144969022623435,0,2026-09-07 10:52:32
2026-09-07 09:54:00,CNC-01,L,294.8982659133192,309.3430992852011,1510.9509766376714,48.423573330213074,136.36886983933837,2.496244302605485,13.599915241883384,61.23533748448567,0,2026-09-07 10:52:32
2026-09-07 08:25:00,CNC-02,M,295.1501253141932,310.3594784213232,1640.692800204582,46.646503741122885,79.19192322275698,2.262547661318622,14.322168446887794,60.50543339682451,0,2026-09-07 10:52:32
2026-09-06 18:20:00,CNC-02,M,299.66259181291906,313.3237509237986,2109.9975944969683,31.264397241348675,22.28843122226568,2.6806724187581823,12.069657049275248,54.13245996904249,0,2026-09-07 10:52:32
2026-09-07 01:13:00,CNC-03,H,299.53505444828653,311.4272452598732,2696.2758767483083,14.57298750907407,164.2498898268684,3.525349645795857,,55.4865603205035,0,2026-09-07 10:52:32
2026-09-07 02:18:00,CNC-02,M,297.3055009603859,310.1226774353225,2588.9665025070303,19.765897471649048,63.03636610059044,3.193894585333304,9.424028673794012,55.046284451391465,0,2026-09-07 10:52:32
2026-09-07 10:51:00,CNC-01,L,294.91196749310757,309.9868176704869,1365.4768585560334,54.205400221263886,225.95657946313858,3.252995986110415,14.06156215401554,59.880143442337136,1,2026-09-07 10:52:32
2026-09-07 04:58:00,CNC-03,H,297.3491874057588,311.5317466324899,2240.124067807423,29.26052104266282,194.79502999991192,3.2932666885780737,12.385381850186883,56.05920424958456,0,2026-09-07 10:52:32
2026-09-07 04:28:00,CNC-03,H,297.67487872849205,311.5204821661958,2214.549429064957,27.603918797057865,157.67892705944024,3.0466531079909545,11.583948573236803,54.16809973311172,0,2026-09-07 10:52:32
2026-09-07 02:16:00,CNC-01,L,297.05406074209986,310.39813276610187,2692.9918105792226,21.796219626093144,158.17827130001447,3.5580364455620295,11.088061680845861,52.70113741895274,0,2026-09-07 10:52:32
2026-09-07 04:46:00,CNC-01,L,296.0433634374784,309.71954361789574,2173.256522618337,29.169069954045195,105.59963092149883,2.882238361567582,11.83352087504985,57.77975025260201,0,2026-09-07 10:52:32
2026-09-06 23:42:00,CNC-01,L,298.27684157967957,311.68175045116755,2615.939008323741,21.705087386001374,189.7063428153263,3.8168284604171268,10.527053827001428,52.94496203053661,0,2026-09-07 10:52:32
2026-09-06 20:13:00,CNC-01,L,26.520400755049025,40.565373872376654,2501.2610475940523,26.391080549930873,192.68998552735962,3.6954786436523634,12.353896895414595,49.78489090378718,0,2026-09-07 10:52:32
2026-09-07 04:22:00,CNC-03,H,297.5089116824079,311.72441918291094,2161.1644704421633,31.836436833959414,150.2545783615232,2.9332522395788825,12.735523466021295,52.23087301089873,0,2026-09-07 10:52:32
2026-09-07 10:33:00,CNC-02,M,295.17567000663,308.87850953823653,1289.408770740678,50.59307813726051,36.243544528185474,1.9376677125389767,12.07598945593077,59.804394098769876,0,2026-09-07 10:52:32
2026-09-06 21:59:00,CNC-02,M,299.29945631334095,311.9787806821946,2670.068400779486,20.283806449960554,25.365822672227747,3.1666002878990818,9.874562251056627,55.15761917413089,0,2026-09-07 10:52:32
2026-09-06 13:28:00,CNC-02,M,24.238618065770368,37.74349428935534,1301.6512831704629,50.156950469588246,25.023721280894456,2.090056453766893,11.88574239630611,56.896717129654476,0,2026-09-07 10:52:32
2026-09-06 14:31:54,CNC-01,L,297.9220439709468,311.9224088404398,1491.6202319723857,44.46146213333862,150.22378435367986,2.4824374000585196,12.474126989055629,54.965658882401605,0,2026-09-07 10:52:32
2026-09-06 19:11:00,CNC-01,L,299.2821620569349,313.3619419770627,2189.939720177422,31.063734091797834,117.30477473238501,2.953954876750218,12.778423109769681,55.00655297266318,0,2026-09-07 10:52:32
2026-09-07 05:05:00,CNC-01,L,295.69134821208075,310.1516396253909,2068.153744504547,34.60427716317056,129.6219384347886,2.8933851516599596,,57.62130345508438,0,2026-09-07 10:52:32
2026-09-06 13:01:00,CNC-03,H,24.73200008165253,39.88347014429394,1457.8721946784228,51.83767219869706,233.21517911439494,2.983839844287743,14.368353729881159,55.43792951368699,0,2026-09-07 10:52:32
2026-09-07 09:11:00,CNC-02,M,295.47140733809164,310.1521908066901,1548.4559335928725,43.10059951167834,148.55474387281112,2.3603281233323767,12.60685930916221,61.61957722933365,0,2026-09-07 10:52:32
2026-09-07 07:06:00,CNC-03,H,296.91745278597443,311.3175429611288,1882.3807795879857,38.302388336659924,125.48996966007171,2.6483181149747934,13.623221949705677,53.05382866796657,0,2026-09-07 10:52:32
2026-09-06 15:47:00,CNC-01,L,298.70022544421874,,1611.8711878955057,45.469845512648845,57.14090230878679,2.326208754804306,13.771778687967114,51.9307511807302,0,2026-09-07 10:52:32
2026-09-07 01:21:00,CNC-03,H,299.414570898145,311.99576041419124,2745.8948956847557,17.282711420717096,172.81598542568258,3.460649947289865,9.07857185577167,48.32635393363506,0,2026-09-07 10:52:32
2026-09-06 10:54:00,CNC-03,H,296.3471424662268,309.9576163136298,1404.9668470250429,48.51061299363977,31.72589320705581,2.1003262739319615,12.710317685835248,57.16059154687309,0,2026-09-07 10:52:32
2026-09-07 01:00:00,CNC-02,M,298.4786743442621,311.39551231359013,0.0,16.29938570855259,219.36674346738724,4.0832366748888695,7.72747368645838,52.44092737364997,0,2026-09-07 10:52:32
2026-09-07 07:09:00,CNC-01,L,295.44779968895466,310.60375030821183,1899.1854713543275,43.822495174591594,88.07564315858036,2.641536294577907,15.186488295035435,59.5232121520069,0,2026-09-07 10:52:32
2026-09-06 15:12:00,CNC-03,H,299.2599748506553,314.3641674438018,1507.8002883676531,50.13807804006522,189.7007019950059,2.5677055763875245,14.005387741318106,51.80710349759164,0,2026-09-07 10:52:32
2026-09-07 03:50:00,CNC-03,H,298.04750516424605,311.41643919641126,2447.6021303909597,24.076753853550805,111.58024893584543,3.0613856560809136,10.842676101010866,56.944613867901346,0,2026-09-07 10:52:32
2026-09-07 06:21:00,CNC-02,M,295.79543167668766,310.08312145397326,2039.5090735221827,32.939442337898626,133.25019654948966,2.786538361444193,12.371293299609869,60.901061277611674,0,2026-09-07 10:52:32
2026-09-07 00:50:00,CNC-03,H,299.71406868482296,312.8120812808197,2685.3375746820357,19.510193964498285,139.47749756958297,3.3607345073923307,9.944991375643927,51.39043146040353,0,2026-09-07 10:52:32
2026-09-07 06:01:00,CNC-01,L,295.33047838851274,309.9292520281997,1977.3827324832255,36.272227892859604,202.48734664729722,3.5217228964465237,13.365373865534808,64.15302050098698,0,2026-09-07 10:52:32
2026-09-07 04:00:00,CNC-01,L,296.3046372197998,308.50775531230767,2531.662710500673,18.135856477630536,49.23714787521076,3.0833271616488043,8.781274362379717,54.5514884658747,0,2026-09-07 10:52:32
2026-09-06 15:26:00,CNC-03,H,299.38976617784505,314.24843392072773,1628.4066952513367,45.62666153806284,210.67566466711372,2.9768805658690343,13.870839007736523,58.84511184851791,0,2026-09-07 10:52:32
2026-09-06 12:02:00,CNC-03,H,297.11329662524486,311.0581094115319,,47.48125736326878,139.60626469323378,21.9686108443617,12.024154307313749,55.56529652669459,0,2026-09-07 10:52:32
2026-09-06 14:48:00,CNC-01,L,298.16086772655285,313.0064334499557,1593.6329166825178,47.95788854568116,173.19645809783742,26.506905581640876,14.24375497175963,52.36139743261534,0,2026-09-07 10:52:32
2026-09-06 18:41:00,CNC-02,M,299.68352170534797,312.9560749102613,2247.3096145005575,26.622659027297995,49.21409956209726,2.961506011528115,11.203947690741378,51.72624553312948,0,2026-09-07 10:52:32
2026-09-06 19:13:00,CNC-01,L,299.7169291818185,313.49281796253,2190.538520599921,29.09351701633199,119.83069436204244,2.8719624394712246,11.84607314763254,53.02571995447043,0,2026-09-07 10:52:32
2026-09-07 00:16:00,CNC-02,M,298.6756180933596,312.3562733504199,2561.434149223709,22.14313071087539,172.84086639509266,3.5512189806744585,10.856529382301522,50.6539283390209,0,2026-09-07 10:52:32
2026-09-06 16:36:00,CNC-03,H,299.6789126278019,314.1824224164433,1667.3634145965275,45.11034164195985,81.76637812838563,2.29123301595118,14.054333604041075,48.9404817810874,0,2026-09-07 10:52:32
2026-09-06 10:56:00,CNC-01,L,296.7654682099164,310.6351688780052,1504.0701301884853,,47.88291832276074,2.101578695960975,13.617575650718734,57.89853651748349,0,2026-09-07 10:52:32
2026-09-07 01:35:00,CNC-02,M,297.77735852399627,309.8144429083001,2595.9449834441343,16.301697910559028,16.033316290051694,3.1369215839680824,7.879820230923385,55.53680913077692,0,2026-09-07 10:52:32
2026-09-07 00:51:00,CNC-02,M,298.01404698032223,311.6764241251898,2550.1158437168974,21.388797513598043,209.8263358099075,3.7927752267011083,,52.731899753072724,0,2026-09-07 10:52:32
2026-09-06 18:50:00,CNC-02,M,299.45419862212515,312.8359916518518,2204.554276265877,27.77454964538361,60.53030148275908,2.828340511147021,11.404638074804726,51.02625644813745,0,2026-09-07 10:52:32
2026-09-06 16:45:00,CNC-01,L,299.1346918488583,314.60404383213734,1896.405037557193,45.02170129580775,140.80256826634348,2.73835641786445,15.978496147508025,57.28010749531157,0,2026-09-07 10:52:32
2026-09-06 20:31:00,CNC-03,H,27.13946184834731,40.37931993455152,2287.7634923238375,24.31931245710873,117.82484020245843,2.960177380150903,10.304259713105187,45.045768201866,0,2026-09-07 10:52:32
2026-09-07 00:25:00,CNC-02,M,298.7523423910101,311.4904247747956,2782.07989484206,15.375226952358597,182.32697415805552,3.8915829825512778,8.280339295280106,53.53621212082972,0,2026-09-07 10:52:32
2026-09-06 14:44:00,CNC-01,L,298.0407306094435,313.1254105092194,1497.699489982528,52.40823800071658,167.12143577108267,2.688556609983052,14.460528702611208,53.5662534886829,0,2026-09-07 10:52:32
2026-09-07 05:13:00,CNC-03,H,296.7929131640082,310.94399992724954,2275.2369945307055,27.383623922444816,213.79999110085294,3.442632829629444,11.668034157795063,56.1111070208499,0,2026-09-07 10:52:32
2026-09-07 05:57:00,CNC-02,M,295.6902314822568,310.2390748488898,1879.9851720950305,37.37872885917258,101.43465305741583,2.5420234547932035,13.33832316673482,60.716623476862225,0,2026-09-07 10:52:32
2026-09-07 07:13:00,CNC-01,L,295.18636314989317,308.62845046516327,1899.5172826822616,32.41921082630623,93.79859794481617,2.6295223888572483,11.394770253731737,60.32512086049019,0,2026-09-07 10:52:32
2026-09-06 12:16:00,CNC-02,M,297.06370340170935,311.8270174426442,1348.700559006573,55.03137878499057,152.56954820634616,2.244174706867415,13.93916500057121,55.929316304135995,0,2026-09-07 10:52:32
2026-09-06 13:41:35,CNC-03,H,25.11549148350457,0.0,1355.3917390247973,49.80402621920445,48.816930235551396,2.046699179740158,486.01783694665517,53.74412559401436,0,2026-09-07 10:52:32
2026-09-07 07:35:00,CNC-01,L,295.2936093907184,310.1394515947437,1711.1785904138048,43.93960289465273,125.20831856206001,2.5691787454008415,14.003079162664166,58.1862403518442,0,2026-09-07 10:52:32
2026-09-06 22:18:00,CNC-03,H,299.5899172040257,313.3791676218785,2509.9055505445185,23.043648949528215,237.279522411615,3.893451082815774,10.857248414499058,48.38364048164393,0,2026-09-07 10:52:32
2026-09-06 21:30:30,CNC-01,L,299.30715286227735,311.29941506791283,2495.266926829929,17.297022329083205,48.846683559640475,3.0956249078720313,8.187398788952464,57.66038141989141,0,2026-09-07 10:52:32
2026-09-06 23:30:00,CNC-03,H,300.00313465794625,312.8890310240511,2746.1318226098842,20.90332591807929,54.34917353898289,3.327766376540932,10.824288250585484,49.54021979316093,0,2026-09-07 10:52:32
2026-09-06 16:56:00,CNC-03,H,299.6799633119751,313.9900273378077,1859.4220732800418,40.04563596145217,109.85503054778138,2.5651376623972864,13.952919849027442,54.287360290281484,0,2026-09-07 10:52:32
2026-09-06 17:14:00,CNC-01,L,299.0958222524998,313.76806901045745,1999.385419583547,36.72197348977908,181.33973329323356,3.141754972257734,13.8742686692164,50.332961305017434,0,2026-09-07 10:52:32
2026-09-07 09:36:00,CNC-03,H,297.0543181408773,310.82282394909083,1434.727484643395,45.154485581670315,129.94961206752794,2.220487100022606,12.012049880631572,59.56328983169363,0,2026-09-07 10:52:32
2026-09-06 13:50:00,CNC-03,H,298.6544113686446,312.6300651721548,1548.7708740595685,44.799930646182396,62.93222375949365,2.2886847252180784,12.981774065318573,51.40682271498914,0,2026-09-07 10:52:32
2026-09-07 04:56:00,CNC-02,M,295.7022593224536,309.519265518335,2359.421260812769,28.16924756670125,22.541307711759192,2.9069751854691908,12.5778961584711,58.71271831388618,0,2026-09-07 10:52:32
2026-09-07 00:27:00,CNC-02,M,298.6440265661018,,2642.3517932265904,23.742892387451448,184.49945080179543,3.636433437351344,11.842592246026785,55.58523513264282,0,2026-09-07 10:52:32
2026-09-07 06:16:00,CNC-03,H,296.8663429336922,310.71523442783274,2136.8501020392396,31.99970154374185,56.7459947410424,24.238400767598904,12.787873961775794,54.61733179257212,0,2026-09-07 10:52:32
2026-09-07 09:15:00,CNC-02,M,295.30855858042713,310.1327386349122,1537.644929916833,47.946448503616004,154.71985312916468,2.48413951375518,13.627148247960978,55.065122770419364,0,2026-09-07 10:52:32
2026-09-07 08:33:00,CNC-01,L,300.5457610147269,308.55620310953196,1629.7334043080893,45.38937520052658,11.888361103427965,2.2030561519121803,13.802132146817916,47.48443020210824,0,2026-09-07 10:52:32
2026-09-07 00:38:00,CNC-02,M,298.3407650659048,311.4949210004893,2800.848604026753,17.630533642487425,196.0092805004993,3.9214572161466363,9.2380916469393,52.83030877283212,0,2026-09-07 10:52:32
2026-09-06 23:19:00,CNC-02,M,299.088548621177,310.6677977424164,2746.3459415327216,12.148272194522738,111.89766981526984,3.374043256173658,6.45801565464991,52.77782427896713,1,2026-09-07 10:52:32
2026-09-07 09:25:00,CNC-02,M,295.4543028843063,310.59926558140626,1535.9972145397808,48.25033108192973,169.99775442377657,2.554001682439596,14.027159647998786,57.38145047523479,0,2026-09-07 10:52:32
2026-09-06 20:11:00,CNC-01,L,26.36949383251948,41.12330897099986,2238.606792224554,33.791101376435975,190.36159626080595,3.529155953071922,14.11196226988273,53.239470554096584,0,2026-09-07 10:52:32
2026-09-07 10:36:00,CNC-02,M,295.3796400960643,309.6680648440128,1438.9146677149486,48.25015330176665,40.898342139785036,2.0165295107766883,13.075869969782154,59.7262601920825,0,2026-09-07 10:52:32
2026-09-06 16:50:00,CNC-02,M,299.3693949053632,314.4961723208072,1831.1176035140218,44.8349273254353,117.75016285868449,2.5185224174731102,15.540062444860027,48.89013261181052,0,2026-09-07 10:52:32
2026-09-07 10:30:00,CNC-01,L,294.73250388262255,309.37366149680923,1483.3702857712728,49.81068868303401,192.687886329428,2.7998408175410106,13.614936393506142,65.47824042936983,0,2026-09-07 10:52:32
2026-09-06 13:48:00,CNC-03,H,298.3978913691892,312.8014130150584,1529.534798478191,49.2016485442874,59.85592675060018,2.156015797148578,13.83082629033012,51.56366707716901,0,2026-09-07 10:52:32
2026-09-07 07:52:00,CNC-03,H,296.8628144684429,311.8537334860354,1759.2673706594553,44.16334358156818,191.50559401644082,2.923668620553898,14.519324209696856,54.29876944616491,0,2026-09-07 10:52:32
2026-09-06 11:08:00,CNC-02,M,296.2700630525804,310.19595011010284,1364.8897899985866,51.52407845548547,44.65788149142089,2.1160565990244273,13.518902025985932,1495.4339584584393,0,2026-09-07 10:52:32
2026-09-06 22:08:00,CNC-02,M,299.3673142878579,311.80581210520523,2733.319052601622,18.574082988743715,35.192252117229174,3.3340122657363205,9.870567417951873,51.012974030888984,0,2026-09-07 10:52:32
2026-09-07 05:20:00,CNC-01,L,295.8212946211391,310.0155326102723,2009.229033550726,34.164557769421634,148.76260228866164,2.9873964254469443,12.685167769339802,60.18405900421975,0,2026-09-07 10:52:32
2026-09-06 15:10:00,CNC-02,M,,313.7634933565266,1572.9781592587588,49.4470686928175,182.67271647237737,2.667627339517133,14.488042630685955,55.9340844718023,0,2026-09-07 10:52:32
2026-09-07 00:15:00,CNC-01,L,298.15818386719536,309.26467936399814,2769.5409108762187,11.94944798610354,27.741839801835855,3.3673345316743415,6.232932773235326,55.212534929059785,1,2026-09-07 10:52:32
2026-09-07 07:28:00,CNC-01,L,295.4602510599748,309.47611112034286,1793.8761010947428,38.49087628056859,115.17926151077582,2.580900640032914,12.773180283200762,60.573714480988585,0,2026-09-07 10:52:32
2026-09-06 22:48:00,CNC-02,M,299.3306416376847,310.7426348147645,2735.8174441659326,11.621245876645478,78.8811827702148,3.3284510634272904,5.919717378470898,54.63529759816218,1,2026-09-07 10:52:32
2026-09-07 07:56:00,CNC-02,M,295.3563680832284,310.5237755958843,1744.0855976257658,47.219524967570216,36.31158485403646,2.2489507412761878,15.401061056842334,59.42885494003375,0,2026-09-07 10:52:32
2026-09-06 14:45:00,CNC-01,L,297.8959442728427,312.2274438132508,1556.9600958915355,45.52729807772973,168.63358920177447,2.594909313227612,13.45226154002517,56.26974447624862,0,2026-09-07 10:52:32
2026-09-06 22:56:00,CNC-02,M,299.09817377328534,311.28363581916796,2682.1979943172364,17.159134835491997,87.47808586988735,3.330138105233834,8.366551423064902,55.542535954305905,0,2026-09-07 10:52:32
2026-09-07 09:21:00,CNC-02,M,295.29892494563785,310.5275225730922,1695.968206009366,46.174017575644456,163.9158699238186,2.6136653311883125,14.827728679336715,64.22356667115754,0,2026-09-07 10:52:32
2026-09-06 19:51:00,CNC-02,M,299.981293906478,313.5556049319809,2264.8766015083643,24.993397280726565,135.86610966315902,3.044276764633271,10.711512329650219,49.095782135200146,0,2026-09-07 10:52:32
2026-09-06 23:24:00,CNC-01,L,298.8088229984812,311.86197484558556,2814.1048192516287,17.68937689382808,170.36114224150384,3.8862707874720592,9.318155266387281,50.932944750832725,0,2026-09-07 10:52:32
2026-09-07 10:50:00,CNC-03,H,297.3778277950746,312.32414566339764,1360.784369087152,52.97120464655171,245.73491141652525,29.664806575170974,13.527901158628003,53.471840432451025,1,2026-09-07 10:52:32
2026-09-07 02:26:00,CNC-01,L,297.02929633849686,309.79362903913375,2553.383337920642,18.93816490139205,169.2697831404024,3.501723149784094,8.681070298940218,56.51337981701665,0,2026-09-07 10:52:32
2026-09-06 14:08:00,CNC-03,H,298.77237061487034,313.14953509374965,1473.422873958062,49.433048060345065,91.23064857604915,2.1503873565113922,13.64815910044103,49.428686059216304,0,2026-09-07 10:52:32
2026-09-06 13:05:00,CNC-03,H,24.968281846627917,40.130886256647614,1432.3957729314043,52.94589782435006,239.54863162032316,3.0130440747785348,14.113893406954926,52.64717231485977,0,2026-09-07 10:52:32
2026-09-07 09:32:00,CNC-01,L,294.677122306371,309.16307682064485,1437.1360977883683,50.17651748753922,102.19730725397831,20.836133096681042,13.641047056062929,61.819516161856775,0,2026-09-07 10:52:32
2026-09-06 19:18:00,CNC-01,L,299.2907821121991,312.9447913339313,2249.9536286035013,27.63083416040299,126.02150579904745,3.003580357497871,11.485041757690563,56.97899565209346,0,2026-09-07 10:52:32
2026-09-06 15:04:00,CNC-02,M,298.63752813426015,312.94153662037724,1558.8414799957243,44.655574947789056,173.562938240607,2.575284841951491,13.282028135222284,51.48489552081082,0,2026-09-07 10:52:32
2026-09-06 22:10:00,CNC-01,L,299.2253600955486,311.48340143511444,2568.6301923131355,16.906777948441945,90.93695471810163,3.161991511663033,7.972740086642579,52.05656984282376,0,2026-09-07 10:52:32
2026-09-06 16:49:00,CNC-03,H,299.8067961845631,313.9510060666486,1790.8490150966609,38.26577013224318,100.08007814950936,2.4877723135907766,12.543832857458565,49.72583534626627,0,2026-09-07 10:52:32
2026-09-07 06:34:00,CNC-01,L,295.57888943240783,309.17443945181844,1903.7488483519542,33.02659149101213,39.15169745285535,2.518133899201495,11.80546096660637,60.05172968850479,0,2026-09-07 10:52:32
2026-09-07 01:31:00,CNC-02,M,297.7789111939,308.60100864080033,2735.8769871048617,10.57919329438281,11.691929840639034,3.253483694722213,5.294517316548181,54.67588753586336,1,2026-09-07 10:52:32
2026-09-07 02:42:00,CNC-01,L,296.8363871161669,309.91544787460816,2703.2495663119025,18.738039894326615,187.06478084320295,3.9281484451728357,9.238245079138936,1401.8399980930947,0,2026-09-07 10:52:32
2026-09-07 06:43:00,CNC-03,H,297.12616604877803,310.45664588572964,1922.8705545425476,31.54841933239102,93.64440889601923,2.572176184646883,11.092932131879977,55.69240995614355,0,2026-09-07 10:52:32
2026-09-06 12:56:00,CNC-01,L,24.34094171797466,39.33752126678826,1395.0768513160806,51.71310170399041,238.279245772239,32.91387283750528,13.551249094269359,53.31226499753737,1,2026-09-07 10:52:32
2026-09-07 05:09:00,CNC-02,M,295.57166363948824,309.6967240379161,2102.281504758251,32.589851432028475,38.88046971843874,25.59705178267004,12.712767541170534,58.70211212905561,0,2026-09-07 10:52:32
2026-09-07 10:28:00,CNC-03,H,296.8630521703896,312.05453057908295,39190.184457858886,51.72299514787119,211.0265045683347,2.7185194928927086,13.546345394390883,60.579644720753045,0,2026-09-07 10:52:32
2026-09-06 20:12:00,CNC-02,M,26.201609240805,39.856688169037,2518.7091651006126,23.34785838893215,160.83237078047114,3.4753193652260923,11.10290471734388,50.63086997970079,0,2026-09-07 10:52:32
2026-09-06 11:08:00,CNC-01,L,296.50047999130544,310.7841633799654,1398.883552937286,51.324879828004576,66.87781406533476,2.069991229238675,13.443403146149738,60.51658195134203,0,2026-09-07 10:52:32
2026-09-06 11:22:00,CNC-03,H,296.764457556711,310.6607092708936,1315.443745549788,52.599848397218686,76.07476244365093,2.098117798114195,12.97155537088305,54.99604365131161,0,2026-09-07 10:52:32
2026-09-06 23:21:00,CNC-01,L,298.57505020707043,311.5745765606802,2638.418696175555,19.11662009184974,167.2073121395041,3.66470666359135,9.607845378351927,51.932358234136,0,2026-09-07 10:52:32
2026-09-06 12:32:00,CNC-01,L,297.43318153231564,312.80501975984265,1507.9414065586566,53.89034425036124,200.02818462704457,2.874751064586246,15.191931034461044,58.2657312284109,0,2026-09-07 10:52:32
2026-09-07 08:05:00,CNC-02,M,295.0917171015886,309.20151267278163,1686.8596523298932,40.86816445564549,49.66335995515098,2.3515794362960483,13.259810575793036,56.19909055413099,0,2026-09-07 10:52:32
2026-09-07 10:41:00,CNC-03,H,297.2619857528414,312.25774272315033,1371.145105654821,54.04260224876319,231.4916185781437,2.7877459843167256,13.777651256453295,56.99202643923619,0,2026-09-07 10:52:32
2026-09-07 04:28:00,CNC-01,L,296.19149216966065,309.0840568409194,2373.1490787686607,22.25388620164277,83.38932388059077,3.055130322835559,9.969330081764026,62.83099394338188,0,2026-09-07 10:52:32
2026-09-06 12:40:00,CNC-02,M,23.980193515967073,38.62465495276092,1362.8381251981714,51.745266432187655,190.6391674130138,2.579902615929636,13.261341572176349,56.723281809009855,0,2026-09-07 10:52:32
2026-09-06 15:08:00,CNC-01,L,298.53226730162623,314.1149988505084,1654.4018703830827,50.52894588698175,203.5989953476464,3.209879921950781,15.681798339172799,53.59816885153924,0,2026-09-07 10:52:32
2026-09-07 00:49:00,CNC-02,M,298.42237814140253,311.0498246349301,2751.7548621969536,14.962389091304527,207.68704248955186,3.936971940170556,7.898548395543297,57.643440202772226,0,2026-09-07 10:52:32
2026-09-06 23:21:00,CNC-02,M,299.14051446780127,310.99424886112985,2765.1894288925905,13.040026186865337,114.04524583188439,3.4370771549943298,6.864236269702254,56.32915938786587,0,2026-09-07 10:52:32
2026-09-06 22:47:00,CNC-02,M,299.4140366269102,311.5096838585939,2637.4229549105726,16.351302076112542,77.83210829655313,3.194826124252167,8.176602177679307,53.45933642868937,0,2026-09-07 10:52:32
2026-09-06 20:34:01,CNC-03,H,27.09399658981033,39.782642929857616,2296.4672312984467,22.63986376875505,120.20019672573343,2.98072303799814,9.860357064563818,50.43713788854832,0,2026-09-07 10:52:32
2026-09-06 23:08:00,CNC-03,H,299.7208363469059,311.55346896336744,2712.4618535570053,15.264834172600423,31.07412037544015,3.3031473386263155,7.8333773096202215,49.52208590541398,0,2026-09-07 10:52:32
2026-09-06 19:16:00,CNC-02,M,299.53177755322884,312.6872072658662,2415.7684890256132,23.241023736536512,93.10406242909913,2.9971816840697074,10.65215332292374,55.039695506948455,0,2026-09-07 10:52:32
2026-09-07 08:13:00,CNC-02,M,295.04023085973455,309.85295596088645,1676.8992803504514,44.855017876106004,61.48807304013515,2.2607830019757627,14.294765496186093,61.23295522092256,0,2026-09-07 10:52:32
2026-09-06 23:35:00,CNC-03,H,299.7717459496885,313.0416530197796,2621.213102402939,23.007272594708628,59.689594303300694,3.2291155083935226,,49.61913010446388,0,2026-09-07 10:52:32
2026-09-06 18:01:00,CNC-01,L,299.2368274108455,312.8660369177177,2017.3008674408218,32.639594653583046,26.83526115879716,2.5837013093579464,12.499179497256417,53.59578446982955,0,2026-09-07 10:52:32
2026-09-07 09:40:00,CNC-03,H,296.78224923892645,310.8466441684545,1467.7945088387628,47.41609338258574,136.15751744690104,2.351833507219814,12.886674796874091,61.13796586752492,0,2026-09-07 10:52:32
2026-09-06 19:19:02,CNC-03,H,300.59133477134594,314.09838368300643,2144.674193205469,30.63602066722676,31.506911835244413,2.6889579915431225,12.234122692041792,53.29803678492501,0,2026-09-07 10:52:32
2026-09-06 18:38:00,CNC-03,H,306.2305799890976,314.7666771124492,2172.049055278713,30.749784870802074,247.18240214770682,3.696567607713493,12.500670317676004,40.17264485282164,0,2026-09-07 10:52:32
2026-09-06 16:56:00,CNC-02,M,299.73451914633864,314.1790774529401,1787.1988665711078,42.40879029739074,126.28362071825025,2.643529983003409,14.00634288606066,50.70278889334805,0,2026-09-07 10:52:32
2026-09-06 21:47:00,CNC-02,M,299.1557583903846,310.55271837621916,2711.750479476652,11.985656673392448,12.267576056985526,3.2714940797739955,6.13599578412341,53.31113122272726,1,2026-09-07 10:52:32
2026-09-07 03:34:00,CNC-01,L,296.54415781131365,309.860833917692,2481.8628476368376,25.508786855841148,18.491648871031487,3.030248523017914,11.800562076489772,62.8672149357353,0,2026-09-07 10:52:32
2026-09-06 21:25:27,CNC-03,H,300.2999484058625,313.6218478576483,2482.17252828521,21.16005548640668,178.125356366655,3.4958304898898924,9.789773449621974,50.34162489001555,0,2026-09-07 10:52:32
2026-09-06 12:13:00,CNC-02,M,296.7327612002609,311.5763399115758,1390.6265171689984,53.37933316635218,147.77517310806212,2.2050245848121035,13.813809666151458,57.59930379351664,0,2026-09-07 10:52:32
2026-09-07 03:52:00,CNC-02,M,296.3717484558877,310.47173812227163,2378.709122567218,27.491427277530438,170.655644184296,3.3849707905075026,12.176444972991016,56.66877568906246,0,2026-09-07 10:52:32
2026-09-07 01:42:00,CNC-01,L,297.5817937896403,310.95150845699493,2675.1718549211882,21.575504039149628,121.18267414424203,3.3418083891338917,10.723803330499935,56.24190465261899,0,2026-09-07 10:52:32
2026-09-07 07:49:00,CNC-03,H,296.7416092543733,311.47059708788646,1605.3581313981508,45.24028329968705,187.10323448349152,2.6584773709241727,13.526081572690448,56.52033182986602,0,2026-09-07 10:52:32
2026-09-06 22:00:00,CNC-02,M,299.4589331268632,311.13863591751686,2593.4859790835353,16.286774191703984,26.476801947998922,3.1361444295100873,7.829697442605124,48.29078868836913,0,2026-09-07 10:52:32
2026-09-06 13:46:00,CNC-01,L,297.5455406161513,312.0925610617393,1494.9099271192342,50.70408251578872,77.26858616386325,2.1337964024056153,14.328518507707392,55.98130534084906,0,2026-09-07 10:52:32
2026-09-06 11:19:00,CNC-03,H,296.61836815993644,310.83949851820176,1384.6356058099834,52.52047579024212,71.28398299374086,2.1098652084031446,13.684689246541739,53.88973396274221,0,2026-09-07 10:52:32
2026-09-07 08:48:00,CNC-01,L,294.9035053941596,309.1546896835902,1548.4184596547686,49.34599322535084,34.54946738753421,2.156856743632396,14.174017809192845,62.756253436385904,0,2026-09-07 10:52:32
2026-09-07 00:55:00,CNC-03,H,299.68485406358866,312.6847685911677,2651.702421020537,19.609267212802063,,3.358113009590333,9.882378309453253,50.69228400398429,0,2026-09-07 10:52:32
2026-09-07 08:43:00,CNC-02,M,295.2963025311763,309.69586606370973,1494.3071881112116,46.487648767145195,106.04546223807677,2.21047831347985,12.684580088230645,58.510803064293874,0,2026-09-07 10:52:32
2026-09-06 22:27:00,CNC-02,M,298.95018865225336,310.8198512539261,2644.860912430296,16.172928688354084,56.016040688560736,3.2733308686568447,7.603632441084331,54.75945228557876,0,2026-09-07 10:52:32
2026-09-06 18:46:00,CNC-01,L,299.25444901096523,313.257652732585,2207.3193120873584,31.105482389327918,85.62514651221379,2.8402303042074433,12.764818026309232,55.51586057750591,0,2026-09-07 10:52:32
2026-09-06 14:28:00,CNC-02,M,298.3037582030775,313.31713021330495,1646.911295145874,48.077492113780124,118.4737474879854,2.3931578848114525,15.19731958128862,53.98318101428578,0,2026-09-07 10:52:32
2026-09-07 08:20:00,CNC-02,M,295.5141821374572,309.6809432090421,1626.0679305957083,42.62861829126526,71.82396783180386,2.2465023985091315,12.962364493731114,56.78358335014647,0,2026-09-07 10:52:32
2026-09-06 19:23:00,CNC-01,L,299.3440921309395,313.2951952547748,2092.2200506607946,31.134475447386627,132.2566707097974,28.929327414148936,12.235917765342762,49.91995560756134,0,2026-09-07 10:52:32
2026-09-06 23:07:41,CNC-03,H,300.01662285175934,311.7269498713651,2753.8186506389375,15.649828592712385,32.10412037544015,3.129169980221039,8.053873686382314,49.818913835866105,0,2026-09-07 10:52:32
2026-09-06 12:56:00,CNC-02,M,23.596294818896354,38.75564663594423,1394.5685184458268,55.62433544058423,216.0596843885741,2.805569760611406,14.668170495755554,54.05830470832364,1,2026-09-07 10:52:32
2026-09-07 07:25:00,CNC-02,M,295.7607981760413,311.1812167438157,1830.6781052251974,41.741754997790636,222.47802501257175,3.3486530073315337,14.168084257125578,57.97615542102972,0,2026-09-07 10:52:32
2026-09-07 06:34:00,CNC-03,H,296.74450490993985,310.65211545486727,1878.3751234743017,35.66174616697458,81.37846715070278,2.5501735226917868,12.586765226535235,58.5547036075366,0,2026-09-07 10:52:32
2026-09-06 18:39:00,CNC-02,M,299.6745079325938,313.5699546057329,2197.3671212361414,29.961386812765866,46.69826464236854,2.734070970283278,12.351540243524665,51.77355841666335,0,2026-09-07 10:52:32
2026-09-07 01:15:00,CNC-01,L,297.64435713388576,309.4695201599507,2615.901217305573,16.096507761881416,92.08111745769313,3.3046605857754665,7.887569219034177,,0,2026-09-07 10:52:32
2026-09-07 06:13:00,CNC-02,M,295.82363672555255,310.74279379640416,2055.4651920411075,37.35160824715042,122.60549544105318,2.7157016306421764,14.394335117034867,58.00535016938798,0,2026-09-07 10:52:32
2026-09-07 10:13:00,CNC-01,L,294.44494087399903,309.12170044548344,1470.8326897318425,51.512153068881275,165.95306238071282,2.6605040343356943,14.08037884896396,61.60106241696196,0,2026-09-07 10:52:32
2026-09-06 13:12:00,CNC-01,L,24.049838360216484,37.819946509777594,1369.0385447716112,49.883289348723146,23.68529842892905,2.1405587942737934,12.989019482802947,55.599902894157665,0,2026-09-07 10:52:32
2026-09-06 20:39:00,CNC-01,L,26.479070899400256,41.312905413168664,2407.2165614616442,30.63000965852342,223.12026720071896,4.074882891583022,14.05523929978971,52.564134950832624,0,2026-09-07 10:52:32
2026-09-07 05:38:00,CNC-02,M,295.9282787358817,309.79075266608095,2018.0489786854655,31.43803825964368,76.25022365966201,2.6342101782992042,12.00372023796635,60.14416738950947,0,2026-09-07 10:52:32
2026-09-07 07:35:00,CNC-03,H,296.6479148401302,311.188948810149,1769.060409176058,42.08345837781157,166.81819342858114,2.8092811952679626,13.920403749523956,52.765386670691555,0,2026-09-07 10:52:32
2026-09-06 21:48:00,CNC-03,H,300.16446949450864,314.0673897648528,2495.3119788839776,24.100262495764753,204.88129602476755,3.602421771990182,11.590170827261566,53.05235627967553,0,2026-09-07 10:52:32
2026-09-07 05:34:00,CNC-01,L,295.5999231906756,310.2405878202311,2010.1300270073434,35.853853130156544,166.99424085770605,2.9911661423391447,13.514814205082102,58.33899476890167,0,2026-09-07 10:52:32
2026-09-07 07:33:00,CNC-02,M,295.34066680021675,310.11124702214477,1762.956203412649,44.04011926428885,2.879437052209709,2.272427028455938,,60.370742349761265,0,2026-09-07 10:52:32
2026-09-06 14:31:00,CNC-01,L,297.7985480065122,312.35710493510373,1448.4641672595728,47.87228614824713,147.18437228712938,2.450515020850034,13.053134211853871,55.4101260488564,0,2026-09-07 10:52:32
2026-09-06 21:47:00,CNC-03,H,300.17568443628653,314.4976641045934,2489.1907242458005,27.12477274867732,203.71943666160556,3.5201125976439642,12.602818045803168,50.903182801828834,0,2026-09-07 10:52:32
2026-09-06 18:42:00,CNC-03,H,305.8267926543252,315.11421688017055,2221.0514318533556,34.35185460309173,252.37598780103812,3.74967220406302,14.423428974793682,40.70958483306841,0,2026-09-07 10:52:32
2026-09-06 19:37:00,CNC-03,H,300.5513092703814,313.6726847455431,2283.185044749326,27.46834793363197,53.54785493513101,2.8100946807973126,11.836543175742024,46.160805217478334,0,2026-09-07 10:52:32
2026-09-07 03:38:00,CNC-02,M,296.2760845521162,310.6111717325281,2511.4470687406642,25.628095810663375,154.24731517846217,3.22544458628115,12.115990604490866,55.738074651501215,0,2026-09-07 10:52:32
2026-09-06 11:07:00,CNC-02,M,296.9624081570724,310.13332949707393,1253.504295762259,47.62266744811742,43.05996231573716,1.9736608748961297,11.481561078883496,58.13908899385461,0,2026-09-07 10:52:32
2026-09-06 15:23:00,CNC-03,H,299.48637019513274,314.45278980448904,1481.897886739028,49.488555343008386,206.1979693477976,2.708607245930089,13.626877644372058,51.1010034688625,0,2026-09-07 10:52:32
2026-09-07 10:13:00,CNC-03,H,296.88696320837977,311.70656121429386,1536.2602837780123,47.162356213200106,187.54166551258638,2.60419929823459,13.574899916960879,61.876001601595064,0,2026-09-07 10:52:32
2026-09-07 03:27:00,CNC-02,M,296.5533590110172,310.68020324633466,2424.592062773038,26.913289776793615,141.43542832848635,3.1823494035091193,12.312823539173475,58.182956260113215,0,2026-09-07 10:52:32
2026-09-07 00:40:00,CNC-02,M,298.2021554025674,311.72514619863557,2753.329309941239,19.921342331368724,198.09462307981184,3.886920243231994,10.11092194600985,59.054392402571104,0,2026-09-07 10:52:32
2026-09-06 13:31:00,CNC-02,M,24.191430089211906,38.15426890764343,1479.2756844036912,47.4553929855119,29.70747794505744,2.016413919146208,13.10494573971505,55.74801859393548,0,2026-09-07 10:52:32
2026-09-06 11:22:00,CNC-01,L,296.40412450303756,310.2309676501537,1324.6067875189242,49.594349759302524,89.0472489144187,1.9823933355081937,12.376647562148667,57.16132968368291,0,2026-09-07 10:52:32
2026-09-06 19:58:00,CNC-03,H,300.3372520873035,313.8984283971906,2436.5742279113833,25.34515928700131,78.85519401035214,2.9835656085786204,11.652826588730782,50.93402051883785,0,2026-09-07 10:52:32
2026-09-06 15:47:00,CNC-02,M,298.77010775339664,312.6962798260765,1772.5695896688603,38.7621277786487,26.56873111115018,2.3549417940136617,13.167337030841813,50.97840717158808,0,2026-09-07 10:52:32
2026-09-06 14:24:00,CNC-03,H,299.0215744020951,312.8993056064867,1500.2530329188548,44.73438548931919,116.17369136616104,2.347996213546421,12.636346077463829,55.787692737366655,0,2026-09-07 10:52:32
2026-09-07 10:17:00,CNC-02,M,295.5189591552641,309.28110976475426,1297.0214605235674,50.21800867091047,10.962388470933798,1.9595688866351755,12.195439951464696,59.77422791138002,0,2026-09-07 10:52:32
2026-09-06 18:58:00,CNC-03,H,306.12667575803715,313.16934141743496,2116.9213398281304,27.141643678447757,5.150683228122713,2.7455991416576913,10.529194136187673,43.222511948939754,0,2026-09-07 10:52:32
2026-09-06 23:45:00,CNC-03,H,300.1687541563055,312.23050722475114,2747.357499626656,15.032575919189323,70.3131959409912,3.2492506180307785,7.81197993835219,45.239345961473994,0,2026-09-07 10:52:32
2026-09-07 06:37:00,CNC-02,M,295.7710446041632,310.96308159571515,1992.2806241352996,38.67209161259163,155.28122974865124,2.9638954292678457,14.578516796422841,56.50474662465898,0,2026-09-07 10:52:32
2026-09-06 20:56:00,CNC-03,H,27.13550060624749,40.67355102925342,2415.7216975606443,,146.72957020689526,3.133378847686408,11.149131504400314,53.244048858316894,0,2026-09-07 10:52:32
2026-09-07 02:19:00,CNC-03,H,298.4353070525541,309.9752428819716,2519.740846562567,16.53450050371501,7.706538312934546,3.0930252911969256,7.857894182169993,54.38108572716303,0,2026-09-07 10:52:32
2026-09-07 02:31:00,CNC-01,L,297.1377900162343,311.2411643136547,2521.945332525174,25.735172175048497,174.86658503771145,3.637358597284298,12.112971304639245,56.926490372867775,0,2026-09-07 10:52:32
2026-09-06 13:25:00,CNC-03,H,24.99040758645134,38.53290569914833,1479.095080908308,44.72699605867706,23.747346710601356,2.108791070754686,12.147053001003442,50.13713427818801,0,2026-09-07 10:52:32
2026-09-06 21:31:00,CNC-03,H,299.88675856856713,313.4534794769302,,23.10965821949304,185.9221886656247,3.4225726142964,10.663689948070594,51.23195026025368,0,2026-09-07 10:52:32
2026-09-07 09:16:00,CNC-02,M,295.2706523688714,310.7622065146754,1536.08069489968,50.40639099722929,156.25577572462072,2.6201361912377616,14.628336512190783,63.5772917178618,0,2026-09-07 10:52:32
2026-09-07 09:12:00,CNC-03,H,296.60639548654683,311.0526413895885,1543.7501893126853,47.33397422232926,93.05555540147142,2.2346499051891393,13.997245733779733,60.16931399028777,0,2026-09-07 10:52:32
2026-09-07 08:58:00,CNC-02,M,295.31640727718104,310.3868257523905,1752.3109561671447,44.813122384408274,128.562991170824,2.5647924795329224,14.669409218800977,59.39312659704852,0,2026-09-07 10:52:32
2026-09-07 07:23:00,CNC-02,M,295.57414396796287,310.93534382990583,1730.7257085371593,42.688317955838166,219.67435631385786,3.1462793132470512,13.793300453928948,59.89814202978104,0,2026-09-07 10:52:32
2026-09-07 08:45:00,CNC-03,H,296.75782840244466,310.89639407060173,1629.5447657056502,43.42693115899835,51.922601767491464,2.3208072696972724,13.270690093280825,58.64775088945592,0,2026-09-07 10:52:32
2026-09-06 23:27:15,CNC-02,M,299.11694886964153,311.4856035723992,2691.0507402308917,15.673729751815495,120.53969546989968,3.4031352910712083,7.693404156854528,49.188536043642,0,2026-09-07 10:52:32
2026-09-06 11:11:00,CNC-03,H,296.67969965570126,310.35211189005787,1377.3302229674855,48.81095273974232,58.58506022993943,2.016050583603485,12.517108665352756,56.58559845542647,0,2026-09-07 10:52:32
2026-09-07 04:45:00,CNC-03,H,297.7079457087476,311.4448802916751,2360.8032450265423,26.74097297163498,178.64347264855527,3.2994740913831113,11.682033591387604,53.07806691299299,0,2026-09-07 10:52:32
2026-09-06 22:09:00,CNC-03,H,300.11054728904236,313.665833917124,2628.131234073128,21.702693170402586,227.6711171625794,3.972680015606983,10.695423844229001,46.94233743364039,0,2026-09-07 10:52:32
2026-09-06 19:35:00,CNC-02,M,299.62715362095554,313.11822934942813,2257.259782968995,26.859828220803838,116.51819066558824,2.9031823523576596,11.534645727705863,51.3209850387577,0,2026-09-07 10:52:32
2026-09-07 07:06:00,CNC-01,L,295.2815514797183,309.4273705581431,1930.4663754753665,35.81867120048124,83.90476571712988,2.509388680300284,13.10930597038332,60.33143747305407,0,2026-09-07 10:52:32
2026-09-06 22:34:00,CNC-03,H,299.8929839756098,313.69882583511276,2661.4471218943554,22.279020397621167,254.50258947016434,4.35489030261548,10.852101142575298,48.21224577573338,0,2026-09-07 10:52:32
2026-09-07 10:29:00,CNC-01,L,294.5400619390911,309.496097562609,1512.9266041620153,50.01985018369375,191.12463267766543,2.8496163310576135,14.29558848593708,63.78901306398104,0,2026-09-07 10:52:32
2026-09-06 12:12:00,CNC-03,H,297.2126886686291,311.5463850940872,,54.227872577560625,2806.733479627518,2.1547797320934796,13.00102361624017,57.43955984468917,0,2026-09-07 10:52:32
2026-09-07 10:20:00,CNC-02,M,295.5769387546654,309.61372597453015,1294.821756490758,51.934783377428474,15.646340707555703,1.9373906083495642,12.168999803241382,60.772629803086936,0,2026-09-07 10:52:32
2026-09-06 19:10:00,CNC-01,L,299.414458539711,313.21678971940764,2210.3893197628354,29.644308994733663,116.03415585191148,2.85771214244485,12.17114200344767,50.46580034804083,0,2026-09-07 10:52:32
2026-09-06 19:58:00,CNC-02,M,299.74072101545835,314.0332649082573,2323.60320681213,28.53044643096697,144.297751263946,3.246149962781726,12.408765349791514,55.420770377629815,0,2026-09-07 10:52:32
2026-09-06 17:11:00,CNC-03,H,299.5879057459438,313.244688408932,1833.5171466018662,33.31213709936341,130.84331858938856,2.577446390739901,11.478339749057437,50.00348161078257,0,2026-09-07 10:52:32
2026-09-06 22:16:00,CNC-01,L,299.1970017932403,310.47146513821906,2684.2986248847274,12.367919741694672,97.40439439571571,3.3238714032307906,6.303448697278467,55.81801222754711,1,2026-09-07 10:52:32
2026-09-06 19:31:00,CNC-02,M,299.8297683964231,313.4056749142714,2179.0963316357966,27.713212763399042,111.61801150414456,2.8279142567571416,11.580957256808878,55.580924769898466,0,2026-09-07 10:52:32
2026-09-07 05:37:00,CNC-03,H,297.00369640354944,310.1122578957425,2136.2643903055778,28.64282096861993,5.165055040369129,2.6760927940039743,11.538763961464872,57.82940117360494,0,2026-09-07 10:52:32
2026-09-07 08:42:12,CNC-02,M,295.2024861285287,309.7698550059419,1688.2835470070333,42.521655929179865,103.03865918961765,2.4392427175776845,13.52243524931431,57.66795120574985,0,2026-09-07 10:52:32
2026-09-07 06:21:00,CNC-03,H,296.8887523999231,310.03924586449654,2098.154795600458,28.579922955824713,63.39475563129335,2.77004611542263,11.383398606576824,61.37179860359916,0,2026-09-07 10:52:32
2026-09-07 02:44:00,CNC-01,L,297.1042588186403,310.5732428392249,0.0,21.859116227879873,189.2757518451609,3.786705458151312,10.857343900598064,57.262385479703234,0,2026-09-07 10:52:32
2026-09-06 20:48:00,CNC-03,H,27.214797900002907,41.1690547476901,2516.214825247224,26.87503281665177,137.58657474104348,3.256806591656426,12.587164359207378,48.3395749453485,0,2026-09-07 10:52:32
2026-09-07 08:54:00,CNC-03,H,296.8555668587663,311.5481016613211,1582.89082794276,48.43511549216029,65.56121406467517,2.2312322310246535,14.324462008800198,58.605868445341144,0,2026-09-07 10:52:32
2026-09-06 19:56:00,CNC-03,H,300.3032841643781,313.2357113159178,2339.56721664128,24.424604299203942,76.46776734924991,2.9062819142575216,10.84579836919116,52.03128245355338,0,2026-09-07 10:52:32
2026-09-06 19:00:00,CNC-01,L,299.55064892512667,313.0012711369414,2419.240663901718,24.174464805459987,103.34524849818563,3.0850006321414627,10.962058268566551,52.12418314234309,0,2026-09-07 10:52:32
2026-09-07 09:03:00,CNC-03,H,296.60326675539807,311.2010975637681,1608.7226191371203,47.12933545125193,79.22543623452299,2.1915949569769437,14.139987319394981,55.46440071845365,0,2026-09-07 10:52:32
2026-09-07 00:05:00,CNC-02,M,298.44608078102635,311.7042947728205,2657.9079416458385,19.66991963140131,161.00159840766165,3.429886952289503,9.763530917842935,52.015891469838614,0,2026-09-07 10:52:32
2026-09-06 20:25:00,CNC-01,L,26.406780651286795,40.63334113586251,2335.3135690479844,29.538269979788904,206.7446234471465,3.749667377339423,12.854522227683074,53.452354391153165,0,2026-09-07 10:52:32
2026-09-07 06:14:00,CNC-03,H,296.8827751377924,311.0807725522536,1877.2586280100295,38.87187501181009,54.088575433982676,24.710126828001936,13.660937656057747,56.87903241230319,0,2026-09-07 10:52:32
2026-09-07 00:12:00,CNC-03,H,299.64385357101736,312.45868988034994,2632.586767915753,19.148088907572056,99.07402358053261,3.281455087568149,9.571974438769367,52.348029717310226,0,2026-09-07 10:52:32
2026-09-06 10:59:43,CNC-01,L,296.5545960674789,310.19601985108585,1454.3015261030182,45.51186521354482,55.805473919723426,2.0300806738004478,12.331331650574123,60.961975141540805,0,2026-09-07 10:52:32
2026-09-06 22:38:00,CNC-01,L,299.18849609983573,312.6217728913037,2662.9472472444145,21.767284057389325,121.2377362720528,3.3786919908498225,10.869453375574901,54.05932429892333,0,2026-09-07 10:52:32
2026-09-06 18:35:00,CNC-03,H,306.19116290472056,315.04747294427193,2283.1463147341506,31.950612250543887,243.36463874613418,37.44227846468453,13.668537916274534,40.20083529346225,0,2026-09-07 10:52:32
2026-09-06 23:16:00,CNC-03,H,299.917004945286,311.06068986603,2778.7427335497036,12.771299205085521,39.44695706274787,3.3200463422335726,6.532772653719827,50.9872288675642,0,2026-09-07 10:52:32
2026-09-06 17:55:00,CNC-01,L,299.29498922362916,312.36405609368995,2057.5046402420116,30.096951151481633,18.806350958978058,2.6999947558914834,11.352150726962424,52.18917004257891,0,2026-09-07 10:52:32
2026-09-07 02:04:00,CNC-03,H,298.9989630203639,312.56932589680343,2515.554951687208,21.679685498079944,219.55058123314154,3.882393043616285,10.326750271553221,51.75257342979464,0,2026-09-07 10:52:32
2026-09-07 01:19:00,CNC-02,M,297.9716703335452,312.5618568881904,2516.089592708215,26.034799540235102,239.7799789819595,4.134780638770644,12.141311691661919,52.96747558354777,0,2026-09-07 10:52:32
2026-09-06 20:40:00,CNC-02,M,31.943377277971706,39.38000823105273,2658.8730209550395,20.135100965972423,193.3444925237665,3.709615584439375,9.906159940890651,44.34540466391643,0,2026-09-07 10:52:32
2026-09-07 01:44:00,CNC-01,L,297.90699400216056,310.38560365867033,2660.333363005934,18.116015226267084,123.32304126149846,3.33989155916489,9.203794681370653,54.07545330448479,0,2026-09-07 10:52:32
2026-09-07 01:37:00,CNC-02,M,297.74217346483687,309.46989684664567,2664.4056220560446,14.77558324496031,18.153418037910527,3.174107137401575,7.097714543608149,57.76651933980996,0,2026-09-07 10:52:32
2026-09-07 00:48:00,CNC-01,L,298.2567273397106,311.0808151886244,2657.50741031199,19.100361316505897,63.056447854649356,3.1985787046595027,9.648900513113574,56.034560248689225,0,2026-09-07 10:52:32
2026-09-06 12:39:00,CNC-01,L,24.424161319279335,39.114862441684124,1309.7627724814736,53.35439607445148,211.18099179876165,2.9494240866557746,12.974352812000445,53.99942458755034,1,2026-09-07 10:52:32
2026-09-06 22:44:00,CNC-02,M,299.30781620695933,311.8403381537749,2602.2638601278054,19.508040713851347,74.57226884833307,3.1555641417652063,9.401261119798868,45.30089540624985,0,2026-09-07 10:52:32
2026-09-07 04:57:00,CNC-02,M,295.62173058583215,,2411.9093566997876,21.626691557294034,23.72180520356151,2.9129122002996626,9.827360511510273,58.88562749089292,0,2026-09-07 10:52:32
2026-09-06 13:10:00,CNC-03,H,24.955063011061043,38.992093282738324,1522.1630934375726,47.60134586843407,0.0,21.65118859406146,13.410792089265827,57.40420386648364,0,2026-09-07 10:52:32
2026-09-06 15:56:00,CNC-02,M,299.03201054771733,312.76642314525685,1673.4943300970688,39.94038538184338,39.80187331028644,2.2960133132470597,12.496753812935097,50.05237065687602,0,2026-09-07 10:52:32
2026-09-06 23:46:00,CNC-01,L,298.52169272121563,310.96871418425104,2649.5868924934334,16.47826958063551,193.89992790810172,3.9001083557226908,8.199542085247998,51.54892487233548,0,2026-09-07 10:52:32
2026-09-06 23:46:00,CNC-03,H,299.9462904301328,312.8311679343175,2571.8745740608006,20.73621799898355,71.432407669554,30.54904732417531,9.905866370643636,58.10659442534017,0,2026-09-07 10:52:32
2026-09-07 06:09:00,CNC-01,L,295.4586715147484,309.24934240801684,1972.1628214326327,36.285577859231545,5.3054431009345455,2.606645100361437,0.0,57.321913752355655,0,2026-09-07 10:52:32
2026-09-06 12:51:00,CNC-01,L,24.325374968848678,39.22976710161481,1399.3612566129375,52.99649023166847,230.31304598199824,31.85591570663386,13.802698412305727,55.141301193021874,1,2026-09-07 10:52:32
2026-09-06 20:19:00,CNC-03,H,27.30223555109751,40.84076003589115,2321.26259391475,27.690069363376537,103.86965153846384,2.8401438833878916,12.07646753776772,51.1896696549842,0,2026-09-07 10:52:32
2026-09-07 03:36:00,CNC-02,M,296.258718902488,310.37524145206345,2463.339142811998,24.9524058513958,151.9272199144413,3.3390742502632538,11.446287059860488,57.5352851887699,0,2026-09-07 10:52:32
2026-09-06 21:01:00,CNC-03,H,27.18325887392109,40.056106701030444,2659.2016581730954,18.594011453174936,152.33825693641364,3.4537178936416972,9.159852267443364,52.86573556737628,0,2026-09-07 10:52:32
2026-09-06 19:42:00,CNC-03,H,300.45713822505667,313.0996215900954,2434.2732776789157,22.104935549656833,59.60985626262418,3.044516946141273,9.928808261872618,48.055845309028655,0,2026-09-07 10:52:32
2026-09-07 09:25:00,CNC-03,H,296.64077452402205,311.12837986630154,1467.6483582660144,48.8219207096529,112.97562323194751,2.3097145124053253,13.309500646687582,57.10973937274223,0,2026-09-07 10:52:32
2026-09-06 13:05:00,CNC-01,L,24.131077870990964,37.88755581431536,1567.51657517557,43.21007406494297,12.62416323319594,2.189705923414563,12.684679287888128,58.24466494837998,0,2026-09-07 10:52:32
2026-09-07 05:11:00,CNC-03,H,297.0835328717172,312.0649283472016,2144.1973841527483,35.049682351921334,211.26444259203058,3.455378036541344,14.110365769168679,,0,2026-09-07 10:52:32
2026-09-07 06:49:00,CNC-02,M,295.5383670491879,310.56054393614704,1924.5504041873658,39.55179033107475,171.87875779947137,2.996149865420379,14.144475132452799,55.027503237056486,0,2026-09-07 10:52:32
2026-09-07 09:18:00,CNC-02,M,295.1473768809691,310.139410805431,1462.2699799763368,49.70274354781007,159.3289416626288,2.4912032355211435,13.575767946355603,57.18293606974241,0,2026-09-07 10:52:32
2026-09-06 21:42:00,CNC-03,H,300.0366794627579,313.7454767974131,2460.008197194939,25.120186531876776,198.1422242448088,3.4419166580797063,11.533134983642329,53.371341368113086,0,2026-09-07 10:52:32
2026-09-06 12:23:00,CNC-01,L,297.08059320319535,312.27287474307496,1396.351899588146,56.47881482414887,185.70664756884267,2.6428810060906933,14.698078314645697,57.97871473336337,0,2026-09-07 10:52:32
2026-09-06 20:56:00,CNC-01,L,26.616407649233395,38.098239919437276,2486.7500431504454,15.769052423693607,8.071210215631929,2.9804419739700028,7.565370985162034,53.114016356125646,0,2026-09-07 10:52:32
2026-09-07 05:45:00,CNC-02,M,295.6490285146548,309.54354314770904,2113.4381419710617,31.17697042258091,85.60115692192365,2.7698565829109474,12.042799153940951,58.90633371259205,0,2026-09-07 10:52:32
2026-09-07 08:48:00,CNC-02,M,295.23097334721086,309.8832359117344,1687.7836551597163,42.76066053626948,113.51818689015191,2.4412744910468906,13.543392253318522,56.93680146590522,0,2026-09-07 10:52:32
2026-09-06 17:20:00,CNC-02,M,299.75880062822637,314.4167605799986,2032.8300818453079,35.384338427028986,159.76414864968626,2.874660179514345,13.30455787827308,53.11414634504243,0,2026-09-07 10:52:32
2026-09-07 05:52:56,CNC-02,M,295.5946084230797,309.96625630756756,2156.8745127238794,32.76853581485832,94.76508744790792,2.960769127441239,,58.04750777602989,0,2026-09-07 10:52:32
2026-09-07 04:19:00,CNC-03,H,297.65139602209683,311.2640131916721,2258.19456191522,26.119348773254913,146.56922539486533,3.117932244782809,11.029772034143159,56.728257743303054,0,2026-09-07 10:52:32
2026-09-07 10:14:00,CNC-02,M,295.44347915433883,309.9625166859618,1555.5366979282996,48.42530195383104,6.218638992803779,2.150189083894415,14.059121726937207,61.519221315027444,0,2026-09-07 10:52:32
2026-09-06 20:21:00,CNC-01,L,26.562889307286753,40.76393305185644,2478.9683166075956,26.821376649308014,202.02957771333,3.913780319397404,12.540070384784286,52.967519355878615,0,2026-09-07 10:52:32
2026-09-07 00:26:00,CNC-02,M,298.5775844903394,311.3964222280143,2667.7849571141437,17.412020952703987,183.40143279360097,3.6118342148733116,8.811436765127313,51.35955347584805,0,2026-09-07 10:52:32
2026-09-07 06:08:00,CNC-02,M,295.7788739840841,309.8242065111671,,31.46266913937493,115.87290840110022,2.788319348009535,12.027383952417235,56.3180982652009,0,2026-09-07 10:52:32
2026-09-07 03:03:00,CNC-01,L,296.88167606238085,310.11532024124745,2490.663926089031,21.04608024121059,210.71894236387263,3.876444211412799,9.512635739552318,,0,2026-09-07 10:52:32
2026-09-07 05:48:00,CNC-01,L,295.67368245901565,310.6957538921072,1990.9275842472944,38.66044435758855,185.30527403487162,3.2747476727511926,14.146921321520491,57.363644113193814,0,2026-09-07 10:52:32
2026-09-06 19:12:00,CNC-01,L,299.51477890550007,313.1195588064993,59846.0358997284,27.22543837325401,118.5627047109703,2.982692496107454,11.085394442464057,52.39443512849119,0,2026-09-07 10:52:32
2026-09-06 22:49:50,CNC-03,H,299.99278088915264,311.56884028004396,2688.325024810888,14.45465579556001,12.91059885668438,3.2210850750883373,7.329328685402589,50.53573606326901,0,2026-09-07 10:52:32
2026-09-06 18:51:00,CNC-02,M,299.5123834476721,312.56301419988375,2248.580858638037,26.10488313332377,61.757966438666074,2.8439304611750456,11.342270362418828,52.56058576023729,0,2026-09-07 10:52:32
2026-09-07 07:17:00,CNC-03,H,296.60980960135777,311.03847458052167,1881.723978919857,37.68387492510684,140.99777937475318,2.738631977118125,13.216215522759041,55.288418039230216,0,2026-09-07 10:52:32
2026-09-06 22:54:00,CNC-02,M,299.4974195042022,312.24744925068836,2720.2521182320766,18.56577758662415,85.3381116999012,3.3101841219311656,9.307845094848235,53.571710988032514,0,2026-09-07 10:52:32
2026-09-06 18:59:00,CNC-01,L,299.6731893797788,314.2060191958185,2164.8771704931505,35.094648632309124,102.15671291286,2.864205689508666,14.2668736534802,49.263289405499606,0,2026-09-07 10:52:32
2026-09-07 09:31:00,CNC-02,M,295.2034642547222,310.6746261607908,1514.116997571291,50.10342042557003,179.20797192856682,2.6337321822702955,14.184607487657608,61.8460591797084,0,2026-09-07 10:52:32
2026-09-06 15:21:00,CNC-02,M,299.0880190983784,314.2446175700858,1575.1091758463574,48.79101684936671,199.20957673186155,2.775265495594887,14.43596299339992,50.29413874935115,0,2026-09-07 10:52:32
2026-09-06 19:26:00,CNC-02,M,299.63009961250805,313.0360459707959,2270.031146869181,25.996528350933993,105.42313426083926,2.919130189236801,10.850270154232803,52.373010693439355,0,2026-09-07 10:52:32
2026-09-06 17:15:00,CNC-02,M,299.2774950297642,314.0010903816153,1806.9105647713384,39.56526566341768,152.82947979363533,2.686196677072814,13.21287604601055,54.9533518519052,0,2026-09-07 10:52:32
2026-09-06 22:34:00,CNC-01,L,298.59760178917475,310.77134826588764,2714.2392899539345,14.954690085352734,116.94986191606446,3.3776963406920157,7.484004380569228,55.89551753531325,0,2026-09-07 10:52:32
2026-09-07 05:35:00,CNC-01,L,295.7181845457101,310.3276017836639,2142.274357972434,33.69324396153923,168.29066906550727,3.300536657680108,13.65645745663861,59.6195728677925,0,2026-09-07 10:52:32
2026-09-06 19:05:00,CNC-03,H,306.2566966116626,313.1911833301727,2094.4691637745123,28.678945773511817,14.033179602135785,2.7378558763215777,11.335455411184508,44.3393806091456,0,2026-09-07 10:52:32
2026-09-06 16:40:00,CNC-01,L,299.01868777680437,313.92621832555346,1761.052679956733,44.77444966388062,133.75890052593715,2.598435656852794,14.828234462666927,53.39749280286392,0,2026-09-07 10:52:32
2026-09-07 01:23:00,CNC-01,L,297.5028452480502,308.9077564813602,2803.702486481147,10.512376944321343,100.57292557866047,3.3105445270457685,5.62603569964634,59.392833293565914,1,2026-09-07 10:52:32
2026-09-07 03:48:00,CNC-01,L,296.7001538485236,310.4066656049309,2500.824509364712,26.836641416390243,35.01170127417179,3.0534325783419383,12.496908167560889,59.125070176373995,0,2026-09-07 10:52:32
2026-09-06 16:39:00,CNC-01,L,299.20616973538614,313.90337960324024,1832.2114343142791,40.43357566624046,132.31054179839083,2.593949742894287,13.640778213121132,49.29374127531022,0,2026-09-07 10:52:32
2026-09-06 19:03:03,CNC-03,H,306.0939347324833,313.62261106520464,2150.2444678554425,29.32283865669061,11.501711683311294,2.7268344869073466,11.656402090413158,38.49126832217645,0,2026-09-07 10:52:32
2026-09-07 02:23:00,CNC-01,L,297.24385297794123,309.4931001506648,2651.525729136377,15.013727532819049,165.9086305659131,3.682165177416449,7.5018725850693215,54.01977759088883,0,2026-09-07 10:52:32
2026-09-06 14:53:00,CNC-02,M,298.31712182664285,313.0103341997727,1390.2103101923487,51.92626947582861,156.80315954874175,2.2775509962898113,13.68661388923617,55.88967556745676,0,2026-09-07 10:52:32
2026-09-06 11:23:00,CNC-02,M,296.55496639415423,310.38297143460295,1322.6186935258786,50.233707835897555,68.44978779478802,1.9443932646760589,12.348317357204738,56.10887247031855,0,2026-09-07 10:52:32
2026-09-07 04:50:00,CNC-01,L,295.9814257517168,309.41202816524446,2104.972476917887,29.082977519683325,110.6562896908727,2.872904439978068,11.30301025612907,59.847151199050515,0,2026-09-07 10:52:32
2026-09-06 12:17:00,CNC-02,M,297.02838705641886,311.7582641481215,1387.8461810916303,52.818312641471785,154.15565273694344,2.399329281067325,13.428308307922768,57.795844497390156,0,2026-09-07 10:52:32
2026-09-07 00:22:00,CNC-02,M,298.46264889435497,310.6601837459103,2646.1642934409347,13.97491467166652,179.21887376453122,3.629572814701895,6.796463798179282,54.865190973243216,0,2026-09-07 10:52:32
2026-09-06 11:39:00,CNC-02,M,296.75224802717054,310.7975980545676,1289.215369994061,51.52005001833449,93.8745783578112,1.9510429133601117,12.203418399366138,60.63618956303165,0,2026-09-07 10:52:32
2026-09-07 05:59:00,CNC-01,L,295.44686339912045,310.13678185058177,2088.7759556432184,34.646537816972405,199.84095023216693,3.516348127900816,13.376906967863905,57.573700483237936,0,2026-09-07 10:52:32
2026-09-06 19:39:00,CNC-02,M,299.6188032199572,312.3824951981548,0.0,21.844517193730724,121.43339395943777,2.9964101613284257,9.4712350623424,52.86658165799085,0,2026-09-07 10:52:32
2026-09-07 00:46:00,CNC-03,H,299.74199797506964,312.0675375222023,2646.614685934781,16.598881358670052,135.20206709763204,3.3827014637183765,8.16430235410358,54.66806005503311,0,2026-09-07 10:52:32
2026-09-06 19:08:00,CNC-03,H,300.84924003963033,313.7687791527191,2280.654167116948,26.191091662045913,17.76652266937069,2.8719110642042103,10.954680891951222,56.15832017036652,0,2026-09-07 10:52:32
2026-09-07 03:54:00,CNC-02,M,296.37368669545816,310.35595613938955,2234.269519209043,27.495851351877555,173.04446324950746,3.1194847596515567,11.491677807687665,61.10328866789991,0,2026-09-07 10:52:32
2026-09-07 05:19:00,CNC-03,H,297.4268115522484,312.5671661803683,2238.2173115239375,34.11595357351848,221.48004647692215,3.499533046223875,14.336973622016773,56.232162456623634,0,2026-09-07 10:52:32
2026-09-06 12:49:00,CNC-01,L,24.016984710407428,39.43692034975794,1427.6461762861331,55.62833215044337,227.11304598199825,3.2593232775861356,14.919678211907089,52.24903674710133,1,2026-09-07 10:52:32
2026-09-06 21:53:00,CNC-01,L,299.0081605993672,311.45744824385537,2517.4273410568753,19.252359266899873,72.15033900366245,3.1108103225246544,9.153775322185274,56.34272079824349,0,2026-09-07 10:52:32
2026-09-06 20:38:00,CNC-03,H,27.18287649203478,41.28493906514154,2374.7577108167056,27.79787268102184,126.02126599258384,3.09307637799635,12.311807559162371,50.01821932854466,0,2026-09-07 10:52:32
2026-09-06 20:06:00,CNC-03,H,300.3338239865927,313.8982437700033,2317.130064610367,28.529239265721593,88.49427497537097,28.379082289514226,12.087629881134594,51.322467233737065,0,2026-09-07 10:52:32
2026-09-06 12:58:00,CNC-01,L,24.002632921676934,37.53554317790321,1358.7110082625763,49.29804816632317,1.6,2.0326849779198293,12.678616051880049,52.18369116044162,0,2026-09-07 10:52:32
2026-09-06 20:06:00,CNC-01,L,299.74449782878514,313.43175916883257,2443.844019310483,25.01283440099237,184.35710541533442,3.577563329278921,11.370291675063747,49.09678428313501,0,2026-09-07 10:52:32
2026-09-06 20:38:00,CNC-01,L,26.355374630347455,39.87241427846607,2398.9850049159277,22.86470939225292,221.90747222972965,4.059581960857684,10.523963423018273,50.470582540437334,0,2026-09-07 10:52:32
2026-09-07 05:06:00,CNC-01,L,295.9525409115912,309.93600933295636,2206.5212416692507,29.46865479691872,130.88162455695493,3.0455156327355226,12.08269172422113,55.32665330165871,0,2026-09-07 10:52:32
2026-09-06 17:12:00,CNC-02,M,299.34392529224147,0.0,1757.9988693582754,39.5130865926529,148.60127481674417,25.23986877584733,12.717068777168384,54.66367104095915,0,2026-09-07 10:52:32
2026-09-06 21:46:00,CNC-02,M,299.48601739171403,311.90131755711076,2563.1908787609814,18.450999479853465,11.181966234229463,3.1605051398733495,8.87224224721786,56.26039552819455,0,2026-09-07 10:52:32
2026-09-06 20:14:00,CNC-02,M,26.748100372156614,40.847274233052815,2442.842794573282,25.621687583763702,163.18122446000464,3.401548275842698,11.475862915544608,55.07797804857843,0,2026-09-07 10:52:32
2026-09-06 15:16:55,CNC-01,L,298.2105345857383,311.5159627882054,1665.3055497336925,39.84126329195646,10.54484833073636,2.2562326302941775,12.406737643944284,56.68673198908716,0,2026-09-07 10:52:32
2026-09-07 00:08:00,CNC-03,H,299.93484435185167,311.7521497973885,2662.8871021818322,15.853415704528071,94.78964595951078,3.206172914779134,7.796335843055739,53.357822980018376,0,2026-09-07 10:52:32
2026-09-07 01:08:00,CNC-03,H,299.4277402394022,312.1547701511149,2661.6888641470405,18.044253521463173,158.9020382763162,3.5208957735940816,8.830164473374996,52.30445671501547,0,2026-09-07 10:52:32
2026-09-06 23:42:00,CNC-02,M,299.1777558402412,311.60267769584067,2762.520612952636,14.43169659719684,136.48267819756674,3.4425485708207435,7.436911715402381,52.97868338517642,0,2026-09-07 10:52:32
2026-09-07 10:03:00,CNC-01,L,294.47601494521143,309.164890756434,1460.4182250996075,49.95567343224333,150.41132420188202,2.5378955140918906,13.731925660915886,58.54317215965588,0,2026-09-07 10:52:32
2026-09-07 00:29:00,CNC-03,H,299.97147667071494,312.44198705008296,2672.8446099728844,18.169703118990515,117.25424642277454,3.2807168687044532,8.953352534676599,51.79193228390563,0,2026-09-07 10:52:32
2026-09-07 02:21:00,CNC-03,H,298.4540613173471,309.90681677487385,2701.9943957174964,15.093123383759982,9.867651527713942,3.2851403192189763,7.5228955365337535,50.97269057553786,0,2026-09-07 10:52:32
2026-09-06 18:09:00,CNC-03,H,300.3895893944005,315.16409808490033,1903.7406232744145,39.210012185279524,209.69098631141753,3.113210135252077,14.00394763998637,50.812008157922904,0,2026-09-07 10:52:32
2026-09-06 15:57:00,CNC-03,H,299.5894390866826,313.63986918242534,1523.7831528244642,47.23152392806255,25.166860835128745,2.2709252234821955,13.370503009947015,50.055261477700654,0,2026-09-07 10:52:32
2026-09-06 23:56:00,CNC-03,H,300.1070097522408,312.2314923849308,2685.8791231081327,15.628861368239908,81.98696675252471,3.253450041689423,8.118620453367061,48.585349697626675,0,2026-09-07 10:52:32
2026-09-06 17:54:00,CNC-03,H,300.4720876954737,315.15489618230947,2079.14474255134,35.82802208778198,189.58897860035066,3.095647471559621,13.840537773812848,53.31860190019552,0,2026-09-07 10:52:32
2026-09-06 13:59:00,CNC-03,H,298.5193132155162,313.01440701775374,1476.644853143528,51.293795654190085,77.1357905642504,2.0818038487815524,14.392363530754327,57.075068032102905,0,2026-09-07 10:52:32
2026-09-06 17:16:00,CNC-01,L,299.170366181382,314.57193000984944,1996.727396925813,42.70386083258276,184.0482189013186,3.2196200539105897,16.342763033893625,50.48076666050437,0,2026-09-07 10:52:32
2026-09-07 01:28:00,CNC-03,H,299.5438046017145,312.9406396668554,2696.709338484114,20.570628235758463,180.31033859069498,3.565097489057177,10.314268780304317,46.463677825331104,0,2026-09-07 10:52:32
2026-09-07 02:14:00,CNC-01,L,297.1175473234308,310.05478552926763,2586.814766629279,18.90741793211488,156.0419547379322,33.698557844312084,9.256429449880427,55.01878655520892,0,2026-09-07 10:52:32
2026-09-06 21:02:00,CNC-01,L,26.070762269022623,38.601701989119476,2726.49908098158,19.035282360424887,14.883382356518675,3.2412541433396145,9.631179050668004,55.91050117719201,0,2026-09-07 10:52:32
2026-09-06 12:12:30,CNC-03,H,297.401284949773,312.21757622515264,1421.888316754299,53.287257341866216,158.65641208893405,2.264141126677465,14.114974060563824,55.09535035981958,0,2026-09-07 10:52:32
2026-09-06 23:41:00,CNC-01,L,298.41898862090216,312.14032844936236,2704.164148882782,22.924987095696004,188.64689447659305,3.8795603655493536,11.66509223151078,57.2870088503448,0,2026-09-07 10:52:32
2026-09-07 04:56:29,CNC-03,H,297.3073410527151,311.01300116150065,2471.9954846484034,24.389282596785865,193.55253192417285,3.598424671550107,11.32232088947321,55.104943771011655,0,2026-09-07 10:52:32
2026-09-07 03:59:00,CNC-02,M,296.25299696280007,310.91790238143653,2390.946586867289,30.056186695437855,178.98828442959734,3.3932117703792377,13.289624526093839,58.530892088742725,0,2026-09-07 10:52:32
2026-09-06 12:04:00,CNC-01,L,296.85249196385075,311.5497238904726,1460.2860239331344,51.68776541710934,155.40237715617755,2.473059189039457,14.066772075156242,60.338377835046415,0,2026-09-07 10:52:32
2026-09-06 17:20:00,CNC-03,H,300.21825002080715,315.01793561958186,1897.4170919478047,40.3139846398025,143.32681291853547,2.7333117491626586,14.263239520106914,48.73082905601069,0,2026-09-07 10:52:32
2026-09-06 22:28:00,CNC-01,L,299.14795230204663,310.4574477501042,2633.268694847655,11.879147820361569,110.43685388931455,3.252343013720606,5.712867830818798,54.25311251278617,1,2026-09-07 10:52:32
2026-09-07 03:54:00,CNC-01,L,296.2892385614671,308.3738155908505,2354.229158255365,20.47708738071611,42.149492239570996,2.9143689996895157,9.33675645955832,56.61057357190474,0,2026-09-07 10:52:32
2026-09-06 21:38:00,CNC-02,M,299.0591531338231,310.6919312930687,2596.7013645247944,16.075748516471364,2.2617371453822592,3.0321057650653547,7.963590963914525,56.140121381530214,0,2026-09-07 10:52:32
2026-09-06 20:11:00,CNC-02,M,26.37076854667083,39.14110876996841,2382.9382030352776,20.11502823578756,159.68369521550474,3.235463030645854,9.164716728423635,55.31636680715451,0,2026-09-07 10:52:32
2026-09-06 21:48:00,CNC-01,L,299.4426283861831,312.0597328089296,2604.172694480076,20.361756122976004,66.59871081572467,3.083527181386942,10.057729172294218,54.05692675737758,0,2026-09-07 10:52:32
2026-09-06 22:10:00,CNC-02,M,299.34426005128444,311.5923360788997,2585.7279537122977,17.96105035654894,37.38547938932947,3.2224665173862554,8.740261324821075,52.50439210563187,0,2026-09-07 10:52:32
2026-09-07 06:55:00,CNC-03,H,296.74703803836456,310.9893863384285,1729.5950512700024,40.393571460801894,110.13448459900984,2.5086803838910594,13.00703383289755,57.16766851032809,0,2026-09-07 10:52:32
2026-09-07 10:09:00,CNC-03,H,296.9506292873553,311.83965906232856,1574.5125915730437,48.05283449225292,181.24091710264878,26.604294395660393,14.142808291929171,58.750142840772554,0,2026-09-07 10:52:32
2026-09-07 08:08:00,CNC-03,H,296.5284798424259,311.62905638172145,1781.5662957596658,43.97237863966606,215.27628247771148,3.1098846160801177,14.764632056578089,59.11704961944158,0,2026-09-07 10:52:32
2026-09-06 21:54:00,CNC-02,M,299.3548577605895,311.27235962559587,2715.3336480780476,16.167133277482932,19.878933964268953,3.3298083893523733,8.150703281142526,50.84521941427503,0,2026-09-07 10:52:32
2026-09-07 03:04:00,CNC-03,H,297.72904564012015,310.75107414834423,2439.7686139852017,23.28737552095167,58.22845865520879,2.9035450140626455,10.973547514515353,52.936855063437065,0,2026-09-07 10:52:32
2026-09-07 08:48:00,CNC-03,H,296.57120000281475,310.5846380235618,1562.72912686482,47.10367124066001,56.397809837134,2.2123280344631255,13.841556076006004,62.416741154735256,0,2026-09-07 10:52:32
2026-09-07 00:17:00,CNC-03,H,299.95306709319334,312.38353564201884,2697.7920080070808,17.49000330430375,104.35351175263884,3.2644657991905377,8.557634823167565,53.94537374502879,0,2026-09-07 10:52:32
2026-09-07 07:36:00,CNC-02,M,295.34572583496276,309.295830575374,1839.0420139789628,38.00206305113747,7.172723991622735,2.5428167420128482,13.311421611336439,56.82931885266313,0,2026-09-07 10:52:32
2026-09-06 14:39:00,CNC-03,H,299.1814988184,313.5241264012264,1482.444549528458,48.464526884699154,139.09465389446507,2.3744734613511165,13.700979008865708,51.25334426457915,0,2026-09-07 10:52:32
2026-09-06 23:59:00,CNC-03,H,299.6565881141179,312.6260951918125,2665.8108959430947,19.92510204629801,85.17584405612483,3.2086078917020746,10.16430277367731,49.17226018822186,0,2026-09-07 10:52:32
2026-09-07 03:53:00,CNC-01,L,296.32774146684466,309.4072210942881,2354.1779870682826,24.980870099668984,40.97732571271158,3.002509754913975,11.077617476188975,61.93155297591356,0,2026-09-07 10:52:32
2026-09-06 14:25:00,CNC-02,M,298.0779266107966,312.82013800759546,1555.3799243230767,49.52828657632364,113.84436235843778,2.3394894866060403,14.333310817154368,54.690535142297755,0,2026-09-07 10:52:32
2026-09-06 20:03:00,CNC-02,M,299.589662134762,313.5333315258551,2280.834773565471,27.99495161819123,150.32857344861011,3.088352060810583,11.561168865904932,52.695552495582994,0,2026-09-07 10:52:32
2026-09-07 00:58:00,CNC-02,M,298.08529002820353,311.1190601325536,2619.3204962155173,18.089773046896376,217.2520722819415,3.9374006694325567,8.732679551715604,53.105339361451776,0,2026-09-07 10:52:32
2026-09-07 03:28:00,CNC-03,H,297.976632158368,311.42571957919967,2352.675230833756,26.227983015689254,85.71694627575775,2.9732397481112898,11.487941482282851,59.455564165397064,0,2026-09-07 10:52:32
2026-09-07 06:50:00,CNC-02,M,295.50606822486697,309.95387584372844,1909.3806254639571,34.68234675109578,173.25514840226393,2.9320957231712392,12.397295708975374,56.8973901640599,0,2026-09-07 10:52:32
2026-09-06 18:54:00,CNC-01,L,299.37452605775866,313.3509933536655,2191.8231144174147,30.858523170278353,95.75583320017229,,12.83990231891537,49.742167458482086,0,2026-09-07 10:52:32
2026-09-07 06:12:00,CNC-01,L,295.72028453329466,309.0262484617165,1835.32709461793,34.105838652364575,9.409076415987114,2.457660086631777,11.951338529115784,59.644081407227375,0,2026-09-07 10:52:32
2026-09-06 11:21:00,CNC-03,H,296.8858656920456,311.03373805131673,1366.6714533714212,51.09178813433572,74.47476244365093,1.99698643920267,13.16305041831899,59.47184795094376,0,2026-09-07 10:52:32
2026-09-07 09:41:00,CNC-03,H,296.79839720110795,311.37459374812926,1559.418223168581,48.98211057012671,137.69437418226482,2.3830105060125804,14.434616935623682,57.735490754067456,0,2026-09-07 10:52:32
2026-09-06 13:29:00,CNC-01,L,24.369533178529878,38.7516385085475,1412.5553243259637,53.53972353739844,50.64005327896658,2.0919489708045664,14.34135114407381,56.987095932453755,0,2026-09-07 10:52:32
2026-09-07 08:53:00,CNC-01,L,294.83910860725643,308.40559624296003,1651.0528043537008,41.30914566403152,42.02185563702879,2.242028547599702,12.699791809563326,60.35953264631741,0,2026-09-07 10:52:32
2026-09-07 01:31:00,CNC-01,L,297.5803652952622,309.4194849247332,2601.7115601419605,15.392721078921793,109.26186729560212,3.2588768637810803,7.443742361250611,52.66542810499515,0,2026-09-07 10:52:32
2026-09-06 20:14:00,CNC-03,H,27.087442645333113,39.95878526498683,2533.6853855043155,20.155492319449113,98.01075250375723,3.1180937922865812,9.559757718513676,50.55875427784242,0,2026-09-07 10:52:32
2026-09-07 08:32:00,CNC-02,M,295.0936162202176,309.9351574807945,1595.8642378377265,47.46573074443438,89.47421754797452,2.2679894498441513,14.326576109466687,58.649386158387266,0,2026-09-07 10:52:32
2026-09-06 20:30:00,CNC-03,H,27.160501371385692,40.313651869992896,2473.6641544674058,21.158139022937714,116.60877942087681,3.124865273546155,9.899487056621933,55.47633602030271,0,2026-09-07 10:52:32
2026-09-06 14:24:00,CNC-02,M,298.0944561171176,312.55125114872504,1566.323130038377,46.21288335056178,112.30603348318887,2.3383197212842637,13.69963847370087,54.79289431044655,0,2026-09-07 10:52:32
2026-09-06 18:10:00,CNC-01,L,299.3247360456478,312.9203048227058,2023.674303910688,32.09009692032924,38.83423270987246,2.6145550543462135,12.232536017251821,55.195692527738416,0,2026-09-07 10:52:32
2026-09-07 05:02:00,CNC-01,L,295.99973221362444,310.0730977489526,2280.241541848362,29.173615053562244,125.74679910471997,2.9480946651988815,12.352374735455312,58.25502705068515,0,2026-09-07 10:52:32
2026-09-06 12:04:39,CNC-03,H,297.1961751248312,311.7055511395621,1373.4223611066839,52.31750318917904,145.87294371138194,2.255398879326506,13.466618036648534,58.06774047463912,0,2026-09-07 10:52:32
2026-09-07 10:43:00,CNC-01,L,294.7324485621144,309.3474547002082,1348.1996870314615,51.40673825419687,213.24670627900693,3.0168140099539267,12.875258980648269,61.52611969708732,0,2026-09-07 10:52:32
2026-09-06 19:24:00,CNC-02,M,299.8055374750411,313.887538393803,2318.5882507053916,28.639182666580137,102.90438693984312,2.9649404879416834,12.382497051106293,53.31862416678757,0,2026-09-07 10:52:32
2026-09-07 03:46:00,CNC-03,H,297.92419155473635,311.1410793055838,2422.5398869880787,23.59884812468549,106.90360548172256,3.1037995518345833,10.688764729932359,57.80321011314418,0,2026-09-07 10:52:32
2026-09-07 02:53:00,CNC-03,H,298.2451632801516,311.03693678852517,2455.8961871293645,21.743417734448016,45.67753933105707,3.006837236206677,9.821175320232019,,0,2026-09-07 10:52:32
2026-09-06 18:07:00,CNC-02,M,299.59312133156226,313.6721073681783,2096.6528648284348,33.41857059519205,5.23061253840947,2.7534090389251316,13.226532167091609,51.042991019192286,0,2026-09-07 10:52:32
2026-09-06 17:07:00,CNC-02,M,299.5060393252905,314.69733820796506,1908.0144546101328,42.11512188704579,141.6635069034882,2.7073097369603834,15.093642529824157,47.27194093376565,0,2026-09-07 10:52:32
2026-09-06 21:40:00,CNC-01,L,299.5021192536533,311.906501836008,2655.9051492290964,18.354576453428717,57.78622866444059,3.2697133602170596,9.009391011566679,54.51023273813165,0,2026-09-07 10:52:32
2026-09-06 19:47:09,CNC-01,L,299.4401330051256,313.7467982179426,2181.030648725673,31.44317116897664,160.44634811019975,3.1256221990393107,12.762776448488731,53.27597102600832,0,2026-09-07 10:52:32
2026-09-06 13:04:00,CNC-02,M,24.253561231932906,38.78473548120451,1413.056634474408,49.55849395875762,228.6644183213106,2.9821321695372807,13.2759615412198,55.97038927713196,0,2026-09-07 10:52:32
2026-09-06 16:41:00,CNC-02,M,299.3168310896937,313.8744414305598,1766.1311225653478,43.17837485845869,104.98741277122788,2.3542210099255754,14.214990137178905,56.54278201000493,0,2026-09-07 10:52:32
2026-09-07 08:15:00,CNC-03,H,296.73093170240224,310.79963371453925,1656.4695535272476,45.112156240958136,7.426954411899293,2.1914658982521917,14.102938952346838,56.42106547483361,0,2026-09-07 10:52:32
2026-09-06 15:59:00,CNC-01,L,298.90527144199456,312.95370302512003,1761.8565511141533,40.14751665045684,74.65971993626053,2.379657646003353,13.244524706977254,53.742997144539196,0,2026-09-07 10:52:32
2026-09-07 00:58:26,CNC-03,H,,311.78210432734664,2837.9702581411125,15.933278004661885,146.95989149086617,3.639386299209712,8.510067029986942,50.430770912587825,0,2026-09-07 10:52:32
2026-09-06 17:06:00,CNC-01,L,299.3773511690432,314.2431461285189,1944.6997027002465,38.710585082736586,170.2000149723138,3.008115582548337,14.11348429783148,54.1464600118358,0,2026-09-07 10:52:32
2026-09-07 09:19:00,CNC-01,L,294.92273676693617,309.053180748663,1552.4809801682268,45.95390808399035,81.9856610662517,2.255868782014669,13.3913951142391,58.425548907721435,0,2026-09-07 10:52:32
2026-09-07 00:09:00,CNC-01,L,298.24522601706536,310.1637600740136,2633.6117538199296,16.94633489737415,21.366029777946125,3.1715606324660497,8.311374197346593,55.190987214548535,0,2026-09-07 10:52:32
2026-09-06 19:53:00,CNC-03,H,300.4846313485562,313.65852238292797,2506.0895927821616,23.17438247646191,72.8093513595243,28.721705525083642,10.839950211761012,52.982036847758835,0,2026-09-07 10:52:32
2026-09-07 02:14:00,CNC-02,M,297.4885645978488,310.0276978834606,2579.55696349721,17.674815160199465,58.606991021082024,3.112395910223794,8.28473245335115,52.72912404647841,0,2026-09-07 10:52:32
2026-09-07 02:14:00,CNC-03,H,298.8741985582811,310.4525203881782,2712.040049025015,15.194751793133698,2.1306200646988995,3.342326115111114,7.491912497086278,54.30835341702571,0,2026-09-07 10:52:32
2026-09-07 10:26:00,CNC-01,L,294.4712789790642,309.2531984743145,1357.7707091242164,55.261387060765095,186.49467383508278,2.652322837878045,14.256284516183847,63.002813491451626,0,2026-09-07 10:52:32
2026-09-06 23:39:00,CNC-02,M,299.02075386533585,311.9949083938025,2694.9092226225994,17.397537602507622,133.30887726962507,3.465849192399099,8.645228537941918,52.20322704401375,0,2026-09-07 10:52:32
2026-09-06 12:29:00,CNC-03,H,297.49094639505586,312.94157067259334,1384.1115202579188,57.241039988294155,182.5438185605784,2.5398125783260843,14.712702119564078,56.44768701980618,0,2026-09-07 10:52:32
2026-09-06 11:24:00,CNC-01,L,296.6681811544723,310.61973372568343,1414.9807037329942,48.39220648921084,92.15543997653299,21.037268207294222,12.536992326225022,54.354200574026,0,2026-09-07 10:52:32
2026-09-07 04:47:00,CNC-01,L,295.945709747218,310.11191784304003,2223.8025228758365,31.101661971482482,106.8481234126669,2.9988020851095745,13.067963852419116,58.10311058181347,0,2026-09-07 10:52:32
2026-09-06 15:19:00,CNC-01,L,298.40163819552214,312.704558805374,1743.021426767545,42.68869316517742,272.23796992654326,2.440096570511445,13.916897758678743,60.56963826954192,0,2026-09-07 10:52:32
2026-09-06 12:23:00,CNC-02,M,296.90889048316797,311.2397579144951,1288.2872224289733,53.95319398833532,163.70812427004805,2.2052792045433707,12.940437841555598,57.33165348488468,0,2026-09-07 10:52:32
2026-09-06 11:55:00,CNC-02,M,297.07070567764515,311.5216301093558,1503.808673489066,46.77835270663708,119.12507163565203,2.2184450666150206,13.110270880909985,56.96362615461296,0,2026-09-07 10:52:32
2026-09-06 22:09:00,CNC-02,M,299.19308302298845,311.4684436740405,2631.68529353717,17.661606282989215,36.27580784738022,3.2121662052618025,8.76668384005665,56.64573830610536,0,2026-09-07 10:52:32
2026-09-07 02:32:00,CNC-02,M,296.62275784802006,308.90875050866623,2534.4208417481486,17.21415174724879,78.84961564036026,3.1639529708964327,8.239260338063918,58.983972694539275,0,2026-09-07 10:52:32
2026-09-06 22:46:00,CNC-03,H,299.8196432897998,311.38063749498707,2580.361561404137,16.17445075890952,7.5488686742946065,3.0464805415247422,7.926129399163606,49.97314823318031,0,2026-09-07 10:52:32
2026-09-06 21:27:00,CNC-02,M,299.6286483090226,313.95659482712995,2610.016671463061,23.904209820664384,246.9134754251004,4.361692457938933,11.535743093170435,51.77224232253229,0,2026-09-07 10:52:32
2026-09-06 19:07:00,CNC-03,H,300.5271201444601,313.65688465905487,2187.267387810964,28.31465045422044,16.49579863407184,2.840187464277901,11.786307771861487,53.517865000656776,0,2026-09-07 10:52:32
2026-09-07 09:58:00,CNC-01,L,294.73094531065396,309.1478896653063,1467.1297129973614,47.65393334206476,142.55040584856897,2.397349060770068,13.04914822321434,60.64248806180735,0,2026-09-07 10:52:32
2026-09-07 01:50:51,CNC-03,H,299.021433429797,312.91036797342014,2651.4915677523522,22.73640787766062,205.21107661912535,3.740287093413371,11.300141363897078,54.50815917091932,0,2026-09-07 10:52:32
2026-09-07 05:37:00,CNC-02,M,295.8548335636958,310.04010669390493,1990.6321580851609,33.70488110536889,74.93010254761403,2.720837515413763,12.56470924390817,59.22538041559475,0,2026-09-07 10:52:32
2026-09-06 13:45:00,CNC-02,M,297.6423751808115,312.24754882709175,1685.134092801116,46.856792384761256,51.65248745309972,2.4477372831920525,14.729539594012769,58.225264598948016,0,2026-09-07 10:52:32
2026-09-07 06:34:21,CNC-02,M,295.63935028005636,310.242109792573,1787.2143954921041,40.19889312303181,151.1911696463306,2.5690066166126058,13.352959409056435,58.138620016025044,0,2026-09-07 10:52:32
2026-09-06 11:21:00,CNC-02,M,296.8445976611332,311.06148654925124,1366.767606107634,52.83278305197061,65.27407258837553,2.1300521735131834,13.651376497419863,58.92011288543833,0,2026-09-07 10:52:32
2026-09-07 06:23:00,CNC-02,M,295.51351752556013,310.12066533568606,1907.5788505845305,36.1908170072643,136.0012430985311,2.612767948543846,13.050566423406911,57.98070665488158,0,2026-09-07 10:52:32
2026-09-07 02:01:00,CNC-01,L,297.454658211444,309.6243868220313,2633.8136879979284,16.04574553148008,141.8438832469497,3.443190783809379,7.880537094608268,56.448487543045545,0,2026-09-07 10:52:32
2026-09-07 08:57:00,CNC-02,M,295.3237445445812,310.3312222411437,1367.3039639378671,57.10405812994025,127.07412068278367,2.17531783614186,14.545415577009841,59.86951699903634,0,2026-09-07 10:52:32
2026-09-07 05:10:00,CNC-02,M,295.603425123264,309.488388344114,2082.7308881885897,32.30027291956979,40.18414562268525,2.658373294146451,12.654032912333625,61.30855309933266,0,2026-09-07 10:52:32
2026-09-06 18:48:00,CNC-01,L,299.5422511179452,313.13298828659674,2345.922413855972,28.295070043262022,88.12058974954427,2.8993292382693743,12.49270193564263,51.51364599445342,0,2026-09-07 10:52:32
2026-09-06 13:32:00,CNC-02,M,24.226923715845658,38.25686694538689,1382.919349080367,52.55828375240308,31.307477945057443,1.9806712783399298,13.494340999752477,53.47897579739268,0,2026-09-07 10:52:32
2026-09-06 23:54:00,CNC-03,H,299.6197704688031,311.46620230047597,2769.726659060922,13.964722761138155,79.88338939940472,3.327873060925358,7.368693579003344,51.976059508214966,0,2026-09-07 10:52:32
2026-09-07 08:20:00,CNC-01,L,300.717472600961,310.0893718895146,1576.0769840799637,52.80692139538701,191.37852171729065,2.9393266364214496,15.545968608599134,46.72625913327653,0,2026-09-07 10:52:32
2026-09-06 11:44:00,CNC-02,M,296.8634378064237,311.2284758268839,1439.0624796019251,51.36914135666605,101.83135221106042,2.1035360559848115,13.906768024507883,54.0359697314579,0,2026-09-07 10:52:32
2026-09-07 09:41:08,CNC-02,M,295.35179401672576,311.01255252784824,1589.0230436692989,50.823192885101115,194.69551611843173,2.7982906208014864,15.416130601625328,61.4872793138908,0,2026-09-07 10:52:32
2026-09-06 11:03:00,CNC-01,L,296.7953550910284,310.81231664209605,1371.3512095337387,53.33195804761671,59.00547391972343,2.231721872840259,13.675141851012432,57.6806742260743,0,2026-09-07 10:52:32
2026-09-06 12:13:00,CNC-01,L,296.95687677535875,311.7610309234417,1412.8386099469549,53.45822619074563,0.0,2.378823739025381,14.108320147016059,56.99846285351883,0,2026-09-07 10:52:32
2026-09-07 02:45:00,CNC-02,M,296.80632959448945,309.4928333439291,2603.4391480318877,18.499578410659424,93.52640107576738,3.208420932297112,8.915104331164232,55.21689364225241,0,2026-09-07 10:52:32
2026-09-07 00:46:00,CNC-01,L,297.9397941023136,310.250628808629,2616.1732406896267,19.70308525028393,,3.2702123996233095,9.705762740106078,55.688008599230336,0,2026-09-07 10:52:32
2026-09-06 21:58:00,CNC-02,M,299.0485070535744,311.70713349147803,2481.376159492119,21.94587458472377,24.280457019109452,3.018919871120203,10.061793325058959,52.04941205740853,0,2026-09-07 10:52:32
2026-09-06 19:27:00,CNC-01,L,299.629124022731,313.66373836966983,2170.6394898970693,31.044047985595007,137.36111386756215,2.981399648505468,12.574398919503684,52.284222607194835,0,2026-09-07 10:52:32
2026-09-07 00:01:00,CNC-01,L,298.4157882699762,310.07805919258715,2750.4204337368765,14.109914061027775,12.844626980137704,3.2895493273825505,7.3282220078417595,53.23842414063199,0,2026-09-07 10:52:32
2026-09-06 14:48:00,CNC-02,M,298.2554423111709,313.3156645816691,1643.0647895713466,45.98105796376244,149.05703365266282,2.5015415107530883,13.876001095665794,0.0,0,2026-09-07 10:52:32
2026-09-07 07:41:00,CNC-03,H,296.37939503941817,311.5144054893174,1686.1662250936554,47.46885929811271,175.4465443281586,2.6702975150218253,15.112281174721607,58.52150404750505,0,2026-09-07 10:52:32
2026-09-07 03:24:00,CNC-01,L,296.7815292937144,309.11537551509423,2466.0153791916887,20.857287320817058,6.917051899446866,3.078754468092074,9.572407115234792,56.713937205577956,0,2026-09-07 10:52:32
2026-09-07 10:19:00,CNC-03,H,296.9095504727751,312.0410590603089,1419.2214576264946,55.94558092895123,196.96236009176508,2.524822945220538,14.81020612612015,57.34085964579021,0,2026-09-07 10:52:32
2026-09-07 02:09:00,CNC-02,M,297.35531823128025,310.1812451657568,2581.08193275274,19.69435013859243,53.0314195466869,3.1244723124852714,9.535584527497399,55.41514068278559,0,2026-09-07 10:52:32
2026-09-07 00:36:00,CNC-01,L,298.00617106507605,310.27994923814134,2494.2954021068413,19.30536004885848,50.28821338865685,3.1325569192668876,8.966922341047551,56.380919139655234,0,2026-09-07 10:52:32
2026-09-07 10:33:00,CNC-03,H,296.8680435566494,311.3842933155138,1348.2829968378815,53.29163240521422,218.88885282282294,2.730350958786807,13.269590298361633,56.15241983394968,0,2026-09-07 10:52:32
2026-09-06 23:34:00,CNC-03,H,299.79602059290244,311.9370277545827,2793.0821667422847,15.198173389503879,58.59890574120285,3.245382977901248,7.934311590777548,48.3571928017423,0,2026-09-07 10:52:32
2026-09-07 04:02:00,CNC-02,M,296.19113954137947,310.5371924902851,2356.525664534787,27.463387589479982,182.51222957641593,3.376542732242279,12.18494643688848,63.552134401908646,0,2026-09-07 10:52:32
2026-09-06 14:14:00,CNC-02,M,297.70816051993984,312.1540197377636,1370.0105955406766,52.36593556345646,96.88734752781865,2.099552573529809,13.414416720126933,52.57677214933595,0,2026-09-07 10:52:32
2026-09-06 16:53:00,CNC-03,H,,314.2833442360868,1998.1103765659172,36.18485385694947,105.70891799293442,2.5950094597558,13.47317943305632,52.47453553736943,0,2026-09-07 10:52:32
2026-09-06 20:48:00,CNC-01,L,26.271501045256286,41.46099221806463,2287.609939257501,33.3501233460341,233.38108755514537,4.112721168127014,14.5770158665857,55.747883420481244,0,2026-09-07 10:52:32
2026-09-07 02:44:00,CNC-03,H,298.344248295479,310.61306247638606,2468.056569930189,20.306720139832482,35.55108609726575,2.9955137388914106,9.370592151316428,54.814921873702154,0,2026-09-07 10:52:32
2026-09-07 04:17:45,CNC-02,M,295.81033780512195,310.0886350162048,2336.0682053869955,28.281431672447333,203.09331647351075,3.542304683345296,12.418276535360405,57.303185800477785,0,2026-09-07 10:52:32
2026-09-06 16:58:00,CNC-03,H,299.8456288108176,314.6305418946992,1846.6372563864659,41.352385335639795,112.69769517659438,2.670059075392344,14.301305078773503,52.617717805569995,0,2026-09-07 10:52:32
2026-09-06 16:44:15,CNC-02,M,299.3785810566047,314.35144385594356,1879.6590528304844,43.57694823931598,110.62598095321634,2.5432826130870296,15.280637883777127,51.87989662895579,0,2026-09-07 10:52:32
2026-09-07 02:15:00,CNC-03,H,298.6944229504502,310.387944946102,2637.18278265798,15.406865632464752,3.24507813056937,3.166268433874952,7.508388896052579,53.53868572759605,0,2026-09-07 10:52:32
2026-09-07 04:21:00,CNC-03,H,297.6472664516304,311.0528657414425,2321.2239740673435,24.264023858601746,149.00008652509771,3.116336949527881,10.565872401673447,53.72599035815692,0,2026-09-07 10:52:32
2026-09-07 10:22:00,CNC-02,M,295.52528750589374,309.8439783245958,1340.2504078248896,53.48965002359168,18.846340707555704,2.0222599809087938,13.2571552374741,58.37653333725207,0,2026-09-07 10:52:32
2026-09-06 11:46:00,CNC-01,L,296.471431118567,310.4593394195664,1335.900729503559,52.47059893823961,126.98540826655997,2.2839852383790804,12.93690693616659,57.222982002589745,0,2026-09-07 10:52:32
2026-09-06 14:05:00,CNC-02,M,297.7133558335469,312.0998138630534,1498.5942248347192,49.34285238149762,82.86947145408539,2.119463711209657,13.731333282576776,56.04383334695743,0,2026-09-07 10:52:32
2026-09-07 07:59:00,CNC-03,H,296.8890878055148,312.4768671273498,1748.2386099207333,48.77530218953755,201.92095803466322,2.9327756663924593,15.906493277761355,57.85648842217435,0,2026-09-07 10:52:32
2026-09-06 17:02:00,CNC-02,M,299.4224822414011,314.5229593899198,1797.6640428664166,42.854650518021096,134.77706214225472,2.565871005553182,,52.48443803406054,0,2026-09-07 10:52:32
2026-09-06 15:07:00,CNC-02,M,298.5228287335757,313.2733756957347,1575.2717137357097,48.852184234356386,178.0805319099359,2.6308987986862555,14.03747921788958,47.18012217273171,0,2026-09-07 10:52:32
2026-09-06 12:03:00,CNC-03,H,297.4311481300604,312.37215795621296,1693.7151330307925,47.33880931523241,141.13121883094456,2.558582029894289,15.208799459219742,54.53632611713691,0,2026-09-07 10:52:32
2026-09-06 15:43:00,CNC-03,H,299.6572343057987,313.43571513059374,1656.9485735074704,42.19379784619438,4.478866475730495,2.2404342740661343,12.981193622656964,49.75439959581097,0,2026-09-07 10:52:32
2026-09-07 08:44:00,CNC-01,L,295.14017177491684,309.0091848312179,1547.0289078789835,,28.494960615034707,2.2560342935377697,13.158345114214425,58.11368289774407,0,2026-09-07 10:52:32
2026-09-07 04:18:00,CNC-03,H,297.77060846187646,312.3800639256534,2258.48371459463,32.38420929011053,145.35264047649787,3.155775656011643,13.909113617810474,54.55548778831534,0,2026-09-07 10:52:32
2026-09-07 01:27:00,CNC-03,H,299.42414138951244,311.76677325078094,2743.7914292741,15.380449341394858,179.23428342871918,3.630843140864539,7.813013763635571,49.41057300817191,0,2026-09-07 10:52:32
2026-09-07 03:39:42,CNC-01,L,296.64724128369653,309.78667970240525,2363.1407990694256,24.3490836918321,24.30677093784788,2.924512704546629,10.583623401702251,58.11388856098698,0,2026-09-07 10:52:32
2026-09-07 06:00:00,CNC-03,H,297.17641282471084,310.2476784655879,1901.2937818137107,31.329919737518622,35.31552720072817,2.5459289931208753,11.093222227383006,53.82074805309844,0,2026-09-07 10:52:32
2026-09-07 04:29:00,CNC-02,M,296.15138906394446,311.5609786651807,2252.2608077571012,34.37989345072998,215.3756382981664,3.6555791949134773,14.45105088390391,63.114711017912846,0,2026-09-07 10:52:32
2026-09-07 07:36:00,CNC-03,H,296.58227013385385,311.1316320092544,1907.7973044837697,37.78051484000323,168.20720062453196,2.809434634401339,13.580050337235198,60.36701604981449,0,2026-09-07 10:52:32
2026-09-07 00:14:00,CNC-01,L,298.3216563450357,309.5401052639964,2602.5849531006706,13.726413406940523,26.711839801835854,3.094553840530674,6.827553585033335,53.593202077997454,0,2026-09-07 10:52:32
2026-09-07 08:21:00,CNC-01,L,301.03357329400757,309.8838918928441,1559.3294380576074,46.81810444056241,192.8717872462294,27.99776873313405,13.59410295073091,50.5527355869156,0,2026-09-07 10:52:32
2026-09-06 20:08:00,CNC-03,H,27.42619796508461,40.950945312916645,2351.372162677675,26.384445233734766,90.88456397553739,3.06339864499403,11.663593113806865,44.3598275218358,0,2026-09-07 10:52:32
2026-09-06 20:45:00,CNC-03,H,27.169439347536127,39.83785627340234,2564.4279986365686,19.43239666310858,134.13098893760298,31.718412458928242,9.324279991228975,53.97182907668632,0,2026-09-07 10:52:32
2026-09-07 02:18:00,CNC-03,H,298.57923062931525,311.0672643758791,2490.5829709997724,19.946009776687273,6.578968591310886,30.46274767904967,9.181019535440042,53.06864112944038,0,2026-09-07 10:52:32
2026-09-07 10:35:00,CNC-03,H,296.9885253722278,312.13457862487587,1466.8044910843284,51.01358706257531,222.04894033409258,2.7808877610642173,14.058438637246853,58.616616809979476,0,2026-09-07 10:52:32
2026-09-07 08:55:00,CNC-01,L,294.97922671351245,308.7739247855196,1671.5823685850635,40.698711601697944,45.05152545054976,2.4173958048042374,12.459296503843587,61.258121241320616,0,2026-09-07 10:52:32
2026-09-07 03:25:00,CNC-02,M,296.7311340678908,310.60557472640176,2520.3429757669187,24.430419768276696,139.07955094829504,3.2396401108609663,11.26916777764703,58.30571499259588,0,2026-09-07 10:52:32
2026-09-07 04:05:00,CNC-03,H,297.8266471739406,311.4998935598907,2406.6390215424594,26.050163204760892,129.50235744234422,3.0533668054109544,11.610273168033538,55.17658892207981,0,2026-09-07 10:52:32
2026-09-07 10:36:00,CNC-03,H,297.0648943392581,312.1405106752316,1302.0381885598592,58.05439012287926,223.64894033409257,2.69002293785563,14.08187107531862,56.94689473812292,0,2026-09-07 10:52:32
2026-09-07 07:36:00,CNC-01,L,295.4230196359918,310.19589577640363,1818.9476174533659,42.84153737487749,126.62934917645063,2.71315725204762,14.50420943697773,60.44904539396214,0,2026-09-07 10:52:32
2026-09-06 21:50:00,CNC-01,L,299.446201026614,310.3565533070096,2704.540665040824,11.537358127308146,68.77555439304929,3.3011941944901557,5.951471940043008,52.55750436039166,1,2026-09-07 10:52:32
2026-09-07 10:14:00,CNC-03,H,297.0644471531674,312.09119584160226,1577.5465630431029,48.13532394617857,189.03484922515895,2.6654469134390024,14.243645105585633,58.13994633901356,0,2026-09-07 10:52:32
2026-09-07 03:32:00,CNC-02,M,296.5487443033012,310.1474270717087,2449.3575513430924,23.52127199051061,147.26463246502254,31.90777125541487,10.658688395247081,61.05842981726231,0,2026-09-07 10:52:32
2026-09-07 01:09:00,CNC-01,L,297.99414880250725,311.0194386161576,2615.1131722587397,21.988049814229107,85.62089734670597,3.078351051867606,10.95161209570291,56.21776256475597,0,2026-09-07 10:52:32
2026-09-06 23:07:00,CNC-03,H,299.83188542365497,312.1457244830966,2668.636466824193,19.26903785315883,30.01837196844209,3.1815890413245236,9.780641446140224,47.88895039098387,0,2026-09-07 10:52:32
2026-09-06 23:12:00,CNC-01,L,298.71910481485116,311.3207409348782,2624.750764659058,17.826978611311134,157.59828525999654,3.485881853571461,9.008484585229306,54.84067900995892,0,2026-09-07 10:52:32
2026-09-07 04:16:00,CNC-02,M,295.8867286530564,310.2221937788492,2232.124950976517,29.455685271949562,199.38941661219275,3.4091807343041216,12.419358574554659,58.430777467075444,0,2026-09-07 10:52:32
2026-09-06 14:28:00,CNC-03,H,298.9004090799114,313.8510326492439,1802.8850096536873,46.49287857801885,122.16841425649712,,15.590287031736468,54.29353559725761,0,2026-09-07 10:52:32
2026-09-07 03:12:00,CNC-02,M,296.80936720787173,310.33626456333815,2542.814173898904,22.49541979809254,124.0418766445636,31.246065028903345,10.644989710664143,56.191640905622684,0,2026-09-07 10:52:32
2026-09-07 00:25:00,CNC-03,H,299.88883256929546,312.580140054966,2640.358182901517,18.815892602216227,112.95954129984506,3.3201806327679457,9.544435191606206,47.974932588757554,0,2026-09-07 10:52:32
2026-09-06 22:51:00,CNC-01,L,298.693332626925,311.14693708858005,2698.48127364293,16.822452288791116,135.39230348437493,3.4427556518489197,8.572325195924172,50.47589613892918,0,2026-09-07 10:52:32
2026-09-07 05:19:00,CNC-01,L,295.7554452615668,309.8424946046187,,32.08257429230985,147.44142791341497,3.0050158008528403,12.549096301810875,60.3347916959753,0,2026-09-07 10:52:32
2026-09-07 09:00:00,CNC-01,L,294.877332151147,308.7104076928747,1569.23482545259,42.45995884966635,52.68304195370575,2.19871302224033,12.367465271872309,55.85411214432978,0,2026-09-07 10:52:32
2026-09-06 19:40:00,CNC-03,H,300.5323500870059,314.4778945408394,2337.9556437636215,30.006519896063583,57.242821102090865,,13.168109929708239,51.9833813894591,0,2026-09-07 10:52:32
2026-09-07 04:55:00,CNC-03,H,297.4877113452756,311.42957297472515,2134.7824637216722,29.771516160505588,191.14293317944296,3.136484890331673,11.620694544813526,53.2717516071045,0,2026-09-07 10:52:32
2026-09-06 18:45:00,CNC-02,M,299.37811190375646,312.98712402971887,2310.379907341499,27.504787657364567,54.21013564712435,2.878608059964127,11.882428357653893,53.209114172444465,0,2026-09-07 10:52:32
2026-09-07 00:40:00,CNC-01,L,298.2157880527684,309.97931874679244,2717.2514803334784,14.503891139771314,54.51085284645556,31.407642849445402,7.406381254492874,55.340009391991515,0,2026-09-07 10:52:32
2026-09-06 20:57:00,CNC-03,H,27.242829565778663,41.0662306985019,2604.2426214442457,24.177556752471475,147.85760157144333,3.34335578434625,11.834839100631527,53.08914884548921,0,2026-09-07 10:52:32
2026-09-06 12:20:00,CNC-03,H,297.3559753946932,311.64350450638494,1289.9624223644755,53.17332585968759,168.19109115247397,2.28064190408574,12.678579136111587,57.62398800338976,0,2026-09-07 10:52:32
2026-09-06 20:34:00,CNC-03,H,27.386239555402938,40.54625396931334,2606.9795307481854,20.83777575753588,121.30672071341198,3.2451544425713306,10.097148618923189,50.16489912471889,0,2026-09-07 10:52:32
2026-09-07 07:28:42,CNC-02,M,295.4500954235383,311.0905976750655,1891.8792331378327,42.732603471312714,229.63837490315382,3.4631414818151494,15.198328127743038,58.19738580008099,0,2026-09-07 10:52:32
2026-09-06 21:52:00,CNC-03,H,300.0361319893985,,2532.506939876762,20.804061892320824,209.26215212713234,3.7136799828665907,10.172467472126392,53.56344645940238,0,2026-09-07 10:52:32
2026-09-07 00:13:00,CNC-01,L,297.98708430474323,309.30700030306195,2678.484463815827,13.598100856976355,25.623082041003336,3.208767077766948,6.875208300208201,57.78770650398267,0,2026-09-07 10:52:32
2026-09-06 19:03:43,CNC-02,M,299.57995644760337,312.58945656480944,2244.8327684406777,24.571269013116986,79.33250104157355,2.823811421816377,10.277111859441773,48.6131230598748,0,2026-09-07 10:52:32
2026-09-07 01:22:00,CNC-01,L,297.5782931333645,0.0,2760.832432053014,12.736741453242212,99.54292557866047,33.52152865762374,6.494017808267915,58.88438474782363,0,2026-09-07 10:52:32
2026-09-06 22:40:00,CNC-02,M,299.0908182511929,311.9487686765741,2666.36063989832,18.967847545745585,70.2013162049956,3.2607821755032504,9.429826442863611,52.93341612438654,0,2026-09-07 10:52:32
2026-09-07 09:31:00,CNC-03,H,296.6391757477496,311.5397514065114,1503.0068101503177,53.46098741099394,122.17291781310345,2.224326346997808,15.147755752849342,60.01088360383735,0,2026-09-07 10:52:32
2026-09-06 13:19:00,CNC-02,M,24.138923374355386,37.496040773675816,1338.5351128978025,48.296264884201065,10.990855730877568,2.096706211133495,12.223734473907989,61.57284070928347,0,2026-09-07 10:52:32
2026-09-07 06:51:00,CNC-02,M,295.7319885027652,310.8063540490363,1869.934362300664,39.34169818365727,174.64584819561642,2.9053778401025663,13.962160871588212,61.091784688398384,0,2026-09-07 10:52:32
2026-09-06 17:02:00,CNC-03,H,299.5681628362492,313.8158718028983,1839.4358790062372,38.792041526294824,118.17613569293127,2.4748593555748717,13.246276605768921,54.81344024111798,0,2026-09-07 10:52:32
2026-09-06 20:09:00,CNC-03,H,27.389607420275524,40.4434393567164,2342.6046133624072,23.974279665621992,92.08996859741852,3.0912192619131993,10.349319120196117,0.0,0,2026-09-07 10:52:32
2026-09-06 17:09:00,CNC-03,H,299.80683834729007,313.8530390681175,1791.6600620438453,35.926930711911304,128.10187641590107,2.5048711979311915,11.948499593341442,50.0096406300479,0,2026-09-07 10:52:32
2026-09-07 10:11:00,CNC-03,H,296.93819177671145,311.0204976864975,1374.178871602973,47.2350301643255,184.4229345676276,23.05656852642901,12.413997352429329,54.40118533243114,0,2026-09-07 10:52:32
2026-09-07 07:43:00,CNC-01,L,295.0261644126893,309.5971658864854,1623.523924526352,45.698210077605104,136.79855107112013,2.4679269363031593,14.025905615741648,63.32818593101145,0,2026-09-07 10:52:32
2026-09-07 09:51:00,CNC-01,L,294.52891893848704,308.88497500105285,1462.0844733926135,49.098225313617164,131.68717962198897,2.327121153876376,13.244738700858578,57.37945196444271,0,2026-09-07 10:52:32
2026-09-06 17:51:00,CNC-03,H,300.325410393598,314.6028516136021,1967.989080875941,33.59832401411601,185.60893400930811,3.001977473343688,12.337424283199166,54.52405074631405,0,2026-09-07 10:52:32
2026-09-06 22:27:00,CNC-01,L,299.09046336197304,311.18671402221827,2813.6311302884337,14.578086246263021,109.36526575440693,3.4257121274080715,7.799145978938025,54.75069828210417,0,2026-09-07 10:52:32
2026-09-07 08:52:00,CNC-03,H,296.86954975830923,310.90239878525347,1611.117212440495,46.15152109848549,62.47113846809676,2.1108548615533964,13.976758583550419,54.722534554513516,0,2026-09-07 10:52:32
2026-09-06 21:33:00,CNC-03,H,300.1825458905867,314.14381150809055,2502.5973995910704,25.538402587904564,188.14107969168603,3.465268930374604,12.149084823423424,53.61334682150908,0,2026-09-07 10:52:32
2026-09-07 07:35:00,CNC-02,M,295.6025303046034,308.6615534095033,1705.0913083696394,34.33572531414642,5.758838008827114,2.265660194174572,10.998709770541206,56.01866174458037,0,2026-09-07 10:52:32
2026-09-07 01:54:00,CNC-03,H,298.9815247164778,312.95924815103206,2660.0835203171528,23.018768249508092,208.58434598453917,3.7531888122673265,11.662587787817957,48.43598863293886,0,2026-09-07 10:52:32
2026-09-07 01:57:00,CNC-02,M,297.33142126989355,310.2935090312613,2588.873596285957,20.764190455295996,39.92080959621353,27.28185221906541,10.367898007530565,55.54871739698002,0,2026-09-07 10:52:32
2026-09-06 21:36:00,CNC-02,M,299.1582913551162,311.9116747575863,2552.0930929942188,21.613950045166415,0.0,3.1517484454222617,10.389250139441055,50.97633377234077,0,2026-09-07 10:52:32
2026-09-06 22:45:00,CNC-01,L,298.68535676730517,311.5687991599908,2703.361397086819,18.578016521184427,128.88768254668764,3.5354072942742216,9.467325564043769,55.72207185913301,0,2026-09-07 10:52:32
2026-09-07 06:39:00,CNC-01,L,295.4223839471293,309.64503140292044,1975.4500572104307,36.470693061650834,46.07970960957328,2.5168704316341017,13.573946094070763,56.85979027017528,0,2026-09-07 10:52:32
2026-09-07 10:17:00,CNC-01,L,294.66883035167285,309.7146037892695,1557.1728922286238,50.90300495331687,172.2202977336813,2.5582355565050525,14.900197442769336,57.73965983863669,0,2026-09-07 10:52:32
2026-09-07 09:55:00,CNC-03,H,296.8347665168028,311.62563272177164,1550.2705608163947,48.45646217396211,159.41765062261422,2.4051111297288084,13.936887470084326,58.15223072656088,0,2026-09-07 10:52:32
2026-09-06 11:28:00,CNC-03,H,296.7583932262951,311.3866098265546,1469.0598377812048,52.16367778685803,85.5975341895759,2.1271026454223736,14.200249536468865,55.67251583167281,0,2026-09-07 10:52:32
2026-09-07 05:13:00,CNC-02,M,295.80821990866946,309.09014086403226,2183.4958323170845,27.205658933162365,43.89989394016194,2.746476902118866,11.259731153183921,60.68625150017186,0,2026-09-07 10:52:32
2026-09-07 08:09:00,CNC-03,H,296.52979672015664,311.30185670406024,1710.5823010872728,41.3042987156648,216.75264212913333,2.9773666191156143,13.473794493282108,58.32432005692262,0,2026-09-07 10:52:32
2026-09-06 12:13:00,CNC-03,H,297.1593650346262,311.95044678077755,1369.7805923954963,54.05947992334273,157.0729437113819,2.239772574491524,13.865884123307245,55.61237828227213,0,2026-09-07 10:52:32
2026-09-06 23:32:00,CNC-01,L,298.3837895683344,311.1771969855772,2650.8920144248823,18.423704663001622,178.84027154867994,3.7180100312046953,9.079175890505292,53.09188241812202,0,2026-09-07 10:52:32
2026-09-06 19:39:00,CNC-01,L,299.42418774982934,313.754891484107,2216.6671801051853,30.277914022314874,151.94564835066896,3.311923636984425,12.548654103204093,49.221837084879915,0,2026-09-07 10:52:32
2026-09-07 04:58:30,CNC-01,L,296.18309149069916,310.57023802956564,2069.7560086516164,33.9837617977922,123.2450485432924,2.9192098980448953,12.80353726018783,54.44146387321089,0,2026-09-07 10:52:32
2026-09-07 05:20:00,CNC-03,H,296.8203943411477,311.7975114439988,2050.8365536516385,34.92140850202279,222.81298570647306,3.2725140687896204,13.190038888546605,57.01972125691906,0,2026-09-07 10:52:32
2026-09-06 12:14:00,CNC-02,M,296.85876033130944,311.376301897615,1379.8928821699274,52.71094748181004,149.3751731080621,2.311762655057606,13.656220381682061,56.62887776165732,0,2026-09-07 10:52:32
2026-09-06 13:51:00,CNC-03,H,298.78388574538315,313.00641707438257,1450.8303450838257,49.582014628220236,64.49427163316943,2.1933747394932914,13.564442083766226,54.591125278776616,0,2026-09-07 10:52:32
2026-09-07 10:06:00,CNC-01,L,294.79107652629887,309.10830587888915,1482.8940246317022,49.91527823401623,155.01089349359978,2.6459342287231817,13.840839666820766,60.07664938294877,0,2026-09-07 10:52:32
2026-09-06 11:09:00,CNC-01,L,296.52969714757756,310.71883295863256,1413.2085757089078,51.61445773931608,68.47781406533475,2.132157672874537,13.689437421840918,57.45098847418307,0,2026-09-07 10:52:32
2026-09-07 07:54:00,CNC-01,L,300.7591849720785,309.2247520927147,1544.6283399603055,47.094587802829466,152.92050339213313,2.449415274877803,13.732925444997832,49.979906852576676,0,2026-09-07 10:52:32
2026-09-06 12:36:00,CNC-02,M,297.25359280671495,311.60870643663355,1300.18159447754,52.38015703300438,184.29737936915265,2.4766348853637203,13.213885488706499,58.170856910002364,0,2026-09-07 10:52:32
2026-09-06 20:58:00,CNC-01,L,26.29818015462689,38.68119098046924,2306.5600788426964,22.717178544951143,10.397892528195614,2.960874394288941,9.91275467840723,52.54181227865501,0,2026-09-07 10:52:32
2026-09-06 15:41:00,CNC-02,M,298.9457269896866,312.90596703956203,1741.9571632301543,42.5358169063872,17.703240635207486,2.2662774132913515,13.920670330055806,49.71753670529786,0,2026-09-07 10:52:32
2026-09-07 05:43:00,CNC-03,H,297.1230094050156,310.22623605802175,2122.844367140465,27.90138864193708,12.909286079589453,2.669646972471378,11.091057389682826,57.748582440347214,0,2026-09-07 10:52:32
2026-09-07 02:03:00,CNC-02,M,297.8308199791635,311.01097570237124,2467.5125456021583,22.932195331805623,46.51383141860917,3.042560561013476,10.714393690776626,57.28135864519996,0,2026-09-07 10:52:32
2026-09-07 00:29:00,CNC-01,L,298.1338671511124,309.67435454901664,2566.003504194386,15.241509578508962,42.70008452102407,3.1952632995222885,7.2760424404773225,53.67122571354758,0,2026-09-07 10:52:32
2026-09-06 15:21:00,CNC-03,H,299.44252174576263,314.56827360851014,1760.8436379549373,45.065401324769866,203.15148906426683,2.8959731658803607,15.031229187149693,49.585801390849106,0,2026-09-07 10:52:32
2026-09-07 10:39:00,CNC-03,H,297.2244361431457,312.35527386046914,1422.7202479557066,55.37261602605337,228.36553406528944,2.993935594412901,14.762163952421057,60.55493582044588,0,2026-09-07 10:52:32
2026-09-07 06:51:00,CNC-03,H,296.8857564485377,311.04547750468686,1885.4346012921596,36.84820194024281,104.6015139472289,2.5761927562739992,12.95042819176728,54.50665680626569,0,2026-09-07 10:52:32
2026-09-07 00:54:00,CNC-01,L,298.1926728584128,309.8298185020515,2837.660341506158,13.715840392842825,69.44342112219476,3.4082802884779624,7.223400519653534,55.434464711854446,0,2026-09-07 10:52:32
2026-09-06 12:09:00,CNC-02,M,296.82404398932533,311.1226772048072,1366.7122745980305,51.37277115920527,141.383276645069,2.229487037732272,13.101938317138302,58.041739390724175,0,2026-09-07 10:52:32
2026-09-06 12:10:00,CNC-01,L,296.71806279448305,310.99303290091194,1385.399761171435,51.856648771396586,164.96678278161025,2.3499180560060617,13.610034933587254,58.07577307086306,0,2026-09-07 10:52:32
2026-09-06 12:25:00,CNC-03,H,297.54116723064624,312.4424030532668,1378.136237466534,54.27506651582497,176.1628596897488,2.491015915358389,13.763226780405931,55.781918223001625,0,2026-09-07 10:52:32
2026-09-06 13:12:00,CNC-02,M,24.343922214424367,38.36649002988827,,49.23471984628716,0.0,2.143112787811174,13.409781568962424,53.77671491017903,0,2026-09-07 10:52:32
2026-09-07 07:21:00,CNC-01,L,295.3770735347881,309.7312392359776,1802.9235251787948,41.18587951001969,105.19743698762717,2.5718054447111336,13.88350875671814,59.8853623907818,0,2026-09-07 10:52:32
2026-09-07 00:20:00,CNC-01,L,298.19960844605623,310.56727259211186,2727.7183053904587,18.843543301866482,33.01894165822446,3.2198436562958883,9.50898162400397,53.69995175915558,0,2026-09-07 10:52:32
2026-09-07 01:05:00,CNC-03,H,299.43442842363226,311.56385428498777,2679.974936723582,14.729424477778288,155.68448138089127,3.4297537669247253,7.460523431534747,49.00854549639083,0,2026-09-07 10:52:32
2026-09-07 06:30:00,CNC-01,L,295.416323003187,308.6172741319987,2046.3925466439662,30.61324085493116,33.72189196012997,2.632491635005204,11.695764021072682,58.1593310911702,0,2026-09-07 10:52:32
2026-09-07 07:50:00,CNC-01,L,300.63591286406415,308.69324242540307,1663.0121069490433,40.95823052877206,147.03320754613372,2.586544845366461,12.898580129620932,51.526384886839544,0,2026-09-07 10:52:32
2026-09-06 18:15:00,CNC-02,M,299.4171991982945,312.3530545435119,2130.96633037183,26.925577445761608,15.801813029969871,2.7054377246120946,10.77744765163642,47.66043057732756,0,2026-09-07 10:52:32
2026-09-06 22:42:00,CNC-02,M,299.4762481468496,312.3483623447419,2653.2338023087027,18.956813149428676,72.36744199793603,3.0332280564150316,9.40719840811415,54.39942743988973,0,2026-09-07 10:52:32
2026-09-07 01:39:00,CNC-02,M,297.7167034298889,308.4266294892376,2816.9106128268345,9.106577088052383,20.329275601171695,3.2349049169234294,4.965251133099447,54.27520258768923,1,2026-09-07 10:52:32
2026-09-07 03:37:00,CNC-03,H,298.0111603115,311.3307045012801,2513.1900215797764,23.486219963800178,96.15907304170065,3.199380266191142,11.194595816472141,58.427679883732914,0,2026-09-07 10:52:32
2026-09-07 06:17:00,CNC-03,H,296.9466997770018,310.80614466004437,1977.3051193706272,36.28114002628966,58.1130713871802,2.639284840748035,13.422894372883333,59.415696537273234,0,2026-09-07 10:52:32
2026-09-07 07:53:00,CNC-03,H,296.6315659100381,312.0298351019104,1707.9048082938377,47.51696404789035,192.98327929009355,2.8377208531093476,15.07948372115839,54.852348488233616,0,2026-09-07 10:52:32
2026-09-06 19:42:00,CNC-02,M,299.67369903604356,313.10193093886915,2507.829943884881,22.85742028927744,125.00906776686426,3.1824603750772087,10.727850309553995,46.545244511716916,0,2026-09-07 10:52:32
2026-09-07 07:39:00,CNC-01,L,295.04751221913887,309.28507327966093,1695.851223744009,41.99508676093187,130.96569366798408,2.5382141583092594,13.366729215685929,63.082546088776525,0,2026-09-07 10:52:32
2026-09-07 03:13:00,CNC-02,M,296.62460951160676,309.86481124930435,2497.0055951038225,21.738955251419124,125.1901079569481,,10.351414885722123,55.957553238913285,0,2026-09-07 10:52:32
2026-09-06 15:26:00,CNC-01,L,298.38455833179574,312.508829777174,1715.0857201882982,40.92345843761126,25.621013263088305,2.398897646003134,13.371379924286028,54.286374262483456,0,2026-09-07 10:52:32
2026-09-06 11:39:00,CNC-03,H,297.04296265746666,311.539833301548,1469.7944969384853,49.267156246897585,102.95893944300107,2.2111239555171727,13.444328138164265,50.79096081099635,0,2026-09-07 10:52:32
2026-09-07 09:00:00,CNC-03,H,296.8957685775497,311.20206825173545,1496.1332263247918,47.25156022897417,74.69076366951806,2.214372920023484,13.01602511417677,58.43181900145772,0,2026-09-07 10:52:32
2026-09-07 00:15:00,CNC-03,H,299.6978225533594,311.82306589885206,2610.875470199432,17.433638974279837,102.27089886395154,3.222802875949959,8.4794907294462,48.13278066359127,0,2026-09-07 10:52:32
2026-09-06 14:50:00,CNC-01,L,298.2801896447702,313.3127453844663,1685.9970802849793,45.37104336988841,176.15968858807574,2.8324847704467455,14.365557113046718,58.96338382631407,0,2026-09-07 10:52:32
2026-09-07 01:57:00,CNC-01,L,297.573649314814,310.0226594409115,2664.137889829542,16.665761214426478,137.5870098071594,3.3405458980794585,8.592819394085865,53.159339630111326,0,2026-09-07 10:52:32
2026-09-06 13:33:00,CNC-02,M,24.4120114073138,38.37390609438586,1462.2155343285456,50.15358172959365,32.87227598602251,2.1259776626726343,13.777185251268406,54.03976289358572,0,2026-09-07 10:52:32
2026-09-07 10:47:00,CNC-01,L,294.67814899752307,309.44994724001384,1499.1245836905346,49.69438791043265,219.6180320448117,3.2805394629358244,14.007928250382868,62.18028193452348,0,2026-09-07 10:52:32
2026-09-07 03:04:00,CNC-02,M,296.707095201067,310.25747696113893,2627.723060946619,22.083535828303546,115.05297102120541,33.273426572188406,10.463605133086164,60.395417285514256,0,2026-09-07 10:52:32
2026-09-06 13:16:00,CNC-03,H,24.968570700631233,38.788055520842136,1368.5856977787853,51.39283661383899,9.564166339850185,2.1172785903476106,12.935890258540269,55.0169305627503,0,2026-09-07 10:52:32
2026-09-07 05:35:56,CNC-01,L,295.7923150040522,310.2738792207643,2110.6405294459755,33.249476661300086,169.60681741834523,3.1877144138515994,13.323293173020268,61.32752473413464,0,2026-09-07 10:52:32
2026-09-06 12:24:00,CNC-01,L,297.0534854394098,312.37159856641443,1437.138812511777,56.65412326462947,187.29793313688592,2.761796774024198,15.321267005669647,58.10360611498155,0,2026-09-07 10:52:32
2026-09-07 03:45:00,CNC-01,L,296.6316857961845,309.4351141015783,2265.940918332396,24.976041474778174,31.468647690548774,,10.731647913849534,57.95716304910381,0,2026-09-07 10:52:32
2026-09-06 14:00:00,CNC-01,L,297.7408341006319,311.9992491884025,1447.7901592316562,48.1659537687295,98.93583053882493,2.1053337999227217,13.167462676022783,57.81723848438113,0,2026-09-07 10:52:32
2026-09-06 19:53:00,CNC-02,M,300.17743401001644,314.139665846902,2299.687023321909,27.146781399343006,138.33386543430078,3.041488627946418,11.516691431676353,51.60939809322406,0,2026-09-07 10:52:32
2026-09-07 03:23:00,CNC-03,H,297.9261011690673,310.725257628193,2439.6950056649866,21.76567238099516,80.04219233996649,2.974686782372046,9.835713305436785,54.636972031344605,0,2026-09-07 10:52:32
2026-09-07 07:02:00,CNC-03,H,296.5565257503045,311.0005434378875,1831.2297972019874,40.65885762468679,119.80558935065812,2.5631437375794586,14.095523643322203,60.13553661551299,0,2026-09-07 10:52:32
2026-09-06 22:58:00,CNC-01,L,298.583622337956,310.8528095343907,2761.2115334701452,16.45237177348068,142.77950947917523,3.530469643021966,8.480965883953761,53.60880641765321,0,2026-09-07 10:52:32
2026-09-07 05:08:00,CNC-03,H,297.4313711986037,312.0822999863358,2137.397218185862,33.766770131154686,207.48291970036374,3.263763323524728,13.782336978438224,56.825509445764524,0,2026-09-07 10:52:32
2026-09-06 20:56:00,CNC-02,M,31.973741541366508,40.0363391798798,,23.94267666521394,211.65624391567837,3.8750391433607922,11.634917659323502,43.11991404092357,0,2026-09-07 10:52:32
2026-09-07 10:20:00,CNC-01,L,294.608496684658,309.4866987400831,1407.5197715561835,52.75608220472413,176.96058547649727,2.5480297621054513,14.106920652974072,64.16813981492194,0,2026-09-07 10:52:32
2026-09-06 16:55:00,CNC-03,H,299.645512563473,313.6310887477218,1975.1186774699472,35.29725772098608,108.45287590501644,2.726470323031553,12.976057563900447,52.42127849376665,0,2026-09-07 10:52:32
2026-09-07 09:48:00,CNC-01,L,294.8247687237992,308.5059461795135,1290.0819951605079,49.96334005200808,127.02511293262917,2.0943631149715998,12.048615137608731,60.99323163144317,0,2026-09-07 10:52:32
2026-09-06 18:16:00,CNC-02,M,299.4525842475725,312.79684071400175,2001.4179513655956,31.470269839736467,17.11502269304922,2.5332654938219386,11.859222115750823,48.07494862971626,0,2026-09-07 10:52:32
2026-09-06 21:31:00,CNC-02,M,299.332400446643,313.2968872982114,2551.433521736099,21.282840116930288,251.39888868481847,43.01879246125707,10.193961140977859,53.04708116057217,0,2026-09-07 10:52:32
2026-09-06 20:58:00,CNC-03,H,27.309891687537856,40.75954081516511,2476.9274542284984,24.76113366749826,149.0092929473103,3.2675865972927576,11.431478730950149,51.80793439781548,0,2026-09-07 10:52:32
2026-09-07 06:16:00,CNC-01,L,295.3545273271783,308.91708723788577,1944.9774210828575,34.349488809142635,14.80466678600622,2.5101248663716635,12.471066080054047,60.03407982194568,0,2026-09-07 10:52:32
2026-09-06 12:19:00,CNC-01,L,297.2872445314351,311.7052449188615,1315.9652351879752,54.62472753207819,179.31773514886984,2.6331410299741287,13.33058815860207,48.82063762228213,0,2026-09-07 10:52:32
2026-09-06 19:55:00,CNC-01,L,299.5331543298152,,2284.174872565458,28.78067042552725,171.4275208464872,,12.183802210873006,52.51583286021262,0,2026-09-07 10:52:32
2026-09-07 01:14:00,CNC-01,L,297.9546197598995,310.84792406437566,2593.834491006102,20.759262254202454,91.02257490253648,3.1378864426654016,10.098401637984733,58.397806844345965,0,2026-09-07 10:52:32
2026-09-07 01:36:00,CNC-01,L,297.655148532648,308.67556722920216,2708.666708810238,10.29787412693394,114.54475321840286,3.3463938680641094,5.360723268879268,55.994921386174674,1,2026-09-07 10:52:32
2026-09-07 02:36:00,CNC-03,H,298.2923285237943,311.27786480311994,2555.325598784704,22.58946691321518,26.61103424407437,3.090077808133646,10.877158284420597,54.217609414783944,0,2026-09-07 10:52:32
2026-09-06 19:25:00,CNC-01,L,299.5050985644699,313.7894774808235,2156.3673032917027,30.505638706614477,134.78486169881427,3.0010079369310256,12.472143393540156,55.0885610970711,0,2026-09-07 10:52:32
2026-09-07 10:27:00,CNC-01,L,294.7893097983828,310.26202116766433,1598.910452267615,50.93252285593529,188.04571810639547,2.9288580410418654,15.0687057851993,60.31299261586969,0,2026-09-07 10:52:32
2026-09-07 04:20:00,CNC-03,H,297.8359593497997,311.3123426780268,2282.129206925145,26.705608147819312,147.79557195953316,3.150968168673399,437.7592723697177,54.94047911453034,0,2026-09-07 10:52:32
2026-09-06 20:26:41,CNC-01,L,26.593816973195203,40.648837407972565,2482.215647391902,25.340889480154207,210.25974660468756,3.8662733264397744,11.68696984219912,54.49449342642652,0,2026-09-07 10:52:32
2026-09-06 12:01:00,CNC-02,M,297.11593203548534,311.5216439300349,1497.2546300430824,49.21652721367102,128.63261414397394,2.3334162768417244,13.704466792065004,56.806817900890316,0,2026-09-07 10:52:32
2026-09-07 00:00:00,CNC-01,L,298.49131038743735,310.37529562982957,2726.3434296764985,16.063832344194918,11.780677313735623,3.221630059741827,8.241712194499108,49.921562796262656,0,2026-09-07 10:52:32
2026-09-07 04:42:00,CNC-02,M,296.0037460095756,309.4086390850643,2188.384278884394,28.55424986951263,4.976091087293131,2.8266905791831065,11.66292852748083,60.31846175271505,0,2026-09-07 10:52:32
2026-09-06 13:20:00,CNC-02,M,24.26281307373199,37.972613619079596,1337.8368361312755,51.54163394749968,12.590855730877568,2.0197338366651247,12.943586546515695,59.195463407933715,0,2026-09-07 10:52:32
2026-09-06 11:17:00,CNC-02,M,296.78351255309985,310.9496007346036,1342.349832898422,52.75558397933578,58.92400645439213,2.0350387361164115,13.179424034707413,57.191340455851474,0,2026-09-07 10:52:32
2026-09-06 14:45:00,CNC-02,M,298.08300627971676,312.5482177235062,1569.840802221827,45.25476916850235,144.52755416177934,2.4922915907511785,13.370972263605129,54.73502597720671,0,2026-09-07 10:52:32
2026-09-06 10:54:00,CNC-01,L,296.729970099433,310.23253308424137,1322.432353530251,48.62430475826521,44.722858538533515,2.023594984106056,12.060033582938201,59.24466440148709,0,2026-09-07 10:52:32
2026-09-06 20:23:00,CNC-01,L,26.383023915566525,40.38885874275883,2575.606416864911,24.42051818698914,204.36330211261856,3.845911616972349,11.785001579978882,47.39460467297795,0,2026-09-07 10:52:32
2026-09-06 17:17:00,CNC-03,H,299.77427594536476,314.59045676973756,1754.1939083370398,42.05358104901371,139.2044567032858,2.4879484453563094,13.957660537554387,53.17762858372765,0,2026-09-07 10:52:32
2026-09-07 06:26:00,CNC-01,L,295.2018929011034,308.8266332987654,1964.0567460359994,34.829810216209474,28.240615850993358,2.6025994950680578,12.662894976633742,55.66465995907337,0,2026-09-07 10:52:32
2026-09-06 17:18:00,CNC-03,H,300.01862488341084,314.4194362972994,1871.3517604749316,37.10562848021771,140.57760312366045,2.6447627552828683,13.217339902548751,55.744284055213065,0,2026-09-07 10:52:32
2026-09-07 02:53:00,CNC-02,M,296.5091330348697,308.96893482373395,2629.2488322083914,16.434137832700305,102.54655284713598,3.1984028798624515,8.138096496613267,57.64585690922168,0,2026-09-07 10:52:32
2026-09-07 10:45:00,CNC-03,H,297.0372888379861,312.51513595051597,1365.100532077698,58.60551553228096,237.81759454344123,2.9381125020745094,14.869281184544286,55.711685564183995,1,2026-09-07 10:52:32
2026-09-07 00:31:00,CNC-02,M,298.4161661656403,311.42567853707794,2707.11476850672,17.111237796179413,188.69042993901687,3.6711438165296943,8.741273399884582,54.3266269859979,0,2026-09-07 10:52:32
2026-09-07 05:12:00,CNC-03,H,297.3443566168003,312.03360707214,2183.4403725114958,32.50379319531004,212.5506279812165,33.05828313719933,13.410402105180715,52.86771693080565,0,2026-09-07 10:52:32
2026-09-06 12:56:53,CNC-03,H,24.79969988419043,39.43927974311265,1395.8230990416187,50.61663686659334,228.41843227207784,2.8888453212756833,13.286335161188598,56.710764406270684,0,2026-09-07 10:52:32
2026-09-06 11:29:54,CNC-02,M,296.59098301134964,311.03948529699113,1366.2441080171395,55.62120978699065,81.11777666185459,2.0711020508095497,14.290687599961421,57.29310019440747,0,2026-09-07 10:52:32
2026-09-07 04:02:00,CNC-03,H,297.6787878117175,310.6812583027092,2423.680853447555,22.95552393155897,125.88409079026452,3.0981216542636676,10.535872409782508,55.81181099226276,0,2026-09-07 10:52:32
2026-09-06 20:35:00,CNC-01,L,26.320412587945555,40.5439683332815,2521.867489240568,27.251602052250867,218.42206626331193,4.114718359622891,13.010441020715064,50.4577856077536,0,2026-09-07 10:52:32
2026-09-06 23:02:00,CNC-01,L,298.54416009621883,311.185124196026,2633.83531558683,16.91837906516942,147.0264182479288,3.443940199312832,8.510350761229095,57.961529145615955,0,2026-09-07 10:52:32
2026-09-06 22:06:00,CNC-03,H,300.00331147019733,313.44302226803387,2807.716810651306,19.255700822600573,224.29144989603398,4.035320699156866,,51.49105520813208,0,2026-09-07 10:52:32
2026-09-07 01:17:00,CNC-01,L,297.615797038259,309.71502596110014,2629.2052678004316,15.893284560993456,94.26491719511732,3.363812800395607,7.732415071353235,52.31657153289913,0,2026-09-07 10:52:32
2026-09-06 13:26:00,CNC-02,M,24.12443546410401,37.81860666289788,1546.0183267193174,43.007294352702836,21.905314051323163,2.1727791892050687,12.410241059209664,54.48434211584259,0,2026-09-07 10:52:32
2026-09-07 05:50:00,CNC-03,H,296.9508343455697,310.9775482663099,2032.5569217239588,34.1522524645885,22.133437853291035,2.6094997107650784,13.291078035246022,59.91608898047974,0,2026-09-07 10:52:32
2026-09-06 12:37:00,CNC-01,L,297.0671893888931,311.1055489861375,1367.0188104478239,48.013280002516574,207.98099179876166,2.810895827046209,11.992733208492664,58.30709905294339,0,2026-09-07 10:52:32
2026-09-06 11:27:00,CNC-02,M,296.86880493194417,310.854671625177,1485.0472284509974,46.01357904381926,74.75402669789499,2.0741941550011864,12.800049949781862,57.28305648155025,0,2026-09-07 10:52:32
2026-09-07 02:37:00,CNC-01,L,297.1324656678646,310.74552657627316,2509.9616508923614,22.24613362990724,181.53904294434005,3.709247782480109,10.419144979037194,56.01793856904376,0,2026-09-07 10:52:32
2026-09-07 03:47:00,CNC-03,H,298.0515267022597,312.0048762682209,2391.310619286968,27.728445004924712,108.09144498854349,3.032643462582949,12.25528579145883,60.31839616070139,0,2026-09-07 10:52:32
2026-09-06 22:52:00,CNC-02,M,299.40586479086693,312.33830897693315,2597.6556972083986,19.6247346956744,83.21746248274724,3.325218132045785,9.236631852589655,60.28191500655291,0,2026-09-07 10:52:32
2026-09-07 07:27:00,CNC-02,M,295.4984067980733,311.6692260512379,1909.4457316213359,43.46577061815298,225.3262830682043,3.482501122032273,15.182798393594434,62.06263270104844,0,2026-09-07 10:52:32
2026-09-06 21:54:00,CNC-01,L,299.3919921509964,312.24502919654407,2624.6910899904933,20.104320764214606,73.25430665307847,3.2416099731017654,10.039127497437025,54.531779894760966,0,2026-09-07 10:52:32
2026-09-06 19:27:00,CNC-03,H,300.54669805311136,312.6570270544388,2235.626005140304,20.75925905907624,41.33999543321353,,8.834078112138494,48.55743497670626,0,2026-09-07 10:52:32
2026-09-06 19:00:00,CNC-03,H,305.95153780885704,313.1238495534338,2168.4407179159934,30.014605953657497,7.632999203471788,2.5736693377712636,12.300679560239532,40.55790468551563,0,2026-09-07 10:52:32
2026-09-07 01:44:00,CNC-02,M,297.50325724955775,309.55450561490375,2588.829906702229,16.876118541724804,25.676649568311856,3.1251689227019708,7.874520763384986,52.90073285613653,0,2026-09-07 10:52:32
2026-09-07 05:29:00,CNC-02,M,295.69242736453185,309.34406236147777,2154.7661384322532,28.572194336672688,64.43206334315946,2.8455362059065537,11.369094370354015,58.34374553746527,0,2026-09-07 10:52:32
2026-09-07 03:24:00,CNC-03,H,298.17318775675614,310.274087508834,2614.46559716626,17.473527142693687,81.14919595430867,3.358665120716637,8.35620752526421,57.201432124188734,0,2026-09-07 10:52:32
2026-09-07 08:34:00,CNC-01,L,300.61980447431176,309.1401880312654,1597.599296450584,49.139578060065226,13.398550600672703,2.202298155892866,14.804303086369107,51.38799098765324,0,2026-09-07 10:52:32
2026-09-06 22:01:00,CNC-02,M,299.34812553938514,311.12808185152,2755.8668729796864,14.90138330280828,27.517991313191892,3.321767773113299,7.550093841349882,54.793931393480804,0,2026-09-07 10:52:32
2026-09-07 05:49:00,CNC-01,L,295.67714656272994,310.75900686579234,2005.281880984988,38.63958716962734,186.6634599930379,3.272691802330293,14.488051872804988,58.185478813842586,0,2026-09-07 10:52:32
2026-09-07 02:07:00,CNC-03,H,298.87029169845636,312.7174418788982,2660.5693173565214,21.49294413161889,222.89851340491043,3.9618084550343013,10.700104910779958,53.972136320682594,0,2026-09-07 10:52:32
2026-09-07 04:25:00,CNC-01,L,296.5885789376622,310.7168979915587,2318.621833331991,31.283870534297233,79.76003743836621,2.8465847950982677,13.40658604050854,62.912141189176126,0,2026-09-07 10:52:32
2026-09-06 23:00:00,CNC-02,M,299.23101083877776,311.17334302395875,2803.8169164223877,12.918642962853959,91.703586868205,3.4226305759211177,6.814280339707568,51.134912071433405,0,2026-09-07 10:52:32
2026-09-07 07:37:00,CNC-01,L,295.1680698409908,310.31012544289507,1934.6264247263416,41.5421617372483,128.05125454912522,2.6492554094099856,14.912054811017162,62.32226836077925,0,2026-09-07 10:52:32
2026-09-06 15:44:00,CNC-03,H,299.3809639255259,312.83173133238813,1574.160073773297,40.73743818282166,5.9689154152467765,2.2299584071845944,11.845788378932516,51.32323399995245,0,2026-09-07 10:52:32
2026-09-07 01:01:00,CNC-01,L,297.99700200139523,310.19214775805943,2592.5611692705525,19.433168265995917,76.94250321355574,3.216393194109229,9.453399053836604,53.41014560437527,0,2026-09-07 10:52:32
2026-09-06 22:19:23,CNC-02,M,299.2316224285058,310.8917405749558,2667.452161382258,14.879642962212213,48.29180716265833,3.2173811349587775,7.446766080702487,52.18033184763664,0,2026-09-07 10:52:32
2026-09-06 14:25:00,CNC-01,L,298.0012526821985,312.87601426656704,1394.788574926813,477.1123714467787,137.929333758968,22.06091459854725,14.452071036180444,55.64328452179529,0,2026-09-07 10:52:32
2026-09-07 07:41:00,CNC-02,M,295.3448614448695,309.4800617928146,1691.538441922855,42.244811217491915,14.44094336939393,2.3669913296449896,13.416362469189897,62.23176985861494,0,2026-09-07 10:52:32
2026-09-06 17:59:19,CNC-01,L,299.0378865855913,312.45667201678174,2087.4375697539726,32.464250869201905,22.78704680293522,2.66140270403235,12.62308330476581,49.053353644485206,0,2026-09-07 10:52:32
2026-09-07 01:07:00,CNC-02,M,298.3262584186184,312.53574589666135,2585.3169861123843,23.534487655213972,226.85970829446376,4.1026505506071205,11.61541668362126,53.41549539717454,0,2026-09-07 10:52:32
2026-09-07 09:20:00,CNC-03,H,296.73918175364383,311.22875289614336,1412.4191746125036,52.573391927543675,105.29875390671238,2.095590761687515,13.860907397904182,57.71350220086406,0,2026-09-07 10:52:32
2026-09-07 09:24:00,CNC-03,H,296.89289413320176,311.15719161609235,1521.7473449144206,45.066886814665125,111.43571550334457,2.2092772855562215,12.863520295141443,58.35388479441633,0,2026-09-07 10:52:32
2026-09-06 23:29:00,CNC-02,M,299.0281324166623,311.8594628832149,2699.053563265916,17.488221627276623,122.66012431959071,3.2462252917159904,8.872916712003269,56.438711810843074,0,2026-09-07 10:52:32
2026-09-06 23:26:00,CNC-01,L,298.75651102157553,311.3532798360554,2741.3884765564694,15.455883003915462,172.4390610425184,3.676473729374332,8.044172016015875,51.80960929887214,0,2026-09-07 10:52:32
2026-09-06 23:43:00,CNC-02,M,299.0255483971732,311.9832921549581,2721.2588070445818,18.576054029632374,137.54329950945285,3.5145006583018294,9.723523399126744,58.10435538078835,0,2026-09-07 10:52:32
2026-09-07 01:41:00,CNC-03,H,299.1936929589374,312.46717921108166,2671.7501691657862,19.533567588863605,194.35428043230397,3.590336264867633,10.090959690250763,54.37303448264162,0,2026-09-07 10:52:32
2026-09-06 15:04:00,CNC-03,H,299.1118197981669,314.5255531553611,1613.1935609160537,50.294327483037435,177.43753696636327,2.651084371711119,14.992372594745865,54.7696103599588,0,2026-09-07 10:52:32
2026-09-07 08:37:00,CNC-02,M,295.4002160425855,310.34463089982563,1650.910873777897,45.82613982786616,97.09144649617785,24.296623400683522,14.021689201595324,62.85141593626837,0,2026-09-07 10:52:32
2026-09-07 07:54:00,CNC-03,H,296.57556788163913,311.2851887019815,1663.2985505292222,43.571469476825925,194.43641369932422,2.8973275874141207,0.0,55.66093086068656,0,2026-09-07 10:52:32
2026-09-07 08:16:00,CNC-01,L,300.85508339606923,309.7963881636052,1668.864863694739,45.907549295993846,185.40696704958515,2.9310309989483883,14.36354814221358,52.01463970178046,0,2026-09-07 10:52:32
2026-09-07 07:37:00,CNC-03,H,296.62681116905753,311.5841750034886,1682.5475980156284,45.44684812694567,169.68428376599994,2.611601553246695,14.22996242144034,59.77120976859118,0,2026-09-07 10:52:32
2026-09-07 08:02:00,CNC-01,L,300.59057125956565,309.39601513754474,1644.868374963194,44.80995620288611,164.6641962100842,2.720427456018341,13.735625913993736,56.85451055230034,0,2026-09-07 10:52:32
2026-09-07 06:38:00,CNC-01,L,5104.526415849866,309.6485102916865,1726.3292020559766,41.154969257576916,44.708860377958544,2.229142091361552,13.505672200658019,64.7553644708014,0,2026-09-07 10:52:32
2026-09-07 02:04:18,CNC-01,L,297.48984723772736,310.33595262757984,2643.8469550244886,19.105139572242585,146.1498326901773,3.3980601540186766,9.308086723084685,55.18456892491899,0,2026-09-07 10:52:32
2026-09-07 07:24:00,CNC-03,H,296.68034908645103,311.7755405153625,1720.5371083891555,46.02344829911829,150.9994783292797,2.617183931770094,15.051494478946454,56.28490095510234,0,2026-09-07 10:52:32
2026-09-06 19:24:00,CNC-03,H,300.4674456990941,313.52655132381005,2337.625118345619,25.05460437360281,37.61756683878834,2.7661574243262086,10.96062523387942,50.64570904672404,0,2026-09-07 10:52:32
2026-09-06 23:31:00,CNC-01,L,298.7525113680954,311.88709369448645,2636.5915350387204,20.72190758787485,177.76594715042995,3.704609005136728,10.550236462891021,51.224627507611864,0,2026-09-07 10:52:32
2026-09-07 02:58:00,CNC-03,H,298.2293819920099,310.6687038818622,2431.8848691364424,20.558534655100786,51.448647863492056,3.0414874938189564,9.361684702991676,55.10367150112024,0,2026-09-07 10:52:32
2026-09-07 05:29:00,CNC-03,H,296.8916191022423,311.7575931239969,2124.2885832621764,34.968376364382415,234.62241469491804,3.542413175461772,13.89789886724187,54.80186619819634,0,2026-09-07 10:52:32
2026-09-07 01:09:00,CNC-02,M,298.15670123893125,311.1866157785933,2753.0351143515413,17.155942486101793,228.9812727377209,4.213894385473443,8.887950132669582,54.81202765429743,0,2026-09-07 10:52:32
2026-09-07 06:17:00,CNC-02,M,295.6953728991332,310.25856934221946,2008.4482771712483,35.500820381405546,127.91443694656404,27.884919599782258,13.42859169247112,59.8143527954001,0,2026-09-07 10:52:32
2026-09-06 16:46:00,CNC-03,H,300.00633494277844,314.44322999864613,1756.0243650809325,42.03997586032992,95.86098675484868,2.534564461524466,13.86414484488642,52.45738664530072,0,2026-09-07 10:52:32
2026-09-07 05:42:00,CNC-02,M,295.9953702470073,310.6300414626269,2141.186803588673,34.54238748823649,81.55365086708076,2.7599329350561304,13.510874518235424,59.53906162297196,0,2026-09-07 10:52:32
2026-09-06 23:03:00,CNC-01,L,298.7201494000782,311.2387112116954,2629.5745254697126,17.169550729584813,148.0967232844234,3.4772133316419125,8.820335230681277,52.08466314089129,0,2026-09-07 10:52:32
2026-09-07 05:07:00,CNC-01,L,295.64793864436643,308.9639492134995,2268.9409332031855,25.13115555171737,132.0927071671494,3.1684709178541115,10.645184705370589,61.194904951826224,0,2026-09-07 10:52:32
2026-09-07 04:44:00,CNC-03,H,297.7456691851783,312.18926541703087,2295.906002399228,29.986239068732747,177.4349421366988,3.2483280107822137,12.768897429414906,54.52543579340667,0,2026-09-07 10:52:32
2026-09-06 22:52:00,CNC-01,L,298.33330616666956,310.5435240383071,,13.595113555655816,136.43055453997215,3.6307321192610127,7.040666810365024,55.02391671267268,0,2026-09-07 10:52:32
2026-09-06 18:52:00,CNC-03,H,306.14048356190847,315.0445942667442,2236.217267452134,32.06511057196154,265.224614934348,4.059323075616822,13.440057575507904,38.18622624566254,0,2026-09-07 10:52:32
2026-09-07 04:54:00,CNC-01,L,296.2153873010134,309.7553917226027,2280.9823905045046,26.69497995967781,115.58923697676228,2.971673711442946,11.417660336169915,56.897621635890985,0,2026-09-07 10:52:32
2026-09-07 00:39:00,CNC-01,L,298.3150242684268,310.0616156768986,2785.731380313124,14.893422974451841,53.4409582773259,3.2736292218331977,7.6464380042068,48.140621736416094,0,2026-09-07 10:52:32
2026-09-07 08:03:00,CNC-01,L,300.7859522806326,309.630705658346,1669.709498106342,45.85286574092953,166.15631769791216,2.7123206970430633,14.146091005142608,49.25721243302065,0,2026-09-07 10:52:32
2026-09-07 08:12:00,CNC-03,H,296.7959015823527,310.7937224625611,1606.4653682646706,45.29136551034831,3.0258704306019517,2.163970262456993,13.670942116014972,56.59636275394687,0,2026-09-07 10:52:32
2026-09-07 04:20:00,CNC-01,L,296.2257196997878,309.3466202332921,2279.1351036177653,24.454182035251854,73.53860498102254,2.987891018186787,10.389587415019252,52.85721284199341,0,2026-09-07 10:52:32
2026-09-06 21:00:00,CNC-01,L,26.168686241031196,38.01829904194494,2473.9078865579945,17.93581324032163,12.700765570158609,3.0721511010811877,8.372475405891093,53.95568181448983,0,2026-09-07 10:52:32
2026-09-06 16:39:00,CNC-02,M,299.1446361792879,313.674857103109,1800.8923578260597,41.515707353307,102.11706471218316,2.559479168062459,13.978860484111191,50.45162313788268,0,2026-09-07 10:52:32
2026-09-06 11:37:00,CNC-02,M,297.0504790479368,311.2005838174581,1323.7822852199886,51.1826266423605,,2.0487740725255774,12.555729856078905,53.81222118879171,0,2026-09-07 10:52:32
2026-09-06 22:09:00,CNC-01,L,299.0887289808784,310.99502057033334,2657.8980056066393,16.022641211200064,89.84948320274226,3.18867489157964,7.862413878189346,48.111891949248815,0,2026-09-07 10:52:32
2026-09-06 18:47:00,CNC-02,M,299.68482751376945,313.22182834894386,2109.5201390656007,29.438347138004367,56.73413099491339,2.741632252278945,11.393732139521422,49.93604305931767,0,2026-09-07 10:52:32
2026-09-06 11:34:00,CNC-03,H,297.06553843479395,311.5671982992471,1458.3275674983195,,95.05937477973127,2.126936345590759,13.636471325816698,58.05644805364589,0,2026-09-07 10:52:32
2026-09-06 23:45:00,CNC-01,L,298.3538661660939,311.18662251674203,2723.1785036570554,17.34005523800895,192.82939281553618,3.9428259034912467,8.849329221540845,56.79495764508286,0,2026-09-07 10:52:32
2026-09-06 19:33:00,CNC-01,L,299.259619909413,312.8472661305865,2399.498928250617,24.55891730630884,144.6796862463009,3.194707837007392,11.003841084067778,53.31154449332232,0,2026-09-07 10:52:32
2026-09-06 17:20:00,CNC-01,L,299.23295760666025,314.62247501555356,1893.556456716143,42.60955731868216,189.52332177825912,3.2545257428896552,14.942821402952037,55.23227571714416,0,2026-09-07 10:52:32
2026-09-06 19:40:00,CNC-02,M,299.82382385789396,312.83413815422125,2487.580085075407,22.371962969900675,122.60857452883153,3.187705953881412,10.296132394287868,49.37249314007032,0,2026-09-07 10:52:32
2026-09-07 05:27:00,CNC-02,M,295.8199838474517,309.40542402689584,2069.422958909144,29.686352150266693,61.84617563714709,2.65454077820874,11.719171237221207,60.063408775626414,0,2026-09-07 10:52:32
2026-09-06 14:46:00,CNC-01,L,297.8736738937641,312.50493087460376,1478.9979034763276,47.57993328575093,170.16709480485648,2.5461275374041397,13.21832868229571,61.28834499253959,0,2026-09-07 10:52:32
2026-09-06 22:57:00,CNC-01,L,298.6121013229955,310.1242446098591,2734.6484883949797,12.795706888766713,141.72599354682683,3.570100413491803,6.782551909397514,51.019570428315,0,2026-09-07 10:52:32
2026-09-06 21:56:07,CNC-02,M,299.6261759012611,311.37957287223094,2675.9408547580974,13.779600919149006,20.962803398314282,3.192139638967507,6.956526088060972,51.23387667024095,0,2026-09-07 10:52:32
2026-09-06 23:03:00,CNC-02,M,298.94917912773064,311.3450223238538,2737.93788243809,15.969707642115745,94.91551785264605,3.286469785319971,8.218976571668021,56.11206670794479,0,2026-09-07 10:52:32
2026-09-06 16:41:00,CNC-03,H,300.1091591434372,314.1709810964547,1970.5358222331638,36.27336965102609,88.80599276654063,2.5527487137086338,13.326318424902139,47.735527248874554,0,2026-09-07 10:52:32
2026-09-06 14:35:00,CNC-01,L,297.68339023487056,312.34981310956306,1569.7626359892977,46.971114737452176,153.2460397719799,2.513229689680104,13.749565475721193,53.04449586138098,0,2026-09-07 10:52:32
2026-09-07 04:34:00,CNC-02,M,296.12808093548426,310.2302384875613,2323.1590264612964,,221.50843252393358,0.0,11.789272670124012,58.74382912057045,0,2026-09-07 10:52:32
2026-09-06 17:13:00,CNC-03,H,299.94418274515755,314.25750278072456,1940.2852401443395,37.008194142284005,133.5509659549922,2.7764001813074226,13.45245250554732,47.12662255197521,0,2026-09-07 10:52:32
2026-09-07 10:15:00,CNC-02,M,295.4583391544253,309.0425533114,1323.1210471385562,49.51838570942197,7.804948408057217,2.206688210194537,12.14458900216788,59.25590714605519,0,2026-09-07 10:52:32
2026-09-07 02:46:00,CNC-02,M,296.91747148439,309.895672144761,2542.7956119161977,20.696538433469605,94.65949082838657,3.105618998317961,9.883698392034919,55.009477948593585,0,2026-09-07 10:52:32
2026-09-07 09:07:00,CNC-01,L,294.72511023642295,308.8760908540139,1616.990567454982,44.721078185709196,63.40254090585359,2.259210631224681,13.537407224133933,58.76639211580258,0,2026-09-07 10:52:32
2026-09-07 01:04:00,CNC-02,M,298.0547900642673,311.1047067742294,2810.87674089753,16.506324929358314,223.64584356210352,4.209292510696157,8.538960867012303,54.17736783730117,0,2026-09-07 10:52:32
2026-09-06 19:41:00,CNC-02,M,299.90371190358286,314.3772165747223,2331.086804156694,30.37009302535039,123.85140817526585,30.008666362119868,13.298253272444217,51.1764485502758,0,2026-09-07 10:52:32
2026-09-06 14:06:00,CNC-02,M,297.6190364713108,312.17276587232607,1378.2365471472547,54.72351761927795,84.46947145408538,2.0786716298285888,14.18638725008697,53.690062668945444,0,2026-09-07 10:52:32
2026-09-06 12:31:00,CNC-01,L,297.2269433905295,311.4964017882239,1267.8576078760782,55.374442241826635,198.47230078145665,2.7893981471701474,13.013351564953489,56.04985951384179,0,2026-09-07 10:52:32
2026-09-07 06:59:00,CNC-02,M,295.63127400274254,310.3705126002154,1898.151440937271,37.299085800521475,185.84613139066172,2.944828335453306,13.268136108959798,61.753298517460316,0,2026-09-07 10:52:32
2026-09-07 06:25:00,CNC-03,H,297.0078288288074,311.4452362479041,1943.261030306065,38.271685710142606,68.93324170563636,2.5941728855675947,14.00602945113552,56.60005017310191,0,2026-09-07 10:52:32
2026-09-07 05:30:00,CNC-01,L,295.5332570958857,309.6553442977525,2002.5255129587388,33.16059557356445,161.76194961687438,2.9677012242173237,12.101903588972473,60.54460643416207,0,2026-09-07 10:52:32
2026-09-07 00:27:00,CNC-01,L,297.9136897893558,309.29639562639375,2718.375183933131,12.826045769388628,,32.25610677688485,,51.11167341142456,0,2026-09-07 10:52:32
2026-09-06 13:31:00,CNC-03,H,25.12853850431395,38.8944255178896,1464.10206696056,45.67752953179156,33.055421241287725,2.1716987598357402,12.52513488125432,57.499428338655015,0,2026-09-07 10:52:32
2026-09-07 08:20:00,CNC-03,H,296.7883129510706,310.2929949261898,1843.9059883201878,,14.699619497382315,2.331251320542192,12.639698910108999,57.76188799833808,0,2026-09-07 10:52:32
2026-09-06 23:37:00,CNC-02,M,298.970572874611,311.8209180843741,2674.6293047449117,18.524864578847755,131.2208508831395,3.433496410241724,9.406800368921463,51.79377686354477,0,2026-09-07 10:52:32
2026-09-06 12:47:00,CNC-02,M,24.03231133376056,38.307030482169694,1307.7883852201776,51.97409075781274,201.7111400999274,25.347903439172455,12.736165066117897,55.182491274124864,0,2026-09-07 10:52:32
2026-09-07 10:18:00,CNC-03,H,296.82075567496105,311.66864937150063,1329.1326102703945,55.287787962985746,195.370716971614,2.5984722988004907,13.631151536775008,58.94382291675572,0,2026-09-07 10:52:32
2026-09-06 14:29:50,CNC-02,M,298.007526570897,312.2735187901671,1592.004170356547,45.80983524996184,119.99706963633403,2.350664013285651,13.785744950383632,53.34653335133914,0,2026-09-07 10:52:32
2026-09-06 22:59:00,CNC-02,M,299.12005779935754,310.60225343901567,2776.3503561137445,13.072321080122192,90.6696646277444,3.3962110027757677,6.815429536321537,54.54328647576316,0,2026-09-07 10:52:32
2026-09-07 09:22:00,CNC-02,M,295.2671260448584,310.47547171719174,1514.337428646178,48.41459612496776,165.44366166543074,2.4660957834663706,13.678296561150264,58.99398934638728,0,2026-09-07 10:52:32
2026-09-07 01:11:00,CNC-02,M,298.15390221806683,311.40546635010537,2700.053284334073,18.36528445864101,231.098470793473,4.195545020500671,9.269179711343483,56.018275215305835,0,2026-09-07 10:52:32
2026-09-06 20:47:00,CNC-03,H,27.154664327639978,39.98009655933981,2531.9309138189396,19.77274908772923,136.41126489754953,3.1662018801783214,9.733463031611551,51.40166607426071,0,2026-09-07 10:52:32
2026-09-06 22:17:00,CNC-01,L,299.21035101217194,311.8790410477519,2557.4519224907835,18.94750372442854,98.50735325996332,3.1688873954475114,9.105074704955639,56.150376702689236,0,2026-09-07 10:52:32
2026-09-06 20:16:00,CNC-03,H,27.17327485103158,40.410921372514906,2564.3363644215865,21.96491417129317,100.33609388279515,3.2146772602595908,10.62457770186261,49.141302232336535,0,2026-09-07 10:52:32
2026-09-07 03:51:00,CNC-03,H,297.501857865339,311.51257977384927,2379.271445635584,28.82597830174773,112.79238527238238,3.011944481744414,12.868933227862367,57.834701371113,0,2026-09-07 10:52:32
2026-09-06 15:28:17,CNC-02,M,299.1201418283441,314.637376252583,1627.4559880037568,48.51501533449825,209.73571405635735,3.0504920778843467,14.390782310346259,52.14226843465797,0,2026-09-07 10:52:32
2026-09-06 22:37:00,CNC-01,L,298.90709288937205,311.0860002539776,2636.5930223343066,15.97910820643507,120.12523841901586,3.413691819394361,7.817080369312618,48.158241863211074,0,2026-09-07 10:52:32
2026-09-06 11:52:00,CNC-03,H,297.1398289884021,311.6922343071293,1325.1382758682896,55.34621151769034,123.68235645732365,2.166388316381228,13.571368850325088,54.62830844083612,0,2026-09-07 10:52:32
2026-09-07 04:22:00,CNC-02,M,296.1673106478309,310.48408809518475,2319.1702171044176,27.53206486166122,206.77591499297563,3.613534522832548,11.860749319760636,59.03740639484925,0,2026-09-07 10:52:32
2026-09-07 08:43:00,CNC-01,L,295.04284915955435,309.38462422992933,1573.214222558908,47.63273088452522,26.985457963963203,2.151287109697309,14.00625878928774,57.233700596506246,0,2026-09-07 10:52:32
2026-09-07 06:24:00,CNC-01,L,295.7109980878458,308.9854367214109,1994.5804998312442,30.32069952564653,25.531718339729807,2.6346221711924236,11.1585828537242,54.840838161491874,0,2026-09-07 10:52:32
2026-09-07 10:01:00,CNC-02,M,295.2056649305463,311.01476977433674,1461.8404237938926,51.896125828158006,225.88097660066893,2.958796458634377,14.28057426243191,59.45989985294872,0,2026-09-07 10:52:32
2026-09-07 10:49:00,CNC-01,L,295.055190066928,310.5776942401592,1482.8678710075706,52.891097512938664,222.7649395679984,3.280189916544593,14.76204372043549,59.41111634699197,1,2026-09-07 10:52:32
2026-09-07 01:04:00,CNC-03,H,299.56592576599786,312.6831799015498,2660.18624072749,19.998919688517432,154.62801303454205,3.45593081019955,10.073143134142697,53.16433949756541,0,2026-09-07 10:52:32
2026-09-06 23:01:00,CNC-03,H,,311.09927067991106,2699.986231284741,14.874905751480549,23.629071921457516,3.248769201973245,7.497939689381613,48.86169498232663,0,2026-09-07 10:52:32
2026-09-06 15:17:00,CNC-02,M,298.55421087441,314.0175746829728,1539.4305748160264,50.44386445419914,193.19788397742764,2.781353240979844,14.052089615018733,55.19172637957534,0,2026-09-07 10:52:32
2026-09-07 07:47:00,CNC-02,M,295.37407975912146,310.14213164771115,1862.1877734702175,40.78526462011373,23.120034733610073,2.4413154281238243,14.234482196768246,60.29744768383193,0,2026-09-07 10:52:32
2026-09-06 13:34:00,CNC-01,L,24.37166096593677,38.56018786181039,1365.6980632526977,53.13885769846397,58.52876916621322,1.942687222577299,13.54695471232791,55.99248578428386,0,2026-09-07 10:52:32
2026-09-06 15:46:00,CNC-03,H,299.5481782093502,313.0780295198576,1598.8240243743126,42.26054091339326,8.998011016141623,2.2292980687593396,12.536421728932739,50.98786119493062,0,2026-09-07 10:52:32
2026-09-06 20:47:00,CNC-02,M,31.94111995794799,39.746474345850686,2474.4365088263085,23.229111828528012,201.37026856770828,3.667160387908873,10.58781264473217,40.304693335931134,0,2026-09-07 10:52:32
2026-09-07 04:53:00,CNC-03,H,297.43462710696315,311.8897885363009,2169.447561806941,31.640579224639723,188.6110826385321,3.250010577975122,12.66289065003951,61.47460154702802,0,2026-09-07 10:52:32
2026-09-07 06:10:17,CNC-02,M,295.5807844365766,309.9928859424191,1902.333624021589,37.24275281899345,118.56732328184576,2.5884505431557523,13.299597081433399,61.13014017207937,0,2026-09-07 10:52:32
2026-09-06 11:05:00,CNC-01,L,296.734382945931,310.9492789375124,1344.1358605649548,53.49429060261198,62.16021990491819,2.088766736358933,13.485886500526302,56.13366835228414,0,2026-09-07 10:52:32
2026-09-07 08:24:00,CNC-03,H,296.6868839881046,310.69930484264665,1754.7208973900415,41.76386504432537,20.665819594746136,2.4643031611054447,13.749157053918653,62.50772958191217,0,2026-09-07 10:52:32
2026-09-06 13:28:00,CNC-01,L,24.128106254551653,37.63743408077244,1386.8382568302818,46.667037529010905,49.04005327896658,2.0578302261716113,12.030833239691558,60.07914916777362,0,2026-09-07 10:52:32
2026-09-06 23:29:00,CNC-03,H,299.90400480705523,311.60843539298355,2660.8274203496026,14.939869492494159,53.275992403016154,,7.400853535024893,49.45254111519714,0,2026-09-07 10:52:32
2026-09-07 06:40:24,CNC-02,M,295.86268234021907,310.5315813183858,1948.2065513245605,36.46128680110868,159.40023242287322,2.9449476879080216,13.275261219833538,56.20788224368947,0,2026-09-07 10:52:32
2026-09-07 01:34:00,CNC-03,H,299.3924399936501,311.6114453122373,2758.73264639495,13.943099783040042,186.79524768541106,3.72506215161362,7.352601766273868,51.149273503354436,0,2026-09-07 10:52:32
2026-09-07 05:54:00,CNC-01,L,295.66481674604785,310.158538469833,2174.285801865937,32.02540986940383,193.24528111963986,3.536863595505604,13.088694156249936,60.53719675450243,0,2026-09-07 10:52:32
2026-09-07 00:50:00,CNC-01,L,298.12983893090774,310.02971075761894,2571.8044648449886,16.460733201343185,65.29123081308468,3.148101153223314,,55.32231892100192,0,2026-09-07 10:52:32
2026-09-06 14:12:00,CNC-03,H,299.1035586203329,313.9604712385493,1459.104749075242,53.89841637730412,97.51858537082869,2.1017088240832402,14.637010424382053,53.66917347522977,0,2026-09-07 10:52:32
2026-09-07 03:18:04,CNC-03,H,298.1979809313309,311.2997021310027,2471.0366733802057,24.09861577886303,74.28223032981558,2.9516854292722243,11.052968936891746,55.63312866690463,0,2026-09-07 10:52:32
2026-09-07 00:58:00,CNC-01,L,297.854324961266,309.6245789989988,2619.089251240494,15.742810396041389,73.65131080243015,3.1445454204457275,7.787569761039497,54.246654157609505,0,2026-09-07 10:52:32
2026-09-07 06:48:00,CNC-02,M,295.6567442105258,310.7770739739616,2038.3683553264366,38.08956435133655,170.50475509082779,2.980263346372976,14.473479755065792,56.6076190527934,0,2026-09-07 10:52:32
2026-09-07 01:39:00,CNC-03,H,299.1640448409627,311.9952728596991,2572.6002958514964,18.233926793293463,192.24630034746244,3.6240512239795204,8.54064988213931,51.722919164219306,0,2026-09-07 10:52:32
2026-09-06 18:36:00,CNC-03,H,306.103780630329,315.0004225917228,2163.772631291662,32.18097911925756,244.62332909615492,3.5989506029686362,13.06837828439593,,0,2026-09-07 10:52:32
2026-09-07 01:14:00,CNC-03,H,299.3828886345887,311.9953957164245,2836.3639331874733,16.77183976912723,165.2798898268684,3.6792541468926556,8.865352133669127,52.176899457609544,0,2026-09-07 10:52:32
2026-09-07 01:48:00,CNC-01,L,297.5254989774576,310.29506995905655,2538.1701806713454,20.20200257200809,127.73018565657397,3.3011390211104565,9.654881582547102,57.063704257878825,0,2026-09-07 10:52:32
2026-09-06 18:48:00,CNC-03,H,306.2197747366581,315.22419412186446,2257.37992523209,32.02789899838297,260.0740630717665,3.901959756366472,13.342750770850566,42.80901272822798,0,2026-09-07 10:52:32
2026-09-06 20:40:00,CNC-03,H,27.228278632485228,40.32801310444853,2350.356613943157,22.982018010795287,128.3880156042331,2.955634408325659,10.275809772777349,47.993752349318186,0,2026-09-07 10:52:32
2026-09-06 19:10:00,CNC-02,M,299.710265310619,312.78604434143307,2146.6993590830803,27.388298410748405,85.63955650857675,27.922343037433144,11.129669418483836,49.493728572904,0,2026-09-07 10:52:32
2026-09-06 20:50:06,CNC-03,H,27.007018103323958,40.01407715137475,2518.980115790574,20.001034559455952,138.7029248034216,3.150795005917896,9.291491614837312,54.372939679894245,0,2026-09-07 10:52:32
2026-09-06 19:21:00,CNC-02,M,299.64292145505726,313.41934692278613,2264.530150991873,27.102169808150318,99.2634574510204,2.800879917982715,11.57483559902674,52.115011312909495,0,2026-09-07 10:52:32
2026-09-06 11:57:00,CNC-01,L,296.5059184189488,310.56815005691266,1396.9268978389364,49.59990511457992,144.34652041453893,2.2996144381803636,12.77451135234542,56.45265241323226,0,2026-09-07 10:52:32
2026-09-06 11:25:00,CNC-02,M,296.69145874090805,310.55661387300904,1345.098812586226,52.22303855336343,71.62527875717686,2.011018864602098,13.345213308476904,64.40782007159376,0,2026-09-07 10:52:32
2026-09-06 15:11:00,CNC-03,H,299.0909341910432,314.38159695605725,1433.1365558088487,56.219124976599545,188.16548817111604,2.622792966901149,14.798764733068477,56.328985846016906,0,2026-09-07 10:52:32
2026-09-07 10:27:00,CNC-02,M,295.45337329153807,309.14053779555763,1282.072265173449,49.50414992818654,26.733072771087254,1.9524528163175208,11.950388755070488,60.777840044556584,0,2026-09-07 10:52:32
2026-09-07 05:49:00,CNC-03,H,297.06028642658464,310.7086690663957,1976.4106783393804,33.45874794476523,20.78944773553965,2.5481371527711856,12.412093003180857,52.208621578141695,0,2026-09-07 10:52:32
2026-09-07 02:28:00,CNC-03,H,298.66877239371485,,2560.3556636035355,19.43339258960809,17.659996974845846,3.1100079547522284,9.369723854901778,52.07330380883023,0,2026-09-07 10:52:32
2026-09-07 10:18:00,CNC-01,L,294.7964247768101,309.6609233700463,1470.106237794515,50.462841511255924,173.78707347831232,2.633955245285574,13.989611919514175,64.02488655340467,0,2026-09-07 10:52:32
2026-09-07 09:13:00,CNC-02,M,295.23239409694696,310.03177209138204,1464.5289594298254,49.813558073529414,151.66779542278672,2.3144079268649507,13.595850791467216,61.857393645167285,0,2026-09-07 10:52:32
2026-09-06 18:17:00,CNC-03,H,305.71111587415135,313.85747060642467,2154.6962577168697,30.98168806777538,220.10066774158585,3.509577676472769,12.48738365398432,42.20681099067028,0,2026-09-07 10:52:32
2026-09-07 01:57:00,CNC-03,H,298.67990872064576,310.7609038857503,2633.5999161196564,14.740487570599793,,3.836613015285846,7.192745571396686,50.823508070600404,0,2026-09-07 10:52:32
2026-09-06 13:19:00,CNC-03,H,25.121442427753152,,1412.9855757535763,49.51301054490089,14.307323397829322,2.08873815945652,13.364574819534367,61.56578091068781,0,2026-09-07 10:52:32
2026-09-07 08:24:00,CNC-02,M,295.04255686058724,309.3749414847719,1711.7860928751184,40.77099806711782,77.71567479366213,2.4196442094023216,12.956930381190052,54.77124026871691,0,2026-09-07 10:52:32
2026-09-07 07:50:00,CNC-03,H,296.68587288406763,311.79280943882986,1641.984293489215,46.1524304614563,188.59044582885392,2.785386859703072,13.889102879695077,58.71325769528796,0,2026-09-07 10:52:32
2026-09-07 08:28:00,CNC-03,H,296.7164494217587,310.75296654630756,1640.4332154582748,43.24163812289264,26.51819239590737,2.2526406056370067,13.325467312676725,56.69926797876538,0,2026-09-07 10:52:32
2026-09-07 00:04:00,CNC-02,M,298.69679838065196,311.19034573994145,2655.2184581688207,15.509664189039102,159.93647778396297,3.5919749215731263,8.038596049860207,52.69179573291431,0,2026-09-07 10:52:32
2026-09-06 22:07:00,CNC-02,M,299.2824544250442,311.5379982644333,2661.7103564785016,16.742110982981508,34.12981519621882,3.2880040162703783,8.397095048217082,54.38112899612022,0,2026-09-07 10:52:32
2026-09-06 19:50:00,CNC-02,M,299.69571405910995,313.12110166716934,2474.7222664166393,23.51158907932102,134.64226300107904,3.3096123070670025,10.85131694969723,48.31667320312506,0,2026-09-07 10:52:32
2026-09-06 14:05:00,CNC-03,H,298.6078472224566,312.9904712335191,1351.724114608497,53.93576826159936,86.51766004997253,2.0671341693253336,13.61696478486799,48.199512487060936,0,2026-09-07 10:52:32
2026-09-07 05:14:00,CNC-02,M,295.5761941207654,309.88688744905494,2092.0248723035033,34.994987130120386,45.190627153056084,2.6084664774995026,13.461364092492035,61.101391204451964,0,2026-09-07 10:52:32
2026-09-07 03:11:00,CNC-03,H,298.04689717458064,309.89505626088766,2578.576299174569,16.65244579069336,66.21270093548087,3.0183638395625274,8.098179122393162,59.307549379526655,0,2026-09-07 10:52:32
2026-09-06 22:39:00,CNC-02,M,299.3440230487365,312.07624745375404,2728.3641423834047,18.218671037436543,69.11978228387648,3.2252988987101,9.35786876347163,51.66090429532811,0,2026-09-07 10:52:32
2026-09-07 00:59:00,CNC-03,H,299.5458625762826,312.01369893483746,2744.436149480674,15.808634356425966,149.1642998996804,3.366364720651985,8.093643440142676,49.87292671578115,0,2026-09-07 10:52:32
2026-09-07 07:29:00,CNC-02,M,295.84637202469736,311.56002263681813,1770.006972707332,46.61206450228372,228.23217058554584,3.2828260415851154,15.263378328232225,57.211723992452875,0,2026-09-07 10:52:32
2026-09-06 23:20:00,CNC-01,L,298.6908588497018,311.432181273756,2575.130170928761,18.851433245609016,166.13232974599447,3.5067904911710928,9.298164710574518,54.85834529906702,0,2026-09-07 10:52:32
2026-09-06 10:56:00,CNC-03,H,296.38508207946694,310.34872439905615,1388.5391466195051,,34.89963878965734,2.0985150771891212,13.503316250090405,53.47431894848958,0,2026-09-07 10:52:32
2026-09-06 15:10:00,CNC-03,H,299.30937230978907,313.7944550864336,1425.7245077736582,47.382296597288594,186.57569870851052,2.380045015266891,12.587960189644935,52.7465614225808,0,2026-09-07 10:52:32
2026-09-07 01:41:00,CNC-02,M,297.7765787051329,308.9810895873384,2755.441566581425,11.224412421751119,22.453358937227907,3.167566036806639,5.757613263035183,58.40375379104468,1,2026-09-07 10:52:32
2026-09-06 14:41:00,CNC-03,H,298.85262028908016,313.372682381891,1546.242232127149,48.57130385113598,142.20991567767993,2.3988673586485216,13.86180584625959,53.18072998112325,0,2026-09-07 10:52:32
2026-09-07 03:12:00,CNC-01,L,296.6103288881786,310.72604491113617,2466.8526162958956,26.688710161786986,221.04326321582587,4.152718581053377,12.108854235096754,53.43508111243142,0,2026-09-07 10:52:32
2026-09-06 22:37:00,CNC-02,M,,312.01920927216077,2501.3193057885965,19.070942278939814,66.96329500751659,3.1225899301369666,9.240558225031934,55.61332461876733,0,2026-09-07 10:52:32
2026-09-06 22:07:00,CNC-01,L,299.2447545995819,311.37429365096995,2502.25228086679,17.24324069302964,87.70060839230115,3.134651884337806,8.013389338621847,52.88881620209048,0,2026-09-07 10:52:32
2026-09-07 09:06:00,CNC-03,H,296.4739762615487,310.3265079783937,1576.0874547583321,43.38222442483318,83.7582674471499,2.189858387231866,12.78772824214874,56.2331790164787,0,2026-09-07 10:52:32
2026-09-07 06:25:00,CNC-02,M,295.8311715539121,311.32917661593564,2016.5415333225783,39.9267265128751,138.68160478910912,27.918819307503124,14.999015062458671,62.02857188865664,0,2026-09-07 10:52:32
2026-09-06 21:30:00,CNC-02,M,299.3436528121147,312.7386880477561,2569.2601455398544,18.105997054550894,250.25409205811732,4.272993447290718,,56.35578781444444,0,2026-09-07 10:52:32
2026-09-06 22:17:00,CNC-03,H,299.90915263408647,313.808107841559,2644.4004125222245,23.743887703087193,236.13379855417634,4.014745057194569,11.725207261134766,51.319008463685336,0,2026-09-07 10:52:32
2026-09-07 09:04:00,CNC-03,H,297.0135828049799,311.41344742363685,1580.241186397437,47.891424401073515,80.74423561514995,2.3301763436340552,14.16871032123622,58.30131267433733,0,2026-09-07 10:52:32
2026-09-07 00:47:00,CNC-01,L,297.85612596091073,309.84719331916585,2537.4973198231382,17.220579672434866,61.97826991440095,3.061565108798568,8.35510506506691,57.01832684054827,0,2026-09-07 10:52:32
2026-09-07 03:56:00,CNC-02,M,296.07800902792724,310.175230212285,2496.7886326451844,24.187150695703767,175.35384185497693,3.304548107756234,11.362009105094616,58.77714354305733,0,2026-09-07 10:52:32
2026-09-06 20:19:00,CNC-01,L,26.575619817132576,40.96803617995607,2563.2608702295543,26.980437381756538,199.68958556575623,3.8862856219073123,13.120447706185821,48.82229253382426,0,2026-09-07 10:52:32
2026-09-06 16:43:00,CNC-01,L,298.974190005345,313.34062765026215,1979.1909311865898,35.77330001379784,137.98626703465317,2.8168258208924297,13.426900561946876,51.50027245036637,0,2026-09-07 10:52:32
2026-09-07 04:38:00,CNC-02,M,295.9530781338251,308.8344081447115,2448.643202787417,23.16066532700794,0.0,3.0017705604258,10.232142691144569,58.47738162516187,0,2026-09-07 10:52:32
2026-09-07 09:51:00,CNC-02,M,295.4680513025116,310.4711018998557,1546.2391474190977,46.21652023494911,210.34459623266338,2.845444973661592,13.425998750143615,60.96450092484824,0,2026-09-07 10:52:32
2026-09-06 12:15:00,CNC-01,L,297.2129479631062,312.1472971785936,1490.6739606491556,51.89271314290076,172.91941943379905,2.702601471039287,14.382232022506797,54.05845545729269,0,2026-09-07 10:52:32
2026-09-07 05:27:00,CNC-03,H,297.2899829692514,312.4984087051192,2096.368053243461,37.21609859499279,232.0256685535055,3.4245676017226327,14.849778852481101,57.199360895197586,0,2026-09-07 10:52:32
2026-09-07 01:59:00,CNC-02,M,297.38811204835616,309.5112852438455,2677.9439721756517,16.299835151366192,42.060542013344026,3.1886582515688127,8.055501985527638,56.02661254292567,0,2026-09-07 10:52:32
2026-09-06 21:44:00,CNC-02,M,299.1903290272022,310.77989990933924,2575.974666458457,15.339422498788645,8.932745918879455,3.1825520511993366,7.269179556221653,49.949422211643075,0,2026-09-07 10:52:32
2026-09-07 00:59:00,CNC-02,M,297.94080739982036,311.044892136187,2772.4015988386586,16.876070841898756,218.28612844284848,4.297342680584548,8.731771277603386,53.701115443561456,0,2026-09-07 10:52:32
2026-09-07 00:59:00,CNC-01,L,297.93398902316994,310.38889844963364,2596.321363412992,18.575754616196164,74.74879333188086,,8.907979446288062,57.34013861190859,0,2026-09-07 10:52:32
2026-09-06 23:48:00,CNC-03,H,299.97180504598373,311.6405098778925,2602.592601087612,14.562019635098178,73.53938284144506,3.263082169961613,7.168014398641388,51.060130958590776,0,2026-09-07 10:52:32
2026-09-06 19:56:00,CNC-02,M,299.70298977681995,313.71553307440706,2437.608578713828,24.927829995731393,141.9004371315295,3.166031712098459,11.124539156989785,54.60995964611149,0,2026-09-07 10:52:32
2026-09-07 06:44:00,CNC-03,H,296.9650659426075,311.1601469182286,1736.4095682437803,42.12763918766722,95.07078829828917,2.4764015553863588,13.761746845324595,51.61693159028629,0,2026-09-07 10:52:32
2026-09-07 00:46:00,CNC-02,M,297.9921339305724,311.2760680611983,2704.900414389522,18.167346385107184,204.4803471586696,3.9131973059629996,9.13519874177057,50.957678034736475,0,2026-09-07 10:52:32
2026-09-06 22:45:00,CNC-02,M,299.35272169372354,311.05341501822295,2532.0633940887537,14.104044234791061,75.6673673942485,3.072820300676554,6.85407484445425,52.20718570241767,0,2026-09-07 10:52:32
2026-09-06 23:02:00,CNC-03,H,299.9403680336219,310.98355637828143,2701.4066482436006,11.708441617745434,24.68195655569568,3.2223417600402833,5.713300732238591,52.43174435364809,1,2026-09-07 10:52:32
2026-09-07 06:45:20,CNC-02,M,295.5755428119218,311.068704819089,1835.9466696644636,45.156061101534725,167.76121383142507,2.9159760380492736,15.767449450970268,59.878898394181846,0,2026-09-07 10:52:32
2026-09-07 00:51:00,CNC-01,L,297.9863445891469,309.53679279855385,2900.0,12.888861079125418,66.32359199475339,3.389954841466205,7.087083246024776,55.75671987804599,0,2026-09-07 10:52:32
2026-09-06 18:02:00,CNC-02,M,299.38821426524964,314.481407241142,2005.1859245014828,37.38451931630112,216.3857403784117,3.382633657147267,14.072016927852244,49.38436698364827,0,2026-09-07 10:52:32
2026-09-07 00:14:00,CNC-02,M,298.68629898119656,311.7239740155013,2732.6488808995164,17.91722494317649,170.64817344896488,3.7666854924615554,9.27049687833509,52.827594901102835,0,2026-09-07 10:52:32
2026-09-07 01:18:00,CNC-01,L,297.5891846432667,310.7100710807594,2554.043553411373,21.466615814604843,95.38973876807674,3.182492164136683,10.589567146492325,55.27078436744382,0,2026-09-07 10:52:32
2026-09-07 06:01:00,CNC-03,H,297.02133348169224,310.13750264091374,1869.9923585241452,33.08144847302714,36.6786535972164,2.5179583420734373,11.647443006943433,55.61238856533016,0,2026-09-07 10:52:32
2026-09-07 05:35:00,CNC-03,H,297.4204474189462,310.5142895280834,2054.3848113859794,30.54645882685944,2.587680556032087,2.68897700294447,12.086883189158224,52.00268055702549,0,2026-09-07 10:52:32
2026-09-06 15:55:00,CNC-03,H,299.3902598584645,314.0180972527119,1726.5736390506888,45.094800115143904,22.187074381486198,2.469452258905547,14.869332874669212,54.88185082116609,0,2026-09-07 10:52:32
2026-09-07 02:47:00,CNC-02,M,296.73454952736813,309.5091053948139,2514.601581135214,19.990711798155203,95.80572639857111,3.189329862580658,9.517004869797166,59.7501390299138,0,2026-09-07 10:52:32
2026-09-06 19:19:00,CNC-01,L,299.5264609611777,313.04674583313164,2207.4878492859098,27.166522171094083,127.27010565659565,2.913896710328446,11.180007705611017,50.31923021998057,0,2026-09-07 10:52:32
2026-09-07 04:34:00,CNC-03,H,297.62198764441735,311.12372100856345,2308.238677529037,25.872849977163312,165.04087051704835,3.1967625094098,11.34194377460467,54.8412930535773,0,2026-09-07 10:52:32
2026-09-07 03:25:00,CNC-03,H,298.1036295992708,5838.799697878894,2412.2740046148874,19.710716322816126,82.30499528041722,2.9230616893041916,9.027064931092806,59.24607661351415,0,2026-09-07 10:52:32
2026-09-07 06:41:00,CNC-01,L,295.5125930336005,308.5346015762307,2011.8498651915752,29.81209182063846,48.79787857243648,2.6556304085452984,10.975399464632336,58.93348537078536,0,2026-09-07 10:52:32
2026-09-06 11:53:00,CNC-03,H,297.11213035750916,311.58860910316577,1409.80065018821,52.214548609133594,125.27855498762041,,13.335583600565707,51.599365649626726,0,2026-09-07 10:52:32
2026-09-06 22:14:00,CNC-02,M,299.54535827256416,311.2384121618148,2745.445238314414,13.979709644223417,41.71823964248037,3.276523134411928,7.034313373628253,52.2723564579553,0,2026-09-07 10:52:32
2026-09-06 17:08:00,CNC-01,L,299.2028358110604,313.8859254283774,1849.0248957425463,37.99488215014504,172.994879365055,2.9533728615966868,13.26406810364193,54.22130442422447,0,2026-09-07 10:52:32
2026-09-06 11:53:00,CNC-02,M,296.99245307222145,311.49175674941006,1437.0389992875118,53.07218266748999,116.06556314904569,2.1860241501198736,14.403554596083472,54.17223395633222,0,2026-09-07 10:52:32
2026-09-06 11:33:00,CNC-01,L,296.58795348571164,310.6311565265224,1366.2741719524865,49.888429275592195,106.46646263217912,2.0727522248181236,12.622194372297603,57.05848950559291,0,2026-09-07 10:52:32
2026-09-07 01:32:00,CNC-01,L,297.703751510116,309.83210963253657,2623.1664354357126,15.547638549011934,110.33050848203183,3.316960530315508,7.762571759862175,55.01917009556909,0,2026-09-07 10:52:32
2026-09-06 10:57:00,CNC-02,M,296.3155309308504,309.7775823196572,1338.3994258703153,48.25908805169747,27.343894596463148,1.9376951504835422,12.105031163159788,60.8079218211259,0,2026-09-07 10:52:32
2026-09-07 01:13:00,CNC-02,M,298.03111055446743,310.5409187747391,2632.963891105247,15.131757419848647,233.24761780651676,4.190958679729796,7.452461720200508,54.52890852639819,0,2026-09-07 10:52:32
2026-09-07 08:19:00,CNC-01,L,300.67682819607256,310.01276841350506,1644.8502946266829,49.2071771183061,189.85868381799258,2.8967356813961227,15.308374312278332,47.79228305395531,0,2026-09-07 10:52:32
2026-09-06 15:02:00,CNC-01,L,298.31085515674283,313.16769335730413,1550.926768438868,47.51743459627651,194.46623256732204,2.993849225762006,13.755210152344514,54.00724880736677,0,2026-09-07 10:52:32
2026-09-06 18:00:00,CNC-01,L,299.0303037751549,312.52776650365183,1884.1202092590713,35.00774630372561,25.499792503331346,2.603250804904544,0.0,57.16976120022009,0,2026-09-07 10:52:32
2026-09-07 05:12:00,CNC-01,L,295.88662392555653,309.6965933843908,2213.2198181277968,29.096215726282423,138.4185206404304,29.71279092514266,11.943104238105947,57.00399532305109,0,2026-09-07 10:52:32
2026-09-07 10:39:00,CNC-01,L,294.8048833089506,309.1171442568229,1314.3292004374039,52.44621476717534,206.96599544962228,2.786877878859415,13.026046635874883,60.32305098303079,0,2026-09-07 10:52:32
2026-09-07 01:44:00,CNC-03,H,299.2267741459912,312.01727950021206,2765.1227421820836,17.915072392193952,197.50266873733256,3.750980024682259,9.406639142016207,52.55391003729134,0,2026-09-07 10:52:32
2026-09-06 14:47:00,CNC-01,L,297.7416644186907,312.1751959699721,1589.3303234838972,44.82939724668824,171.67844126586814,2.733282841015936,13.454223528576168,58.34715301119885,0,2026-09-07 10:52:32
2026-09-06 17:18:00,CNC-01,L,299.1784347279233,314.2813449538893,1937.1207384405484,39.17101967000657,186.73629240510007,3.1239532379383657,14.325577559152427,49.363586857342284,0,2026-09-07 10:52:32
2026-09-06 19:20:00,CNC-01,L,299.38619699096216,312.7546164803239,2291.2857011573096,25.796794983961064,128.49744899583064,3.0096617771625893,11.216342088129714,53.867460987198,0,2026-09-07 10:52:32
2026-09-06 14:15:00,CNC-03,H,299.00987439964433,313.41123391503174,1627.7847683948523,45.36968663584719,102.1502294854323,2.3455226278462344,13.807452978607698,53.664686960846666,0,2026-09-07 10:52:32
2026-09-07 03:57:00,CNC-03,H,297.8038576476291,311.51222065232315,2387.7251843892154,26.781735092335605,119.9233030442177,,11.887026835068177,51.06733470504065,0,2026-09-07 10:52:32
2026-09-06 14:18:00,CNC-03,H,299.1586707799454,,1320.5207358684866,51.960601603145875,106.87238708270436,1.9823684436046296,12.7747240219751,52.60978846874497,0,2026-09-07 10:52:32
2026-09-06 13:22:00,CNC-02,M,24.082288351855368,37.89931147316389,1431.0625226785555,52.35476833830742,15.717350407653473,2.1946192705049112,13.947730998132622,62.24717967480736,0,2026-09-07 10:52:32
2026-09-06 15:24:00,CNC-03,H,299.36235369525593,314.265374180133,1662.0013399150082,45.82757611803916,207.69311016978872,2.8203877558848856,14.31994644630737,55.03822171458955,0,2026-09-07 10:52:32
2026-09-07 00:17:00,CNC-02,M,298.52719605591614,312.1501672594746,2679.053295129904,21.249086643700124,173.9179556238584,3.5824200742180023,10.91959458097678,54.01418023561846,0,2026-09-07 10:52:32
2026-09-06 12:33:00,CNC-02,M,296.9139849788226,312.15665009938573,1458.7285157868423,53.31090636961784,179.5286190693798,24.94167479278806,14.543542024708822,54.03707330138565,0,2026-09-07 10:52:32
2026-09-07 04:49:00,CNC-03,H,297.6613239845716,311.8019487811973,2286.8441276289323,28.807195893058367,183.60200054123007,3.24516833467856,12.272391544007476,53.787947392135706,0,2026-09-07 10:52:32
2026-09-07 07:46:00,CNC-01,L,295.0540005063276,309.7241183683773,1743.5223279733418,42.86827001368454,141.21181942280222,2.598470658691149,14.180076524636325,56.043212717425504,0,2026-09-07 10:52:32
2026-09-06 20:25:00,CNC-03,H,27.3266547821147,40.72114815000646,2398.159703300029,25.491907778574532,110.8658611160064,3.014406112205507,11.261303003275852,48.47969471181819,0,2026-09-07 10:52:32
2026-09-07 09:20:00,CNC-01,L,294.87274285860394,308.828181176241,1472.0836702438044,46.688081950849,83.5303440405367,2.144590467005074,12.813351927383328,59.42075860811638,0,2026-09-07 10:52:32
2026-09-07 04:42:00,CNC-01,L,296.0408665304362,309.2179116250324,2117.6352782874087,27.25856980188984,100.56065827596004,2.625507480234671,11.079052728805923,62.67434199783287,0,2026-09-07 10:52:32
2026-09-06 15:09:00,CNC-03,H,299.09634036640654,313.73826658956904,1459.9400445907786,50.936893962803175,185.0389730058737,2.5539779615518037,13.793414491080277,50.72496041494653,0,2026-09-07 10:52:32
2026-09-06 22:23:00,CNC-02,M,299.1826307711925,312.37169598787176,2524.8074254335934,22.072961042491023,51.61059817798735,3.0668682735226653,10.540202719723172,53.02592525614493,0,2026-09-07 10:52:32
2026-09-06 15:14:23,CNC-01,L,298.36222765143043,312.301089267982,1684.6602841711338,43.81342658576125,9.069416529547551,2.304460476641482,13.910360171021098,54.1860519248081,0,2026-09-07 10:52:32
2026-09-07 09:47:00,CNC-03,H,296.75409292240687,311.0768652516464,1385.9504705787297,51.22434429226984,146.96558503761975,2.3071922092499397,13.409280582182753,59.79991326769892,0,2026-09-07 10:52:32
2026-09-06 18:12:00,CNC-02,M,299.383529890345,312.49493372346257,2239.841287046326,27.42158303634687,11.804454878016912,2.7221180512546983,11.381928531807862,51.93703476436417,0,2026-09-07 10:52:32
2026-09-07 04:26:00,CNC-01,L,296.4483938733382,310.3085600953361,2390.7294761848775,27.74412627761722,80.946357770427,2.8875404836993313,,54.38575073071522,0,2026-09-07 10:52:32
2026-09-06 11:23:00,CNC-03,H,296.994321045621,310.6853282753635,1280.4178822120077,51.228418897615995,77.67319002782247,1.9174406381495261,12.176942749941226,57.708003617014484,0,2026-09-07 10:52:32
2026-09-06 13:23:00,CNC-02,M,24.18082596308841,37.89121114891799,1510.2043350607419,45.32707621730276,17.256783144249493,2.199453989445853,12.784924590940994,54.20199201020824,0,2026-09-07 10:52:32
2026-09-06 11:58:00,CNC-03,H,297.2241659493462,311.7669952860393,1410.8271195584882,51.11346391711447,133.24789977536403,2.2414860906660716,13.46140526351889,56.67451033527996,0,2026-09-07 10:52:32
2026-09-06 15:45:00,CNC-03,H,299.6232816835783,313.3138560352424,1565.5064297895535,43.33071037071246,7.493276486456155,2.148855250637475,12.877690830596922,57.643588621165485,0,2026-09-07 10:52:32
2026-09-07 04:16:00,CNC-01,L,296.4954859319256,309.77380112141515,2222.583200170083,27.71073670468201,68.70327927397996,2.8651400534542173,11.291750712021948,56.97384955806914,0,2026-09-07 10:52:32
2026-09-07 01:05:00,CNC-01,L,298.1388009695198,310.3295981160851,2682.306590817202,17.452731812792027,81.27504282199781,3.3125819014521953,8.769753156209726,53.37526435462312,0,2026-09-07 10:52:32
2026-09-06 18:51:23,CNC-01,L,299.56469027368,312.8172428073011,2225.3131196259546,26.373083877056114,93.2040607263677,2.8934140451846404,10.799949386352585,54.52205311350083,0,2026-09-07 10:52:32
2026-09-07 04:40:00,CNC-03,H,297.7396310793668,312.38248359626834,2261.153364940893,32.14845631530528,172.4635645968881,3.1839249309110014,13.491956729566413,50.54738004707714,0,2026-09-07 10:52:32
2026-09-07 09:48:00,CNC-03,H,296.90980622309326,311.11169573623795,1574.5370103187372,44.070068142770324,148.47687861539364,2.426647488509241,12.97650548350656,61.92694265307726,0,2026-09-07 10:52:32
2026-09-07 00:44:00,CNC-02,M,298.67085121376397,311.7688714023566,2730.4921862878796,18.68582333755869,202.3216243982835,3.9031909311782016,9.616592046898457,55.54417257039668,0,2026-09-07 10:52:32
2026-09-07 00:52:00,CNC-01,L,297.8767710454943,309.20217843676795,2718.6523398440686,13.451045037864331,67.37902946649022,33.09696367976056,6.712697232817181,56.13384654364421,0,2026-09-07 10:52:32
2026-09-06 22:05:00,CNC-01,L,299.03370486215977,312.0916250159588,2719.639376492233,20.282277851648548,85.4733560027776,3.266020400858143,10.761003045240223,51.75780743934056,0,2026-09-07 10:52:32
2026-09-07 09:04:00,CNC-02,M,295.25721382020316,309.98482575239404,1589.7153298644623,44.40129600721454,137.93018198318796,2.4620608005396636,13.172442946928655,60.09883921181109,0,2026-09-07 10:52:32
2026-09-07 04:32:00,CNC-01,L,296.17045282597036,309.7216185081417,2312.9651433390113,27.183704466179517,88.22001423467965,2.9069930199030045,11.582331443088265,55.895834592403574,0,2026-09-07 10:52:32
2026-09-07 06:54:00,CNC-03,H,297.0726203764645,311.5329340442586,1994.2505018699467,38.27644414613425,108.72526728315,2.58668356701393,14.011779879849133,58.948710380238545,0,2026-09-07 10:52:32
2026-09-07 04:45:00,CNC-01,L,296.12159093998997,310.0412263761775,2088.130282241557,30.546686406020505,104.34532932061487,2.807509805363842,12.05627708604286,57.855659552942626,0,2026-09-07 10:52:32
2026-09-07 10:31:00,CNC-03,H,297.09985906435884,312.47999572517995,1543.6977027955218,50.38764780634301,215.7203424250948,27.284404189877574,14.49229650222313,54.48052030483119,0,2026-09-07 10:52:32
2026-09-07 04:54:00,CNC-02,M,295.5791313865671,308.50887058179086,2127.3202340215207,26.342235498918615,20.07425660854197,2.754722170868024,10.427695871613853,56.476424761157986,0,2026-09-07 10:52:32
2026-09-07 03:41:00,CNC-02,M,296.60567318125715,310.9343522916228,2486.6544746935765,25.795128785781923,157.74553045642133,3.329341154121658,11.867784283049657,60.72473837755805,0,2026-09-07 10:52:32
2026-09-07 07:39:00,CNC-02,M,295.4210668897274,309.1284368914523,1701.6622344107197,39.48303483448342,11.461202658395974,2.2654820315068482,12.69290228864777,60.86885219620612,0,2026-09-07 10:52:32
2026-09-07 04:21:00,CNC-01,L,296.3783179088567,310.469837647105,2252.381899859542,30.00342632652475,74.79030789787369,2.8595998190568337,12.73668788804842,55.1405536664053,0,2026-09-07 10:52:32
2026-09-06 17:00:00,CNC-02,M,299.5916723736362,314.1254300505214,1747.7047382754984,41.71963406516476,131.9285530288086,2.552313918653963,13.809086585840356,51.09206664608969,0,2026-09-07 10:52:32
2026-09-07 07:29:00,CNC-01,L,295.4401988200104,309.6057594270903,1855.4519682002956,38.41573785736988,116.60830736995118,2.655839614153048,13.182344809730152,57.431171769469294,0,2026-09-07 10:52:32
2026-09-07 02:09:00,CNC-01,L,297.4093122065101,309.8580569315998,2657.135408020105,15.71739792539476,150.55231766978133,3.5537169367336814,7.898324163935569,54.114333997748275,0,2026-09-07 10:52:32
2026-09-06 11:41:00,CNC-03,H,297.0023719595721,311.6349705223117,,52.55503343084273,106.15893944300106,2.1305641847070804,14.252512296146245,62.34523572147064,0,2026-09-07 10:52:32
2026-09-07 07:42:00,CNC-03,H,296.3630056584821,311.1278845344641,1635.405013360992,44.87342546480938,176.91510645817593,2.5877191706232887,13.758247738377197,57.13920714545804,0,2026-09-07 10:52:32
2026-09-06 11:16:00,CNC-01,L,296.46929955638325,310.7564101691511,1386.6619171672558,50.94598461430183,79.5569383617494,2.066638140105097,13.197828397191746,59.9677486325795,0,2026-09-07 10:52:32
2026-09-06 12:32:00,CNC-02,M,297.0049282248315,311.533030384668,1352.0012321100328,53.04516389154208,177.9386017043872,2.380141841448591,13.378939547209688,57.77749437267984,0,2026-09-07 10:52:32
2026-09-07 02:05:00,CNC-02,M,297.5482878769953,310.0361600671817,2390.327719479093,21.492372437935018,48.69568593135811,2.874649749288347,9.704509937146268,57.82705173915771,0,2026-09-07 10:52:32
2026-09-06 23:36:00,CNC-01,L,298.3700232400803,311.4086446176739,2629.349158626165,19.835194081709183,183.12682451668567,3.7383365211247357,10.005048926745982,58.53344702776077,0,2026-09-07 10:52:32
2026-09-07 04:14:00,CNC-03,H,297.5845827035471,311.6062498881774,2226.4567991608055,29.99596007333302,140.45175975560795,2.9235307684471254,12.543667979116412,55.005277782375835,0,2026-09-07 10:52:32
2026-09-06 10:52:00,CNC-03,H,296.87501832661735,310.58724491840366,1347.0463309731151,52.00909416082218,28.5264316449597,2.0906176684819995,13.136609228895502,59.22197580816071,0,2026-09-07 10:52:32
2026-09-07 01:40:00,CNC-01,L,297.6352583033593,310.6688477973438,2538.0337098953287,21.040973614214217,118.96344808096983,3.2710992239076204,9.920495371503915,52.70608957266223,0,2026-09-07 10:52:32
2026-09-07 08:56:00,CNC-01,L,294.70156982087315,308.3923390751923,1606.4916656231437,41.58825062751461,46.56904247605451,2.238193840029834,12.842682440056802,61.79168201163333,0,2026-09-07 10:52:32
2026-09-07 02:03:00,CNC-01,L,297.20823996219815,310.2145725458555,2537.3793730362204,20.874783258544113,143.99777263466643,3.3693507121370203,9.689134775227707,55.29261966630906,0,2026-09-07 10:52:32
2026-09-06 23:49:00,CNC-03,H,299.6694611339297,310.3796396573966,2716.0249414623354,10.466219651044646,74.60354260790679,3.255490148136169,5.164491960717121,54.54172746707421,1,2026-09-07 10:52:32
2026-09-07 05:31:00,CNC-01,L,295.8510303648063,310.1070919572742,2007.6820868511386,34.448619065418605,163.06846498600694,3.1082070611809045,12.921207928357468,60.79314355661727,0,2026-09-07 10:52:32
2026-09-06 15:00:00,CNC-03,H,298.94687928727603,313.5562719578387,1413.283421053984,53.0499241672257,171.31948606124274,23.021247725999977,14.203726115466027,51.568873813935,0,2026-09-07 10:52:32
2026-09-07 00:06:00,CNC-02,M,298.8497669036726,311.6245695296783,2732.572884143646,17.36851524287458,162.0591269875512,3.5298361701681737,8.879640470472895,53.14885301364569,0,2026-09-07 10:52:32
2026-09-06 16:42:00,CNC-02,M,299.32064867282475,313.26698658825757,1770.0467483479465,38.035229791105564,106.42525627047455,2.3455758735687553,12.683916498384278,48.74900774754164,0,2026-09-07 10:52:32
2026-09-07 00:53:00,CNC-01,L,298.2053494130568,309.7058260751245,2824.620532772565,13.309928735745642,68.40902946649022,3.337778597544841,7.108218629731109,54.88733474694882,0,2026-09-07 10:52:32
2026-09-06 13:11:00,CNC-03,H,24.926127458380222,38.46350869058466,1375.381084568201,50.28111840826399,1.6,2.083133131452761,12.8857565929599,53.58043637418796,0,2026-09-07 10:52:32
2026-09-07 03:09:00,CNC-02,M,296.40601408984395,309.5629940643342,2511.806221146341,20.44056432879346,120.63067684307207,3.115350911055134,9.673184443371442,58.688567604292466,0,2026-09-07 10:52:32
2026-09-07 04:52:00,CNC-02,M,295.9220849857156,309.49696423492406,2115.7095033545465,29.265497104407906,17.528266835593385,2.7266779333893294,0.0,60.16040329297251,0,2026-09-07 10:52:32
2026-09-06 23:53:00,CNC-03,H,299.83138517350943,312.32516879614445,2494.45138012793,19.932180410811455,78.85338939940472,2.9739716259377205,9.48301134621048,49.32855329943452,0,2026-09-07 10:52:32
2026-09-07 09:41:00,CNC-01,L,294.72473576233773,309.2079014458896,1489.5315148354725,49.71045785762833,116.14741072748896,2.241447144113256,13.843089869797783,58.00216772669469,0,2026-09-07 10:52:32
2026-09-07 04:05:00,CNC-01,L,296.499946908051,309.9136837285067,2411.109716563338,25.115776502011677,55.29651649625413,2.9000558005866592,11.320452082475443,60.19980590422993,0,2026-09-07 10:52:32
2026-09-06 23:22:00,CNC-03,H,299.62800645035475,311.23272847266264,2766.8672328174016,14.196201749396023,45.77592486277246,3.2345663109928178,7.570891325735143,58.353727640301564,0,2026-09-07 10:52:32
2026-09-07 02:54:00,CNC-03,H,0.0,311.149432829853,2481.1165293851545,21.846295672101217,46.8369058872004,3.028038694618891,10.078715444089132,54.93573718004335,0,2026-09-07 10:52:32
2026-09-06 15:14:00,CNC-01,L,298.4427379257885,312.5985806146223,1627.6474298410653,45.802192468868604,7.582532930681863,2.3289101203510305,13.824097803960662,57.62076970511404,0,2026-09-07 10:52:32
2026-09-06 15:59:00,CNC-02,M,299.19908153318175,313.04204936562206,1589.244891539208,44.10869842085443,44.264195042584014,2.2984068929361494,13.03694472801899,50.21721009250369,0,2026-09-07 10:52:32
2026-09-07 06:20:00,CNC-03,H,297.28608692892766,310.7568986516742,2160.5070973722127,29.16365461177258,62.1109122072487,2.6968280275354473,11.88681702079705,54.71094981591708,0,2026-09-07 10:52:32
2026-09-07 00:06:58,CNC-01,L,298.32375033341526,309.31336001769256,2723.522678076542,12.295913046619198,18.12325491273183,3.2862405941235546,6.420531198190583,55.984114761914576,0,2026-09-07 10:52:32
2026-09-06 18:14:00,CNC-01,L,299.1589616190318,313.1743372532732,2187.6874969004007,32.304274467282426,44.01401431317399,2.8061759301781297,13.19973452390349,55.07479943716511,0,2026-09-07 10:52:32
2026-09-06 23:26:00,CNC-02,M,299.3758755584295,312.3036387815948,2459.088639022648,19.596455220821063,119.46924543661754,3.2069158597255463,8.808622869531689,51.22061544574353,0,2026-09-07 10:52:32
2026-09-06 23:58:00,CNC-01,L,5152.806688783302,310.29884344123076,2697.7249323178225,16.62651682154794,9.622703392441371,3.3286125157627677,8.51168628906354,58.07205876080998,0,2026-09-07 10:52:32
2026-09-06 15:12:39,CNC-03,H,299.5912768208144,314.14278714151015,1610.9040989778882,45.058213520396905,192.71984349094845,2.7346346794484226,13.576816090896033,55.05249919242997,0,2026-09-07 10:52:32
2026-09-06 23:13:00,CNC-01,L,298.6937941687745,310.5654376924295,2664.485286336422,13.099282952932326,158.62828525999655,3.5000939541863256,6.5189158135034155,59.47089650729928,0,2026-09-07 10:52:32
2026-09-07 06:28:00,CNC-03,H,297.1502729406281,310.4954126315078,1931.6936428832312,33.363570013470664,73.06911471670766,2.6129669251944687,12.178009747821319,57.146511529261986,0,2026-09-07 10:52:32
2026-09-06 16:52:00,CNC-01,L,299.3269461846423,314.4005494074943,1912.0052154513326,41.96269833981298,150.67370204912243,2.8826328468334377,15.017465250690213,53.445745559350776,0,2026-09-07 10:52:32
2026-09-06 18:56:00,CNC-02,M,299.68143955939723,312.6100779036989,2371.9705115465713,23.516050200226744,67.99548569391888,3.064977261233496,10.297097121639329,52.20517739399881,0,2026-09-07 10:52:32
2026-09-07 06:17:00,CNC-01,L,295.64985029172175,308.93029334770836,1984.0331487335325,32.4212991537766,16.142729663705335,2.604730107003842,12.007113876339918,0.0,0,2026-09-07 10:52:32
2026-09-07 04:47:00,CNC-03,H,297.60929713997695,311.4294373173329,2214.679121035335,27.43576398454229,181.10431980492973,3.227601522072965,11.289825932021508,58.18031477057482,0,2026-09-07 10:52:32
2026-09-07 05:33:24,CNC-02,M,295.91354413322244,308.9386303083737,2105.716380277333,25.38315662488728,68.28926630171222,2.6181303256830017,9.867069923608616,59.53220801385087,0,2026-09-07 10:52:32
2026-09-06 13:48:00,CNC-01,L,297.72105427923367,311.90774865271675,1532.4025454029734,46.04288533440594,80.41316759361167,2.2441161391415427,13.283630656487405,53.590625543021254,0,2026-09-07 10:52:32
2026-09-06 14:04:00,CNC-01,L,297.79237737673174,312.4146557690077,1481.8600835940083,51.01757109819642,105.21608193558428,2.238492673996898,13.911432942422316,55.78008005318184,0,2026-09-07 10:52:32
2026-09-06 15:42:00,CNC-02,M,299.0784457716148,312.7885873771641,1561.690139678602,43.18401076267477,19.174678623069255,2.253818405947406,12.687350688643864,50.663629749857805,0,2026-09-07 10:52:32
2026-09-06 14:26:11,CNC-02,M,297.8804072815509,312.5986966591176,1638.3315295773016,45.998586065219314,115.36967878741994,2.434722911480764,14.06230420227619,54.73802465007317,0,2026-09-07 10:52:32
2026-09-06 14:43:00,CNC-02,M,298.28257180280457,312.5566017787355,1498.766027450054,46.57390850454326,141.53656627102418,2.5285450279031223,12.98004793170378,57.662619394114785,0,2026-09-07 10:52:32
2026-09-07 07:12:00,CNC-02,M,295.5532145367969,310.37624785408593,1748.6196710894935,40.84004406730291,204.10878443830467,3.042409149766318,13.111366800823285,60.65379832723474,0,2026-09-07 10:52:32
2026-09-07 09:43:00,CNC-03,H,296.6376253983364,311.5152734246355,1632.7474675985877,47.25161518187433,140.75379953275015,2.440248064957356,14.558213377993212,60.45457247947154,0,2026-09-07 10:52:32
2026-09-06 22:02:00,CNC-02,M,299.6309438702838,311.97638805128116,2652.064325477646,18.76685974287993,28.620417063461804,3.2279072971078304,9.358189074568951,47.89784677713962,0,2026-09-07 10:52:32
2026-09-06 18:08:00,CNC-03,H,300.4793072999181,315.2060377587534,1897.9437653087984,36.60126283459853,208.33854967926612,3.1589401298290727,13.001607803306298,48.39980190994425,0,2026-09-07 10:52:32
2026-09-07 07:55:00,CNC-02,M,295.053110947934,308.6809777364254,1712.4943320339787,36.20611175042294,34.82838472152052,2.232856362624053,11.570199484880176,58.76752411944205,0,2026-09-07 10:52:32
2026-09-06 11:32:00,CNC-02,M,296.66009380593255,310.3744974935088,,50.218780483389466,82.71777666185459,1.978996216808403,12.0068732210824,57.185539184109906,0,2026-09-07 10:52:32
2026-09-06 19:52:00,CNC-02,M,299.94876623142835,314.2910201817224,2231.861508110569,29.9208403734591,137.09968998501898,2.9832379292277427,12.574078006287541,51.95693555775512,0,2026-09-07 10:52:32
2026-09-06 14:34:00,CNC-02,M,298.0082714833332,313.3956921407072,1535.0520837025351,53.181875177594854,127.7604233834298,2.3624592168133622,15.03077741092654,53.50568331915291,0,2026-09-07 10:52:32
2026-09-07 06:03:00,CNC-03,H,296.90424969983053,310.45569044206684,1923.0081319139979,33.77306536815121,39.35946765304125,2.610271030101736,12.021166036086335,59.460957338825736,0,2026-09-07 10:52:32
2026-09-06 22:30:00,CNC-03,H,299.9102639053214,313.56647355310804,2589.7869980407977,22.80451217148208,250.19797419188168,4.080034159926068,11.231527842840057,49.32050597882454,0,2026-09-07 10:52:32
2026-09-07 04:45:00,CNC-02,M,295.7656614663849,308.8873632162588,2312.4412653562977,24.84277223781932,8.686680505108017,28.188348745921548,10.60512538476286,58.390622046696095,0,2026-09-07 10:52:32
2026-09-07 08:57:00,CNC-03,H,296.7969109847674,311.6207904351028,1605.3798180440108,49.602190786717465,70.10880454688487,2.2918778254911247,15.027029912607304,56.700061798695366,0,2026-09-07 10:52:32
2026-09-06 20:44:00,CNC-02,M,31.80702500863009,39.38767024682721,2509.805813096005,21.857134372372627,197.96354731769605,3.661550480968916,10.198319916323793,43.83011459051163,0,2026-09-07 10:52:32
2026-09-07 10:03:00,CNC-02,M,295.2454494239675,310.6280982379699,1529.9701062789977,47.66305617222005,228.99803415478576,3.1272464193500404,13.81835499574676,64.18649174605355,0,2026-09-07 10:52:32
2026-09-07 07:32:00,CNC-01,L,295.4193436046005,310.0518362095997,1864.915244302295,39.88512900967338,120.93428220942258,2.654020329374814,14.062535639631184,56.315558835568616,0,2026-09-07 10:52:32
2026-09-07 09:51:00,CNC-03,H,296.97502355178875,312.26017258079906,1560.346503226401,52.44504814882008,153.15303495606386,2.3827792107872567,15.455110096197398,52.066073872333234,0,2026-09-07 10:52:32
2026-09-07 02:21:00,CNC-01,L,297.2058543068257,310.59726179922444,2557.007706165627,22.716950751147404,163.75593756134663,3.4918832167852862,10.90738508076603,57.11931992602232,0,2026-09-07 10:52:32
2026-09-06 22:16:00,CNC-03,H,300.27222259880205,313.86659325388723,2633.765828115255,20.486812741614322,235.0443850161615,4.013901036005624,9.990337685152918,51.490466934239926,0,2026-09-07 10:52:32
2026-09-06 20:36:00,CNC-01,L,26.471281004704053,39.97615758092854,2409.4828922104434,23.296530711494423,219.5549622365619,39.484806749511854,10.379249346777609,49.1137272341903,0,2026-09-07 10:52:32
2026-09-06 19:55:00,CNC-03,H,300.29435995552933,314.1526377806032,2273.2983279926398,28.990820837154658,75.25131363025616,2.9269786744601793,12.2779310407457,51.05094031420231,0,2026-09-07 10:52:32
2026-09-07 10:49:00,CNC-02,M,294.99080569762543,309.5878289422275,1435.4221908810212,0.0,61.444236604444356,2.115264017951492,13.613975352857869,61.9155951492554,0,2026-09-07 10:52:32
2026-09-06 22:35:00,CNC-03,H,299.96086659634415,313.8084549470659,2507.367962188663,24.18664968449275,255.62436873784793,4.121512833807038,11.363154306301233,50.43265435505258,0,2026-09-07 10:52:32
2026-09-06 11:11:00,CNC-02,M,5120.348879854533,310.631777463464,1383.300515424183,53.68132494651711,49.426950223458526,1.9384217216866984,13.879016163707341,61.2623350070336,0,2026-09-07 10:52:32
2026-09-07 04:53:00,CNC-02,M,295.8189063092567,309.2514970056075,2085.725136564536,28.473035856602547,18.817910515295196,2.713594599366719,11.179363371662609,55.82866586298203,0,2026-09-07 10:52:32
2026-09-07 00:53:00,CNC-03,H,299.4088137954869,311.8316803751646,2669.3888799515435,17.469315967790017,142.6785387906354,3.347634912797857,8.881090968726426,50.38283281396394,0,2026-09-07 10:52:32
2026-09-06 19:58:52,CNC-01,L,299.86102235792305,314.1642672483947,2357.6043091408173,27.933678682905448,175.00178362563116,3.416207473910743,12.214427060783398,54.847330920567266,0,2026-09-07 10:52:32
2026-09-06 23:47:00,CNC-01,L,298.5462048993023,311.4166776135718,2741.2970947472836,17.657034479357254,194.9735261520145,3.9865249938837355,8.852425042299718,54.446437280385126,0,2026-09-07 10:52:32
2026-09-06 21:49:00,CNC-02,M,299.37459682665934,311.577086558712,2767.549839155111,16.240588461291747,14.452982274677801,3.290044964585962,8.315638416940152,56.55919082800487,0,2026-09-07 10:52:32
2026-09-06 18:03:00,CNC-03,H,300.37463969361033,315.0779952067687,2177.6001151411338,32.248991397746146,201.64243528444788,3.2824967309910926,13.19447561459459,48.71177263544816,0,2026-09-07 10:52:32
2026-09-07 08:01:00,CNC-01,L,300.70945961854665,309.00807671200994,1654.686237866737,43.80318682879022,163.19538055552306,2.6897919461460744,13.438001490036125,43.31479729835761,0,2026-09-07 10:52:32
2026-09-07 02:19:00,CNC-02,M,297.2946789286317,309.4926615656441,2534.757446509086,15.745343012653139,64.1430416912842,3.070058193625734,7.29875514216811,55.482387802760634,0,2026-09-07 10:52:32
2026-09-06 12:41:00,CNC-02,M,24.189215783644727,39.40327648536169,1429.6425831094125,55.754890130845155,192.2363948694963,2.6233038672003057,14.97158479807932,54.219512696865394,0,2026-09-07 10:52:32
2026-09-06 18:13:00,CNC-03,H,300.63403780841577,314.9955643570524,2052.815466687348,31.879005801506192,214.93624562668552,3.336216734995194,12.210557578080405,55.82950260851223,0,2026-09-07 10:52:32
2026-09-06 18:01:00,CNC-03,H,300.14642463290494,314.8619642580311,1955.3684983012542,37.99914214784082,198.9885139173538,3.0508043956666744,14.12860874434692,47.491421871573856,0,2026-09-07 10:52:32
2026-09-07 02:20:00,CNC-03,H,298.51635373961017,310.0221789908565,2664.03879395698,15.210103385306367,,3.2105443952387756,7.53250440272395,55.48679376364866,0,2026-09-07 10:52:32
2026-09-07 08:26:00,CNC-02,M,294.9939169767561,309.5482487979027,1728.2353643451352,42.82168466550746,80.63070737135436,2.41332740197114,13.748541539330162,57.83034982792584,0,2026-09-07 10:52:32
2026-09-06 12:54:00,CNC-02,M,24.249410902269005,39.096216867620626,1325.463371224505,53.48693929818804,212.88526328154214,2.7809995068148834,13.331632065502983,60.38265948373609,0,2026-09-07 10:52:32
2026-09-07 01:46:17,CNC-03,H,298.9168018634703,312.5756814049055,2666.9017519162753,21.737419670343943,198.59427548325039,3.6296272079963066,10.690785099343472,55.38646052213909,0,2026-09-07 10:52:32
2026-09-07 03:01:00,CNC-02,M,296.6179292046031,309.5939742273133,2473.862291393852,20.391073254614906,111.62415701504062,3.1174280959996423,9.352473697042331,60.385869291520194,0,2026-09-07 10:52:32
2026-09-06 23:54:00,CNC-02,M,298.8782873428213,312.55370854920534,2579.0999677897285,21.596532405412333,149.24751780379262,3.38993011559634,10.269060746688798,56.302737889596266,0,2026-09-07 10:52:32
2026-09-06 20:04:00,CNC-02,M,299.68484749595484,313.18657020733866,2370.8019726545926,23.885845174177287,151.515809070954,3.1680825427659265,10.582261445184612,47.47263470672109,0,2026-09-07 10:52:32
2026-09-07 00:29:00,CNC-02,M,298.38223127111536,311.031192437273,2730.0345029655596,14.995041896250093,186.62659864013887,3.7523110315488917,7.547305260981017,52.7198644690502,0,2026-09-07 10:52:32
2026-09-06 18:56:00,CNC-03,H,305.9512293613973,313.0490587673443,2211.388771659951,27.142206162826657,2.521203844182623,2.844831606854055,11.022403250334422,43.10679267607384,0,2026-09-07 10:52:32
2026-09-06 12:05:00,CNC-02,M,296.75230649024917,311.064029776267,1326.0916676522793,52.43644688997071,135.02529143508022,,12.881942539928449,56.1725290551022,0,2026-09-07 10:52:32
2026-09-06 18:20:00,CNC-03,H,305.94766581914627,314.12951987987566,2242.656079191728,28.593050647595582,223.89101154877363,3.5419172984840124,11.80067227954282,39.634288141446966,0,2026-09-07 10:52:32
2026-09-07 09:53:00,CNC-02,M,295.2034105890436,310.8248739778657,1456.6707379720976,53.49366790482432,213.41875438982385,2.789526862307602,14.486319661632782,56.33608174691755,0,2026-09-07 10:52:32
2026-09-06 13:21:00,CNC-03,H,24.94242544585262,38.585862971936365,1493.5844592840253,46.00085696385748,17.423942705560187,2.1374365872132657,12.78273215182966,55.79324773414356,0,2026-09-07 10:52:32
2026-09-06 22:00:00,CNC-03,H,299.96946586897707,312.4711480573887,2594.53713251983,16.752438951214977,217.94002468009325,3.8218495208212446,8.151896430470394,50.04356451137288,0,2026-09-07 10:52:32
2026-09-07 09:09:00,CNC-03,H,296.518990208115,310.59903714106923,1362.2899222845806,49.67187723500469,88.41281074567512,2.096049522585442,12.448800534215419,55.40305865591759,0,2026-09-07 10:52:32
2026-09-07 00:41:00,CNC-01,L,298.0921498315548,308.60584765476085,2759.056519260989,8.649160266970284,55.544420936651804,3.2345609678588993,4.532033261814685,55.058264798418556,1,2026-09-07 10:52:32
2026-09-06 23:57:00,CNC-03,H,299.85474945763497,311.97541913645597,2717.8308180112804,16.233859632422863,83.05430561920463,3.334347318122126,8.141891032208914,53.974761073861444,0,2026-09-07 10:52:32
2026-09-06 19:43:00,CNC-02,M,299.39281971286584,313.11513981124097,2275.470875289651,27.713613943006923,126.22614821562276,29.058878347564914,11.728128219633295,48.317531659894655,0,2026-09-07 10:52:32
2026-09-06 15:53:00,CNC-01,L,298.7277901659646,313.44190468117716,1900.7951543920567,41.50679143005369,65.96536490211781,2.6324430588861922,14.821183066135815,56.25187869066834,0,2026-09-07 10:52:32
2026-09-06 13:07:00,CNC-03,H,24.71614194851867,39.47775952501445,1498.892252623946,48.65180501334143,242.7027360182876,3.0797929934746215,13.391602964267513,55.004665573270515,0,2026-09-07 10:52:32
2026-09-06 15:50:00,CNC-03,H,299.5723152800966,313.52647704635694,1625.510776043847,43.75639056102775,14.903064050434674,2.262576665253776,13.55615358458903,,0,2026-09-07 10:52:32
2026-09-07 01:03:00,CNC-01,L,297.89957879590355,309.52899343124824,2725.2381933933925,14.132041199131171,79.10014156557261,3.1784056643944623,7.191472426129767,53.1782696221336,0,2026-09-07 10:52:32
2026-09-06 19:38:00,CNC-02,M,299.6606631160011,313.4672699533502,2385.893454695978,26.085369826320647,120.24026952197782,3.0500753795380375,11.680844686633884,55.08920787017361,0,2026-09-07 10:52:32
2026-09-06 18:56:47,CNC-01,L,299.4436796470117,313.21262600801515,2282.426320503164,29.25574631410316,98.31851543718577,2.9464264424600546,12.341397331211157,50.041878612246705,0,2026-09-07 10:52:32
2026-09-07 05:23:00,CNC-02,M,295.5025519314579,309.3646547105783,2188.8489432570623,29.914253369709957,56.69730965096441,2.7198322797812273,12.25040166686821,58.23083025748461,0,2026-09-07 10:52:32
2026-09-06 15:27:00,CNC-03,H,299.09657520788494,313.9288534474262,1685.3208315690804,43.55700057713292,212.1589843740115,2.8840075063573005,13.943254489338358,57.09416647516973,0,2026-09-07 10:52:32
2026-09-06 13:44:00,CNC-01,L,24.52535563120017,39.21626449837862,1546.5534281159248,49.84472024372596,74.11472094686232,21.840899377496008,14.109981914830584,55.03985486848093,0,2026-09-07 10:52:32
2026-09-07 09:08:00,CNC-03,H,296.58326593575435,310.6789306430689,1589.9720025128127,44.77121279717731,86.84578829954074,2.282810725335605,13.338919098900115,56.43710595186907,0,2026-09-07 10:52:32
2026-09-06 18:19:00,CNC-01,L,299.4629986550907,313.3484173715729,2151.8110162396033,32.18674171412946,50.66611700076222,2.796689269142033,13.088985908837659,52.2917550756778,0,2026-09-07 10:52:32
2026-09-06 14:50:00,CNC-03,H,299.100260759077,313.99725610771685,1563.2495355700214,49.432690876763324,156.03705278268498,2.458608944531174,14.733369934632991,56.19947582967547,0,2026-09-07 10:52:32
2026-09-06 22:49:00,CNC-01,L,298.7349859181976,312.1484092131402,2562.465393077992,22.72613843230511,133.22730126393594,3.3552577382936386,11.0195113276389,52.08322038669093,0,2026-09-07 10:52:32
2026-09-07 06:20:00,CNC-01,L,295.5549003412955,309.5725161194257,2058.3477198716046,35.23568994316709,20.154822189395787,2.6618932199333303,13.644922148961083,58.692553990140226,0,2026-09-07 10:52:32
2026-09-06 20:20:00,CNC-01,L,26.490235640218657,39.999225804153866,2430.262128137774,23.734915915802823,200.85242837051493,3.821041886444726,10.73298161859087,52.407054964271744,0,2026-09-07 10:52:32
2026-09-07 07:28:36,CNC-03,H,296.9821780780093,311.5103389162117,1673.6820974769735,44.17266678182203,159.57934648011482,2.478017549327789,13.748427294094219,55.26043775393609,0,2026-09-07 10:52:32
2026-09-06 12:42:00,CNC-02,M,23.90725309285176,39.08902409804665,1435.6152773960227,54.734096030658755,193.80823263320428,2.6651197263689737,14.531242284228501,53.94455879921405,0,2026-09-07 10:52:32
2026-09-06 16:40:00,CNC-03,H,299.81224786737874,314.5235842404758,1917.3390396789969,40.77325886510797,87.41719672053331,2.5993811027482883,14.621268793886866,51.38264994193281,0,2026-09-07 10:52:32
2026-09-06 23:47:00,CNC-02,M,299.08429847508273,5867.298893246149,2707.65474342579,18.489318133700117,141.77549120915862,3.45382102655325,9.356634040523714,47.59611484256201,0,2026-09-07 10:52:32
2026-09-07 08:39:00,CNC-02,M,295.00992850608014,309.89912186267776,1707.6004170399517,44.01723443136965,100.09543882691784,2.4224477599904928,14.157883507268505,62.46342185404418,0,2026-09-07 10:52:32
2026-09-07 01:26:00,CNC-01,L,297.8287762846261,310.21109340838086,2600.8640796745663,18.126124183932323,103.81586361251827,3.357900973690531,8.578685426460872,59.58653559719433,0,2026-09-07 10:52:32
2026-09-06 12:17:00,CNC-03,H,297.29441875209574,312.04425110581474,1560.932058577041,47.58472626713887,163.39187971226025,2.4634450588159194,13.922001175381931,56.18499496661986,0,2026-09-07 10:52:32
2026-09-07 03:02:00,CNC-03,H,298.2435316258595,310.8415702762494,2552.1418826187833,21.375842361151015,55.86645396102295,3.083709403878382,10.189105993229298,54.43143456203474,0,2026-09-07 10:52:32
2026-09-06 23:10:00,CNC-03,H,299.8536385963473,310.9572718387705,2797.6655465798904,12.510472404248807,33.13412037544015,3.3746388373062426,6.73179491371716,54.29746980376129,0,2026-09-07 10:52:32
2026-09-07 04:57:00,CNC-01,L,,309.71085819014553,2166.668792415279,28.952889556815855,119.40102778604106,2.876114796356316,11.606405411769371,55.91650193066103,0,2026-09-07 10:52:32
2026-09-07 05:49:00,CNC-02,M,295.53014263301463,309.44932391882065,2187.9882440877077,28.820130627799216,90.84057941273417,2.8289467275876277,11.748653156249016,62.58898719633928,0,2026-09-07 10:52:32
2026-09-06 17:13:00,CNC-02,M,299.5145062166724,313.8468727567142,1967.8681441898723,35.513411303199796,149.96562276659375,2.852873496854956,13.244275080324222,49.806321761792454,0,2026-09-07 10:52:32
2026-09-06 16:01:00,CNC-03,H,299.5106831243513,313.9422889171041,1780.497978738904,42.085913374793606,31.019917405055452,2.4367929101200505,13.936058215764266,51.23231363189164,0,2026-09-07 10:52:32
2026-09-07 02:18:00,CNC-01,L,297.3298688679887,310.0272095107732,2539.096740990479,18.51906365710827,160.40958863255912,3.4734324497673055,8.857265033295425,54.20079883202324,0,2026-09-07 10:52:32
2026-09-07 08:46:30,CNC-03,H,296.81290892902433,310.6631148265221,1615.8466103552537,41.50681628166877,54.88216570415529,2.1816099565230087,12.414316962129526,51.329917770022895,0,2026-09-07 10:52:32
2026-09-06 13:26:00,CNC-03,H,25.06385506969076,38.76122718990308,1555.4315895953634,48.079455805685065,25.291861687117148,22.06123254045901,14.015739221700018,53.02321644270831,0,2026-09-07 10:52:32
2026-09-06 19:57:00,CNC-03,H,300.268703739707,313.59172893158524,2313.650055958263,26.530729561907147,77.67277286151744,2.9891642353466588,11.240214883116549,48.76897535645232,0,2026-09-07 10:52:32
2026-09-06 12:31:00,CNC-02,M,297.0936586705351,311.3218484548916,1331.161294130586,50.23709458828117,176.3386017043872,2.591379010706095,12.200121639692764,61.97814069334185,0,2026-09-07 10:52:32
2026-09-06 14:17:00,CNC-01,L,297.7454878786968,312.0102475095839,1487.7313098641794,48.91055430667661,125.4672892150342,2.313535180651276,13.796397210024502,53.69476812670982,0,2026-09-07 10:52:32
2026-09-06 20:21:00,CNC-03,H,27.306394861475553,40.81728158739219,2444.6721468915475,25.485906907850495,106.19988862578023,3.0277503896126827,11.6108888673836,49.630058405640064,0,2026-09-07 10:52:32
2026-09-07 08:13:00,CNC-01,L,300.303591815567,309.1480701507868,1651.5272887156761,45.2215985189434,180.92756881223744,2.8401446679498044,14.058174375688179,49.54247611309216,0,2026-09-07 10:52:32
2026-09-07 05:48:00,CNC-03,H,296.97090046461716,310.82415986746844,2172.378869374773,32.22834541961459,19.463566696785044,2.729351697328648,13.258178361570343,54.551459677886335,0,2026-09-07 10:52:32
2026-09-07 03:22:00,CNC-01,L,296.5943205719962,308.4958197200069,2462.181569930618,18.007752617734578,4.5744700382616585,2.9820002175029336,8.214957356306753,54.50460346945313,0,2026-09-07 10:52:32
2026-09-07 03:32:00,CNC-03,H,297.67739839486984,311.1346902438469,2432.0040915367285,24.254381780475107,90.36441343093402,3.060755252073241,11.305007770261028,55.32632314929723,0,2026-09-07 10:52:32
2026-09-07 00:07:00,CNC-02,M,298.6345586742982,311.33501997196686,2597.87522699144,17.427330083033315,163.15145030440087,3.4978570088912,8.69625949861732,52.148333242676124,0,2026-09-07 10:52:32
2026-09-07 06:44:00,CNC-02,M,295.79040097993703,310.9594224698704,1988.740926615402,37.31971029005976,164.94597582719751,3.110865168927863,14.258094301313253,59.9625407004964,0,2026-09-07 10:52:32
2026-09-07 01:11:00,CNC-03,H,298.9779623394575,311.87815150540524,2633.2508138349044,20.032220402590013,162.09257427057366,3.4580260932376747,10.12744636770455,53.457546834408404,0,2026-09-07 10:52:32
2026-09-06 12:45:00,CNC-03,H,24.575646183072536,39.64529888484708,1479.2149336723635,50.903439338587965,207.8315915685198,2.7501409741536937,13.862112965249388,54.965776367755495,0,2026-09-07 10:52:32
2026-09-07 07:15:00,CNC-03,H,296.53292785188665,311.2080872374706,1790.9879516779256,42.49909400729267,138.20985936946153,2.48403768205775,14.389297176924337,56.99684608196972,0,2026-09-07 10:52:32
2026-09-06 12:02:00,CNC-01,L,296.82324801430786,310.96012600379856,1387.3225942116744,47.02103721652065,152.24172161776346,2.4602341911967107,11.95683137219529,61.05105481205708,0,2026-09-07 10:52:32
2026-09-07 10:46:00,CNC-02,M,295.5448386036364,310.2741767099547,1367.757693459057,54.077724672438855,56.672308206596256,2.14012300299521,13.809281279014236,61.31468753594333,0,2026-09-07 10:52:32
2026-09-06 17:05:00,CNC-01,L,299.13187663881564,314.53996109402954,1828.8371072129057,44.50031589810438,168.8170503578456,2.8784975132720034,15.411524577890958,50.134775063546,0,2026-09-07 10:52:32
2026-09-07 00:27:00,CNC-03,H,299.5779667763803,311.8806983962902,2679.824779667027,16.7173055415145,115.08120286515874,3.391943488173182,8.275707593918407,58.245927552137104,0,2026-09-07 10:52:32
2026-09-06 20:43:00,CNC-02,M,32.12369537364782,40.34296535632541,2438.8915352131435,27.069431245703058,196.83696645123754,3.5048396147258116,12.356068745235744,41.92146309660636,0,2026-09-07 10:52:32
2026-09-07 10:09:00,CNC-02,M,295.2860687325248,310.6618612737098,1516.6228674335794,48.52398644305222,238.4069324313115,3.2384432846609674,13.91771501323117,58.55354281491052,0,2026-09-07 10:52:32
2026-09-07 00:41:00,CNC-03,H,299.3329008634399,310.99043320717317,2744.018910606089,12.454072147302709,129.8398435935611,3.3948505950199346,6.835792419949056,52.303272838499176,0,2026-09-07 10:52:32
2026-09-07 09:45:00,CNC-02,M,295.4572396876997,310.66344535286515,1608.5630119745035,45.893141560419124,200.91122066871156,2.9094264824586933,14.091679166522132,58.399099755753234,0,2026-09-07 10:52:32
2026-09-07 10:48:00,CNC-01,L,294.7232036440437,309.4214773442932,1291.091005230679,54.15177560799676,221.2180320448117,2.9827352223072,13.077951600479825,62.172971853786414,1,2026-09-07 10:52:32
2026-09-07 07:07:00,CNC-03,H,296.6774822672465,311.3462239516477,1916.6125222156595,38.732958265980685,126.8649814518411,2.702432867919603,14.045936429169632,55.232132867850694,0,2026-09-07 10:52:32
2026-09-07 04:36:00,CNC-01,L,296.2284800161728,309.4662870294081,2245.4620069615025,25.8027790443028,93.14596019250786,2.9557811444612843,11.24810728394717,63.37256878831304,0,2026-09-07 10:52:32
2026-09-07 04:32:35,CNC-03,H,297.53330746744456,311.9827842947991,2311.8135315804157,29.867270270860327,162.58663606139874,3.0921820914332208,13.021560127315698,54.25820198254622,0,2026-09-07 10:52:32
2026-09-06 18:05:00,CNC-01,L,299.1276645038661,312.6715423577189,2161.9870624391183,29.49866736887477,32.127533426561094,2.772184364664535,12.050951594280086,52.09479210255493,0,2026-09-07 10:52:32
2026-09-06 17:01:00,CNC-03,H,299.68233966541817,313.89310641373294,1931.320543822048,35.759648732080514,116.8033126156875,2.6322247404283283,12.888565158001093,48.81822479335476,0,2026-09-07 10:52:32
2026-09-07 02:27:00,CNC-02,M,297.06129283482926,310.04483873172535,2602.48001205877,20.402801676382882,73.23767943780703,3.1980459853596375,10.136319450364736,57.64776180968879,0,2026-09-07 10:52:32
2026-09-06 16:38:00,CNC-03,H,299.5921237351772,313.61651446640985,1834.5237630582988,38.71117349289751,84.62416407093397,2.5508695168107636,13.219143411101323,52.0194797009913,0,2026-09-07 10:52:32
2026-09-06 23:14:00,CNC-02,M,299.08708748334544,311.66603005046244,2588.2945256697903,18.03456088877739,106.6291094515724,3.199955332327211,8.631476864027194,49.45659646910839,0,2026-09-07 10:52:32
2026-09-06 23:49:15,CNC-02,M,298.91433891123035,311.848254114176,2503.157271442657,18.686672569304598,145.00623405094981,3.228528699974622,8.741677957430314,57.76424335557715,0,2026-09-07 10:52:32
2026-09-07 06:39:00,CNC-03,H,296.92111306573,310.6119098512997,2095.3715006223856,31.298267508517803,88.20520109230925,2.790428245748177,12.20414104557625,56.95273344762688,0,2026-09-07 10:52:32
2026-09-06 19:14:00,CNC-02,M,,313.7369917188415,2225.379775095155,33.15619424847208,90.62664245660896,2.8023263563420358,13.625570668139373,49.50308131427435,0,2026-09-07 10:52:32
2026-09-06 14:01:00,CNC-01,L,297.8022402954693,312.3883932085414,1409.500052180013,51.38181255647181,100.51602034282134,2.173419241374307,13.56679572874202,55.6280502891672,0,2026-09-07 10:52:32
2026-09-06 14:20:00,CNC-02,M,297.9561664968091,312.3827407213133,1487.2803958793022,49.51799276527427,106.18721354887809,2.1416240456301416,13.71231565030522,52.51210206961261,0,2026-09-07 10:52:32
2026-09-06 13:06:00,CNC-02,M,24.09050826759261,38.72193235047348,1309.8399366723183,54.04338093670045,231.8262012333474,2.982692809449085,13.282396129103969,59.280341511570434,1,2026-09-07 10:52:32
2026-09-07 08:33:00,CNC-03,H,296.7916326292491,310.5477125612564,1496.0386933550153,46.85454271762234,33.94660636264092,21.199183180150953,13.251632076770433,60.7838031151145,0,2026-09-07 10:52:32
2026-09-07 10:00:00,CNC-01,L,295.0269435138422,310.1051980882578,1675.2260181989607,45.88223646638763,145.634651075437,,14.46938287526747,65.39241644324397,0,2026-09-07 10:52:32
2026-09-06 22:32:00,CNC-03,H,300.1569750829881,313.57888783122706,2766.4962710452396,18.86212106227015,252.3271426741482,4.299890968151107,9.818120960099975,51.16797285363768,0,2026-09-07 10:52:32
2026-09-07 10:08:00,CNC-02,M,295.48875836611825,310.56282575418265,1384.181273152909,50.94965338877621,236.85964286383845,3.113448969340358,13.01542251525342,59.96481090132879,1,2026-09-07 10:52:32
2026-09-07 03:48:00,CNC-02,M,296.2751913250493,310.05033184333456,2445.492408818678,24.038236562255083,165.9350537841432,34.23451500107104,11.364069244894496,58.89640663343328,0,2026-09-07 10:52:32
2026-09-07 05:58:00,CNC-01,L,295.27403760006473,309.54433470658586,2043.346366578192,32.380897497616374,198.51201932458062,3.44529797975217,12.229801034923803,58.14024639868909,0,2026-09-07 10:52:32
2026-09-07 03:35:00,CNC-01,L,296.65561484326935,309.5707395004626,2392.758766299374,24.321568287169864,19.671735931999844,2.9378080567087204,11.107140092997689,59.02173861384316,0,2026-09-07 10:52:32
2026-09-07 01:33:00,CNC-02,M,297.8187326625488,308.9339515329519,2695.67004562909,12.334574634130117,13.8630107728031,3.172739447151501,5.993369325711454,54.90097298486326,1,2026-09-07 10:52:32
2026-09-07 07:51:00,CNC-03,H,296.6885770366205,311.214283885176,1660.624896044674,42.96983094848653,190.05984053216213,2.6755451626502507,13.323444722412898,52.75624897822532,0,2026-09-07 10:52:32
2026-09-07 08:03:00,CNC-03,H,296.84419063163296,312.1672051278618,1481.7421350613654,53.19224331793836,207.87776143386293,2.7150344769703496,14.880444229885807,55.93330592326059,0,2026-09-07 10:52:32
2026-09-07 03:43:00,CNC-03,H,297.865760287929,311.1728894306272,2185.1152869595217,26.0148468196207,,2.907858263540264,10.733657889832473,58.89425645099187,0,2026-09-07 10:52:32
2026-09-06 11:23:00,CNC-01,L,296.96846040841007,311.6214162094833,1614.1556346383281,46.9158043039181,90.57577958326249,2.4128212590850557,14.242467145886959,53.632012578404726,0,2026-09-07 10:52:32
2026-09-06 10:53:00,CNC-03,H,296.74212592477653,310.73191588873556,1364.8075707272062,52.03713232287603,30.12589320705581,2.0158432138353604,13.197565955740929,58.659617523604126,0,2026-09-07 10:52:32
2026-09-06 21:46:00,CNC-01,L,299.3895961643653,311.6607469689427,2594.2219953069293,17.631192305571375,64.34706321383088,3.1397516779456525,8.608802698993332,55.116130599057016,0,2026-09-07 10:52:32
2026-09-06 15:25:00,CNC-02,M,298.7188133366758,313.98036424848726,1534.9157337841891,50.546188456153146,205.22253487852615,2.9363431039205334,14.60748331309399,51.9497167362011,0,2026-09-07 10:52:32
2026-09-07 09:29:00,CNC-01,L,294.72231293704255,309.08951370144365,1621.5085984444383,45.55396416967318,97.5478306726069,2.311064349476479,13.879880920212456,61.18511106785671,0,2026-09-07 10:52:32
2026-09-06 16:52:00,CNC-03,H,299.69406896684455,5895.583400685588,1846.888690400611,36.112803531792835,104.35411609783819,2.5860127600521694,12.484938682874661,54.05233799032267,0,2026-09-07 10:52:32
2026-09-07 07:38:00,CNC-02,M,295.3157841624334,308.76493797407767,1829.4150464221545,35.44645144304289,10.015033114337871,2.4381778883145198,12.117433868702069,58.96043597308093,0,2026-09-07 10:52:32
2026-09-06 21:25:00,CNC-02,M,299.4270455802542,313.38642605490804,2564.987524304033,22.89221929784136,244.6544541459592,4.287211436859341,10.855715661960154,52.3097004819339,0,2026-09-07 10:52:32
2026-09-06 14:17:00,CNC-02,M,297.8403947512951,312.3958499236633,1691.710237319591,44.510049104008026,101.54090564816241,2.42341587183985,14.062953762736807,58.38566602696786,0,2026-09-07 10:52:32
2026-09-07 05:23:00,CNC-03,H,296.99703639010335,311.49721843011963,2136.2026421523183,30.622554201245734,226.71627361149234,3.561169304865037,11.919628810370183,54.32042726675809,0,2026-09-07 10:52:32
2026-09-06 12:42:00,CNC-01,L,24.211219953661896,39.11790653110103,1364.2289688932128,55.74139614098243,215.96916990910572,2.994052219443115,13.958201190271918,61.20868965812092,1,2026-09-07 10:52:32
2026-09-07 06:56:00,CNC-01,L,295.30611994087957,309.3029729533211,1889.1679897259503,37.73870074520077,69.81327198750726,2.566018761635086,13.34449268993528,59.70150768837083,0,2026-09-07 10:52:32
2026-09-06 11:31:00,CNC-01,L,296.8086495389634,311.00562442686527,1377.7721548419763,54.782452984966895,103.2866010198875,2.100821528164882,14.144997246278688,58.62798359589788,0,2026-09-07 10:52:32
2026-09-06 14:51:00,CNC-02,M,298.54837633508953,312.94119737846586,1500.098824194447,44.728104429401036,153.6477676191276,21.639400662770903,12.668996853211166,53.66904482626537,0,2026-09-07 10:52:32
2026-09-07 06:09:37,CNC-01,L,295.51186044497655,308.8290503473391,2053.2761097826988,30.78577842092861,6.659189665073226,2.653352581730565,11.946331271145564,60.507882115713386,0,2026-09-07 10:52:32
2026-09-06 16:55:00,CNC-02,M,299.532664630586,314.25815065217677,1775.369894442881,42.52952437444094,124.8433490322407,2.490151341427885,14.371292094804534,51.47285700572573,0,2026-09-07 10:52:32
2026-09-06 23:02:12,CNC-02,M,299.32434280965344,311.98837455873354,2571.5584702179763,18.709386979331473,93.87851066136714,3.1616642739146563,9.147709817218656,54.44508612615554,0,2026-09-07 10:52:32
2026-09-06 19:24:00,CNC-01,L,299.7063800455393,314.04851610502294,2211.720231758239,30.923840538399006,133.50923994290804,2.9877553860218975,12.543555347700638,52.0463647561068,0,2026-09-07 10:52:32
2026-09-07 03:17:00,CNC-02,M,296.61063006571703,310.2116116975867,2390.615726672874,25.30616285589675,129.8353994872216,3.0876065095150866,11.272305456267718,61.69253652394501,0,2026-09-07 10:52:32
2026-09-06 13:09:00,CNC-02,M,24.03345728986153,38.53712818767508,1462.0553888980655,48.14860544660926,236.47337667193105,3.1266216641203446,13.005366407432119,58.21108542138288,0,2026-09-07 10:52:32
2026-09-06 13:11:00,CNC-01,L,24.42778809211393,37.7810334938556,1403.065819199618,46.16197487221254,22.097448451201462,2.0610209987584382,12.070241442472877,53.28519294520845,0,2026-09-07 10:52:32
2026-09-07 08:40:00,CNC-03,H,296.66935062469054,310.24876019138344,1572.9030705717921,41.44140302757674,44.36679571624493,2.251725367459224,12.518530827236637,58.93902645919143,0,2026-09-07 10:52:32
2026-09-06 15:03:00,CNC-03,H,299.23880256736885,313.94958185090195,1512.776833561194,49.88753310743524,175.89359138666921,2.6109310317162913,14.221720810957992,53.5852655566222,0,2026-09-07 10:52:32
2026-09-06 18:04:00,CNC-02,M,299.6266704372809,312.9040889024239,1945.4522469042786,32.22225915071135,1.3318350725448993,2.5640403889720353,11.96460360948465,46.94208645682468,0,2026-09-07 10:52:32
2026-09-07 09:46:00,CNC-03,H,296.7043908686196,311.46048770842293,1498.9583112671598,50.43538752006672,145.37451769346498,2.2903128488632705,14.048198457195575,62.21881039152811,0,2026-09-07 10:52:32
2026-09-07 08:14:00,CNC-03,H,296.8482563227069,310.7486748378458,1759.4817705257053,41.65377988742833,5.933370836557209,2.341202781176731,13.555707606282672,59.59573375709167,0,2026-09-07 10:52:32
2026-09-06 18:18:00,CNC-02,M,299.684311689801,313.4005916278925,2160.7891752396185,31.74264081332491,19.690575394350343,2.7545266336844945,12.729310005378089,46.08628527624863,0,2026-09-07 10:52:32
2026-09-06 10:55:00,CNC-02,M,296.38593734108093,310.68882373427437,1375.3873950373168,55.62485806710428,24.203489615775887,2.068239162929141,14.18568054187943,58.59781312408715,0,2026-09-07 10:52:32
2026-09-07 02:25:00,CNC-01,L,297.2333651196119,310.194814699189,2530.5392423786247,20.267725841839745,,3.43109564734927,9.670830732402717,55.34437140531405,0,2026-09-07 10:52:32
2026-09-07 04:38:00,CNC-01,L,296.4821930055354,309.52821256264514,2136.5470257616876,25.97732272938851,95.61711851050777,2.8631348260643548,10.230339981783814,56.40086271338424,0,2026-09-07 10:52:32
2026-09-07 05:47:00,CNC-01,L,295.71193859878696,310.4492545694992,2038.932453120917,35.49556954727222,183.96485169502114,3.2575081881902648,13.553393712555312,56.71227322708454,0,2026-09-07 10:52:32
2026-09-06 18:57:00,CNC-02,M,299.746234092355,313.14984726385586,2240.764529568897,27.137687726714873,69.21472813007547,2.7344572973113968,11.444296841018126,53.192198075720874,0,2026-09-07 10:52:32
2026-09-06 15:23:00,CNC-01,L,298.27813174608593,312.440874044721,1487.8739572548982,49.893542192464786,21.163088440345724,2.1233252356120644,13.948565117277772,53.44992046899783,0,2026-09-07 10:52:32
2026-09-07 09:43:00,CNC-02,M,295.31979827464164,310.82744823169054,1444.110929843731,53.70333473936501,197.86432980150082,2.790178506721376,14.623632743838654,60.23335568292899,0,2026-09-07 10:52:32
2026-09-07 02:51:00,CNC-02,M,296.88363685644316,309.7407955772942,2521.3061021202057,20.14245517360231,100.32218881319943,3.2294704575207636,9.505877092051676,62.04368656064185,0,2026-09-07 10:52:32
2026-09-07 02:57:00,CNC-01,L,296.8547737467292,309.4768145661255,2699.1756625597877,16.245833039393652,203.8953871273209,4.098635633416229,8.11648474573679,53.90019357043738,0,2026-09-07 10:52:32
2026-09-06 13:59:00,CNC-02,M,297.51814876775404,311.85498599361046,1442.684154841473,52.28520576621315,73.57556996804111,2.2035610233073175,14.353492067297651,55.13903675367499,0,2026-09-07 10:52:32
2026-09-06 16:46:00,CNC-02,M,299.4378012792901,313.6608775756541,1707.9266277473478,39.2558025869483,112.0750371481816,2.4645412724507305,12.57625359597434,47.499184228110146,0,2026-09-07 10:52:32
2026-09-06 15:55:00,CNC-02,M,,313.12673177469196,1770.4292631553892,40.08885311601061,38.34166284420492,2.380952315706813,13.37320213021846,52.6411123272401,0,2026-09-07 10:52:32
2026-09-06 11:58:00,CNC-01,L,296.6369485951978,311.6245180231612,1452.9623052466834,52.63320802232505,145.92196443687646,2.407019824148453,14.676699493024138,56.55340819318395,0,2026-09-07 10:52:32
2026-09-07 03:39:00,CNC-03,H,297.7757632799783,311.2205406173175,2323.755461473885,25.982107220758756,98.5030613509347,2.8599059864544563,11.17488948129507,51.79644452731078,0,2026-09-07 10:52:32
2026-09-07 03:33:00,CNC-01,L,296.97684176167076,308.73577257031246,2518.8433731509654,16.20040920988382,17.316393384432736,3.086022444180417,7.639955154337542,54.9757024287852,0,2026-09-07 10:52:32
2026-09-06 20:36:00,CNC-03,H,26.898125866857015,39.37703849760129,2437.9279643044556,19.075811337914356,123.59371471264551,3.1310579083792276,8.723987648652306,52.05245542986218,0,2026-09-07 10:52:32
2026-09-06 22:29:00,CNC-02,M,299.03669687588877,310.98390518517624,2672.483872770859,16.173552331179312,58.20755746408362,3.178239259853199,8.066936589179841,56.98949910189161,0,2026-09-07 10:52:32
2026-09-06 21:24:00,CNC-02,M,305.14733829120195,313.6265060040245,2294.1473615606883,28.102446657805103,243.53405719532785,4.095417788342779,12.067209431726551,39.103285836184384,0,2026-09-07 10:52:32
2026-09-07 04:32:00,CNC-02,M,295.9949426083009,311.2931315585971,2322.600305602204,30.914447262888576,219.11957878122504,3.758977516044454,13.239843689890636,65.43799635101585,0,2026-09-07 10:52:32
2026-09-07 05:51:00,CNC-03,H,297.17196269624395,310.99177597995293,1889.5462004091883,37.32741197389733,23.51580556417913,2.5566825967821023,13.154976825041492,58.86301618783153,0,2026-09-07 10:52:32
2026-09-06 13:36:00,CNC-01,L,24.369473523651266,38.43444604464537,1424.0244367231285,50.192015652362855,61.61195774706099,2.1012408009364436,13.362026720973683,61.14445468873689,0,2026-09-07 10:52:32
2026-09-07 04:12:00,CNC-01,L,296.2186216338491,309.3993491387955,2319.1522083750256,26.249512890894902,63.79520569024348,2.9030811334538713,11.090187227969302,59.11563660839094,0,2026-09-07 10:52:32
2026-09-06 15:42:00,CNC-01,L,298.47168699275255,312.2996344566997,1602.2908703447363,42.576929628155845,49.60105174901744,2.1620333639632205,12.552271945843325,50.47013491591394,0,2026-09-07 10:52:32
2026-09-06 23:01:12,CNC-02,M,299.1770914366975,310.9779378087719,2680.451404250359,13.279929446523845,92.77842997153965,3.1886972265993463,6.791159302815091,50.679723875991726,0,2026-09-07 10:52:32
2026-09-07 07:42:00,CNC-02,M,295.5488596978224,310.1159397014983,1859.2687813083282,39.78307767541149,15.889269311965453,2.5826256677258934,13.876367772542514,63.549066631357746,0,2026-09-07 10:52:32
2026-09-06 19:17:00,CNC-03,H,300.54213898936183,313.34968038699907,2314.5191704373883,24.529259784190835,29.01292603824468,2.872667479783418,10.574090792741446,49.685274767216136,0,2026-09-07 10:52:32
2026-09-07 09:33:00,CNC-02,M,295.5540177801634,310.94402615138574,1609.5613079549314,46.85217385866814,182.2558610832689,2.697306964017192,14.128593221134778,58.81723420275967,0,2026-09-07 10:52:32
2026-09-07 09:27:00,CNC-02,M,295.5006982805205,310.25879774506296,1478.83432950145,48.042534682049826,173.08997976765113,2.565694256771822,13.044849715074099,61.19244006628207,0,2026-09-07 10:52:32
2026-09-07 08:44:00,CNC-03,H,296.84215373254466,310.14256192287286,1664.906689087862,37.86688173833588,50.421233358153124,2.340787892515354,11.619462070335377,55.34273530115475,0,2026-09-07 10:52:32
2026-09-07 03:01:00,CNC-01,L,296.9727496198694,311.2360967890878,2480.392522551466,27.379225178644802,208.42329777543202,3.944022298022806,12.849851049909477,57.809948600353195,0,2026-09-07 10:52:32
2026-09-06 20:28:00,CNC-02,M,31.935210520539215,40.27254351280891,2436.4939310851964,26.723603207742283,179.59543860530118,3.40215383762859,12.094898662522338,47.28560816508212,0,2026-09-07 10:52:32
2026-09-06 13:13:00,CNC-01,L,24.32557847118335,37.8155712954034,1292.1795357364776,51.89469782564879,25.28529842892905,1.9948837475963115,12.607753064085472,54.51867378284313,0,2026-09-07 10:52:32
2026-09-07 09:06:00,CNC-01,L,294.85035233721686,308.6061737545347,1412.139336133519,48.97207895159889,61.89433537219061,2.062616052131278,12.991509200656491,63.57853488780196,0,2026-09-07 10:52:32
2026-09-06 22:13:00,CNC-02,M,299.2800437646121,312.1800664340876,2588.800857239412,20.103717038454445,40.67402556628725,3.1545740164850185,9.739298920237424,51.16709524589957,0,2026-09-07 10:52:32
2026-09-07 06:35:00,CNC-01,L,295.3003815681651,309.1417026414773,1796.9152763607456,38.846848509855654,,2.323304348011428,13.220861974446573,55.98829941675348,0,2026-09-07 10:52:32
2026-09-07 07:04:00,CNC-03,H,296.71064068943974,311.60571903940496,1770.7928589689095,44.55737720206391,122.6849095481854,2.440601577740762,14.866825647842012,55.52216624887466,0,2026-09-07 10:52:32
2026-09-07 09:40:00,CNC-01,L,294.6401100556605,308.794248113742,1468.7218744518466,47.26787327416625,114.60023773766964,2.3713493961078034,12.896216039961562,58.01210746532721,0,2026-09-07 10:52:32
2026-09-06 13:50:00,CNC-02,M,297.8875054473548,312.09454506260073,1427.4496854420786,52.24283432771152,59.4477480600363,2.0555555862670842,13.96266191215697,46.04465390380437,0,2026-09-07 10:52:32
2026-09-07 07:05:00,CNC-03,H,296.7125062279405,311.88235910992745,1792.0642601143843,44.73334393394648,124.10068365721227,2.571763750888049,15.040621797176746,60.182985756099576,0,2026-09-07 10:52:32
2026-09-06 15:54:00,CNC-01,L,298.6966622720448,312.91295713422,1678.0019239776452,42.58055768524176,67.45317081071451,2.2927048131710035,13.374931588268879,54.76237783772802,0,2026-09-07 10:52:32
2026-09-06 15:29:00,CNC-01,L,298.62956944586904,312.7408427755869,1658.9695718567957,43.54684930658943,30.15674441156573,,13.491656791466268,55.036641517627544,0,2026-09-07 10:52:32
2026-09-06 14:27:00,CNC-03,H,298.9038026077174,313.7616387732397,1578.8090787044634,49.163471878031295,120.70694824794133,2.2901279805943853,14.27271169421363,0.0,0,2026-09-07 10:52:32
2026-09-07 03:06:00,CNC-01,L,296.7404761428281,310.80566268116434,2478.3806878040036,24.56285256691182,214.1618621453771,4.014500510010261,11.32651625391973,56.852183726650274,0,2026-09-07 10:52:32
2026-09-06 13:16:00,CNC-01,L,24.06570627763449,38.08699588808639,1399.2421196071143,49.90087034138132,30.02428011624191,2.026968900458589,12.926006632168185,56.05584684848092,0,2026-09-07 10:52:32
2026-09-06 20:08:00,CNC-02,M,26.6316568465503,40.80395330263002,2444.76285353624,25.524627382324667,156.1931429153107,3.2514210085991917,11.391616338134758,52.903446891549905,0,2026-09-07 10:52:32
2026-09-06 15:46:00,CNC-01,L,298.5689640084839,312.4388034084909,1527.5242085335763,45.430472430538636,55.637375172233135,2.224036166300203,,54.75778872556663,0,2026-09-07 10:52:32
2026-09-06 13:46:00,CNC-03,H,298.43510891922995,312.10461656418033,1427.0777923057574,48.245034517099775,56.71348244066336,21.57926559659802,12.963015767575131,51.29064592171932,0,2026-09-07 10:52:32
2026-09-07 02:08:00,CNC-03,H,299.029623043397,312.34644420405544,2701.726707070497,20.311079878958914,223.991512932562,3.9024576787115985,10.306227475955145,50.662643770172096,0,2026-09-07 10:52:32
2026-09-06 23:22:00,CNC-02,M,299.10084101477696,312.4660023618721,2578.384561977662,21.409273852165448,115.1568131641412,3.3343040622166327,10.323104289993267,52.28156148822896,0,2026-09-07 10:52:32
2026-09-06 17:52:00,CNC-03,H,300.17980237732206,314.12119832945694,2169.051040535589,28.65797865924364,186.87974239032292,3.1715185707570006,11.470245150541377,48.47358790034711,0,2026-09-07 10:52:32
2026-09-06 11:54:00,CNC-01,L,296.9352950377203,311.50564566786755,1416.9574196674241,51.82193288482641,139.6387885655507,2.3285118622811027,13.75273589634466,58.20366765797944,0,2026-09-07 10:52:32
2026-09-06 19:47:00,CNC-03,H,300.27510492834926,313.5076114656459,2246.894443822504,28.357585222837837,65.75550696913247,2.678172692612848,11.751249672864539,50.80214228806875,0,2026-09-07 10:52:32
2026-09-07 04:49:00,CNC-01,L,295.9586024637758,309.85703257236014,2339.193823754788,28.944871128734952,109.37568311727752,3.0826966750834215,12.566522800042435,59.69170568603603,0,2026-09-07 10:52:32
2026-09-06 22:38:00,CNC-02,M,298.9771579372555,311.75042180898026,2597.77120400237,20.495639016753003,68.05997785883534,3.20102110231571,10.063389064852858,55.303863539151365,0,2026-09-07 10:52:32
2026-09-06 19:49:00,CNC-03,H,300.3224678201058,313.52070067100925,2383.9646134319864,25.35305170437904,68.11399971253486,3.072839924591995,11.196663674300869,52.93051480979255,0,2026-09-07 10:52:32
2026-09-07 00:15:00,CNC-02,M,,5854.503283984664,2705.436067400988,17.260681160339857,171.7190282137267,3.60095968376083,8.801592850129586,53.783414094178205,0,2026-09-07 10:52:32
2026-09-07 00:31:00,CNC-03,H,299.8273224439972,311.91420612730957,2657.879952859626,15.390446312010445,119.34242862408051,3.3032677752657134,283.44817616749657,54.28653311764275,0,2026-09-07 10:52:32
2026-09-07 05:09:00,CNC-03,H,297.2214194304996,311.9258518351436,2291.4876725000695,30.130050860280654,208.70265016923173,3.4583007289651233,13.062389490396088,58.03285745166105,0,2026-09-07 10:52:32
2026-09-06 23:53:00,CNC-02,M,298.80491226719033,311.37663362049136,2743.5063654011283,16.264025421566703,148.13752629890087,3.5456793581776904,8.12094837003315,55.866219222605885,0,2026-09-07 10:52:32
2026-09-06 20:27:00,CNC-02,M,31.963862412983985,40.28819585438828,2532.125613331823,26.454109255392485,178.41376141729157,3.401068640762725,12.473257465819554,48.32299536441411,0,2026-09-07 10:52:32
2026-09-06 18:39:00,CNC-03,H,306.16494770496934,315.4538241846957,2105.5911973776156,36.30453184552251,248.48047818627066,36.10820826811445,14.07673225262537,44.97020756128323,0,2026-09-07 10:52:32
2026-09-07 09:24:00,CNC-02,M,295.0531092026465,309.8865501350927,1509.2548434823675,47.87554872161214,168.48258141716443,2.473578975364785,13.477615286939587,59.67061111560682,0,2026-09-07 10:52:32
2026-09-07 03:42:00,CNC-03,H,297.8420621895801,311.7337403358055,2365.9635184195345,27.52525068150198,102.06983239399014,2.9804599266446834,12.205720048835564,56.7972162143653,0,2026-09-07 10:52:32
2026-09-06 12:06:00,CNC-02,M,296.8731187724337,311.41906990932387,1357.8730652118206,51.888760831120564,136.60201590906806,2.2732221117801976,13.058869419605804,57.16695177641613,0,2026-09-07 10:52:32
2026-09-06 13:39:00,CNC-02,M,24.477496441601033,38.642533603842935,1430.2240223081612,51.20064396846376,42.31774958343653,2.09915858204176,13.64431401077553,55.874910321507826,0,2026-09-07 10:52:32
2026-09-06 20:31:00,CNC-01,L,26.695104868351848,40.85551090352027,2496.125604563347,25.90767994732854,213.7327852700308,3.954682599067584,,53.281699229343616,0,2026-09-07 10:52:32
2026-09-07 02:10:00,CNC-02,M,297.31920411969446,310.213033048135,2710.1295561798424,19.6323488670647,54.13890205173961,3.2031723097631852,9.977105439876851,56.991146815557606,0,2026-09-07 10:52:32
2026-09-07 03:26:00,CNC-02,M,296.7541226108691,310.0251869591666,2379.6251349482213,23.548029633537414,140.26134711699905,3.2613809951417707,10.154111371514611,60.113264695636765,0,2026-09-07 10:52:32
2026-09-06 11:05:00,CNC-03,H,296.67123003710833,310.8811383258213,1430.7454164771757,52.4771489305523,49.04101693209716,2.0792689202553367,13.880823713572136,60.19862917290588,0,2026-09-07 10:52:32
2026-09-06 23:05:00,CNC-01,L,298.75116810944525,311.360651732714,2642.5052756851774,18.12547698190161,150.23890847640976,3.492456650798625,9.036168465839564,53.73783553469496,0,2026-09-07 10:52:32
2026-09-06 14:37:00,CNC-01,L,297.77840964078996,312.5717195268219,1500.970204042609,48.74653533989512,156.31324210665653,2.58469934957458,13.82087849968076,54.71978879018308,0,2026-09-07 10:52:32
2026-09-07 02:15:00,CNC-01,L,297.43468278006713,309.98170804220905,2868.4788298335843,15.157863466079586,157.0719547379322,3.7031071823863164,8.191408567450665,55.30701138372692,0,2026-09-07 10:52:32
2026-09-06 21:01:00,CNC-01,L,26.16488177988458,37.60549335230979,2650.9499131035045,15.318114646458033,13.808729006603059,3.1819301618754783,7.583700785254372,56.72132833622909,0,2026-09-07 10:52:32
2026-09-07 07:21:00,CNC-03,H,296.69494942802623,311.0275009060249,1811.2406508148015,40.52735345192574,146.71271279500502,2.671334559724813,13.88408963510666,56.16656617522315,0,2026-09-07 10:52:32
2026-09-06 15:53:00,CNC-02,M,299.00397026610733,313.10461159755806,1794.0890601630185,41.876207652143165,35.386223684697036,2.4161396266029893,14.331363506236283,54.4672463189333,0,2026-09-07 10:52:32
2026-09-06 13:25:00,CNC-02,M,24.221504017206257,37.38668397109245,1299.2548911598315,47.527359494296824,20.380089856306114,2.0019561576321836,11.55800751924797,59.49348027914894,0,2026-09-07 10:52:32
2026-09-07 07:19:00,CNC-02,M,295.56909972572294,310.86543102680133,1657.6819336868145,43.92177319296523,213.96323687577626,3.024735154246095,13.809362634150892,56.79606773773177,0,2026-09-07 10:52:32
2026-09-06 13:37:00,CNC-03,H,25.373165019586736,39.34821808359197,1444.2119440891852,49.94523539388131,42.5386802352375,2.120077467965561,13.129247765575112,52.91920987016857,0,2026-09-07 10:52:32
2026-09-07 00:17:35,CNC-03,H,299.76696760259983,311.5648577471194,2667.3277496414935,14.384233591020589,105.42693835922621,3.4588460563938748,7.2643946298490425,49.62380972931357,0,2026-09-07 10:52:32
2026-09-06 14:47:00,CNC-02,M,298.4528509740091,312.9312569113976,1491.2463157504944,47.994921860368,147.56746139441447,2.3612620780414795,13.340475367931452,54.04283127823938,0,2026-09-07 10:52:32
2026-09-06 19:51:00,CNC-03,H,300.0677617590024,313.0870647855344,2458.986561348337,23.304658909606587,70.4163741817514,3.063337795488476,10.39806065460508,51.993157691268884,0,2026-09-07 10:52:32
2026-09-06 23:06:00,CNC-03,H,299.93587857669115,311.10541539915147,2749.2693861353546,12.376726038295049,28.933624013043683,3.2444730135692543,6.3169086176404265,53.61708624445678,0,2026-09-07 10:52:32
2026-09-06 19:22:00,CNC-01,L,299.7231781548455,312.8940880073281,,25.06465179218664,130.9583702897594,2.997893195923004,,51.89687890169156,0,2026-09-07 10:52:32
2026-09-07 06:55:00,CNC-01,L,295.5976496770558,309.3388002511193,1916.0320949682823,35.61352505862744,68.39182108194706,2.561310671613866,12.638514985553819,59.006818358970136,0,2026-09-07 10:52:32
2026-09-07 05:00:00,CNC-03,H,297.31137251822463,312.5655007958611,2179.44504218483,37.76283304058113,197.29073575842077,,15.241293706067571,60.160428006537344,0,2026-09-07 10:52:32
2026-09-06 11:29:00,CNC-01,L,296.87925799596223,311.2055451276902,1372.8001617848158,52.53585188466812,100.08660101988751,2.1101195558553236,13.349919067456472,57.6528063683732,0,2026-09-07 10:52:32
2026-09-07 00:55:00,CNC-01,L,297.8755633384106,308.9124834667157,2761.1511630546447,10.218435616083973,70.47342112219476,3.4066424472424663,5.178557752253127,55.243154897898705,1,2026-09-07 10:52:32
2026-09-07 09:21:00,CNC-03,H,296.68158203180315,310.74363774724685,1586.9628706042772,45.82470337829463,106.8007324917545,2.1665974721827497,13.543847872141685,56.21439103263662,0,2026-09-07 10:52:32
2026-09-06 19:21:00,CNC-03,H,300.8121236305146,313.78399509519306,2295.069295043813,24.116623142480393,33.96145178115819,2.9067795422529863,10.354749616989404,54.07091960990693,0,2026-09-07 10:52:32
2026-09-06 18:15:23,CNC-03,H,300.27203930367483,315.51910745247125,2137.3596499408277,36.58223702421419,216.24727227079958,3.287987260863263,14.77439707622116,51.1764071555479,0,2026-09-07 10:52:32
2026-09-06 22:22:00,CNC-02,M,299.081791745863,311.5253189395008,2622.443843135714,19.76732494925523,50.467630577688624,3.14977424383926,9.66282737733514,51.48106326205117,0,2026-09-07 10:52:32
2026-09-06 14:13:00,CNC-02,M,297.7867878037489,312.41427165634605,1505.006195374139,50.88479705307196,95.3027900227076,2.1258896157584384,14.130191586589438,55.406918010750935,0,2026-09-07 10:52:32
2026-09-06 13:55:00,CNC-02,M,297.7651261581874,311.516889332895,1373.3057782349904,49.33890770248027,67.26648803993567,2.0592506467426848,12.797570887789076,56.25581358285701,0,2026-09-07 10:52:32
2026-09-06 11:41:00,CNC-02,M,296.765895920876,310.83402710042867,1353.3149457586157,52.00345871882795,97.06395023185671,2.0234411097069422,13.318232784728211,53.35671731988309,0,2026-09-07 10:52:32
2026-09-07 00:43:00,CNC-03,H,299.8292042036897,312.0538227820551,2663.894563795717,15.904068092754487,131.98382409015616,3.350608895567595,7.78583553330262,54.17394116866985,0,2026-09-07 10:52:32
2026-09-06 21:40:00,CNC-03,H,300.0232163754159,313.39686401523545,2598.724254319908,21.25691476937174,195.92553351215017,3.598110988244978,10.356714746382332,52.04499602286037,0,2026-09-07 10:52:32
2026-09-07 02:56:00,CNC-03,H,297.99063176501176,310.3994373336629,2578.6889377253246,20.074134789848607,49.099352677157846,3.1636347662171125,9.954193188379438,54.19301973241671,0,2026-09-07 10:52:32
2026-09-06 19:08:00,CNC-02,M,299.5073574463956,312.7581079112737,2331.6888073042965,24.310635426526034,83.11454001394183,2.807535578001256,10.785174685713578,51.08771185535373,0,2026-09-07 10:52:32
2026-09-06 21:26:00,CNC-01,L,299.12091193769083,311.15791132957503,2637.2783767090186,17.50811901127919,42.14453751121978,3.2276258147978303,8.581913898463803,51.88168677132137,0,2026-09-07 10:52:32
2026-09-06 13:21:00,CNC-02,M,24.388171230694127,38.10083952898617,1478.0850099985678,45.200021653091845,14.13060269438332,2.0893689601421643,12.64613142423163,57.22210720876158,0,2026-09-07 10:52:32
2026-09-06 13:56:00,CNC-03,H,298.5346855059191,313.0719858841544,1368.66497599338,54.47512143102952,72.3900973425393,2.048031172971045,13.863050542253303,52.12114535242745,0,2026-09-07 10:52:32
2026-09-06 18:51:00,CNC-03,H,306.0294235673062,314.3094412586186,2126.371244456979,29.519240333148936,263.97208091830294,3.943278908249639,11.612571114077008,37.04841140431324,0,2026-09-07 10:52:32
2026-09-07 04:27:00,CNC-03,H,297.61092353040067,311.40075412776054,2321.0844575927767,27.370624015442218,156.41963873615146,3.058079325426329,11.915045842282542,56.334686759690534,0,2026-09-07 10:52:32
2026-09-06 17:00:00,CNC-01,L,299.3884182468822,314.0201128072875,1914.8598850459332,38.1330267740143,161.83600879222556,2.8964114974596917,13.495067021256686,51.23769963583176,0,2026-09-07 10:52:32
2026-09-06 14:55:00,CNC-02,M,298.6886582380401,313.2534683373616,1470.4006535543565,48.32858853466153,159.8908875933737,2.504586230550402,13.200263519899215,55.158300100283896,0,2026-09-07 10:52:32
2026-09-07 00:20:00,CNC-03,H,299.7523467681482,312.5218341611902,2683.7587788040396,19.365204992109177,107.59806348404918,3.292634421401368,9.788931866893837,50.98877843849175,0,2026-09-07 10:52:32
2026-09-06 14:05:00,CNC-01,L,297.7529207942932,312.4405347362612,1505.2037526191455,51.70755253089695,106.77398463761126,2.3204348599637887,14.889799137882386,54.94983164335214,0,2026-09-07 10:52:32
2026-09-06 10:53:00,CNC-01,L,296.64312435379696,5836.950361972953,1394.6889266305554,49.03924778500243,43.13836727196847,2.0944045886075124,12.825153837013056,54.97542662012086,0,2026-09-07 10:52:32
2026-09-06 11:54:00,CNC-02,M,296.9303560580192,311.2409084328761,1530.8508855479129,46.41812149932573,117.59677153858003,2.36966506572637,13.163579679224803,59.456585593964974,0,2026-09-07 10:52:32
2026-09-06 13:36:00,CNC-02,M,24.62034405411157,38.567756750361696,1379.0777579870976,50.56069062638137,37.63434482132997,2.07353630026723,13.35566234576865,56.40395869770762,0,2026-09-07 10:52:32
2026-09-06 20:04:00,CNC-01,L,299.5776458777536,314.0340295573175,2475.380439904857,27.722539731882776,181.99775238830549,3.6135016893659295,12.604850043245035,53.03492558499567,0,2026-09-07 10:52:32
2026-09-07 06:46:00,CNC-03,H,297.2751732998514,311.0791948156801,2031.5174323504857,32.32132274819981,97.74410979582655,2.716713712074307,12.368760083779973,57.84679393762169,0,2026-09-07 10:52:32
2026-09-06 14:10:00,CNC-01,L,297.663514985883,311.70227054818946,1480.1213952716532,46.20049145902931,114.62229515889116,2.430973999815598,12.840568036395442,55.85870446220867,0,2026-09-07 10:52:32
2026-09-07 01:39:00,CNC-01,L,297.63940349768393,309.4136240317385,2721.67861961474,13.365315910137335,117.8303229119443,3.3935817351318396,6.917331197220389,53.12843720301684,0,2026-09-07 10:52:32
2026-09-07 08:46:00,CNC-01,L,294.78110641339447,308.7939406784658,1695.0012129459071,42.48319496783521,31.47705096784954,2.4401394628853246,13.485784626090723,61.00089730197223,0,2026-09-07 10:52:32
2026-09-06 17:03:00,CNC-01,L,299.2578902012297,314.15074846224195,2019.793239472905,37.644340892670435,166.0100611606477,2.9871852148957063,14.409143152992137,51.83171621131872,0,2026-09-07 10:52:32
2026-09-07 00:38:00,CNC-03,H,299.5008167382745,311.7161104727571,2743.7463329250004,16.859232172874393,126.69719277289084,3.3674703226331912,8.734495831112211,55.30897779459602,0,2026-09-07 10:52:32
2026-09-07 09:52:00,CNC-02,M,295.42362508745015,310.6487822833181,1541.1635027381885,47.88399939973683,211.8736947918453,3.0013221683539064,13.901253078378586,59.537111443802125,0,2026-09-07 10:52:32
2026-09-07 00:22:00,CNC-03,H,299.6021706719315,311.61887665461745,2732.016663964941,15.023489020692875,109.7082770931099,3.270381834225878,7.651226137369443,47.86885624694694,0,2026-09-07 10:52:32
2026-09-07 06:12:00,CNC-02,M,295.636505768518,309.2560456266485,1897.8553267319587,30.019107292973256,121.26955797731466,2.706207125591253,10.912750377873708,59.75815751315956,0,2026-09-07 10:52:32
2026-09-07 09:20:00,CNC-02,M,295.1955205617799,310.02686689321024,1503.0007675431532,48.69115336368984,162.44488202338215,2.536746263683594,13.829998770588523,60.38903447195821,0,2026-09-07 10:52:32
2026-09-07 03:34:00,CNC-03,H,297.78765748029895,310.5291404965337,2416.442374755269,21.779203927537083,92.6987057205101,3.124934184296457,9.941376810847757,56.62133871744744,0,2026-09-07 10:52:32
2026-09-07 10:08:00,CNC-01,L,294.6416296182323,309.4013630953419,1493.6192073676098,48.173242814709155,158.1082555975838,2.4793263753688195,13.490941329969916,55.630279401922394,0,2026-09-07 10:52:32
2026-09-07 02:48:00,CNC-03,H,298.4306574219552,311.05336819579213,2688.6458361302275,18.18006975548114,39.93600400645993,3.2213817650724788,9.043533992118217,55.69580090726539,0,2026-09-07 10:52:32
2026-09-07 00:33:00,CNC-02,M,298.29545328461023,311.6232995785486,2771.9097363570227,19.25886082726329,190.77241206007693,3.8520446240246944,9.792354259766546,50.65400271614762,0,2026-09-07 10:52:32
2026-09-07 08:42:00,CNC-01,L,295.0632073082639,309.18124426901454,1683.1932486517217,43.40734543914624,25.465604075413154,2.29692688299719,13.32725692768206,59.54219321118443,0,2026-09-07 10:52:32
2026-09-07 01:10:51,CNC-01,L,297.7650812143408,308.672592171173,2752.6025809632174,10.47476443926492,86.65089734670597,3.3023921918913044,5.212268687854983,55.14554675364808,1,2026-09-07 10:52:32
2026-09-06 21:50:00,CNC-02,M,299.56902560807345,311.0044853305994,2642.002747647931,13.18155362724979,15.524745234868842,2.998530050760906,6.35119661103002,49.2897625704835,0,2026-09-07 10:52:32
2026-09-06 19:06:00,CNC-02,M,299.5645325297614,312.75899006239916,2145.926630563466,27.195515015575943,80.62036828266423,2.8674291881827285,10.754043267025311,50.0703453623714,0,2026-09-07 10:52:32
2026-09-06 19:03:00,CNC-02,M,299.616554636062,312.98437654349306,2222.311544768595,27.84054638362222,76.7864988056666,2.801414093774028,11.421586274959585,53.66633679821033,0,2026-09-07 10:52:32
2026-09-07 05:19:00,CNC-02,M,295.8238629149948,310.0903139303418,2023.2943218972314,34.84774516026055,51.62476736272608,2.624690617718973,13.187167896356149,56.73657785161665,0,2026-09-07 10:52:32
2026-09-07 09:05:00,CNC-02,M,295.4783775776497,310.329530679643,1501.83257640333,49.5589168976761,139.46830907790107,2.3339109406645915,14.22690392194244,59.309703222616484,0,2026-09-07 10:52:32
2026-09-06 15:26:15,CNC-01,L,298.3365986876039,311.9514264654424,1629.072588102337,42.16923991829524,24.133925435503645,2.324793081340175,12.923319302424822,56.3172385524314,0,2026-09-07 10:52:32
2026-09-06 13:55:00,CNC-03,H,298.71220765346305,312.9008463984665,1426.5323993977863,51.89150440988234,70.79578854806925,2.1537675394278972,14.01738952595156,57.93826246958001,0,2026-09-07 10:52:32
2026-09-06 14:11:00,CNC-02,M,297.64883844688495,312.29113470273967,1590.251572849695,48.435778707528335,92.21293668804307,2.32404784581603,14.382567194293529,51.58682068422175,0,2026-09-07 10:52:32
2026-09-07 08:57:42,CNC-01,L,294.9756575188037,308.72614143311375,1552.7176560868384,43.43028223914913,48.115972032657105,2.2972842003398815,12.86194035806014,58.338697175033104,0,2026-09-07 10:52:32
2026-09-07 00:49:00,CNC-01,L,297.9092243764787,310.49947039686276,2584.468032288451,20.231252862612216,64.1818959170244,3.200091707624259,9.826001029681683,54.71455801255129,0,2026-09-07 10:52:32
2026-09-06 22:01:00,CNC-03,H,300.0178632494363,313.56033803182686,2831.6644417068933,19.903167323136664,218.98236762465027,4.162676759579887,10.301411210353415,55.62441084248564,0,2026-09-07 10:52:32
2026-09-07 07:40:00,CNC-02,M,295.24189106533953,309.2293801871554,1637.8330028624548,41.854852867847086,12.960201348228162,2.303131226004362,12.802840347758504,63.469521851384876,0,2026-09-07 10:52:32
2026-09-06 10:56:00,CNC-02,M,296.5329975180246,310.53295533973375,1454.9273583674076,48.5817336883105,25.743894596463146,2.1944838581533337,12.974454747053215,58.78825898760013,0,2026-09-07 10:52:32
2026-09-07 10:21:00,CNC-03,H,296.92373260708257,312.1765172263104,1393.840991493834,55.85474307244492,200.10846148967363,2.4779768713794352,14.806257416399918,58.817955661677885,0,2026-09-07 10:52:32
2026-09-07 10:28:00,CNC-02,M,295.40791071037313,309.6185136827455,1356.9653548137055,51.26648922959076,28.333072771087256,2.0179005756823876,,56.40522520402905,0,2026-09-07 10:52:32
2026-09-07 09:50:00,CNC-01,L,294.8680227269525,309.12810730871234,1462.3460234093648,48.481220824874754,130.12813299023517,2.1954055546162143,13.233674768880235,60.12297010733715,0,2026-09-07 10:52:32
2026-09-07 09:42:00,CNC-03,H,296.8067895740174,311.26718950547433,1506.5863513214779,47.52321110789967,139.23754004846796,2.394796491605103,13.430124507389305,56.760832177431176,0,2026-09-07 10:52:32
2026-09-07 07:27:00,CNC-01,L,295.46096673501603,309.88217640556553,1702.4174372830641,43.807534371965126,113.79107463344648,2.3819442988828023,14.170357164177506,62.81312639465852,0,2026-09-07 10:52:32
2026-09-07 05:30:00,CNC-03,H,297.00947745393654,311.80397355679025,1961.6462637712004,35.40866628505891,235.97045983561216,3.3616525413799483,12.890433029020041,55.49999719069656,0,2026-09-07 10:52:32
2026-09-06 16:39:00,CNC-03,H,299.79336772964376,313.8854528623531,1865.5873922363198,37.05086771175516,86.00855914074995,2.524232135312611,13.063974520844189,52.56902241270974,0,2026-09-07 10:52:32
2026-09-06 19:55:00,CNC-02,M,299.7044825184644,313.40650963313624,2430.338939404142,24.43422272146613,140.72015868328353,3.1142661724132776,10.98158873893533,50.456225025071404,0,2026-09-07 10:52:32
2026-09-06 23:50:00,CNC-03,H,299.70897775529266,311.61753607034814,2837.206199245128,14.220306615161336,75.65768706699383,3.2899113597933174,7.480639986446984,52.214635431366084,0,2026-09-07 10:52:32
2026-09-06 16:01:00,CNC-01,L,298.54632363237585,311.93762818874757,1742.6460472792749,35.698748800901114,77.55852053441065,2.37726106753434,11.35732744855179,53.82974442794428,0,2026-09-07 10:52:32
2026-09-07 09:28:00,CNC-02,M,295.4676838626441,310.63974940792536,1639.4688153317456,45.74794296233759,174.60365697599107,2.6626508331380805,14.10211016544104,60.90371990515894,0,2026-09-07 10:52:32
2026-09-06 20:49:00,CNC-02,M,31.8526941746112,39.33399260612538,2442.7855744293815,21.110620688797724,203.70868168276806,3.6662115715233963,9.778224926317469,39.462189081931236,0,2026-09-07 10:52:32
2026-09-07 07:22:00,CNC-02,M,295.6174864025348,310.4254744137043,1690.5517937041307,41.21103097703113,218.23663329330736,3.1638392731123925,13.148124413389834,58.92966447732839,0,2026-09-07 10:52:32
2026-09-07 06:31:00,CNC-02,M,296.0871833255078,311.0404747245439,1954.703387282338,38.29096978180295,146.98156092654747,2.7709683315361326,14.507863029247762,56.38376421379168,0,2026-09-07 10:52:32
2026-09-07 08:39:00,CNC-03,H,296.8052892949054,310.8066159778429,1837.3932204761545,39.203177400887256,42.87254417339384,2.4760708646383187,13.558274662763557,53.47589278463979,0,2026-09-07 10:52:32
2026-09-07 08:23:00,CNC-03,H,296.86478686198086,,1659.4803712043285,41.34998532568656,19.18457958579542,2.3844147282026142,12.72646946510517,54.97179272896325,0,2026-09-07 10:52:32
2026-09-06 13:39:00,CNC-03,H,25.081254028372484,38.60306242464071,1500.8514923872524,43.12154933635924,45.678766944062005,2.1617375018227714,12.272095663899384,52.12592843217519,0,2026-09-07 10:52:32
2026-09-07 09:39:00,CNC-02,M,295.18865230637255,310.5403250766423,1470.0258223396854,52.41640941107016,191.5704723634039,2.6832337355980527,14.316975365305819,60.29631743994346,0,2026-09-07 10:52:32
2026-09-06 14:34:00,CNC-01,L,297.93749962632245,312.818447528943,1619.5047820635466,47.7907416788535,151.74056183334017,2.630165368328463,14.524550811948526,57.94822189188816,0,2026-09-07 10:52:32
2026-09-06 19:28:00,CNC-02,M,299.73274168283297,314.02139675909945,2224.05678171553,31.005382228182597,107.90019328718472,2.8471355195252737,12.936367358571118,55.67661164471919,0,2026-09-07 10:52:32
2026-09-07 05:29:00,CNC-01,L,295.50684897426606,309.53990404914924,2194.5214783691117,29.52192103694729,160.46114244380192,3.1031234654869437,11.916944876741043,57.579506473238084,0,2026-09-07 10:52:32
2026-09-06 23:55:00,CNC-02,M,298.75295893258607,311.29027729954294,2826.096629652328,14.689365612886194,150.27751780379262,3.5633091496205287,7.581009051636168,52.94675974163459,0,2026-09-07 10:52:32
2026-09-07 01:36:00,CNC-02,M,297.4190551142078,308.82984377211153,2664.94361559128,13.270203784599618,17.09675722024118,3.2627393531653666,6.505811926152671,54.80471532489214,0,2026-09-07 10:52:32
2026-09-06 20:15:00,CNC-03,H,27.513342414691977,40.99978126647062,2459.758802246198,24.797237045956663,99.18121470457908,3.129050056937287,11.401827690879,51.088228777346515,0,2026-09-07 10:52:32
2026-09-07 00:28:00,CNC-01,L,298.1145878633119,309.8799121383784,2750.0426132280845,15.122656957603304,41.580452673036746,3.2434415672921553,7.863999700932974,56.06992489921397,0,2026-09-07 10:52:32
2026-09-06 11:50:00,CNC-02,M,296.8472459274002,311.5636111732012,1432.0759504044686,53.65780056476006,111.2782928332352,2.1523445400738934,14.56106723580955,52.46346279820656,0,2026-09-07 10:52:32
2026-09-07 06:33:00,CNC-01,L,295.609854072864,309.41480849930895,1921.970473750087,35.744554986185555,37.77142934010971,2.4991270170532007,12.54828612700274,55.53006550791279,0,2026-09-07 10:52:32
2026-09-07 03:40:00,CNC-01,L,296.45038019454904,309.1829690090389,2339.907825898751,22.76719205267041,25.48275936153064,2.87970969861173,10.154676391759958,58.32434621693754,0,2026-09-07 10:52:32
2026-09-06 15:27:00,CNC-02,M,298.9228398521755,313.5592641049351,1547.2832686001802,45.633883440384295,208.244611067734,2.874821426518481,13.04174235717025,51.140301032352845,0,2026-09-07 10:52:32
2026-09-06 22:05:00,CNC-02,M,299.28300386184026,311.64891993596103,2548.8544380024478,18.836064997124875,31.928937680638857,3.0796627851580767,8.993259117471757,53.007193558542745,0,2026-09-07 10:52:32
2026-09-07 09:32:00,CNC-03,H,296.7597111027519,311.2463532951119,1444.1839912513074,50.040698249684986,123.71940415219977,2.1891965075367716,13.38088366916687,53.772707337383466,0,2026-09-07 10:52:32
2026-09-06 20:10:00,CNC-03,H,27.348019893170772,40.93544439613339,2391.1396287969073,26.290756165982856,93.286818289959,2.9953133697828744,11.749571610541595,50.436237335690706,0,2026-09-07 10:52:32
2026-09-07 09:58:00,CNC-03,H,296.9208870777012,311.91073663899766,1416.8759023447317,54.29142135964601,164.08168562388428,2.399073613340012,14.340971973099544,51.528869967436584,0,2026-09-07 10:52:32
2026-09-07 07:55:00,CNC-03,H,296.43603691007564,311.3522300956419,1636.4613017332179,46.01453257295816,195.94106235726224,2.7630703204265443,14.144894617511804,57.006070786709,0,2026-09-07 10:52:32
2026-09-06 22:59:00,CNC-01,L,298.79443317775224,310.954270577077,2891.6916049742226,14.302522574090839,143.80950947917523,3.6188983477686842,7.690615228947667,48.63775167917885,0,2026-09-07 10:52:32
2026-09-06 20:59:00,CNC-02,M,31.865666874883175,39.655636962482674,2540.5331042992643,22.911441262879805,214.98318751807915,3.8997018369118583,10.878717729135552,37.98646742964979,0,2026-09-07 10:52:32
2026-09-07 10:32:00,CNC-01,L,294.4493466035029,309.06349435397163,1349.4734980800933,53.96325169043267,195.86893950285344,2.7921375776173303,13.691894585602306,66.69751041564723,0,2026-09-07 10:52:32
2026-09-07 00:01:00,CNC-02,M,298.9403944952813,311.6416185253601,2661.627404859958,17.27276246112851,156.69721951318715,3.4558033723695107,8.275294426026012,52.71211694945498,0,2026-09-07 10:52:32
2026-09-06 11:32:00,CNC-01,L,296.64065951571376,310.95821600500386,1432.0013970190776,50.32914187556005,104.86646263217912,2.2642947937121054,13.434564378204591,0.0,0,2026-09-07 10:52:32
2026-09-07 00:25:00,CNC-01,L,298.1671184142539,310.1286208655222,2550.5014495050164,17.484753883861863,38.415532098176634,3.093479161604504,8.323801466641896,54.059163863685036,0,2026-09-07 10:52:32
2026-09-07 04:39:00,CNC-01,L,296.169706336329,0.0,2224.5840680522697,29.28532076156661,96.85876704121972,2.9362205747352266,12.33848342154293,55.37579032919838,0,2026-09-07 10:52:32
2026-09-07 02:57:00,CNC-03,H,298.5145778150716,311.1000226146877,2426.943832869242,21.7673816090124,50.28724000221879,3.0691003813314732,9.96378968765989,53.5810968355851,0,2026-09-07 10:52:32
2026-09-06 11:12:34,CNC-01,L,296.56444295599186,311.00645771468623,1500.0297168164968,50.61616699852473,76.39770942870786,2.1673055674658883,14.236706531302186,54.47411854441739,0,2026-09-07 10:52:32
2026-09-07 01:59:00,CNC-03,H,298.9217240059192,312.5399276920939,2646.151053283589,21.475746978088743,214.05599541105266,3.791351410910398,10.28756897707171,54.851642700622804,0,2026-09-07 10:52:32
2026-09-07 06:05:00,CNC-02,M,295.45120960409105,309.36078463586387,2107.5880471543423,29.3926072543704,111.90944185813001,2.7581920742340693,11.59475307460502,61.68670888071718,0,2026-09-07 10:52:32
2026-09-06 13:43:00,CNC-02,M,24.37560309852597,38.4138752779744,1526.5120933289734,47.068886190822056,48.59242458540871,2.110998230167631,13.060819828778634,56.40310120245645,0,2026-09-07 10:52:32
2026-09-07 03:01:00,CNC-03,H,298.22119577338657,310.8573040115398,2583.0920336977933,20.07567308652713,54.742857437755845,3.156148175540259,9.883564985079095,53.86327258220787,0,2026-09-07 10:52:32
2026-09-07 08:10:41,CNC-01,L,300.81217226854994,308.8992320223673,1646.1381392900064,39.862888568276624,179.431429836485,2.877397184581588,12.427427224547957,,0,2026-09-07 10:52:32
2026-09-07 07:29:00,CNC-03,H,296.7822626346819,310.88279061865546,1739.9128305767747,38.03980527406327,158.14320754972272,2.590852921836298,12.532300185359075,59.33044852506949,0,2026-09-07 10:52:32
2026-09-07 06:46:43,CNC-01,L,295.4932923734243,309.2494708899167,1759.8809544379744,38.955144742706395,55.83262397896898,2.4734000219890584,12.96830313652973,59.240441501256186,0,2026-09-07 10:52:32
2026-09-07 08:00:00,CNC-01,L,300.4664851710927,309.52780739237306,1677.4314810567853,46.55141728895485,161.74537493608764,2.7296350500045947,14.657661941988255,52.021687876099925,0,2026-09-07 10:52:32
2026-09-07 04:52:03,CNC-03,H,297.31564076979424,311.6925723405299,2201.4320656312702,31.42059189070921,186.1021020991655,3.2249884722903457,13.15537879422129,54.22733792818407,0,2026-09-07 10:52:32
2026-09-07 03:26:00,CNC-03,H,298.0424168088527,310.5876343545892,2557.7357779000326,20.724928490643624,83.41400040310853,3.159435121972721,9.950077576627558,55.8073753959834,0,2026-09-07 10:52:32
2026-09-07 09:23:00,CNC-02,M,295.438755871664,310.90531055247607,1620.3097457136425,49.48858217193776,166.9491827829532,2.6047416366878675,15.271617741836497,62.993308379348676,0,2026-09-07 10:52:32
2026-09-06 11:30:00,CNC-01,L,296.85016494290744,311.1878370117003,1341.1548031513796,54.4843394418825,101.6866010198875,1.9802904727159232,13.711159320184422,55.47135148915687,0,2026-09-07 10:52:32
2026-09-06 20:24:00,CNC-03,H,27.34877928198972,39.988362157339054,2509.123165336908,19.796469028323155,109.64456391638014,3.176457430244165,8.98330623005061,53.46477786451785,0,2026-09-07 10:52:32
2026-09-07 03:28:00,CNC-02,M,296.23760092771965,310.462396078265,2406.4690484614953,27.555972596324118,142.60453611326233,3.185772264845439,12.583539486856344,56.08782742703478,0,2026-09-07 10:52:32
2026-09-07 00:19:00,CNC-03,H,299.7266819587086,312.38458334335655,2680.767497580248,18.419643998794058,106.51969790616253,3.229646845862481,9.29768958826258,55.58885538430313,0,2026-09-07 10:52:32
2026-09-06 14:33:00,CNC-03,H,298.98701930553415,313.20492852034386,1386.3906696483457,50.7844247470761,129.85090598542544,2.10943560196668,13.193935329060722,53.79489965373502,0,2026-09-07 10:52:32
2026-09-07 04:55:00,CNC-01,L,295.8198656755001,308.65894215014197,2208.2908537292733,24.47132677965302,116.84526157104634,2.8652208131464043,10.165191010976695,55.1283154717257,0,2026-09-07 10:52:32
2026-09-07 00:45:00,CNC-01,L,298.010746392645,309.69391599356413,2720.402875633193,14.530820887374137,59.771824449773796,3.2434714025482654,7.602045386331187,57.438529890860025,0,2026-09-07 10:52:32
2026-09-07 02:45:00,CNC-01,L,296.7719713316745,310.4246582231504,2531.0545477684013,23.436991705473663,190.3929719588825,3.6641697436772627,11.215813912761508,62.60226483048959,0,2026-09-07 10:52:32
2026-09-06 19:46:00,CNC-02,M,299.8193110787859,313.2586822549338,2313.8567835594895,24.191897092958264,129.81031700358562,3.1202267999388695,0.0,49.126584352585915,0,2026-09-07 10:52:32
2026-09-07 00:47:57,CNC-03,H,299.5314249888682,311.7632464559224,2685.648104519619,15.955435244255366,136.28128038224034,3.393771281401386,8.17732354859608,53.06836257815403,0,2026-09-07 10:52:32
2026-09-06 15:05:00,CNC-03,H,299.21728086112313,314.1134769297036,1629.0206540167806,48.42001094217434,178.9430114937371,2.6527247867286654,14.592265239663249,52.852013168134974,0,2026-09-07 10:52:32
2026-09-07 07:00:00,CNC-02,M,295.7728271669182,310.86362843846985,1981.5530755459222,36.439897953904506,187.20566842969475,3.0665987021356256,13.557240358622478,60.19561473682212,0,2026-09-07 10:52:32
2026-09-07 06:36:00,CNC-01,L,295.54561294364026,309.37993887182904,2009.289986448429,34.86873738288356,41.90019619891879,2.575905246917595,13.088231550003329,59.15312566862202,0,2026-09-07 10:52:32
2026-09-06 17:57:00,CNC-03,H,300.26123686851224,314.40351184561877,1972.5941969826315,34.86425350825129,193.57790781800003,3.1175375753726042,12.957657769465685,55.11963290206284,0,2026-09-07 10:52:32
2026-09-06 22:08:00,CNC-03,H,300.08308601270954,314.18538790928733,2443.4004854716272,24.35309979425444,226.55899989413592,3.7218604234435406,11.175782017789553,54.75723661852438,0,2026-09-07 10:52:32
2026-09-06 20:07:00,CNC-01,L,299.86975672985704,313.2453746226697,2337.742008541993,24.096168340658377,185.53063389209143,3.5716579929749392,10.584708181895255,53.89098201703118,0,2026-09-07 10:52:32
2026-09-06 22:29:12,CNC-03,H,299.9748030513807,312.35518397939666,2794.48455044095,14.13518721984202,248.01358361906844,4.276378892536301,7.221413417193464,50.04333485604102,0,2026-09-07 10:52:32
2026-09-06 12:11:00,CNC-03,H,297.1375818252428,311.73631121101346,1386.8975677905405,53.40309174022095,153.8729437113819,2.293982235281679,13.856296997666641,57.534468789768965,0,2026-09-07 10:52:32
2026-09-06 11:38:00,CNC-02,M,296.9747428783404,311.16189037943326,1451.740079511199,47.83551988583113,92.27457835781121,2.174949647100047,12.965144043240532,59.44585272242555,0,2026-09-07 10:52:32
2026-09-06 17:03:00,CNC-02,M,299.65246185224197,314.58707483860263,1910.7588559325334,41.298399321468615,136.16954323945507,2.685180868922711,14.796698604566107,50.09600465930565,0,2026-09-07 10:52:32
2026-09-06 17:09:00,CNC-02,M,299.4201156862588,314.1714514443479,1891.3852600828682,38.55931961678565,144.41703837924598,2.7117415380755885,13.499284270857375,48.656703020119814,0,2026-09-07 10:52:32
2026-09-07 04:15:00,CNC-02,M,296.1606588700864,310.74202655537795,2349.294791001579,29.988589160733255,198.14762481618553,3.555238474174023,13.222448203750822,55.10748200793179,0,2026-09-07 10:52:32
2026-09-07 08:05:00,CNC-03,H,296.79736412094843,311.61644103109984,1627.8882574983797,44.52362999492901,210.84496345493278,2.8834878029655377,13.344260487160414,57.16759792475465,0,2026-09-07 10:52:32
2026-09-07 09:26:00,CNC-03,H,296.66316636245347,310.64763850078685,1440.792764549996,47.32445721906048,114.53576963913481,2.134187678754778,12.69655667731033,55.38015570662712,0,2026-09-07 10:52:32
2026-09-06 23:21:00,CNC-03,H,299.7621895777652,311.3850167733864,2663.134273945054,14.210540864788655,44.7164203282008,3.179450793162311,7.039395992597744,52.242446310148914,0,2026-09-07 10:52:32
2026-09-06 13:44:00,CNC-03,H,298.4207359433456,312.55135029082754,1405.0458170489737,53.103185453014135,53.540649510272175,2.0360815435224953,13.96480783091112,52.56210505226411,0,2026-09-07 10:52:32
2026-09-06 11:28:00,CNC-01,L,296.857256234879,310.9162614354212,1462.3797166826057,48.118659439062725,98.49132155717281,2.1256454890626535,13.365897711298832,58.02009597302519,0,2026-09-07 10:52:32
2026-09-06 23:34:00,CNC-01,L,298.54588226409885,310.9904288858029,2775.838707363241,14.925732347969861,180.98252855973703,3.919036876279186,7.603297226528843,55.92138164565444,0,2026-09-07 10:52:32
2026-09-07 03:31:00,CNC-01,L,296.8936088997979,309.3724168045103,2495.484318121761,21.4679938682128,14.949654255313932,3.0897279254445076,9.925444358050584,58.734133003927845,0,2026-09-07 10:52:32
2026-09-07 09:55:00,CNC-01,L,294.5802454548213,309.18030206830827,1497.0846706945333,50.200411994819625,137.91847436415597,2.3761433709916484,13.881234159622892,59.1463991362238,0,2026-09-07 10:52:32
2026-09-06 19:29:00,CNC-03,H,300.44676283520306,313.3354136990245,2250.646552787236,26.130319472825,43.80080895800659,2.8796535822384475,10.81853605003121,53.45557860523366,0,2026-09-07 10:52:32
2026-09-07 01:27:00,CNC-01,L,297.63813532865055,310.10815306613927,2540.0470599769055,18.722328183970482,104.90692638286568,3.1138714561683045,8.701424228839644,53.83559888427985,0,2026-09-07 10:52:32
2026-09-07 03:21:00,CNC-03,H,297.97469876255394,310.62629950275505,2592.7589107181316,18.68191242742047,77.74897105976817,3.113332413825669,9.02084666162573,53.734998480517746,0,2026-09-07 10:52:32
2026-09-07 09:23:00,CNC-01,L,294.76344928816155,309.2333056200957,1642.5698540459987,44.90854016654367,88.15500889679018,2.4643368123242326,13.647624885610707,58.99086012208419,0,2026-09-07 10:52:32
2026-09-07 03:59:00,CNC-01,L,296.3079945537102,308.3013042503943,2460.802932645063,17.58342690117191,48.122250114713616,3.0661316087693744,7.9277631367149475,56.30634711172557,0,2026-09-07 10:52:32
2026-09-07 05:32:00,CNC-03,H,297.0407310800646,311.29652887372697,2179.6384219387332,31.012015340620238,238.5070379180531,3.554169668785805,12.816262017403036,53.090433313789624,0,2026-09-07 10:52:32
2026-09-06 15:54:00,CNC-02,M,299.21835994619505,313.6813938943885,1669.926291777606,44.872185015280536,36.86893377659448,2.375369699412018,14.021862058263919,52.315289679497575,0,2026-09-07 10:52:32
2026-09-06 16:58:00,CNC-01,L,298.8753061071285,313.90667270573334,1719.7087509374915,45.78095660216842,159.13977386395445,2.691170139827217,14.692477652475091,56.25710437599916,0,2026-09-07 10:52:32
2026-09-06 11:15:00,CNC-03,H,297.0727402920379,310.7252717370796,1329.0483258908541,47.636130695963196,64.95016917526885,2.111139360896419,12.031416933108314,51.086133700708494,0,2026-09-07 10:52:32
2026-09-07 10:49:00,CNC-03,H,297.41572393458046,312.5337772662322,1403.9679899477737,52.73191556691843,244.13491141652526,3.039104888590316,13.676636421635783,55.502532268509114,0,2026-09-07 10:52:32
2026-09-06 15:06:00,CNC-03,H,299.1173675523595,313.984580371441,1585.2697704083305,48.22191259032304,180.46385156645977,2.5892651805178,14.127169085868683,51.989675782798344,0,2026-09-07 10:52:32
2026-09-07 10:38:00,CNC-01,L,294.57074236182444,309.3257558553303,1313.4754265733063,55.36080953363513,205.3659954496223,2.804181504357787,13.498365461596103,63.24244148111962,1,2026-09-07 10:52:32
2026-09-07 07:42:00,CNC-01,L,294.97685553119373,309.0215076214028,1690.3729261549292,37.63729872658547,135.29622572100251,2.640341597918818,11.982258962026407,59.399114733888794,0,2026-09-07 10:52:32
2026-09-07 06:24:00,CNC-03,H,297.1275899600298,311.34075249099294,1905.5340832702377,38.100056331370126,67.56288136376467,2.5559911715115358,13.456236671181061,53.59371822807196,0,2026-09-07 10:52:32
2026-09-06 16:37:00,CNC-03,H,299.592071568975,313.78608463545993,1760.2084227632815,41.035395978749015,83.20624346481333,2.336141177516628,13.520637414497035,53.730476197181076,0,2026-09-07 10:52:32
2026-09-06 15:22:00,CNC-03,H,299.3691480747414,314.4785239469021,1557.4372270476165,49.690409781588954,204.65875958437988,2.750319412104981,14.582881702261817,56.08225461872484,0,2026-09-07 10:52:32
2026-09-06 16:59:00,CNC-01,L,299.21426889605976,313.4622637670733,1964.7350026003387,35.73866451744842,160.48613292150867,2.9449364974422814,13.050440314640172,55.14587870302443,0,2026-09-07 10:52:32
2026-09-06 14:20:00,CNC-01,L,297.70463671331527,312.03042577941216,1477.2654572180177,47.22813017708792,130.13612408670963,2.4093461890713934,13.028906047858646,53.11324615450738,0,2026-09-07 10:52:32
2026-09-06 22:19:00,CNC-01,L,299.23843026373163,311.4499423216755,2735.6064727408625,16.174465732225066,100.61443132849301,3.291780635472699,8.261178779744014,53.12250566659437,0,2026-09-07 10:52:32
2026-09-06 23:04:00,CNC-03,H,299.9642568302683,311.3666768635693,2711.028801923159,14.698077801957062,26.81196917960287,3.2790016492453224,7.467241503433318,56.286359147578146,0,2026-09-07 10:52:32
2026-09-07 08:26:00,CNC-01,L,300.7001913607311,307.99460277990977,1659.3643595805793,40.10068579212118,1.4933661187736824,2.362640763084483,12.17844760561851,54.545274052373856,0,2026-09-07 10:52:32
2026-09-06 11:25:00,CNC-01,L,296.77417525386403,311.1723209665845,1427.3671503531664,51.2680588457437,93.74293115579297,2.2537821229441004,13.653239861033033,57.758953425220625,0,2026-09-07 10:52:32
2026-09-07 00:07:00,CNC-01,L,298.7044882326202,310.67351456693166,2668.9876742264673,17.114881055105297,19.20458294206845,3.219411762856013,8.408221161559867,55.9171717319207,0,2026-09-07 10:52:32
2026-09-07 09:14:00,CNC-03,H,296.8541141997002,310.61456417961904,1601.5813936081865,41.685076650142705,96.08618218191633,2.322785473983593,12.628253167729278,59.638587418975135,0,2026-09-07 10:52:32
2026-09-06 13:23:00,CNC-01,L,24.00677650298684,38.093984770132636,1433.6733337232185,49.79458324742376,41.09961633603613,2.0847110336564376,13.478306294105753,58.75215921837001,0,2026-09-07 10:52:32
2026-09-06 23:30:00,CNC-02,M,298.9554000258632,311.7602974270202,2798.7094688351062,17.36069803973291,123.71150269042985,3.3609943766900203,,51.77798617377538,0,2026-09-07 10:52:32
2026-09-07 09:19:00,CNC-02,M,295.2545776945762,310.72895253824987,1535.386209973491,51.934688346959646,160.90616106898014,2.5962358740630296,14.836107402822071,55.43003991817717,0,2026-09-07 10:52:32
2026-09-06 22:47:45,CNC-01,L,298.7850316557428,311.7640729168695,2569.992185971124,20.89102462995397,132.0782722839511,3.339106838181332,9.762062548458196,51.43173395378167,0,2026-09-07 10:52:32
2026-09-07 08:04:00,CNC-03,H,296.4667999783745,311.8430721062146,1739.8302125544392,45.28800138160671,209.34563322193696,2.928732355045642,14.731884733201237,57.346723812832636,0,2026-09-07 10:52:32
2026-09-06 11:45:00,CNC-02,M,296.65609714450784,310.9573677358576,1489.9262419764323,46.50555565218925,103.38959499911897,2.220858893961036,12.907384025120598,56.19187356215622,0,2026-09-07 10:52:32
2026-09-07 02:33:00,CNC-02,M,297.14829877781494,310.5265761755893,2561.980996126065,22.36711505700019,79.99406270646725,3.1388629069496092,10.905329504301166,57.324193195692516,0,2026-09-07 10:52:32
2026-09-06 12:37:00,CNC-03,H,24.513943588292364,39.471675850251415,1548.7940948825171,49.434051852891656,195.14963264924472,2.7442976998416104,14.199236803079534,54.510157661453384,0,2026-09-07 10:52:32
2026-09-07 04:50:00,CNC-03,H,297.43655215074665,311.9784963415258,2229.0069145755233,31.065528541621052,184.84842272636374,3.311560369308105,12.967192821129416,53.30760813104853,0,2026-09-07 10:52:32
2026-09-06 11:48:00,CNC-02,M,296.86686595440847,310.792882549276,1269.012229106039,51.154386795264614,108.13180496694213,1.9871686982133272,11.830099170131835,57.73592529911507,0,2026-09-07 10:52:32
2026-09-07 08:10:00,CNC-01,L,300.66498367905245,309.83646632829,1624.7622241425229,48.85782028793729,176.50634024006195,2.7575055853972,14.845521373652225,49.6078037648607,0,2026-09-07 10:52:32
2026-09-07 08:58:00,CNC-01,L,295.1089746390693,309.0846940413807,1578.374739236207,44.6514372291374,49.63904597252085,2.3102855689287973,13.197523166967596,64.76943996372054,0,2026-09-07 10:52:32
2026-09-07 07:22:00,CNC-03,H,297.01190538926926,311.6833650669021,1773.7388829974248,41.699068474616624,148.1485038801193,2.5464578995466605,13.895739732385719,58.23937504815116,0,2026-09-07 10:52:32
2026-09-06 20:27:00,CNC-03,H,27.406250374231888,40.344320835051406,2600.360480198542,20.61889762544604,113.15392044852251,3.2020413635673006,10.098388253995592,51.19458770619964,0,2026-09-07 10:52:32
2026-09-07 03:48:00,CNC-03,H,297.86828408285794,310.24443040944766,2556.8709723289016,17.021464154869413,109.2069172577722,3.210133583657116,8.079006961954196,57.07121337483223,0,2026-09-07 10:52:32
2026-09-06 16:52:00,CNC-02,M,299.4994299217229,314.1359728815194,1883.0007447879882,39.211191223428806,120.56644485684741,2.626439015007122,14.013227394730395,54.82617352883501,0,2026-09-07 10:52:32
2026-09-06 17:10:00,CNC-02,M,299.77163882314784,,1967.2080983098608,36.241886565960144,145.78545855751642,2.8975958366625068,13.041165236154844,0.0,0,2026-09-07 10:52:32
2026-09-06 20:17:00,CNC-03,H,27.33288714924356,40.65473987715308,2405.5154254718204,26.073608160272144,101.5261762054647,3.1363752128288582,11.533619827297398,52.20051204004034,0,2026-09-07 10:52:32
2026-09-07 07:12:00,CNC-01,L,295.347003401535,309.7877075594015,1720.052229885328,40.83925960549343,92.41764432850395,2.3905726078870493,13.000515019178824,58.02487957972717,0,2026-09-07 10:52:32
2026-09-07 01:28:00,CNC-02,M,298.05484876621944,309.75774181125064,2683.8303932731824,14.434227874357468,8.54119817174942,3.1409491646688332,7.161908189066026,53.362747084395224,0,2026-09-07 10:52:32
2026-09-07 03:46:00,CNC-01,L,296.5617770492493,309.0718849547691,2457.9200778518657,21.244770411098774,32.629129895869156,2.958539581255023,9.732336462296534,54.166895644685155,0,2026-09-07 10:52:32
2026-09-06 13:57:00,CNC-02,M,297.98909232994504,312.05187418754065,1409.009688495865,49.684816370478536,70.41821879811513,2.002941520741794,13.000667937350558,55.06013885676686,0,2026-09-07 10:52:32
2026-09-06 17:52:00,CNC-01,L,299.0947100599013,312.73648662667136,2050.255677514815,33.02840597420668,14.761327644590937,,12.932924819573305,51.87923816226698,0,2026-09-07 10:52:32
2026-09-06 21:28:00,CNC-03,H,300.0707409539773,312.96747715513175,2625.3805064684357,18.829679201430203,182.53770763697932,3.481748320071937,9.356552484033427,53.75607210551623,0,2026-09-07 10:52:32
2026-09-07 00:32:00,CNC-01,L,298.1215830894308,309.24881730660684,2718.526414530361,12.713882461820225,45.91560806933859,3.361096268641495,6.372610710729686,52.77184117418453,0,2026-09-07 10:52:32
2026-09-06 23:42:00,CNC-03,H,299.8793935762869,311.93609481625515,2673.3814984317296,16.356397174593486,67.1146224036118,3.15936577784083,8.094039135513519,53.28362347150305,0,2026-09-07 10:52:32
2026-09-07 09:02:00,CNC-02,M,295.2518640317845,310.40825323882643,1524.524245497447,49.7064403906045,134.81869462112303,2.2530525158865857,14.211404946721578,56.89142070025869,0,2026-09-07 10:52:32
2026-09-07 06:58:00,CNC-03,H,296.56919473242465,310.91034024655465,2097.4084816215773,34.70105598147709,114.16611560835614,2.660461693647093,13.446447326268425,55.52567695422704,0,2026-09-07 10:52:32
2026-09-06 12:43:00,CNC-02,M,23.887829034041374,39.27044852118229,1409.0777597625497,56.702609999492516,195.40823263320428,2.5712079853302465,15.01372926030909,53.842627228505684,0,2026-09-07 10:52:32
2026-09-07 02:59:00,CNC-03,H,298.0471807457804,309.8311344860486,2629.558609584562,16.704017875811463,52.54844712746272,3.1846124237835887,8.018500626995545,56.47227228185049,0,2026-09-07 10:52:32
2026-09-06 13:53:00,CNC-03,H,298.4342263707917,312.1209152255403,1402.4056120495684,47.105641409961024,67.65347001115715,2.017283180066806,12.173863356377266,47.55495167339683,0,2026-09-07 10:52:32
2026-09-06 22:21:00,CNC-02,M,299.68490895861265,312.2552913914536,2773.558759594806,18.341141072654445,49.347784978293504,3.3992130381199637,9.53740196237695,50.29874399242082,0,2026-09-07 10:52:32
2026-09-07 09:39:00,CNC-01,L,294.6583518271619,309.1797908716853,1470.9795695209,51.072991571338214,113.0380006614035,2.318403294099005,14.058998901264559,62.852930555370534,0,2026-09-07 10:52:32
2026-09-06 14:06:00,CNC-01,L,297.7266547461608,312.0438175530392,1432.1432811170712,49.86193520517994,108.35355596511491,2.265579794852245,13.20699055424572,57.77533402492912,0,2026-09-07 10:52:32
2026-09-07 03:45:00,CNC-03,H,298.2454740811924,311.57452239318144,2433.8923554646003,23.916789256469233,105.7219732936286,3.075601516291998,10.793484178356653,49.6559116577317,0,2026-09-07 10:52:32
2026-09-06 14:42:00,CNC-02,M,298.36901288622374,312.64101178593745,1601.4346130755473,44.05875697528528,140.0048458756487,2.427283186838348,13.199730405891373,59.0226687777928,0,2026-09-07 10:52:32
2026-09-06 19:31:00,CNC-03,H,300.71724905957996,314.25932493329447,2363.135396950474,26.723738410734146,46.26389242728973,2.9072737489537346,11.744007130869386,50.828609490385176,0,2026-09-07 10:52:32
2026-09-07 03:13:00,CNC-01,L,296.9304598764826,311.0312741711904,2502.3455212279387,25.263702489323904,222.19018354961221,4.113158574227571,11.959982832733525,54.659040360959416,0,2026-09-07 10:52:32
2026-09-06 20:19:00,CNC-02,M,26.43005723713776,39.66677552783824,2428.0611715133196,21.463383399759422,169.04375948007333,32.95684483956878,10.14689169177794,47.0990504239463,0,2026-09-07 10:52:32
2026-09-06 14:36:00,CNC-03,H,299.27372978801105,314.03002253819665,1661.2467315280478,45.303223859093904,134.48979256846366,2.459544114304731,14.222011740261863,53.3831201697435,0,2026-09-07 10:52:32
2026-09-06 13:23:00,CNC-03,H,25.0934068391997,39.23058827184656,1455.5043463663853,50.97530317116926,20.604475293658606,2.068368729527941,13.839272104385799,54.04173001429958,0,2026-09-07 10:52:32
2026-09-07 06:55:00,CNC-02,M,295.75987133007254,311.1415777273334,1950.5766541941375,39.207545778398085,180.2027272991344,2.9791912277195056,14.503653132644029,58.88153903399486,0,2026-09-07 10:52:32
2026-09-07 03:47:00,CNC-01,L,296.41647095688535,309.4641087504904,2322.94072202676,24.435822738026964,33.846714695058544,2.9541112268893532,10.582230170025031,58.480461688539805,0,2026-09-07 10:52:32
2026-09-06 13:47:00,CNC-01,L,297.72914104623834,311.86109396447375,1424.362683745742,48.635700910595794,78.85125523119711,2.14046394541613,12.990691559604834,52.93591365274811,0,2026-09-07 10:52:32
2026-09-07 04:36:00,CNC-03,H,297.531830758279,311.2124258150715,2120.4288422647937,28.470839048174966,167.51621566236173,3.046100868291267,11.225240661617672,53.89483193558783,0,2026-09-07 10:52:32
2026-09-07 03:14:00,CNC-02,M,296.5622502270454,309.683723121655,2533.868184459558,21.103497880792503,126.34295637166844,3.229820288494466,10.123758580823695,54.862451408989315,0,2026-09-07 10:52:32
2026-09-07 06:49:00,CNC-03,H,296.74818751691726,311.1598101794842,1995.698545755304,35.73513480589391,101.83726205281106,2.7566999017640716,13.36574180141567,60.663077634350756,0,2026-09-07 10:52:32
2026-09-06 22:45:00,CNC-03,H,299.8810590821319,310.60861432868575,2652.396140696137,10.229388188189477,6.452501474436955,3.076694885036422,4.979432613270914,0.0,1,2026-09-07 10:52:32
2026-09-07 08:58:00,CNC-03,H,296.6502275118394,311.0727137295338,1576.9368682016802,47.8917086579505,71.63135685501936,2.32380302223895,14.312110602204676,58.63922353320283,0,2026-09-07 10:52:32
2026-09-06 19:33:00,CNC-03,H,300.6904752440909,314.1915082934093,2269.267908856249,27.47754726052355,48.695597325693825,2.7726663028457526,11.870426967146908,49.97069953777852,0,2026-09-07 10:52:32
2026-09-06 20:29:00,CNC-01,L,26.18838172452041,39.30963497418264,2420.239442108964,21.648485319801498,211.4153861797858,4.023289317614025,9.857596181283501,49.573127370352196,0,2026-09-07 10:52:32
2026-09-06 21:39:00,CNC-02,M,299.5014373329512,311.4811998818453,2558.1783429902325,17.59513367445929,3.3730489003636612,3.118306977650772,8.29983181526339,53.37717776695746,0,2026-09-07 10:52:32
2026-09-07 08:50:00,CNC-03,H,296.5015337065555,310.5904330405846,1581.185724963363,44.46440247392094,59.42109214484116,2.2140877377928083,13.335669141149683,60.145538648613254,0,2026-09-07 10:52:32
2026-09-06 23:59:00,CNC-02,M,298.88917838364085,311.5801590191025,2714.657592120099,16.53889353292426,154.47407473179862,3.549982183517219,8.421277757831232,53.4116911240589,0,2026-09-07 10:52:32
2026-09-06 19:19:00,CNC-02,M,299.60176740841337,313.22688787606575,2285.5417915726184,28.090890028339906,96.80051769767464,2.8518503023328807,12.260386771628253,52.95975714665543,0,2026-09-07 10:52:32
2026-09-07 10:00:00,CNC-02,M,295.2787771101371,310.66715575801135,1375.4000555461723,53.146228412700516,224.32131795905025,29.117913774121433,13.578710029418986,64.44626098224896,0,2026-09-07 10:52:32
2026-09-06 13:34:00,CNC-03,H,25.202966576022277,39.462942958168526,1561.3746213282425,47.99124234408835,37.80800858982319,21.799616470307708,14.063547987248512,51.64137579902354,0,2026-09-07 10:52:32
2026-09-07 05:07:00,CNC-02,M,295.9920364801435,310.0174890639125,2199.2679691675567,30.2052867317442,36.288644537748105,2.7946184869717015,12.677439043726668,57.63854965070132,0,2026-09-07 10:52:32
2026-09-06 20:15:00,CNC-02,M,26.435379154622126,39.75945195383764,2453.082246524217,22.07826924839857,164.3410365329461,3.3893894766214103,10.091796520922381,51.38883469625457,0,2026-09-07 10:52:32
2026-09-07 04:25:00,CNC-03,H,297.4948080152425,311.73841159008384,2323.8794751876294,29.766939487543848,153.91704008845812,3.007942610300437,12.991409105971764,53.801372968672304,0,2026-09-07 10:52:32
2026-09-06 23:11:00,CNC-03,H,299.85349821039614,310.8417168051494,2721.030592644303,11.799127036346734,34.18548412173925,31.316321306171616,5.671046851191578,51.680842549138596,1,2026-09-07 10:52:32
2026-09-07 02:41:00,CNC-01,L,297.03720760335216,310.10130347820217,2573.92073229784,19.611889438349163,186.01028580807198,3.7579076094941746,9.323822829963541,57.149151714918624,0,2026-09-07 10:52:32
2026-09-06 13:06:00,CNC-03,H,24.993503193600247,40.0892031645036,1413.8172405812415,53.49501601727924,241.14863162032316,2.9393911189779955,14.281412238903608,54.98645875046312,0,2026-09-07 10:52:32
2026-09-06 20:41:00,CNC-02,M,31.90393643157961,39.726260010187275,2387.1260977808433,25.941104591869426,194.53353467720555,3.5838069852318353,11.585098851070361,42.767885975870556,0,2026-09-07 10:52:32
2026-09-06 14:00:00,CNC-03,H,298.70749791040714,313.129361617267,0.0,47.53134325831737,78.67565489642487,2.1004137823994897,13.657145209013446,53.915698775950375,0,2026-09-07 10:52:32
2026-09-07 02:24:00,CNC-01,L,297.21064387984075,310.80870035406696,2437.7380781229103,,167.06803316258762,3.435962325678884,10.298301336610116,56.90920794080663,0,2026-09-07 10:52:32
2026-09-06 12:18:00,CNC-03,H,297.48537744474106,311.6845848478728,1376.7781916637643,49.938516835610756,164.99187971226024,2.4004398747070863,12.941528952083331,55.69274508026376,0,2026-09-07 10:52:32
2026-09-06 10:54:00,CNC-02,M,296.5981638522916,310.9427183023102,1538.2625326568416,50.08715953550869,22.61527224699425,2.1201026930604896,14.512499355389862,57.15623583759912,0,2026-09-07 10:52:32
2026-09-06 22:35:00,CNC-01,L,298.8433232164181,311.17749354426684,2645.663150960404,17.258772995479923,118.04578854296328,3.35581807194298,8.622695234592316,51.65685380629711,0,2026-09-07 10:52:32
2026-09-07 07:08:00,CNC-01,L,295.1557933942112,309.3142273585571,1853.8171800800726,38.79172180581378,86.66291431479794,2.573611688076337,13.45290913975762,63.841766860139714,0,2026-09-07 10:52:32
2026-09-07 01:10:00,CNC-03,H,299.2202407903496,311.3503450817864,2720.6547524224743,15.132232868308057,161.02609923698353,3.4537704244574234,7.597165299973873,53.308008699101315,0,2026-09-07 10:52:32
2026-09-06 12:43:00,CNC-03,H,24.450851653882296,39.755335281331384,1494.1990113584627,54.64145571676571,204.70110511948826,2.7359643403503733,15.348624455816733,53.39641307937994,0,2026-09-07 10:52:32
2026-09-06 20:50:00,CNC-03,H,27.22119608971309,40.47489872613579,2509.0183737154593,22.57221186650964,139.84657179790608,3.3583039870580365,10.311282577804329,50.19427892345248,0,2026-09-07 10:52:32
2026-09-06 21:01:17,CNC-02,M,32.06756639396497,39.93494744847851,2410.925506824531,24.93981020617636,217.2457858808673,3.805790412552374,11.317526686952327,41.9718279701154,0,2026-09-07 10:52:32
2026-09-06 19:17:23,CNC-03,H,300.7484491239893,314.4254897828262,2140.274760635583,30.761610091247917,27.774158741670643,2.7891413950744433,12.481241948959713,52.98332771058801,0,2026-09-07 10:52:32
2026-09-06 14:52:00,CNC-02,M,298.4978254416711,313.12292159586787,1409.9566819988431,51.01419660426696,155.2132065044839,2.338754455723167,13.397660743211292,48.67127897235322,0,2026-09-07 10:52:32
2026-09-06 12:25:00,CNC-02,M,296.89697561882605,311.63962941296637,1435.6426049432866,52.99447226611031,166.8951440929873,2.4611977189401637,14.220792425646856,56.485746810116346,0,2026-09-07 10:52:32
2026-09-07 10:01:00,CNC-03,H,297.0143742225548,311.38970939251374,1330.9630027487433,52.54696436856264,168.79968920785763,2.264304293171852,13.059271469114396,61.19946990976243,0,2026-09-07 10:52:32
2026-09-07 06:41:00,CNC-02,M,295.60203187596693,310.06531259160323,1919.9961422584652,36.54406269021051,160.73908935616575,28.197588654670596,13.237932072288277,60.7878994516092,0,2026-09-07 10:52:32
2026-09-07 04:27:00,CNC-01,L,296.4026229535165,310.5371556264465,2237.789757090579,31.318767305375616,82.20071809604424,2.8007389998868644,13.236621468434723,58.51910273890715,0,2026-09-07 10:52:32
2026-09-07 05:24:00,CNC-01,L,295.959613889352,309.7839816386667,2058.5667351174093,31.429823908390773,153.97334338503623,3.0307244710430865,12.037487444534698,59.87600600751087,0,2026-09-07 10:52:32
2026-09-07 01:52:00,CNC-03,H,299.12021877466844,312.5980705826841,2533.034700228973,21.40495343353554,206.34406469672334,3.668786592614523,9.966979913601026,57.05444405585243,0,2026-09-07 10:52:32
2026-09-06 19:34:00,CNC-01,L,299.3892502753494,312.71161028737873,2208.967268357268,,145.89728575171904,2.9987892590611374,11.025986445477079,55.05954211312523,0,2026-09-07 10:52:32
2026-09-07 07:56:00,CNC-01,L,300.6800414135362,309.9262255451584,1789.9196110586447,45.122549871234604,155.85240038885982,2.7974391312969664,15.369111969396855,50.33094665031908,0,2026-09-07 10:52:32
2026-09-06 19:44:00,CNC-02,M,299.71496720466456,313.1962666082785,2428.8004153090806,24.144119282593604,127.42964831320664,3.067994989400216,10.748363154052994,54.863359659994636,0,2026-09-07 10:52:32
2026-09-06 18:42:00,CNC-01,L,299.37549323810697,313.3873349194429,2119.770325344081,31.875865550575394,80.56261599834025,2.754223740941167,12.469936812227601,48.27364069426368,0,2026-09-07 10:52:32
2026-09-07 00:28:00,CNC-03,H,299.779278939275,312.4031915117348,2584.435600742237,18.57334902128853,116.17548013199696,3.2120315308135843,9.182268113907934,49.56356805449869,0,2026-09-07 10:52:32
2026-09-06 20:48:00,CNC-02,M,31.928642577998005,40.000200289396105,2446.48310135077,24.248985651580195,202.55434590491947,3.6763878978656455,10.825275498166047,45.45471405890278,0,2026-09-07 10:52:32
2026-09-06 19:59:00,CNC-02,M,299.7446202336151,314.30686212774,2404.917228565884,29.291149372949576,145.49036929073444,3.1962792449642854,12.889499330499842,57.50218414576078,0,2026-09-07 10:52:32
2026-09-07 09:45:00,CNC-03,H,296.91436599368046,311.55500963076605,1472.4518178184744,49.541358924414475,143.8183670488654,2.3232213264768253,13.706936740110574,51.73152854228485,0,2026-09-07 10:52:32
2026-09-07 06:01:00,CNC-02,M,295.7354828644581,309.76543237189765,2061.1150330644255,30.63510295953495,106.67513897836587,2.679304800899596,11.925992742367747,58.460335597782425,0,2026-09-07 10:52:32
2026-09-06 11:42:00,CNC-03,H,296.8547346664724,311.0304468435231,1342.1113613419752,52.88533839678892,107.75893944300105,2.0653264530425886,13.43286631158059,55.87624878440279,0,2026-09-07 10:52:32
2026-09-07 09:39:00,CNC-03,H,296.8597973479206,311.28246643190965,1476.9452692674795,50.02627835674482,134.6032571662807,2.265572566225483,13.626758110407117,60.32492452515656,0,2026-09-07 10:52:32
2026-09-06 14:55:00,CNC-03,H,299.09375150422204,313.9265463380879,1656.0320217647984,46.598430615177925,163.6859513104035,2.6192318825291645,14.464809860136505,49.32855880195202,0,2026-09-07 10:52:32
2026-09-07 10:45:00,CNC-02,M,294.94682430692836,309.49946834691156,1592.8123937697635,45.280563912359824,55.072308206596254,2.1585177131226243,13.577202685156728,57.50897150612514,0,2026-09-07 10:52:32
2026-09-07 07:26:00,CNC-03,H,296.7344297953755,311.90648519190734,1805.8715866725713,43.81076994806394,153.80677461480022,2.701561468694408,14.676433893123159,58.646733867346754,0,2026-09-07 10:52:32
2026-09-07 07:58:00,CNC-02,M,295.2981991582398,309.60585370663784,1681.4216363930466,44.188497920101526,39.26577344700211,2.2104560922199883,13.908274571925228,60.8143771002823,0,2026-09-07 10:52:32
2026-09-07 01:21:00,CNC-02,M,297.8759229863302,309.37987755132355,2642.8609441347076,14.90552934832385,1.0587161758988926,3.1711669323799927,7.534202635801797,56.23054030250335,0,2026-09-07 10:52:32
2026-09-07 10:29:00,CNC-03,H,296.8798930404364,311.5723701283185,1355.9389262763839,51.63500865105099,212.6167390722627,2.7086918881220177,13.109023990004346,55.48201148450016,0,2026-09-07 10:52:32
2026-09-07 09:05:00,CNC-01,L,294.8456804409912,309.2568803471879,1601.774539206562,48.3297500772979,60.3273135069932,2.1561699346057384,14.203006680730828,57.49176713035323,0,2026-09-07 10:52:32
2026-09-07 07:10:00,CNC-03,H,296.52530093665655,311.4298551473664,1790.0589663845446,45.148972899991094,131.09809139329758,2.680781324959934,14.959130063984107,54.613428896140825,0,2026-09-07 10:52:32
2026-09-06 14:42:00,CNC-01,L,297.9306916426631,312.7572405279774,1546.1892451116876,50.426623394458844,164.01202959587698,2.6109007278162255,14.548527562292566,55.37160255193923,0,2026-09-07 10:52:32
2026-09-07 01:11:00,CNC-01,L,297.96981855865096,310.32353887545923,2553.519996455235,17.74408946958191,87.77539591454968,,8.425993729538106,53.38992863689754,0,2026-09-07 10:52:32
2026-09-07 01:17:00,CNC-02,M,297.9732253926376,311.39884737685526,2628.301399036833,18.10835714270037,237.57069713571747,4.216659464606146,8.862713230980319,54.92704926605558,0,2026-09-07 10:52:32
2026-09-06 23:28:00,CNC-02,M,299.19485792097834,311.6442586308401,2830.259795843996,15.071944289779767,121.58917976582194,3.413487451915857,7.954941510709149,52.72833967466275,0,2026-09-07 10:52:32
2026-09-06 18:48:00,CNC-02,M,299.6821130044632,313.3461117509319,2220.008161010857,29.141560953967428,57.990467689583106,2.901111056400201,12.300437010901398,54.87786894955147,0,2026-09-07 10:52:32
2026-09-06 21:02:00,CNC-02,M,,40.11253950442165,2556.2448327942343,23.836882747631453,218.38257933049266,3.9518009268716123,11.389624525580995,41.38209855884042,0,2026-09-07 10:52:32
2026-09-06 18:01:00,CNC-02,M,299.10870231020715,314.4008502237623,2029.1278869250461,38.94199531281552,215.03905217309816,3.425950541757404,14.450115981750487,58.30597636440439,0,2026-09-07 10:52:32
2026-09-06 22:31:00,CNC-03,H,299.82160844534616,313.37254764050516,2684.963188396973,20.205683097927874,251.27775881837698,4.243950129854102,9.943929217530687,50.17822463243351,0,2026-09-07 10:52:32
2026-09-06 18:21:00,CNC-02,M,299.31467113189376,313.6015917179758,2097.1675998910277,35.569905787114855,23.61942085268883,2.6740621280937784,13.88280026527098,53.60100903242984,0,2026-09-07 10:52:32
2026-09-07 07:20:00,CNC-03,H,296.8361825090312,312.0346891301302,1863.5002689329744,43.319952870880456,145.30839379152644,2.743904694694328,14.88435184100232,58.107536542508754,0,2026-09-07 10:52:32
2026-09-06 11:04:00,CNC-03,H,296.37631540302544,310.6253496156902,1357.4725621496816,54.673056467925726,47.45862970191833,2.01925491443138,13.929790819242896,60.99202890184637,0,2026-09-07 10:52:32
2026-09-07 08:24:00,CNC-01,L,300.6380499314776,309.5103278125519,1765.9632150497232,43.404677632536675,197.35223645073248,3.1344756013040773,14.308517751849886,52.30737841991622,0,2026-09-07 10:52:32
2026-09-06 20:25:00,CNC-02,M,31.974610427201526,38.949076403542165,2511.8901595598277,19.92819560029502,176.10606810763298,3.5957453609593006,9.316199558156292,42.93506091506464,0,2026-09-07 10:52:32
2026-09-07 07:38:00,CNC-01,L,294.9509477086184,309.33999700765463,1842.1627856930243,39.0369607775108,129.47488463495782,2.619474752198149,13.363822131768982,58.200009314979184,0,2026-09-07 10:52:32
2026-09-07 06:22:00,CNC-03,H,297.0930698520173,311.5158253689052,1974.4654953940765,37.04237051091674,64.76274688822343,2.6061239722734224,13.89440185297468,58.17560678639727,0,2026-09-07 10:52:32
2026-09-06 19:13:00,CNC-03,H,300.6076884362963,313.596062810374,2239.8109572075027,26.125910552020876,24.033108048910716,2.7743370793033035,11.078155344678954,48.71951820212533,0,2026-09-07 10:52:32
2026-09-07 02:12:00,CNC-02,M,297.49606776638007,309.2488287015872,2552.014468277977,13.69905086915304,56.34567205838178,30.715593878016552,6.385229485226816,52.87926741501934,0,2026-09-07 10:52:32
2026-09-06 17:59:00,CNC-01,L,299.1236115605891,312.3777588514217,1984.317637182523,32.11305845676731,24.15077089987498,2.565617947338774,12.093701976253373,53.849624593026306,0,2026-09-07 10:52:32
2026-09-07 08:19:00,CNC-02,M,295.25984358046264,309.33748838506875,1650.0133929917752,41.11392287773878,70.33161604919583,2.278532415037493,12.887560649033526,56.54423855350867,0,2026-09-07 10:52:32
2026-09-07 04:43:00,CNC-03,H,297.5439138778552,311.99271434515276,2171.787781071559,33.05680769216633,,3.0518580116502307,13.395343867436072,58.434455330301304,0,2026-09-07 10:52:32
2026-09-06 17:01:00,CNC-02,M,299.3966297835434,314.36669662547655,1736.1790482528136,45.450491038605776,133.37223716935458,2.575331741407355,14.839083517980457,50.74922365788256,0,2026-09-07 10:52:32
2026-09-06 23:25:00,CNC-01,L,298.36304680972637,311.01671194231085,2772.421896353416,16.848010878128882,171.39859054722356,3.6739753787976506,8.77110988203921,53.01515783356471,0,2026-09-07 10:52:32
2026-09-06 18:50:00,CNC-01,L,299.40372959422507,312.60980618753433,2200.5444154739703,26.094331482937747,90.66767162495023,2.8929182402263245,10.677412072732903,55.834043570189195,0,2026-09-07 10:52:32
2026-09-07 04:01:00,CNC-02,M,296.0639235667258,310.36318735431473,2365.2262488599335,27.07725333530998,181.3262533678223,3.4736162548226717,12.035857605456979,65.06355574915345,0,2026-09-07 10:52:32
2026-09-07 02:56:00,CNC-01,L,296.8038465764364,310.6694944063667,2449.308152599434,24.33256975559001,202.81409334515556,3.8555338908603978,10.992573397323802,1444.3530848025973,0,2026-09-07 10:52:32
2026-09-07 10:08:00,CNC-03,H,296.8564763276161,311.671383673635,1446.8062728567274,52.016453455325454,179.73677734727897,2.516245262597672,14.216538426174026,56.515290397725124,0,2026-09-07 10:52:32
2026-09-06 14:44:00,CNC-02,M,298.39283615130415,312.6353802804116,1568.5176815705208,43.6027631233087,143.03170151836483,2.441010396865495,12.769626927729217,51.86768173373985,0,2026-09-07 10:52:32
2026-09-07 00:03:00,CNC-01,L,298.5021798464652,310.9539949170326,2725.3145929460316,18.901357748578995,14.955118654581678,3.216202747710467,9.502280829018156,48.570798683399815,0,2026-09-07 10:52:32
2026-09-06 11:34:00,CNC-02,M,296.741966265641,310.8214157662005,1346.9492733416162,51.931038483357895,85.91498892084236,2.1017450469333303,13.137013527237222,54.6794200573052,0,2026-09-07 10:52:32
2026-09-07 02:36:00,CNC-02,M,297.2345461756865,309.4190411170437,2528.185415618384,17.727421356736993,83.4219584614614,3.0555203434735434,8.20924510737153,53.9700838249027,0,2026-09-07 10:52:32
2026-09-06 18:06:00,CNC-03,H,300.57083468616406,315.207207185862,2009.423623147597,35.01285685664313,205.66531946765483,3.1649358802578043,13.215129345116289,52.05842842362626,0,2026-09-07 10:52:32
2026-09-07 04:56:00,CNC-03,H,297.27368614461744,311.4502900286055,2108.957183148571,32.080151216523504,192.39945640987116,3.278967481006894,12.752419141434821,57.934823345028356,0,2026-09-07 10:52:32
2026-09-07 04:00:00,CNC-03,H,297.60412409926107,311.3932900439637,2343.7571007112183,28.235858536246297,123.46775122766593,3.037664026627429,12.394105179502048,57.0243479355939,0,2026-09-07 10:52:32
2026-09-07 08:51:00,CNC-03,H,296.82632116538815,311.0891244059645,1496.7813305179702,48.31175076606338,60.96741259798445,2.2086831431981038,13.533638686918188,57.45823207000342,0,2026-09-07 10:52:32
2026-09-07 01:06:00,CNC-01,L,297.74845706908764,310.73738984002455,2603.2098140419466,20.846399332085056,82.38667233590873,3.1229984628255063,10.121933332645238,56.225473166429786,0,2026-09-07 10:52:32
2026-09-06 14:52:00,CNC-01,L,298.01576169459116,313.1681720417853,1504.8823378492725,51.860877501597805,179.23116085953535,2.621364393679932,14.562779379656703,53.066736247536916,0,2026-09-07 10:52:32
2026-09-06 21:50:00,CNC-03,H,300.2108545393568,314.1638520467873,2706.315470667828,23.18758464040352,207.05110015745157,3.7649103411522407,11.620352888553152,54.49789588188055,0,2026-09-07 10:52:32
2026-09-07 07:05:00,CNC-01,L,295.38919422456553,309.1794200456984,1651.2208493896128,40.11206228877729,82.54436154756951,22.680587025366385,12.519783991105731,53.592254838026584,0,2026-09-07 10:52:32
2026-09-06 23:12:00,CNC-02,M,298.94438460744755,311.630824986003,2719.254153956956,16.61522778286849,104.45681789474621,3.323219068355173,8.30097873376069,56.98546968327445,0,2026-09-07 10:52:32
2026-09-06 19:39:39,CNC-03,H,0.0,313.42054581412975,2433.722759960431,24.12796196153757,56.003585754546705,3.0084114133170843,10.893586609976207,53.6289866193841,0,2026-09-07 10:52:32
2026-09-07 08:42:00,CNC-03,H,296.4376839557912,310.91469943509134,1565.7159337381004,49.650830860531386,47.40078155289613,2.260341766358831,14.509963122698672,58.998307465946304,0,2026-09-07 10:52:32
2026-09-07 10:48:00,CNC-02,M,295.43828460784704,309.8743413592206,1371.172421118625,51.66177106922519,59.86088268241282,2.0935048433662087,13.092484892069614,62.131256848994504,0,2026-09-07 10:52:32
2026-09-06 14:03:00,CNC-02,M,297.86384247451946,312.0389884578584,1387.0389734534979,50.81301330121606,79.7700830440236,20.876675896981624,13.15948073193977,56.30116624129807,0,2026-09-07 10:52:32
2026-09-06 14:23:00,CNC-01,L,297.9174269847518,312.2505994355791,1494.1316565012994,46.82265191115016,134.799772097066,2.4407878054201686,12.87667569478037,54.43625504377906,0,2026-09-07 10:52:32
2026-09-06 18:49:00,CNC-03,H,306.04522938904887,315.35902279152714,2103.7689739729526,35.35758023171464,261.3766667874628,3.8951579444957227,14.106401988262668,39.394719552194246,0,2026-09-07 10:52:32
2026-09-07 08:30:00,CNC-03,H,296.5549564127012,310.7758607642332,1650.015224150398,45.25108426003296,29.469585836735703,2.2752452942630765,13.82693634051057,55.55960835342351,0,2026-09-07 10:52:32
2026-09-06 17:51:00,CNC-01,L,299.2541442190327,312.68671863865444,2036.700474564812,32.537802704101836,13.430225098406437,2.5196443795602153,12.494837659999849,54.92192514483783,0,2026-09-07 10:52:32
2026-09-06 18:44:00,CNC-03,H,306.08712837525024,,2069.8589769089103,34.7094777296173,254.93258105628382,3.733790021777018,13.364273530305407,36.00290818394242,0,2026-09-07 10:52:32
2026-09-06 12:55:00,CNC-02,M,,39.40001084356226,1366.1510815948793,55.725282714572565,214.48526328154213,2.875740094935533,14.437249712612692,54.7833010254221,0,2026-09-07 10:52:32
2026-09-07 01:55:00,CNC-03,H,299.12075680923977,313.118771454453,2591.170674544803,23.99590790693314,209.6850552865249,3.7477862515403477,11.474748077812785,55.89630374376188,0,2026-09-07 10:52:32
2026-09-06 12:21:00,CNC-03,H,297.42804601317766,311.8855583367986,1378.5008519710746,51.014771696138176,169.79109115247397,2.403511821907316,13.227102390579086,57.19848542026803,0,2026-09-07 10:52:32
2026-09-07 00:52:00,CNC-02,M,298.1220603307729,311.8280666617284,2758.795885579527,20.48852208985742,210.86793694537468,3.9970516753195446,10.665546292527248,51.51317705046844,0,2026-09-07 10:52:32
2026-09-06 13:20:00,CNC-01,L,24.235017670191496,38.33628967350364,1378.6099860736017,51.577289030435445,36.34572587868803,2.1763443142376766,13.28294545595593,49.95825221358323,0,2026-09-07 10:52:32
2026-09-07 02:49:00,CNC-03,H,298.1474417781847,311.13354890812343,2308.210624508568,24.643718238621968,41.140274228734526,2.881989623777151,10.587652886474737,49.44124085698225,0,2026-09-07 10:52:32
2026-09-07 00:39:00,CNC-02,M,298.53391756613433,311.00256874837146,2859.4307326793883,13.91628891383927,197.03933618574507,39.51128693358577,7.52414919775526,52.482297181922874,0,2026-09-07 10:52:32
2026-09-06 18:40:00,CNC-03,H,305.88854848418885,314.6452634932138,2166.1895556697445,31.97396203466753,249.75991466005672,3.7597477235543386,12.841153233595476,42.6262036357712,0,2026-09-07 10:52:32
2026-09-07 06:07:00,CNC-02,M,295.61497145276627,309.699931815287,2137.4092421816217,30.906012398806396,114.54617666372744,3.0086860083082922,12.517334109651252,58.173147691768165,0,2026-09-07 10:52:32
2026-09-07 09:13:00,CNC-03,H,296.7044501533563,311.2088983900102,1495.5482685102772,48.40415459086585,94.58336274258619,2.216573082658103,13.509913681182454,58.23002569851487,0,2026-09-07 10:52:32
2026-09-06 21:36:15,CNC-01,L,299.1274734868133,310.79184118073283,2546.18513720829,15.567003849737597,,3.2152520491550476,7.553274490077646,50.60238604118434,0,2026-09-07 10:52:32
2026-09-07 09:33:00,CNC-01,L,294.8948127348285,309.03301171619495,1573.0760482432825,45.81110968009676,103.68213587232276,2.2732082584735425,13.418140166295718,57.68725066871649,0,2026-09-07 10:52:32
2026-09-07 01:18:00,CNC-02,M,298.335587799764,311.8772709712687,2688.786219047905,18.392992655735984,238.6515717338986,4.347596112670078,9.19857718757813,50.39027570936268,0,2026-09-07 10:52:32
2026-09-07 09:24:00,CNC-01,L,294.776997361415,309.25982077525424,1427.1798841789873,52.45993175794971,89.71363360391041,2.079482104628866,14.223500895468,61.68555910936781,0,2026-09-07 10:52:32
2026-09-06 19:30:37,CNC-01,L,0.0,313.03965319782077,2437.1288135810046,24.147609954746414,142.2543855718319,3.2377860005954844,10.91212268276317,47.70574012873112,0,2026-09-07 10:52:32
2026-09-06 22:18:00,CNC-01,L,299.08463487628643,310.7662802834706,2762.085453244378,14.112234158013479,99.53735325996333,3.293955660000901,7.159334739234712,56.8394418383361,0,2026-09-07 10:52:32
2026-09-07 07:11:00,CNC-03,H,296.67207282201076,311.1869265213339,1747.3837524926928,42.333726341855666,132.51192799107656,2.4871913712000286,13.728960986837704,59.79701548432711,0,2026-09-07 10:52:32
2026-09-06 23:38:00,CNC-03,H,300.0427438953013,313.07367482004145,2669.689439822013,21.60830212939277,62.880566381694194,3.19593196175939,10.596100604563429,52.01034325617569,0,2026-09-07 10:52:32
2026-09-06 10:53:00,CNC-02,M,296.57601014795557,310.61313391935647,1433.0069227101153,50.971788117539035,21.073456427800902,2.099104248274123,13.35183191713595,54.33395871924244,0,2026-09-07 10:52:32
2026-09-07 03:17:00,CNC-01,L,296.70561752595904,310.2436380583149,2462.245904469248,21.5076546581808,226.81925782731824,4.171666018274976,10.168300997399292,52.50283363116032,0,2026-09-07 10:52:32
2026-09-07 06:35:00,CNC-02,M,295.708228298335,310.52011457773887,2011.946045759317,34.99855404323288,152.5411354511606,2.884750160290343,13.258021447098251,56.49506601660416,0,2026-09-07 10:52:32
2026-09-07 05:28:00,CNC-01,L,295.7170529811952,309.98961960227683,2041.3323278429955,32.32673414945285,159.20994233936625,3.029379093911753,12.51667930317355,60.20534061729618,0,2026-09-07 10:52:32
2026-09-07 00:11:00,CNC-02,M,298.7203205611129,313.05709800580985,2580.0282252741927,25.11504219609374,167.46660932034985,3.458389089865652,12.14720913387099,53.79137155989677,0,2026-09-07 10:52:32
2026-09-07 08:22:00,CNC-03,H,296.6646441048767,310.7021774516,1681.5146471044368,44.75324773849201,17.69844416297338,21.53481685421735,14.081303024053955,57.619246966365104,0,2026-09-07 10:52:32
2026-09-07 01:19:00,CNC-01,L,297.49378652808224,309.60080431404435,2753.1996472959863,15.545673964213796,96.44525450567308,3.3329119231984237,7.881914319668394,58.577809646724106,0,2026-09-07 10:52:32
2026-09-07 01:10:00,CNC-02,M,298.105846216063,311.31862708552984,2775.928300179743,17.0341262749388,230.0257504839416,4.306956491096829,8.902270861869825,54.58761988266615,0,2026-09-07 10:52:32
2026-09-06 16:00:00,CNC-01,L,298.8564050027438,313.34125052406125,1759.9116537109558,41.39714219081654,76.12980231978145,2.4893269585588045,13.832725360218534,54.18138967810308,0,2026-09-07 10:52:32
2026-09-06 21:24:00,CNC-01,L,299.39323258422235,312.15745450225836,2510.1301496340993,21.679463847803866,39.957327164370184,3.0876965340760836,10.347332965100419,52.40576377503813,0,2026-09-07 10:52:32
2026-09-06 22:50:00,CNC-03,H,299.97049384571363,311.6878474895898,2607.032045306401,17.045546908199235,11.840163435208934,3.0342940932949483,8.306658659601625,48.624943927894975,0,2026-09-07 10:52:32
2026-09-06 14:58:00,CNC-01,L,298.19917834604354,313.6665398849447,1683.5479839140585,47.57214251545203,188.35749101526463,2.9267209217507584,14.990697439957389,55.45955013752074,0,2026-09-07 10:52:32
2026-09-07 09:47:00,CNC-02,M,295.3885764872988,310.48522852501935,1382.8461868935801,51.22718072759049,,2.6548476570690687,13.502056270612876,58.44697850635171,0,2026-09-07 10:52:32
2026-09-07 08:38:00,CNC-02,M,295.523349953355,310.28072109597593,1539.4890216409372,48.210746164944084,98.63155119274393,2.2857850636499606,13.754870343364614,56.01115952487954,0,2026-09-07 10:52:32
2026-09-06 12:57:00,CNC-02,M,24.091515001976347,39.02213837682348,1389.121407993898,52.83516946942989,,2.9130621241026975,13.702652469647637,50.77530462489429,0,2026-09-07 10:52:32
2026-09-06 13:12:00,CNC-03,H,24.84547034857536,38.70722655200092,1311.6382517651061,54.66715907990479,3.2,2.0710699162202415,13.348571781175432,51.84085277857,0,2026-09-07 10:52:32
2026-09-07 05:15:00,CNC-01,L,295.61557082484444,309.9730142314067,2164.0364905012516,32.079805292255195,142.2596853072375,3.047529833116085,13.110981414786854,64.2018717797332,0,2026-09-07 10:52:32
2026-09-07 08:11:00,CNC-03,H,296.61246163407094,310.2376311064443,1488.359329052571,45.754982306786054,1.5290184729473855,2.213880146681158,12.751602945000641,53.52227660309476,0,2026-09-07 10:52:32
2026-09-07 08:04:00,CNC-01,L,300.50619498951534,308.9450701088852,1524.142436135145,46.56335802510974,167.66954376479444,2.6782809081271437,13.296803729348307,51.25943115271058,0,2026-09-07 10:52:32
2026-09-06 11:27:00,CNC-03,H,296.54499805969687,310.647855586533,1433.4615334690448,47.877918725233656,84.04189592393647,2.1297221304893617,12.62182616441581,59.485724442402244,0,2026-09-07 10:52:32
2026-09-06 15:22:00,CNC-01,L,298.27845971947187,312.56889418416046,1583.0413429536907,48.028320728241916,19.614684421239254,2.2040390826477902,14.238794456973203,52.60063411461386,0,2026-09-07 10:52:32
2026-09-06 13:22:00,CNC-01,L,23.931287226244024,37.584712091835684,1395.3980214278533,48.181226418149194,39.53008992659873,2.0802339767731093,12.490675989674456,58.27928598808492,0,2026-09-07 10:52:32
2026-09-06 19:04:00,CNC-03,H,305.94610641032097,312.4386602708704,2227.576844209733,24.112478102348728,12.724925863229267,2.77850019495584,9.790854675348454,38.55424319583568,0,2026-09-07 10:52:32
2026-09-06 22:08:00,CNC-01,L,299.02838768834124,311.90642324800837,2631.4552178381464,20.38350465120839,88.7771913012576,3.4083454365648294,10.035718144763676,53.984079667633125,0,2026-09-07 10:52:32
2026-09-06 19:57:00,CNC-02,M,300.0727396066291,314.0257041589141,2381.4069008459014,26.094850814431968,143.10147157384458,3.116769066938925,11.699312916240034,54.262098546742926,0,2026-09-07 10:52:32
2026-09-07 08:11:00,CNC-02,M,294.7532920304028,309.2649397560516,1629.5796266015118,46.353951650704,58.51455569906779,2.2349005809568867,14.111941983091313,65.13456272548108,0,2026-09-07 10:52:32
2026-09-06 11:20:00,CNC-03,H,297.00603475335987,311.4013736944436,1399.483275122766,53.33010509889943,72.87476244365094,2.0772412995405127,13.823441322458747,59.64280313796976,0,2026-09-07 10:52:32
2026-09-06 17:21:00,CNC-01,L,299.08867332330874,313.97125414926825,2019.5788979678614,36.42214262418188,190.83069240500615,3.241699523758118,13.60943936341855,50.83620788579463,0,2026-09-07 10:52:32
2026-09-06 23:51:00,CNC-03,H,299.7481958026605,311.70016421289455,2697.4292069654634,15.45981318384765,76.70949008217434,3.2035510520694976,8.100611230305216,54.92535290098992,0,2026-09-07 10:52:32
2026-09-07 00:30:00,CNC-02,M,298.5215171877995,311.11296532532305,2745.342235260319,15.049435324210652,187.65659864013887,3.7635575906033516,7.861787670393131,54.78613238563581,0,2026-09-07 10:52:32
2026-09-07 04:08:00,CNC-02,M,296.16298638701335,310.8923688367415,2352.3744417722396,29.595927014939512,189.68464388305588,3.4755900499847523,12.81971920297127,62.91755511773986,0,2026-09-07 10:52:32
2026-09-06 12:19:00,CNC-02,M,296.6267767251198,311.34668667089835,1406.0161011294942,51.88063797115681,157.34018368863408,2.4312981383328798,13.587159019339138,57.7705009406641,0,2026-09-07 10:52:32
2026-09-07 03:14:00,CNC-03,H,297.94794977729543,310.8611534335977,2581.999427060795,21.115379104268005,69.63608183096086,3.10870513266379,10.187258172471655,54.39060208538936,0,2026-09-07 10:52:32
2026-09-06 23:38:00,CNC-01,L,298.51838831238996,312.04108741796085,2618.56403169229,21.9776918664466,185.28467884647816,3.836483678845268,10.879050266252106,55.130830894196656,0,2026-09-07 10:52:32
2026-09-06 17:04:00,CNC-02,M,299.63843918280236,314.35560900118475,2009.9243123841998,36.572107566730004,137.52016451928722,2.692734499119422,13.674298897988981,54.151544021896676,0,2026-09-07 10:52:32
2026-09-07 05:17:00,CNC-03,H,297.36233152069707,312.0995897956357,2127.0005074025603,32.1441550351373,218.96027589908678,3.4506902966411026,12.77226064272415,54.798423839728414,0,2026-09-07 10:52:32
2026-09-06 17:19:00,CNC-03,H,300.08571735143505,315.2233570897778,1948.8846920443054,40.92934455338645,141.94468598616635,2.6698736377899213,14.89999133465882,,0,2026-09-07 10:52:32
2026-09-07 09:34:00,CNC-03,H,296.7952320743248,0.0,1507.8988618817577,46.85862913511066,126.80026818092118,2.2651738997188944,13.155746606030588,60.875126514930514,0,2026-09-07 10:52:32
2026-09-06 14:38:00,CNC-03,H,298.9497883393332,313.8143589971684,1429.0484349666738,53.65786298409192,137.57021624541818,2.264954274941102,14.383469536989372,54.68648994199561,0,2026-09-07 10:52:32
2026-09-07 01:29:00,CNC-01,L,297.5845397250821,309.96305160229514,2651.4420828577972,17.610438946231614,107.14436697694185,3.3009801488292956,8.671521403772186,57.050663438200786,0,2026-09-07 10:52:32
2026-09-07 03:15:00,CNC-01,L,296.6442565161027,311.22977495022167,2481.3267646646086,28.246821848300016,224.53013806979038,41.1740634616304,13.213428155491297,55.76745909269746,0,2026-09-07 10:52:32
2026-09-07 03:29:00,CNC-03,H,298.17159489289867,311.41699036022214,2300.9408668088236,24.401009728256092,86.93015185624702,2.8753206276796566,10.612178202707327,55.68071281863548,0,2026-09-07 10:52:32
2026-09-06 19:47:00,CNC-01,L,299.5666777170968,313.7655887886771,2140.564434922849,31.5414546240001,161.71823050342135,3.138466332884661,12.816959906215207,55.28538757015613,0,2026-09-07 10:52:32
2026-09-07 01:36:00,CNC-03,H,299.0163043405447,311.9884166052723,2682.3726636308243,18.086035032352726,188.95232035338978,3.66780497405108,9.062840722291774,50.762486923978265,0,2026-09-07 10:52:32
2026-09-06 18:11:00,CNC-01,L,299.1644465216531,313.1462579753258,2238.8796007923706,31.803745006185082,40.10565009820921,2.844045928264716,13.171207411495622,52.85959119145743,0,2026-09-07 10:52:32
2026-09-07 01:53:49,CNC-01,L,297.8097196094253,310.3313851007884,2518.813898828316,19.425446775005863,134.32617000832028,3.301975325473561,9.387407385490004,53.20519942667715,0,2026-09-07 10:52:32
2026-09-06 20:07:00,CNC-02,M,26.560555685937345,40.123551634726425,2414.326664655196,23.231747022660606,155.02528312821875,3.2053505981227723,10.314231902105353,55.80174189150215,0,2026-09-07 10:52:32
2026-09-07 09:22:00,CNC-03,H,296.86189728367134,311.305209917181,1465.257166739491,50.46239851363451,108.35046174917953,2.2177619325116775,13.95130571238504,56.22307021138787,0,2026-09-07 10:52:32
2026-09-07 05:36:00,CNC-02,M,295.4571704895503,309.8733309631702,2057.754836312596,35.18728701198413,73.58744753384165,2.8246313827589873,13.434888584986233,58.58890598746628,0,2026-09-07 10:52:32
2026-09-06 17:01:00,CNC-01,L,299.2740122953761,314.03327137996666,1825.8021735727816,40.404151742688505,163.24858202967675,2.8377913429849584,13.628327631490002,56.240902366082956,0,2026-09-07 10:52:32
2026-09-07 05:20:00,CNC-02,M,295.50934151192723,309.0941756747862,2189.7186322126267,27.973619071081078,52.870692924166136,2.777782179999765,437.9874725210707,58.22070971015974,0,2026-09-07 10:52:32
2026-09-07 04:53:00,CNC-01,L,295.8876168473549,309.73304461173774,2284.7215258716355,28.808471939542247,114.37797630692602,3.1152172028519587,12.25229726142281,59.421548800623334,0,2026-09-07 10:52:32
2026-09-07 02:55:00,CNC-01,L,296.8204205893307,310.6123417555971,2575.7750226322128,23.266494741120663,201.67210810598073,3.837122753953383,11.137743545041541,56.54064701378763,0,2026-09-07 10:52:32
2026-09-07 07:55:00,CNC-01,L,300.8900078323769,309.9343013996418,1771.2333694136748,44.36750096934505,154.3711878037169,2.734536781349182,14.648133710915555,48.22649673459417,0,2026-09-07 10:52:32
2026-09-06 11:50:00,CNC-01,L,297.02362286716016,311.3664675906478,1405.6340213517362,51.489022592993244,133.2850149073876,2.3467780513954444,13.607310834546032,59.20386027013404,0,2026-09-07 10:52:32
2026-09-07 00:16:39,CNC-03,H,299.79498113179477,311.12909100840113,2743.0661442452606,12.396699751042306,103.30117187221181,3.304153036162409,6.3029972690303095,53.48627129702939,0,2026-09-07 10:52:32
2026-09-07 10:00:00,CNC-03,H,296.564907687858,311.1142511102575,1455.4542717977681,51.48628595775468,167.22925279600602,2.4480210435271252,13.869966199576309,55.244607751012175,0,2026-09-07 10:52:32
2026-09-07 07:05:00,CNC-02,M,,310.87470648045104,1896.908919545572,39.3392713263801,194.1994418185651,3.022586792126008,13.838464842433522,60.750801463721224,0,2026-09-07 10:52:32
2026-09-06 11:56:00,CNC-03,H,297.11270280417347,311.3019313553712,1395.2118771804294,51.339527264715635,130.0785549876204,2.2484142813487074,13.495034398147327,58.27722468562841,0,2026-09-07 10:52:32
2026-09-06 21:27:00,CNC-03,H,300.04018439569734,313.4916057980984,2429.6640279031094,23.6941217879242,181.42340132147376,3.4070484172858513,10.640137565497584,48.76142477513602,0,2026-09-07 10:52:32
2026-09-07 09:18:00,CNC-03,H,296.32344081400794,311.0233738478307,1584.9345690600383,48.71942513363893,102.17356853694027,2.2620250415813454,14.698789052234861,57.48785578052284,0,2026-09-07 10:52:32
2026-09-07 09:14:00,CNC-02,M,295.27231535568444,310.4099641219938,1574.555261818239,46.715055446886815,153.18693109665665,2.4796733852190296,13.770051896838183,58.40798227113605,0,2026-09-07 10:52:32
2026-09-07 08:18:54,CNC-03,H,296.77136033668245,311.05047214927316,1755.0501851336012,43.36405055958328,11.859207229993327,2.3401734535374343,14.111462791975063,54.65103390553122,0,2026-09-07 10:52:32
2026-09-06 12:05:09,CNC-03,H,297.23497962131006,311.5247797412001,1425.8961495975918,49.60080868031362,144.28056389760889,2.293168347823217,13.274164116094711,61.90214293343782,0,2026-09-07 10:52:32
2026-09-06 12:25:00,CNC-01,L,296.90291421712766,311.142119601488,1334.4571688740368,49.53968041621331,188.8979331368859,2.7397640500825835,12.494876790551615,56.837615304023636,0,2026-09-07 10:52:32
2026-09-06 23:26:00,CNC-03,H,299.5729866451717,311.1124685179018,2724.1209390462454,14.044691739723792,50.08256236063975,3.2090562937846157,7.132998079786433,51.9026455270986,0,2026-09-07 10:52:32
2026-09-07 00:42:00,CNC-01,L,297.93867599951056,308.5060960011197,2833.960430786363,9.670242890217931,56.57811171891774,3.384441537840082,5.338319346113318,56.2501873530528,1,2026-09-07 10:52:32
2026-09-07 10:31:00,CNC-01,L,294.5419740379991,309.8916362231288,1492.5521286079572,55.43009867672828,194.26893950285344,2.8882229405973874,15.590344799901994,58.56097094651282,0,2026-09-07 10:52:32
2026-09-06 18:17:17,CNC-01,L,299.17825898692695,313.680139548376,2049.4239058471276,,46.69641578435541,2.704522575584056,14.246578316583191,52.27490596520253,0,2026-09-07 10:52:32
2026-09-06 23:19:00,CNC-01,L,298.78661161735397,311.66376511847824,2741.2650786589043,17.95517866978148,165.03108421819323,3.732563640050503,9.306933670144634,50.92454294470289,0,2026-09-07 10:52:32
2026-09-06 17:56:00,CNC-03,H,300.26760599954076,314.8589879735876,2103.40867896772,36.08238588554395,192.24075200026243,3.151898673413268,14.176250371532808,51.40815815707061,0,2026-09-07 10:52:32
2026-09-06 22:02:00,CNC-01,L,299.1739748373679,311.34788915235737,2664.018842170356,16.221804817079498,82.11725397008283,3.2247031217100615,7.835104106843285,50.213207392891995,0,2026-09-07 10:52:32
2026-09-07 10:42:00,CNC-01,L,294.6529376426079,309.67876088168816,1534.756300088168,48.51318205612252,211.64670627900693,3.1911465170746176,14.111944541637104,61.265511750948725,0,2026-09-07 10:52:32
2026-09-07 02:22:00,CNC-01,L,297.35194870916513,310.3606821134474,2790.313540463035,17.581618340483566,164.82490077511366,3.718081910438829,9.126194991788603,54.89324988351136,0,2026-09-07 10:52:32
2026-09-07 09:25:00,CNC-01,L,294.7472753887882,308.93204828524233,1521.4396280715357,47.309653455914265,91.23686438652024,2.2109438214303987,13.457582662418613,62.899971245878845,0,2026-09-07 10:52:32
2026-09-07 08:14:00,CNC-02,M,295.4319326823862,309.9415496585608,1632.128104765505,45.86288023672924,62.98255044533399,2.273954037104955,13.919886015663092,60.830536815691005,0,2026-09-07 10:52:32
2026-09-06 13:53:00,CNC-02,M,297.6859370864798,311.16169908567474,1312.6675207547644,50.52256511711742,,2.014613674110903,12.491503654412751,52.805865451849236,0,2026-09-07 10:52:32
2026-09-06 22:50:00,CNC-01,L,299.0083915774024,311.361186521529,2563.814759073904,18.088639763770768,134.31547611424682,3.256943727447327,8.959506849207521,53.339132891294426,0,2026-09-07 10:52:32
2026-09-06 15:06:00,CNC-02,M,298.5577178294668,313.64486012207334,1615.3490010168084,47.389116215012734,176.5526567634945,2.7235825470953396,14.215415323544262,55.09592867232458,0,2026-09-07 10:52:32
2026-09-06 20:34:00,CNC-01,L,26.479299690282858,41.29741301956102,2292.907639851812,31.357391872431556,217.27710847305923,3.7814671365983825,13.34367812309304,53.488107767957906,0,2026-09-07 10:52:32
2026-09-06 20:41:00,CNC-01,L,26.58304985202858,40.61723260838397,2429.4841786987326,27.210596671498678,225.39066956848973,4.129080399656194,12.412017411928852,51.52358583207247,0,2026-09-07 10:52:32
2026-09-07 05:51:56,CNC-02,M,295.9127976754472,310.04403907932385,1992.6754159507739,33.62521469972838,93.48269756136479,26.59257060514963,12.39145461421002,58.97038765408581,0,2026-09-07 10:52:32
2026-09-06 15:25:00,CNC-03,H,299.131491606047,314.47981052727727,1672.628020771512,47.708390986783144,209.18924318998506,,14.8566210543161,56.67188547036422,0,2026-09-07 10:52:32
2026-09-07 05:13:00,CNC-01,L,295.92151277317026,310.2392264965623,2304.418355863745,30.702266876566867,139.68420768223802,3.0873697810458394,13.01418864768128,61.305340398519405,0,2026-09-07 10:52:32
2026-09-06 12:36:00,CNC-03,H,297.5880380553175,312.02451929529207,1444.513868964582,47.546026393580824,193.61044072509048,2.5688831597400537,12.82562887060872,60.19330719789089,0,2026-09-07 10:52:32
2026-09-07 07:58:00,CNC-03,H,296.57114815905,311.35282983476554,1633.4084599987982,46.66054201096662,200.44883832004237,2.754397987384785,14.216503013834307,56.471959820946246,0,2026-09-07 10:52:32
2026-09-07 04:54:00,CNC-03,H,297.2901951791237,312.26394072721405,2120.1221572026916,35.69584948485887,189.87100821204817,3.2301957131685652,14.087748470675557,58.22196013050838,0,2026-09-07 10:52:32
2026-09-07 00:12:00,CNC-02,M,298.6460812086542,312.0613749852365,2576.800431401725,20.03838888751351,168.538084413396,3.411197815349257,9.94630830552695,53.25889040892773,0,2026-09-07 10:52:32
2026-09-06 12:34:00,CNC-02,M,296.70243233106856,311.37608648046285,1455.4337088405732,51.54374220024637,181.09737936915266,2.57213649941311,14.074535104527627,55.961044354859574,0,2026-09-07 10:52:32
2026-09-06 13:06:00,CNC-01,L,24.57155763450487,37.64834211559844,1380.9816873658206,44.341460059540886,14.205729209668693,2.1047146566572326,11.39705367640479,55.77948550985614,0,2026-09-07 10:52:32
2026-09-06 18:41:00,CNC-03,H,305.90620348549857,314.51502675892175,1945.3336853194246,35.7409489876185,251.11684418596718,3.6247068107489655,13.07092745466451,41.06013945732229,0,2026-09-07 10:52:32
2026-09-06 16:00:00,CNC-02,M,299.26539248117666,313.20179721539074,1725.169815667067,41.2242858113102,45.724644374150834,2.302714674741117,13.454645578493695,53.45375113890887,0,2026-09-07 10:52:32
2026-09-06 11:10:00,CNC-03,H,296.5975454698018,,1352.6627982753673,52.412871927433855,56.98506022993943,2.0687934203862173,13.320327370229398,56.40962622836502,0,2026-09-07 10:52:32
2026-09-07 08:34:00,CNC-02,M,295.2336418362254,309.60661726899605,1453.5147473592926,48.18215713838438,92.56923982003309,2.137233042166992,13.171967682157847,60.39675041638746,0,2026-09-07 10:52:32
2026-09-06 10:52:00,CNC-01,L,296.468041173453,310.35940574267227,1470.1787217395176,45.67058099416106,41.53836727196847,2.1252283192967223,12.249109739634301,56.42253224440333,0,2026-09-07 10:52:32
2026-09-06 13:15:00,CNC-02,M,24.075601166514218,37.666634540147754,1455.7515883085823,45.22931578417651,4.67845382118715,18.867687546964945,12.39034895320166,57.526255323289746,0,2026-09-07 10:52:32
2026-09-07 09:48:00,CNC-02,M,295.1537353995671,310.27627609365123,1418.6096939490294,51.34441405197129,205.63919893512622,2.7779013297501685,13.721612759068035,64.0533428286992,0,2026-09-07 10:52:32
2026-09-06 23:11:00,CNC-01,L,298.6215455133488,310.46010755179617,2751.444663211587,14.404345593608609,156.52943298996453,3.613246393988761,7.485616990193575,53.734777014344665,0,2026-09-07 10:52:32
2026-09-06 22:13:00,CNC-01,L,299.1412297202655,311.7776907369067,2634.7173585859427,19.194614943807693,94.21856455900814,3.1780194056271824,9.139356979648936,55.71968269976705,0,2026-09-07 10:52:32
2026-09-07 10:10:00,CNC-02,M,295.40032788651905,309.4373832959283,1435.621702246668,47.97835167489561,0.0,2.1061246802725577,12.950027863267131,61.591507542867014,0,2026-09-07 10:52:32
2026-09-06 15:01:00,CNC-03,H,299.0750526639366,313.52065013923874,1564.61638490227,45.188167000696865,172.84734440808688,2.473545260504935,13.134754760842258,51.94040402479429,0,2026-09-07 10:52:32
2026-09-07 08:34:00,CNC-03,H,296.9366588222348,311.0531676652709,1721.3485328814616,41.99828965309969,35.410159382498904,2.397632772360917,13.555877340614856,61.495964086557464,0,2026-09-07 10:52:32
2026-09-07 05:04:00,CNC-03,H,297.2673339096276,311.55075671214075,2096.110408512469,31.783972505124595,202.34604160666458,3.247339640581057,12.575085928548715,58.81197004022518,0,2026-09-07 10:52:32
2026-09-07 07:15:00,CNC-02,M,295.712819960701,311.28060114068325,1934.139748435978,40.649960623181975,208.37381167898954,3.246178589606154,14.662193664159217,57.82984871031908,0,2026-09-07 10:52:32
2026-09-07 01:21:00,CNC-01,L,297.6533208931857,308.8068921671946,2709.0078340205373,11.331291154300825,98.51292557866047,3.306198761065419,5.804227043383958,53.073477850858545,1,2026-09-07 10:52:32
2026-09-06 13:41:00,CNC-02,M,24.628641201239475,38.38942885670599,1354.0356169000104,50.523924030779256,45.4737831895588,1.8827240401168266,12.41098502369457,56.33139874683586,0,2026-09-07 10:52:32
2026-09-06 19:11:00,CNC-03,H,300.8248039727443,313.7044389985622,2212.2070976902737,27.318284632222497,21.558418836653154,2.8136228813074355,11.460565098372555,53.949347773054676,0,2026-09-07 10:52:32
2026-09-07 10:30:00,CNC-02,M,295.46973643104866,309.634576152494,1409.867709277527,50.184881819735594,31.520108272793678,2.050622563086529,13.18074823810151,56.04394290036148,0,2026-09-07 10:52:32
2026-09-07 06:12:00,CNC-03,H,297.08042873800804,310.6740194486197,2108.1076565078833,31.775870721292016,51.34779266717211,2.622979588203487,12.484505169029337,54.967962201770625,0,2026-09-07 10:52:32
2026-09-06 15:11:00,CNC-02,M,298.49257149812115,313.1682179030136,1489.7137138793419,48.069438804945435,184.20982840359764,25.781767857840173,13.229111793918758,53.97585055719032,0,2026-09-07 10:52:32
2026-09-06 15:27:00,CNC-01,L,298.5693366759067,312.5446162018179,1596.1491277519053,46.87620301672266,27.12965156268665,2.16433091946524,14.154813841766176,56.42708018536526,0,2026-09-07 10:52:32
2026-09-07 02:21:00,CNC-02,M,297.2160102206135,310.02561828075466,2535.8296533062785,20.736008159054798,66.3763148501769,3.0575110341400817,9.946457723587887,59.754651142222144,0,2026-09-07 10:52:32
2026-09-07 01:28:00,CNC-01,L,0.0,310.13304816066204,2486.5271599422745,21.169105697245904,106.0676911254963,3.074656784061985,9.988934033698445,60.2534134592002,0,2026-09-07 10:52:32
2026-09-06 23:41:00,CNC-02,M,298.83891209484017,312.4934017798625,2726.0335731431915,20.51333940035036,135.43151151272974,3.416765393857513,10.323562879458867,56.969027097932596,0,2026-09-07 10:52:32
2026-09-06 12:07:00,CNC-01,L,297.0542767123509,311.67442488774816,1380.7635065581237,52.702096555041386,160.17348993998235,2.474922257818625,13.606901053519719,58.8325496397323,0,2026-09-07 10:52:32
2026-09-07 05:18:00,CNC-03,H,297.1415288542752,311.71010061613515,57959.46489240788,32.1796063922924,220.23393176823978,32.40034088109292,12.87581926990927,57.38083358960228,0,2026-09-07 10:52:32
2026-09-07 03:13:00,CNC-03,H,298.383731433723,311.03564361150575,2560.0026612358615,20.469768463665076,68.50910448883988,,10.012773719878522,54.57438123820047,0,2026-09-07 10:52:32
2026-09-07 10:17:00,CNC-03,H,297.1421085903282,312.25875441468463,1451.0871043543668,52.039833551375395,193.770716971614,26.065444864195122,14.121462171087543,56.35975073044424,0,2026-09-07 10:52:32
2026-09-06 22:04:00,CNC-02,M,299.43525158692086,311.5033451846341,2555.5821060414473,17.22990708378484,30.816917600641013,3.0441771435790073,7.802410121079354,49.49076977675593,0,2026-09-07 10:52:32
2026-09-07 06:45:00,CNC-03,H,297.0770510148535,310.9923546994509,1974.09670792705,34.0253320624482,96.42359025467165,25.521935417092752,12.484570506045586,55.09568204374911,0,2026-09-07 10:52:32
2026-09-07 06:32:00,CNC-01,L,295.36457872597055,309.2369368989128,1919.041737490046,35.82951017135972,36.38716748717771,,12.61869250874722,58.568953921747664,0,2026-09-07 10:52:32
2026-09-07 08:18:00,CNC-02,M,295.57158154852306,309.5116809090234,1682.1954205476127,39.27613359454706,68.87994624039875,2.3236051288329023,12.237012939605652,63.5831226359292,0,2026-09-07 10:52:32
2026-09-06 23:13:00,CNC-02,M,299.202042515241,312.01006181192344,2620.8083221289326,19.73435222273666,105.52475203285871,3.2321202973049346,9.565805864668668,51.958555234083896,0,2026-09-07 10:52:32
2026-09-07 09:10:00,CNC-01,L,294.8447165180004,309.11311180324844,1449.9252614197524,50.15099754150818,68.0181581547113,2.241225026271161,13.367596287705934,62.468424218358,0,2026-09-07 10:52:32
2026-09-07 08:52:00,CNC-01,L,294.90185816768167,309.43168663307847,1551.944358697306,51.331224233218315,40.5499344250798,2.2616383411708556,15.082843486314692,63.21147772441708,0,2026-09-07 10:52:32
2026-09-07 04:44:00,CNC-01,L,296.127963376448,309.21818433166106,2197.1700089380565,25.801140187299954,103.07234110088136,2.896497884491577,10.632894218107992,58.28675545977581,0,2026-09-07 10:52:32
2026-09-06 12:50:00,CNC-01,L,24.232080604388443,39.4413591361714,1379.6263056988485,55.363426618315444,228.71304598199825,3.2294946682518897,14.511688704908915,54.36153381021451,1,2026-09-07 10:52:32
2026-09-06 17:05:00,CNC-03,H,300.06040451557976,,1656.8107721610593,43.89038665627413,122.44504076111386,2.340949263829514,13.503888886144614,48.48119842560734,0,2026-09-07 10:52:32
2026-09-06 22:25:00,CNC-02,M,299.3457920049886,311.3741660638268,2619.995178464939,16.052972136438328,53.81599628631106,3.166431165701212,7.523031097443457,54.06491205007409,0,2026-09-07 10:52:32
2026-09-06 22:25:00,CNC-01,L,299.02318572860264,310.7671731555634,2676.1281656053734,15.32275628166567,107.19998278973227,3.2831413890319823,7.630874158245083,53.135512262637135,0,2026-09-07 10:52:32
2026-09-06 12:22:00,CNC-03,H,297.59033006240986,312.25928004746083,1468.1177744070537,50.76852552452081,171.36285968974883,2.420231832260493,13.650896513697708,52.70058506660496,0,2026-09-07 10:52:32
2026-09-07 03:35:00,CNC-02,M,296.2873221309465,310.11047934350114,2385.266674579138,25.157645140454413,150.77117803838846,30.72000414977752,11.239487931322664,57.41043995176261,0,2026-09-07 10:52:32
2026-09-06 13:22:00,CNC-03,H,25.10232707718842,38.91906519370315,1356.296234911591,52.24577007595979,19.023942705560188,2.033779253836704,13.38480653888829,52.78412870802117,0,2026-09-07 10:52:32
2026-09-06 18:06:00,CNC-01,L,299.24453660278846,313.1780811300746,1869.0169107994827,37.69724380002332,33.53004793833449,2.389888801905394,12.971737375215868,53.27984215110499,0,2026-09-07 10:52:32
2026-09-06 11:20:00,CNC-02,M,296.42832141595943,310.409083706824,1358.6213969478822,51.06427951697188,63.67407258837554,2.0109752901013866,13.171209244991319,63.52850708562911,0,2026-09-07 10:52:32
2026-09-06 23:17:00,CNC-01,L,298.65226049078836,311.23422499054317,2661.956975850871,17.692650840709668,162.9325174076929,3.58127857813234,9.131687805235485,59.93246565437849,0,2026-09-07 10:52:32
2026-09-07 02:04:00,CNC-02,M,297.3816858008943,309.1579907246005,2763.6168846691708,13.536528487822258,47.54383141860917,3.217392982389557,7.169764928553252,56.95971928618304,0,2026-09-07 10:52:32
2026-09-07 09:57:00,CNC-02,M,295.29510892943006,311.107086406809,1484.5449408635118,54.92750046802428,219.57310180961903,3.0759077503340277,15.421510099926534,60.58964581006302,1,2026-09-07 10:52:32
2026-09-06 17:01:23,CNC-01,L,299.23914775836533,314.2034096004195,1794.0255077196725,43.59880206180361,164.6637603940225,2.9238970876410257,14.416515893887194,53.40397555160966,0,2026-09-07 10:52:32
2026-09-06 22:44:00,CNC-03,H,299.7762061261275,312.3986907642928,2706.375454423604,21.262778631132793,5.392991944945746,3.2107231800283325,10.733104592230472,51.44129009716333,0,2026-09-07 10:52:32
2026-09-06 13:27:00,CNC-03,H,24.7807281506216,38.707074504955074,1583.3037880490424,45.18967561356819,26.81200637498852,2.237018859757884,13.272952693404928,54.43580003818303,0,2026-09-07 10:52:32
2026-09-07 09:35:00,CNC-02,M,295.378702729168,310.12275393996936,1451.0885636768685,48.62602567973619,185.39211684760784,2.5408587757836423,0.0,59.42386103340983,0,2026-09-07 10:52:32
2026-09-06 14:47:00,CNC-03,H,298.93003990064454,313.60825831718097,1520.442845421725,48.01170405693023,151.45558253262496,2.366174226067979,13.762150447144457,53.67408858440128,0,2026-09-07 10:52:32
2026-09-07 09:50:00,CNC-02,M,295.4538389088804,311.1909258511592,1399.405042760554,56.01274230221645,208.8033239569988,2.748830961888564,14.360785784153466,57.32419955983651,0,2026-09-07 10:52:32
2026-09-07 10:44:00,CNC-01,L,294.99151880817897,309.830006804085,1389.217941608252,52.35020464520132,214.8427510197179,3.046340454717735,13.603149688716027,59.55786539216263,1,2026-09-07 10:52:32
2026-09-06 16:48:00,CNC-03,H,299.5532672677118,314.4387995763266,1901.4540345630523,41.98793270098672,98.66050972258915,2.621031095645112,14.906946035284646,51.56945948785999,0,2026-09-07 10:52:32
2026-09-06 16:37:00,CNC-01,L,299.0059266025805,313.40438346561103,1707.8877909331873,41.09637038036188,129.4771391127799,2.486130677196136,12.982796261510753,53.64077381401393,0,2026-09-07 10:52:32
2026-09-07 10:02:00,CNC-03,H,296.84560127274665,311.2462706166121,1340.6771515421292,50.902971556368556,170.37450011966462,2.352399354471049,12.676555898649784,56.9763212809239,0,2026-09-07 10:52:32
2026-09-07 01:47:00,CNC-02,M,297.4612543562068,309.8483892736108,2624.786949203764,19.30472687940531,28.92791281907122,3.1080111498417224,9.576090096232292,52.848554955560054,0,2026-09-07 10:52:32
2026-09-06 19:30:00,CNC-01,L,299.4897232894393,312.9004097091965,2392.60016525649,24.62239310437208,141.06762959498985,3.1862068131062764,10.992665340159522,52.01670638016944,0,2026-09-07 10:52:32
2026-09-07 07:52:00,CNC-01,L,300.47936249370827,309.09029611166414,1714.8285981310369,41.9408697807542,149.97027199359437,2.714279059855611,13.441106008118894,50.3338342144191,0,2026-09-07 10:52:32
2026-09-06 23:27:00,CNC-03,H,299.6473522330498,311.9093153495727,2739.746376111736,16.73866869829932,51.152661740674816,3.282213553847003,8.81480373671469,53.25277434879754,0,2026-09-07 10:52:32
2026-09-07 00:37:00,CNC-02,M,298.72900837237734,311.7420769314037,2814.477150509058,16.650906905947444,194.9792805004993,3.975387958389431,8.604685089774122,55.26616849239052,0,2026-09-07 10:52:32
2026-09-07 04:09:00,CNC-02,M,296.20589260548593,309.80715804676134,2471.5210858258083,22.42132943185796,190.84639787038645,3.5617878242322516,10.62130594002594,56.223621216228125,0,2026-09-07 10:52:32
2026-09-06 23:22:00,CNC-01,L,298.83395168559275,311.21556874320277,2748.885144554481,15.667181965570864,168.25293208069152,3.7129259681115068,7.855658238445694,55.90474171904033,0,2026-09-07 10:52:32
2026-09-06 20:37:00,CNC-02,M,31.921359133744886,39.79821723391626,2535.0771480236326,24.10262560666517,189.90654376620685,3.667221301790242,11.34041197904076,42.6488458418368,0,2026-09-07 10:52:32
2026-09-07 05:01:00,CNC-02,M,295.4929496298185,309.4862339442702,2327.23812387625,29.753949370075222,28.753087776496507,2.9562206950307885,12.777945586574512,58.988901503571114,0,2026-09-07 10:52:32
2026-09-07 09:16:00,CNC-03,H,296.6369054931538,311.79259863132165,1557.6935018697823,52.82753392565091,99.11163064880522,2.2116049031829808,15.512443103968707,56.96430066551784,0,2026-09-07 10:52:32
2026-09-06 19:44:00,CNC-01,L,299.5140710051923,313.78949029370835,2295.645858823811,29.557567490911833,157.98657390484482,3.325172206836285,12.517924194944166,52.73769674861528,0,2026-09-07 10:52:32
2026-09-07 10:33:00,CNC-01,L,294.7493774687677,309.5352946115164,1529.8762246622591,48.973733837817505,197.40515430942688,3.0014973000616916,13.64537874951602,54.74796358250386,0,2026-09-07 10:52:32
2026-09-06 11:51:00,CNC-03,H,297.11217403047584,311.79210074943893,1385.6121118906076,54.328018320900384,122.08235645732366,2.1950383481796356,14.161033723559294,55.16314098518989,0,2026-09-07 10:52:32
2026-09-06 13:01:00,CNC-02,M,24.120552271720783,38.919899585395854,1513.410020857777,48.56127572290628,223.95916272671934,3.013269895781208,13.80194503561587,52.81742851241024,0,2026-09-07 10:52:32
2026-09-07 04:20:00,CNC-02,M,295.9605653135599,310.74314742230234,2157.362292872898,32.84418759724727,204.36849669348706,3.3558988780329697,13.275283320870004,55.50457649391134,0,2026-09-07 10:52:32
2026-09-06 12:28:00,CNC-03,H,297.380657816282,312.22145253011183,1380.8801918650663,53.37958445319908,180.9438185605784,2.300713286206467,13.79542370467714,56.02660730693192,0,2026-09-07 10:52:32
2026-09-07 01:29:00,CNC-03,H,299.2139080745769,312.09196739192885,2457.8489708664133,20.760848986945607,181.43617917779014,3.4205674016171606,9.50408928780355,54.74046099096365,0,2026-09-07 10:52:32
2026-09-07 10:38:00,CNC-03,H,297.2517079774029,312.0427268341335,1380.9874490654838,51.46148037340206,226.80315077601432,27.86335781435733,13.253742551278956,61.58842405878267,0,2026-09-07 10:52:32
2026-09-06 11:54:00,CNC-03,H,297.12032192939745,311.7577985518806,1403.7874969055272,52.9743064455849,126.8785549876204,2.1402268450546456,13.89699891087739,57.615088574220856,0,2026-09-07 10:52:32
2026-09-06 17:58:00,CNC-03,H,300.4739881030956,315.34918005052515,2033.7238451260519,36.01948793922755,194.89663712597232,3.203387136214367,13.893971784500543,53.23726718566443,0,2026-09-07 10:52:32
2026-09-06 19:54:00,CNC-02,M,299.7418178886808,313.9714496414411,2416.8780865220983,27.637352450760616,139.524027607225,3.1820963061329124,12.341290336965264,52.26703172791025,0,2026-09-07 10:52:32
2026-09-07 06:13:00,CNC-03,H,296.9606892260238,310.66046618337936,2023.5459511378065,33.223079690948104,52.697064861519785,2.625843513015565,12.601195641088001,57.51816059919291,0,2026-09-07 10:52:32
2026-09-07 07:06:00,CNC-02,M,295.23243960082783,311.2457488104083,1906.24489780036,43.265982742748115,195.6187860201541,3.154793893769346,15.637352485998637,54.45087566176095,0,2026-09-07 10:52:32
2026-09-07 07:19:00,CNC-01,L,295.1991713037093,308.7421909690774,1805.867148956568,34.23721563288234,102.41744270298861,2.454372352055776,11.5635483509854,62.823009911623714,0,2026-09-07 10:52:32
2026-09-07 03:20:00,CNC-02,M,296.6335745486619,309.6302573262617,2466.0810471586956,20.314527007442457,133.29118002135567,3.0941461869799656,9.48739321400322,61.728552229797785,0,2026-09-07 10:52:32
2026-09-07 07:22:00,CNC-01,L,295.5740886264519,309.62040422181593,1638.509704508847,39.67777138232215,106.663643471875,2.387982178844327,11.937048122493279,61.38280539396444,0,2026-09-07 10:52:32
2026-09-07 06:04:00,CNC-03,H,296.9796469552068,310.51042271721985,1996.20871862373,33.023930823460475,40.68781796326341,2.5614155939709584,12.444186607885863,57.93244065159067,0,2026-09-07 10:52:32
2026-09-06 21:38:23,CNC-01,L,299.55016208651364,311.89330417419484,2736.5803605323163,17.6540498670924,54.46319568600886,3.2177088517446,8.898894466704922,50.95808879513663,0,2026-09-07 10:52:32
2026-09-07 00:16:00,CNC-01,L,298.2794908472132,308.3117996710261,2797.425996830525,7.206124809150212,28.771839801835856,3.2234209770167634,3.5996437678711324,56.207342915138476,1,2026-09-07 10:52:32
2026-09-06 19:20:00,CNC-02,M,299.5698499819191,312.5654905893154,2236.1870523218417,24.046643025496046,98.03767191586057,2.863999686401859,9.980170143953366,53.473568701656866,0,2026-09-07 10:52:32
2026-09-06 22:19:00,CNC-03,H,299.97502685461683,313.03929168162404,2566.5094604533633,18.807404318403137,238.38090659937828,3.921935352278386,9.079510303052121,55.445476389872,0,2026-09-07 10:52:32
2026-09-07 06:18:00,CNC-02,M,295.5930896042106,310.6076730308472,1960.9062282798848,38.04223668051132,129.23942791633655,2.725779267451462,14.14904812453785,60.67366639779034,0,2026-09-07 10:52:32
2026-09-06 14:43:00,CNC-01,L,297.6037017810113,312.23315417517085,40574.11676924869,50.525201169731936,,2.508030620575835,14.126353465167522,54.772349027981555,0,2026-09-07 10:52:32
2026-09-07 05:38:00,CNC-01,L,295.37357569088425,309.76826320792674,2072.1572664771984,32.57214428109713,172.2251482131671,3.130540261024751,12.975411862199103,59.9781468357614,0,2026-09-07 10:52:32
2026-09-06 12:08:00,CNC-02,M,296.756605457073,311.19133798634044,1420.708825307026,49.93378638887642,139.783276645069,2.3156173089068983,13.392615880688949,53.49093481075721,0,2026-09-07 10:52:32
2026-09-06 12:28:00,CNC-01,L,297.0822656195166,312.12588202198,1353.45315169177,55.617822348453714,193.68844723031373,2.7240962303867122,14.09636090194378,54.54478116558537,0,2026-09-07 10:52:32
2026-09-07 08:05:00,CNC-01,L,300.5551522467544,309.38602211978457,1720.5585217480755,45.02963008947969,169.12965663980938,2.8529879346323916,14.509259370668925,45.956580427285225,0,2026-09-07 10:52:32
2026-09-07 09:16:00,CNC-01,L,294.9058286288015,309.2285688288932,1452.138001703453,48.51474948539997,77.34221153786518,2.031077577549675,13.325462937860522,59.55517865255237,0,2026-09-07 10:52:32
2026-09-06 11:42:27,CNC-01,L,296.4972383100096,311.06291766602305,1375.6922953741177,53.60055957272676,120.661286938957,2.28191093929332,13.732644234170804,58.70556324627849,0,2026-09-07 10:52:32
2026-09-07 07:00:00,CNC-03,H,296.7948957864022,,1740.4941611748043,40.9561293818197,116.97822504695938,2.4034695602831837,13.538920945431219,57.249016457249326,0,2026-09-07 10:52:32
2026-09-06 16:53:00,CNC-01,L,299.32304299370327,314.03494468851204,1880.3085397544896,39.73538799592487,152.08070233977114,2.8087713694419523,14.194890198942774,50.5072542254009,0,2026-09-07 10:52:32
2026-09-07 01:43:00,CNC-01,L,297.45293608135233,310.4800070993529,2694.07668461371,19.58994853948985,122.25069454452871,3.313155460145503,9.833488731703042,54.982070372380036,0,2026-09-07 10:52:32
2026-09-07 03:49:00,CNC-02,M,296.1786070151117,310.2561266525009,2483.47572407624,24.333387285448417,167.08485321509616,3.426692035012529,11.237554356055293,56.122935627289145,0,2026-09-07 10:52:32
2026-09-06 20:01:00,CNC-02,M,299.7083005524594,313.76446418695764,2284.409098106327,28.95438261492133,147.891114182782,29.63732139612287,12.677291822724737,49.649256167370716,0,2026-09-07 10:52:32
2026-09-07 06:59:00,CNC-03,H,296.81227972151174,311.8753639276309,1964.1122815974934,40.770788291397594,115.5518097722902,2.691112382439327,14.936499060383612,54.177696418227136,0,2026-09-07 10:52:32
2026-09-07 07:31:00,CNC-03,H,296.49369381222033,311.07507803143994,1726.6660605826262,41.8871619119904,161.01728608988932,2.740740100502027,13.484788015125611,62.48761931094396,0,2026-09-07 10:52:32
2026-09-06 22:35:00,CNC-02,M,299.0248137018488,310.96760918680303,2601.6844670540954,16.57645493351404,64.74995143921655,3.051713172546574,8.059993830074086,54.487326966238875,0,2026-09-07 10:52:32
2026-09-06 11:55:00,CNC-01,L,296.92447987237966,311.16501318490504,1346.0998083534307,49.291868960245864,141.23031619914732,2.2415796967359674,12.197818469877964,62.19345392309259,0,2026-09-07 10:52:32
2026-09-06 22:51:00,CNC-02,M,299.4592319925195,311.4362889850409,2748.955841172951,15.030021476811052,82.13388773597886,3.452087701819405,7.821396583725099,48.92883464351011,0,2026-09-07 10:52:32
2026-09-07 07:09:00,CNC-03,H,296.854960040795,311.26147955552693,1775.1081658144649,39.88783589867255,129.64030564437317,2.5628890690561126,13.470603202646132,58.98057010942723,0,2026-09-07 10:52:32
2026-09-06 14:59:00,CNC-01,L,298.03383102141464,312.97873895525987,1504.7014657451318,49.15845053127819,189.92318941478564,2.774162941018382,13.669809924731291,52.31940271783335,0,2026-09-07 10:52:32
2026-09-07 05:53:00,CNC-02,M,295.79156928569074,310.29548969879363,1839.4108907596465,39.06758622438452,96.16613760657502,2.5169376271014716,13.382213966069534,57.48333484939521,0,2026-09-07 10:52:32
2026-09-07 02:13:00,CNC-03,H,298.7679065235052,309.7712629842285,2828.651945317831,11.270955866908716,1.03,3.350390654238834,5.84427315888717,58.038389492997496,1,2026-09-07 10:52:32
2026-09-06 12:48:00,CNC-02,M,23.982179713310302,39.025578646049325,1446.2596361661324,53.80138069338195,203.28526328154217,2.8228783280841654,14.358855750203015,56.045419001204095,0,2026-09-07 10:52:32
2026-09-06 11:36:00,CNC-01,L,296.4294441959858,311.7440207587315,1518.2753658351537,54.679914525146614,111.20884433471007,2.3059152547961035,15.563099141403553,56.705987749964514,0,2026-09-07 10:52:32
2026-09-07 08:17:00,CNC-02,M,295.0912767288836,309.41920704477525,1766.7615352445464,40.778008763598095,67.42709628756741,2.420880884693238,13.481390578832668,61.68200131779288,0,2026-09-07 10:52:32
2026-09-07 02:34:00,CNC-03,H,298.51518502478467,310.78862089958886,2698.6536076109905,17.829919499873125,24.365466272700456,3.2024160672573734,8.870010509806384,50.000271044292354,0,2026-09-07 10:52:32
2026-09-06 14:42:00,CNC-03,H,299.05530088604365,314.02055594582293,1627.9149277836439,47.824730711223005,143.73735459845662,2.491513901772314,14.442659184089758,49.415739537269104,0,2026-09-07 10:52:32
2026-09-07 04:30:00,CNC-03,H,297.5510312263081,311.3578105847663,2144.7222441602407,28.847644512303955,160.14161545263383,2.9005382374932926,11.499541758097097,52.800519612185774,0,2026-09-07 10:52:32
2026-09-06 17:55:00,CNC-02,M,299.6629344452231,314.1883996715721,2053.750054088046,32.81077904851052,207.12561581354905,3.389559421399475,12.652122862457803,51.58783663490438,0,2026-09-07 10:52:32
2026-09-07 07:48:00,CNC-01,L,295.14797815600843,309.76622237673115,1758.835278787402,42.57372653892133,144.14733354451397,2.759816257687966,14.009332094640424,57.83726060760533,0,2026-09-07 10:52:32
2026-09-06 23:14:00,CNC-03,H,299.6670994081183,311.8381177950966,2744.1866108242725,16.588961927694587,37.32707261308775,3.2402061692621325,8.48926570601748,55.71523323306854,0,2026-09-07 10:52:32
2026-09-07 07:28:00,CNC-03,H,296.77210204603733,311.49566344482577,1763.5147924788203,42.67586264197359,156.70467850630868,2.6126144061430474,14.174399434452505,54.38230691160417,0,2026-09-07 10:52:32
2026-09-07 04:40:00,CNC-01,L,296.5849448134519,310.1184671820521,2271.5256932419784,27.335575362479787,98.08367989084579,2.9114471607129375,11.368813606568207,53.90682380861558,0,2026-09-07 10:52:32
2026-09-06 15:21:00,CNC-01,L,298.37892772612923,312.42886433218155,1685.9102865524192,43.14997130338397,18.09737889647134,2.33757624698787,13.435800584272888,55.54588590799203,0,2026-09-07 10:52:32
2026-09-06 11:07:00,CNC-01,L,296.6398085903099,310.7596382835121,1393.2066339666117,49.688774041834954,65.27781406533477,2.1914220394989607,12.929413318543782,56.89631452906023,0,2026-09-07 10:52:32
2026-09-06 20:43:00,CNC-03,H,27.05789508656966,40.24847868629854,2464.497354513082,22.4159647450915,131.82761001260664,3.1693680636141637,10.369237390496185,51.95197333679121,0,2026-09-07 10:52:32
2026-09-06 13:09:00,CNC-03,H,24.605842585843845,39.09058906487695,1319.370967775722,53.495057115118904,245.85637819225514,3.037422786307188,12.987379674295683,55.849835340728255,1,2026-09-07 10:52:32
2026-09-07 08:37:00,CNC-01,L,300.60716550274907,308.5275210754455,1644.2535825669324,41.22911878916685,17.911090123867822,2.162187871058539,12.508002460514072,51.27139848237873,0,2026-09-07 10:52:32
2026-09-07 01:08:00,CNC-02,M,298.1993054374482,311.9239769194202,2629.918559234018,20.99264678496243,227.94385362657482,4.107470872563199,10.363463994721458,53.9694834417901,0,2026-09-07 10:52:32
2026-09-06 21:37:00,CNC-02,M,299.352554219947,311.8448325561409,2395.946522252084,20.248389312060144,1.1805030352575967,28.966152160861302,9.139305179504888,55.363475327229864,0,2026-09-07 10:52:32
2026-09-07 03:38:00,CNC-03,H,297.89109830564786,310.8076629483958,2500.9678583863824,20.068860910382906,97.31327482526352,3.074085159744207,9.390283760348709,55.481292970063976,0,2026-09-07 10:52:32
2026-09-06 19:07:00,CNC-01,L,299.51314577943424,313.68058559000764,2062.866151844113,33.40856706810039,,2.859204219587295,13.227828268259866,51.55171128088608,0,2026-09-07 10:52:32
2026-09-07 01:15:00,CNC-02,M,298.10924953769575,311.29465570356547,2659.3193019116616,17.48649027800809,235.38416998498454,4.206875126361972,8.880467287690665,53.70193052537506,0,2026-09-07 10:52:32
2026-09-06 17:14:00,CNC-03,H,299.75331991714904,314.19516578912055,1744.38432849155,41.81633884751281,134.97945538695902,2.6343588100795805,13.654677689183934,49.71344610366856,0,2026-09-07 10:52:32
2026-09-06 14:22:00,CNC-01,L,297.6672195317392,0.0,1488.5162692311073,53.36566848667639,133.22605408684913,2.2843620969294167,14.844669627319737,56.46565102531964,0,2026-09-07 10:52:32
2026-09-06 19:02:00,CNC-02,M,299.6407480317815,312.96276836230885,2131.6082874344256,27.100431761266062,75.52306525417164,2.8203012069295315,10.722129340315586,51.29375435339642,0,2026-09-07 10:52:32
2026-09-06 14:35:00,CNC-03,H,298.9642404421501,313.16950780635466,1362.430363223956,51.95674466271621,132.99250850882288,2.2171039704228352,13.39886800432291,55.85183265619737,0,2026-09-07 10:52:32
2026-09-07 07:52:00,CNC-02,M,295.2229267029227,309.43266359108463,1604.4061138767906,45.16441457888031,30.543323891000533,2.3662384645142076,13.652206641147016,59.19567340682015,0,2026-09-07 10:52:32
2026-09-06 13:00:00,CNC-02,M,23.944150678993196,38.77145180369837,1344.4508969226433,53.00952273912908,222.43261855975413,2.8440278322568093,13.340423970442183,59.968202180415005,0,2026-09-07 10:52:32
2026-09-06 21:34:00,CNC-01,L,299.1385672251884,311.3323214860497,2627.8916321802317,17.947864739973696,51.14160135793763,3.189875767533639,8.945288536998506,52.453991432588865,0,2026-09-07 10:52:32
2026-09-07 02:11:00,CNC-01,L,297.4585394680838,310.2657845049435,2583.5785103047206,19.734880615378884,152.7223334072238,34.40357317828929,9.47056331682452,56.8434328086513,0,2026-09-07 10:52:32
2026-09-07 01:55:48,CNC-02,M,297.33142126989355,310.2935090312613,2588.873596285957,20.764190455295996,39.92080959621353,27.28185221906541,10.367898007530565,55.54871739698002,0,2026-09-07 10:52:32
2026-09-06 19:37:00,CNC-02,M,299.8822781428208,314.52975584535153,2348.389373452849,32.05487959095396,119.04363453873863,3.0635420203528976,13.992740006302816,52.2317398427249,0,2026-09-07 10:52:32
2026-09-07 03:08:00,CNC-01,L,296.9710355540867,310.47054530169,2481.2280978076774,21.67452956318514,216.45052694605187,4.123524833080315,10.210385339753444,54.960217147427436,0,2026-09-07 10:52:32
2026-09-06 16:00:00,CNC-03,H,299.41717943509565,313.4046010481343,1790.4751381226206,39.83584638719305,29.543165023668184,2.494770868592345,13.556319639613708,52.10179224053643,0,2026-09-07 10:52:32
2026-09-06 20:31:00,CNC-02,M,31.75503103620173,39.85061999089504,2491.5322541990367,25.311585330370626,183.09163230403732,3.4893520379351046,11.807008572676748,42.23771971643967,0,2026-09-07 10:52:32
2026-09-06 15:01:00,CNC-01,L,298.23460131949753,312.9529432460979,1523.7520217750166,47.731352465799276,192.94601845007455,2.8829554851839703,13.623789646022122,54.43572533369358,0,2026-09-07 10:52:32
2026-09-06 22:06:00,CNC-02,M,299.4465128517443,311.92006464195754,2592.991558875601,18.10907472551568,33.05041703617324,3.0656847070614717,8.858610419436346,55.9004328029041,0,2026-09-07 10:52:32
2026-09-07 09:17:00,CNC-03,H,296.5711170448181,310.8106445293146,1498.1312153918232,46.63873392860452,100.63806130983052,2.178886037248428,12.96192777709431,1478.6968724775372,0,2026-09-07 10:52:32
2026-09-07 03:41:00,CNC-01,L,296.7624299224333,309.9172329336271,2385.5534836029747,24.724622214502517,26.68506574092566,2.9299272662653366,11.299717594299715,55.62000641221769,0,2026-09-07 10:52:32
2026-09-06 21:43:00,CNC-01,L,299.4473803331629,311.62287505262174,2576.235429229473,18.267140710671008,61.096562541645135,3.1246605130112837,8.817663468776292,56.45391578269647,0,2026-09-07 10:52:32
2026-09-07 05:40:00,CNC-01,L,295.647267574195,310.84836674486274,2054.7281787843945,39.50166590600354,174.8488419293052,3.136805176005299,15.228276569489157,58.350479877853424,0,2026-09-07 10:52:32
2026-09-06 15:13:00,CNC-02,M,298.77957593836834,313.71155156204395,1729.0456460394394,42.43492584799671,187.12151549068503,2.809356883068002,13.753637118365383,54.57890931494516,0,2026-09-07 10:52:32
2026-09-07 00:10:00,CNC-01,L,298.5259275863722,309.258440726728,2808.04181892,10.07321363923759,22.396029777946126,3.2520061280370536,5.116389690085896,52.764502340585786,1,2026-09-07 10:52:32
2026-09-07 08:18:00,CNC-01,L,300.7068907729292,309.5569504597721,1710.2112661877181,43.744622859426336,188.36023035783933,2.9307762040455465,14.17741260078418,50.21216994944323,0,2026-09-07 10:52:32
2026-09-06 20:53:00,CNC-01,L,26.241782977843513,38.50380956284812,2388.1338382043837,19.892234488761595,4.579426163727493,2.9474939030220946,8.93304279146277,53.51376039694953,0,2026-09-07 10:52:32
2026-09-07 07:50:00,CNC-02,M,295.27723063238534,309.79631938851537,,41.544446758990425,27.545720673063503,2.2870050357631198,13.80643795007582,59.30182577620543,0,2026-09-07 10:52:32
2026-09-06 17:06:00,CNC-03,H,299.9487894770551,314.64783337864367,1877.7375105254532,40.56994475286828,123.84112781217651,2.7203692029116766,14.284470311895836,52.31121541610231,0,2026-09-07 10:52:32
2026-09-07 10:32:00,CNC-03,H,296.95342706907763,311.95190673359326,1414.9849217332753,52.58982903767375,217.29253712806263,2.6866929121019143,14.00124223993331,,0,2026-09-07 10:52:32
2026-09-07 08:32:00,CNC-01,L,300.859597058081,308.35464775608483,1557.739414897121,41.99878167309642,10.403687697998068,2.041030256216303,12.277909336910495,47.98574181151812,0,2026-09-07 10:52:32
2026-09-06 13:40:00,CNC-03,H,25.19488018164367,38.929326654333295,1490.9694306681151,44.170202532895274,47.216930235551395,2.2399766687157543,12.480543964968975,52.451991122478205,0,2026-09-07 10:52:32
2026-09-07 08:27:00,CNC-01,L,300.5995428689215,308.2825810285424,1646.8078399951257,41.38951427695925,0.0,2.2214045104104563,13.004290442501505,51.03359286579433,0,2026-09-07 10:52:32
2026-09-06 18:55:44,CNC-02,M,299.5364289024151,0.0,2167.7273025882446,32.47109967585179,66.80174328932782,2.722422000142225,13.260343903007941,48.80974321528054,0,2026-09-07 10:52:32
2026-09-06 18:55:00,CNC-03,H,306.137632864338,313.225996230772,2274.205737324867,26.347341401730112,1.2563563222931298,2.925561599026553,11.396967703463375,37.000098135633195,0,2026-09-07 10:52:32
2026-09-06 11:12:00,CNC-02,M,296.5821812684861,310.4171368436802,1344.6262953555386,50.68960762933899,51.0021976562788,1.992807883031968,12.689097697279905,56.88523037531007,0,2026-09-07 10:52:32
2026-09-06 13:49:00,CNC-03,H,298.53851376372756,312.28015918844426,1455.958276929013,46.44038527879595,61.41238237338778,2.158566784763891,12.817917607301322,53.882326286317536,0,2026-09-07 10:52:32
2026-09-07 10:14:00,CNC-01,L,294.8079846230623,309.2557510771096,1345.1829585157175,52.887055903021526,167.5321335790981,2.471681012675566,13.104929514385102,59.64163276168317,0,2026-09-07 10:52:32
2026-09-06 18:59:00,CNC-03,H,306.2608578124828,313.334517084346,2365.1543736292756,25.970707343478537,6.3805863322612435,3.0232006675161727,11.297712707554656,40.96227673871672,0,2026-09-07 10:52:32
2026-09-07 05:16:00,CNC-01,L,295.6801602842326,309.73179387654017,2180.974630749852,30.598687546836896,143.5478384682379,3.058735429293685,12.453012904754317,59.72456697313095,0,2026-09-07 10:52:32
2026-09-06 21:42:59,CNC-03,H,300.0343630930605,313.00922815539053,2649.5598537581504,18.171777187969862,200.39659113109533,3.763672362189086,8.970625809918864,54.70565134603209,0,2026-09-07 10:52:32
2026-09-06 11:02:00,CNC-03,H,296.64415986106013,310.1716151594996,1546.9159628476173,43.054211857522446,44.263143580086854,2.216015265838006,12.253773976759673,58.55982600432725,0,2026-09-07 10:52:32
2026-09-06 18:57:00,CNC-03,H,306.1606601252187,314.19859419997704,2027.0717839771066,36.17211597300428,3.8650345714655536,2.644120047390105,13.758128858928062,39.95187779351827,0,2026-09-07 10:52:32
2026-09-06 14:08:00,CNC-01,L,297.7119281212349,311.5946254594636,1403.632970356191,46.81256652087991,111.50663152478126,2.262024054481571,12.219209266589301,58.90573888917172,0,2026-09-07 10:52:32
2026-09-07 08:52:00,CNC-02,M,295.23365603072165,309.74540201245753,1590.595297324423,44.49821049571131,119.51655196751841,2.3436829676046345,13.225890402703905,61.423354055172105,0,2026-09-07 10:52:32
2026-09-07 04:01:00,CNC-01,L,296.44927071113227,310.22643356095386,2344.870511195705,27.863168979008293,50.45790209964299,2.952094008305704,12.188833039500798,61.25215187048131,0,2026-09-07 10:52:32
2026-09-06 22:32:00,CNC-01,L,299.00395036676946,310.4956878627999,2610.671939919738,12.995337655088505,114.7648414490384,3.278771938985402,6.256646920287553,57.086218148261636,0,2026-09-07 10:52:32
2026-09-06 12:47:00,CNC-03,H,24.540876181173985,39.20033724100955,1478.8963820428262,47.65094271538137,210.91294560944934,2.716238631277933,13.25844279355598,55.34521477384482,0,2026-09-07 10:52:32
2026-09-07 10:05:00,CNC-03,H,297.03564914427216,312.19728996531603,1452.0837650211017,55.6791266946233,175.0682327246428,2.4502560256506802,15.098368252175499,56.556307385275645,0,2026-09-07 10:52:32
2026-09-06 19:01:00,CNC-02,M,299.49150802555135,313.08695835290774,2210.5218063232787,27.191800979853763,74.27090605956451,2.914992330147543,11.281949336346766,54.143272417627315,0,2026-09-07 10:52:32
2026-09-06 22:31:00,CNC-02,M,299.0974967488242,310.5433415487184,2677.506189106143,13.187214027840678,60.306119797354995,3.1197868032738967,6.509011663408826,50.523838754085304,0,2026-09-07 10:52:32
2026-09-07 08:35:00,CNC-01,L,300.6842384925125,308.1663277427896,1566.137690188632,43.64013282005079,14.91078484596286,2.168204191693124,12.757990087547608,56.28603721426462,0,2026-09-07 10:52:32
2026-09-06 13:54:00,CNC-03,H,298.82137523928134,313.0729931271033,1435.995995758939,50.8435977359894,69.23643300839075,2.1102486397358864,13.827783892762959,52.65437873538353,0,2026-09-07 10:52:32
2026-09-06 22:59:00,CNC-03,H,299.6900746472013,311.4648977355335,2648.774908400522,145.86544966837934,21.536793489787634,3.185609977184375,8.480957249769318,50.87066189766271,0,2026-09-07 10:52:32
2026-09-07 07:23:00,CNC-03,H,296.7710587690323,311.66509228628456,1868.6867001344665,41.213684507008324,149.54907763337332,2.6362849352931854,14.546066543504514,57.93563181988761,0,2026-09-07 10:52:32
2026-09-07 07:18:00,CNC-03,H,296.3658644835247,311.2603626853069,1683.5590421605193,45.45790187934212,142.45823186457721,2.483929614390439,14.48998573849328,57.67152152307921,0,2026-09-07 10:52:32
2026-09-06 14:24:00,CNC-01,L,297.7926629589978,312.3964044096166,1491.1638532644156,50.0650878998995,136.3429577341323,2.3950116272502475,13.97370171335151,49.98353149515725,0,2026-09-07 10:52:32
2026-09-06 20:33:00,CNC-01,L,26.21448222097797,40.00817731291227,2485.6085699682217,24.623063560951906,216.0554119370162,3.9626636547630185,11.27376070793002,48.48006385829038,0,2026-09-07 10:52:32
2026-09-06 13:30:00,CNC-02,M,24.481816950504196,38.498559544379475,1434.2423996067596,48.99366628367183,28.172219287358548,2.106904206351486,13.139453547531643,56.28673352507172,0,2026-09-07 10:52:32
2026-09-06 20:16:00,CNC-02,M,26.759059096224973,39.998308780714524,2479.943905365037,21.927291861417885,165.47726633654358,3.3642804727782414,9.943004770367516,50.699013321868215,0,2026-09-07 10:52:32
2026-09-07 07:18:00,CNC-02,M,295.6519851533207,311.55799969103225,1961.5980920962863,43.252915980988035,212.50296394238032,3.3304809862734657,15.775610771883846,60.2694090186385,0,2026-09-07 10:52:32
2026-09-06 23:00:00,CNC-03,H,300.15862127368763,311.0539714802126,2709.1998448760037,10.92552050348073,22.576237593681068,3.298757940379248,5.2747634123465135,51.89395480745488,1,2026-09-07 10:52:32
2026-09-07 05:46:00,CNC-03,H,296.962965205262,309.9125135031885,2266.292589947743,26.374205657691864,16.81568916568844,2.8299525100830967,11.220201376402924,55.17774154777922,0,2026-09-07 10:52:32
2026-09-07 03:40:00,CNC-02,M,296.4403936828292,310.09767626985104,2458.47397829409,23.247432360233773,156.60361267433737,32.812670251663455,10.803790596611826,58.547512155251624,0,2026-09-07 10:52:32
2026-09-06 17:15:00,CNC-01,L,299.1829065675606,313.5735059153368,2047.3975175677983,34.89146170141801,182.67903193203085,3.2000331719183563,13.158646271127239,58.0064344779031,0,2026-09-07 10:52:32
2026-09-07 07:16:00,CNC-03,H,296.68136659129163,310.9350529350506,1872.8909227823665,37.373434378429224,139.58442172546899,2.6861025363768176,500.56391436320195,53.79576052883215,0,2026-09-07 10:52:32
2026-09-06 19:50:00,CNC-03,H,300.3413071393441,313.21026935087826,2507.129663519683,20.989903059233665,69.2378221157227,3.0488299571330346,9.583877731293967,50.25480411756712,0,2026-09-07 10:52:32
2026-09-07 10:18:00,CNC-02,M,295.445010223552,309.82432917213436,1549.7298037371525,48.754904729249226,12.498796233756163,2.1953417638604553,14.02467113697691,57.926867288818286,0,2026-09-07 10:52:32
2026-09-07 10:02:00,CNC-01,L,294.7376429165094,308.65672694671196,1257.8486833624797,51.27883169955796,148.834651075437,2.2616324870187814,12.058310078107148,62.49932937867784,0,2026-09-07 10:52:32
2026-09-07 05:25:00,CNC-02,M,,310.0589793573023,2058.2945600737194,33.19625546394019,59.28666985107209,2.7030749112956314,12.938058781491083,58.38979564234516,0,2026-09-07 10:52:32
2026-09-07 06:29:00,CNC-01,L,295.5028568264126,309.0973796098085,2016.6969209760325,32.47251736680894,32.37954672700629,25.68337562123354,12.175005778594587,58.54259795747045,0,2026-09-07 10:52:32
2026-09-07 03:43:00,CNC-02,M,296.2877590476953,310.8229849343889,2390.521737214978,29.361918985826634,160.14102917869909,3.247188906224774,12.828572170650286,59.51291843754935,0,2026-09-07 10:52:32
2026-09-07 00:00:00,CNC-03,H,299.7694220059168,312.7641647198646,2568.1773749037425,21.49112719254581,86.30466439726348,3.0797881320571325,10.59497724991291,52.00100055726717,0,2026-09-07 10:52:32
2026-09-07 04:15:50,CNC-03,H,297.3894506911859,311.23939775456483,2276.4091299757874,28.028125592261564,144.103523210392,3.025769036623114,11.816094083231683,53.784666647136966,0,2026-09-07 10:52:32
2026-09-06 20:06:00,CNC-02,M,299.94019006961696,313.0730827838903,2517.1858032650634,20.927733516393214,153.84485881789894,3.329474528697571,10.089016771833512,50.57342509966881,0,2026-09-07 10:52:32
2026-09-06 14:02:00,CNC-01,L,297.7882491778077,311.79524146004235,1371.8009310405578,49.88198919264789,102.10660806702244,2.099663281069978,12.837367448549966,57.8299927486324,0,2026-09-07 10:52:32
2026-09-07 10:13:00,CNC-02,M,295.425080900514,309.7769748331658,1381.8836629102902,51.75296614975669,4.679853077853121,1.9663385423192692,13.532788650757759,58.88509880089935,0,2026-09-07 10:52:32
2026-09-07 04:58:00,CNC-01,L,295.93576896242575,309.69625111493315,2147.7206688493657,29.439247270966774,120.66468504041313,2.952260312176558,11.926036736430923,55.92321614575673,0,2026-09-07 10:52:32
2026-09-06 15:57:00,CNC-01,L,298.852993982343,313.1999808909343,1750.6629184570936,42.60485165982057,71.79416648390375,2.4935245108461377,13.964179646360979,48.60551607271153,0,2026-09-07 10:52:32
2026-09-06 21:00:00,CNC-02,M,31.825778528728563,40.133758078768835,2651.7800374779404,24.13302219537995,216.0636329465708,3.873402508711628,12.240172570999354,40.079237965392984,0,2026-09-07 10:52:32
2026-09-07 03:22:00,CNC-02,M,296.4855004868991,309.7549026228596,2388.3771128642616,22.01705243761579,135.60533362897695,31.44753957254442,9.898057853878582,59.665181869442634,0,2026-09-07 10:52:32
2026-09-07 00:36:00,CNC-02,M,298.60844938552276,311.8973339050469,2711.6488831394067,18.58039874351124,193.9492805004993,3.794036881907619,9.238189537817636,53.09070880775061,0,2026-09-07 10:52:32
2026-09-06 23:13:00,CNC-03,H,300.14021620577626,311.068856456015,2801.3568485603414,11.182399129444075,36.275493100515355,3.2851186459712323,5.83180646653673,52.461464786563056,1,2026-09-07 10:52:32
2026-09-07 01:24:00,CNC-01,L,297.5245991663183,309.9315315628859,2722.8070209934235,16.85011664976707,101.65067276423326,3.39731748173764,8.549379381055298,56.869089816844486,0,2026-09-07 10:52:32
2026-09-06 15:05:00,CNC-02,M,298.3375699386843,313.38893887481345,1679.3515180372935,45.99890181357378,175.052555602339,2.749068269175027,14.357535870186457,58.40069208431867,0,2026-09-07 10:52:32
2026-09-07 05:31:00,CNC-03,H,297.22739928585753,311.7867719877193,2207.1786617321304,31.224492295363028,237.24790479351992,3.540515475755952,12.63791985756609,,0,2026-09-07 10:52:32
2026-09-07 00:24:00,CNC-01,L,298.4592947917977,309.91402397746026,2637.6324840781667,13.918769331226931,37.293668611901325,3.064408579729309,6.970411085463449,57.566999992404966,0,2026-09-07 10:52:32
2026-09-07 03:29:00,CNC-01,L,296.8459487177239,309.50557427044345,2402.0613095426206,23.24433155960991,12.640511662141506,2.946086610080771,10.551046589675456,55.92246200174464,0,2026-09-07 10:52:32
2026-09-07 02:23:00,CNC-03,H,298.6552890324538,310.50457617922916,2566.8868585188407,17.449438024867852,12.064632364665584,3.094230036327146,8.299573122254865,56.76057812316952,0,2026-09-07 10:52:32
2026-09-07 08:13:00,CNC-03,H,296.66637545218634,309.44147535140905,1720.3969780545956,34.50924021394917,4.473687161775782,22.811238702466163,11.343610368567774,57.36596192802185,0,2026-09-07 10:52:32
2026-09-07 01:52:00,CNC-01,L,297.54591991525433,311.01730605356965,2694.4583584163306,20.62647758304267,132.13795112884569,3.527854085424918,10.371032458156536,55.50427781276366,0,2026-09-07 10:52:32
2026-09-06 13:18:00,CNC-02,M,24.083846669827324,37.261675811688974,1540.611714615061,41.63537265492975,9.390855730877568,2.130000562818464,12.095827041408322,51.46471841605464,0,2026-09-07 10:52:32
2026-09-06 20:23:00,CNC-02,M,32.00456439287217,39.70102432422931,2366.328670654509,23.855380804753345,173.75615671835754,3.3482441040998068,10.673126403037058,33.01102118659389,0,2026-09-07 10:52:32
2026-09-06 14:36:00,CNC-02,M,298.6659768214618,313.1521624700175,1564.931607693379,45.24472384568414,130.7978044110724,2.281110966912095,13.333805610028469,55.23884478422144,0,2026-09-07 10:52:32
2026-09-06 16:47:00,CNC-03,H,299.5961923915478,313.65429001707946,1886.9549849482992,37.67380782250864,97.247791728132,2.6022542457961215,13.05337158015827,52.776945260308814,0,2026-09-07 10:52:32
2026-09-06 11:24:00,CNC-03,H,296.70564799283073,311.0647111880321,1456.8452782969746,51.791491263222845,,2.19787823252788,14.191200733123853,58.05460657993308,0,2026-09-07 10:52:32
2026-09-07 02:32:00,CNC-01,L,296.95616203362516,309.2656020471911,2695.7880667701247,15.892083365233391,175.92510522946716,3.656809163691689,8.002481247531662,57.951568092545884,0,2026-09-07 10:52:32
2026-09-06 14:59:00,CNC-03,H,298.99986326322943,313.73538543109237,,51.38735682634435,169.75008952834446,2.3806000410718315,13.70373869506893,46.687222212724585,0,2026-09-07 10:52:32
2026-09-06 18:11:00,CNC-02,M,299.5528046040229,312.9033727216034,2153.5972134052563,29.786083834533883,10.525894420020757,2.7746839730837762,11.871142161719074,56.24457144258294,0,2026-09-07 10:52:32
2026-09-06 19:18:00,CNC-02,M,299.827456339757,312.93792411383765,2339.6625565461873,23.776238331923782,95.5788303481779,2.953860775918106,10.761586433165826,53.10980390275054,0,2026-09-07 10:52:32
2026-09-07 09:09:00,CNC-02,M,295.37370926024414,310.4135981977048,1595.4315663617758,46.47402025039653,145.50541576557086,2.493838046627749,13.814204942808487,61.30105602628777,0,2026-09-07 10:52:32
2026-09-06 19:06:00,CNC-03,H,306.26256869606976,312.80747409789154,2295.650601428465,23.30971677317917,15.248935097685928,2.754374690918986,9.974335319620387,41.327993517781316,0,2026-09-07 10:52:32
2026-09-06 19:09:00,CNC-02,M,299.6704968357704,313.63166302975594,,30.209111336242717,84.38481784475799,2.751605459215723,12.56607552085901,52.952871931737505,0,2026-09-07 10:52:32
2026-09-06 23:05:00,CNC-03,H,300.0070722498154,311.3697576949106,2703.9981953443717,13.42149144237877,27.903624013043682,,6.63687364547865,48.433920909762556,0,2026-09-07 10:52:32
2026-09-07 03:32:00,CNC-01,L,296.68116130935977,309.178090808414,2248.487415954683,22.386192966361303,16.19156075134105,2.827423864281219,9.697465565478055,56.039198235651796,0,2026-09-07 10:52:32
2026-09-06 11:53:00,CNC-01,L,296.8080446956876,311.23618199015704,1436.3686285194435,49.934464168955515,138.0387885655507,22.25172937785852,13.382207313500771,56.08879916014861,0,2026-09-07 10:52:32
2026-09-07 04:07:00,CNC-03,H,297.6378874184933,311.5540916723696,2293.9041663798325,28.867337927087856,131.94413481804432,2.987324919560428,12.303683920145088,53.62044823478675,0,2026-09-07 10:52:32
2026-09-06 11:37:00,CNC-03,H,296.9358415502536,310.86667145136016,1403.8983767204381,46.32852811090771,99.81340823418518,2.114064582498001,12.035885861875489,59.54221511256634,0,2026-09-07 10:52:32
2026-09-06 22:47:00,CNC-01,L,299.0917756340782,311.1215175832658,2790.5333257477364,14.391493809978757,130.97673086942186,3.4427453222495377,7.372837100718622,50.017510407411116,0,2026-09-07 10:52:32
2026-09-06 20:38:00,CNC-02,M,32.001003987271474,40.29422155007103,2474.2299430338066,25.228557574778545,191.04424727489544,3.5756442682474074,11.847711484300511,41.662173990791935,0,2026-09-07 10:52:32
2026-09-06 22:50:00,CNC-02,M,299.36665051122503,312.36437464844676,2565.907911818245,20.56526330501323,81.09582093961812,3.190986789229108,9.69665222797803,52.303134634862026,0,2026-09-07 10:52:32
2026-09-06 16:38:00,CNC-01,L,298.7886950945435,313.11137768835687,1833.9785981686994,40.02920689133175,130.9020168467656,2.677935546235891,13.801017510485803,53.726201096840796,0,2026-09-07 10:52:32
2026-09-07 00:55:00,CNC-02,M,298.1204746601836,310.5071281751295,2700.880071334713,13.353697496195844,214.03831379431236,3.9800957807805424,6.770983304095099,52.88284802668284,0,2026-09-07 10:52:32
2026-09-07 10:11:00,CNC-01,L,294.9018786133509,310.3801438531115,,52.60552198068311,162.81604800056587,2.7173552931676346,16.191277183091703,64.63528482323201,0,2026-09-07 10:52:32
2026-09-07 05:40:00,CNC-02,M,295.9300858420958,310.317052544904,1948.5225540918466,35.478037023404994,78.9313412547334,2.6508380240652207,13.068257583934859,62.28622523720149,0,2026-09-07 10:52:32
2026-09-06 23:50:28,CNC-01,L,298.58318565166417,310.30414851238413,2754.441530609107,15.419608250388238,1.0725347356762105,3.2402394990917514,7.716186047747902,55.46284598124419,0,2026-09-07 10:52:32
2026-09-07 01:47:00,CNC-01,L,297.2641100714505,309.3650556790592,2652.7556821841367,15.347337444722024,126.62775010828277,3.374738140840451,7.736504530314852,55.67054557033604,0,2026-09-07 10:52:32
2026-09-07 08:21:00,CNC-02,M,295.1364399788722,310.2084695736432,1707.1205143543084,46.36904682537941,73.31058905343494,2.3305056262675046,14.772489845759896,62.074192225962584,0,2026-09-07 10:52:32
2026-09-07 03:08:00,CNC-02,M,296.80973202886634,310.02732209479194,2525.7207978932,21.779277409993384,119.48754124338585,3.2938679433436495,10.358600274798215,58.86882688445944,0,2026-09-07 10:52:32
2026-09-07 01:49:00,CNC-01,L,297.55673512310267,309.90812542784994,2567.872438432558,17.382422097592087,128.82279681879746,3.3311750569476555,8.231105176893717,56.45657096939399,0,2026-09-07 10:52:32
2026-09-07 03:16:00,CNC-01,L,296.9252918273263,311.0788089518765,2504.2502930118644,25.48304130652939,225.6839016117798,4.304298781074855,12.113252513722596,58.150175621841115,0,2026-09-07 10:52:32
2026-09-07 03:00:00,CNC-03,H,298.21364927254854,310.4790027540822,2645.636603402656,17.840604045406415,53.634429569260476,3.2202710794366114,9.01072134246531,55.44343874831178,0,2026-09-07 10:52:32
2026-09-06 11:49:00,CNC-03,H,297.23314606101974,311.92546669518566,1536.5460171456457,49.42649908336955,118.89729954819443,2.2819676264612534,14.1123383474157,50.89902446060624,0,2026-09-07 10:52:32
2026-09-07 00:11:00,CNC-01,L,298.15201505584855,309.1613415400293,2714.3256128567236,12.968776962679371,23.461419979028683,3.2884692287187605,6.872118976414691,57.977826588908684,0,2026-09-07 10:52:32
2026-09-07 00:43:00,CNC-02,M,298.116796529059,311.18965559622444,2677.0063805436203,18.82481281420574,201.26709432665334,3.871083584328941,9.433373049752614,60.76104534584024,0,2026-09-07 10:52:32
2026-09-06 15:17:00,CNC-01,L,298.3907144128279,311.60510165255806,1450.6374174385294,42.75987774572599,12.10012918691847,2.1497295578654136,11.62871929180365,56.44432443947599,0,2026-09-07 10:52:32
2026-09-07 00:42:00,CNC-02,M,298.1141150449954,311.2758186128183,2710.956973774778,18.01385028199111,200.1832088863642,3.836097330862174,9.330709909751892,54.76403546491717,0,2026-09-07 10:52:32
2026-09-07 01:55:00,CNC-01,L,297.3840944422731,309.8529883233884,2583.0969537538654,17.48769674340532,135.4110519223045,3.383584342456175,8.453426347681415,60.33201090559851,0,2026-09-07 10:52:32
2026-09-06 13:04:00,CNC-01,L,24.315119600585717,37.88655741092799,1398.2519179904532,48.52889611498416,11.087320974871366,2.096998018977385,12.808550087252476,50.988486568925765,0,2026-09-07 10:52:32
2026-09-07 04:35:00,CNC-03,H,297.6743982199365,311.9381455839084,2390.5034249245145,27.31290913538697,166.25730945147473,3.288902158384927,12.172535444708515,54.248727868511295,0,2026-09-07 10:52:32
2026-09-06 17:08:00,CNC-03,H,299.5400726726617,314.062994810344,1839.6178114150105,41.49274740115721,126.68133653844617,,14.172406246927128,48.66166310351261,0,2026-09-07 10:52:32
2026-09-07 09:23:00,CNC-03,H,296.8459981609606,311.24480684580453,1433.6917880597678,49.87359021901586,109.90337950313764,2.0744745467556336,13.216334432342205,55.27060578944187,0,2026-09-07 10:52:32
2026-09-06 18:53:00,CNC-03,H,306.12565536291265,315.3430232800871,2340.8947685202374,31.124162176645534,266.4716643767414,4.2037770426536785,13.737337416808518,41.13424119919791,0,2026-09-07 10:52:32
2026-09-06 12:48:00,CNC-01,L,24.32786725087533,39.72387920515763,1406.9623725411648,55.33778089898421,225.53771202291452,3.195843798107254,14.407239620333138,56.81959512281758,1,2026-09-07 10:52:32
2026-09-06 11:26:00,CNC-02,M,296.64427647788483,310.8229695960931,1453.1769023055788,49.92716541583301,73.2049441421854,2.139769791235054,13.527247969861072,55.10165394890225,0,2026-09-07 10:52:32
2026-09-07 03:00:00,CNC-01,L,297.00350575527125,310.22419872454975,2598.737732909755,19.75219133009283,207.25196811929715,4.0334885132492575,9.89642771745048,57.948013224491454,0,2026-09-07 10:52:32
2026-09-07 08:21:00,CNC-03,H,296.6649910366096,310.96943553533407,1601.0806557477356,46.23183242297353,16.217700661570277,2.2557717777969746,13.917997461953496,53.9108541016747,0,2026-09-07 10:52:32
2026-09-07 05:56:00,CNC-01,L,295.5089727637199,310.5466987395605,2068.347344316236,37.502120061735354,195.9082679248619,3.4417046190593537,14.155678416940797,60.094880056513496,0,2026-09-07 10:52:32
2026-09-06 11:44:00,CNC-03,H,297.07061203665893,311.6662411065942,1368.5235165176264,53.93443691842313,110.95893944300104,2.104586827871367,13.90273234211505,60.7437807209115,0,2026-09-07 10:52:32
2026-09-07 04:40:00,CNC-02,M,295.7211312715304,308.2104264834238,2356.12100048283,20.427679476492187,2.4235637674871846,2.9860648051665057,9.015975575907314,59.77530533486509,0,2026-09-07 10:52:32
2026-09-06 11:13:00,CNC-02,M,296.1147346446932,310.0162949067405,1433.3612970734266,48.30519192189303,52.58801285641021,2.0278217732043426,13.087037594562066,53.02336392209849,0,2026-09-07 10:52:32
2026-09-07 02:38:00,CNC-01,L,297.0716700991519,310.9100320331544,2464.4489222684138,24.685392676128636,182.6671998831772,3.5569186925380194,11.571573153502527,54.6073155949861,0,2026-09-07 10:52:32
2026-09-07 01:12:00,CNC-01,L,297.88118919217055,309.7043535105396,2591.055934043313,15.9453870627166,88.86682976857232,3.332629767309544,7.724653212988975,55.808718623981136,0,2026-09-07 10:52:32
2026-09-07 06:58:00,CNC-02,M,295.4484736884703,310.959725444169,1844.0092366880751,44.52136412592446,184.4564153177174,3.050324655511466,15.676012903238993,61.365893323043586,0,2026-09-07 10:52:32
2026-09-06 23:51:00,CNC-01,L,298.3597791489257,310.61864909389675,2534.7436936257177,19.855082183060937,2.1748629584076458,3.240674890455085,9.679428995232653,57.69109489996738,0,2026-09-07 10:52:32
2026-09-06 15:05:00,CNC-01,L,298.0373360059666,312.79450652971406,1493.6450185444346,48.874665025816626,199.10854878048457,2.8572804943971275,13.540348921669336,53.87086632178416,0,2026-09-07 10:52:32
2026-09-06 18:47:00,CNC-03,H,306.3518615986614,315.7238913365245,2090.108782637402,36.53269683836366,258.8039117852847,3.803326457943605,14.35435461950023,41.089864078870846,0,2026-09-07 10:52:32
2026-09-06 23:57:00,CNC-01,L,298.24251043133984,309.4067621650624,2684.207140394429,13.965002210410324,8.54490509742967,31.00765715263559,6.967074124139195,58.761316268050244,0,2026-09-07 10:52:32
2026-09-06 12:28:00,CNC-02,M,297.15756199629124,311.5566298888225,1363.4389916362654,52.62617889588037,171.61454811362415,2.3987939896741453,13.542382927573268,56.10612606417898,0,2026-09-07 10:52:32
2026-09-07 08:50:00,CNC-02,M,,309.6562772595083,1624.3349206770524,41.745062504403755,116.51369276777942,2.426716384753893,12.638142076176447,55.66637579860891,0,2026-09-07 10:52:32
2026-09-06 19:21:00,CNC-01,L,299.57250465889933,313.1756483536711,2301.8592667276566,25.977617420182384,129.73075293754934,3.0073600027693246,11.104608431162701,52.8276571565271,0,2026-09-07 10:52:32
2026-09-06 22:24:00,CNC-02,M,299.22833295528983,311.42828034079247,2709.0242127086362,16.2762120038121,52.704056134849026,3.178955726025252,8.252245803832633,52.407223464254464,0,2026-09-07 10:52:32
2026-09-07 05:40:04,CNC-03,H,297.2974374389619,310.4202591745077,2153.4033340031706,28.816629909795935,9.00454770462359,0.0,11.928573918853726,55.847215916561574,0,2026-09-07 10:52:32
2026-09-07 01:50:00,CNC-03,H,299.04260183958894,312.0772538026029,2553.7153796095176,18.083093405318657,204.1078755185129,3.7630998918487357,8.504780865664241,54.10081023380661,0,2026-09-07 10:52:32
2026-09-07 05:44:00,CNC-03,H,297.1101380725698,311.19444099476243,2139.6023157382947,34.28583533470181,14.216054517953545,2.684416983317026,13.837729191094075,55.90319354006338,0,2026-09-07 10:52:32
2026-09-07 03:25:00,CNC-01,L,296.62221128080256,308.6626103594149,2595.6110082307077,19.622976242961194,8.039297220039014,3.116222045673789,9.71307114756255,59.647610005126566,0,2026-09-07 10:52:32
2026-09-06 18:40:17,CNC-02,M,299.7098722433931,312.6546005193515,2168.3080762724394,25.50785833064873,47.953876356772675,2.776259005456295,10.249948765750345,49.24967280682932,0,2026-09-07 10:52:32
2026-09-07 09:29:00,CNC-02,M,295.21959831624565,310.4020074229905,1353.6252468999273,54.313145152649874,176.18515998257726,2.2683215293445893,13.769885731694723,63.18775805443674,0,2026-09-07 10:52:32
2026-09-06 11:28:00,CNC-02,M,296.6808488001507,311.2060968231848,1431.0178881042743,52.43224347596586,76.35402669789498,21.157683364577366,14.035989498223746,54.20022089431752,0,2026-09-07 10:52:32
2026-09-06 11:01:00,CNC-02,M,296.49474480305537,309.91017035845664,1393.7145878454453,45.665638369783565,33.67230186770659,2.138233132184273,11.934113210720836,58.238722232003454,0,2026-09-07 10:52:32
2026-09-07 05:55:00,CNC-03,H,297.102475634177,311.1347556317697,2061.495903679517,293.2036796123955,28.679690136333992,2.6639404095693147,13.004381348684534,54.52011886834726,0,2026-09-07 10:52:32
2026-09-07 05:09:00,CNC-01,L,295.90796058066513,309.35692389923713,2215.018000837223,27.02981082123313,134.61451238624463,29.1220092612046,11.346820412209572,62.006166121112564,0,2026-09-07 10:52:32
2026-09-06 19:36:00,CNC-03,H,300.5415708054925,313.514701100709,2312.6633504660535,24.374405301280003,52.28401600662113,2.888775212954793,10.449192459799256,49.70471532067221,0,2026-09-07 10:52:32
2026-09-06 22:30:00,CNC-02,M,299.3435098747298,311.29188178158324,2805.1327947319915,14.621324476726748,59.23755746408362,3.514741070321806,7.610621566630697,52.00331237625821,0,2026-09-07 10:52:32
2026-09-06 22:48:00,CNC-03,H,299.9322390934953,312.26694335931995,2758.2874272061927,17.78073684728677,9.6662037735171,32.53146942554561,9.174282329773348,54.660456812150386,0,2026-09-07 10:52:32
2026-09-06 19:48:00,CNC-02,M,299.6777057177736,312.8530559705678,2392.974777651194,22.800481494847848,132.24491952666398,30.11314763260974,10.309186779073434,51.14063017174532,0,2026-09-07 10:52:32
2026-09-06 18:19:00,CNC-02,M,299.55758947380497,313.1537044115952,2067.0259296936606,32.18574561488628,21.008382348806464,2.559448320888878,12.53669384586084,54.16999645853215,0,2026-09-07 10:52:32
2026-09-07 03:31:00,CNC-03,H,297.9222276201379,310.9488490993849,2543.556486701712,22.346032201262958,89.20509917200653,3.1079638561775123,10.804700977705913,51.15616728885486,0,2026-09-07 10:52:32
2026-09-07 09:47:00,CNC-01,L,294.4587199505923,308.99507641084807,1413.6553734563977,52.97625930980095,125.44098948485292,2.2096451229663594,14.084925282281569,63.40654563889934,0,2026-09-07 10:52:32
2026-09-07 03:53:00,CNC-03,H,297.4811855448499,311.17124503142634,2353.9229988964403,26.177161908567445,115.1661911504893,3.084989863392963,11.440385494361879,53.605997309633864,0,2026-09-07 10:52:32
2026-09-07 06:11:00,CNC-03,H,297.21572399896814,309.7822545177392,2012.359088629645,26.275057399064757,50.04317577118263,,9.751488657342495,57.46660778319218,0,2026-09-07 10:52:32
2026-09-06 18:07:00,CNC-01,L,299.1797218887949,312.0550348734032,2021.0968004642075,28.66225362833542,34.86693997714988,2.6097317242756466,10.970400517475056,51.24555088973494,0,2026-09-07 10:52:32
2026-09-07 00:09:00,CNC-02,M,298.57792190632307,311.8570230358081,2590.9938377283916,19.40672512135237,165.25267389016747,3.3894037960792756,9.190496555006037,50.300174444529915,0,2026-09-07 10:52:32
2026-09-07 03:35:00,CNC-03,H,297.9314695429606,310.7817011034929,2507.150209760257,20.26487220499215,93.8365629690001,3.0801783308970765,9.599509476502229,54.21119623839419,0,2026-09-07 10:52:32
2026-09-07 05:56:00,CNC-03,H,297.16757746336816,310.69097635243446,2006.2076472462722,32.354679799872635,29.988929934452933,2.46939444190973,12.276126380834173,53.02399090105223,0,2026-09-07 10:52:32
2026-09-07 02:00:00,CNC-03,H,298.9954332678881,312.54174576938567,2781.4321351209346,20.143629928539706,215.10980470533548,3.830353216685755,10.29835881538579,,0,2026-09-07 10:52:32
2026-09-07 06:56:00,CNC-02,M,295.2431942484635,310.479013479736,1861.0200821772776,39.9839730842051,181.61501866389978,2.8357533290047994,14.203352220140179,58.46019360138845,0,2026-09-07 10:52:32
2026-09-07 06:36:00,CNC-03,H,,311.27833071908833,1869.5016806326337,37.744311026521636,84.09311175953538,2.566795819776587,13.319421705203284,57.92222818845477,0,2026-09-07 10:52:32
2026-09-06 12:54:31,CNC-03,H,24.73034019088385,40.07958322711147,1401.3325965951915,54.47541903185041,222.06271673351316,2.810420291397919,14.269699689470812,52.926044560736706,0,2026-09-07 10:52:32
2026-09-06 12:34:00,CNC-03,H,297.4258683178348,312.57327075043474,1342.3924832059377,57.22997370582323,190.50450027224215,2.460640973593783,14.45885375628726,55.133522633469696,0,2026-09-07 10:52:32
2026-09-06 23:57:00,CNC-02,M,298.62101002157686,311.1057125602599,2652.324134887048,16.725606930675294,152.3974799764174,3.3887219685893584,8.125476966732155,52.16946027428707,0,2026-09-07 10:52:32
2026-09-06 13:02:00,CNC-02,M,24.405103889008785,39.51074371291037,1384.6510563449538,52.69798747437434,225.55916272671934,3.008501591613013,13.688348610169745,54.859508953802944,0,2026-09-07 10:52:32
2026-09-07 00:33:00,CNC-03,H,299.5921944713041,312.0901046381002,2865.2845426355857,15.680260843791501,121.44722523885356,3.5092111628695655,8.773648272015501,51.83064466518567,0,2026-09-07 10:52:32
2026-09-07 07:15:00,CNC-01,L,295.3905990972356,309.1520247799176,1796.824066208286,35.91787539595324,96.6613339737288,2.446509649403361,11.95480142103928,61.93731196842897,0,2026-09-07 10:52:32
2026-09-07 02:41:00,CNC-02,M,296.8044821170167,310.0857594302142,2614.934445454769,20.808970791266706,89.01486682175862,3.1839258166135442,10.279743673377515,53.358587678307146,0,2026-09-07 10:52:32
2026-09-07 08:12:00,CNC-02,M,295.1037424987002,309.24642171844937,1576.748014375825,45.60489924541606,60.03709238622991,2.193738354065232,13.436430281374456,57.770179337058565,0,2026-09-07 10:52:32
2026-09-06 22:52:00,CNC-03,H,299.9456780585126,311.9545970057988,2710.094825531688,17.51743365440814,13.961688692101614,3.194738031893169,8.863224892434289,52.1041190040171,0,2026-09-07 10:52:32
2026-09-07 06:36:00,CNC-02,M,295.74309751481945,310.26482271837847,1843.76582382921,38.4115455366445,153.95193353635415,2.6761329345565996,12.978348388760116,59.42589836164612,0,2026-09-07 10:52:32
2026-09-07 04:33:00,CNC-01,L,296.559386921603,310.0931467737465,2320.576438068919,26.860316229352225,89.4483422748905,2.890196901458537,11.782481079423746,60.3258770687494,0,2026-09-07 10:52:32
2026-09-06 12:52:00,CNC-02,M,23.86018291754357,39.101101493196836,1405.6744937119865,56.307946676081926,209.68526328154215,2.740460947935742,14.955474868621701,56.824982066180546,0,2026-09-07 10:52:32
2026-09-06 23:40:00,CNC-01,L,298.31444941884365,311.43738323877506,2487.8580701535216,20.34516056540237,187.57410331104026,3.6714849342288587,9.50682539540176,49.15655197786416,0,2026-09-07 10:52:32
2026-09-06 19:00:00,CNC-02,M,299.6958789528009,314.3367583514706,2115.1182205004843,36.43469853908183,73.0430620742601,2.7567396224885825,14.625712979127918,51.7362280630643,0,2026-09-07 10:52:32
2026-09-07 06:30:00,CNC-02,M,295.85320188204014,310.30245106157605,1869.9029223491482,37.01154944330421,,2.7584317318846105,12.893791789622252,56.42400432485659,0,2026-09-07 10:52:32
2026-09-07 09:07:00,CNC-02,M,295.1510251820201,310.6662852549777,1654.5933862993295,49.25116188141817,142.44552409445075,2.589978167929558,15.591555602709564,56.96987375259852,0,2026-09-07 10:52:32
2026-09-06 22:42:00,CNC-01,L,299.14145489905724,311.6551596403895,2796.946959221382,16.90789751429307,125.59691322635318,3.4565753507717316,8.598158547210838,54.51441891586345,0,2026-09-07 10:52:32
2026-09-06 13:24:00,CNC-02,M,24.20771374421963,38.5404861648592,1590.5250146532253,46.85526880037777,18.791804433688057,2.2434843515166527,13.93215044775888,54.65439645693113,0,2026-09-07 10:52:32
2026-09-06 20:46:00,CNC-01,L,26.069682167149722,38.885590054837394,2612.4236006855504,17.522680927764927,231.03559634247827,4.354993955189893,8.700002363403076,50.18810374853184,0,2026-09-07 10:52:32
2026-09-06 13:14:19,CNC-02,M,24.279820853800686,38.03833252070751,1442.8769141985367,48.35206956509369,1.5728030886454212,2.126532000525266,12.734794360400638,56.236570390656304,0,2026-09-07 10:52:32
2026-09-07 00:09:28,CNC-03,H,299.7604425751383,311.92069586431876,2617.766014897122,16.648204314084293,95.87634879334365,3.1721097271061236,7.931859727557955,51.918726254277445,0,2026-09-07 10:52:32
2026-09-07 02:31:00,CNC-03,H,298.5823141005024,310.6174731817407,2608.299804645097,17.004977064278386,21.0103692829643,30.48331688780761,8.346690681591259,54.31127969227499,0,2026-09-07 10:52:32
2026-09-06 19:49:00,CNC-02,M,299.7736475317757,313.89530798912637,2312.4122325849416,28.560851859942066,133.47506328485386,2.978882701933129,12.616499476126323,50.784560260265295,0,2026-09-07 10:52:32
2026-09-06 21:30:00,CNC-03,H,300.2609105240637,314.2955572881467,2442.263131015732,26.494433864943844,184.80520563914894,3.418014101317869,11.96863664132708,55.483546225424476,0,2026-09-07 10:52:32
2026-09-07 06:04:00,CNC-01,L,295.5130416208303,310.83311960290496,1945.3098914500586,40.94831067954451,206.56435111211903,3.4161867822241248,15.004472375094881,61.9310699760776,0,2026-09-07 10:52:32
2026-09-06 22:41:00,CNC-01,L,298.8147961853089,311.14521251592106,2813.029485203719,15.193727513536265,124.55313375643547,3.585312957431652,7.904962609139595,51.82327863108682,0,2026-09-07 10:52:32
2026-09-07 08:27:00,CNC-03,H,296.74607169481163,310.8414748538374,1797.9775108646675,42.32683115352222,25.03991062830463,24.408750885747086,14.07331616832154,60.98813014157647,0,2026-09-07 10:52:32
2026-09-07 10:46:00,CNC-01,L,294.78362172118176,309.7892565430823,1376.1192844660504,57.34360372498475,218.04275101971788,3.0698279975804903,14.738121922194843,57.301568700515396,1,2026-09-07 10:52:32
2026-09-06 15:20:00,CNC-03,H,299.34616208703613,314.5750418993359,1573.8621881080655,48.66009905865967,201.7166751138781,2.825160067306557,14.30875735625786,55.1171597774547,0,2026-09-07 10:52:32
2026-09-07 09:08:00,CNC-02,M,295.28181778629255,310.2902824499748,1490.3023342526194,49.832537478091034,143.98797676218297,2.353965383787041,13.866414053937895,60.30547459892526,0,2026-09-07 10:52:32
2026-09-07 01:43:00,CNC-02,M,297.65650097986696,309.5356016835584,2699.0683584409476,16.0930402684983,24.570382500560115,3.301228524147816,7.978384811346656,58.604172008028115,0,2026-09-07 10:52:32
2026-09-07 10:43:00,CNC-03,H,297.181940042211,311.73877835874134,1332.6321791461555,52.10208980826102,234.64069905500907,2.7453643747601615,12.887291206634172,62.89966663117044,0,2026-09-07 10:52:32
2026-09-06 22:47:00,CNC-03,H,299.91111329980265,310.9565117231465,2734.8913491509566,12.240208536263198,8.578868674294606,3.2870330921612423,6.398237624124259,54.04208443609968,0,2026-09-07 10:52:32
2026-09-07 10:23:00,CNC-03,H,296.89561995277296,311.97842058586565,1419.0852573211387,54.73759270352454,203.25026558653838,2.641290707963258,14.656681533214085,51.37295884093676,0,2026-09-07 10:52:32
2026-09-06 15:08:00,CNC-02,M,298.7203565214246,313.70105313254277,1474.6309639773096,50.572961175333774,179.62347698257943,2.573369045911386,13.859480033359683,53.009961124825956,0,2026-09-07 10:52:32
2026-09-07 06:25:00,CNC-01,L,295.33860204437,308.64610104602656,2012.440255442202,32.0186005569694,26.88150710316473,2.5305896877756275,12.155763888687883,60.14750545204757,0,2026-09-07 10:52:32
2026-09-06 14:56:00,CNC-03,H,299.29005136752806,314.01408929791324,1511.658493821299,50.084616628966174,165.21014841450653,2.4614101603323197,14.366090590388882,56.99396771302713,0,2026-09-07 10:52:32
2026-09-07 00:03:00,CNC-02,M,298.73084771188934,311.73141406635665,2481.1136728162774,19.823066265061577,158.83858806615294,3.365134579064823,9.34597144026054,49.21010095780974,0,2026-09-07 10:52:32
2026-09-06 19:22:00,CNC-02,M,,313.3058223284104,2240.5105746455506,25.346398043217256,100.49516638317681,2.994171984875521,10.665182482036196,49.73568449101739,0,2026-09-07 10:52:32
2026-09-06 12:21:00,CNC-02,M,296.9386246972846,311.8011322701559,1403.1372015198538,53.1912596321067,160.50812427004806,2.311671503481734,13.8995545977518,62.410323581616666,0,2026-09-07 10:52:32
2026-09-06 23:58:00,CNC-03,H,299.93951028797983,312.192667137362,2763.379737509367,16.239778597500376,84.11960511667947,3.274988236431904,8.300419815164124,49.20939853109894,0,2026-09-07 10:52:32
2026-09-06 23:33:00,CNC-01,L,298.5490421124188,311.6695033854832,2560.213766447156,19.93726998680196,179.94817978780335,3.7649539275969914,9.633652203517103,55.994003674383585,0,2026-09-07 10:52:32
2026-09-07 09:50:00,CNC-03,H,296.82223003552593,311.09154338960604,1443.4378785513343,49.018952127506054,151.60563576459992,2.2825691120349814,13.17257695563436,56.750657450914524,0,2026-09-07 10:52:32
2026-09-07 09:17:00,CNC-02,M,295.42920171007364,310.6164221874346,1628.0826723100508,48.30384579905044,157.78446594043865,24.756214556901448,14.79957497759757,54.64374340829713,0,2026-09-07 10:52:32
2026-09-07 00:14:00,CNC-03,H,299.8461924501696,311.53623249018784,2719.264204924139,13.571412617005093,101.18719887968655,3.32366649715288,6.903822711014899,55.589955256734754,0,2026-09-07 10:52:32
2026-09-06 23:34:00,CNC-02,M,299.2277413374722,312.1393893146036,2717.6467667624706,18.142531173955078,128.0063426991405,3.4202927621930255,9.301054183365025,49.964837538347076,0,2026-09-07 10:52:32
2026-09-06 15:13:00,CNC-03,H,299.28022792379124,314.6633829902476,1585.334744137244,51.02716773424219,191.2402316817741,2.7269988919971055,15.262495145274611,55.15402827557218,0,2026-09-07 10:52:32
2026-09-06 19:48:00,CNC-01,L,299.62610462218356,313.80063371528604,2277.1633087856417,28.98623914836886,162.9408718053211,32.274773748169466,12.640709656683864,51.45995310027523,0,2026-09-07 10:52:32
2026-09-07 02:46:00,CNC-03,H,298.2542350564763,311.086916355982,2679.122542011512,19.541744021065963,37.74111411101277,3.1232379991397408,9.89008375737735,57.42889065083413,0,2026-09-07 10:52:32
2026-09-06 14:13:00,CNC-03,H,299.0257706268008,313.3348941922494,1374.6126372577392,53.394133977839964,99.1153443270589,2.1707574383027404,13.648005160614149,57.15136872707533,0,2026-09-07 10:52:32
2026-09-06 20:54:00,CNC-02,M,31.94254622860791,40.03371235742907,2419.282456696879,25.037829842860518,209.3900413016315,3.79724040635625,11.044778246554777,40.17798986661347,0,2026-09-07 10:52:32
2026-09-06 12:49:00,CNC-03,H,24.418651622995526,39.694213900631496,1388.67663319395,56.9409630940908,,2.7145172356609515,14.763959074015908,56.48661576547415,0,2026-09-07 10:52:32
2026-09-07 08:31:00,CNC-01,L,300.44859726505564,307.6034609785872,1622.199358288142,36.93109411128453,8.896455315921294,2.248317101706299,11.164919954907395,52.58194995159521,0,2026-09-07 10:52:32
2026-09-07 10:44:00,CNC-02,M,295.46887579710506,309.65343031816616,1423.988650983366,48.41359329038613,53.51510663473038,2.0068003210148038,13.227662513500395,61.58285126872846,0,2026-09-07 10:52:32
2026-09-07 07:31:00,CNC-01,L,295.22066103357207,309.36233739029916,1588.8434029475231,45.186720244576186,119.5026923702399,2.3206389394541533,13.43921479633498,59.32798210566122,0,2026-09-07 10:52:32
2026-09-06 16:44:12,CNC-03,H,299.9042932569911,313.916896826933,1845.3138868952851,38.940727062044154,91.54139327985236,2.49500392976513,12.945548964560427,56.03482379327365,0,2026-09-07 10:52:32
2026-09-06 16:57:00,CNC-03,H,299.94667240075285,314.18238943704426,1706.5123244293986,41.37652690647314,111.30000742845543,2.339106448167453,13.38386698544501,50.33046227506397,0,2026-09-07 10:52:32
2026-09-06 18:13:00,CNC-02,M,299.5921104254241,313.42754148838753,2001.0432518303865,35.49033055658347,13.162277243550953,2.6662429144742443,13.449804620776598,51.793935466453114,0,2026-09-07 10:52:32
2026-09-07 10:28:00,CNC-01,L,294.46280306443896,309.62054778094665,1502.0303634029392,52.55929956752279,189.58995340951643,2.8081094771534776,14.872631255529692,59.86808050731254,0,2026-09-07 10:52:32
2026-09-06 17:00:00,CNC-03,H,299.67904795458384,313.53494566313407,1857.331167035232,34.60644358485445,115.42932084614375,2.539149398372778,11.895004109627298,55.49102391700895,0,2026-09-07 10:52:32
2026-09-07 04:22:00,CNC-01,L,296.3364007415642,309.24005769908223,2328.6612307254973,23.580796222220435,76.02495587277278,2.949394103718495,10.246543049547904,56.75803710199151,0,2026-09-07 10:52:32
2026-09-06 13:43:00,CNC-03,H,25.4396612877066,39.56039272777656,1377.4438094271275,51.298154474999045,51.94064951027217,1.9609142310789835,13.136675275468725,54.61704921695171,0,2026-09-07 10:52:32
2026-09-07 04:48:00,CNC-03,H,297.4659339929267,311.51110733489816,2086.071407119091,32.45190508347588,182.37924145573191,3.1571944358126296,12.62644706750353,54.157625336233814,0,2026-09-07 10:52:32
2026-09-06 23:11:00,CNC-02,M,299.59173609396987,313.15987457938655,2606.700459872884,22.30282448790968,103.39645555825463,3.3056435835105633,10.754199122959838,50.18943043703934,0,2026-09-07 10:52:32
2026-09-06 23:09:00,CNC-01,L,298.6970945491477,311.13949201791803,2717.262489468559,15.926013596410822,154.41286081430465,3.7136878829898583,7.819771231251308,55.89824607419573,0,2026-09-07 10:52:32
2026-09-07 10:39:00,CNC-02,M,295.2058061467374,309.18405823992026,1492.264107779521,44.2489147388356,45.64855607442768,2.2034737398215123,12.538372195939875,61.741879491401214,0,2026-09-07 10:52:32
2026-09-06 13:53:17,CNC-03,H,298.2617277937197,312.4229908470045,1466.5103763298953,50.91844161086967,66.08954868457774,2.133429862463875,14.072751220262296,51.388332781861905,0,2026-09-07 10:52:32
2026-09-07 06:35:00,CNC-03,H,297.0507125990484,310.76914843015123,2146.357894532109,28.915285548773213,82.69755468693376,2.744013548985293,11.434571439941816,53.358106738094634,0,2026-09-07 10:52:32
2026-09-06 11:18:00,CNC-03,H,296.90925558843503,311.0937640330801,1503.2157663748412,49.62032609699475,69.68398299374087,2.206405435933332,14.252260146409535,56.047013111667496,0,2026-09-07 10:52:32
2026-09-07 02:43:00,CNC-02,M,296.7514085923648,309.88467200268883,2579.745661487019,21.380386578634464,91.27905290197178,3.2369577848269704,10.211028490643892,60.78054376985859,0,2026-09-07 10:52:32
2026-09-07 07:33:00,CNC-03,H,296.85226138651143,311.15523616784986,1641.3682967999473,44.61379050108245,163.9636898988985,2.496921450770204,13.703463207137023,59.51839009523262,0,2026-09-07 10:52:32
2026-09-06 18:45:00,CNC-03,H,305.9433466718874,314.4629461007425,2186.8942559705165,30.93423658038091,256.2089394224449,3.9743409192651016,12.710578724777939,37.38478520781159,0,2026-09-07 10:52:32
2026-09-06 14:55:00,CNC-01,L,297.84930002186474,313.43610688759594,1561.6379794219226,53.59229986895793,183.82577277051456,2.7958694853338026,15.844830878615,55.60261161164572,0,2026-09-07 10:52:32
2026-09-06 14:27:00,CNC-02,M,298.07611130343133,311.7999003132516,1269.514787021733,51.72355190599272,116.96667836257453,2.012535682496192,12.365222111914585,52.439220243718076,0,2026-09-07 10:52:32
2026-09-06 22:41:00,CNC-03,H,299.8869364796291,311.47697357848637,2831.428860979628,15.296121777764522,2.157465207613969,3.3355004289916543,7.917292658300626,49.75001961346042,0,2026-09-07 10:52:32
2026-09-07 04:05:00,CNC-02,M,295.9448219961272,310.05724014840774,2368.6762040061894,27.05529968864754,186.07908460742496,3.4407823392977424,11.651773985678043,57.22457105879118,0,2026-09-07 10:52:32
2026-09-06 13:47:00,CNC-03,H,298.20229677178617,312.15989388015134,1296.9635370059782,55.15872083480118,58.313482440663364,1.8355047810937237,13.349919213145322,56.609821317626654,0,2026-09-07 10:52:32
2026-09-07 05:10:00,CNC-03,H,297.2355417963967,311.78640827229094,2247.606217042542,32.35116979984705,209.95823286086596,3.3993794527281316,13.623650824143049,59.99261401710252,0,2026-09-07 10:52:32
2026-09-06 21:32:00,CNC-02,M,299.3423877841267,312.94430682212004,2589.7618329641,21.024561147177806,252.500312447712,4.448664516736497,10.208568911298531,51.542954273184506,0,2026-09-07 10:52:32
2026-09-06 21:39:00,CNC-01,L,299.2520525368547,311.6515635901209,2604.1836916751886,,56.689838049183095,3.188208657272956,9.933427028423633,51.29885852392286,0,2026-09-07 10:52:32
2026-09-07 02:38:00,CNC-02,M,296.98326110705403,309.2427001302544,2514.4855190199896,17.19373661154471,85.65150451662197,3.025938956438522,7.966409820582996,57.80424898803745,0,2026-09-07 10:52:32
2026-09-07 01:40:00,CNC-02,M,297.53403889378194,309.6695433520776,2633.677734703485,16.533013372897575,21.409591871123144,28.212283278229215,8.2137618024989,54.43810541395013,0,2026-09-07 10:52:32
2026-09-07 03:54:00,CNC-03,H,297.597055944199,310.6117245387339,2283.768930126949,24.18226041098165,116.36666884411567,2.9414428119643614,10.190240641551952,59.51999823156252,0,2026-09-07 10:52:32
2026-09-06 15:28:00,CNC-01,L,298.3042280835285,311.6628415134558,1531.5050975814443,42.00858921712438,28.65845412122487,2.1529412268385206,11.7755218402588,56.87862089596462,0,2026-09-07 10:52:32
2026-09-06 12:01:00,CNC-03,H,297.228368032505,311.52623280154955,1378.648721424012,52.482848190601565,138.0062646932338,2.2969552897147154,13.880557339544687,60.03233250934851,0,2026-09-07 10:52:32
2026-09-07 10:30:00,CNC-03,H,297.0215393483869,311.9159710171129,1434.6146903179488,52.85682169492598,214.1814028469646,2.886196084645369,14.55796466685978,59.91804544550107,0,2026-09-07 10:52:32
2026-09-06 13:41:00,CNC-01,L,24.208640246645132,38.328519498794606,1378.3694892328765,50.52496311094018,69.4239853058757,1.959178437608671,13.026257944320045,53.71257028059733,0,2026-09-07 10:52:32
2026-09-06 12:00:00,CNC-03,H,297.3124154260422,311.79088773921677,1372.4317226637531,53.47641473226561,136.4062646932338,2.1892697304528443,13.950190753442895,55.04636959758479,0,2026-09-07 10:52:32
2026-09-06 22:26:00,CNC-03,H,299.6142043630617,313.2586439588122,2795.919187297871,19.605484373685336,245.917328249729,,10.093008240048729,55.81270145875268,0,2026-09-07 10:52:32
2026-09-06 12:22:00,CNC-01,L,297.11961146615647,311.53647800469224,1335.852331838179,53.760718524882556,184.11773514886983,2.7282882655358223,13.424113161982406,58.24076377858729,0,2026-09-07 10:52:32
2026-09-06 21:41:00,CNC-01,L,299.3968677913844,310.9532073946021,2732.2545823674645,13.33100069250182,58.87001837575406,3.3376168482399775,6.791219298231054,50.34703196379864,0,2026-09-07 10:52:32
2026-09-06 17:10:00,CNC-03,H,299.78546277801945,314.85619203530393,1971.1914181568186,39.39817773408098,129.4496632055177,2.731011767659696,,58.755953469518275,0,2026-09-07 10:52:32
2026-09-06 23:40:00,CNC-03,H,,312.0222614512273,2690.606774964103,17.296857852624115,65.02537687681533,3.204706546261964,8.909505024585407,51.335739934041875,0,2026-09-07 10:52:32
2026-09-07 00:38:00,CNC-01,L,298.08508649527994,310.10306799948853,2706.511355532012,15.376858005311943,52.3971411864375,3.212873178357557,7.579851171417455,57.87962904777814,0,2026-09-07 10:52:32
2026-09-07 04:17:00,CNC-02,M,296.0311433003512,310.40589616382346,2295.2386713117367,27.99798687209643,200.6220382458307,3.587078229658075,11.620715258364868,55.75690691633938,0,2026-09-07 10:52:32
2026-09-07 07:51:00,CNC-02,M,295.2996665030508,309.7514335813176,1646.9685020774152,43.92807934388609,29.035579097555726,2.2980965856239894,13.48097997740195,57.702563555832455,0,2026-09-07 10:52:32
2026-09-06 22:44:00,CNC-01,L,298.93044278448724,312.6932301479069,2638.980561519185,24.054269262347336,127.81508504741667,3.27837813596305,11.728071518294405,52.57856757214453,0,2026-09-07 10:52:32
2026-09-07 06:27:00,CNC-01,L,295.4663314780167,308.8466720537815,1897.7609409382646,35.14048941519426,29.634437090427568,25.179092499009766,12.44336445729706,59.40970927440076,0,2026-09-07 10:52:32
2026-09-06 12:26:00,CNC-02,M,297.0379496956101,311.7025661328367,1505.8259048784623,47.026644711997875,168.4458939364502,2.563646656968271,13.229457385474355,61.778534770426035,0,2026-09-07 10:52:32
2026-09-06 19:26:00,CNC-03,H,300.71531624129386,313.85579736591757,2183.4638902233423,27.64595598887589,40.117369462813414,2.702761635382123,11.26381814342665,52.29967811122271,0,2026-09-07 10:52:32
2026-09-07 03:04:00,CNC-01,L,297.06024869702077,311.2603640881763,2519.659278158562,26.148890976991567,211.85799565248072,3.9281567210427055,12.30141412553293,55.27217158947654,0,2026-09-07 10:52:32
2026-09-06 11:10:00,CNC-01,L,296.68214739153984,310.83049681613255,1334.7942421464788,51.50008663224698,70.07781406533475,2.1638000182680153,12.943970381262439,62.21062716327813,0,2026-09-07 10:52:32
2026-09-06 14:36:00,CNC-01,L,297.9601733925571,312.7962060740695,1598.2675384647107,47.241660044898055,154.7737831504432,2.638785644326126,14.024622215650144,52.940463720007436,0,2026-09-07 10:52:32
2026-09-06 11:35:00,CNC-02,M,296.58863377253687,310.3913917871316,1260.2657297099986,50.83575235379562,87.51498892084236,1.8880433134308543,11.977034317091512,61.80158087430919,0,2026-09-07 10:52:32
2026-09-06 20:18:00,CNC-01,L,26.30507632047835,40.04958082095044,2371.4718046329526,26.16173096231844,198.54707903214444,3.7316360919825415,11.58449508705616,50.78008235137107,0,2026-09-07 10:52:32
2026-09-06 12:30:00,CNC-02,M,297.18584906118514,311.97011109905435,1506.7344719007833,50.11818987181458,174.73862410091678,2.512252106424803,14.09605684951379,49.94040485598104,0,2026-09-07 10:52:32
2026-09-07 05:23:00,CNC-01,L,295.7346463667118,309.7209070474811,2104.34900000942,34.023944801928415,152.69260028176598,3.0792974773971307,13.182414211220788,60.25965273098888,0,2026-09-07 10:52:32
2026-09-06 13:54:00,CNC-02,M,297.6599425485727,311.8068466262463,1453.6620261658427,49.50718991104324,65.68085582637026,2.147771789016214,13.526358777713392,54.3058192390323,0,2026-09-07 10:52:32
2026-09-07 01:12:00,CNC-02,M,298.08853215244557,312.216311481862,2683.222326919407,23.01472516844926,232.18681676489297,4.202586374577045,11.791767922846025,54.997459730532924,0,2026-09-07 10:52:32
2026-09-07 07:11:00,CNC-01,L,295.35993568692874,309.7779215402993,1761.3372552714686,42.06802476884976,90.9802912760602,2.445210489651078,13.916154177866815,60.78521772527749,0,2026-09-07 10:52:32
2026-09-07 01:46:00,CNC-03,H,298.98473829570315,312.1659057463415,2725.691833946696,18.411216033759356,199.66551786243343,3.8238359900128125,9.753382913089395,,0,2026-09-07 10:52:32
2026-09-07 01:17:00,CNC-03,H,299.5076351048539,312.07122337438506,2732.3927967329764,16.11063965528962,168.52327388428589,3.5836742046763432,8.22780554477497,53.06582367517146,0,2026-09-07 10:52:32
2026-09-07 00:57:34,CNC-03,H,299.60786415902146,313.0515625786162,2486.606479134735,22.372532527910764,148.10400524900263,3.3066306599528064,10.48227169382644,55.817726900357556,0,2026-09-07 10:52:32
2026-09-07 06:04:00,CNC-02,M,295.6787924723662,309.6616441459748,2088.6613983042835,30.926715400616303,110.62950992570312,2.816809530719419,,61.05502697636947,0,2026-09-07 10:52:32
2026-09-06 11:30:00,CNC-03,H,296.89742101351385,311.35070076458436,1433.4036217146545,49.94593532496983,88.79753418957588,2.0051422642455052,13.365676450319274,51.065880136945154,0,2026-09-07 10:52:32
2026-09-07 07:43:00,CNC-03,H,296.67588821376245,311.02909001883245,1785.5338618814299,39.984412664766204,178.34086080478042,2.795892148425649,13.348492029054224,57.62096909926574,0,2026-09-07 10:52:32
2026-09-06 23:03:00,CNC-03,H,299.8847764814377,311.01097971402265,2687.6838577826666,11.888945835945258,0.0,3.2832029739393453,5.648951086130408,50.59665657737114,1,2026-09-07 10:52:32
2026-09-07 08:25:00,CNC-01,L,300.7028035142188,308.1325371973405,1471.2951264486733,42.857756717219026,0.0,2.077444721872147,11.829578881207228,47.97112979048337,0,2026-09-07 10:52:32
2026-09-06 20:56:16,CNC-02,M,31.90749072559106,40.298492980102196,2509.4803220612944,25.284361147290706,210.52575602126387,3.8158148210918634,11.867747478175575,44.172991686418456,0,2026-09-07 10:52:32
2026-09-06 23:19:00,CNC-03,H,299.9583929000339,311.63489798934717,2797.3623757779715,14.806292332944126,,3.315005346339825,7.88898665919859,48.40961163165761,0,2026-09-07 10:52:32
2026-09-07 02:39:00,CNC-03,H,298.3948541506285,310.6976429658804,2512.888578569716,18.985423009074726,29.96425613779583,3.1451296305218355,8.831931404926461,51.08919453158097,0,2026-09-07 10:52:32
2026-09-07 08:54:00,CNC-02,M,295.17149395692144,309.7875750703413,1775.070970811883,39.07185735011183,122.4403254424208,2.5944272608850265,13.054357660917743,58.513067332460594,0,2026-09-07 10:52:32
2026-09-07 03:26:00,CNC-01,L,296.5603263498611,308.86118434801193,2521.6598539364536,20.62355671979048,9.189962557563971,3.0358968247327787,9.955213385541425,59.09178828888094,0,2026-09-07 10:52:32
2026-09-07 03:28:00,CNC-01,L,296.59325619082705,308.99494903451296,2410.8637091755977,20.95072241582944,11.451093772930582,2.988681484847911,9.624928673661362,58.2597216446237,0,2026-09-07 10:52:32
2026-09-07 01:38:00,CNC-02,M,297.78915732918455,310.992677029318,2544.746498282949,23.310656408232973,19.299275601171693,3.1462402848214497,11.195329444138755,55.05754573610299,0,2026-09-07 10:52:32
2026-09-06 14:27:00,CNC-01,L,297.96101131287196,312.4899988543328,1584.7707160806476,46.033577404517004,141.0211396418387,2.3668897205452204,13.720973919734346,53.56556798720714,0,2026-09-07 10:52:32
2026-09-06 11:43:00,CNC-02,M,296.87083370481383,310.8336441952487,1327.6431625920645,51.6130883516348,100.26137850437824,2.0963191212716894,12.732507130975794,58.698236413511175,0,2026-09-07 10:52:32
2026-09-07 03:05:00,CNC-01,L,297.0229917738102,311.65914181607303,2475.988407973719,29.729094256920106,213.0129816049772,3.9500021134714602,13.792377393767154,54.34709590427817,0,2026-09-07 10:52:32
2026-09-07 07:44:00,CNC-01,L,294.930157208326,310.366909176509,1654.5282361491243,51.756142012689246,138.29445193435623,2.6219574972270534,15.790277214692594,,0,2026-09-07 10:52:32
2026-09-06 18:35:00,CNC-01,L,299.26457861169007,312.0540801690841,2156.7910539913464,25.16262540637845,71.53008171640352,2.7089171330502504,10.109083790593015,51.91649026199307,0,2026-09-07 10:52:32
2026-09-07 07:49:00,CNC-02,M,295.11921093185896,309.6153233770829,1600.1895445255466,45.27661161452421,26.08178397218948,2.2090393310809997,13.612068590048747,60.77577663271082,0,2026-09-07 10:52:32
2026-09-06 14:49:00,CNC-02,M,298.31184906371374,313.1236060650179,1519.0692899083256,51.192998259545554,150.58880720465936,2.3884685174140015,14.592093030029249,53.21073005604472,0,2026-09-07 10:52:32
2026-09-06 11:38:00,CNC-01,L,296.66623026082834,311.04053023624095,1428.0257010402825,49.142999178579274,114.3214895266218,2.142967818614709,13.110842765578488,54.591011631172755,0,2026-09-07 10:52:32
2026-09-06 14:37:00,CNC-03,H,299.134469267343,313.60819528013667,1489.7153666885788,46.84734753604537,136.0162995353015,2.219942474965147,13.002709682550991,51.831671485028764,0,2026-09-07 10:52:32
2026-09-07 10:47:00,CNC-03,H,297.3036218473343,312.27732427841966,1386.7340387664772,53.60699369870628,241.01101566679722,3.0024243558063035,13.777145236066357,52.68998493577613,0,2026-09-07 10:52:32
2026-09-06 22:56:00,CNC-01,L,298.38733557553616,310.64695686341986,2672.3498070541764,15.163953439477861,140.69599354682683,3.4462196087679855,7.664172424782727,52.22459305652924,0,2026-09-07 10:52:32
2026-09-07 02:50:00,CNC-01,L,297.0133503103387,309.73410560202,2622.7867675766433,17.43298737871359,195.94495972572034,3.8643418601216775,8.695747561603428,57.235062709919454,0,2026-09-07 10:52:32
2026-09-06 11:05:00,CNC-02,M,296.5204684001414,310.4705941664954,1431.698530999817,48.00865558246054,39.933482753774214,2.090159970984904,13.083161492380082,58.43458615468872,0,2026-09-07 10:52:32
2026-09-07 09:11:00,CNC-03,H,296.3746803483925,310.1988394863491,1466.252771093377,,91.54271426099106,2.2111559201015334,12.71925112792054,56.10100195142143,0,2026-09-07 10:52:32
2026-09-07 06:10:00,CNC-03,H,297.17209480569727,311.1484793067764,1985.9639235747927,35.35122781577489,48.736231107887455,2.621374101670275,13.129076541182524,57.5761228516102,0,2026-09-07 10:52:32
2026-09-07 00:24:00,CNC-03,H,299.57724373800795,312.40048018158063,2587.9163706612217,19.48153131064438,111.870361671677,3.240145484841963,9.3454241123403,51.29064081001348,0,2026-09-07 10:52:32
2026-09-07 08:02:00,CNC-03,H,296.8038116970556,312.02463223110993,1720.4305673094339,47.41712926979921,206.3330593749272,2.9172372536964395,15.064614638385844,53.21837765966542,0,2026-09-07 10:52:32
2026-09-06 18:44:00,CNC-02,M,299.72648632954053,313.1005057097765,2212.7485378763404,27.25706893665103,52.98306964092647,2.757184655864432,11.280209418419288,,0,2026-09-07 10:52:32
2026-09-06 22:07:00,CNC-03,H,299.8352783654252,313.9188788827315,2611.7227272072064,23.8865262112652,225.397163009027,37.644862510189974,11.706967478725014,53.624405594245474,0,2026-09-07 10:52:32
2026-09-06 12:21:00,CNC-01,L,297.2624237581464,311.99051455270455,1361.3951494135767,53.419333543930854,182.51773514886983,2.678860979708352,13.884085121365391,58.5687847859513,0,2026-09-07 10:52:32
2026-09-07 00:32:00,CNC-02,M,298.4612240162677,311.56371558050483,2692.0540461453156,17.325429858637005,189.74241206007693,3.705180924034172,8.711265525839087,51.0743764562568,0,2026-09-07 10:52:32
2026-09-06 23:52:00,CNC-03,H,299.67687183285534,311.2738789457088,2742.429075799771,13.027645344036038,77.73949008217434,3.2820038254247663,6.5872482229828675,45.82538906461491,0,2026-09-07 10:52:32
2026-09-06 15:09:00,CNC-01,L,298.44707475233963,311.82105607435074,1570.0479829414246,42.69101910152948,0.0,2.2161695910972576,12.77423931288481,53.35150175967032,0,2026-09-07 10:52:32
2026-09-07 09:22:45,CNC-01,L,294.62327583718735,308.67023338741956,1360.1434381128097,51.66947111748542,86.67516916523213,2.1030151066649707,13.271836317187079,60.342279213598246,0,2026-09-07 10:52:32
2026-09-07 04:58:00,CNC-02,M,295.9135700687834,309.1676679848794,2267.731441310149,24.920616993539955,24.961557733299045,2.8257191925635188,10.487510931209624,58.41892738052088,0,2026-09-07 10:52:32
2026-09-06 22:53:00,CNC-03,H,300.13418465714807,310.4909105232273,2684.374839339366,9.15928457192218,15.00672093828054,3.167048111114792,4.898769171988232,49.41101208151255,1,2026-09-07 10:52:32
2026-09-07 04:12:00,CNC-03,H,297.74988404004466,311.6592453523049,2442.129271159592,26.657484973169808,137.99183889539688,3.2950073391585906,12.218248293212584,54.63352884749969,0,2026-09-07 10:52:32
2026-09-06 19:37:00,CNC-01,L,299.1462565866763,312.8610667681233,2363.571523492265,,149.45696670720992,3.1224211141583993,11.157480494626446,52.045562051416525,0,2026-09-07 10:52:32
2026-09-06 19:56:00,CNC-01,L,299.7879075581358,313.83586662115965,2426.8989075944432,26.24718586369108,172.58705595259468,3.485334351371222,11.851986950825383,52.77334173648998,0,2026-09-07 10:52:32
2026-09-06 15:00:00,CNC-01,L,298.2887621957488,312.88916655481034,1617.3666496036903,45.53815617426884,191.4270454892929,2.915797169126956,13.768828743844722,57.418661896397154,0,2026-09-07 10:52:32
2026-09-06 19:26:00,CNC-01,L,299.4861611841729,313.3542315676727,2014.0198166837265,31.253224435059522,136.09790037794977,2.760635575954341,11.916235125264734,51.2406506733852,0,2026-09-07 10:52:32
2026-09-06 11:40:00,CNC-03,H,297.0547534920692,311.65892734285654,1411.8661061454727,52.746861382983234,104.55893944300107,2.043945212679165,13.974496887297885,54.613321508526255,0,2026-09-07 10:52:32
2026-09-06 13:34:00,CNC-02,M,24.592369971740766,38.23323852761757,1382.0574590422461,48.81459974736501,34.47227598602251,2.079408715614894,12.628485805687534,52.474936756638996,0,2026-09-07 10:52:32
2026-09-06 11:38:00,CNC-03,H,296.83710632536696,311.00801175662923,1477.9443977965643,47.11238391426094,0.0,2.1804312896585074,13.12567538953714,54.20432040701223,0,2026-09-07 10:52:32
2026-09-07 02:22:00,CNC-02,M,297.38623064772867,310.28062131300135,2567.4114776482297,20.041719280415993,67.49534784228754,30.641482275994875,9.493630400267952,55.903492485540184,0,2026-09-07 10:52:32
2026-09-06 21:39:00,CNC-03,H,300.16874671218886,313.97865763838286,2592.1070375171225,22.98993987308072,194.82773589027295,3.5774134244556772,11.18070217754192,50.73674515508785,0,2026-09-07 10:52:32
2026-09-07 01:18:00,CNC-03,H,299.4477834201742,312.0195593732593,2729.1015465529213,17.500836284106196,169.60348468699016,3.534103019942344,9.072644887880543,51.507454607763236,0,2026-09-07 10:52:32
2026-09-06 15:52:00,CNC-03,H,299.55399004442256,313.1269794368103,1648.0190137652867,41.695030556284344,17.807388643782165,2.297634015541373,13.068101166039906,53.495765066174705,0,2026-09-07 10:52:32
2026-09-06 21:55:00,CNC-01,L,299.2234055713559,311.5430295905649,2622.22302116307,18.430667729603943,1342.4773906502096,3.309948379240339,9.188158494980003,55.33617931445174,0,2026-09-07 10:52:32
2026-09-07 10:20:00,CNC-03,H,296.89241005825335,311.7028940250235,1448.39966692592,51.5273124935131,198.50846148967364,2.6399364265473273,13.903506242885086,55.293945287933795,0,2026-09-07 10:52:32
2026-09-07 06:52:00,CNC-03,H,296.7579378462317,310.98795580243484,1877.2974058121379,37.74834709762218,105.9806956866447,2.4979594952274247,12.908439917087968,57.16054836272153,0,2026-09-07 10:52:32
2026-09-06 19:53:00,CNC-01,L,299.6795358312009,313.34630178234687,2380.5319747684625,25.379991271915845,168.93048526936258,3.4992072807052246,11.480434950804844,52.57268311539094,0,2026-09-07 10:52:32
2026-09-06 16:42:00,CNC-01,L,298.96158189592535,313.32403572526204,1766.9180599271103,40.14837956725495,136.606156895108,24.7455392499117,13.262739147515141,51.26116245015978,0,2026-09-07 10:52:32
2026-09-06 19:59:00,CNC-01,L,299.7234740437885,313.9028800976226,2410.195621641045,26.405717084383415,176.22597371782842,3.514320185428067,11.774730400912286,48.66666427024543,0,2026-09-07 10:52:32
2026-09-06 12:56:00,CNC-03,H,24.50879503819465,39.586190486654516,1331.8833826902332,55.97417939717235,225.23925561465364,2.604885598701567,14.013541841072252,0.0,0,2026-09-07 10:52:32
2026-09-06 19:41:00,CNC-03,H,300.6145468587954,314.1515129433409,2369.35535982613,26.831337089687857,58.44266005305015,2.9443039640798077,11.869044614622002,48.7397228572754,0,2026-09-07 10:52:32
2026-09-07 05:41:00,CNC-02,M,295.77981988076823,310.21656754346145,2047.3258827373916,35.101698744343906,80.2555282444234,2.6327245110442,13.34706891310444,54.01711694580107,0,2026-09-07 10:52:32
2026-09-06 14:56:00,CNC-02,M,298.292604978621,313.41699149406793,1654.45984260256,48.34849711387359,161.39743895567307,2.6706685666339305,15.100570809601544,48.45001754230024,0,2026-09-07 10:52:32
2026-09-07 01:07:19,CNC-01,L,297.6076991377002,310.1506891637621,2652.842569561175,19.246933324206424,84.52874458054956,3.2276946621756863,9.696681290005637,53.62910876206493,0,2026-09-07 10:52:32
2026-09-07 09:54:00,CNC-02,M,295.1928456514036,310.8296297658798,1451.7721317389287,54.627983818175665,214.97121974738815,2.832985715777314,14.824995617672217,61.49178637949326,0,2026-09-07 10:52:32
2026-09-06 20:55:00,CNC-03,H,27.232532019052883,41.357734203279165,2460.7858395648495,25.925524388894843,145.56098627700814,3.1879167588657866,11.937459225757111,53.03293864633405,0,2026-09-07 10:52:32
2026-09-07 07:03:00,CNC-01,L,295.3185468037558,309.53798255817304,1795.4303873429187,41.82029343490898,79.64543339873829,2.5766530256083473,14.233179749998763,59.32513294028288,0,2026-09-07 10:52:32
2026-09-07 06:06:00,CNC-01,L,295.4401858334705,308.6376108574907,2047.5345257090223,31.369879179171356,1.3106413796526868,2.586448742544832,11.982975085944238,61.50369315686992,0,2026-09-07 10:52:32
2026-09-06 11:27:00,CNC-01,L,296.68925842592785,311.0612350468973,1329.402624515795,54.314581880145944,96.94293115579296,2.050116590121615,13.303879572659906,56.33573049107814,0,2026-09-07 10:52:32
2026-09-06 23:15:00,CNC-03,H,300.12541414633006,311.91316622301093,2666.6009479884447,16.14805277899413,38.41695706274787,3.1255675859256407,8.35519659104246,49.59858984547207,0,2026-09-07 10:52:32
2026-09-06 23:59:00,CNC-01,L,298.34332740922355,310.33821960734184,2559.966402285464,19.211735353130706,10.72176531736191,3.1467036200169374,9.24176658981424,53.79956403261421,0,2026-09-07 10:52:32
2026-09-07 07:14:00,CNC-01,L,295.2367883953702,309.40366534687524,1758.2282437768747,41.475744651342254,95.24638397485516,23.80773789908484,13.806627347565941,58.22717391530571,0,2026-09-07 10:52:32
2026-09-07 02:20:00,CNC-02,M,297.50628880756824,309.81630570444855,2452.154874632561,19.99458041111709,65.25947426540782,3.103967373246663,9.355633196074614,59.039706637141165,0,2026-09-07 10:52:32
2026-09-06 23:23:00,CNC-02,M,299.1827224288716,312.0149617274175,0.0,18.566959039697423,116.24777632909287,3.293431782274067,8.951256515072842,50.13743642422305,0,2026-09-07 10:52:32
2026-09-07 09:52:00,CNC-01,L,294.57272961139165,308.34539050646333,1228.2431844297655,50.01643328479582,133.27794254437998,2.200112757272766,11.318348725392179,63.719501063611204,0,2026-09-07 10:52:32
2026-09-06 21:26:00,CNC-02,M,299.3009981511656,313.48954875085064,2496.12063178447,24.32439218509524,245.80160473731505,4.319225141236565,11.294505484322443,52.598525700053784,0,2026-09-07 10:52:32
2026-09-07 01:43:00,CNC-03,H,298.9972086245164,311.98251814398986,2797.2393431395703,17.085413928547403,196.4393521354954,3.8241997726050183,9.119425415209026,50.77500535414248,0,2026-09-07 10:52:32
2026-09-07 01:58:00,CNC-03,H,298.99684954024815,312.58376028792105,2663.700587256629,21.317233365421487,212.9720453897913,3.7122313615323184,10.398105336258487,49.60251552221349,0,2026-09-07 10:52:32
2026-09-07 08:49:00,CNC-01,L,294.9248587411671,308.6702173305552,1773.747273673564,39.51620087044984,649.8798095283838,2.301040467509472,13.24850785713124,61.114385161615296,0,2026-09-07 10:52:32
2026-09-06 20:03:00,CNC-01,L,299.42536801921364,312.93989356819924,2489.688452405074,23.90910165154131,180.84142117752123,3.60476986741983,10.974772273703733,53.44524741108113,0,2026-09-07 10:52:32
2026-09-06 21:02:00,CNC-03,H,27.31724856934443,40.59025412985892,2690.5854882993967,21.848263301236045,153.4258736425556,3.4826423164765234,11.193494193307954,47.28518298966554,0,2026-09-07 10:52:32
2026-09-07 02:37:00,CNC-03,H,298.4577217521683,311.13022102496404,2544.097136990768,20.539819618919573,27.768989741077018,3.1149596373456956,9.851390450403278,52.48034554426133,0,2026-09-07 10:52:32
2026-09-07 01:37:00,CNC-03,H,299.0749216515932,312.27492498478045,2589.8710961194347,21.627906833120136,190.04499493796106,3.596190388229098,10.595407971975169,49.22056914377649,0,2026-09-07 10:52:32
2026-09-07 10:02:00,CNC-02,M,295.2533806368633,310.64667535144133,1415.855896978366,52.10419461180857,227.4593524888886,2.961739870720524,13.940299965438047,62.44149567135916,0,2026-09-07 10:52:32
2026-09-06 13:32:00,CNC-03,H,25.35727431336562,38.64521870284295,1390.0807641620547,45.469155027317726,34.6308195843966,2.059260604697673,11.779702001536634,53.252891228512624,0,2026-09-07 10:52:32
2026-09-06 22:17:00,CNC-02,M,299.1117856264754,310.9798352759712,2523.6862481099315,16.389250695364158,45.01761691517181,3.0318138872126483,7.996603128542997,49.25689816340944,0,2026-09-07 10:52:32
2026-09-06 12:39:00,CNC-02,M,23.922808783859352,38.55630916957381,1334.363279031563,54.79440726844685,189.0637517055019,2.493812102960643,13.881118757401023,55.73876314355831,0,2026-09-07 10:52:32
2026-09-07 10:37:00,CNC-02,M,295.1135196239322,309.0989513601724,1311.5879796921702,50.944668155949344,42.49834213978504,1.9494928906332358,12.460092831340843,62.465958790312186,0,2026-09-07 10:52:32
2026-09-07 05:26:00,CNC-02,M,295.77312797137336,309.49403851879026,2258.22877221702,27.22479299939035,60.55641441138698,2.7806620434632787,11.382346718522648,56.90406612409236,0,2026-09-07 10:52:32
2026-09-06 17:17:00,CNC-02,M,299.81341438021406,314.6681216998032,1877.0465037978613,40.470805571550166,155.64164647212428,2.802257387869637,14.354081179473836,56.09476950903167,0,2026-09-07 10:52:32
2026-09-06 15:20:00,CNC-02,M,298.4982027144665,314.33556998476007,1694.4370418029375,49.2949336290844,197.69018706597882,30.916774982466332,15.625839973666935,54.401923666436666,0,2026-09-07 10:52:32
2026-09-07 04:59:00,CNC-01,L,296.23741927907383,310.45471820505753,2156.998339939868,32.33783783035418,2201.366498054786,3.116084096127405,13.19826806604347,56.977581539135244,0,2026-09-07 10:52:32
2026-09-06 18:10:00,CNC-03,H,300.5968536207975,315.7685670386906,2037.99318306344,37.99255303300255,211.00615140473062,3.3280016035801254,14.556931128447587,47.48434621323278,0,2026-09-07 10:52:32
2026-09-06 21:45:00,CNC-03,H,300.20221798493856,313.2722125234792,2589.2576377304,18.934400270589528,201.51939432663164,3.6475438347347224,9.190315450500915,46.84313511569136,0,2026-09-07 10:52:32
2026-09-07 06:27:33,CNC-02,M,295.83805028506185,310.40728662283806,1906.9286575863666,37.52702995652892,141.45998602476254,2.7760005457782406,13.681110992749495,58.484301708457515,0,2026-09-07 10:52:32
2026-09-07 00:10:00,CNC-02,M,298.34474665371323,311.3015760020024,2680.8839313458716,17.527092866371824,166.3286721953094,3.545774160202162,8.757988290843544,52.23309536165903,0,2026-09-07 10:52:32
2026-09-06 18:41:00,CNC-01,L,298.97968112522983,312.29052375101196,2027.258024785883,29.514092919777646,0.0,2.550838040344227,11.018840754945979,54.70258920066162,0,2026-09-07 10:52:32
2026-09-06 14:44:00,CNC-03,H,299.2175889950729,314.1031087320526,1394.9386948518145,55.46293346541335,146.89728464441566,2.231455856189886,14.430416488861207,54.40603275391422,0,2026-09-07 10:52:32
2026-09-07 03:10:00,CNC-03,H,298.2069521510177,311.38467415491056,2407.082850221505,23.797252774429342,65.1034091997205,2.959667167931704,10.716402062534483,58.3796940555603,0,2026-09-07 10:52:32
2026-09-07 02:03:00,CNC-03,H,298.6847126630301,311.97847909911155,2534.1363412750557,21.475322360289237,218.43754650058594,3.7269658763761906,10.24736577897484,54.61260473422307,0,2026-09-07 10:52:32
2026-09-07 07:39:00,CNC-03,H,296.59364912177546,311.27079303432646,1746.4272982460764,42.33257268427758,172.5656323668303,2.687644265874343,13.850384972159166,54.25962829725647,0,2026-09-07 10:52:32
2026-09-06 11:56:00,CNC-01,L,296.59636276653424,,1545.1909139911838,49.45792267199018,142.7825605756003,2.4703566121940805,13.931765466687189,56.59853893236607,0,2026-09-07 10:52:32
2026-09-07 07:23:00,CNC-01,L,295.16215938232676,309.1326719236551,1828.4197916110318,36.81977704927147,108.0586479938968,2.637300420014145,12.525388174584895,62.499716219387075,0,2026-09-07 10:52:32
2026-09-07 10:40:00,CNC-03,H,296.8710447639286,312.34851891727425,1531.8470791435068,53.09606425813961,229.90231344841155,2.950503638191776,15.16359778372283,54.67501122808985,0,2026-09-07 10:52:32
2026-09-07 05:21:00,CNC-03,H,297.1038325952986,311.65373292401665,2068.962449739207,33.18762350295344,224.11374825248586,3.337836072343464,12.897819126374516,54.29596030958064,0,2026-09-07 10:52:32
2026-09-06 11:51:00,CNC-02,M,296.9099859316103,311.31950634739997,1283.1446359219224,56.29738212432909,112.8782928332352,2.069329995188838,13.408875890559525,55.55669322551905,0,2026-09-07 10:52:32
2026-09-06 11:33:00,CNC-02,M,296.81114392135856,310.8956665420439,1330.344281535745,52.76432900726519,84.31777666185458,1.950013172408218,13.0544666258693,60.999020259832086,0,2026-09-07 10:52:32
2026-09-07 02:25:00,CNC-03,H,298.10338342715255,310.55624895724424,2455.57748343249,21.260790957365316,14.312024208960622,3.0268566739927216,9.84306036437268,55.711412391773244,0,2026-09-07 10:52:32
2026-09-06 12:14:00,CNC-01,L,296.91903872475143,311.7923343579999,1394.606635442135,55.27177090765868,171.35952825629028,2.629831065362058,14.41896523717425,57.40031110082028,0,2026-09-07 10:52:32
2026-09-07 05:54:00,CNC-02,M,295.8165167864292,310.26391098771745,2167.3649713121204,31.34185419186961,97.43763783467956,2.726783778281333,12.653667787819185,57.616751731391744,0,2026-09-07 10:52:32
2026-09-06 20:30:00,CNC-01,L,26.23004718704368,39.74809170592664,2432.347761452975,23.378184813894844,212.58644863054272,3.9704710023639476,10.515770473669663,,0,2026-09-07 10:52:32
2026-09-06 21:51:00,CNC-01,L,299.31732732147714,312.10984777693915,2638.4371227385363,20.90177814466834,69.87761132813343,3.251853769294545,10.284083007297117,53.66772652810928,0,2026-09-07 10:52:32
2026-09-06 11:48:39,CNC-01,L,296.75638195008605,311.49354295970426,1380.686862960075,56.89706575345455,131.7140155389059,2.268418808834925,14.547153586667475,1479.429087230503,0,2026-09-07 10:52:32
2026-09-06 21:52:00,CNC-01,L,299.10995155990054,311.4370861826371,2520.201754267265,19.34433949914423,71.00025109486982,3.1482207164548366,8.911707358302356,56.164354988504584,0,2026-09-07 10:52:32
2026-09-07 06:06:00,CNC-02,M,295.5453582361581,310.0062899333515,2033.3886594281967,34.13993335914263,113.22723428233317,2.6870138516472113,13.173160050504897,57.91858472501659,0,2026-09-07 10:52:32
2026-09-07 00:05:00,CNC-03,H,300.05612566271947,311.95206983851074,2626.883841791375,14.738294868062749,91.5638384529113,3.2236395311772927,7.094925493102143,54.96116721795127,0,2026-09-07 10:52:32
2026-09-07 01:29:00,CNC-02,M,297.91933594421874,309.48661051797376,2723.479771541605,13.935904144018041,9.607185924148162,3.2431298796935395,7.287735666397701,55.91165836267415,0,2026-09-07 10:52:32
2026-09-07 01:01:00,CNC-03,H,299.72015695563357,312.63282925613737,2532.3678816686534,20.726792502909074,151.39016318452815,3.3175545171252523,9.846148620441596,51.94287219577488,0,2026-09-07 10:52:32
2026-09-07 03:20:00,CNC-01,L,296.82393089923045,308.4886001467756,2442.09688904888,17.386263930760997,2.2851212619927024,3.0772353376576485,8.247460091288357,54.11227892514737,0,2026-09-07 10:52:32
2026-09-06 19:04:00,CNC-02,M,299.7894070463737,313.3432422650031,2060.0016996424747,29.71227745362869,78.09797116886602,2.677876421325492,11.42920064061107,52.84278164670572,0,2026-09-07 10:52:32
2026-09-06 20:12:00,CNC-03,H,27.345255124748462,40.08697207319972,2540.6144273606833,19.646698767098037,95.64783739575108,3.100539368212095,9.350507916085856,45.76379855352188,0,2026-09-07 10:52:32
2026-09-06 16:42:00,CNC-03,H,299.76037330118606,313.88726306012893,1994.431104432019,35.442934305052276,90.17149490294892,2.62468907122477,13.178501400792559,52.83470672165128,0,2026-09-07 10:52:32
2026-09-06 11:40:00,CNC-02,M,296.9363417173099,311.06003369304557,1364.201774006663,51.34929309250169,95.4745783578112,2.062119776867966,13.073144236790503,57.24980360690576,0,2026-09-07 10:52:32
2026-09-07 01:37:00,CNC-01,L,297.8011591624088,310.47511664749635,2393.539894967014,21.007932114148545,115.67941637401317,3.1606210044211758,9.37817471041851,53.80687674617779,0,2026-09-07 10:52:32
2026-09-06 11:25:00,CNC-03,H,296.909123292524,310.89793157461054,1400.3849792597962,51.03524322753909,80.87319002782246,2.0687272077622447,13.407356792637856,58.366437515131764,0,2026-09-07 10:52:32
2026-09-06 19:32:00,CNC-01,L,299.4606537270064,313.78250799219256,2385.516211209137,29.71671263958462,143.46231738506373,3.195454226781224,13.199526561059407,51.380526516934445,0,2026-09-07 10:52:32
2026-09-06 19:45:00,CNC-03,H,300.40009993137335,313.08935551830996,2272.4970555359405,23.73440065873029,63.27083352183371,2.813126907208812,9.903195308800532,48.90922449663596,0,2026-09-07 10:52:32
2026-09-06 12:01:00,CNC-01,L,296.73541081544585,310.90535848037575,1408.906044800032,49.14802127582557,150.68879582842607,2.432968365643964,12.94389706818866,57.160887094239996,0,2026-09-07 10:52:32
2026-09-07 08:01:00,CNC-02,M,295.3089007924258,309.32899654927314,1630.88435746042,356.4108310533083,43.77320916396853,2.363572522471403,12.779418473560058,62.06244974692229,0,2026-09-07 10:52:32
2026-09-07 08:42:00,CNC-02,M,295.0643065404219,309.6301635471686,1723.5145308311467,41.481977700334944,104.51132597905111,2.4107943485627463,13.276287192759662,57.634170226592495,0,2026-09-07 10:52:32
2026-09-06 20:35:00,CNC-02,M,31.956549944578796,39.34462326787019,2627.874057103873,19.089459224181052,187.60427498955238,3.7048921242665607,9.580640680455186,44.46580138599534,0,2026-09-07 10:52:32
2026-09-07 10:21:00,CNC-02,M,295.44673054089833,309.20877602600274,1298.7458466002486,48.48418393693879,17.246340707555703,2.0466950847182996,11.832434279856585,57.26554429463805,0,2026-09-07 10:52:32
2026-09-07 07:11:00,CNC-02,M,295.57025754725765,311.2417190165286,1810.9844170676536,44.459084061789014,202.65713181961038,3.092588801744356,15.17978104640448,57.7502195504831,0,2026-09-07 10:52:32
2026-09-07 00:18:00,CNC-02,M,298.22376044753264,312.10613542909783,2839.2379280358386,21.43479899346969,174.9479556238584,3.6619980376854926,11.61419754958916,57.92615949599156,0,2026-09-07 10:52:32
2026-09-07 10:07:00,CNC-01,L,294.7967064815134,309.4497755708101,1502.692040889426,49.22368084787466,156.5744120917839,2.4541306613376808,13.746030486809811,57.17240539344641,0,2026-09-07 10:52:32
2026-09-07 00:22:00,CNC-01,L,297.9201040926275,309.8151924491007,2784.7073593604346,15.662900102615549,35.13786513461165,3.268996983908631,8.222755521930837,59.20650329811336,0,2026-09-07 10:52:32
2026-09-07 10:26:00,CNC-03,H,297.18770043620015,312.64223265457576,1582.788412420085,52.5666185819995,207.89198428616297,27.047641653881477,15.403654458669209,58.738854324153806,0,2026-09-07 10:52:32
2026-09-07 06:37:00,CNC-03,H,297.01918124486616,311.94675728319,1840.8685659745588,44.65726478018568,85.49700818947207,2.5181942682429392,15.62861581946981,56.423534463586556,0,2026-09-07 10:52:32
2026-09-07 09:46:00,CNC-02,M,5101.603669057518,310.61391788531796,1429.0167842232645,53.70057971159104,202.49155517666443,2.6981618168043355,14.572070209520607,57.775713049560274,0,2026-09-07 10:52:32
2026-09-06 12:35:00,CNC-02,M,297.1944792797979,312.90096051668576,1421.0595853515729,57.8415473019886,182.69737936915266,2.5314075884323923,15.715814735686143,57.513421908374,0,2026-09-07 10:52:32
2026-09-07 06:51:00,CNC-01,L,295.58101154770475,309.7334560219802,1912.8747260166642,37.19940776112388,62.749901138915064,2.489756225853273,13.170942811489613,60.56817057177991,0,2026-09-07 10:52:32
2026-09-06 17:53:00,CNC-01,L,299.02288774711604,312.3154811270505,2010.1898714788344,31.880305134479027,16.092327593380368,2.6346958267904994,12.135913975734692,53.747316782484134,0,2026-09-07 10:52:32
2026-09-06 20:18:00,CNC-03,H,27.324897822963862,40.781107995822424,2478.2991215533107,24.007026840916787,102.690925646293,29.85660172063232,11.238042087723262,49.63540821824716,0,2026-09-07 10:52:32
2026-09-07 06:53:00,CNC-02,M,295.63021805465496,310.73396209707533,1840.012526534124,40.36298856563619,177.4301793529854,2.861791739229452,13.947053714467916,59.98999450195339,0,2026-09-07 10:52:32
2026-09-07 06:30:00,CNC-03,H,296.981845485358,311.1684935375925,2001.8158619899073,37.435003545540546,75.78889979457507,2.7069515661256673,14.161184947786605,58.41437157578161,0,2026-09-07 10:52:32
2026-09-06 21:49:00,CNC-01,L,299.3574790096391,311.42042170991834,2516.9464870730885,16.703234496159165,67.7041379658584,3.1814066228597366,7.703719128832496,55.95571478599297,0,2026-09-07 10:52:32
2026-09-07 03:05:00,CNC-02,M,296.6921217494762,,2636.8692028194437,17.359249003609627,116.13065597485806,3.2814708788928417,8.8111554970247,57.22527043539614,0,2026-09-07 10:52:32
2026-09-07 09:18:00,CNC-01,L,294.91859155371196,309.09939086797476,1401.010351926184,51.1978817417099,80.4517953528791,2.0830141161698488,13.495809402711805,60.21437911792143,0,2026-09-07 10:52:32
2026-09-06 18:54:00,CNC-02,M,299.55893630258123,312.9748577378153,2416.0063254171337,24.700939854757397,65.50367144961241,3.0572461317127484,11.194585466227549,55.13965156517887,0,2026-09-07 10:52:32
2026-09-06 20:43:00,CNC-01,L,26.173991652971097,40.00149173295961,2460.716805264166,24.02974049456965,227.68422823112724,4.047702843987522,10.900603783996464,54.15897525213128,0,2026-09-07 10:52:32
2026-09-06 21:25:00,CNC-01,L,299.12943038187973,310.9384781791913,2567.8101206973465,16.397392949190778,41.061612969946545,3.2173574954057154,7.923161740330956,51.832524429367346,0,2026-09-07 10:52:32
2026-09-06 12:03:00,CNC-02,M,296.86360284457527,311.8836162461673,1453.8466942789153,53.92255801788332,131.83261414397393,2.3472946325671926,14.904881114311882,54.31103304261526,0,2026-09-07 10:52:32
2026-09-06 20:54:00,CNC-01,L,26.44340499601094,38.88999317928835,2506.7354314760596,21.649416560875107,5.745132162404932,3.1273703090100984,10.231244051194569,44.933803628585416,0,2026-09-07 10:52:32
2026-09-06 22:03:00,CNC-01,L,299.5494774359807,312.069128210277,2480.598401590719,19.41660678056443,83.24657492715151,3.1122920107591203,8.816996963617028,54.49356007026581,0,2026-09-07 10:52:32
2026-09-06 22:33:00,CNC-03,H,299.8907298836321,313.3290199063413,2703.6880366572987,19.842457698654265,253.4134528136926,4.310604281013991,9.850034751617748,49.59040738397688,0,2026-09-07 10:52:32
2026-09-07 05:28:00,CNC-02,M,295.64413345442847,310.13463155523607,2100.9896222346747,34.26895853426106,63.15603910480781,2.669399767461428,13.464888864713679,61.64587027131662,0,2026-09-07 10:52:32
2026-09-07 04:24:00,CNC-01,L,296.36903635141147,309.7254366516302,2304.472075149332,26.790954153687842,78.52277507117647,2.9245506680246725,11.346676310938797,51.949905566107944,0,2026-09-07 10:52:32
2026-09-07 04:47:00,CNC-02,M,295.92311404742605,309.6758599703156,2160.0776871630947,29.553639696368784,11.191943100595289,2.787218796690843,11.77973120589417,57.54461760035895,0,2026-09-07 10:52:32
2026-09-06 20:52:00,CNC-03,H,27.294977604822407,40.78296545252533,2598.852423264089,21.50435971706292,142.11016661343191,3.3640185636353457,10.337013567952262,49.683892660121316,0,2026-09-07 10:52:32
2026-09-06 21:57:00,CNC-01,L,298.99464046884214,311.6582095492764,2547.5758383831762,20.65506001550939,76.59991926850748,3.0720254010698005,9.788425789121344,55.48384194071493,0,2026-09-07 10:52:32
2026-09-07 10:31:00,CNC-02,M,295.6428879411058,309.4170290256663,1458.7641591764673,45.11923981015099,33.07277676819006,2.1605441518181774,12.206430588320478,60.99632588387104,0,2026-09-07 10:52:32
2026-09-06 15:16:00,CNC-02,M,298.54672621238655,313.22806384830824,1556.75748012869,45.923891004953155,191.66439535753304,2.816145500049109,13.443897827711714,49.484465134274934,0,2026-09-07 10:52:32
2026-09-06 14:09:00,CNC-01,L,297.6209105465456,312.0335411032942,1458.747720519993,50.179207320026514,113.05544290313803,2.251772341878913,13.637018554722923,57.56355360064604,0,2026-09-07 10:52:32
2026-09-07 05:08:00,CNC-01,L,296.18630382358515,310.54986406929197,2194.6106346322604,31.79740593008911,133.37713914421272,2.9343959026331503,13.070595638179475,57.985097447574724,0,2026-09-07 10:52:32
2026-09-07 01:25:00,CNC-03,H,299.34693043591903,312.7557993130499,2635.5363684435356,21.495684176541644,177.12515754399894,35.015629029935326,403.7219365907551,51.49114211884081,0,2026-09-07 10:52:32
2026-09-07 06:52:00,CNC-01,L,295.4319857252781,309.6517920053683,1758.5106863365088,42.20367111772353,64.15919940154124,2.447654213236233,13.779221217874955,58.51140569595952,0,2026-09-07 10:52:32
2026-09-06 12:51:00,CNC-03,H,24.70330597540567,39.29439139456588,1392.225984000785,52.47264424742942,217.30950630353232,2.6770657546449343,13.691224386348381,57.94999852036829,0,2026-09-07 10:52:32
2026-09-07 05:58:00,CNC-02,M,295.37097516926946,310.1164440760804,2123.622719682597,35.53136005203924,102.73206728631845,2.8358901111951638,14.129315328062887,61.966227379701046,0,2026-09-07 10:52:32
2026-09-06 17:06:00,CNC-02,M,299.3377030904433,313.7596162561189,1990.3764128390212,36.9334225154832,0.0,2.790947895384998,13.732109739444493,54.544515682871676,0,2026-09-07 10:52:32
2026-09-07 02:31:00,CNC-02,M,297.0567017437721,310.01056252102626,2369.9365020466203,21.715921312222935,77.72909020990976,2.9962004402487206,9.54011150623834,59.040450393246175,0,2026-09-07 10:52:32
2026-09-06 14:52:00,CNC-03,H,298.89357549495094,313.5325265269627,1385.2571318518603,52.491068567949554,159.14151704057406,2.214291903700597,14.017330908701977,50.563752890861636,0,2026-09-07 10:52:32
2026-09-07 00:30:00,CNC-01,L,298.0179783100701,309.2872077601209,2705.7958764005316,13.138977571387773,43.78931761502462,3.1440839648834995,6.48305193963245,53.01884253535008,0,2026-09-07 10:52:32
2026-09-07 10:16:00,CNC-02,M,295.2852121851804,309.42816723442866,1548.8857287787284,46.946136212691904,9.362388470933798,2.3210632500592485,13.318475784776226,57.94549075402144,0,2026-09-07 10:52:32
2026-09-07 09:43:00,CNC-01,L,294.7939958614348,309.01177225416075,1373.1034473380316,50.272603228740074,119.30809539022296,2.1312233360998536,12.857773291121614,61.45027442080252,0,2026-09-07 10:52:32
2026-09-06 11:26:00,CNC-01,L,296.8293067056648,310.40734340643104,1311.045299088724,49.05739323309231,95.34293115579297,2.133060227283092,12.144768140623803,56.07790825818437,0,2026-09-07 10:52:32
2026-09-06 12:15:00,CNC-02,M,296.58853959611855,310.9742582769405,1385.2367941679597,52.88353598109831,150.9751731080621,2.3542609117322244,13.711517404075762,54.194329247647076,0,2026-09-07 10:52:32
2026-09-07 07:07:00,CNC-01,L,295.1738364881095,309.4831969106791,1910.276644724716,39.31479008861447,85.28050097123355,2.7507858294425342,13.724012294724012,62.11904847221574,0,2026-09-07 10:52:32
2026-09-06 14:58:00,CNC-03,H,299.03160433237184,313.5216285785628,1712.760843751275,40.96269912939036,168.20612143211721,2.78991872739425,13.169923576185429,52.43358458739036,0,2026-09-07 10:52:32
2026-09-06 11:50:00,CNC-03,H,297.2556037585213,311.8575857956909,1367.2659265279958,53.93788420603961,120.49729954819442,2.2210850935662947,13.80731699525426,,0,2026-09-07 10:52:32
2026-09-07 02:34:00,CNC-02,M,297.18943893645877,309.83366478268607,2536.5932610258405,19.148735907886284,81.13762847520631,30.292964484563598,8.920658329324114,57.740186726974194,0,2026-09-07 10:52:32
2026-09-07 03:41:00,CNC-03,H,297.95042892929405,311.5056756176177,2394.66366423151,26.007224199974516,100.8646901350044,2.991040309787124,11.560223370642499,53.95926117085574,0,2026-09-07 10:52:32
2026-09-06 11:19:00,CNC-02,M,296.8905234470476,310.9119930676089,1395.0355100952625,49.98027793353209,62.074072588375536,2.0934257791289594,13.266075585848819,57.54949035296067,0,2026-09-07 10:52:32
2026-09-07 06:11:00,CNC-01,L,295.6525051644114,309.751176508872,1986.5835617503847,35.71576662163479,8.017331868200221,2.521101615141318,13.118433975691248,61.49067879460167,0,2026-09-07 10:52:32
2026-09-07 04:06:00,CNC-02,M,295.9797131948184,309.40652432441783,2370.710977116047,22.752414174763583,187.2773227767843,3.48761339889606,10.048923511115754,59.347210856669996,0,2026-09-07 10:52:32
2026-09-07 07:32:00,CNC-02,M,295.3537601615096,309.01962255274833,1702.077207337288,38.875893010554236,1.4413793367239116,2.3289524739532133,12.363703688962417,58.62487514819449,0,2026-09-07 10:52:32
2026-09-06 13:14:00,CNC-02,M,24.350963138843724,38.300112744579394,1446.7133216909024,47.46397581275544,3.1141485080789635,19.901185514905105,12.70787912674784,60.37402504593734,0,2026-09-07 10:52:32
2026-09-06 22:04:00,CNC-01,L,299.29003806216537,312.2196781528942,2521.388443613103,,84.4078927313219,3.1640667642821434,10.389121345752402,50.263079640960946,0,2026-09-07 10:52:32
2026-09-07 04:11:00,CNC-03,H,297.47704882124435,311.1106901065867,2298.557139950116,26.954979492076404,136.80745533205143,2.9809437907805107,11.443381827100135,53.43093718485181,0,2026-09-07 10:52:32
2026-09-07 01:13:00,CNC-01,L,297.7394125009162,310.21017476586326,2800.3558680786427,17.06754219417209,89.90134243533502,3.3680898418285956,8.97227204808598,55.9317453985308,0,2026-09-07 10:52:32
2026-09-06 23:31:00,CNC-02,M,299.09609704158567,312.19600532214804,2599.3514665015227,21.129593512807624,124.84125804171228,3.297457429374332,10.113037047476727,48.31020048299859,0,2026-09-07 10:52:32
2026-09-07 01:24:00,CNC-03,H,299.24256840058615,312.4042441993503,2619.9520480508963,20.549441481058977,176.03696614137252,3.5657771661286017,9.874590588814673,53.57253254423407,0,2026-09-07 10:52:32
2026-09-06 11:09:00,CNC-02,M,296.5087361364465,311.18439006683997,1522.057348119573,48.380896107505514,46.22695022345852,2.218787765267865,13.903895062768541,56.060729312288245,0,2026-09-07 10:52:32
2026-09-07 07:41:00,CNC-01,L,295.2656825587417,309.1381372252581,1720.3355723592813,38.19016730852956,133.85741607466318,2.519043404302021,12.042539457350495,57.86572059123423,0,2026-09-07 10:52:32
2026-09-06 21:42:00,CNC-01,L,299.3939922582904,311.87703773340854,2648.1222966898663,18.905154115268683,59.993751459020494,3.2676100101979397,9.502912432913854,56.285732056929334,0,2026-09-07 10:52:32
2026-09-06 17:21:00,CNC-03,H,299.89610709882186,314.0323831194674,1912.9057072045443,35.88952976756195,144.69652269035464,2.6300784154220684,12.985855468875123,52.80670178381543,0,2026-09-07 10:52:32
2026-09-07 09:21:00,CNC-01,L,294.791418792089,309.2338019977144,,48.69399885067088,85.07516916523214,2.299246799143736,13.6561093443587,60.230813716095945,0,2026-09-07 10:52:32
2026-09-07 07:00:00,CNC-01,L,295.27203018525825,308.77659505123023,1915.448258126177,32.65507302301218,75.41759404115534,2.523026392863028,11.497450272901059,57.67867884832835,0,2026-09-07 10:52:32
2026-09-07 07:40:00,CNC-03,H,296.46726829461323,311.40205972005623,1842.6158907976908,43.14086641193795,173.97728489279234,2.760400160105101,14.780941484975436,53.73139322216591,0,2026-09-07 10:52:32
2026-09-07 08:58:52,CNC-01,L,294.9055573898883,308.9499193068539,1525.7482748452219,46.63271419853466,51.16811135260305,2.2352883869617495,13.290738066297035,60.08205978085962,0,2026-09-07 10:52:32
2026-09-07 00:08:00,CNC-02,M,298.4254292108137,311.14895603086717,2742.3349802024863,16.319494152504667,164.18145030440087,3.586758836994003,8.419706978784868,0.0,0,2026-09-07 10:52:32
2026-09-07 10:01:00,CNC-01,L,294.7876044044296,309.5718336019762,1458.451085324045,52.26014475737696,147.234651075437,2.3966290031493,14.106768076044053,63.565495212483974,0,2026-09-07 10:52:32
2026-09-06 11:35:00,CNC-01,L,296.6017019800568,310.6648948557501,1369.7120550404877,51.1167336213529,109.6664626321791,2.171035782431687,13.401731748204265,58.96192392489182,0,2026-09-07 10:52:32
2026-09-07 09:38:00,CNC-03,H,296.6721799027117,310.98503405140536,1371.8108512523347,50.25839220728099,133.05736843842618,2.1755418953488235,12.73684220643609,58.75158921764798,0,2026-09-07 10:52:32
2026-09-06 22:39:00,CNC-01,L,298.58010575015373,311.661178854997,2535.342963310014,21.4959091208517,122.36794543461056,3.163369936820619,10.132795761088012,56.06967709593344,0,2026-09-07 10:52:32
2026-09-06 14:39:00,CNC-01,L,297.93097505379956,312.9139794376555,1596.4539047667959,48.955466661282806,159.3752233300572,2.563603023123121,14.46463242825852,50.394369229496576,0,2026-09-07 10:52:32
2026-09-07 01:51:00,CNC-02,M,297.80688379987527,310.33706806519854,2513.6001361679487,19.39336239646069,33.31832454332451,3.0627017610446,9.03097790857041,56.05485684738493,0,2026-09-07 10:52:32
2026-09-07 03:07:00,CNC-02,M,296.8810793789101,310.54892206140073,2518.398702157596,23.302312442157913,118.36644291157182,3.2335407800713196,11.006044934514241,59.52249487025843,0,2026-09-07 10:52:32
2026-09-07 00:30:00,CNC-03,H,299.81443105399444,311.32826362962624,2755.149353437784,12.867037545794132,118.28424642277454,3.4158296856060635,6.480101666627438,51.219384371543526,0,2026-09-07 10:52:32
2026-09-07 01:51:00,CNC-01,L,297.46032904504807,310.46232293838517,2581.9666720535756,20.95364627990231,131.06488488104125,3.329965153272239,10.153814939057414,58.99747151796117,0,2026-09-07 10:52:32
2026-09-06 20:32:00,CNC-02,M,32.13421612019283,39.63805352413294,2461.571776747666,21.853486086736645,184.22311149294484,3.495151842671854,10.030020751506388,44.51677665864143,0,2026-09-07 10:52:32
2026-09-06 18:08:00,CNC-01,L,299.13075889779634,313.2104584220178,2103.3185187150602,34.020807864166976,36.18175187029935,2.7190356787111316,13.281860426168606,50.36737740150104,0,2026-09-07 10:52:32
2026-09-07 03:57:00,CNC-01,L,296.5983723896362,309.95715002290467,2315.367263521192,26.25222748901239,45.776938129162005,2.7967089762117756,11.51851500541852,59.75645904406118,0,2026-09-07 10:52:32
2026-09-07 01:02:00,CNC-03,H,299.483745779448,311.87341264689036,2670.725061368037,16.258981160662515,,3.411668865104311,8.278101029874305,50.018851805629176,0,2026-09-07 10:52:32
2026-09-07 07:08:00,CNC-02,M,295.5993939728348,310.6173838372741,1769.2379503963898,,198.390196030925,2.968562251939998,13.678842957575357,57.42113059733978,0,2026-09-07 10:52:32
2026-09-06 21:53:00,CNC-03,H,299.7976922571312,313.3606799984255,2766.039027563003,19.767660625850805,210.3315111583814,3.736704309012582,10.169410385228867,50.9100999770557,0,2026-09-07 10:52:32
2026-09-06 16:58:00,CNC-02,M,299.8329529574631,314.8578454491484,1861.8082037057488,43.032917660085346,129.0840235555958,2.6385761932362777,15.099685862221325,53.88834951648945,0,2026-09-07 10:52:32
2026-09-06 19:36:00,CNC-02,M,299.61484861455097,313.9095835874034,2222.1965602469895,31.37001741575938,117.8078033952909,2.8962053796177045,13.127657307463242,50.33172097305999,0,2026-09-07 10:52:32
2026-09-06 14:38:00,CNC-02,M,298.23740161609834,313.2949878736864,1587.0282581951442,49.97940356619437,133.89208340093396,2.3810198927247543,14.991250391487307,55.670904968191024,0,2026-09-07 10:52:32
2026-09-06 22:32:00,CNC-02,M,299.1819313779077,311.8528566528145,2566.4347033032222,19.194597434427077,61.421730331434155,3.1195848353360036,9.112540566777328,56.21621374001503,0,2026-09-07 10:52:32
2026-09-06 15:48:00,CNC-02,M,298.87227365312964,312.768449839536,1683.012736989546,41.619151713968364,28.03068670604725,2.192506963622803,12.846007444830585,50.1640868878937,0,2026-09-07 10:52:32
2026-09-07 07:37:00,CNC-02,M,295.50586323098463,309.7023769054293,1716.5265748288048,41.88571711416425,8.63165395366152,2.389380497960458,13.3709697720691,61.544181289615096,0,2026-09-07 10:52:32
2026-09-06 17:11:00,CNC-02,M,299.17497936662716,313.71651879491407,1861.7959031554196,37.81731758833155,147.17379427134756,2.6445574238903857,13.102489302506086,54.84149828210778,0,2026-09-07 10:52:32
2026-09-06 12:18:00,CNC-02,M,296.9530709641587,311.02820918049605,1315.7005166691213,49.72307361954979,155.7401836886341,2.3375667262422617,12.351609023168756,53.261113799756274,0,2026-09-07 10:52:32
2026-09-07 00:54:00,CNC-03,H,299.45388288556416,311.3656887750954,2664.6588214692138,15.670558551845119,143.752068893502,33.72920989001839,7.878883578894957,50.710732559992245,0,2026-09-07 10:52:32
2026-09-06 18:21:00,CNC-01,L,299.26901343611905,313.21309077926827,1986.0995559609578,33.12885499359638,53.30246490404591,2.7274007533905236,12.529620511853603,55.248075512435356,0,2026-09-07 10:52:32
2026-09-07 10:35:00,CNC-01,L,294.85451638726533,310.0898007900523,1431.8403807931325,55.3519147345623,200.58240436013347,2.8858213477648618,14.893519469871162,57.533797710830406,1,2026-09-07 10:52:32
2026-09-07 07:32:00,CNC-03,H,296.67471384259056,311.76342420355707,1697.432999311504,47.8193604021633,162.49534409386052,2.6288325620923176,15.420686813944306,58.27212628158531,0,2026-09-07 10:52:32
2026-09-06 12:58:00,CNC-02,M,23.88139887855891,38.921235264981476,1412.2618850986366,52.623001697247794,219.2430624169486,2.831081787818325,14.005992871679249,56.22675521264767,0,2026-09-07 10:52:32
2026-09-06 14:11:00,CNC-01,L,297.7397445364676,312.6327340424829,1663.644088345915,46.42286712048554,116.13430657138223,2.447595652373928,14.149131782194688,55.98592870378052,0,2026-09-07 10:52:32
2026-09-06 11:21:00,CNC-01,L,296.5414005156939,311.12157887043145,1429.172521940678,53.47473619190693,87.45084743355844,2.236634593564201,14.221593710847786,57.0967533082436,0,2026-09-07 10:52:32
2026-09-07 08:30:00,CNC-02,M,295.35342804793896,309.78362246591297,1608.1313575472163,43.352471085129125,86.47570489425695,2.3038091085085277,12.933699492318205,63.175928101296584,0,2026-09-07 10:52:32
2026-09-06 11:37:00,CNC-01,L,297.02943675777806,311.8200022269462,1561.0476532889716,50.46073534561675,112.74554221366819,2.3230670863668053,14.851886028632256,56.02080520899159,0,2026-09-07 10:52:32
2026-09-06 15:03:00,CNC-02,M,298.53848078779583,313.5067306874697,1536.676824396629,49.0015299343487,172.04082999870454,2.6811761059523675,14.216695877932708,51.05598685890682,0,2026-09-07 10:52:32
2026-09-07 02:38:00,CNC-03,H,298.72274569695463,310.4867465887936,2657.241753494191,16.116168741795597,28.86122542425934,3.243642689189202,7.922119158153376,56.99306273556502,0,2026-09-07 10:52:32
2026-09-07 08:37:58,CNC-03,H,296.64445973565233,310.61964646412105,1594.4771746698823,44.09301563830492,39.92658070148323,2.214485516722905,13.272421714764413,59.68235280518615,0,2026-09-07 10:52:32
2026-09-06 14:15:00,CNC-02,M,297.7982535822008,312.1704720121605,1358.6620617362767,52.24147005637797,98.48734752781864,2.192025658711121,13.63541575178609,54.665201171050974,0,2026-09-07 10:52:32
2026-09-07 08:43:00,CNC-03,H,296.65667491500403,310.4321630512605,1545.2107184572612,46.07834516691406,48.93068628044914,2.146090934510867,13.394436573871504,56.412329292181205,0,2026-09-07 10:52:32
2026-09-07 08:53:00,CNC-03,H,296.4351220675302,311.06107867359214,1432.7920359119344,51.45471908615966,64.03381999270225,2.2358133389954498,14.07632686804497,56.690347516905334,0,2026-09-07 10:52:32
2026-09-07 00:06:00,CNC-03,H,299.8722627730066,311.3450286262394,2564.4282840193296,13.791054264068613,92.68010365623793,3.145364004338509,6.511950863156964,55.433173908126236,0,2026-09-07 10:52:32
2026-09-07 09:28:00,CNC-01,L,294.6112734907629,308.7991764900281,1398.5686064709546,0.0,96.00856489713472,2.297368944232024,13.590115639244233,58.84653124211265,0,2026-09-07 10:52:32
2026-09-07 04:29:00,CNC-01,L,296.41411684998565,309.37339617290183,2416.768241130681,22.968623195998653,84.58978838872972,3.106904079017804,10.70322225550264,59.645129847384034,0,2026-09-07 10:52:32
2026-09-06 17:19:00,CNC-02,M,299.4321311928186,314.2845091745091,1992.9099628226854,35.76720869175167,158.42676676581019,2.8701138719254846,13.348158137432758,54.574872337573176,0,2026-09-07 10:52:32
2026-09-06 11:31:00,CNC-03,H,296.7626968267498,311.3280009638814,1451.3804296937083,51.42581316315682,90.34829282795575,2.209022010988555,13.97577701702682,55.7532398987732,0,2026-09-07 10:52:32
2026-09-07 06:44:00,CNC-01,L,295.7746124711293,309.95847986170685,1862.4031572769527,39.86493313229668,52.99039823343607,2.4934788139683133,13.636577476740104,58.781415076741844,0,2026-09-07 10:52:32
2026-09-06 21:00:00,CNC-03,H,27.018290298035993,40.090179012054534,2529.8122281530937,21.625970296453115,151.2533042624478,3.2459286535890284,10.343064493600467,49.51975964428407,0,2026-09-07 10:52:32
2026-09-07 10:04:00,CNC-02,M,295.17842387813624,310.2650671316222,1388.1113651041276,51.19001945495228,230.59803415478575,2.884481709686134,13.138915124374941,59.853432146174036,0,2026-09-07 10:52:32
2026-09-06 13:59:00,CNC-01,L,297.61724188093,311.67554070878873,1447.8374775673103,47.81606721310674,97.39036626365647,2.129689085334615,13.065627577659527,54.54836390638121,0,2026-09-07 10:52:32
2026-09-07 01:49:58,CNC-03,H,298.9086893884501,312.14414855011074,2615.208159530734,20.470968915249816,203.00922461691636,3.727767198653141,9.636178383504069,50.74916583180861,0,2026-09-07 10:52:32
2026-09-06 14:21:00,CNC-02,M,298.06766183919115,312.9428460954814,1514.3212454432135,51.22754967837187,107.7264190038843,2.2213530222687767,14.515306831681077,53.705109487912516,0,2026-09-07 10:52:32
2026-09-06 12:16:00,CNC-03,H,297.3996725461349,311.78865753517704,1409.6140455689538,50.0718690941608,161.83433620626485,2.300145087664503,13.251531469453637,56.96217267430263,0,2026-09-07 10:52:32
2026-09-07 08:51:00,CNC-01,L,295.0901263006364,309.1396097355997,1680.8489411791986,43.47776627949415,39.00097886255176,2.5472423065803156,13.637436910608496,58.85822242216844,0,2026-09-07 10:52:32
2026-09-06 19:32:00,CNC-03,H,300.8229383117353,314.75688664990366,2452.3362712848143,27.609981232262374,47.43806171558084,3.0546862121162968,12.638883997955478,48.179513715235544,0,2026-09-07 10:52:32
2026-09-06 22:01:00,CNC-01,L,299.2623051130644,312.1279955137964,2600.220046069601,21.225613858905565,81.02245347707424,3.1289250104827033,10.399499927789513,54.46482257912102,0,2026-09-07 10:52:32
2026-09-06 14:19:00,CNC-03,H,298.727221199941,313.2071934343245,1404.6058716960079,51.950647817776435,108.44613536214226,2.097250874457447,13.881321101104929,53.34177752567936,0,2026-09-07 10:52:32
2026-09-07 00:53:00,CNC-02,M,298.14746073011605,311.4954609186908,2564.22428685916,20.51716959287844,211.96929661244494,3.8881088512718964,9.743057141393942,,0,2026-09-07 10:52:32
2026-09-07 00:21:00,CNC-01,L,298.39647195110774,310.50541057445514,2672.0937029607117,17.9569966955636,34.10786513461165,3.1666788181115506,8.69207748877673,55.037668025165615,0,2026-09-07 10:52:32
2026-09-07 00:24:38,CNC-01,L,298.0774789169403,309.76865007383776,0.0,126.3372722477062,39.48037774718771,3.2044391306884163,7.209761997621156,55.11677892629415,0,2026-09-07 10:52:32
2026-09-07 04:14:00,CNC-01,L,296.27630639145156,310.28941706153137,2206.314598347867,30.56759362518297,66.25895315585754,2.8913176883833014,12.43930745019358,58.04011257667341,0,2026-09-07 10:52:32
2026-09-07 08:17:00,CNC-01,L,300.62005263294344,308.79198201964425,1531.2985706250406,43.059311435895125,186.91016921372045,2.841846327420498,12.091193900180679,50.7306561991593,0,2026-09-07 10:52:32
2026-09-07 01:15:00,CNC-03,H,299.40874493153,311.80366967036406,2793.981479621444,15.286101961640362,166.34539747309913,3.63428040547714,8.028188785389165,53.34388956173946,0,2026-09-07 10:52:32
2026-09-06 21:49:00,CNC-03,H,300.1826919726562,313.5242974527473,2677.4749127596247,20.070290881633426,205.95928015743925,3.920131431784865,9.838588230537505,55.07736346085521,0,2026-09-07 10:52:32
2026-09-07 09:36:00,CNC-01,L,294.71662722890215,308.72795865820643,1373.7407421904131,49.194191957384376,108.34989589403044,2.037992434683088,12.911525134953996,57.755534186553774,0,2026-09-07 10:52:32
2026-09-07 04:26:00,CNC-02,M,296.0332208429157,310.5132642443053,2063.188889175211,31.16475037379959,211.67282069059195,3.389146899292524,11.895081210403427,58.32753811820269,0,2026-09-07 10:52:32
2026-09-07 03:07:00,CNC-01,L,296.9235194913695,310.44466065213606,2490.3085077839264,22.30562426669724,215.29275188835098,39.108929258909306,,52.480651333895565,0,2026-09-07 10:52:32
2026-09-06 16:47:00,CNC-02,M,299.40985841128975,313.4686114202732,1820.5161988152463,38.75498702600007,113.49602215537297,2.517855350671993,13.362575017123142,56.00789958593865,0,2026-09-07 10:52:32
2026-09-06 12:18:00,CNC-01,L,297.0999466415851,311.8189697689087,1350.7562441242335,55.67611281603351,177.71773514886985,25.263718343373313,13.993137327800987,58.08104623188983,0,2026-09-07 10:52:32
2026-09-06 20:05:00,CNC-01,L,299.7569772634224,313.18400053741135,2323.752528462096,23.859969989820296,183.1954420662923,3.4341715867777722,10.088609191999662,49.19616747980716,0,2026-09-07 10:52:32
2026-09-07 08:46:00,CNC-02,M,295.46392670796206,310.08435534288975,1610.082032876153,45.03580622991135,110.48358418947899,2.451317363548065,13.296990741864304,57.12159551222965,0,2026-09-07 10:52:32
2026-09-07 00:04:00,CNC-03,H,299.537403387895,311.1763661044028,2713.1613504038946,12.978105215732995,90.48795496537126,3.2749548153110437,6.333227094907173,51.91561340062932,0,2026-09-07 10:52:32
2026-09-07 05:46:00,CNC-02,M,295.812111580722,310.2491561461734,2050.9395401093634,35.75630809647501,86.91165338486,2.670403668962531,14.000870174742353,58.66462339683393,0,2026-09-07 10:52:32
2026-09-07 02:00:00,CNC-01,L,297.299721953928,310.3637350189031,2697.5507356747116,19.28632657494552,140.78235133471125,3.601109745084615,9.966980726387098,57.567548387784385,0,2026-09-07 10:52:32
2026-09-06 21:40:00,CNC-02,M,299.33870673205365,311.62551850850747,2723.2616403128077,18.263602346677033,4.435254287787496,3.1953771099391983,9.329482928779179,53.97739845544188,0,2026-09-07 10:52:32
2026-09-06 15:52:00,CNC-01,L,298.85457548689755,312.7613209038142,1599.1274407812973,43.35235092417143,64.56877638417708,2.409316735655678,13.072317681547332,51.532654581378544,0,2026-09-07 10:52:32
2026-09-06 12:05:00,CNC-01,L,297.033984036033,311.3745231506777,1414.2590541500072,51.33749352563316,156.98070353382087,2.4910081863854905,13.770405664032248,57.58016234663786,0,2026-09-07 10:52:32
2026-09-07 01:00:00,CNC-03,H,299.54117677334676,311.7194333075032,2634.0961531775442,15.94249206986374,150.26077923380117,3.4982004150151784,7.864349342012194,53.32763786352311,0,2026-09-07 10:52:32
2026-09-06 20:49:50,CNC-01,L,26.339672693038608,38.890150817497386,2334.211273564223,22.57453881099577,1.1857499887153435,2.9454278470277675,10.049233536584115,48.50712884935447,0,2026-09-07 10:52:32
2026-09-06 22:57:00,CNC-02,M,299.5392324839343,311.87792290024896,2767.692072128823,16.474919827611195,88.53598887523606,3.2817566594169776,8.674132701148178,49.30537162139906,0,2026-09-07 10:52:32
2026-09-06 16:48:00,CNC-01,L,299.1908474556896,314.2293339779038,1974.45477529835,40.61830703029342,145.05730922437826,2.912549779438895,15.175623029237178,57.87400287590496,0,2026-09-07 10:52:32
2026-09-06 22:57:00,CNC-03,H,299.8730006348231,311.1832976610434,2642.031494518759,12.995469010774276,19.35090618617952,3.1889053705632566,6.35420595145963,56.75546819706118,0,2026-09-07 10:52:32
2026-09-06 12:07:00,CNC-02,M,296.89648604141087,310.8535752466096,1311.226740818759,50.39820313666429,138.20201590906805,2.14649406710937,12.176684342636419,58.70025060763019,0,2026-09-07 10:52:32
2026-09-07 09:57:00,CNC-03,H,297.0662844991046,311.9600059094346,1385.6965432933653,55.2762481498221,162.53141902514983,22.28510339841119,14.009048215282679,57.801442635669524,0,2026-09-07 10:52:32
2026-09-07 06:33:00,CNC-02,M,295.806603156978,311.0221051390691,1825.4958619977795,43.30258435356867,149.77949459234327,2.674542347250803,14.827500226917756,59.24565383106127,0,2026-09-07 10:52:32
2026-09-06 22:21:00,CNC-03,H,299.98418378095084,313.86114757357933,2561.236159352696,22.300266197592627,240.5425024564051,4.073515355975216,10.670004946529637,50.79866116350526,0,2026-09-07 10:52:32
2026-09-06 11:06:00,CNC-01,L,296.7911826655214,311.19620595554994,1545.5817101755767,48.32444192744552,63.707277172081696,2.1061775408383694,13.865413881306678,61.46037384691704,0,2026-09-07 10:52:32
2026-09-06 18:52:00,CNC-02,M,299.40908493696185,313.1572393846773,2309.8424624190898,28.75330816381838,63.03265939900152,2.8718876531721333,12.458282345719143,54.70398803963538,0,2026-09-07 10:52:32
2026-09-06 11:57:00,CNC-03,H,297.32467458703155,311.9288842629454,1432.6285337117447,53.46702913451746,131.6785549876204,2.2774427241072304,14.488967225919861,61.67584912996334,0,2026-09-07 10:52:32
2026-09-07 01:33:00,CNC-03,H,299.4037818659467,312.4607930001347,2661.0532739151395,19.098320092944963,185.7454088175359,3.5477923002198155,9.480242940385327,49.63461711221734,0,2026-09-07 10:52:32
2026-09-07 04:03:00,CNC-01,L,296.2344063735794,309.4285630571788,2305.2707952251453,26.57258231969166,52.889879367385355,2.988951683923288,11.392393793496835,57.98204593146296,0,2026-09-07 10:52:32
2026-09-06 20:09:00,CNC-01,L,26.290147043090997,39.7667358962932,2370.0250569306672,23.8648153968338,187.94184604090526,3.6107698899241925,,48.36635204674797,0,2026-09-07 10:52:32
2026-09-06 21:38:00,CNC-01,L,299.2391971949976,310.3993973660645,2597.6077192224434,13.265352578120998,55.54860820038489,3.1777696918529315,6.604908861494415,49.86189153826843,0,2026-09-07 10:52:32
2026-09-06 23:44:00,CNC-03,H,299.6629045942625,311.535006280069,2661.8320558254445,15.371442326318812,69.24530233422195,3.2680391825291837,7.62586652417172,47.66528410928962,0,2026-09-07 10:52:32
2026-09-07 01:56:00,CNC-02,M,297.5545769457205,309.72784807077124,2527.3311773433943,16.883028372813744,38.82261509894843,3.1068327692221955,7.944987552740247,56.32060195634992,0,2026-09-07 10:52:32
2026-09-06 12:27:00,CNC-02,M,297.001212892522,311.90115543097676,1523.56360345088,51.56311782938776,170.01454811362416,2.4552119590119106,14.67009470531638,55.594304688551546,0,2026-09-07 10:52:32
2026-09-06 23:34:36,CNC-02,M,298.93578119086067,311.2908673585923,2691.8408532141493,14.715081996050635,129.09894237724416,3.404775591060317,7.452593894599653,48.02295477180511,0,2026-09-07 10:52:32
2026-09-07 08:01:00,CNC-03,H,296.79804409118805,311.9051134906521,1647.8530093956406,45.88027005690573,204.87136049907934,2.860916186970104,13.940451343777776,55.40641171412842,0,2026-09-07 10:52:32
2026-09-07 01:19:00,CNC-03,H,299.38523186566584,313.0447719511668,2626.361947312399,22.476280576651,170.68251619912843,3.492819071387148,10.823216179426757,50.49193467754472,0,2026-09-07 10:52:32
2026-09-06 14:57:00,CNC-03,H,299.0854255958228,313.4979801939642,1479.7121893268052,47.654119556065375,166.74313432529624,2.362122464843855,13.110634085510092,51.838501258275706,0,2026-09-07 10:52:32
2026-09-07 04:27:00,CNC-02,M,295.74566476876345,310.17965924083256,2379.801570744577,27.494584462698743,212.88436455015912,3.6302198235086296,12.460186427896934,54.80527410796704,0,2026-09-07 10:52:32
2026-09-07 02:30:00,CNC-03,H,298.3397833573766,309.91495270431466,2536.451527904313,15.578231786051505,19.90643160398797,3.15187481737865,7.5500951728609484,53.39422663713675,0,2026-09-07 10:52:32
2026-09-07 02:11:00,CNC-02,M,297.52109043951276,310.8070251510977,2611.768005938128,22.70613001575913,55.23811870444816,3.1132509348904316,11.197050116220067,53.37398082502279,0,2026-09-07 10:52:32
2026-09-06 16:56:00,CNC-01,L,299.049745852367,314.1085514169996,1869.1613115860523,41.774871130674214,,27.280457967100894,14.598702970899637,54.06139206761953,0,2026-09-07 10:52:32
2026-09-06 20:13:00,CNC-03,H,27.199492530457462,41.26326370813547,2263.890636472242,29.587621542763742,96.8831440493211,2.910433592356839,12.38832715596943,50.546198314711,0,2026-09-07 10:52:32
2026-09-07 08:00:00,CNC-02,M,295.7107629893384,309.7575230756548,1549.0494202874154,44.82449134675478,42.276783140892576,2.0585968796939973,,53.594915977635594,0,2026-09-07 10:52:32
2026-09-06 18:38:00,CNC-02,M,299.7503072354442,313.0784839763301,2138.870515198671,28.43958036308543,45.436981052895035,2.654130824835685,11.595941859151047,49.1089392007554,0,2026-09-07 10:52:32
2026-09-06 12:16:00,CNC-01,L,297.1665765120707,311.9075829008523,1362.087644678814,53.8867678307551,174.51941943379904,2.4162206551272756,13.69589084338066,56.35476418894168,0,2026-09-07 10:52:32
2026-09-07 09:28:11,CNC-03,H,296.932278232474,311.4658556332835,1570.810885365709,48.15664602765067,116.05770896349719,2.3230336185837714,13.89750338130452,50.713592946252724,0,2026-09-07 10:52:32
2026-09-07 06:15:00,CNC-03,H,297.11442588242426,311.3360579720056,2061.5108424952714,33.4894979087087,55.42999032311935,2.576933582882022,12.986020631628643,,0,2026-09-07 10:52:32
2026-09-07 09:45:00,CNC-01,L,294.62478734794183,309.194202988021,1593.132778169687,48.47060294553795,122.3424301858408,2.442546809840919,14.609844494738306,59.46857507279268,0,2026-09-07 10:52:32
2026-09-07 07:30:00,CNC-01,L,295.2928605131416,310.53329857082633,1892.232488246025,42.9421308969512,118.01752378895787,2.813223592635024,15.451688981086614,56.34362663553128,0,2026-09-07 10:52:32
2026-09-06 11:00:00,CNC-02,M,296.5608647250544,310.373655591476,1445.74950226312,47.496846637742216,32.10212559221934,2.0836311180683182,13.105728319636176,57.36091781016699,0,2026-09-07 10:52:32
2026-09-06 13:50:00,CNC-01,L,297.89249465338634,312.5374411969399,1380.4479000295496,56.503174221120894,83.53845950659391,2.219953681958323,14.799180970740453,53.95646844564506,0,2026-09-07 10:52:32
2026-09-07 06:26:00,CNC-02,M,295.6697496353441,310.5650240673949,1883.290225338952,40.16122424428226,140.07543681004762,2.7264291190113505,13.938894965984307,57.406745829364404,0,2026-09-07 10:52:32
2026-09-06 19:29:00,CNC-01,L,299.7182556182054,314.6157823547136,2220.4531012204097,35.46341078704618,139.85933730864497,3.058626320332801,14.924399743541091,51.681945305514965,0,2026-09-07 10:52:32
2026-09-07 04:55:00,CNC-02,M,295.9384149469671,309.32699122817354,2262.7802855847917,25.95720791700599,21.322063461425465,2.840121542152973,10.945524939061638,56.67573866939921,0,2026-09-07 10:52:32
2026-09-06 18:39:00,CNC-01,L,299.22005377445976,313.252414769683,2157.074055528471,31.507258120381177,76.67785382287671,2.912135129762658,12.527660839724868,53.565143099407415,0,2026-09-07 10:52:32
2026-09-07 04:35:00,CNC-02,M,296.1007145788393,311.3857019595295,2199.698723673256,32.99585815809203,222.77776781370207,35.52426744419666,13.855726712647511,59.71445112726309,0,2026-09-07 10:52:32
2026-09-07 10:25:00,CNC-02,M,295.390478574072,309.55020490825274,1434.4682787816353,49.49518500793416,23.53307277108725,2.0958938348823617,13.293986468304352,,0,2026-09-07 10:52:32
2026-09-07 02:18:34,CNC-01,L,297.3178499252624,310.5772526113576,2603.285060130561,20.61668322766375,162.6247488462659,3.5332368827016776,10.116615731473486,54.72163713422849,0,2026-09-07 10:52:32
2026-09-07 03:02:00,CNC-01,L,296.831932590626,310.3453618770577,2625.963681311958,21.512031914112413,209.56711192060638,4.029155734690815,10.486457763119711,62.96764770658643,0,2026-09-07 10:52:32
2026-09-07 05:33:00,CNC-02,M,295.52589767956385,309.2080569686919,2188.7016497939503,28.437498667978943,69.56097355036397,2.7267799109932196,11.755234371891413,60.9301081936178,0,2026-09-07 10:52:32
2026-09-07 08:09:25,CNC-01,L,300.8762868817227,309.48653005244387,1630.5393224034256,45.367249785729975,173.54391339901596,2.8791376655029977,13.75119557322463,49.74997416634998,0,2026-09-07 10:52:32
2026-09-06 19:52:00,CNC-01,L,299.5289590356123,313.92102571577686,2177.3087063334983,31.617411979375966,167.75657922219506,3.2650583345599906,12.927760073810376,53.52079998627121,0,2026-09-07 10:52:32
2026-09-07 10:35:00,CNC-02,M,295.22287154976004,309.39194384484904,1604.7044447834373,43.8964524080692,39.34376549150005,2.18809190457609,13.224307934584118,57.65239528452036,0,2026-09-07 10:52:32
2026-09-07 02:02:00,CNC-03,H,298.8415813912042,312.3764726340045,2554.7130790783026,0.0,217.3189320054726,3.7040446530233377,10.09491732076222,52.206475046081756,0,2026-09-07 10:52:32
2026-09-06 21:33:00,CNC-01,L,299.252853386241,312.8515574272475,2470.0520527982853,26.538938714796434,50.02403681201337,3.0044750900801773,12.326189052962695,50.35766213887759,0,2026-09-07 10:52:32
2026-09-07 00:51:00,CNC-03,H,299.38900885780555,311.6834924214716,2811.5748237240937,15.481676633533542,140.51364206674876,3.5274930221831844,7.990449039944624,51.81943943854766,0,2026-09-07 10:52:32
2026-09-07 10:32:00,CNC-02,M,295.5206790655647,309.54741689226626,1432.7019860707048,47.4278978622079,34.64354452818547,2.0545751128365453,12.711897231446972,58.051601861077096,0,2026-09-07 10:52:32
2026-09-06 20:46:00,CNC-02,M,31.61120954306915,38.42213420356654,2472.608977636921,18.4595324603258,200.22082402856213,3.6137569659744653,8.579703497294403,41.706758392136514,0,2026-09-07 10:52:32
2026-09-06 13:07:00,CNC-01,L,24.09506202234843,37.959474812369876,1364.3388674701382,50.583835667204326,15.805729209668693,1.9768380928791407,12.757091631442552,56.425334004211145,0,2026-09-07 10:52:32
2026-09-06 15:24:00,CNC-01,L,298.4185953139613,312.6338323158836,1604.1480121089887,46.02596249376103,22.667490240734864,2.171366719530909,14.00679811184812,55.123274280480906,0,2026-09-07 10:52:32
2026-09-06 11:04:25,CNC-01,L,296.9561592409432,310.7293142286387,1379.308311446583,49.58413767188812,60.57012858259716,1.9474936852663571,12.631550348953514,57.59811679070891,0,2026-09-07 10:52:32
2026-09-07 06:38:00,CNC-03,H,296.88983279874384,311.4036836190878,1849.074044502879,41.47047843744166,86.88588803648764,2.4095231205962393,14.45294466076946,59.684505944029,0,2026-09-07 10:52:32
2026-09-06 23:37:00,CNC-01,L,298.76736465701026,311.83052917218805,2703.535772660213,18.56184829466277,184.18038164352612,3.7832147872244386,9.374198272020282,48.22165386477926,0,2026-09-07 10:52:32
2026-09-06 22:36:00,CNC-01,L,298.72381944752294,310.84599048485705,2778.488479918176,15.089791843049493,119.07578854296328,3.3768833476834548,7.850614889908631,50.20562398147731,0,2026-09-07 10:52:32
2026-09-07 07:10:00,CNC-01,L,295.38493459941037,309.57439990604536,1738.848913702965,41.66376566962553,89.53140612230197,2.467957170053835,13.62864655514231,58.254598388746494,0,2026-09-07 10:52:32
2026-09-06 22:34:00,CNC-02,M,299.2504911608599,311.7249559060824,2588.2115154568705,16.87100527233581,63.6340989935028,3.138425604424661,8.103209556587169,54.38211149926747,0,2026-09-07 10:52:32
2026-09-07 09:09:00,CNC-01,L,294.8944146376836,309.00086423752674,1480.4150072711009,47.77087221152015,66.45597766539484,2.169862731272989,13.196651797407014,62.78578348787925,0,2026-09-07 10:52:32
2026-09-07 07:44:00,CNC-03,H,296.3336827634222,310.6718250873864,1814.4428009845933,39.46844973182689,179.7392732205609,2.8449049075133273,13.35589535657033,56.95672278642732,0,2026-09-07 10:52:32
2026-09-06 13:31:00,CNC-01,L,24.543170292782406,38.50444823462965,1492.2554830989193,46.70298669416477,53.796546824645375,2.152812793943108,13.05093957131915,53.013468101063424,0,2026-09-07 10:52:32
2026-09-06 22:53:00,CNC-01,L,298.60565972938014,311.08502279466757,2669.0264856118893,16.77571394333676,137.4893759733879,3.514341618113507,8.364576691878554,55.149897461459354,0,2026-09-07 10:52:32
2026-09-06 20:50:00,CNC-02,M,31.836125576734958,39.319524151402675,2493.5711321911267,21.180219026690647,204.83074381489092,3.6576810082964872,9.764690494880764,41.29000965860509,0,2026-09-07 10:52:32
2026-09-07 00:41:00,CNC-02,M,298.32892190210913,311.63569554226353,2733.1583173030594,17.87004788614281,199.14913170321262,37.98421681255941,9.354660254920825,52.912807415405496,0,2026-09-07 10:52:32
2026-09-07 05:47:00,CNC-03,H,297.169218843379,310.3164389827009,2016.8925398136491,29.70315970355726,18.154108538319253,2.609980013055701,11.167085581262393,58.475107118218546,0,2026-09-07 10:52:32
2026-09-07 10:12:00,CNC-02,M,295.357725590373,309.788195392615,1473.0411548399848,49.215980290068224,3.0979618970780116,2.0259980465788403,13.37920081299295,60.01028815081253,0,2026-09-07 10:52:32
2026-09-07 05:11:00,CNC-01,L,296.2332722467778,310.520858624275,2198.9247595074444,32.59735637506956,137.16740820918344,2.906813581680146,13.362239030663952,59.836537175240856,0,2026-09-07 10:52:32
2026-09-06 20:01:00,CNC-01,L,299.4041936934331,313.04281465463185,2475.6890814541803,24.063691202853178,177.3826146503252,3.615912840809306,11.27211666037247,52.75792863344346,0,2026-09-07 10:52:32
2026-09-06 22:58:00,CNC-02,M,299.2153074438403,311.69824129746183,2626.003985719123,18.561319327993502,89.6396646277444,3.1661846089806187,9.225227232493268,,0,2026-09-07 10:52:32
2026-09-07 02:51:00,CNC-03,H,298.1377690252048,310.4008933090106,2667.3735794629283,17.85438563551562,43.34339252495631,3.158581282314316,8.990163716579408,53.07077445855201,0,2026-09-07 10:52:32
2026-09-06 21:35:00,CNC-01,L,299.38331735488225,311.56404491901156,2505.6315280073973,18.531826270748464,52.275787648111304,3.1278184832137486,8.625333768885891,52.04934808998169,0,2026-09-07 10:52:32
2026-09-06 11:17:00,CNC-03,H,296.81037551462094,311.2511882857195,1382.656126182662,56.55018226513796,68.13631234550509,2.17729993679807,14.350422994757356,53.2525878266527,0,2026-09-07 10:52:32
2026-09-07 01:53:00,CNC-01,L,297.5209213879578,309.4228155676046,2657.788027958444,14.55465647021578,133.1961797734268,3.358888276487916,7.207120557001028,62.3792935135733,0,2026-09-07 10:52:32
2026-09-06 13:04:00,CNC-03,H,24.662934296347203,39.99202094868639,1415.5515854839002,56.59341192218669,238.00990218868498,2.967461808042135,14.803163615517583,54.935760041339464,1,2026-09-07 10:52:32
2026-09-06 13:07:00,CNC-02,M,24.058928380168766,39.32819606093767,1519.0509998099103,52.12578553852033,233.3657270764595,3.184864077194744,14.620785068043464,56.07680009598468,1,2026-09-07 10:52:32
2026-09-06 11:55:00,CNC-03,H,296.9944618688236,311.4106074655169,1297.5387062496877,54.85514428353661,128.4785549876204,2.032460924199021,13.09205640296276,52.8554136373731,0,2026-09-07 10:52:32
2026-09-07 09:52:00,CNC-03,H,296.881912977734,311.31659985184405,1414.3597653437935,52.079615696574024,154.73040508557872,2.2898619984618316,13.760538318247258,58.078229061718154,0,2026-09-07 10:52:32
2026-09-07 07:46:00,CNC-03,H,296.8625739778362,311.7757753195162,1566.9137096011314,48.958330125711406,182.62132077797904,2.5332782556380726,14.262795647061022,59.40774952918936,0,2026-09-07 10:52:32
2026-09-07 00:02:00,CNC-03,H,5178.706235680084,312.57578858319647,2735.106268602469,18.23902471984364,88.42795496537126,3.2803575423076077,9.38482903182077,53.71960851713352,0,2026-09-07 10:52:32
2026-09-07 08:32:00,CNC-03,H,297.0130838441777,310.8615110991999,1763.7847957351612,40.50790538224369,32.412812013729585,2.3773882855916346,13.172248911457697,59.5624696707189,0,2026-09-07 10:52:32
2026-09-06 23:04:00,CNC-01,L,298.8544104223615,311.41553179833284,2675.0635975344903,17.654775319932156,149.16245509202847,3.5936129042745377,8.964489763946013,50.82274467821393,0,2026-09-07 10:52:32
2026-09-06 12:46:00,CNC-03,H,24.429912490300524,39.63172660486862,1500.6342091736901,51.50977510833921,209.37313783143463,2.7015667317393603,14.501054493829786,55.189361210304504,0,2026-09-07 10:52:32
2026-09-07 00:34:00,CNC-01,L,298.0582104865638,310.0598221322484,2523.2146072283103,17.631146333222024,48.120585269648856,3.108158365278959,8.336353285340794,54.33138640673571,0,2026-09-07 10:52:32
2026-09-06 17:52:00,CNC-02,M,299.6472392242298,315.2268382246019,1988.6836844589907,41.22181031045347,203.13637475174264,3.2744212359752916,15.145123019582392,49.35459956944943,0,2026-09-07 10:52:32
2026-09-07 09:19:00,CNC-03,H,296.7781711398076,310.9764008875772,1531.4508253986642,46.398965898351314,103.71339497832946,2.166151829938782,13.200600408758287,54.624219189187585,0,2026-09-07 10:52:32
2026-09-07 08:15:00,CNC-02,M,295.1163888074063,309.46734222982946,1609.7792254099936,43.668983230206685,64.4600599660173,2.180818127925788,12.915096735861013,57.82852758977451,0,2026-09-07 10:52:32
2026-09-07 09:17:00,CNC-01,L,295.0207692593223,309.34352080657453,1478.6677002057324,50.17686680530908,78.88112286152057,2.2371885451760676,13.887094744284312,59.952849972100736,0,2026-09-07 10:52:32
2026-09-07 10:12:00,CNC-03,H,297.07233377939485,312.02371516834967,1424.2024050133796,53.55076976536134,186.0225688102975,2.4267784968489057,13.938309444516543,59.45288445944238,0,2026-09-07 10:52:32
2026-09-06 12:37:00,CNC-02,M,297.1180895788241,311.9442706196984,1342.8956087315514,53.78895252696104,185.89737936915265,2.446839215419728,13.561330820298899,55.61460394777138,0,2026-09-07 10:52:32
2026-09-06 16:54:00,CNC-01,L,298.9738081584592,313.83983696962713,1791.6803947068547,43.23716715081758,153.52229601978178,2.6922926178772166,14.466818655044266,50.938364876923934,0,2026-09-07 10:52:32
2026-09-07 04:43:00,CNC-02,M,295.8233667701583,308.93106912733316,2188.6178611714768,27.18130012217321,6.218768165641551,2.8627278119772432,11.046893826150923,56.736968020334956,0,2026-09-07 10:52:32
2026-09-07 04:10:00,CNC-01,L,296.37736520968855,309.8495965368235,2440.8364859165235,25.338692467689096,61.36413567121894,3.1090474483121664,11.460658009030196,59.343872397468644,0,2026-09-07 10:52:32
2026-09-07 09:59:00,CNC-02,M,295.1449790062949,310.3325637002381,1419.4882327752891,52.93698763209741,222.72131795905025,2.938117119507259,14.014540751156598,59.06601474657425,0,2026-09-07 10:52:32
2026-09-06 15:45:00,CNC-02,M,298.7987249164611,313.1866126975762,1721.6411318267221,44.140929864442356,23.62207448705675,2.3234336807033706,14.316149056082962,50.07317285987402,0,2026-09-07 10:52:32
2026-09-07 02:52:00,CNC-02,M,296.7145002312986,309.86246805825454,2557.38623708882,20.28540546696025,101.44442175031836,3.3070560602011647,9.786972095799717,54.79137643216946,0,2026-09-07 10:52:32
2026-09-06 23:18:00,CNC-03,H,299.90182127820634,311.5475956548264,2764.5593296007096,14.59257283812097,41.56860951501938,3.4032570903084394,7.559149816468505,52.45083826644382,0,2026-09-07 10:52:32
2026-09-06 17:17:00,CNC-01,L,299.3149953175784,313.6851144122286,1920.1547708091748,34.79654016506486,185.40643968119159,3.1198437060342603,12.770032449506667,52.185473829545735,0,2026-09-07 10:52:32
2026-09-06 15:49:00,CNC-02,M,298.88131776789595,313.1163434198269,1766.8459483169795,40.58582955567039,29.48409212631308,2.412392465430927,13.44420328406809,55.567843648893096,0,2026-09-07 10:52:32
2026-09-06 13:17:00,CNC-03,H,25.098710838860143,39.034011220406796,1467.7673975849207,47.40238058358768,11.12760597291797,2.136968903803154,12.925642945771125,56.208454093910305,0,2026-09-07 10:52:32
2026-09-06 21:52:00,CNC-02,M,299.41087677691246,311.65449528980264,2672.695584382252,16.966308369071264,17.718744375084952,3.2501180125946023,8.57345311152796,51.428045976960306,0,2026-09-07 10:52:32
2026-09-06 18:05:00,CNC-03,H,300.64550166622286,315.5676170150473,2190.829502653487,34.419794886117735,204.28540216434567,3.2223610166048204,14.053011956889305,49.46022447667349,0,2026-09-07 10:52:32
2026-09-07 05:48:00,CNC-02,M,295.7527070775877,310.17810000437305,2098.726920457048,33.91631868524959,89.5745731382194,2.6912404899345947,13.122851503489509,56.51410253508941,0,2026-09-07 10:52:32
2026-09-07 09:37:00,CNC-01,L,294.8702889553981,308.9388410469105,1528.5268649177633,45.68699910137312,109.8973982645824,2.3570198406187686,13.023108929554853,60.24887758497354,0,2026-09-07 10:52:32
2026-09-06 11:39:00,CNC-01,L,296.31774260123984,310.7444943714488,1491.764865144839,48.92020907808175,115.86128693895702,2.2728208147567734,13.686681516610056,57.25098420742261,0,2026-09-07 10:52:32
2026-09-06 20:05:00,CNC-03,H,0.0,313.2176908089993,2427.9169170478017,21.410759153667172,87.28421203441388,3.058949341666454,9.589394083436739,53.119450553280394,0,2026-09-07 10:52:32
2026-09-06 17:07:00,CNC-03,H,299.9385660017967,314.87392479048117,1967.5031758631685,40.63892785988845,125.244671171714,2.7512237484502915,14.969941519191627,53.799695635290405,0,2026-09-07 10:52:32
2026-09-07 01:50:00,CNC-02,M,297.73363206731875,310.15772166366355,2768.386585262348,16.50203685403536,32.18263379401861,3.2386671537749865,8.736245558662482,59.70168804961827,0,2026-09-07 10:52:32
2026-09-07 04:37:00,CNC-03,H,297.2269916908196,311.5581600249989,2324.4917546485794,30.26726064340453,168.71903389082854,3.1953383758796927,13.257391433580175,58.50376123838427,0,2026-09-07 10:52:32
2026-09-07 10:04:00,CNC-03,H,296.91157742931534,311.78957904932344,1543.2105337572602,49.849283319398296,173.48057343311925,2.5093057247388355,14.575977958634336,56.76897530575154,0,2026-09-07 10:52:32
2026-09-07 00:50:00,CNC-02,M,298.1351336380263,311.32620080073895,2841.9211213033227,16.94440404221589,208.71704248955186,4.024407566997543,9.158188757866691,55.287270054944976,0,2026-09-07 10:52:32
2026-09-06 12:54:17,CNC-03,H,24.72496539664644,39.908668748158846,1501.220539840482,50.62576754039531,220.46271673351316,2.763282919757213,14.165760456557642,57.678657038980425,0,2026-09-07 10:52:32
2026-09-06 11:36:00,CNC-02,M,296.96772780304974,310.66703576271857,1320.8565162100074,48.70996716211844,89.11498892084235,2.0416751117469696,12.038713645398158,56.55928924849095,0,2026-09-07 10:52:32
2026-09-06 16:59:00,CNC-03,H,299.7125363673212,313.6722388765024,1943.9413992035516,35.158805403242056,114.0367547957819,2.766753052189087,12.833705034898612,50.57198299122868,0,2026-09-07 10:52:32
2026-09-07 01:16:00,CNC-03,H,299.3840721556335,312.87717308138235,2529.4279218692136,23.908498600588164,167.46534043795972,3.2949606390820474,11.442070490080908,56.78561654706702,0,2026-09-07 10:52:32
2026-09-06 20:53:00,CNC-02,M,31.948936952544273,40.6009815991473,2392.426462675649,29.87008934555513,208.24689840821105,3.7014501025060973,13.221986630002107,43.5022380364758,0,2026-09-07 10:52:32
2026-09-06 12:38:00,CNC-02,M,24.167317458694015,39.011599448915945,1418.1448880139233,51.032538214414764,187.4637517055019,2.686804740380238,13.66023438322736,52.5081055633087,0,2026-09-07 10:52:32
2026-09-07 01:35:00,CNC-03,H,299.40163807247905,312.07917461851736,2704.3428320328308,16.06838511993698,187.85642033251597,3.704354560088665,8.182596039801144,49.20711032886015,0,2026-09-07 10:52:32
2026-09-06 16:49:54,CNC-01,L,,313.3135163508501,1737.1501177565135,41.02161856388799,146.48847907855128,2.6378229863753653,13.340261149515168,50.84347068559535,0,2026-09-07 10:52:32
2026-09-07 03:34:00,CNC-02,M,296.1094583040501,310.3700786058029,2465.5262205824965,26.740440233020568,149.59027016735874,3.285339830793001,12.322676668319858,57.28137214226809,0,2026-09-07 10:52:32
2026-09-07 07:16:00,CNC-01,L,295.13795441924646,309.4962994036006,1721.910220223059,43.69234729246057,98.11629230468412,2.411892569118995,13.993330760132451,60.95600241562328,0,2026-09-07 10:52:32
2026-09-06 23:52:00,CNC-01,L,298.538598197593,310.6307713414506,2659.79820724147,16.507329231332566,3.257598328791737,3.1752494929818114,8.282980286834551,52.42805903734634,0,2026-09-07 10:52:32
2026-09-07 08:40:00,CNC-02,M,295.07849276420006,309.9194840550969,1697.336591012584,43.61838406517762,101.55989988554194,2.458438180122253,13.742640486310748,57.784674769099745,0,2026-09-07 10:52:32
2026-09-06 18:22:00,CNC-02,M,0.0,313.26216233478283,2083.4138265104057,31.240111818389195,24.955454850085562,2.59536641503803,12.423095290540886,53.87214868383459,0,2026-09-07 10:52:32
2026-09-07 02:02:00,CNC-01,L,297.29551678221617,310.0329273240735,2768.0811832538798,17.62836547446026,142.8961478333617,3.510956630814433,9.11629144793089,57.05475105818003,0,2026-09-07 10:52:32
2026-09-07 02:33:00,CNC-03,H,298.3832365368971,310.7584773490587,2461.5752936182184,19.88268825825517,23.29993730198994,3.0637279472831107,9.152770980426473,59.95472307894897,0,2026-09-07 10:52:32
2026-09-07 09:03:00,CNC-01,L,295.33599682139953,309.55913144809307,1557.7166017036184,47.59510521367231,57.2913899290653,2.201106358624729,13.803999854665696,57.35837123010508,0,2026-09-07 10:52:32
2026-09-07 04:35:00,CNC-01,L,296.12610672137214,310.2985082896465,2237.102026751469,30.582428998784593,91.91209803719399,2.9025595614502544,12.849368782782868,59.04944484380168,0,2026-09-07 10:52:32
2026-09-07 02:41:00,CNC-03,H,298.1816770027965,309.83830298145153,2663.541093797022,15.219585173060235,32.139824212080065,3.2637899666607306,8.02284689053108,56.49165062645394,0,2026-09-07 10:52:32
2026-09-07 03:44:00,CNC-02,M,296.5438857279659,310.1426442233949,2286.668728946225,24.489243256590925,161.33890950724975,3.2023171764219347,10.523188056443384,58.20084428531861,0,2026-09-07 10:52:32
2026-09-07 02:40:00,CNC-03,H,298.3851470881803,310.95078579526523,2602.91816518581,19.45789016654094,31.070873486484736,3.13007131491049,9.346495165570452,52.07921359996007,0,2026-09-07 10:52:32
2026-09-06 12:12:00,CNC-02,M,297.12424871021017,311.39673227676536,1347.7901547531762,51.02257746017534,146.183276645069,2.304520375077921,13.018857869943677,57.896632225366005,0,2026-09-07 10:52:32
2026-09-06 17:19:00,CNC-01,L,299.1978607284554,314.1237533775383,1910.950829346616,39.958420465467285,188.11780324888713,3.227857833422639,14.304322919744221,56.928141111973446,0,2026-09-07 10:52:32
2026-09-06 12:55:00,CNC-03,H,24.871677103593015,40.22840089381282,1435.1397010483138,54.65630821519546,223.63925561465365,2.857629260667162,14.64102699194288,54.722521582552034,0,2026-09-07 10:52:32
2026-09-06 22:16:00,CNC-02,M,299.28024761370904,311.1819592548678,2573.4366535449594,15.823098670728177,43.909603752111444,29.842480559508022,7.741111508514466,54.224983505625126,0,2026-09-07 10:52:32
2026-09-06 21:41:00,CNC-03,H,299.9937218332963,312.35849270261133,2655.8215723755998,14.648216764330778,196.99985137569885,3.680962736360772,7.32626261137931,55.50349436477148,0,2026-09-07 10:52:32
2026-09-06 18:15:00,CNC-01,L,299.1078410294068,313.02872975092527,2010.0316139991144,34.26599689784885,45.36210862025553,2.7391373708238755,13.002456907116143,51.075201774337515,0,2026-09-07 10:52:32
2026-09-07 02:02:00,CNC-02,M,297.32820777380766,309.357691066801,2580.527766149745,16.43134682584944,45.341432789178995,3.1591173375125745,7.970445612616229,61.18950174878629,0,2026-09-07 10:52:32
2026-09-06 21:54:00,CNC-03,H,299.985674431692,312.80377724379304,2696.6993443806014,18.49402879028794,211.4067172290634,3.859423321715637,9.304086525220624,50.839973180021715,0,2026-09-07 10:52:32
2026-09-06 18:55:00,CNC-01,L,299.53280760717684,313.4203674977218,2096.1596851055237,31.947357642369795,97.06967449001507,2.8139811060450786,12.350211976528628,56.439727068219405,0,2026-09-07 10:52:32
2026-09-07 06:50:00,CNC-03,H,296.77023663711236,310.8107284541215,1916.4560370710756,36.078066040621046,103.20885148108353,2.674014473579468,12.87622020174362,57.233372132937276,0,2026-09-07 10:52:32
2026-09-06 12:09:00,CNC-01,L,297.03501073768416,311.620847964216,1332.2067689418632,51.98894524954072,163.37348993998233,2.4420584538057954,12.91668857965712,51.43961114408752,0,2026-09-07 10:52:32
2026-09-07 09:31:00,CNC-01,L,294.7728738344023,308.83043244258937,1333.6338550455207,52.195793681021776,100.6518387058193,2.142009592364084,13.17220394543429,60.02112448544756,0,2026-09-07 10:52:32
2026-09-07 06:32:00,CNC-03,H,297.02932768468196,311.05215677083356,1763.6031367064477,39.518507634578214,78.5748571568779,2.279501205882053,12.94291100918496,56.773912913874014,0,2026-09-07 10:52:32
2026-09-07 02:04:00,CNC-01,L,297.48012997120367,309.76830233866826,2633.0635503047183,17.136398792034328,145.077476719719,3.4423643431940114,8.373275460089692,56.49396292857284,0,2026-09-07 10:52:32
2026-09-06 19:40:00,CNC-01,L,299.39800688552,313.69520514504853,2332.452999985279,29.439960464838506,153.17376178919525,3.3420251963886303,13.021905617761472,51.86144225587829,0,2026-09-07 10:52:32
2026-09-07 08:07:00,CNC-03,H,296.6360898399949,311.90473674271055,1571.1835464492178,48.76724172861353,213.83666951626253,2.7708602967643405,14.400316677785195,59.38296451130048,0,2026-09-07 10:52:32
2026-09-06 12:05:00,CNC-03,H,297.23497962131006,311.5247797412001,1425.8961495975918,49.60080868031362,144.28056389760889,2.293168347823217,13.274164116094711,61.90214293343782,0,2026-09-07 10:52:32
2026-09-06 22:54:00,CNC-03,H,299.95393195123586,311.5044760053061,2643.53594447253,15.407899928809048,16.084552658643624,3.1004940902074845,7.327201288774558,51.77136778048403,0,2026-09-07 10:52:32
2026-09-06 18:43:00,CNC-03,H,306.01341899890855,314.99762720685703,2363.1793816378336,29.825171188078777,253.61362146389382,4.013785971444515,13.15318971232835,42.29972261438179,0,2026-09-07 10:52:32
2026-09-07 04:13:00,CNC-03,H,297.5282616948712,310.8113493424947,2287.7171642599274,25.448866623030973,139.21462205486992,3.063500370771483,10.924615521236236,56.600855181342745,0,2026-09-07 10:52:32
2026-09-07 00:19:00,CNC-02,M,298.63621922175616,312.4663279225721,2595.3379949593636,22.526211201760244,176.04020876284068,3.5324890465788235,10.946971942314468,59.55398189002808,0,2026-09-07 10:52:32
2026-09-07 05:06:00,CNC-02,M,295.7042439528999,309.47500243735357,2302.742143345313,27.394954385982842,35.05207196016221,2.821329412114349,12.028605396081364,59.120458167520425,0,2026-09-07 10:52:32
2026-09-07 01:15:01,CNC-02,M,298.2951377802678,311.8884535541292,2578.282346766996,21.105016143194216,236.48259917613527,4.170281043438023,10.160492649867352,56.793938240498505,0,2026-09-07 10:52:32
2026-09-07 09:15:00,CNC-03,H,296.320203842089,310.43822453635397,1557.2259766685775,45.0003166261123,97.58812601094863,2.2116127742858,13.206556579392275,56.58544239790707,0,2026-09-07 10:52:32
2026-09-07 08:25:14,CNC-03,H,296.7238607547244,310.36753157565624,1809.9639831765,37.557260600490714,23.580067864039854,2.4362053512847397,,57.179340435927124,0,2026-09-07 10:52:32
2026-09-07 04:01:00,CNC-03,H,297.7140428570735,312.3022133455492,2304.860090136618,31.841435056881647,124.69610713035101,3.1524312932846636,13.687328434520058,54.39076597971325,0,2026-09-07 10:52:32
2026-09-06 22:58:00,CNC-03,H,299.7935029674443,310.6975406946663,2715.594940829572,11.679179391994019,20.44159686381151,3.1042797800652755,6.006683064854227,50.093773670451995,1,2026-09-07 10:52:32
2026-09-06 22:03:00,CNC-03,H,300.15899664607593,313.808273723342,2665.4703769297157,20.60343577674401,221.15921047991944,3.8845952626527667,9.979207424546845,48.10506260135738,0,2026-09-07 10:52:32
2026-09-07 06:02:00,CNC-01,L,295.2150808101142,310.50204561060264,1977.7678143691244,40.26066167620747,203.8534111714073,3.386313521213735,15.01234542045636,60.53896254903383,0,2026-09-07 10:52:32
2026-09-06 14:03:00,CNC-03,H,299.0188030089559,312.9974827367328,1362.6005191961674,51.26922431411853,83.3776085075181,,13.190064407235784,54.97806990594698,0,2026-09-07 10:52:32
2026-09-07 00:10:00,CNC-03,H,299.77047442622285,310.74916839923833,2645.204062409573,12.225252583421575,96.94789274913117,3.279217762313846,6.105829276323084,50.098746195810065,1,2026-09-07 10:52:32
2026-09-06 23:01:00,CNC-01,L,298.84567563843643,311.3130962042052,2709.7832906138005,17.690955726753057,145.92885772488154,3.462843206590043,9.049629423900003,58.43356894429755,0,2026-09-07 10:52:32
2026-09-06 18:23:00,CNC-02,M,299.66018943652676,312.83791096373375,2176.490509951263,26.709722095201485,26.21362654000092,2.703688099561089,10.90919423494631,49.32696803734759,0,2026-09-07 10:52:32
2026-09-07 05:30:00,CNC-02,M,295.49625050861897,309.91213816606637,2116.1707270690827,33.0916912439363,65.73861900752486,2.813676376380032,13.159346923760937,61.65884521441461,0,2026-09-07 10:52:32
2026-09-07 02:26:00,CNC-02,M,297.0180836605652,309.5040995889507,2521.259824265714,19.1059823875344,72.12453845173296,3.026181371022796,9.09967783550088,55.53743115215239,0,2026-09-07 10:52:32
2026-09-06 22:26:00,CNC-02,M,299.2206354151379,311.62659591481565,2490.553286972864,19.12882603955522,54.92264872937369,3.053131859867526,8.960241825587074,53.20367065515728,0,2026-09-07 10:52:32
2026-09-06 13:52:00,CNC-02,M,298.02683674742605,312.3257480909882,1554.9458026948705,44.960255035086966,62.5199784270396,2.1062011137020855,12.88915981750763,58.87193541474479,0,2026-09-07 10:52:32
2026-09-06 20:57:00,CNC-02,M,31.905158832732354,39.087098586242064,2473.377236917379,19.737004044154375,212.7841827593984,3.6771238793524863,9.267777490768065,44.546731637161216,0,2026-09-07 10:52:32
2026-09-07 02:10:00,CNC-03,H,298.56694830342315,311.50534138176926,2379.5796651897053,20.91714966282367,226.2028542016446,3.794103994391394,9.030980454952099,59.08343286230648,0,2026-09-07 10:52:32
2026-09-06 13:38:00,CNC-01,L,24.11410493981549,38.42366818067751,1470.7969394093134,50.105736656772415,64.74488525897969,2.1130772465275607,13.645080850929382,54.826985114598294,0,2026-09-07 10:52:32
2026-09-06 18:49:00,CNC-02,M,299.63730330026857,313.1846739293233,2134.0037681222843,29.892300544237823,59.25726020006563,2.7849339997920484,11.711671119466091,53.416740559886364,0,2026-09-07 10:52:32
2026-09-06 21:48:00,CNC-02,M,299.4105838347974,311.8325112129119,2639.9277815647656,19.03980988228204,13.378690350504266,3.0958097295999356,9.344388351142433,50.36788643279779,0,2026-09-07 10:52:32
2026-09-06 11:18:00,CNC-02,M,296.5701514640889,310.7173198074105,1402.1942000718514,50.69843022330289,60.512885610747944,2.0902982203575657,13.635976195465883,61.29603906633632,0,2026-09-07 10:52:32
2026-09-07 02:59:00,CNC-02,M,296.6679058155616,310.1768985757762,2390.822858394362,24.87824260669545,109.32332874492768,3.106148460750168,10.873999213346414,56.22563409783036,0,2026-09-07 10:52:32
2026-09-07 06:26:00,CNC-03,H,296.8819614458335,311.25220377245586,1904.7505691926071,39.301657171371076,70.33062036774912,2.5432978255188536,13.831091464084087,,0,2026-09-07 10:52:32
2026-09-07 10:15:00,CNC-03,H,297.21914331037465,311.9205441007429,1347.7712372001981,53.983343234259664,190.63484922515894,2.532065360981443,13.41249007833786,59.52157089105988,0,2026-09-07 10:52:32
2026-09-07 01:42:00,CNC-02,M,297.86014350380555,309.2221610482838,2659.947644963055,13.152640758156718,23.52872567697355,3.18042258279722,6.554812735516911,56.5755291771413,0,2026-09-07 10:52:32
2026-09-07 02:29:00,CNC-02,M,296.86370938006706,309.61771418961007,2600.3650482882376,18.81290988576668,75.4479415042839,3.1671994751996477,9.353797830028066,62.22908427994482,0,2026-09-07 10:52:32
2026-09-07 05:26:00,CNC-03,H,297.3372150455658,312.4006565704492,,36.741034661273815,230.69710615884782,3.459278340111346,14.083877839819865,53.703249566490825,0,2026-09-07 10:52:32
2026-09-06 14:34:00,CNC-03,H,298.9333749081706,313.5082124166844,1396.927400393897,52.588889397404195,131.4458909699407,2.2149602387778096,13.752001374692199,49.8553419215125,0,2026-09-07 10:52:32
2026-09-07 02:22:00,CNC-03,H,298.57252157575664,310.3446509768711,2643.9559663564887,17.12938110867297,10.945477340465088,3.1870501545775816,8.451470674514885,55.013125709466195,0,2026-09-07 10:52:32
2026-09-06 16:51:00,CNC-01,L,299.077862505066,,1857.9274383221082,39.67118190944794,149.2839648585273,2.7720056840437306,13.64864996785044,51.656685670274484,0,2026-09-07 10:52:32
2026-09-06 23:29:00,CNC-01,L,298.86390934949355,311.1891857455202,2670.6035020877152,15.418424980637772,175.61411083151629,3.6669890293023837,7.538238459503551,54.41617411012495,0,2026-09-07 10:52:32
2026-09-06 15:57:51,CNC-02,M,298.85282142059225,312.58165923774004,1575.0628450974987,42.65037399969351,41.31728916679438,2.2430142397537387,12.539127789509335,55.414351074175265,0,2026-09-07 10:52:32
2026-09-07 06:03:00,CNC-01,L,295.64950752401796,310.6227305016376,2073.9576002175486,36.33300185091271,205.2046261650119,3.51202337991745,14.090081199799025,57.39706231176715,0,2026-09-07 10:52:32
2026-09-06 11:03:00,CNC-02,M,296.74219891217706,310.9534650482937,1329.8665430433011,54.41193167551283,36.75580204883529,1.912961457666326,13.52005929114783,57.92982626577627,0,2026-09-07 10:52:32
2026-09-06 16:51:00,CNC-02,M,299.68098761071315,313.74105669214765,1759.900240125248,38.25535972826138,119.18127776620287,2.5568424595884975,12.891548913211734,53.01830219452728,0,2026-09-07 10:52:32
2026-09-07 00:24:00,CNC-02,M,298.7504197121883,311.5966052963287,2749.611879390683,16.0112144534823,181.29697415805552,3.6864594637104657,8.471358465126599,50.31289533410814,0,2026-09-07 10:52:32
2026-09-06 14:12:00,CNC-02,M,297.87329184871726,312.5186460050341,1541.87265950759,49.61353142195799,93.75883210361168,2.2919695664045068,14.48937972713173,53.916258888413815,0,2026-09-07 10:52:32
2026-09-06 20:32:01,CNC-03,H,27.225503067818465,40.35155040227704,2458.9183180101863,21.53055400863943,118.99478401723837,3.1377910516111633,9.983919440891842,45.59010014772335,0,2026-09-07 10:52:32
2026-09-07 01:32:00,CNC-03,H,299.3924734789743,312.0893168325101,2639.314685922588,17.47901173434311,184.6480333051138,3.5307558068584743,8.681957770763253,48.55495788075134,0,2026-09-07 10:52:32
2026-09-07 10:24:00,CNC-02,M,295.31112302020625,309.94919251967,1509.0009681804117,50.79818845279087,21.960760974486114,2.147591952693329,14.310202466599257,59.89525573467996,0,2026-09-07 10:52:32
2026-09-06 20:47:00,CNC-01,L,26.283805482833372,39.73336672422812,2500.9739960779925,21.756279667250688,232.1738018538447,4.23689968005155,10.349065380531622,57.01626021171372,0,2026-09-07 10:52:32
2026-09-06 22:29:00,CNC-01,L,298.99378863665027,311.6733726581117,2651.769133755801,18.9674010268498,111.50452061284957,3.300822564969217,9.208605322708907,54.67328395146214,0,2026-09-07 10:52:32
2026-09-06 14:13:00,CNC-01,L,298.03235956845185,312.5365149289339,1419.9353045573885,51.0838005830167,119.28576457236466,2.1695476800920868,13.427484713040597,58.7140442135371,0,2026-09-07 10:52:32
2026-09-06 12:48:00,CNC-03,H,24.433178419219075,39.031178229681814,1312.5557921316542,54.85409161805116,212.51294560944933,2.590158426937727,13.505855263398459,51.22960057255802,0,2026-09-07 10:52:32
2026-09-07 09:53:00,CNC-01,L,294.70350583401773,309.4928627204413,1530.9258777308287,49.41643643133913,134.8206011451803,2.406140257425033,13.850229965323823,59.97099912023731,0,2026-09-07 10:52:32
2026-09-06 15:56:00,CNC-01,L,298.61364156347344,313.03477878061614,1651.2455928372785,46.46485768812823,70.34658071613089,2.4083487032151893,14.36753239912227,49.66978708081918,0,2026-09-07 10:52:32
2026-09-06 11:40:00,CNC-01,L,296.8925212376039,310.8528263424735,1348.546219041917,50.57015079478417,117.46128693895702,2.222096860963198,13.239882874122975,59.081977239059775,0,2026-09-07 10:52:32
2026-09-06 20:58:00,CNC-02,M,32.08529998012477,39.524786147143175,2708.488769817214,20.337338823663348,213.84118296927608,39.19568668740729,10.196552246829656,41.2497709964679,0,2026-09-07 10:52:32
2026-09-06 19:06:00,CNC-01,L,299.40417855521804,313.6823433936272,2265.1238969558303,31.22858249444068,111.03023757358461,2.9710909530680705,12.905859085690336,47.951213557285854,0,2026-09-07 10:52:32
2026-09-06 16:47:00,CNC-01,L,299.0637859119326,313.98690325433375,1828.7848877835918,43.53794755904229,143.67900576052347,2.7366696778781563,14.844675067939535,51.536808679422236,0,2026-09-07 10:52:32
2026-09-07 00:21:00,CNC-02,M,298.5258627190674,311.87323252686645,2592.6983729038247,21.0669886140507,178.16966708298742,3.541269269780882,9.985507785646593,48.68483825926058,0,2026-09-07 10:52:32
2026-09-06 11:12:00,CNC-01,L,296.58908718302297,310.8995899574108,1485.142013619335,49.80864722476949,73.2616412754501,,13.671805578134402,64.3015197559235,0,2026-09-07 10:52:32
2026-09-07 00:56:00,CNC-02,M,298.1740801991153,312.10777888997893,2707.407499540213,20.713125218591042,0.0,4.06854157131819,10.70027843823848,53.023513974271935,0,2026-09-07 10:52:32
2026-09-07 01:38:00,CNC-03,H,298.93635038673415,311.86693634870517,2586.9379434856955,18.953037564174366,191.14991322170158,3.6093194883154105,9.202382210954122,50.73679327596312,0,2026-09-07 10:52:32
2026-09-07 01:25:00,CNC-02,M,297.7724898927274,308.8723626098158,2835.2076391322066,11.057915918026794,5.286956006349164,3.372145595806689,5.919345273518007,59.109459269741976,1,2026-09-07 10:52:32
2026-09-06 22:23:02,CNC-01,L,298.941016722611,311.45813785629053,2496.780883608991,19.324910030926212,106.13452472059724,3.2589981294865336,9.021811755569095,53.08601254089436,0,2026-09-07 10:52:32
2026-09-06 18:46:00,CNC-03,H,306.0331477464768,314.870177861032,2141.061452609151,33.28826934503349,257.4953826745771,3.9195121478254635,13.267994674306765,43.266588298529165,0,2026-09-07 10:52:32
2026-09-07 00:02:00,CNC-01,L,298.19426253567855,309.85417374077355,2711.2554770803254,15.229021476093585,13.874626980137704,3.076754997451468,7.894070858982905,51.511901812858696,0,2026-09-07 10:52:32
2026-09-06 13:49:00,CNC-01,L,297.6975439840349,311.96124132432374,1577.0615992838436,46.94838173054966,81.94242556341793,2.27819140733813,13.942697135810414,53.636548610944274,0,2026-09-07 10:52:32
2026-09-07 02:27:00,CNC-01,L,297.0969273928814,311.24558713824416,2618.7130348646197,25.584982946111907,170.37667129882263,,12.5968013699355,55.273415712993625,0,2026-09-07 10:52:32
2026-09-06 19:17:00,CNC-01,L,299.6272080546984,313.62942068484864,2216.3193471404456,30.017902655871882,124.79704698418297,3.021110945099845,12.40486613784519,50.11112886558204,0,2026-09-07 10:52:32
2026-09-06 18:17:00,CNC-02,M,299.8839601180073,313.6694858961695,2128.755483968974,29.701375321450676,18.412928598711318,2.7538083633680825,11.798528567989907,52.306686698398266,0,2026-09-07 10:52:32
2026-09-06 14:57:00,CNC-01,L,298.16310894178883,313.31000188593094,1560.1843787526132,49.74628516898097,186.8681516915706,2.799018265879814,14.360144479345577,50.72317577449416,0,2026-09-07 10:52:32
2026-09-06 19:10:00,CNC-03,H,300.44505189773554,314.0505608868237,2266.152229982052,30.736012503376212,20.283599294243682,2.761993784184208,12.984160907604487,54.605812299416485,0,2026-09-07 10:52:32
2026-09-07 05:42:00,CNC-03,H,296.69316995558796,310.35733289612597,2036.7163455899026,33.17440727814136,11.616469081427134,2.624336279286255,12.464560667250526,57.21815993571787,0,2026-09-07 10:52:32
2026-09-06 17:58:26,CNC-02,M,299.49175494587115,314.659286426627,1976.0769885590805,38.12540337582581,211.15199452202393,3.348688804223534,13.843592309916383,54.43093926078877,0,2026-09-07 10:52:32
2026-09-06 20:12:00,CNC-01,L,26.30841888848329,40.24426772038697,2355.634188488856,25.911831409881657,191.53385016456363,3.640795934573964,11.575873285519751,50.67001396968503,0,2026-09-07 10:52:32
2026-09-06 18:34:00,CNC-03,H,306.1377241433003,314.67873099169054,2111.017855510266,32.39420186862346,242.11017003969772,3.6214100728274983,12.753193928658215,42.81333745193803,0,2026-09-07 10:52:32
2026-09-07 09:12:00,CNC-01,L,295.02343195597217,309.3923337222461,1621.8055705334875,46.98268975994239,1283.3395178903165,2.382503081125423,14.316919893474449,62.064234944961356,0,2026-09-07 10:52:32
2026-09-06 11:47:00,CNC-03,H,297.1760806506709,311.6134293901954,1375.2940615699256,51.91331236282593,115.75315457519802,2.0546823337172127,13.009424787610719,56.92428906134201,0,2026-09-07 10:52:32
2026-09-06 16:02:00,CNC-01,L,298.81513690817275,312.638144133834,1684.0704251084999,40.234640636790736,79.01849878837548,2.2337536914945155,12.67827020732935,52.48906077412483,0,2026-09-07 10:52:32
2026-09-07 06:53:00,CNC-03,H,,311.1966155629747,1980.426049621168,37.869262307378214,107.34438962638234,2.5779154152712898,13.841283519726897,60.07327547772835,0,2026-09-07 10:52:32
2026-09-06 23:20:00,CNC-03,H,300.0164198140288,312.03398670946785,2785.19634649735,15.471061236369373,43.64965548520305,3.2675902166952704,7.9637130623876615,48.28083589763341,0,2026-09-07 10:52:32
2026-09-06 22:33:00,CNC-01,L,298.8878464054125,312.1928988919694,2558.3114990414833,22.703893204670905,115.89452594686718,3.213290346984998,10.904656788171051,,0,2026-09-07 10:52:32
2026-09-07 04:15:00,CNC-03,H,,311.5066415235146,2324.5154922336296,27.688217134900203,141.66384599680347,3.0629886392095065,12.080432344339636,58.37016276619993,0,2026-09-07 10:52:32
2026-09-07 03:56:00,CNC-01,L,296.5392742679835,309.6847376761858,2309.360501197212,26.018998167493738,44.563412661023655,2.801545848739316,11.249332835218466,58.30466500737215,0,2026-09-07 10:52:32
2026-09-06 12:40:00,CNC-01,L,24.551127211883966,39.14814050441504,1373.2971506472832,51.436811541557894,212.78099179876165,3.0294637479220925,13.207250609918136,52.030417066311536,0,2026-09-07 10:52:32
2026-09-07 03:42:00,CNC-02,M,296.0764855310078,309.9950148990753,2463.132268346623,24.39950521541623,158.92966509862586,3.2673762913096045,11.348659891172627,56.220568369091666,0,2026-09-07 10:52:32
2026-09-06 23:49:00,CNC-01,L,298.4811381186919,309.87580782181294,2661.7188707090077,14.718398766552868,0.0,3.1306041678045653,7.154003465471721,51.84613113789616,0,2026-09-07 10:52:32
2026-09-07 02:24:00,CNC-03,H,298.54312573143284,310.12339222638093,2694.6470496916345,14.563097760953767,13.147246516808167,3.204960340051176,7.39167654670697,,0,2026-09-07 10:52:32
2026-09-06 13:30:00,CNC-03,H,25.225261129935177,39.09819031537438,1337.7396634425038,51.849786736360734,31.521778064013695,1.9784114332493798,12.69273526948734,56.939654077359826,0,2026-09-07 10:52:32
2026-09-07 08:38:00,CNC-01,L,300.3314978673594,307.6486551374238,1614.6713737339928,40.29902346471859,19.416437835623373,2.28074367320276,12.15313808284588,55.79213261763257,0,2026-09-07 10:52:32
2026-09-06 20:32:00,CNC-01,L,26.573950479201926,41.082807896135364,2412.2064438992047,28.420410450728028,214.90260985135157,4.007860288821029,12.782771212765066,48.92722837302569,0,2026-09-07 10:52:32
2026-09-06 19:35:00,CNC-03,H,,313.98801717124144,2377.8745508218817,26.755542137837722,51.06674115442937,2.8066311509542365,11.855855270341555,51.04817671193187,0,2026-09-07 10:52:32
2026-09-07 09:34:00,CNC-02,M,295.59149736678063,310.5191090757662,1352.0065648479635,52.47058416069278,183.8558610832689,2.4060993501788897,13.055749649672762,60.030436154124345,0,2026-09-07 10:52:32
2026-09-07 03:21:00,CNC-02,M,296.63859970635855,310.1179052197309,2501.8804031604727,22.43015579671537,134.423819687896,3.2230201880788614,10.487813959228232,58.199544182688676,0,2026-09-07 10:52:32
2026-09-07 07:25:00,CNC-01,L,295.3148266236154,309.56753304221485,1845.9995315010872,40.10774239530639,110.87218825983749,2.6137149633993824,13.957773752922261,62.68265154002457,0,2026-09-07 10:52:32
2026-09-07 06:53:00,CNC-01,L,295.4860233153968,309.6623179059101,1686.2348132543314,41.107644174597134,65.60150768106402,2.3552987420915925,13.108979833945668,56.90838952918649,0,2026-09-07 10:52:32
2026-09-07 00:03:00,CNC-03,H,299.32418776667646,311.5775429884745,2795.707807899483,15.863977889405753,89.45795496537126,3.395934440267795,8.320371690629713,54.17150395083665,0,2026-09-07 10:52:32
2026-09-06 23:00:00,CNC-01,L,298.6130039024625,311.6461792938862,2679.898797875332,19.890002365379104,144.8715163613217,3.4610823912665074,9.935815387039511,53.028770061803854,0,2026-09-07 10:52:32
2026-09-06 23:15:00,CNC-01,L,298.4185145843187,312.1470501768279,2709.2178471345696,22.316824717724312,160.80635569639435,3.609839944754699,10.96260161471816,57.726992072613946,0,2026-09-07 10:52:32
2026-09-06 11:56:00,CNC-02,M,296.6817667019475,311.26705094623657,1391.4966985301814,54.09105771558015,120.7209682216327,2.228053846002137,14.101518794229168,56.44469917342063,0,2026-09-07 10:52:32
2026-09-06 15:50:00,CNC-02,M,299.12060989819037,313.18798672667225,1703.077336733277,40.10952525972419,30.941253339991093,2.3725963306899915,12.428205587974318,49.83422169769781,0,2026-09-07 10:52:32
2026-09-07 08:11:00,CNC-01,L,300.55991035185156,309.4430282844158,1760.7753771649036,44.44269193369147,177.96407095170426,2.980829940133355,14.672480038618097,50.19768720685877,0,2026-09-07 10:52:32
2026-09-06 14:45:00,CNC-03,H,298.8191572781446,313.3047536984181,1518.411412913712,46.74146327155282,148.41775457692938,2.4382775074416614,13.133150438440138,55.13630241855027,0,2026-09-07 10:52:32
2026-09-07 00:35:00,CNC-01,L,298.15005123835135,310.0481963614759,2753.086854000507,16.199406564955183,49.17904840271013,3.215450891231921,8.265672296263846,55.19155614398725,0,2026-09-07 10:52:32
2026-09-06 19:54:00,CNC-01,L,299.5615698585531,313.0469035080666,2188.6893342815642,26.5555757686025,170.1916265346897,3.291454275794132,10.758937330128923,54.00095285255238,0,2026-09-07 10:52:32
2026-09-07 01:26:00,CNC-02,M,297.86387147598384,309.5779693386394,2697.1183169542774,15.5580623172026,6.3649846450044505,3.303507307259797,7.653984635340541,58.84821736336027,0,2026-09-07 10:52:32
2026-09-06 11:15:00,CNC-02,M,,310.47577620316537,1384.094805389837,49.39405324539303,55.78801285641021,2.017107072753521,12.816132027344345,61.80440858966713,0,2026-09-07 10:52:32
2026-09-06 10:57:00,CNC-03,H,296.50813681734945,310.69729451331915,1515.2471490426926,47.203734573921416,36.457142868649576,2.15716870488984,13.018492774416893,58.046276305164625,0,2026-09-07 10:52:32
2026-09-07 09:56:00,CNC-03,H,296.850856734584,312.04465162609114,1530.351397669487,50.83144005204562,160.93141902514984,2.4136214222032883,14.43997681601414,52.65636659930152,0,2026-09-07 10:52:32
2026-09-06 12:33:00,CNC-03,H,297.72054341979316,312.0232898883025,1332.8126933964652,51.155625802696385,188.90450027224216,2.4207482778427756,12.66872757550577,,0,2026-09-07 10:52:32
2026-09-07 05:34:00,CNC-02,M,295.8074428350567,309.990666359983,1997.8898291229293,33.811886084959255,70.91605426597465,2.523268189309281,12.766354681638019,59.0826027040457,0,2026-09-07 10:52:32
2026-09-06 21:45:16,CNC-03,H,300.1448590920504,313.06048682809507,2707.045291612155,18.021700690105884,202.5614963179574,3.7876489676785234,8.995410085821238,48.40788819336812,0,2026-09-07 10:52:32
2026-09-06 15:14:00,CNC-02,M,298.79188101038284,313.8510321946997,1582.237527133141,49.23776949725049,188.6429743464268,2.7617040740078806,14.611795726767584,54.446851210669436,0,2026-09-07 10:52:32
2026-09-06 23:18:00,CNC-02,M,299.3134970238366,311.7084165034126,2647.0040546174937,17.703030926338556,110.86766981526983,3.3029050439746244,8.620800325668332,57.17837394549447,0,2026-09-07 10:52:32
2026-09-06 17:07:00,CNC-01,L,299.38076988128347,313.9067573552785,1828.0486970467568,39.20246689038347,171.59964765057438,2.9076770506828877,13.142543054974023,53.59243824667104,0,2026-09-07 10:52:32
2026-09-07 05:02:00,CNC-03,H,297.3875878270311,312.2518566413019,2178.582050269821,33.00486416179369,199.803678589227,3.3389410993191557,13.525183325016199,53.50474279562555,0,2026-09-07 10:52:32
2026-09-06 23:51:00,CNC-02,M,298.6918643800037,310.68126634446617,2811.8328645249076,12.42548004924565,146.03623405094982,3.624445131869962,6.318259192553523,52.64694760837715,0,2026-09-07 10:52:32
2026-09-06 11:45:00,CNC-01,L,296.6358308383803,311.0657055740222,1435.1545962731832,49.38291723522881,125.38540826655998,2.2940431018683953,13.325638416961288,55.58609120775646,0,2026-09-07 10:52:32
2026-09-07 03:33:00,CNC-03,H,298.1062368942018,311.5709450243208,2421.1268992955984,24.870272986408956,91.52542962943087,3.0319080769810167,11.37922587622765,57.3896005703264,0,2026-09-07 10:52:32
2026-09-07 10:40:00,CNC-02,M,295.3962728978356,310.2665012445852,1398.965795974081,55.43085800086101,47.24855607442768,2.0433590638906516,14.57307414922389,59.807862939522245,0,2026-09-07 10:52:32
2026-09-07 01:20:00,CNC-02,M,298.19188364372985,310.00250472460436,2642.8621747746483,15.154180598684102,0.0,3.1150345492911122,7.360289070479986,52.592959607641895,0,2026-09-07 10:52:32
2026-09-06 22:25:00,CNC-03,H,299.9918106789015,313.80634926243084,2645.447723731,22.08183304026508,244.86271446165316,4.156501804772476,10.981387592180736,49.06258807869804,0,2026-09-07 10:52:32
2026-09-07 00:56:00,CNC-01,L,298.144743543743,310.2707088904151,2735.212104886617,16.023046175504756,71.5087542698781,3.2472986186308304,7.808120302373356,56.41044327269541,0,2026-09-07 10:52:32
2026-09-06 13:15:00,CNC-01,L,24.216027565818536,38.62820290612808,1526.1500261389565,48.63958786606443,28.42428011624191,2.031371093203557,14.055002516246768,54.5963922464418,0,2026-09-07 10:52:32
2026-09-06 21:57:00,CNC-03,H,300.0540232235389,312.94789288446816,2692.652962353621,18.29531062507022,214.7229834515045,3.770999034255328,9.050009521145475,52.92009266740128,0,2026-09-07 10:52:32
2026-09-06 12:31:00,CNC-03,H,297.37102611861883,311.8888807038849,1326.8402912426602,53.81407585498403,185.71723243285427,2.5201321523155165,13.547112064884937,50.52115959044344,0,2026-09-07 10:52:32
2026-09-07 06:41:00,CNC-03,H,297.18455770790393,312.4032183720344,2036.7950324699812,41.19070598987925,90.90051153227624,2.5815024471294805,15.59785297883558,54.30866608296244,0,2026-09-07 10:52:32
2026-09-06 14:19:00,CNC-02,M,297.97890247767504,312.32601291361794,1428.528951792555,48.1080526490797,104.632001364285,2.1495818109014415,12.882282378704721,57.58713875484232,0,2026-09-07 10:52:32
2026-09-07 01:45:00,CNC-02,M,297.7780224317174,310.1299933067292,2621.7922779245287,16.73370434161312,26.77683203999624,3.101805362584232,8.122492089024448,56.17576568977887,0,2026-09-07 10:52:32
2026-09-06 11:35:00,CNC-03,H,296.95362597261953,310.9339653985634,1335.32133325549,52.090989951224984,96.65937477973127,2.089365647724425,12.908676286797467,56.371038901804624,0,2026-09-07 10:52:32
2026-09-06 15:12:00,CNC-02,M,0.0,314.14713526713825,1718.3483029272195,46.23885719445868,185.66641566468476,2.9518785679061286,15.037709839656136,53.083297922981814,0,2026-09-07 10:52:32
2026-09-07 02:55:00,CNC-02,M,297.0140663903722,309.96724320120563,2595.410421184919,18.31073851484901,104.74086877653919,3.2862807480074325,8.791665180360438,57.40912176881426,0,2026-09-07 10:52:32
2026-09-07 06:00:00,CNC-01,L,295.7119738733044,310.23546211704513,2119.477665616183,33.86419259414571,201.14566208355012,3.553566608623119,13.30729889689332,57.697521040231976,0,2026-09-07 10:52:32
2026-09-06 14:53:00,CNC-01,L,297.79029952755207,312.7487041568043,1667.147579065519,46.272530709775,180.72320649391142,2.9958406163064533,14.28819163369234,55.73045387142483,0,2026-09-07 10:52:32
2026-09-06 23:38:00,CNC-02,M,298.92870747150545,310.98138710341067,2742.0969793347867,13.839627377155235,132.2508508831395,3.3977734286842978,7.14073585380563,52.24168933780342,0,2026-09-07 10:52:32
2026-09-07 08:36:00,CNC-03,H,296.7447896340999,310.0457711878048,1563.685147117892,40.67406077629223,38.41561253186417,2.1903020836554856,12.046842775722904,60.29634367427293,0,2026-09-07 10:52:32
2026-09-06 16:41:00,CNC-01,L,299.04298419318116,313.71789887230653,1752.3541939295515,41.9648239304808,135.1824914353847,2.6345400137106836,13.528040192057228,50.2582166566806,0,2026-09-07 10:52:32
2026-09-07 04:23:00,CNC-03,H,297.4460571596815,310.96267943637196,2242.120539650135,26.141967829374106,151.47937371408872,2.9259970821474965,10.904947098491473,57.54350011188434,0,2026-09-07 10:52:32
2026-09-07 03:11:00,CNC-02,M,296.7375227477444,309.2339542544358,2554.5782727287874,17.858933417761104,122.88027907655689,3.276789792706852,8.459047264659452,52.03265894912058,0,2026-09-07 10:52:32
2026-09-06 19:43:00,CNC-03,H,300.22819608426175,313.1727671385117,2324.306669394099,24.816225618561006,60.842409947393186,2.782855577781368,10.783384427889949,53.810319262514625,0,2026-09-07 10:52:32
2026-09-06 11:14:00,CNC-02,M,296.6263875630035,310.01129805836615,1309.22544174461,48.906000853111195,54.18801285641021,2.2156661915327978,12.257871766747648,57.16668373892855,0,2026-09-07 10:52:32
2026-09-06 23:04:00,CNC-02,M,299.20178303048476,310.56334452543564,2695.042738538864,10.254170223424104,95.97466079316341,31.66648297021719,5.085958484056058,54.24340815865252,1,2026-09-07 10:52:32
2026-09-07 06:22:00,CNC-01,L,295.79494701756767,309.1502200418717,2071.299769282988,30.974846559157093,22.76898337780684,2.6952752862613862,12.05360433809769,61.08947580742225,0,2026-09-07 10:52:32
2026-09-06 19:49:00,CNC-01,L,299.8355826959565,5886.10521271061,2378.525485026667,22.85824246210511,164.12831330340612,3.3725067515718323,10.078509964400475,52.54601303148634,0,2026-09-07 10:52:32
2026-09-07 02:07:00,CNC-01,L,297.15424505733296,310.8442723506604,2578.0398252298537,22.871036809187178,148.35052346428472,3.5158282341161935,11.292734220311791,56.717528047786615,0,2026-09-07 10:52:32
2026-09-07 07:40:00,CNC-01,L,295.1669751003624,310.02896065217504,1759.3426399143314,42.413582598176234,132.4135421153108,2.683065969890343,13.839597019434601,61.05853617273382,0,2026-09-07 10:52:32
2026-09-06 22:00:00,CNC-01,L,299.36340644339276,311.30540554981764,2563.9860529981124,16.957839281789028,79.90803925126387,3.114466714869976,8.050698568746556,53.041287039701714,0,2026-09-07 10:52:32
2026-09-07 10:16:00,CNC-03,H,296.9562204705575,312.3255836067499,1396.216331398421,,192.2236916155155,2.462214447874843,14.627378266433238,57.36497545435857,0,2026-09-07 10:52:32
2026-09-06 11:44:00,CNC-01,L,296.678510259472,311.19284998592855,1503.6210605176595,48.01878717833625,123.8192729314771,2.293360215238027,13.50111037663065,55.568303908687795,0,2026-09-07 10:52:32
2026-09-07 05:17:00,CNC-01,L,295.9558499019956,310.41843602761253,2121.170024472967,34.19413875162728,144.86051324591907,2.9693604924561074,13.621852070053679,57.785617734018395,0,2026-09-07 10:52:32
2026-09-07 00:13:00,CNC-02,M,298.51722024692606,312.1375702391826,2720.8754335180984,21.074570038387648,169.59367349700324,3.6768148656445074,10.662995384198886,52.93373650586005,0,2026-09-07 10:52:32
2026-09-06 19:46:00,CNC-03,H,300.5166603901074,313.4134198518257,2242.484920479274,26.20027413800254,64.50251811575242,2.7508463030936445,11.08667806206607,51.01552123578804,0,2026-09-07 10:52:32
2026-09-06 16:57:00,CNC-02,M,299.5391198344104,314.0288574742171,1865.5286678868022,38.454270377540745,127.66926761135491,2.717461112917526,13.515741253213958,51.85025904895658,0,2026-09-07 10:52:32
2026-09-07 04:00:00,CNC-02,M,296.09306013568255,310.1134594849815,2541.781082527721,24.579165313552,180.1343128142826,3.510924894793405,11.691728776536726,60.510291881251206,0,2026-09-07 10:52:32
2026-09-07 01:47:00,CNC-03,H,298.8486978304166,312.10319608510554,2764.244303380685,19.124739930344422,200.74722529599248,3.8481861859318136,9.87700541300244,50.572558818203504,0,2026-09-07 10:52:32
2026-09-07 03:58:00,CNC-03,H,297.81980258740225,311.1160015587158,2397.7045974913462,22.61570238289484,121.11036592658336,2.9874164186887344,10.204171856371056,55.43291559616655,0,2026-09-07 10:52:32
2026-09-06 22:49:00,CNC-02,M,299.3316576033198,311.36814748816687,2585.4695130032483,16.027912772919706,79.98308122314859,3.1646300742122224,7.747013865785306,53.950294683361236,0,2026-09-07 10:52:32
2026-09-06 18:21:00,CNC-03,H,305.72573406791196,314.63561416956793,2139.6351336089688,34.66937133543363,225.18667306445556,3.4447997247251063,13.775304725571662,44.51567256149542,0,2026-09-07 10:52:32
2026-09-06 17:16:00,CNC-03,H,300.0139734087548,314.22146237440387,1924.240828169258,,137.7607295958825,2.732247126991986,11.978687675043009,51.52072230950427,0,2026-09-07 10:52:32
2026-09-07 02:30:00,CNC-02,M,297.23534455986913,,2604.6917052385493,17.57325219706202,,3.2353900005366847,8.6478803117649,53.4544024372821,0,2026-09-07 10:52:32
2026-09-06 20:42:00,CNC-01,L,26.60960643019581,40.812674026799925,2544.3192286787507,24.923526725509628,226.5360240334662,4.197106277682279,11.920394051247577,51.99606440117813,0,2026-09-07 10:52:32
2026-09-07 02:50:00,CNC-03,H,298.3628888551122,309.9661106881133,2548.834425280625,14.992777553091972,42.23396724895929,3.1141166692869526,7.075797776111874,53.37135312024166,0,2026-09-07 10:52:32
2026-09-07 08:39:00,CNC-01,L,300.4417243647908,307.99058290571526,1670.961552588552,40.61961902090255,20.8974482910649,22.7736032215115,12.286031435883952,51.23673131113786,0,2026-09-07 10:52:32
2026-09-07 02:13:00,CNC-01,L,297.3334632338564,310.0339598757579,2437.767178591535,19.808973242062823,154.94675813721977,3.307482191357777,8.950227024393167,58.369153230361256,0,2026-09-07 10:52:32
2026-09-07 02:54:00,CNC-02,M,296.8069959147726,309.81989609164555,2616.830189922137,19.41647890570088,103.64339575798657,3.234896953913257,9.484721124218266,55.10555334284978,0,2026-09-07 10:52:32
2026-09-06 14:23:00,CNC-02,M,297.90243422058586,312.8039171769908,1568.38686945726,49.887883405444335,110.7787812770794,2.329226522155817,14.824288803943935,51.51502739370083,0,2026-09-07 10:52:32
2026-09-06 13:40:00,CNC-02,M,24.54854811455772,38.57632744288867,1429.6045451898324,48.76595931640406,43.8737831895588,1.9885495034739937,13.147502811723061,58.10196765527618,0,2026-09-07 10:52:32
2026-09-06 23:16:00,CNC-01,L,298.5624060523364,311.44883922386055,2724.1667128822432,18.999227565873436,161.86738354447473,36.833563996550176,9.60926117713876,54.11228869104996,0,2026-09-07 10:52:32
2026-09-06 21:37:00,CNC-03,H,300.08958403975885,313.1248938878857,2714.1310079527307,19.28696787531586,192.5970206403467,3.694149623163079,9.780653298098988,52.327657369397265,0,2026-09-07 10:52:32
2026-09-07 05:37:59,CNC-01,L,295.74143595184063,309.8820760426626,2110.2546527392515,31.487686814636,173.52225379814925,3.2498517920467562,12.582535815122188,59.90634578308183,0,2026-09-07 10:52:32
2026-09-06 21:35:00,CNC-03,H,300.15996534071223,314.7697914908016,2560.2180739695705,27.167094471887598,190.4392441341502,3.5024588241856742,12.574157492231132,50.49379639827083,0,2026-09-07 10:52:32
2026-09-07 07:20:00,CNC-02,M,295.44997941216053,310.64124839362717,1906.365181140157,38.83466102607623,215.35720799354027,3.286648131872577,13.77793420321904,56.61391548885805,0,2026-09-07 10:52:32
2026-09-07 04:08:00,CNC-01,L,296.53146829308764,310.0862935541554,2262.7129755594424,28.375363699504113,58.970689463731205,2.877824429319198,11.884522360688933,55.967521101104076,0,2026-09-07 10:52:32
2026-09-06 14:31:00,CNC-02,M,298.27048162035305,312.40582703060227,1500.7185581670694,45.87685009012396,123.07382238762986,2.2474958731706725,12.877832027554264,57.77078953475274,0,2026-09-07 10:52:32
2026-09-06 14:19:00,CNC-01,L,297.75799817788555,312.1647057647418,1477.0139741889047,47.658690629754624,128.56970725739987,2.315834368828361,13.406444869481781,54.763734497811235,0,2026-09-07 10:52:32
2026-09-06 19:01:00,CNC-01,L,299.36281902345803,313.4628291411156,2263.812114087761,30.57021828519243,104.61382248362281,2.9170383343496944,12.843976175825091,52.35752379771202,0,2026-09-07 10:52:32
2026-09-06 14:43:00,CNC-03,H,299.02683671955157,313.7233439402282,1489.884999203341,50.159394146551755,145.30682100825692,2.270665413754486,13.983369202620848,53.8307533614167,0,2026-09-07 10:52:32
2026-09-07 05:18:00,CNC-02,M,295.73967805000154,,2164.7496946675847,25.52404207981624,50.30881897835834,2.805417883960366,10.301864982527361,63.06150139286268,0,2026-09-07 10:52:32
2026-09-07 09:33:00,CNC-03,H,296.53054966962657,311.101599402825,1572.86785016426,47.292996072555475,125.25199185316023,2.432434703339006,13.913254224677704,55.79116372000726,0,2026-09-07 10:52:32
2026-09-06 18:23:00,CNC-01,L,299.68485261009005,313.3296423745997,1978.0725220437364,33.5767087130319,55.93451962067271,2.5983900963163933,12.487194457574024,52.2424314489193,0,2026-09-07 10:52:32
2026-09-06 21:23:00,CNC-02,M,305.0266218164454,313.0953349782847,2533.943790651596,23.316607588865498,242.3322573355412,4.153244194674658,11.161506450935658,44.527968817037454,0,2026-09-07 10:52:32
2026-09-06 20:53:00,CNC-03,H,27.24745656523578,41.27480555275446,2415.6954304678948,26.740259907027042,143.2752049775846,3.174406732612107,12.057060555760781,47.198321497409346,0,2026-09-07 10:52:32
2026-09-07 00:33:00,CNC-01,L,297.9584262408032,310.6929213160159,2658.5749441667444,20.66174981615849,47.00853570744236,3.1786797326213487,10.117189203558135,53.17920630299401,0,2026-09-07 10:52:32
2026-09-07 03:21:00,CNC-01,L,296.48696693307625,308.148250333029,2383.8551310620833,18.7591039686718,3.455462463550026,3.0025798147245086,8.600910573294383,61.976288103712704,0,2026-09-07 10:52:32
2026-09-07 05:15:00,CNC-03,H,297.43847117365357,311.44796650835013,2085.911854994869,29.953531298490358,216.41306076093332,3.336923815359056,11.428345393542472,58.30857560016323,0,2026-09-07 10:52:32
2026-09-06 23:18:00,CNC-01,L,298.4210376613994,310.81629299307036,2721.489882989052,16.531855463496054,163.97505656261774,3.668399448966029,8.620451480932873,53.94418473628955,0,2026-09-07 10:52:32
2026-09-06 22:23:00,CNC-03,H,299.937812319681,314.33236869553,2597.7722931797894,25.17398003273628,242.74150690961315,4.051172283888627,12.324015136671605,46.51416972579694,0,2026-09-07 10:52:32
2026-09-07 03:29:00,CNC-02,M,296.5240078853931,310.72451077069286,2398.6783972216635,26.308307551824743,143.77180534979576,3.1473317263250227,11.678752387964392,58.09800271132207,0,2026-09-07 10:52:32
2026-09-07 05:02:00,CNC-02,M,295.72573564718715,308.91507394075995,2310.8600546103717,24.774094058903476,29.988469626152092,2.9664424731767403,10.66890721212753,55.94765976490501,0,2026-09-07 10:52:32
2026-09-07 10:26:00,CNC-02,M,295.5511335456834,309.7484239453007,1376.8156864846685,50.96177866636499,25.133072771087253,20.251469057488105,13.138142951405552,60.3565085586926,0,2026-09-07 10:52:32
2026-09-06 16:57:00,CNC-01,L,299.1594262578503,313.97739249818,1911.5870006570265,39.92450071666766,157.6886876281343,2.907625308582612,14.424110886004339,51.62414720313064,0,2026-09-07 10:52:32
2026-09-07 05:06:00,CNC-03,H,297.31098565942705,311.9646715446991,2251.118425911587,32.7962683871663,204.91849912130252,3.4172281077285724,13.925486354240746,58.129176912703095,0,2026-09-07 10:52:32
2026-09-06 23:33:00,CNC-02,M,299.16579588271503,311.5788808809188,2756.8221909516633,15.537808035748935,126.9459276313313,3.3605365066181943,7.948604477485664,53.55272448614645,0,2026-09-07 10:52:32
2026-09-06 11:02:00,CNC-02,M,296.6896852066115,310.9703429554862,1663.3690047368148,44.16413739927476,35.15580204883529,2.2478861387743443,13.818579364957614,57.95008383658268,0,2026-09-07 10:52:32
2026-09-06 13:02:18,CNC-01,L,23.99412973318499,37.83569627666708,1505.1575589469107,48.10887926603883,7.917131061987904,2.0866277748470075,13.479869725857402,49.53269659181832,0,2026-09-07 10:52:32
2026-09-07 05:43:00,CNC-01,L,295.3317769904704,309.3016329849899,2041.8437891781302,31.604508606079563,178.73364671852747,3.1757104030461236,12.030280288709507,60.19886599413655,0,2026-09-07 10:52:32
2026-09-06 21:58:00,CNC-01,L,299.34822708285674,311.4169816346261,2645.4406972750517,16.595087602501355,77.71221953448371,3.2932936666702273,8.211555066215332,52.275103358790275,0,2026-09-07 10:52:32
2026-09-06 15:48:52,CNC-01,L,298.8424089252095,312.7308930612416,1593.9592615514632,43.585010487795046,60.13532227509615,2.2836011581052382,12.988317602548753,51.660941541299756,0,2026-09-07 10:52:32
2026-09-07 08:15:00,CNC-01,L,300.6947254694504,310.1526991500978,1613.3748606265392,49.456118157966294,183.92921884437501,2.7186694695550804,14.833014865015363,50.51382279884172,0,2026-09-07 10:52:32
2026-09-06 11:13:00,CNC-01,L,296.4727531377398,310.1051858458102,1356.910054543415,44.828379142898775,74.83574331062805,2.1142360026960185,11.412727404833936,55.476677912838404,0,2026-09-07 10:52:32
2026-09-06 12:24:00,CNC-02,M,297.1107804576202,311.8445351361405,1400.4590724798688,52.94209801094004,165.30812427004804,2.48526964124114,14.016123890468966,55.66973408903237,0,2026-09-07 10:52:32
2026-09-06 14:02:00,CNC-03,H,298.4482102888504,312.86971821652827,1574.2742915086244,48.73152663979664,81.77760850751811,2.0664328798846645,14.453814933751081,50.92466454914779,0,2026-09-07 10:52:32
2026-09-07 07:20:00,CNC-01,L,295.3827235583782,309.4309781684529,2004.1493529875474,33.533629842451575,103.76224386269297,2.766083837777645,12.597473382015519,59.57788406680573,0,2026-09-07 10:52:32
2026-09-07 00:21:00,CNC-03,H,299.8359667422354,311.8901273736361,2676.725424859635,15.641457667884843,108.6607999040243,3.324426872011543,7.4435829900261385,50.80376422298529,0,2026-09-07 10:52:32
2026-09-06 20:09:00,CNC-02,M,26.495094093281693,40.306302957668606,2536.590023234837,23.646283714993082,157.3295838806788,3.3816877576415045,11.270603707481062,50.970366982225826,0,2026-09-07 10:52:32
2026-09-06 10:59:00,CNC-03,H,296.62167380212725,310.5176363553772,1460.5970029590228,46.8112065305165,39.5565617006295,2.216960670788315,12.856969940728241,55.02931574657555,0,2026-09-07 10:52:32
2026-09-06 13:47:00,CNC-02,M,298.0197905755092,311.9799964912286,1441.582963264211,48.928643249192454,54.80365036064656,2.003983162996237,13.135514657096692,55.860119765529674,0,2026-09-07 10:52:32
2026-09-06 16:50:00,CNC-01,L,299.1690258451426,313.8973265391587,1938.5987628906262,39.57836303249366,147.88122953460777,2.803113630947941,14.335835663065978,53.42240400621879,0,2026-09-07 10:52:32
2026-09-07 01:48:00,CNC-03,H,299.014461792753,312.27543996309595,2503.701109269389,21.713654699673953,201.8859409589388,3.626924697085995,10.141782467665545,57.16656710215205,0,2026-09-07 10:52:32
2026-09-07 06:39:00,CNC-02,M,295.76524331523746,310.4859025660498,1930.1455151126574,37.98321680191051,158.03888931436381,2.9228330871449786,13.797758836797499,60.2551000107724,0,2026-09-07 10:52:32
2026-09-07 03:50:00,CNC-02,M,296.1221395283466,310.0294012131001,2346.936888640423,27.09878560555861,168.26933952754814,3.2210467177348403,11.950686457333974,54.828015661923544,0,2026-09-07 10:52:32
2026-09-07 08:29:00,CNC-01,L,300.79210964525095,308.68025964105453,1674.5481373316597,41.13643332999008,5.929085429282084,2.3235863527531913,12.800638958655927,45.2108855920448,0,2026-09-07 10:52:32
2026-09-07 05:31:00,CNC-02,M,295.64553819282725,309.3746817259156,2173.560171000531,29.295600053104756,67.02703951966228,2.8267913123822006,12.078380334703626,,0,2026-09-07 10:52:32
2026-09-07 05:33:00,CNC-01,L,295.8615543475426,310.54426138916597,2093.384170252152,35.47956200851478,165.6605310786574,3.1516828059084996,13.602613929964791,56.717452729045434,0,2026-09-07 10:52:32
2026-09-06 17:11:00,CNC-01,L,299.2992912952311,313.7049160747201,1875.9071889962245,37.814626735793134,177.23199604135777,3.0644813240983937,13.31152866474878,53.51567736762301,0,2026-09-07 10:52:32
2026-09-06 15:57:05,CNC-03,H,299.45723565501834,313.1760576589249,1684.6988038426298,40.90334395512002,23.647578149525767,2.3113172516477785,13.043468025296933,51.94683874394194,0,2026-09-07 10:52:32
2026-09-07 05:44:00,CNC-02,M,295.2075837039351,309.52741556103865,1844.8300719908934,38.610524571758134,84.29734363150459,2.42449323423105,13.158851967694336,63.60461555014685,0,2026-09-07 10:52:32
2026-09-07 01:58:00,CNC-02,M,297.43894517168224,309.09145714468656,2620.6661069536326,14.909755775198672,40.99209684163793,3.232162008288363,7.180640505608977,52.31846607468348,0,2026-09-07 10:52:32
2026-09-07 10:50:00,CNC-02,M,295.1906289590401,309.27688534849324,1467.7897226608661,46.75639823645245,62.99257902661192,2.1367735489403796,12.568770356397343,58.33442480175737,0,2026-09-07 10:52:32
2026-09-07 03:46:00,CNC-02,M,296.34313765873344,310.23291421903383,2462.9993007515022,24.714719929494393,163.59162515038688,3.4416548958266575,11.608174820816808,53.858352300246096,0,2026-09-07 10:52:32
2026-09-06 19:12:00,CNC-02,M,299.64944654020167,313.89682022426535,2247.223448836684,31.58183505031964,88.16937593980319,27.31089483131162,13.198047838995581,52.20073227582719,0,2026-09-07 10:52:32
2026-09-07 01:31:00,CNC-03,H,299.2192119423575,312.5688246862529,2641.284478263059,21.02780700001866,183.5695970629256,3.6981160134821836,10.167202491259447,52.712315995274224,0,2026-09-07 10:52:32
2026-09-07 05:07:00,CNC-03,H,297.41876127326987,311.8005587805095,2090.3647189639914,32.38798729580377,206.2012770007226,3.1734527644317536,12.484799874066278,54.82774780538734,0,2026-09-07 10:52:32
2026-09-06 13:14:00,CNC-01,L,24.461194850556353,38.25501025872791,1484.8864191463958,46.52843997723189,26.857529051397837,2.112707610268816,12.90834467967193,59.00162374772424,0,2026-09-07 10:52:32
2026-09-06 13:45:00,CNC-01,L,297.7256553690631,311.4586069103984,1351.4649772932573,50.0285080016298,75.708306319982,1.9205589265128267,12.766233009231122,60.34999240426863,0,2026-09-07 10:52:32
2026-09-06 11:02:00,CNC-01,L,296.38805797929643,309.9974384115557,1374.7675361595493,48.36940013409561,57.40547391972343,2.0852427552743844,12.458708666937035,57.16178017616271,0,2026-09-07 10:52:32
2026-09-07 00:43:00,CNC-01,L,298.16280098598156,309.57598985813826,2738.469342281872,13.558131623644103,57.64754493661858,3.3309191119127886,6.774587299316996,53.48449602231614,0,2026-09-07 10:52:32
2026-09-07 05:53:00,CNC-03,H,296.86403954443114,0.0,2172.641176873387,30.03439099108781,26.021839743246893,2.8004806821637427,12.517711316669415,55.38884320647603,0,2026-09-07 10:52:32
2026-09-07 07:31:00,CNC-02,M,295.55925671818045,309.62167665789593,1811.9386411872047,37.470132016957834,0.0,2.4343372995087065,12.679621789218155,57.789449607069635,0,2026-09-07 10:52:32
2026-09-07 01:20:00,CNC-01,L,297.7309871099498,309.90944323895116,2658.664551938049,16.953672842250462,97.48292557866047,3.2559947722653035,8.622191927096335,51.26334021933982,0,2026-09-07 10:52:32
2026-09-07 01:34:00,CNC-01,L,297.5842860478387,309.195994688206,2794.428317101552,11.98092287357608,112.41595103285552,3.4611877501260424,6.299039622957998,56.33028686956363,0,2026-09-07 10:52:32
2026-09-06 13:54:00,CNC-01,L,297.54443384253307,311.95526734726474,1441.4438002308934,52.38282234002141,89.72102836296573,2.0961924806022068,14.076715436081129,58.40211229470296,0,2026-09-07 10:52:32
2026-09-06 23:39:00,CNC-01,L,298.6438288929076,312.229746807495,2475.02474078528,22.821292184892403,186.44356409129944,3.637976008897999,10.635097198183713,58.73976586000114,0,2026-09-07 10:52:32
2026-09-07 08:29:00,CNC-03,H,296.19288769903443,310.3105140454139,1781.3915448369592,41.35586556781492,27.974012131355092,2.425277473238539,527.5005671317562,55.185764606188194,0,2026-09-07 10:52:32
2026-09-06 11:00:00,CNC-03,H,,311.1669599914992,1475.5172412175873,52.2165126781324,41.13044319616638,2.1329377695422727,14.405342772343179,55.70715642326644,0,2026-09-07 10:52:32
2026-09-07 06:57:00,CNC-02,M,295.79026929468876,310.7950189384175,1807.1197396294265,40.42133956471797,183.03887202137977,3.0147218416098034,13.734059238549955,62.61068440431953,0,2026-09-07 10:52:32
2026-09-06 20:33:00,CNC-02,M,32.17881123665717,40.332719133408546,2567.1897198330794,24.344998534381784,185.36080888467876,3.5238240782043753,11.888858170068016,40.635835905127536,0,2026-09-07 10:52:32
2026-09-06 13:51:00,CNC-01,L,297.8105967593721,312.72788296964234,1582.3818650769128,49.067388824862185,85.04500349218644,2.1580682581011867,14.353561663758155,59.85127252337916,0,2026-09-07 10:52:32
2026-09-06 20:49:00,CNC-01,L,26.445991653970793,38.52828585292821,2496.527763543227,19.294785123045276,0.0,3.079439034938251,9.168069065386744,51.81523490275893,0,2026-09-07 10:52:32
2026-09-06 15:51:00,CNC-01,L,298.8252869317478,312.84026685245146,1793.3174945897963,37.861305118731764,63.08626885837345,2.3493882301232043,12.812079186972952,51.715077782794125,0,2026-09-07 10:52:32
2026-09-07 06:27:00,CNC-03,H,297.16146961862796,311.3858811288527,1884.6642018243028,38.72350134459425,71.72817033735664,2.3902674223332814,13.701042858106012,57.32824685880077,0,2026-09-07 10:52:32
2026-09-06 12:44:00,CNC-03,H,24.458948064740298,39.22189747724474,1308.2116747368102,54.68184455713833,206.2731895262824,2.5101907793019964,13.554897116709773,54.861201074095575,0,2026-09-07 10:52:32
2026-09-07 10:34:00,CNC-01,L,294.71824477223504,310.01305059763797,1399.124150829911,55.61475869592986,199.00210234481438,2.8279033517397165,14.544414015285431,63.349599705902975,1,2026-09-07 10:52:32
2026-09-06 22:49:00,CNC-03,H,299.90857304398423,311.21715787543826,2650.472103087652,14.120842045856872,10.754802308942239,3.2259469683364563,7.215327344988344,54.96190915377662,0,2026-09-07 10:52:32
2026-09-06 19:04:00,CNC-01,L,299.4759450783609,313.35253281419693,2043.9002299452775,31.345211854475053,108.5232722342698,2.7042806159270425,11.792934224501815,47.3646205914189,0,2026-09-07 10:52:32
2026-09-06 12:52:00,CNC-03,H,24.939126618948308,40.12122425271582,1340.6494926102755,57.41604312096318,218.9095063035323,2.78970227077405,14.425087095116806,53.01025274127036,0,2026-09-07 10:52:32
2026-09-06 14:25:00,CNC-03,H,298.9373855461474,313.5547721378681,1484.2007082047276,49.39104602696669,,2.3164373170646604,13.704713814522913,48.779542691876514,0,2026-09-07 10:52:32
2026-09-07 01:50:00,CNC-01,L,297.4369916320428,310.8873940590154,2559.8815692443,23.640691889826474,129.93894180136164,3.3114057150174494,11.453724803339005,56.959390184334836,0,2026-09-07 10:52:32
2026-09-07 09:13:00,CNC-01,L,294.9089288551101,309.0041837808129,1432.5446268946014,49.06226482436044,72.66327013582188,2.263965558867583,13.046410846572385,58.443060807011165,0,2026-09-07 10:52:32
2026-09-07 04:59:00,CNC-02,M,295.64315926272036,309.24444662138717,2233.6848581659788,28.193419827259163,26.22348212731768,2.7552162267475446,11.61235643373901,60.44817982496707,0,2026-09-07 10:52:32
2026-09-07 05:40:48,CNC-03,H,297.0002984595109,309.8944786463739,2121.0585854391916,28.319662641524516,10.274237024837719,2.7096398960387553,11.374147836398379,57.765242608969174,0,2026-09-07 10:52:32
2026-09-07 08:36:00,CNC-01,L,300.60062795115533,308.4202222976418,1591.832056872873,42.03893282750506,16.407074113917176,2.1763801178169797,12.652433461613695,52.18811912452169,0,2026-09-07 10:52:32
2026-09-06 23:55:00,CNC-03,H,299.59340065815644,310.98853613401593,2663.909341125211,13.957348911733725,80.91338939940472,3.227264810787315,7.010666220868858,53.677081742252035,0,2026-09-07 10:52:32
2026-09-06 20:24:00,CNC-01,L,26.602349225122055,40.555241033910704,2441.2625811682065,24.996634863005625,205.53142273621816,3.9310445702357395,11.47251330097821,51.82500232908597,0,2026-09-07 10:52:32
2026-09-06 15:07:00,CNC-01,L,298.2339713064591,313.3705660882669,1651.616058047121,46.02307497309469,202.10776621943273,3.060132938301611,13.811650422445007,53.35145066219441,0,2026-09-07 10:52:32
2026-09-06 15:15:00,CNC-02,M,298.7160976727821,313.87803243770315,1565.7057949966431,50.43513482527097,190.1717019010337,2.712709101700319,14.671791050758252,54.364304179484456,0,2026-09-07 10:52:32
2026-09-07 00:57:00,CNC-01,L,297.78124089818937,309.65711766549543,2690.310630042261,15.083266684804416,72.5839582328545,3.1594924587750506,7.58048274306993,55.90530203804077,0,2026-09-07 10:52:32
2026-09-06 22:14:00,CNC-03,H,299.9769547882798,313.0749299199427,2685.9452607175954,17.993781832718806,232.9337568486906,4.081696462821529,9.238286995229576,54.494163403642276,0,2026-09-07 10:52:32
2026-09-06 14:40:00,CNC-01,L,297.93118772530585,312.3982816473178,1551.82315533442,47.55973468466116,160.92256427164764,2.5700117710418358,13.736920095936188,51.267128145685255,0,2026-09-07 10:52:32
2026-09-07 00:36:00,CNC-03,H,299.37372838474533,311.23838746296434,2677.5036517164817,14.111971091465175,124.60696955511833,3.2905364200940324,7.19043910976846,55.008648506306564,0,2026-09-07 10:52:32
2026-09-07 07:33:00,CNC-01,L,295.3170679820837,309.56986070645104,1886.5032685647038,37.47873556238541,122.32889711099742,2.6414995184501735,13.528553617339268,55.983727791460424,0,2026-09-07 10:52:32
2026-09-06 12:34:00,CNC-01,L,297.1618621979287,312.43913684392004,1449.5645609496548,55.52715639131441,203.19593571280703,2.8805594629263944,15.099186914411025,55.50810046540883,1,2026-09-07 10:52:32
2026-09-06 18:35:00,CNC-02,M,299.79096336041846,312.8388852411391,2277.1467688744196,24.205126954556928,41.57286110567701,2.847842229962446,,52.19175963924333,0,2026-09-07 10:52:32
2026-09-06 11:52:00,CNC-01,L,296.93242926595855,311.7483475327551,1382.419943576807,54.73274543774744,136.45786729534026,2.373177905731694,13.934986122627448,58.2195627596811,0,2026-09-07 10:52:32
2026-09-07 05:21:00,CNC-02,M,,309.10389212920774,2142.728231623756,29.326863058545694,54.164244042353275,2.6552055824032452,11.66784313497553,59.13319123235962,0,2026-09-07 10:52:32
2026-09-06 12:44:00,CNC-02,M,24.03508927968153,39.107619271264355,1508.4847584896536,50.92513411056884,196.9503147279087,2.804396125474891,14.55405680635577,57.45702851184822,0,2026-09-07 10:52:32
2026-09-06 16:49:00,CNC-02,M,299.42907150996086,313.79678625338556,1756.3518615651294,39.36248571075949,116.31424562148976,2.501149684497433,12.730716105633277,54.228233142769575,0,2026-09-07 10:52:32
2026-09-06 22:40:00,CNC-01,L,298.8750061594285,311.33933772702164,2512.7372618414097,19.406554071570074,123.52313375643547,3.2811655351433564,9.349488068398689,52.87436871513361,0,2026-09-07 10:52:32
2026-09-06 13:10:00,CNC-01,L,24.575845048920996,37.87211972906209,1318.8947694709605,48.70815406545548,20.534103886175693,1.9217949929911924,11.700435602848215,54.756754066102374,0,2026-09-07 10:52:32
2026-09-06 11:47:00,CNC-01,L,296.6514098575171,310.6805927817816,1353.294661260713,49.425898529158445,128.58540826655997,2.235342888592276,12.517387234283422,53.47175113377631,0,2026-09-07 10:52:32
2026-09-06 19:13:00,CNC-02,M,299.71356902475856,313.1347460798687,2345.3709837001065,24.397366521347234,89.36125474143522,2.938351251528305,10.655275320554917,1289.5076628546144,0,2026-09-07 10:52:32
2026-09-07 03:36:00,CNC-03,H,298.1121258316127,311.5189678246829,2432.3630009988865,24.908070560594076,94.99714957154814,,11.162386750311107,53.48479832262773,0,2026-09-07 10:52:32
2026-09-07 07:01:00,CNC-02,M,295.41606529797536,310.30101740026737,1936.8081199533447,37.7058346713607,188.5850642078913,3.119064677710074,13.752544790769242,60.04569595160695,0,2026-09-07 10:52:32
2026-09-07 04:33:00,CNC-02,M,295.9712827205484,310.3411076391562,2360.738831118031,27.27253405994292,220.3048756163238,3.7470632795919867,11.910445895052382,55.46224862153811,0,2026-09-07 10:52:32
2026-09-06 23:48:00,CNC-01,L,298.14411890449037,310.42107401334613,2702.2616794280684,13.192643244144616,196.0213407338893,3.9272378348372046,6.948834075573598,57.7944874710253,0,2026-09-07 10:52:32
2026-09-06 11:36:00,CNC-03,H,,310.90091365376264,1396.691221866589,48.67304393337409,98.25937477973126,2.1706081644445026,12.866620770256732,58.01285083389078,0,2026-09-07 10:52:32
2026-09-07 06:43:00,CNC-02,M,295.8598107317114,310.3606965624478,1848.0175043053791,38.32971499346987,163.57297249280617,2.826914026858679,13.40554208387232,58.00500086567983,0,2026-09-07 10:52:32
2026-09-07 02:07:04,CNC-03,H,298.90683778840344,312.40178088128175,2597.031523972525,21.551550088616903,221.79631014297723,3.7718193964961793,10.49007272563739,53.42785360076881,0,2026-09-07 10:52:32
2026-09-06 12:41:00,CNC-03,H,24.292306895508602,39.170692091882756,1378.9819257995377,53.53665586971742,201.5496326492447,25.337496972910667,13.83234518033395,56.04797968450434,0,2026-09-07 10:52:32
2026-09-06 22:46:00,CNC-01,L,298.7753322038368,311.3483594693597,2714.474584374398,17.5585568868164,129.9456346748752,3.4855104236553305,8.489538361846641,57.13727010593615,0,2026-09-07 10:52:32
2026-09-07 01:22:00,CNC-03,H,299.0648705719009,312.39042294660777,2683.5292837270963,19.81252923470724,173.90476075072937,3.5322698539127733,9.83372332970388,48.454430437100115,0,2026-09-07 10:52:32
2026-09-07 07:10:00,CNC-02,M,295.5862311199006,310.7215042505187,1758.680700817406,42.84935839398509,201.19729655720883,2.994349230208336,13.867202538840536,58.59975142457667,0,2026-09-07 10:52:32
2026-09-07 06:43:00,CNC-01,L,295.4247236897189,308.9767549482314,1750.5791715723915,37.23366465671627,51.591783926031184,2.4381980220083364,12.165514415148044,63.76220278631963,0,2026-09-07 10:52:32
2026-09-06 16:50:00,CNC-03,H,299.78217170076164,314.3151422752252,1747.5255881059015,43.03085742994439,101.53304737772582,2.4150008316385496,13.845222514582126,52.95115260385246,0,2026-09-07 10:52:32
2026-09-06 15:10:00,CNC-01,L,298.49524974535433,312.11862050865653,1457.622310337579,47.42001525183338,1.55126043838305,2.1277991587634175,12.79450420746478,49.42794449728488,0,2026-09-07 10:52:32
2026-09-06 22:26:00,CNC-01,L,299.08827161855567,312.05806148638675,2519.587235441559,20.818408156472557,108.33526575440693,3.2135820461215605,9.962370258536916,48.93073769117599,0,2026-09-07 10:52:32
2026-09-07 02:49:00,CNC-02,M,296.90240666817925,309.5502577906061,2440.2389671485857,19.311936720571413,98.06685200268707,3.0656841968200794,8.727083723028974,57.049061903254206,0,2026-09-07 10:52:32
2026-09-06 11:29:00,CNC-02,M,296.59707850370773,310.8056075384631,1430.674940340173,50.78932647130671,,2.1221234026646045,13.555536026033026,57.40861135251815,0,2026-09-07 10:52:32
2026-09-07 04:11:00,CNC-01,L,296.30475649410533,309.63513512396776,2226.4216330048507,27.344428920714005,62.590408196395096,2.876205876787728,11.090271885457025,56.66536513807882,0,2026-09-07 10:52:32
2026-09-07 04:04:00,CNC-03,H,297.7332700598503,312.4606837607804,2268.6420857175294,33.59769863682082,128.30909025408593,2.9711870159716565,13.991277609639798,56.537268710575745,0,2026-09-07 10:52:32
2026-09-07 01:42:00,CNC-03,H,299.0055147068367,311.4461056015976,2745.3383681738496,15.5902588825649,195.4093521354954,3.6960450531195637,7.951890839123381,53.119421511708026,0,2026-09-07 10:52:32
2026-09-06 18:44:00,CNC-01,L,299.19045008208246,312.52672908222416,2358.193474931454,27.304156609447205,83.03945179050082,3.038415657550818,11.888724659405648,52.98641079859357,0,2026-09-07 10:52:32
2026-09-06 22:55:00,CNC-03,H,299.8189723377489,312.2854901202942,2599.34084212316,18.705185618030697,17.200303299890702,3.1393552281429002,8.990445108309316,52.716405341913756,0,2026-09-07 10:52:32
2026-09-06 13:03:00,CNC-01,L,24.05929942005099,37.92609181173884,1376.614867911764,51.07675675938628,9.509104621595172,2.037302075788638,13.135959815238609,58.83282413742211,0,2026-09-07 10:52:32
2026-09-06 11:47:00,CNC-02,M,296.5363888590921,310.57514305411604,1386.0093036589594,48.76116731117644,106.53180496694213,2.1404349373622105,12.160317768930415,57.794008186975844,0,2026-09-07 10:52:32
2026-09-07 06:11:00,CNC-02,M,295.5497088115625,309.665433679963,2027.5484630015926,33.15555188738083,119.90828159990079,2.7894156897287306,12.524073650785866,58.32814914391714,0,2026-09-07 10:52:32
2026-09-07 03:07:00,CNC-03,H,297.97151444612723,310.66982491901166,2501.775568446939,21.67668254500019,61.633568973503216,3.0760130747145995,9.855146067070336,57.71403531520211,0,2026-09-07 10:52:32
2026-09-06 15:42:00,CNC-03,H,299.68710105969467,313.19562003027085,1506.207415821853,45.041588592269974,3.013295335949734,2.152818801140096,12.655023666891767,56.15257335394173,0,2026-09-07 10:52:32
2026-09-07 05:12:00,CNC-02,M,295.86586381924224,308.61262121696365,2249.8315059825686,23.25280463307123,42.66684039147132,2.812612479124958,9.645738338661884,56.88191961378649,0,2026-09-07 10:52:32
2026-09-06 20:01:00,CNC-03,H,300.2746746887133,313.97470768582883,2281.9974818628934,28.10687476219364,82.54036149532278,2.9095777101208378,12.128307777369347,49.86265484419803,0,2026-09-07 10:52:32
2026-09-06 10:58:00,CNC-02,M,296.6616729347535,310.26153457476494,1393.0704856896225,47.19729195454525,28.94389459646315,2.0470846833976726,12.166696012478274,61.295439169753685,0,2026-09-07 10:52:32
2026-09-06 18:51:00,CNC-01,L,299.19169665637554,312.9785909328896,2084.3547956173056,30.80451769356947,91.95958463975883,27.389014700433766,12.127496634721606,56.34404637361634,0,2026-09-07 10:52:32
2026-09-06 19:22:00,CNC-03,H,300.67445815138024,312.981337558654,2225.856440571868,21.96729397444405,35.20289412234565,2.833556358441537,9.306748109097288,49.27835665865615,0,2026-09-07 10:52:32
2026-09-07 01:38:00,CNC-01,L,297.3953573129869,310.4514762237339,2629.2280402936835,20.628854150502836,116.76980391211697,3.23448992320444,,51.278007246877515,0,2026-09-07 10:52:32
2026-09-06 21:32:00,CNC-03,H,300.1371903350882,312.5638347690557,2625.6576078476405,15.944896325269951,186.99628120982854,3.5780691245596756,7.7283313258727455,52.375620577312006,0,2026-09-07 10:52:32
2026-09-06 14:51:00,CNC-03,H,298.91681054085245,313.29779595517726,1604.8663171142719,43.20626317205286,157.55620027636826,2.5309745507676156,12.643206265419908,56.48684926960223,0,2026-09-07 10:52:32
2026-09-07 10:03:00,CNC-03,H,296.765405542256,311.87094978250576,1468.1627553069093,54.066803415238745,171.9566377538449,2.397990429205372,14.598047796037145,63.63146671649579,0,2026-09-07 10:52:32
2026-09-07 06:54:00,CNC-01,L,295.61594667812625,310.0303222731456,1861.7197004784496,41.49698730333627,67.02357606488533,2.5599115330023006,14.23689806143878,56.38045881220535,0,2026-09-07 10:52:32
2026-09-06 14:46:00,CNC-02,M,298.2295493041995,312.91916648207376,1662.5944856441945,45.54429600786599,146.0296084891227,2.5181319381634477,14.120840134698103,53.17605831578274,0,2026-09-07 10:52:32
2026-09-06 14:12:00,CNC-01,L,297.89934421539556,312.1465223819363,1403.1644695009818,48.43872183593346,117.70446387674991,2.3495489068243502,12.424682304374892,56.166305886114806,0,2026-09-07 10:52:32
2026-09-07 08:51:00,CNC-02,M,295.29799874865097,310.22919229332445,1640.6542270215868,43.99052396867579,118.01014693088248,2.37685013012379,13.669253885196511,59.224917301777566,0,2026-09-07 10:52:32
2026-09-06 21:28:00,CNC-01,L,299.6462140479522,312.2170620680179,2576.749751747442,19.12258196018223,44.36928251643994,3.091857964183732,9.029859270316381,51.93457050585007,0,2026-09-07 10:52:32
2026-09-06 11:43:00,CNC-03,H,297.0069014618219,311.2599949225356,1393.0315607450812,51.23912684927162,109.35893944300105,2.1827526016897236,13.212222774077368,55.51303107060332,0,2026-09-07 10:52:32
2026-09-07 09:04:00,CNC-01,L,294.88200860848656,309.01937110289504,42395.392576743005,45.321921228763,,2.2527458715431568,12.98715727377789,63.77950628079867,0,2026-09-07 10:52:32
2026-09-07 06:54:00,CNC-02,M,295.7072379098429,310.6292721005244,1846.57913605965,39.189624275306834,178.82688259763052,2.9289145044082034,13.590400632979053,61.55556430214787,0,2026-09-07 10:52:32
2026-09-06 17:18:00,CNC-02,M,299.56413895424885,314.80585111726595,1891.9480212653912,42.1133782185313,157.05686441118516,2.784382636105036,14.959426004039665,53.53907770786505,0,2026-09-07 10:52:32
2026-09-06 20:44:00,CNC-03,H,27.264399240858324,779.4561940245875,2441.907223079606,27.71948577346081,133.00491544135494,3.106089670312616,12.639138428504229,51.101951896529556,0,2026-09-07 10:52:32
2026-09-07 02:58:00,CNC-02,M,296.7845761821661,309.2326182298377,2608.5887611522485,16.79316573210358,108.14243097652314,3.30471296476755,8.085677060553861,61.27735044563625,0,2026-09-07 10:52:32
2026-09-06 13:55:49,CNC-01,L,297.73047469699804,312.09034405196394,1546.6789529865646,46.797360283558646,94.33153335278715,2.308847187958472,13.535628787127893,59.05958330472726,0,2026-09-07 10:52:32
2026-09-06 20:07:00,CNC-03,H,27.3296409217092,40.27250550521859,2448.7106507689227,22.329154367355827,89.67354373839983,29.687734174995416,10.193581366828807,51.42614671920206,0,2026-09-07 10:52:32
2026-09-06 18:37:00,CNC-02,M,299.483950787881,313.1787696665667,2179.4912114296985,29.64338066422874,44.12901545496759,2.735382060723453,12.091273887644752,50.88414172118164,0,2026-09-07 10:52:32
2026-09-07 10:47:00,CNC-02,M,295.24629517130467,309.66550319658717,1421.6609783056394,50.74284406163117,58.26088268241282,20.23954832274278,13.461421139029296,60.014850940951526,0,2026-09-07 10:52:32
2026-09-06 20:23:00,CNC-03,H,26.949303185697772,39.955121183137805,2499.1120899495513,20.999977279536537,108.51509777646146,3.1895264129591387,9.878023499543952,53.9889961206877,0,2026-09-07 10:52:32
2026-09-07 03:49:00,CNC-03,H,297.7497720203681,311.2290457021024,2422.719265271903,25.712120220772434,110.40076390757523,3.0948434406037415,11.618945440239337,56.134879784830666,0,2026-09-07 10:52:32
2026-09-06 10:59:00,CNC-01,L,296.71963338785895,310.69468721517666,1316.6380864598898,53.48226895289668,52.655822754439896,2.0115339308726563,13.007105611009932,54.4407479745175,0,2026-09-07 10:52:32
2026-09-06 13:19:00,CNC-01,L,24.280699407538407,38.616758222951034,1433.2482010631757,52.72488011290064,34.74572587868803,2.1291547389948184,14.134591320450374,57.07164639159594,0,2026-09-07 10:52:32
2026-09-07 08:55:00,CNC-03,H,296.5567331422813,310.65154640558734,1491.8995683280532,48.25248162383721,67.10212054953857,2.1152091708636656,13.279649425975622,54.03081704441818,0,2026-09-07 10:52:32
2026-09-07 08:40:00,CNC-01,L,300.5422292549975,308.0579128847551,1583.0789623093701,43.19216670495384,22.407214179794178,2.242759146390143,12.900797016449907,50.30384566604216,0,2026-09-07 10:52:32
2026-09-06 18:07:00,CNC-03,H,300.3225752500377,315.5237641440602,2078.006691028758,37.758481109935246,206.9735178131393,3.150892408880592,14.698498170630712,53.16833641402939,0,2026-09-07 10:52:32
2026-09-07 04:48:00,CNC-02,M,296.009368329516,309.06245639180054,2268.743218989058,25.342206553780713,12.424387785709119,2.851460023639662,10.780516835408921,61.17062628758102,0,2026-09-07 10:52:32
2026-09-07 00:44:00,CNC-03,H,299.66043060108194,312.65062537528604,2734.0129616169374,18.552908048281658,133.0376354780306,3.4033879805052885,9.455703226969543,54.8199683815834,0,2026-09-07 10:52:32
2026-09-06 20:10:00,CNC-02,M,26.614449757072407,41.01167950051001,2312.894080388213,29.123389148492766,158.53524491116443,3.2040218965219585,12.583486689477377,54.22609844656765,0,2026-09-07 10:52:32
2026-09-06 20:39:00,CNC-03,H,27.54263457867495,41.23022457705707,2496.9289471874004,25.59423074636639,127.18644766667705,3.1617125124202174,11.970441906664968,47.15067400454315,0,2026-09-07 10:52:32
2026-09-06 19:02:00,CNC-01,L,299.5841806773223,313.3021838606006,2210.7504798359137,28.813829984847754,105.89477612737429,2.920398922801916,11.984880428042853,48.76290922018507,0,2026-09-07 10:52:32
2026-09-06 15:15:00,CNC-03,H,299.0716491848494,314.28547085019176,1537.4629446443628,50.80470116615255,194.2758882824176,2.6126746160563097,14.45170901339069,48.03752253115085,0,2026-09-07 10:52:32
2026-09-06 13:56:00,CNC-02,M,297.6519423965921,311.77875012268896,1374.1509793702273,50.64443140808112,68.8597591833405,1.989791773731068,12.953165786403854,56.72653761225691,0,2026-09-07 10:52:32
2026-09-07 05:22:00,CNC-02,M,295.4786847523608,308.9249219939789,2140.195381193107,26.975359881777898,55.440325510382685,2.683298730504832,10.864613594878088,60.050643069801886,0,2026-09-07 10:52:32
2026-09-06 12:45:00,CNC-02,M,24.000453120726263,38.87273389212987,1427.1973759276434,51.54318165765396,198.53977819840946,2.672698731067342,13.790084843642946,57.25269350152996,0,2026-09-07 10:52:32
2026-09-06 23:24:00,CNC-02,M,299.2233245020096,311.8780848948768,2679.0944988247293,17.039252822718343,117.2997356546335,3.263560703184693,8.7436607956783,53.81982414963197,0,2026-09-07 10:52:32
2026-09-06 19:14:00,CNC-01,L,299.526160828621,313.1865502986077,2331.689162980822,27.95895467316709,121.0476897828023,2.972119548879854,12.164275224609295,51.53004055306387,0,2026-09-07 10:52:32
2026-09-06 14:54:00,CNC-01,L,298.1396726975557,312.649603882975,1456.8335776812369,49.25586910855735,182.27635529016192,2.599562767727343,13.021843131612302,50.31255659634372,0,2026-09-07 10:52:32
2026-09-07 06:09:00,CNC-02,M,295.62331774112664,310.20663733457326,1988.9699286726734,34.66328830058787,117.19641555596003,2.7395045506504365,12.902986216840256,58.67520910599249,0,2026-09-07 10:52:32
2026-09-06 11:42:00,CNC-02,M,296.6235872765341,310.5272960977659,1378.027976309845,50.27833521908667,98.6639502318567,2.0816819961902975,12.873593137030145,59.960144543982835,0,2026-09-07 10:52:32
2026-09-06 20:18:00,CNC-02,M,26.587426725956163,40.651075126063176,2388.3889211486608,27.82623888931458,167.85855233734313,3.3543751361389615,12.506498217069016,54.5067891025689,0,2026-09-07 10:52:32
2026-09-06 19:17:00,CNC-02,M,299.54702198536467,313.21462949828026,2211.0795899503078,29.151042289189046,94.36084912768666,2.7807884723282856,12.224493834045001,53.65319890678675,0,2026-09-07 10:52:32
2026-09-06 22:12:00,CNC-02,M,299.2476856802729,310.7369427335163,2769.3586830129643,13.595912564593135,39.57335026120303,3.325862575795005,6.909510984142844,54.46258322700213,0,2026-09-07 10:52:32
2026-09-07 07:14:00,CNC-02,M,295.62769230907986,310.4330239901724,1695.238093172553,41.303665666976784,206.9702701658232,3.081953661596325,12.907276705213325,57.727844412261206,0,2026-09-07 10:52:32
2026-09-06 17:12:00,CNC-03,H,299.7949954775735,314.6139393514596,1937.3936855951058,39.283119419537954,132.21396732295267,2.6642930534205687,14.45743118283128,50.373987865867846,0,2026-09-07 10:52:32
2026-09-06 15:19:00,CNC-03,H,299.2061209373833,314.2501176824088,1662.485488826703,46.567346744178515,200.20068585369722,28.12666843259494,14.728661247718772,51.92603298992941,0,2026-09-07 10:52:32
2026-09-06 20:28:00,CNC-03,H,27.254919954864818,39.91597574581516,2474.0576924654597,20.243432485027846,114.30220920381294,3.1081750140731232,9.23102208115346,51.9430808990771,0,2026-09-07 10:52:32
2026-09-07 09:30:00,CNC-02,M,295.0231650666423,310.25868763121684,1686.8325476736838,46.23428576480684,177.67802999878924,2.716751498628696,14.480633805923521,60.55173306124937,0,2026-09-07 10:52:32
2026-09-07 07:45:00,CNC-02,M,295.66316368785044,309.5940061069558,1663.7094082564467,40.639894076563024,20.262923574590417,2.29128098677367,12.55783211166063,58.10916896832197,0,2026-09-07 10:52:32
2026-09-07 07:53:00,CNC-02,M,295.4909162218174,310.04580455762624,1881.6568227031435,40.75890509126415,31.97193982848644,2.5345217327206164,14.41680475212189,64.11018153274705,0,2026-09-07 10:52:32
2026-09-07 07:57:00,CNC-01,L,300.4713325901238,309.3069343037958,1654.4145573503688,46.119322759268414,157.33179116601193,26.484464795140596,14.26180419327922,48.10025434176305,0,2026-09-07 10:52:32
2026-09-06 15:52:00,CNC-02,M,298.92890556136,313.25348274518393,1586.1555456102774,45.77347528391903,33.947095321922,2.203604432363829,13.406137601571398,53.49254396694039,0,2026-09-07 10:52:32
2026-09-06 18:04:00,CNC-03,H,300.4302507961814,315.0523227831058,2067.853101076172,36.29244860047778,202.98986521298048,3.248760481003963,13.927355699509734,51.297666791344085,0,2026-09-07 10:52:32
2026-09-06 21:29:00,CNC-03,H,300.14166344525864,314.1637422469956,2642.1120964636284,24.84201580437572,183.65443004105362,3.5731704251709324,12.262225739734964,47.040984593527256,0,2026-09-07 10:52:32
2026-09-07 02:15:00,CNC-02,M,297.66095497761046,308.9387047928123,2741.0154611737194,11.389711554700678,59.663788615903364,3.1985000349105763,5.786664589602935,53.78465592317211,1,2026-09-07 10:52:32
2026-09-07 09:10:00,CNC-03,H,296.55419972286626,310.7463771659126,1426.6556015879682,48.329842871298744,89.97536879873094,2.0836552639776076,12.937881488293117,51.317785544745014,0,2026-09-07 10:52:32
2026-09-07 04:31:00,CNC-03,H,297.5814890276057,311.24203566402855,2347.641993410065,25.905987200524095,161.37174949551036,31.113047269952535,11.227730631154866,55.05196173446648,0,2026-09-07 10:52:32
2026-09-06 14:37:00,CNC-02,M,298.4273727637996,312.680711603793,1389.5039309695578,50.48398888815248,132.3584729809835,2.262571460741393,13.215789340171886,56.364850455930494,0,2026-09-07 10:52:32
2026-09-07 08:07:44,CNC-01,L,300.6547360925704,309.48943090424086,1647.523240102878,44.86053444603654,175.02607804393065,,13.741555083419124,49.10898595625489,0,2026-09-07 10:52:32
2026-09-07 03:33:00,CNC-02,M,296.25077542723136,310.2748787154186,2413.0146874915336,25.594748356874273,148.4423602748821,3.272166073246221,11.306074825348624,56.96865965843204,0,2026-09-07 10:52:32
2026-09-07 00:48:00,CNC-02,M,298.3481425212894,311.32240166012383,2697.851583985765,17.00293218877176,206.63650060646412,3.848791328532898,8.549258882901913,56.85778741524905,0,2026-09-07 10:52:32
2026-09-06 15:58:00,CNC-01,L,298.7765788066382,312.9342411987472,1768.523821430784,39.32614190278836,73.22534620610107,2.5658202879779366,12.991802880484924,56.494037772287776,0,2026-09-07 10:52:32
2026-09-06 21:27:00,CNC-01,L,299.19773044519974,311.52404637207854,2492.5935953554786,20.03409813625453,43.277189356536766,3.018242645457332,9.32442355359382,57.899859446778514,0,2026-09-07 10:52:32
2026-09-06 22:04:00,CNC-03,H,300.2032510446032,313.5557157392976,2722.961371125173,,222.18921047991944,4.00443027059938,9.714964627616906,49.876106327231845,0,2026-09-07 10:52:32
2026-09-06 19:18:00,CNC-03,H,300.672507952588,313.4537909046272,2316.4925145094003,24.138268656552366,30.224436055479988,2.826148483176839,10.483814582706232,49.37130148952564,0,2026-09-07 10:52:32
2026-09-07 01:12:37,CNC-02,M,298.1564360662259,311.7127982650993,2827.3400058848874,18.86198573347999,234.29605868890184,4.259811145752816,10.126819780906622,58.216170036517134,0,2026-09-07 10:52:32
2026-09-06 18:08:00,CNC-02,M,299.5407505361817,311.8461679581532,1969.7175393743285,26.40338402953071,6.570621909949385,2.5998713287589648,9.871419210960882,55.7605538828054,0,2026-09-07 10:52:32
2026-09-06 13:27:00,CNC-01,L,24.407452216898378,38.32076356381805,1380.2023331392686,51.0972781756601,47.469936825076516,2.1433370442361457,13.144534866585014,57.486878030438795,0,2026-09-07 10:52:32
2026-09-07 09:49:00,CNC-03,H,296.89170887207683,311.0168401395145,1355.4528055481314,50.86371908898938,150.0492543179388,2.158494711654307,12.528207410796671,55.757810476226425,0,2026-09-07 10:52:32
2026-09-06 20:35:00,CNC-03,H,27.30564109395482,40.44117057481458,2537.3442292055156,22.789458003477684,122.43947956006001,3.25134054819043,10.8787850080764,55.2565645379182,0,2026-09-07 10:52:32
2026-09-07 05:45:00,CNC-01,L,295.50231207848265,310.0105081305002,1959.8309401705053,37.50338728617725,181.3220545534761,3.2285561026909257,13.976802882914178,54.75539755336679,0,2026-09-07 10:52:32
2026-09-06 16:44:00,CNC-01,L,299.05953402672657,313.8685598108032,1826.969079124182,41.102445231361145,139.38410900881922,2.6857810072448918,14.255077680409713,54.33591155236781,0,2026-09-07 10:52:32
2026-09-07 03:37:00,CNC-01,L,296.6762919925303,308.0194249114696,2580.6351533752954,14.366080224708105,21.969670555368236,3.071740497455924,6.806096747555963,57.38995506103781,0,2026-09-07 10:52:32
2026-09-07 02:40:00,CNC-02,M,296.84159845566603,309.123579734932,2734.410616388065,14.75269562571258,87.88962260013632,3.3445443666491474,7.633533916846439,58.95398756217518,0,2026-09-07 10:52:32
2026-09-06 16:46:00,CNC-01,L,299.11723915413864,313.99220921932795,1804.1122308275242,41.22318541271857,142.25542416780587,2.792473785098345,13.960625921582192,54.70437401192246,0,2026-09-07 10:52:32
2026-09-07 08:16:00,CNC-03,H,296.5833496673254,310.0524943335064,1641.0172794946484,40.893947888494935,8.926921744236646,2.2748274395646013,12.722044978631235,59.26338228804966,0,2026-09-07 10:52:32
2026-09-06 14:38:00,CNC-01,L,297.989287337544,312.8212592362921,1526.2653433539417,51.62337772588715,157.85635637289298,2.59973299656887,14.89382448953799,54.59632347697204,0,2026-09-07 10:52:32
2026-09-06 20:11:00,CNC-03,H,27.10980208208673,40.77192822997978,2339.8872896425382,27.712692876370443,94.50841182746392,2.9788596906908467,12.151427404327034,54.94644282016221,0,2026-09-07 10:52:32
2026-09-07 01:32:00,CNC-02,M,298.13539172787387,310.73397080512865,2646.3490713488823,18.455851010470482,12.797365685032203,3.143754149217297,9.163401125118009,50.59816537862397,0,2026-09-07 10:52:32
2026-09-07 00:47:00,CNC-02,M,298.2134960119206,311.35098322287706,2584.369140929013,19.598961478866833,205.58317756612473,3.7915616339395104,9.516841250432737,56.70729847516052,1,2026-09-07 10:52:32
2026-09-07 10:10:00,CNC-03,H,296.9430405209437,,1438.1885770789086,49.17897504862011,182.84091710264877,2.4964368890922666,13.238263182124124,54.713334841002236,0,2026-09-07 10:52:32
2026-09-07 10:41:00,CNC-01,L,294.53726864743527,309.6058109212443,1498.5558371350066,50.8874519000323,0.0,3.1885942783095347,14.440097577322083,63.25861342270416,0,2026-09-07 10:52:32
2026-09-06 11:46:00,CNC-03,H,297.0877819839222,311.0506869991377,1353.141013653126,51.99243339768858,114.15893944300103,2.1082705362652816,13.48359639965025,61.335025154864724,0,2026-09-07 10:52:32
2026-09-06 16:45:53,CNC-03,H,299.75525511947404,314.2284739758917,1741.259211869934,43.20947033359456,94.41401415087596,2.4182207922315175,13.913336742773232,45.79633138033171,0,2026-09-07 10:52:32
2026-09-06 21:56:00,CNC-03,H,300.21450834912457,313.7847072022643,2603.172193737284,22.734147515596,213.63530741818747,3.7322296715048884,10.914394294075223,52.49277694307627,0,2026-09-07 10:52:32
2026-09-07 10:24:00,CNC-01,L,294.81418503458514,309.73135519805186,1546.9182587053965,49.07193841113387,183.30152301381466,2.731684733765146,14.316840281913132,58.10288021045244,0,2026-09-07 10:52:32
2026-09-06 23:56:00,CNC-01,L,298.69018377527664,308.8119910961477,2718.5220991259894,7.728182380847118,7.477519429923282,3.2135510706087773,3.5800264398379484,51.185324235643364,1,2026-09-07 10:52:32
2026-09-06 11:09:00,CNC-03,H,296.7576635517427,310.82037248479634,1465.0884309412068,48.29739514566542,55.38506022993943,2.175751068435904,13.254812266519775,57.36140221705694,0,2026-09-07 10:52:32
2026-09-06 21:47:00,CNC-01,L,299.3195667916716,311.95205736217486,2515.636578534395,21.000966669194447,65.48594896364997,3.080451977059309,9.873766967230987,50.675533468713574,0,2026-09-07 10:52:32
2026-09-07 06:42:00,CNC-02,M,295.37568512234265,310.741727607808,1720.6412388648423,46.72666434453048,162.18364079270904,2.6607729577737302,14.872414560701616,61.965784294060896,0,2026-09-07 10:52:32
2026-09-07 00:23:00,CNC-02,M,298.56621950759165,311.3847241307193,2692.177534229533,16.136987218493815,180.26697415805552,3.689888182096039,8.181369764887688,50.40376226185426,0,2026-09-07 10:52:32
2026-09-07 01:23:00,CNC-02,M,297.92207005930953,309.27512323792234,2840.3237744292464,13.28049605864916,3.1603618596409655,3.3736181776761156,7.202033924671012,51.77462343184773,0,2026-09-07 10:52:32
2026-09-07 04:41:00,CNC-02,M,295.79447567871983,309.6207801920963,2143.13894626161,30.58862444776436,3.7003494684585654,2.7723961454948496,11.99068130093741,62.79835321930008,0,2026-09-07 10:52:32
2026-09-06 14:20:00,CNC-03,H,298.7330220679013,313.0054547608433,1540.7724233455526,46.41907277644901,109.97941563125171,2.3203816588389374,13.39970233300747,51.36303189299243,0,2026-09-07 10:52:32
2026-09-06 23:06:00,CNC-02,M,299.29244073448365,311.316252773827,2726.2961278518233,14.337633363846923,98.06360126444882,3.253758323343649,7.346979038302678,49.07588369098843,0,2026-09-07 10:52:32
2026-09-07 02:43:00,CNC-03,H,298.2703048710595,310.3892444324223,2610.9252113247044,17.18549356040598,34.398859419023964,3.043955892409717,8.349486433824168,51.64145820388002,0,2026-09-07 10:52:32
2026-09-06 12:08:00,CNC-01,L,296.9523067964509,311.31340675437366,1381.489482412897,49.959709904627,161.77348993998234,2.4318145526787367,12.70935137737424,55.06128950599843,0,2026-09-07 10:52:32
2026-09-06 15:48:00,CNC-01,L,298.7453482095723,312.98964111257146,1668.4265774540677,43.44804221802481,58.61843963419961,2.361412030119513,13.689176756461615,61.90766666691637,0,2026-09-07 10:52:32
2026-09-07 00:11:32,CNC-01,L,298.4057038291459,309.6469150454102,2712.075217840668,13.062325591965102,24.53562317093312,3.1018265162330616,6.600697230306881,52.934397155113274,0,2026-09-07 10:52:32
2026-09-06 15:18:00,CNC-01,L,298.49363726706406,312.1591813486508,1599.3008150278786,43.9235060515296,13.61307629912149,2.3404221528641713,13.162955330490346,54.89538356673653,0,2026-09-07 10:52:32
2026-09-07 05:44:00,CNC-01,L,295.48595636735473,309.6282639341991,2278.774295283376,28.51610974179893,179.97036762558238,3.3003675183642054,12.219558045471588,59.97075481851361,0,2026-09-07 10:52:32
2026-09-07 04:31:00,CNC-02,M,296.0076684217453,310.95531819643463,2175.211554160012,33.47692169766816,217.89018144515535,3.588185198212551,13.627330977229368,58.95571634062244,0,2026-09-07 10:52:32
2026-09-06 20:57:00,CNC-01,L,26.370374217480276,38.93457409261197,2585.4213783968084,21.599294977223238,9.212021278412582,3.0513923828381335,10.3863966388297,52.02354004639195,0,2026-09-07 10:52:32
2026-09-07 02:09:00,CNC-03,H,298.879923222075,311.6950455459406,2722.209906367208,17.230701089224628,225.0439136908919,3.956398216396594,8.77712960359209,53.593744072142286,0,2026-09-07 10:52:32
2026-09-06 19:09:00,CNC-01,L,299.6305041263372,313.1653278197093,2393.20691791775,23.711740771508996,114.79076920253776,3.193467542917311,10.551262040330608,51.75067157359777,0,2026-09-07 10:52:32
2026-09-07 08:47:00,CNC-01,L,295.02583982903394,308.76337622358864,1399.0510583803582,48.68243496159711,33.0310643416004,2.0727488879783227,12.72877747754854,57.139877072807316,0,2026-09-07 10:52:32
2026-09-06 18:37:00,CNC-03,H,306.0253958948864,315.6896144735875,2125.8490632515086,38.11090396570808,245.92802474248072,3.723281509212267,15.246064549297287,44.19191728111628,0,2026-09-07 10:52:32
2026-09-06 14:32:00,CNC-03,H,299.0236641753173,313.21240991100154,1500.8922382704297,46.98736101029471,128.29331238269933,2.1705592399431057,13.044701403076708,53.194673455198995,0,2026-09-07 10:52:32
2026-09-07 07:48:00,CNC-02,M,295.34024410820973,309.92145578419445,1740.045205791828,42.90960795372598,24.57608188925608,,14.177479231109835,61.006655173169214,0,2026-09-07 10:52:32
2026-09-07 00:00:00,CNC-02,M,298.76359942252856,312.32436940204167,2502.8198268184888,22.909915568795963,155.62494815498764,3.3970943847310364,10.648714283988888,53.411534632808575,0,2026-09-07 10:52:32
2026-09-07 01:49:00,CNC-02,M,297.8452464992923,310.2911724158087,2707.162003966747,17.53318089888804,31.128408723868418,3.207301763920946,8.773740189246132,60.79508786547065,0,2026-09-07 10:52:32
2026-09-07 02:25:00,CNC-02,M,297.2094640866203,311.05845445692455,2396.1247113729514,27.47028887192284,71.01547628507596,2.959692001959709,12.481730356491177,56.258796642286235,0,2026-09-07 10:52:32
2026-09-06 20:37:00,CNC-01,L,,40.85847746738034,2455.0175656257757,27.032150005893993,220.72583503648357,4.136308180043723,12.527554170355005,51.361065038046185,0,2026-09-07 10:52:32
2026-09-07 05:14:00,CNC-01,L,295.7637415149285,309.74499853985174,2137.927415510521,30.552453607281933,140.96870299346543,3.084053217690245,12.32614073077166,62.18330323494197,0,2026-09-07 10:52:32
2026-09-06 21:58:00,CNC-03,H,299.94803650147475,313.2765191053335,2702.9843777720193,19.413102118304256,215.7932408116829,3.825173801821604,9.873656674453484,48.97888694886328,0,2026-09-07 10:52:32
2026-09-07 08:31:00,CNC-02,M,295.1697900039352,309.98958478892035,1679.5556727559506,44.11017342342866,87.95315896048045,2.2843761628561765,13.794097667580926,65.85057228789536,0,2026-09-07 10:52:32
2026-09-06 17:04:00,CNC-01,L,298.9636687624482,313.1892096432015,1867.0361150783544,37.107598553568714,167.38552416763756,2.9604606030559037,13.237957734991104,51.817601212700914,0,2026-09-07 10:52:32
2026-09-06 21:43:00,CNC-03,H,300.2683960604984,313.6122592101441,2485.516084856156,21.755006439145248,199.27821399878002,3.5387538848209585,9.973825410289097,49.295685168338736,0,2026-09-07 10:52:32
2026-09-06 18:22:00,CNC-01,L,299.3163192016234,312.4636691024625,2091.110048448365,30.017968336930462,54.583476516085284,2.7333483554737343,11.828877729662514,53.82927268487737,0,2026-09-07 10:52:32
2026-09-07 10:36:00,CNC-01,L,294.7288775576337,309.5423453200262,1342.039098165283,54.665137326021416,202.17970592687337,2.786116879047238,13.71516663678553,59.14093095948423,1,2026-09-07 10:52:32
2026-09-06 14:04:00,CNC-02,M,297.93927092585636,312.27428521070465,1466.6967233861828,50.71461071835802,81.3290484029151,2.0749787219118625,13.742588945679993,51.40129112665129,0,2026-09-07 10:52:32
2026-09-07 05:10:00,CNC-01,L,295.8147491929233,309.7423285209838,2137.5055069410637,30.632544439979768,135.88563241324906,2.926088546206548,12.197897411269372,63.393581606946725,0,2026-09-07 10:52:32
2026-09-07 06:57:00,CNC-03,H,296.4456034285948,310.88088608709626,2016.195354347485,36.32226040632599,112.83483764468906,2.718286046250699,13.674347555872318,62.26008856943209,0,2026-09-07 10:52:32
2026-09-07 09:28:00,CNC-03,H,296.69456080350176,311.47198890460425,1590.7559611398178,49.28466925193723,117.57659327629356,2.283216507740056,565.1079995263764,50.68888953224432,0,2026-09-07 10:52:32
2026-09-07 03:19:00,CNC-01,L,296.846697127068,307.8500231803976,2596.6783560062813,13.771564340241301,1.1263888611309434,3.1287470472846763,6.5471728723571445,57.36419651241964,0,2026-09-07 10:52:32
2026-09-06 21:51:00,CNC-03,H,300.1023090622882,313.23249977317244,2712.974988582167,19.321524723124117,208.12736417331095,3.765950069381972,9.799438566382893,53.85146218982009,0,2026-09-07 10:52:32
2026-09-06 23:10:00,CNC-01,L,298.4588667218085,311.6788854472308,2659.8352545651233,20.643628660584817,155.4922544169415,3.5433751525268846,10.32830044592906,53.4088588782676,0,2026-09-07 10:52:32
2026-09-06 11:19:00,CNC-01,L,296.3453063821713,311.02181069539665,1540.880987354991,49.2804776504355,84.27515192867183,2.299121309994595,14.015847961816167,58.76496806594551,0,2026-09-07 10:52:32
2026-09-06 13:58:00,CNC-01,L,297.74040811345304,311.9413621669465,1682.1085437639501,41.2211364830819,95.826572649448,2.396654063927148,12.833452423725284,56.24843973889041,0,2026-09-07 10:52:32
2026-09-06 10:55:00,CNC-03,H,296.68023833377384,310.9004075222792,1335.9585534534413,53.0364835824312,33.29963878965734,1.9036715351461861,13.354963086916248,53.90347542186561,0,2026-09-07 10:52:32
2026-09-07 09:26:00,CNC-01,L,294.63158721587547,309.19453756329807,1378.8854700450495,53.4295723185445,92.8289736919945,2.075109943941216,13.847810632199401,60.03464226018705,0,2026-09-07 10:52:32
2026-09-06 14:18:00,CNC-01,L,297.85931599508825,312.16356417194,1464.6679111043134,47.846973455719166,127.03347886644437,2.1827251091367352,13.1205573789848,54.116520986907815,0,2026-09-07 10:52:32
2026-09-07 03:55:00,CNC-03,H,297.8366320281773,310.3808578607169,2513.101182951406,18.849639382913782,117.49386564835406,3.159901200541607,9.128241766307436,59.420166560550726,0,2026-09-07 10:52:32
2026-09-06 13:33:00,CNC-03,H,25.338689932578916,38.96866352323872,1331.4037746338283,52.17116514358902,36.2308195843966,2.0589573419850935,12.952919564136847,52.924910248514045,0,2026-09-07 10:52:32
2026-09-07 05:57:00,CNC-01,L,295.249101377405,309.67653607448983,2102.1027325438795,32.02529747978177,197.19874652835114,3.531121315491879,12.561188615976134,60.60709945406325,0,2026-09-07 10:52:32
2026-09-07 06:42:00,CNC-03,H,296.8915840276264,310.89426579728763,1897.4894857908848,37.41395980236444,92.2797231019728,2.4786732196706023,13.373835232533239,62.00985762175182,0,2026-09-07 10:52:32
2026-09-07 08:07:00,CNC-02,M,295.25177353277115,309.71698174018667,1657.5137748041652,43.55366697703167,52.60619777612759,2.2993854796983553,13.488868709929873,57.121510249993506,0,2026-09-07 10:52:32
2026-09-06 23:08:00,CNC-02,M,299.03234049292274,311.1626159479778,2779.6892550719604,14.840768871861435,100.19526146248727,3.3525812327899587,7.6220781693223865,54.21923844424242,0,2026-09-07 10:52:32
2026-09-06 11:15:00,CNC-01,L,296.4400054524782,310.734381680742,1498.7371268798029,49.447094239364255,77.95693836174941,2.0912646827136334,13.80186659406998,60.26217301987974,0,2026-09-07 10:52:32
2026-09-06 13:53:00,CNC-01,L,297.84871880975663,312.06165873726417,1494.213029980767,48.52290510593409,88.16463359440624,2.139769303688805,13.79842888677505,49.641455382184276,0,2026-09-07 10:52:32
2026-09-06 12:24:00,CNC-03,H,297.45363057733493,312.1181590793907,1386.4390204581453,53.236006343649166,174.56285968974882,2.390422486900556,13.845304400221618,60.15552371729271,0,2026-09-07 10:52:32
2026-09-07 09:38:00,CNC-01,L,294.9028335412028,309.267680394232,1460.5424300997959,48.52569232646889,111.45586312891687,2.3089350890634326,13.49780967889052,64.15028367444236,0,2026-09-07 10:52:32
2026-09-06 15:03:00,CNC-01,L,298.0281506462381,312.96825692452467,1533.8021903693852,49.190246081064906,195.97992332380394,2.84510224080128,14.09806046911495,57.130224698229036,0,2026-09-07 10:52:32
2026-09-07 00:07:00,CNC-03,H,300.089859974104,311.6030234081013,2838.9705685911695,12.264213833939682,93.71010365623793,3.385705779458251,6.476228898924119,55.465570525411195,0,2026-09-07 10:52:32
2026-09-06 22:13:00,CNC-03,H,300.1928851257964,,2746.561649093941,17.49567297039679,231.86578605180893,4.08766396320871,8.821403524488288,50.082851496722164,0,2026-09-07 10:52:32
2026-09-06 17:59:00,CNC-03,H,300.3571712202262,315.7408058201662,1956.3744230102052,40.77799654746151,196.26123601197108,2.985320471512843,14.903793387951946,49.84287963385319,0,2026-09-07 10:52:32
2026-09-07 10:19:00,CNC-02,M,295.3577841812194,309.83807185976445,1523.9530860823056,48.1808846718541,14.058222536169648,2.263441067608141,13.772102160218711,60.573475352493155,0,2026-09-07 10:52:32
2026-09-06 19:34:00,CNC-03,H,300.6400968033651,313.2179417942685,2448.781253379802,21.086054304583868,49.85739036336907,3.021248174297885,9.766871836957941,49.378890243738375,0,2026-09-07 10:52:32
2026-09-07 08:31:00,CNC-03,H,296.75442314671153,310.59368744592166,1630.574743593239,41.90436221755204,30.956927542493876,2.230814347944099,12.849892494765154,56.77394934914455,0,2026-09-07 10:52:32
2026-09-06 13:26:00,CNC-01,L,24.39764834518354,723.8889518049965,1474.4668103447502,49.83517688914276,45.869936825076515,2.035939346165636,13.679024309531863,55.35767758620502,0,2026-09-07 10:52:32
2026-09-07 08:41:00,CNC-03,H,296.68652529410815,311.3050190394669,1700.8093074042954,45.20255476303954,45.83962189891632,2.204580063288376,14.267844382778566,59.13933844074752,0,2026-09-07 10:52:32
2026-09-07 05:50:00,CNC-02,M,295.50289426923734,309.95570891998335,2047.9937395883196,33.21559819733719,92.15878109133827,2.6381385571499205,12.868014444276183,54.77586964906092,0,2026-09-07 10:52:32
2026-09-06 12:35:00,CNC-01,L,297.33122121877705,312.5720699569388,1449.8684236591764,55.82410961325492,204.78099179876168,2.9156874209075263,15.051583439642991,56.39113657448727,1,2026-09-07 10:52:32
2026-09-07 04:09:00,CNC-01,L,296.23579291409703,308.83736565110445,2291.699812072903,22.699117978471207,60.183999058044805,2.7538504866722175,9.574984108053465,60.256903832417656,0,2026-09-07 10:52:32
2026-09-06 21:55:00,CNC-03,H,300.0342334842803,313.7129554578949,2487.2760550657013,23.847044092455594,212.52406310209852,3.712895950814059,11.249784095730071,56.13627974081501,0,2026-09-07 10:52:32
2026-09-07 09:02:00,CNC-03,H,296.6939675822494,310.87833332524195,1512.7423075149943,48.22526954848574,77.71401797830319,2.158743429769667,13.739914233797183,54.6103589972121,0,2026-09-07 10:52:32
2026-09-07 07:03:00,CNC-03,H,296.81940203728584,310.97866919034766,1758.0597243641398,39.13875045260049,0.0,2.4788545002154336,12.979611824503783,57.599530107464936,0,2026-09-07 10:52:32
2026-09-07 05:08:00,CNC-02,M,295.90006970884934,309.27535032297055,2139.748236796264,28.646516300779393,37.56929336374387,26.181235899344045,11.67833550724913,60.425352139178315,0,2026-09-07 10:52:32
2026-09-07 10:19:00,CNC-01,L,294.8837218671601,309.25908813853636,1354.988522230143,53.11612561932833,175.38707347831232,2.5212349603639432,13.462340372292758,58.4708102630848,0,2026-09-07 10:52:32
2026-09-06 23:44:00,CNC-02,M,299.07361942606445,311.8585603777289,2634.06357063327,18.169810084380714,138.609076918894,3.3431467980776737,8.876220612441607,53.04436581189455,0,2026-09-07 10:52:32
2026-09-06 13:56:00,CNC-01,L,298.00314762318294,311.8711531906367,1493.8408265960568,43.418133943017864,92.82360151956563,2.205957365650965,12.070950364869365,59.16101518473322,0,2026-09-07 10:52:32
2026-09-07 03:51:00,CNC-02,M,296.0457649947268,310.0873092128371,2424.1103329772654,25.78672839856073,169.4575409770977,3.3789729465659093,11.870410728104893,58.71351308391388,0,2026-09-07 10:52:32
2026-09-06 11:06:00,CNC-03,H,296.7800183734465,311.1370597700921,1399.2653925633217,53.48914351043545,50.63336791085828,2.022229960386797,13.983929279601996,56.59806919579672,0,2026-09-07 10:52:32
2026-09-06 13:49:00,CNC-02,M,297.9754023266989,311.7942851798823,1350.3973412520847,49.356373276742644,57.888114175259545,1.9975232380740948,12.488765836706614,53.609429934121856,0,2026-09-07 10:52:32
2026-09-07 07:45:00,CNC-03,H,296.65274472118944,311.0999628365722,1857.260051982016,38.426784129053864,181.14148599180405,2.866015035711082,13.25678862727811,51.23524260708665,0,2026-09-07 10:52:32
2026-09-07 00:35:00,CNC-02,M,298.24071574120046,310.7264545028378,2760.1068803928,14.640270927944252,192.9140372520494,3.7691780089526397,7.334996098859767,51.76695993428247,0,2026-09-07 10:52:32
2026-09-07 00:23:00,CNC-03,H,299.6243278498384,311.85540242285646,2760.6290030343803,16.67004043700148,110.7660626780984,3.312163537594859,8.31203359727305,51.075115363983244,0,2026-09-07 10:52:32
2026-09-06 21:44:00,CNC-01,L,299.2174258416758,310.71801462746964,2563.3301121020168,15.85399004707286,62.20682544968838,3.0927243834189784,7.58958942623533,50.48557791065619,0,2026-09-07 10:52:32
2026-09-06 12:59:00,CNC-02,M,23.93839864065177,39.28400341833259,1401.3622943336331,56.19834665873602,220.83261855975414,2.9929135673363563,14.759981533817562,59.67137939638391,1,2026-09-07 10:52:32
2026-09-07 05:38:00,CNC-03,H,297.12048928078354,310.27301196867353,2111.26165117311,29.12053734461355,6.455093681356395,26.71399551992467,11.588879706730054,51.10072911292368,0,2026-09-07 10:52:32
2026-09-06 20:22:00,CNC-02,M,26.504074784191573,40.24948132230338,2441.312912339028,24.170572855218982,172.57335690880498,3.3751779457724607,11.142586927683404,51.3306914206702,0,2026-09-07 10:52:32
2026-09-06 16:54:00,CNC-03,H,299.73510960864974,313.88956577982196,1873.47025588106,35.79011597202856,107.09741040206838,2.6100817910051752,12.715771691073977,54.134986894014176,0,2026-09-07 10:52:32
2026-09-07 10:23:00,CNC-01,L,294.40167724231105,308.9699434523962,1341.5163675316142,51.92476825300757,181.76058547649725,2.5649337051400454,13.099698655844838,61.09869180482025,0,2026-09-07 10:52:32
2026-09-07 05:51:00,CNC-01,L,295.2343530940585,309.67120336055586,2141.442842503211,32.77344504719324,189.30485199781614,3.441413554689539,13.255550470587671,57.982394444983186,0,2026-09-07 10:52:32
2026-09-06 12:58:48,CNC-03,H,24.81947923834747,40.1448322112592,1346.9245981131292,56.324383850693096,231.61843227207783,2.814087620366109,14.045541952151087,58.08610743709154,1,2026-09-07 10:52:32
2026-09-06 12:10:00,CNC-02,M,296.8520446516288,310.9629690056496,1323.4317029967706,51.267583185775244,142.983276645069,2.287814712848146,12.899437055209397,57.28245965272055,0,2026-09-07 10:52:32
2026-09-06 20:27:45,CNC-03,H,27.392518969425566,40.45583238016707,2491.4097605923184,23.363173698805266,115.46867455496717,3.1978307105445976,10.986393591682166,51.80931722287776,0,2026-09-07 10:52:32
2026-09-06 13:13:00,CNC-03,H,24.82821660465879,38.51191159598943,1391.5550857602973,50.64219634101322,4.800000000000001,2.176545424551076,13.50631570316455,57.82764519202635,0,2026-09-07 10:52:32
2026-09-06 14:10:00,CNC-03,H,298.9465541088177,313.2471509907298,1433.548387805013,50.93740313997744,94.38968768783873,2.0888084962180136,13.725991997681893,54.246528020221156,0,2026-09-07 10:52:32
2026-09-06 12:53:00,CNC-02,M,23.772363974152142,38.427083603962956,1328.9908055537455,53.881839894159825,211.28526328154214,2.9075564364830266,13.431764379800102,56.69995590095346,0,2026-09-07 10:52:32
2026-09-06 20:02:00,CNC-02,M,299.7419403191638,313.714457031669,2320.023932330478,27.84557087168063,149.10749045706214,3.155850824677864,11.975056133723163,51.56692732414779,0,2026-09-07 10:52:32
2026-09-06 14:07:00,CNC-01,L,297.8328185823199,312.2097336930027,1486.716153070178,49.9896601903201,109.93264399214814,2.214438508624323,14.068171995777508,55.25612480936354,0,2026-09-07 10:52:32
2026-09-07 07:17:00,CNC-02,M,295.50236999037713,310.26052965588,1851.9235739977519,37.46065869431867,211.11728226816732,3.184428423613167,13.332929138502625,54.31471192021945,0,2026-09-07 10:52:32
2026-09-06 14:32:00,CNC-01,L,297.6786455152586,312.1966221540574,1482.5970441207412,48.213853699463996,148.71311649195943,2.458820323650959,13.203347076309438,57.708395220567056,0,2026-09-07 10:52:32
2026-09-07 09:54:00,CNC-03,H,297.06836814958496,311.4824174093695,1431.3031965227651,47.84815136177161,157.87529153089142,22.54532621050733,13.100073959241277,58.434312164161874,0,2026-09-07 10:52:32
2026-09-07 02:23:00,CNC-02,M,296.9760305999238,310.8004775428682,2438.709032573735,25.890091496807287,68.66643395640132,2.9458949956717286,11.845275897191867,55.5601246111269,0,2026-09-07 10:52:32
2026-09-06 23:52:38,CNC-01,L,298.1554672175183,308.0453283199785,2833.1642961541556,6.658810688281258,5.326208194885922,3.2717644798737724,3.491997791759356,52.73002641053115,1,2026-09-07 10:52:32
2026-09-07 03:05:00,CNC-03,H,298.26559151544126,311.3309197220196,2436.2611252018028,23.47533299056573,59.356793771573585,2.8649916503066453,10.652408819808231,56.8943130853272,0,2026-09-07 10:52:32
2026-09-07 08:50:00,CNC-01,L,294.9998573876051,308.1980552261369,1543.0898404558855,41.81597008712869,37.49706973102357,2.230673124378313,12.093456270582399,62.11640186400917,0,2026-09-07 10:52:32
2026-09-07 01:46:00,CNC-01,L,297.4593826382397,310.808600327633,2501.829687672294,22.760728574944913,125.53913922261007,3.2487593143701323,10.51100203270184,56.89679324995163,0,2026-09-07 10:52:32
2026-09-06 13:08:00,CNC-03,H,24.999868635449673,40.18166932241593,1424.6565909323292,53.495284083036026,244.27444827411432,3.062908820819841,14.312249440035716,52.162734947034245,1,2026-09-07 10:52:32
2026-09-07 05:22:00,CNC-01,L,295.88614924828835,310.3807005008544,2040.5821990614281,34.621838448341066,151.405676347446,2.986054652497295,13.313756650536437,59.58607777722034,0,2026-09-07 10:52:32
2026-09-07 09:36:00,CNC-02,M,295.42108637598227,310.5052019537475,1523.049843719928,48.336740177947924,186.90956900644863,2.591505802275405,13.664285014819004,57.15893492606944,0,2026-09-07 10:52:32
2026-09-07 08:53:00,CNC-02,M,295.3564340855882,310.08596323857984,1688.6036043925387,42.39052304365064,120.99860208361326,2.4522756701121624,13.195133498056999,59.88673719483201,0,2026-09-07 10:52:32
2026-09-06 20:20:00,CNC-03,H,27.48753807806054,40.72327611776893,2432.985347662946,24.42526560336384,105.04400078501669,3.1285866038186936,11.274764964034818,50.63848064305862,0,2026-09-07 10:52:32
2026-09-07 07:12:00,CNC-03,H,296.6480419965936,311.3911707497323,1948.7628887254143,39.295331412805446,133.92842762138665,2.704688141548713,14.490337726284945,56.70559562474843,0,2026-09-07 10:52:32
2026-09-06 11:22:00,CNC-02,M,296.74010755386956,310.70076362464636,1398.8919050831646,49.93472620276602,66.84978779478803,2.1245606999911555,13.127071020907714,50.79721781640765,0,2026-09-07 10:52:32
2026-09-07 08:36:00,CNC-02,M,295.22331728207575,309.5781290088542,1391.3715621222846,49.37138784061883,95.6115325670841,2.097661620289735,12.96943848649386,58.84643418591816,0,2026-09-07 10:52:32
2026-09-06 14:11:00,CNC-03,H,299.14363379288704,312.9262097193911,1398.3062547216907,48.03587726347623,95.94134562054244,2.1928796694021186,12.494516894803255,51.452137114803904,0,2026-09-07 10:52:32
2026-09-06 19:28:00,CNC-03,H,300.4489836628483,313.20456559131503,2337.736632671431,23.16388989015515,42.55869225725384,2.8312657164694186,9.973829130089143,52.30557371046485,0,2026-09-07 10:52:32
2026-09-06 18:54:00,CNC-03,H,306.0554817402298,313.4909836773121,2187.227161507665,29.41989200171477,0.0,2.858988944008085,12.010979474197908,39.35461675498828,0,2026-09-07 10:52:32
2026-09-06 18:36:00,CNC-02,M,299.7557997706958,313.486367777765,2134.2780674108176,31.062200829160695,42.856569540566284,2.7222516040845077,12.428865498103477,59.187390157638234,0,2026-09-07 10:52:32
2026-09-06 20:14:00,CNC-01,L,26.349387279465134,39.2482134383352,2460.9406447622614,19.105221989097913,193.84800392976632,3.7587599894657493,8.86797712364143,55.631313652097155,0,2026-09-07 10:52:32
2026-09-06 20:15:00,CNC-01,L,26.43928654667468,40.51596352655076,2386.11663128337,27.196374687903653,195.03269859076622,3.754709408205805,12.08060704607374,53.90599712057488,0,2026-09-07 10:52:32
2026-09-07 08:06:00,CNC-01,L,300.61518702639677,309.36336642668016,1746.2686474036761,42.830659621703674,170.57374089102692,2.8531691386594376,14.190037267176763,51.51681075443167,0,2026-09-07 10:52:32
2026-09-07 00:17:00,CNC-01,L,298.2057601766911,309.6577324397058,2900.0,13.334480733248867,29.809733995744004,3.4302410320085186,7.214326523858868,,0,2026-09-07 10:52:32
2026-09-07 04:34:00,CNC-01,L,296.3154261399869,309.9542895440393,2265.4875512974386,26.917168892684142,90.67731930666552,2.905874557932199,11.433830899660489,58.83222352703081,0,2026-09-07 10:52:32
2026-09-07 01:06:00,CNC-02,M,298.2657778251156,311.96695434031307,2676.1428208764073,20.37633108875831,225.75705158238986,4.184475512926031,10.203791451180662,57.50778242545969,0,2026-09-07 10:52:32
2026-09-06 12:45:00,CNC-01,L,24.398433641487884,39.467453583247675,1394.1659469554904,55.34901559059413,220.7691699091057,3.1477503562804863,14.423972443602402,52.61564993588691,1,2026-09-07 10:52:32
2026-09-06 11:15:03,CNC-02,M,296.5128166388729,310.4228120697537,1523.615366425288,45.509502849388156,57.324006454392126,2.181347932474752,13.001941456945916,59.60717502796153,0,2026-09-07 10:52:32
2026-09-07 09:56:00,CNC-02,M,295.0595284871221,310.7579741106358,1741.1281211008247,46.619661288357555,217.9906080551044,3.2784062269304903,15.380478698484161,62.515718145609206,0,2026-09-07 10:52:32
2026-09-06 15:09:00,CNC-02,M,298.65407680386625,313.7110365733212,1527.0189271206136,50.97055279363267,181.16560204126463,2.6845557665420703,14.499731188043263,49.00129211367991,0,2026-09-07 10:52:32
2026-09-06 14:54:00,CNC-03,H,299.3106528682684,313.92852027745766,1509.2655183721818,48.54690674755827,162.18665422913932,2.461866267438897,13.616422031279491,53.71893516431938,0,2026-09-07 10:52:32
2026-09-06 22:20:00,CNC-03,H,300.0457432494524,313.2062393413314,,17.475186223139072,239.42143728563826,4.224049393124855,9.257107956735966,52.28508410725977,0,2026-09-07 10:52:32
2026-09-07 00:45:00,CNC-03,H,299.9480395109371,312.3180593193762,2777.0033278732158,16.808955980178748,134.11477414387738,3.5079163908360056,8.825014952895868,54.08707093237761,0,2026-09-07 10:52:32
2026-09-06 12:42:00,CNC-03,H,24.466338929944868,39.175886131970344,1342.4556326799673,55.30651132999355,203.1496326492447,2.534472279252685,13.789956125392967,55.79932689855703,0,2026-09-07 10:52:32
2026-09-06 20:20:00,CNC-02,M,26.463574645691892,40.21787975234179,2385.7365233626824,24.785103678160592,170.23663834934183,3.3956526610829485,11.232679536790844,48.2633695075251,0,2026-09-07 10:52:32
2026-09-06 13:57:00,CNC-03,H,298.8432231551558,312.8315297386345,1381.3719051680418,50.62069398793476,73.9900973425393,1.9965958864216364,12.682550199996722,53.655580003054546,0,2026-09-07 10:52:32
2026-09-06 14:22:00,CNC-02,M,298.0762885579544,312.8497296657986,1568.2418314271902,48.75298874689928,109.24397283395184,2.2839288271183094,14.399816961001891,53.68322198330739,0,2026-09-07 10:52:32
2026-09-07 07:25:00,CNC-03,H,296.83059357085097,311.88630366469147,1962.9562291513291,40.82337679630472,152.36442766689933,2.742408264083863,15.019468647471003,57.75947413223356,0,2026-09-07 10:52:32
2026-09-06 19:23:00,CNC-02,M,299.44478081802146,313.1008870468945,2350.0867077323433,25.407756331369125,101.70724814822307,3.044130359875658,11.20557416518719,51.53683964269554,0,2026-09-07 10:52:32
2026-09-07 02:57:00,CNC-02,M,296.8107073560648,310.06911876229105,2543.2687291697307,21.432908009611744,107.03644382579301,3.2340517243401097,10.258690329150589,58.13601890307871,0,2026-09-07 10:52:32
2026-09-07 04:37:00,CNC-01,L,296.66338777383993,310.41128425060526,2331.870635254702,27.45448365582495,94.3822544132291,2.996429582775928,12.258564987310796,58.47197423895815,0,2026-09-07 10:52:32
2026-09-06 20:27:00,CNC-01,L,26.578874539453636,41.26743679737564,2543.3488361105715,27.809587368478873,209.0889161343162,4.0165523924890305,13.508100156557454,48.28792699339354,0,2026-09-07 10:52:32
2026-09-06 23:31:00,CNC-03,H,299.53683723593883,311.3107899254121,2640.79305509448,15.842194004644089,55.43169671217306,3.102233320301215,7.6882560891404825,50.56869448521183,0,2026-09-07 10:52:32
2026-09-06 17:08:00,CNC-02,M,299.273193183475,314.1785650628377,1951.7147269342292,39.7283559440085,0.0,2.7594745677931387,14.724795874460218,52.66105980575985,0,2026-09-07 10:52:32
2026-09-07 04:19:00,CNC-01,L,0.0,309.95991086158904,2323.3659943974453,26.245195391118564,72.34534234148478,2.851729368645229,11.408617927416616,60.359092274832484,0,2026-09-07 10:52:32
2026-09-06 18:50:00,CNC-03,H,306.0158767289797,315.35998487106883,2036.311989156981,38.5112512238956,262.69137397215263,3.7802525479394546,576.0218184055585,40.78101585859338,0,2026-09-07 10:52:32
2026-09-07 09:42:00,CNC-02,M,295.2443706893179,310.4274402813991,1419.8014780701897,53.40017243680961,196.28338115425262,2.551095561130214,14.30143249037638,60.3579548445076,0,2026-09-07 10:52:32
2026-09-07 08:06:00,CNC-03,H,296.90635906431606,311.9192100405907,1607.376394201516,47.14308908061025,212.3547058055742,2.843184372255844,14.09355107216643,56.807994942903534,0,2026-09-07 10:52:32
2026-09-06 23:55:00,CNC-01,L,298.3469479038238,311.0216484787871,2581.058528673598,21.012214560356718,6.433892677338695,3.102153960221156,10.178940535214332,53.42465055001734,0,2026-09-07 10:52:32
2026-09-06 17:56:00,CNC-01,L,299.3830329939736,312.7776581044879,1936.4863106714263,32.63176419557149,20.189974255859184,2.5669328428447242,11.84585041886827,55.191780066062165,0,2026-09-07 10:52:32
2026-09-06 12:44:00,CNC-01,L,24.05039605779126,39.05045344337856,1421.807751373854,51.87139332777599,219.1691699091057,3.116173976285201,13.960724548446937,55.71996847429503,1,2026-09-07 10:52:32
2026-09-07 03:50:00,CNC-01,L,296.5818695190092,308.8369026285343,2374.998333619634,20.824997894990396,37.38977511663177,2.9467096723737236,9.403384321500731,58.15159022877349,0,2026-09-07 10:52:32
2026-09-06 12:15:00,CNC-03,H,297.5637147299882,312.07325912167965,1452.8604769062483,49.680232269669595,160.25641208893404,2.4500048112815707,13.49262376999312,52.50028225180191,0,2026-09-07 10:52:32
2026-09-06 21:51:00,CNC-02,M,299.6098693571175,311.4676721550448,2565.494971607713,16.07064763856583,16.632014031538382,30.289080832934644,7.74898451002333,52.05977287089417,0,2026-09-07 10:52:32
2026-09-06 11:51:00,CNC-01,L,296.85083901190626,311.16513932379536,1382.9394926214634,51.21456085195121,134.88213402991153,2.28761343912497,13.172972131332628,59.81671451406629,0,2026-09-07 10:52:32
2026-09-07 06:00:00,CNC-02,M,295.74729506777084,309.77203850681434,2069.61665706109,31.334336184456248,105.35590631022066,2.7300702841640976,12.187028346298414,62.53693882953584,0,2026-09-07 10:52:32
2026-09-06 12:59:00,CNC-01,L,24.311590022923326,37.90252510654409,1430.619035888007,47.0784638848643,3.182303926751553,1.9979871626719796,12.765852698310301,59.71056648005839,0,2026-09-07 10:52:32
2026-09-07 02:29:00,CNC-01,L,297.0659865351159,310.9940825198896,2538.899011532764,24.45775715338856,172.62072833418418,3.605373531975145,11.761034132076515,54.05672088998585,0,2026-09-07 10:52:32
2026-09-06 16:51:00,CNC-03,H,299.51169951940517,313.82090468273367,1835.314267963268,39.473865878371804,102.9467385098669,2.49485044586765,13.347835306173025,55.43825871922369,0,2026-09-07 10:52:32
2026-09-07 05:04:00,CNC-01,L,296.13869239818405,310.3637689154409,2151.175428509525,30.49034734329679,128.29756623846822,2.868819172029243,12.298875196466627,62.025398828897885,0,2026-09-07 10:52:32
2026-09-07 02:47:00,CNC-01,L,297.2537255285365,310.366691469764,2460.4489240583434,20.21118228117585,192.6336213705239,3.720414354528062,9.41815628303132,53.80027318205487,0,2026-09-07 10:52:32
2026-09-06 14:32:00,CNC-02,M,298.17979780405864,312.82831328809164,1382.1211322297943,54.195728596207154,124.65029972376486,2.181378858459897,14.149966535448042,53.49715388411276,0,2026-09-07 10:52:32
2026-09-06 19:45:00,CNC-02,M,299.6361273240759,313.5912855698147,2316.9997738595034,26.77602188822623,128.61093196658172,29.46473810066217,11.681500701218349,54.272428690369274,0,2026-09-07 10:52:32
2026-09-07 10:07:00,CNC-03,H,297.1504316738823,311.5533865942107,1521.8242792933058,47.164734906423774,178.1925978296172,2.487425119355242,13.46840249170999,55.83979714225335,0,2026-09-07 10:52:32
2026-09-07 05:54:00,CNC-03,H,296.9783370245557,310.8587012903561,2031.552022749876,34.97517458489659,27.36219362565762,2.684978078427715,13.05239467274835,54.94052333106358,0,2026-09-07 10:52:32
2026-09-07 06:59:00,CNC-01,L,295.5661539019776,309.8703868015396,1963.9281587147502,38.5101171490856,74.03367416454051,2.618791222801521,14.374232299969282,64.14665878759992,0,2026-09-07 10:52:32
2026-09-06 23:09:00,CNC-02,M,299.3278472607991,311.9902827426772,2851.069409601024,17.480520773847484,101.22526146248727,3.4736653225601195,9.566782359553638,49.56392917408956,0,2026-09-07 10:52:32
2026-09-07 00:34:00,CNC-03,H,299.7348097238192,312.58208093657584,2747.8935500411194,17.776742463578426,122.51843890478212,3.349038783578074,9.342990367024054,55.03888260340451,0,2026-09-07 10:52:32
2026-09-06 15:41:00,CNC-03,H,299.4141420940429,313.4401282771486,1595.457357451282,45.64983733672041,1.4915949055389897,2.3096641633906727,13.61308042682248,52.54029631380857,0,2026-09-07 10:52:32
2026-09-07 06:14:00,CNC-01,L,295.6981324627281,309.61844811958645,2012.2104699095767,35.116970928917,12.111882869805612,2.596923771754403,13.412169398226109,59.796438244077116,0,2026-09-07 10:52:32
2026-09-07 08:38:00,CNC-03,H,296.74807408140776,310.7002310270702,1554.6592952388762,46.48920995313097,41.44215829632267,2.2011015269879612,13.491516631985359,56.93579650844804,0,2026-09-07 10:52:32
2026-09-06 14:26:31,CNC-01,L,297.88517228106736,311.9973795774581,1449.4381246905014,48.36675835683745,139.4896328688938,2.376345165112886,13.115986094589555,52.1055105599881,0,2026-09-07 10:52:32
2026-09-07 01:44:46,CNC-02,M,297.75818722263614,308.95295591966556,2800.892266070794,11.85926584431943,27.80683203999624,3.299883293621804,6.37439492613072,59.5386873533855,1,2026-09-07 10:52:32
2026-09-07 01:52:00,CNC-02,M,297.59081895791866,310.54442920323123,2398.930264034764,23.9826606377231,34.477470741899445,2.9578774253224376,11.013982643092643,56.480611713159384,0,2026-09-07 10:52:32
2026-09-06 14:30:00,CNC-02,M,298.19264365074594,312.40741485748015,1558.2366365705084,43.64909082379832,121.53423024145272,2.4067627409509087,12.837834642142665,54.50675066110478,0,2026-09-07 10:52:32
2026-09-07 07:03:00,CNC-02,M,295.3088112513685,310.11001328657204,1707.3339865691396,41.75048334994857,191.43573626390008,2.9210097677934903,13.56035184871661,55.00151616481959,0,2026-09-07 10:52:32
2026-09-06 22:02:00,CNC-03,H,300.0480026143033,313.2384701762406,2658.4105446896046,19.178075858337184,220.05751595528244,3.866963200559833,9.451309720493043,55.283545046605255,0,2026-09-07 10:52:32
2026-09-06 23:41:00,CNC-03,H,299.94477305701133,311.7049633168866,2811.1104701927607,13.549444618378365,66.05705267863807,32.16699396995103,7.066471284717307,52.13809789040327,0,2026-09-07 10:52:32
2026-09-06 12:57:00,CNC-01,L,24.064903241958575,37.21873045196452,1433.1845625635776,45.51453405272482,0.0,2.103207838772571,12.411931214677198,55.36242867933794,0,2026-09-07 10:52:32
2026-09-07 03:17:00,CNC-03,H,298.3216411746798,311.08960864540927,2447.819351113735,22.354564388364217,73.10523314090362,3.078820430011574,10.177118643307697,54.4631535030094,0,2026-09-07 10:52:32
2026-09-06 23:30:00,CNC-01,L,298.3795337909801,311.24760698038074,2686.7110818276133,17.611754939238644,176.68021230648503,3.7887279223168155,8.96385715652892,53.419092683423116,0,2026-09-07 10:52:32
2026-09-06 13:38:00,CNC-03,H,25.45977968083821,39.70178633297809,1392.550182472727,52.91681657613876,44.1386802352375,2.093908424691071,13.790554018506768,53.65733574913554,0,2026-09-07 10:52:32
2026-09-07 02:47:00,CNC-03,H,298.1399256633697,310.53087743437413,2571.0756458965084,19.246368920940284,38.84105771521009,3.2232284446909834,9.066922198238291,51.85868857354828,0,2026-09-07 10:52:32
2026-09-07 06:40:00,CNC-03,H,297.09780078810286,311.2443795099336,1995.4301010689983,36.22575744077446,89.54670401557013,2.6557659799058917,13.428551032167375,57.4994429006646,0,2026-09-07 10:52:32
2026-09-06 18:38:00,CNC-01,L,299.231352148178,313.2887796013138,2141.6898245050993,33.276623721399865,75.4107303627635,2.770152060043452,13.222080007899244,54.24229600668891,0,2026-09-07 10:52:32
2026-09-07 06:05:12,CNC-03,H,296.9549326627955,310.6130423095082,2146.6727308069403,29.60171162364332,41.97665098879075,2.754654482356487,11.946593843061269,56.7207061217454,0,2026-09-07 10:52:32
2026-09-07 08:49:00,CNC-02,M,295.1525055765917,309.5710276777857,1567.3456812135948,45.03735260739435,115.02590650796513,2.2573999614923097,13.231247689148162,55.47778676932314,0,2026-09-07 10:52:32
2026-09-07 04:07:00,CNC-01,L,296.81304647230905,309.9778537100791,2332.218502603133,27.572488208594546,57.725009473468596,2.8998873268205365,11.888071700205955,53.1879449455385,0,2026-09-07 10:52:32
2026-09-06 20:16:00,CNC-01,L,26.231164270232966,39.667758620030554,2464.9434403063015,21.674167277549422,196.1998948420631,3.8378686674635913,9.852971890767238,56.37657053519558,0,2026-09-07 10:52:32
2026-09-06 11:58:00,CNC-02,M,296.806517334245,311.45950722369514,1381.586883879347,53.94192108608699,123.87634098454292,2.217182108900987,14.090726471865123,58.3957058045928,0,2026-09-07 10:52:32
2026-09-07 03:19:00,CNC-02,M,296.6815705034163,309.71655770747464,2603.2309288344577,19.917119082866613,132.13750114680047,3.3050666127436585,9.671940141873918,55.07970446650797,0,2026-09-07 10:52:32
2026-09-06 20:00:00,CNC-02,M,299.7484833101477,313.04440575425485,2328.697910998023,23.618428176787162,146.6776510873578,3.2393957139563168,10.460884752266233,54.5686717683551,0,2026-09-07 10:52:32
2026-09-07 06:08:00,CNC-03,H,297.28671261342475,311.00236559837515,2043.1869324970494,33.09936622485726,45.9842708794733,2.661032380408036,12.794885193809355,56.19503798790236,0,2026-09-07 10:52:32
2026-09-07 01:35:00,CNC-01,L,297.6910238684834,310.0580976094909,0.0,18.16744331706989,113.51067743777669,3.218163197915608,8.665328960993875,56.71896670728548,0,2026-09-07 10:52:32
2026-09-07 10:40:00,CNC-01,L,294.56594451314203,309.3934984482509,1329.5908097642118,54.961333562396284,208.55500373307422,2.797025569027197,13.88835067670896,66.85546638790233,1,2026-09-07 10:52:32
2026-09-06 12:19:00,CNC-03,H,297.35127620380825,312.08620892037374,1399.135156240995,52.687609682455296,166.59109115247398,2.2688535365454223,13.829979523491435,53.44352038209086,0,2026-09-07 10:52:32
2026-09-06 14:49:00,CNC-01,L,298.11883527799336,312.8761532869151,1549.9426603955837,46.67542137794331,174.68999031501002,2.788408624322536,13.616391318374925,56.72654732703218,0,2026-09-07 10:52:32
2026-09-06 21:56:00,CNC-02,M,299.3472422353033,310.9705115018358,2640.1157060247365,14.316722474003122,22.042158302296805,3.150478970925892,7.119927275060519,53.30154895346388,0,2026-09-07 10:52:32
2026-09-07 05:59:00,CNC-03,H,296.97583753391575,310.6809921159572,1878.5976130203442,36.1037844135439,33.95388429330082,2.547349021979812,12.824129204041537,57.99524332387645,0,2026-09-07 10:52:32
2026-09-07 05:55:00,CNC-02,M,295.36577885368956,309.5221938016248,2044.6441366523457,33.32507418081995,98.76539470345543,2.7191034339725517,12.713494170243937,58.527900064461264,0,2026-09-07 10:52:32
2026-09-07 01:00:00,CNC-01,L,297.7788171158932,310.48320443605917,2669.518046495545,20.551776472237883,75.8414086553468,3.2374457899721687,10.394675337572265,52.88389377566156,0,2026-09-07 10:52:32
2026-09-06 23:36:00,CNC-03,H,299.84643282179854,311.23868994576515,2682.908408856418,13.347492462009438,60.719594303300696,3.260947365752655,6.587890026640267,53.15142904594559,0,2026-09-07 10:52:32
2026-09-06 20:46:00,CNC-03,H,27.325478571006386,41.288735456710356,2519.7552818254517,25.135650935667538,135.29477263186158,3.156569034717849,11.927524340309004,49.763745625683995,0,2026-09-07 10:52:32
2026-09-07 01:07:00,CNC-01,L,297.6557063819043,310.0266374415178,2787.310649387435,17.6057258961726,,3.374804927445774,9.101309235687138,57.592122662134486,0,2026-09-07 10:52:32
2026-09-06 14:16:00,CNC-01,L,297.704292381775,312.7630124799291,1493.2447646696073,54.18090722686154,123.9311055934989,2.361772955999212,15.361168816613516,56.75468358167995,0,2026-09-07 10:52:32
2026-09-07 01:03:00,CNC-02,M,298.3421694218499,311.09258760925286,2615.0902821532595,16.25235219130917,222.61584356210352,4.005006920685198,8.079895063388816,57.44743068649636,0,2026-09-07 10:52:32
2026-09-07 08:56:00,CNC-03,H,296.5790261843373,310.22041074400255,1663.41244688642,40.457147931615495,68.57541754961422,2.381889924578844,12.602180480345496,55.87774418133403,0,2026-09-07 10:52:32
2026-09-06 20:45:00,CNC-02,M,31.920241734258354,40.82147412462757,2473.3106285187537,28.943559773091486,199.11775604392412,3.6742388662504863,,42.86052809310787,0,2026-09-07 10:52:32
2026-09-07 02:43:00,CNC-01,L,297.1134166144996,310.03402779000226,2647.5316581066777,19.05511825085585,188.14793841143128,3.8547376397166078,9.455385195753077,58.538446387166736,0,2026-09-07 10:52:32
2026-09-06 18:03:00,CNC-01,L,298.8369259953194,312.56456737623733,1978.7921217744113,33.76400550369302,29.539479870558303,2.654064671976319,12.463321715337266,54.44451137987205,0,2026-09-07 10:52:32
2026-09-07 08:46:00,CNC-03,H,296.45462670542884,311.05384479715906,1746.0488934665302,44.69987901904229,53.3999740329563,2.340410769046918,14.473793476906724,56.28669811960897,0,2026-09-07 10:52:32
2026-09-07 01:20:00,CNC-03,H,299.3301756722488,312.58690247269794,2695.9300840248416,19.542336449792714,171.75285108719595,3.5241182009144825,9.97474352887214,49.49330478830697,0,2026-09-07 10:52:32
2026-09-06 21:34:00,CNC-02,M,299.2152587943601,313.4376005973835,2602.6034102778995,23.080688890286435,254.73497974549426,4.522860136049976,11.231027793932272,54.772654604705785,0,2026-09-07 10:52:32
2026-09-07 03:49:00,CNC-01,L,296.6795887789585,309.5998546321297,2353.1575522592166,22.993810222592394,36.199208490088125,2.9567456599043633,10.203359685844692,55.73611735341083,0,2026-09-07 10:52:32
2026-09-07 07:07:00,CNC-02,M,295.3647491633533,310.4143323505779,1902.5611981639797,38.3684921541287,196.99416257079153,3.25649471181757,13.810986068571074,59.53894016456828,0,2026-09-07 10:52:32
2026-09-06 13:33:00,CNC-01,L,24.199687373453116,37.780441772760355,1344.1147631119125,48.590323527315505,56.92876916621322,1.9346389134041257,12.19025410127414,53.50643941248366,0,2026-09-07 10:52:32
2026-09-06 13:38:59,CNC-01,L,24.430005885739774,38.41311540282993,1465.4915570932528,48.29192719646451,67.84222883996185,2.090495645778721,13.234154827265666,54.53139060218349,0,2026-09-07 10:52:32
2026-09-07 03:14:00,CNC-01,L,296.72758169661205,310.38892342488896,2419.507403916616,23.763210088856766,223.33871895945302,4.0689456972094895,10.863386140047101,57.38457664304619,0,2026-09-07 10:52:32
2026-09-07 08:45:00,CNC-02,M,295.24709959819296,309.8724284233374,1691.6766873915178,43.20134324071753,109.0128183021495,2.3406464636114817,13.54223187808153,58.03433248691138,0,2026-09-07 10:52:32
2026-09-06 19:03:00,CNC-01,L,299.18174600864484,313.6518831475765,2018.981292940561,36.63788577346698,107.21362467051463,2.7394045719831106,14.082904682135492,52.73292922522522,0,2026-09-07 10:52:32
2026-09-07 05:26:00,CNC-01,L,295.72905793789675,310.72554454031143,2174.7097356953136,36.32900354736532,156.52686125011968,3.152841567454239,14.863210590404083,1545.9139327740386,0,2026-09-07 10:52:32
2026-09-07 10:10:00,CNC-01,L,294.6762932686883,309.394936449791,1490.4486641217923,52.044150991865045,161.2593989318813,2.5971480450112527,14.55587223214705,60.44243213246775,0,2026-09-07 10:52:32
2026-09-07 09:05:00,CNC-03,H,296.5751752337469,311.2651063818046,1559.589660616551,49.155789163955966,82.24300354425235,2.213830430647349,14.29589376742371,60.48147183021959,0,2026-09-07 10:52:32
2026-09-06 14:52:12,CNC-03,H,298.94773251721614,313.9091839966858,1620.7462750924676,49.72383464484347,160.66042219362504,2.5343851541491307,14.858589882699945,56.13337766786625,0,2026-09-07 10:52:32
2026-09-07 02:28:00,CNC-01,L,296.9961342375677,310.0737462501026,2563.0347428191035,21.56316746769679,171.48242079695706,3.4785653561188505,10.267506064629693,56.580102620927825,0,2026-09-07 10:52:32
2026-09-06 11:11:00,CNC-01,L,296.86022430668436,311.21825429361934,1418.6744638447851,52.67773534239027,71.67781406533474,2.0492252952103285,14.178059896102274,59.76796076530939,0,2026-09-07 10:52:32
2026-09-07 04:11:00,CNC-02,M,295.98831594274924,310.7447769113472,2385.318900140374,29.350680775243394,193.25283367454603,31.4557070294423,,56.10080176219609,0,2026-09-07 10:52:32
2026-09-07 06:48:00,CNC-01,L,295.46513624385426,309.4982212519824,1792.4342941634484,38.59224261099369,58.61608605982062,2.411400988176223,12.977953845214866,1481.5114790596222,0,2026-09-07 10:52:32
2026-09-06 17:21:00,CNC-02,M,299.7796297444789,314.2822562354222,1904.8447280253583,37.11730211403654,161.12871206951897,2.7999433388717905,12.863430676105466,52.63913214018969,0,2026-09-07 10:52:32
2026-09-07 05:34:00,CNC-03,H,297.26496041223527,310.8029339932365,2064.4089372367384,30.761093908825696,1.2962464445935429,2.7393551514047467,11.86042939091932,53.60374667756054,0,2026-09-07 10:52:32
2026-09-06 23:39:00,CNC-03,H,299.691704635575,311.466025841456,2628.045277384471,16.2176281021039,63.95717755739126,3.1485744266275177,7.871540089522087,55.56078509361787,0,2026-09-07 10:52:32
2026-09-06 20:37:00,CNC-03,H,27.24274822137778,40.812741396618776,2299.158289617519,25.477043626321777,124.81910874903082,3.0210044110999412,10.988034178375036,50.017546195150615,0,2026-09-07 10:52:32
2026-09-06 12:10:00,CNC-03,H,297.234735799078,311.74498802207694,1379.188921879726,50.98426462107262,152.2729437113819,2.2766357209338475,13.438080859638916,54.27779506772048,0,2026-09-07 10:52:32
2026-09-06 12:39:00,CNC-03,H,24.380516678151537,39.44238537440327,1417.286858540523,53.88844035857266,198.3496326492447,25.04589990322527,14.317256595681473,57.226215671155764,0,2026-09-07 10:52:32
2026-09-07 06:45:00,CNC-02,M,296.11402791409296,311.58479584173375,1801.4482514675033,42.38655636606815,166.3503880375592,2.8388053371685844,14.220354809243592,58.22604033121525,0,2026-09-07 10:52:32
2026-09-07 09:42:00,CNC-01,L,294.6477120986536,308.7937079098267,1436.5362890523627,47.04903665203872,117.70809539022297,2.1224112344568207,12.498108557244946,58.1234382145543,0,2026-09-07 10:52:32
2026-09-06 15:58:00,CNC-02,M,299.312242411576,313.4543424503841,1704.907960557672,41.635115698487816,42.79722551396025,2.2001189262297114,13.107970043817767,58.650266118943,0,2026-09-07 10:52:32
2026-09-06 13:29:00,CNC-03,H,25.224247203373125,39.0197377120694,1475.0369718445663,47.142448640228785,29.93325027223613,2.1248248529394127,12.876180627071209,55.12777251764364,0,2026-09-07 10:52:32
2026-09-07 05:05:00,CNC-03,H,297.2133791619873,312.1424938539288,2038.949889358998,36.92112939500607,203.66589251203595,3.114246651349416,13.89853395666882,54.17400341781228,0,2026-09-07 10:52:32
2026-09-06 23:47:00,CNC-03,H,300.1394724403229,312.1873003212904,2777.6437892559247,14.83489101843439,72.462407669554,3.3269647560092137,7.77397928402842,52.22983704513534,0,2026-09-07 10:52:32
2026-09-06 11:04:00,CNC-02,M,296.52375146203065,310.309973439748,1335.4762135737585,51.3857412632801,38.33691970567165,2.039586546410852,12.902791151536297,,0,2026-09-07 10:52:32
2026-09-07 03:43:00,CNC-01,L,296.69039262760015,309.0959000959768,2354.548013029364,20.37527247201196,29.08126807210278,2.8007255087789455,9.165873232056946,56.528237193827884,0,2026-09-07 10:52:32
2026-09-07 00:05:00,CNC-01,L,298.70287624649274,310.19226625026937,2780.5254131067004,13.88318461264248,17.067259116201466,3.2548712318589588,6.9926526423382525,54.9279650695034,0,2026-09-07 10:52:32
2026-09-06 16:55:00,CNC-01,L,299.3628425042263,313.5489408402632,1980.9549894431386,36.042378379243154,154.90083467525997,3.0335562633141273,13.671867759043993,54.53030053042918,0,2026-09-07 10:52:32
2026-09-06 13:38:00,CNC-02,M,24.29595507592063,38.12868315772681,1606.2774133419111,43.05556141737692,40.71774958343653,2.289923688002207,12.724317344638829,55.072615919470266,0,2026-09-07 10:52:32
2026-09-07 00:18:00,CNC-01,L,298.0102449280517,309.12583076305526,2728.5834515378756,11.729482835871515,30.886288254179878,3.1925352264577014,5.979605792323564,53.312669327168315,1,2026-09-07 10:52:32
2026-09-07 10:44:56,CNC-01,L,294.48916035838664,309.4795702143348,1343.3174819254843,57.068602058446935,216.4427510197179,2.977306432249056,14.155528195288053,61.801888438904,1,2026-09-07 10:52:32
2026-09-06 13:08:00,CNC-02,M,24.149623638432274,39.58464866045239,1467.0865821766777,53.99577507085736,234.92371777855217,3.1212968117731035,14.794971945722658,55.35533656095577,1,2026-09-07 10:52:32
2026-09-06 21:28:00,CNC-02,M,299.29938933775003,313.2868745055443,2533.8361829895275,23.30074303016286,248.02706865713674,4.234014879230202,11.096188984890185,54.85086013161262,0,2026-09-07 10:52:32
2026-09-07 06:45:00,CNC-01,L,295.4798864914292,309.77218056375636,1836.1696103239824,40.826798537151,54.3836705326626,2.415530424958267,13.814886707041998,60.70890333924496,0,2026-09-07 10:52:32
2026-09-06 14:31:00,CNC-03,H,299.1287341503844,313.7823429293915,1537.470943124622,48.57175830914212,126.74927793072905,2.3413404278011076,13.780259984559809,53.49700420613977,0,2026-09-07 10:52:32
2026-09-07 06:29:00,CNC-02,M,295.60112348002855,310.40250301344554,1907.1982141680808,37.1990783100491,144.23653620593086,2.8863577445075825,,54.79072097245385,0,2026-09-07 10:52:32
2026-09-07 06:42:00,CNC-01,L,295.9108599952123,309.6671485778378,1807.0139513490556,36.525598502376035,50.19033983212215,2.39366008429104,12.388934576352108,57.194819288835376,0,2026-09-07 10:52:32
2026-09-06 14:59:00,CNC-02,M,298.31786920782605,313.3615510919494,1527.638389811808,52.4215391071513,165.93019701176527,2.4736903831567445,14.928346633389669,52.38548656410886,0,2026-09-07 10:52:32
2026-09-06 22:29:00,CNC-03,H,299.99257077959896,313.9811986838181,2728.6166936469385,21.91151810666089,249.08231186767392,4.242118068675444,11.428181283893066,53.418783346067904,0,2026-09-07 10:52:32
2026-09-06 22:33:00,CNC-02,M,299.3002854433981,311.67571003224145,2734.4791683464387,16.69461736345263,62.5027122852278,3.2660124041262946,8.55525993130215,53.218523738145734,0,2026-09-07 10:52:32
2026-09-07 10:44:00,CNC-03,H,297.1824594043074,311.8052575181876,1418.9117950314462,48.91417019089461,236.21759454344124,2.95290721248235,13.037518997616697,58.09808874433093,0,2026-09-07 10:52:32
2026-09-07 02:39:00,CNC-02,M,296.89664032381273,310.63074822227856,2403.5952880117716,25.88891217596432,86.83143103443747,2.92401745189957,11.761600035049499,58.12392513774586,0,2026-09-07 10:52:32
2026-09-07 06:52:00,CNC-02,M,295.88617888111617,311.35309591028505,2000.4648915033963,40.03367827507653,176.03519449669878,2.9806966039505385,14.997326732725517,60.251182725371756,0,2026-09-07 10:52:32
2026-09-07 01:03:00,CNC-03,H,299.36012399652884,312.41853154614313,2633.4323181073228,19.67154369650258,153.55239808809085,3.2961352309460628,9.69139641496727,46.00131548997218,0,2026-09-07 10:52:32
2026-09-07 01:48:00,CNC-02,M,297.7109575787563,310.0316068975031,2604.91787512683,17.937537947182562,30.033056621928868,3.1297301731017018,8.780544469542521,51.33910650755077,0,2026-09-07 10:52:32
2026-09-06 12:30:00,CNC-03,H,297.771498800822,312.73500499895255,1448.2430683525906,53.038258873986805,184.11723243285428,2.4626216092434996,14.21070677377691,53.01783798133421,0,2026-09-07 10:52:32
2026-09-06 14:51:00,CNC-01,L,297.99303087344856,313.0193410725543,1580.8409782353224,48.23156400238014,177.67572377680213,2.824788107844697,14.408403781345525,57.31393310647232,0,2026-09-07 10:52:32
2026-09-07 04:51:00,CNC-01,L,295.9824230977154,310.33872475495593,2121.3651041739904,34.67053577363232,111.9434995581743,2.935762232932551,13.820383243914355,61.764487789085514,0,2026-09-07 10:52:32
2026-09-07 04:30:37,CNC-02,M,296.14828531785554,310.8176850593692,2245.6408340794087,30.486417286938106,216.62371279494775,3.6179608505321497,12.848386318888435,57.423739819950335,0,2026-09-07 10:52:32
2026-09-06 19:36:00,CNC-01,L,299.8664463966459,313.1125596730383,2248.8937542235876,24.98927466893791,148.2585116269363,3.1695674108769394,10.52455210477693,55.21266922582565,0,2026-09-07 10:52:32
2026-09-07 03:59:00,CNC-03,H,297.4908442211193,310.20167652743373,2433.233631107497,21.275474745651646,122.27423083829896,3.007273359446156,9.758954594266044,56.966125302516275,0,2026-09-07 10:52:32
2026-09-07 10:22:00,CNC-03,H,296.89843344312493,311.8896610551595,1465.2680224290975,51.54064873789426,201.6589551198017,2.660831188222849,14.396728740064107,54.35508245444771,0,2026-09-07 10:52:32
2026-09-06 23:23:00,CNC-03,H,300.00505178341564,312.2746661160404,2601.6816787424013,18.15858472707913,46.880440296128455,3.1650532726968965,8.756122651812495,52.697526589196045,0,2026-09-07 10:52:32
2026-09-07 04:42:00,CNC-03,H,297.48490095762656,311.9084199466101,2165.319063316454,30.112085621224757,174.9190706278442,3.0401683505559522,12.221455845347084,55.176764570812715,0,2026-09-07 10:52:32
2026-09-06 19:59:00,CNC-03,H,300.35330806518135,313.99114494931064,2316.832345315257,27.896698415633853,80.07717923732358,2.9035392641500484,11.928520970117447,52.55551052416768,0,2026-09-07 10:52:32
2026-09-06 11:03:00,CNC-03,H,296.7090659537916,310.6407688977592,1391.1312273188735,52.26854968041496,45.85862970191833,2.015106552183455,13.47165945475119,55.9795255900299,0,2026-09-07 10:52:32
2026-09-06 21:29:00,CNC-01,L,299.3535580508725,311.76379324108257,2530.587391551408,19.28363642787214,45.49570772335064,3.0693086226599626,9.082579495784163,48.96727873963507,0,2026-09-07 10:52:32
2026-09-07 05:22:00,CNC-03,H,297.2254620149077,311.7343664974254,2013.0670233083488,34.88368061237686,225.44280815435414,3.252502753233704,13.330297639183513,56.174362296791664,0,2026-09-07 10:52:32
2026-09-06 19:12:00,CNC-03,H,300.7724930306426,314.0667483816637,2236.316794441943,,22.79433757607702,2.801430321344434,11.927423270226278,49.88007097313692,0,2026-09-07 10:52:32
2026-09-07 08:25:00,CNC-03,H,296.71343454522355,310.75765513168943,1638.290211416311,44.94095026876451,22.15484007288682,22.392675899104123,14.094607067356579,58.46710948062787,0,2026-09-07 10:52:32
2026-09-07 06:07:00,CNC-01,L,295.2807762658114,309.1940567025869,2201.184719648636,32.04349757085294,2.6160760291598617,2.6873640383852253,13.167377727869615,63.51794102978931,0,2026-09-07 10:52:32
2026-09-07 00:37:00,CNC-01,L,298.48207478625153,,2773.0451808926705,15.266141038024545,51.33354430530173,3.2435682883934125,8.028618918837156,53.51336856761208,0,2026-09-07 10:52:32
2026-09-07 07:01:00,CNC-01,L,295.3404019010075,308.96276551190334,1848.923713271415,35.10903883589068,76.82214471327964,2.501299299378667,12.346936848835009,60.53972634196592,0,2026-09-07 10:52:32
2026-09-06 22:05:00,CNC-03,H,300.0341262806867,313.41475535569623,2703.558705365425,19.027366443426047,223.25843167240257,3.9790928252057736,9.738186532766683,53.028654137917,0,2026-09-07 10:52:32
2026-09-06 20:10:11,CNC-01,L,26.50357221902118,40.3064766347955,2312.7259165808728,25.71553830479485,189.13049077512952,3.600180144940683,11.394658425497884,49.580847149391346,0,2026-09-07 10:52:32
2026-09-07 08:28:00,CNC-02,M,295.1175915861215,309.42920891810314,1805.8827288641523,38.15041057034502,83.5484297444377,2.574256572596795,12.87803656206599,62.58849788484315,0,2026-09-07 10:52:32
2026-09-06 19:38:00,CNC-01,L,299.6126306455298,313.2755721956356,2309.3664336071333,27.217316803552794,150.67897648834787,3.3018304552414057,11.787212687280318,51.69701378522125,0,2026-09-07 10:52:32
2026-09-06 23:35:00,CNC-01,L,298.46670835550594,310.7143378373309,2751.770555770658,14.911012313355466,182.02713595344542,3.8374877367774913,7.7711870914715595,54.91159034451933,0,2026-09-07 10:52:32
2026-09-06 14:41:00,CNC-02,M,298.0304743722675,311.9708926062551,1432.6177260360096,0.0,138.51250221065843,23.13654328792861,12.639140470671922,51.22632197724803,0,2026-09-07 10:52:32
2026-09-06 17:53:00,CNC-03,H,300.44819464123714,314.921833560688,1859.6042899313723,38.551098036788254,188.2639021124361,2.9590192383239637,13.380451450123045,46.24055085163375,0,2026-09-07 10:52:32
2026-09-06 14:33:00,CNC-02,M,298.41974279302576,312.3625863395258,1428.7822396550018,47.21629284023135,126.19591813252846,2.2414519911857296,12.384122863173198,54.516970420158145,0,2026-09-07 10:52:32
2026-09-06 18:53:00,CNC-01,L,299.5149799410553,313.35347386870814,2148.943311498839,31.00658620233535,94.4817550539114,2.8546719508187484,12.607384624842119,49.43850654667751,0,2026-09-07 10:52:32
2026-09-07 07:02:00,CNC-02,M,295.58422480378573,311.6528194889537,1936.2787920029098,43.10017087902185,189.96676878193347,3.0202557482379895,15.529132295533977,65.44176577912975,0,2026-09-07 10:52:32
2026-09-06 13:17:00,CNC-01,L,24.302614050317743,38.51068570701682,1548.6831018039643,48.94228362481499,31.577429837113304,2.1854992353965197,13.90495411675803,54.93755574506214,0,2026-09-07 10:52:32
2026-09-06 18:45:00,CNC-01,L,299.2880710311041,312.7054928307572,0.0,28.018019260284557,84.33398779718904,2.86834343161758,11.309179366542212,56.07369649780372,0,2026-09-07 10:52:32
2026-09-06 13:44:00,CNC-02,M,297.4210418764961,311.73321576762277,0.0,49.95716092093805,50.1443543762077,2.175129424961668,14.034868698840906,55.612658451105055,0,2026-09-07 10:52:32
2026-09-06 14:28:00,CNC-01,L,297.96293324358334,312.69045673406873,1585.8681414112236,46.86953335481914,142.51850673069504,2.5503077292535057,13.706220364930484,56.35652195486926,0,2026-09-07 10:52:32
2026-09-06 22:40:00,CNC-03,H,300.0777332478328,311.4279784943789,2658.5150926140345,13.371874880011127,1.1078022253086741,3.2457023938685285,7.068883870361615,51.684093192411915,0,2026-09-07 10:52:32
2026-09-06 18:10:00,CNC-02,M,299.4732015439331,313.27939887043846,1979.8467403879,34.7588497936709,9.241457958877831,2.5921159125514666,12.927192735458423,52.93202668494906,0,2026-09-07 10:52:32
2026-09-07 06:38:00,CNC-02,M,295.74396840867513,310.45548270957295,1831.0946504120618,37.48330388508316,156.66696906146763,2.704680514133514,12.727824412748811,63.57779550273668,0,2026-09-07 10:52:32
2026-09-07 00:44:00,CNC-01,L,298.06867710017036,310.03547699831046,2664.8611927789793,15.951723171474061,58.71870467662658,3.1719501302829762,8.012487835967251,56.88228375255368,0,2026-09-07 10:52:32
2026-09-06 12:27:00,CNC-01,L,296.74082390390384,311.279091946506,1434.1313476453497,51.076074632798104,192.0979331368859,2.761804282752956,13.81469813756828,53.221808381170945,0,2026-09-07 10:52:32
2026-09-06 23:17:00,CNC-03,H,300.16900876157365,312.02956812201927,2726.4580162431894,15.230448693081625,40.51816974504219,3.314294795839952,7.785531185067495,48.437405824532476,0,2026-09-07 10:52:32
2026-09-07 03:30:00,CNC-03,H,298.03073226779827,310.50889604271924,2523.0161632374165,19.02114242209685,88.0700961817911,3.138270714874081,9.353226271991637,54.87422107854085,0,2026-09-07 10:52:32
2026-09-07 06:49:00,CNC-01,L,295.47358765628115,309.2034341007459,1851.4725074153719,34.700495808707,60.00793433010085,2.4979436871984584,11.584557898964846,60.08656821856864,0,2026-09-07 10:52:32
2026-09-07 08:28:00,CNC-01,L,300.43056511732993,307.78296192097804,1633.1056796951495,41.12992459732273,4.468781562424259,2.3102224668116325,12.547398998344788,50.85098660092888,0,2026-09-07 10:52:32
2026-09-07 02:01:00,CNC-02,M,297.3919510608823,309.7244197662676,2514.0317256687295,18.42836151304535,44.23818143589918,3.1281544157825305,8.594245841609382,58.01882068869338,0,2026-09-07 10:52:32
2026-09-07 04:52:00,CNC-03,H,297.53878724288427,312.21845465442425,2260.7778873334555,29.64513871848597,187.34994177367182,3.2170628634920426,12.51812488418802,54.434618425808125,0,2026-09-07 10:52:32
2026-09-07 01:54:00,CNC-02,M,297.542618501672,309.9174105623156,2712.2016815363368,17.09071088041074,36.620351569422205,3.2499200420104164,8.725311216553397,54.11889301586834,0,2026-09-07 10:52:32
2026-09-07 06:56:00,CNC-03,H,296.8298557255,311.0115309859488,1929.0102812370053,37.30506515465016,111.50962194278387,2.677907772532184,13.458610654328062,50.435463799904625,0,2026-09-07 10:52:32
2026-09-06 18:43:00,CNC-02,M,299.43028698198054,312.75524109462714,2199.6992492961595,26.16730863041641,51.69558766419535,2.8476165616407947,10.78694644434057,50.249610920906264,0,2026-09-07 10:52:32
2026-09-06 23:27:00,CNC-01,L,298.7986573770545,311.74843154091485,2724.032792983323,,173.51137261693103,3.846276095913302,9.425619824275778,54.164965974264625,0,2026-09-07 10:52:32
2026-09-06 13:00:00,CNC-01,L,24.197280713075543,37.826272643848256,1396.3033854089574,49.98360641236381,4.752965728274621,2.1237694050932387,12.926440437728505,55.07160420864631,0,2026-09-07 10:52:32
2026-09-07 06:18:00,CNC-01,L,295.7663490050795,308.6028182180671,2153.306164796053,26.859496211592305,17.430563109151965,2.7131467001990828,10.7844009764684,61.28169486337118,0,2026-09-07 10:52:32
2026-09-07 10:16:00,CNC-01,L,294.95938980703755,309.53526285701963,1409.706885196487,51.77476692213921,170.68169597883596,2.5976458091959884,13.541632030653771,56.920689314912536,0,2026-09-07 10:52:32
2026-09-07 06:57:00,CNC-01,L,295.2782864631924,309.2091605252602,1729.12914955416,38.824332360875104,71.23214886802498,2.3484006942377125,12.291884705085337,59.50113567469236,0,2026-09-07 10:52:32
2026-09-06 11:29:00,CNC-03,H,296.664584562532,310.7399927617944,1314.5785197801972,52.409882768936704,87.19753418957589,2.0721728841784186,12.823071955576495,56.91156706685803,0,2026-09-07 10:52:32
2026-09-06 22:43:00,CNC-01,L,299.0976433578919,312.27963576005567,2590.185808760547,20.73571852116601,126.72130718160017,3.398183456206282,10.123493284936073,53.27882408888879,0,2026-09-07 10:52:32
2026-09-06 18:08:53,CNC-02,M,299.66185949418116,313.3401512605209,2034.3759435487111,33.537421752315176,7.899149730375289,2.610833369321519,12.818044502357226,55.779500301096725,0,2026-09-07 10:52:32
2026-09-07 06:31:00,CNC-01,L,295.5025261795025,308.934195549109,2096.258372664772,29.603412460325057,35.02639323798153,2.700790034403352,11.443084291678367,60.263776711120414,0,2026-09-07 10:52:32
2026-09-06 22:11:00,CNC-02,M,299.2207358700214,311.1957844809723,2574.0143142495463,15.964798849802214,38.500356933378235,3.1247350853842333,7.770366581538618,51.26268185059925,0,2026-09-07 10:52:32
2026-09-06 19:48:00,CNC-03,H,300.5706082255023,313.9047863221857,2420.007884033147,25.43032520168141,66.93200746276389,2.996044664252154,11.487048721215807,0.0,0,2026-09-07 10:52:32
2026-09-06 13:13:53,CNC-03,H,24.873818977258168,38.70823188503226,1384.1373595842135,51.21729722185331,7.976895306130934,2.085709170501278,13.435202121142687,56.23530385682293,0,2026-09-07 10:52:32
2026-09-07 02:24:49,CNC-03,H,298.52876493203325,311.14599531894686,2510.163696864975,21.592076744280476,15.461795907879196,2.9427884977614966,10.089764021137258,54.76834867537272,0,2026-09-07 10:52:32
2026-09-07 07:26:00,CNC-01,L,295.47332568467795,309.7613457351539,1696.5075380747323,42.285242762383625,112.33632095504683,2.461305036558865,13.006697994917545,55.431559696350085,0,2026-09-07 10:52:32
2026-09-07 05:16:00,CNC-03,H,297.0874038219588,312.174179635648,2245.234661502504,33.935482028666435,217.6558475698948,3.5456046648018242,14.216569988102211,56.45678367571754,0,2026-09-07 10:52:32
2026-09-07 02:07:00,CNC-02,M,297.49172624336563,309.84562162400164,2775.8592433471854,16.493471016014723,50.85762982995979,3.364566545787264,8.404079273500756,56.11944655929829,0,2026-09-07 10:52:32
2026-09-06 12:27:00,CNC-03,H,297.6791373020115,312.15750332236445,1326.032723995457,53.07751975432071,179.3438185605784,23.966536697904356,13.150558317640614,53.5533409737928,0,2026-09-07 10:52:32
2026-09-06 20:44:00,CNC-01,L,26.333643945968674,40.73294843890454,2554.2043488177164,25.212569556150267,228.79916556107403,4.299939208905689,12.152605564910766,51.309483346536496,0,2026-09-07 10:52:32
2026-09-07 09:27:00,CNC-01,L,294.95043317601255,309.1696314417104,1405.6149972551007,50.671445076019346,94.40856489713472,2.1271687686473237,13.308473817155832,59.295896947349895,0,2026-09-07 10:52:32
2026-09-07 01:25:00,CNC-01,L,297.6512840316333,310.2875899430946,2647.706278456442,18.052343878772927,102.70530581491894,3.291802449477619,9.130090347550011,61.6582583780818,0,2026-09-07 10:52:32
2026-09-06 12:52:00,CNC-01,L,23.992098637122126,39.00143615216376,1377.986512456925,54.75209971282104,231.90611895418044,3.2086059325310625,13.946884940426665,57.80478317536666,1,2026-09-07 10:52:32
2026-09-07 01:53:00,CNC-03,H,298.8057877807525,312.61424368949554,2561.411805792994,24.154396398296953,207.47704227326432,3.557111211563555,11.411694048722843,51.9018039539461,0,2026-09-07 10:52:32
2026-09-06 12:41:00,CNC-01,L,24.253629268086627,39.719470587729745,1370.500880858489,56.77647582017978,214.36916990910572,29.96724674866461,14.478854252402796,56.721999799429945,1,2026-09-07 10:52:32
2026-09-07 03:52:24,CNC-01,L,296.36352443965853,309.17707073068186,2343.62461687489,23.79931797748321,38.58869757997638,2.9538374639659937,10.398853314606265,59.19082877226719,0,2026-09-07 10:52:32
2026-09-07 07:34:00,CNC-03,H,296.759362354358,311.19833248385373,1746.3670943972304,40.77032458747243,165.40356053781758,2.5521457220949393,13.120331919034513,59.26618964109771,0,2026-09-07 10:52:32
2026-09-06 14:30:00,CNC-01,L,298.0050860757343,312.57880130028093,1424.6993494277203,52.904081055365154,145.6275088998891,2.4403573856144147,13.923429218084626,56.96259667849356,0,2026-09-07 10:52:32
2026-09-07 02:49:00,CNC-01,L,296.93609062243723,309.7563822432046,2582.6241902058437,18.429592665847764,194.84847872839592,3.845478778505691,9.096580953458979,54.99669185447906,0,2026-09-07 10:52:32
2026-09-07 07:24:17,CNC-02,M,295.15582199217033,310.4952115504872,1916.8221141619895,38.97648132699054,221.04851189910286,3.394393690718368,14.184493828344829,63.33683939212357,0,2026-09-07 10:52:32
2026-09-07 04:07:00,CNC-02,M,296.23769073083866,310.7894694786652,2371.345621693655,27.27796571259376,188.4744761213088,3.3906320479682615,12.062374588711291,57.48278973791201,0,2026-09-07 10:52:32
2026-09-07 01:30:00,CNC-03,H,299.296222803074,311.92924893108534,2694.697714428295,16.995761237528146,182.48811791065322,3.63000056093595,8.447235055577268,51.51348570143783,0,2026-09-07 10:52:32
2026-09-07 06:23:00,CNC-01,L,295.3991229227664,309.14601371236876,1862.7932099840743,36.442420530325464,24.173725469696826,2.498085496572278,12.566990193110145,62.143526393614586,0,2026-09-07 10:52:32
2026-09-06 20:22:00,CNC-03,H,27.275504035771462,40.70289864371745,2325.510801017845,26.164398908482802,107.39688405102352,2.9268379491285876,11.553896123409217,48.00462604763011,0,2026-09-07 10:52:32
2026-09-06 13:48:00,CNC-02,M,297.6999269562964,311.5833220096102,1660.2504007691784,43.230599778621816,56.29106956388466,2.23503600463143,13.633764788093258,54.347830021154635,0,2026-09-07 10:52:32
2026-09-06 19:15:00,CNC-01,L,299.721848064847,313.7390647226981,2291.531482455153,29.28085048445391,122.30815864005169,2.9855768337148625,12.547716015740402,53.22988474596042,0,2026-09-07 10:52:32
2026-09-06 17:54:19,CNC-03,H,300.3240862516581,315.14236054083347,1928.6985578035067,36.52499752386953,190.95029595385375,3.043210649254197,13.092897843478836,54.37697087030595,0,2026-09-07 10:52:32
2026-09-06 12:46:00,CNC-01,L,24.14908054288503,38.83389165812213,1411.6321902857387,51.78337044494789,222.34799683504295,3.160679415458668,13.885267019444845,62.0467721705202,1,2026-09-07 10:52:32
2026-09-06 12:57:00,CNC-03,H,24.965022303321405,39.91755380383654,1390.1796610532767,53.12646386848869,226.83925561465364,,13.844686985675414,54.26681938034361,0,2026-09-07 10:52:32
2026-09-07 06:13:00,CNC-01,L,295.29590560474304,308.59391255656124,1930.4212913514802,33.58628389469016,10.756118833293753,2.5593245842340004,12.261630322412556,57.963023366995195,0,2026-09-07 10:52:32
2026-09-07 09:57:00,CNC-01,L,294.6419366737431,308.72126089440565,1483.3805980574764,46.2550961354789,140.97314791278413,2.423506278190378,12.819100121231793,61.577273824902804,0,2026-09-07 10:52:32
2026-09-06 21:42:00,CNC-02,M,299.19718288168747,311.34959353846506,2489.096706316638,18.067005582362665,6.727940024961847,3.0615544093263076,8.616180017525673,51.79917110678779,0,2026-09-07 10:52:32
2026-09-06 18:58:00,CNC-01,L,299.4808884254798,313.03166122191334,2135.5334386578415,28.895569981658692,100.87416833837236,2.961647736214217,11.506882898462809,47.79278295483469,0,2026-09-07 10:52:32
2026-09-06 11:30:00,CNC-02,M,296.5699681842742,311.1440824684675,1545.7630060727618,48.58385346100804,79.5177766618546,2.1858680015991054,14.242636428421392,58.94953464392452,0,2026-09-07 10:52:32
2026-09-06 16:43:00,CNC-02,M,299.5589620813687,313.70916257265804,1776.066750435309,38.47601819169618,107.85131803108739,2.4619544567498868,12.964406489108526,54.60875098158946,0,2026-09-07 10:52:32
2026-09-07 09:14:00,CNC-01,L,294.96313987120055,308.31372355121414,1452.7924956945446,42.5400809520341,74.21937084727345,2.159466523179637,11.597007310182606,58.26650925507092,0,2026-09-07 10:52:32
2026-09-07 07:47:00,CNC-03,H,296.39243082012257,311.5051513518955,1775.9281125288057,45.313753891459854,184.06814928751942,2.7283701535200255,14.96232291183994,54.47103526743986,0,2026-09-07 10:52:32
2026-09-06 23:23:00,CNC-01,L,298.7924620882341,311.3642516263585,2713.9326506209422,16.77202293882918,169.33114224150384,3.686123088265165,8.55275155892619,55.18766767592301,0,2026-09-07 10:52:32
2026-09-06 11:59:00,CNC-02,M,297.022878425835,311.5474166782412,1445.4047378280784,50.11862080926926,125.46939219650638,2.257372193125016,13.714186301285563,55.92933077817465,0,2026-09-07 10:52:32
2026-09-06 22:41:00,CNC-02,M,299.2544814728133,311.5345306579851,2652.601075114591,16.841065195878958,71.28661262936312,3.203630370997285,8.089878712960893,49.88637667161376,0,2026-09-07 10:52:32
2026-09-06 21:35:00,CNC-02,M,299.56691537190187,313.65742719164393,2495.9825231340396,23.649512159095387,255.8635544081206,4.218334381236161,10.97280498405575,51.92779285034645,0,2026-09-07 10:52:32
2026-09-07 03:30:00,CNC-02,M,296.65891002990475,310.59448904117,2422.8250402546278,26.084220444907192,144.9530974695545,3.147706304229085,11.830610692730517,59.4784311200684,0,2026-09-07 10:52:32
2026-09-06 12:43:54,CNC-01,L,24.273827910615978,39.268872190710454,1385.7806948401917,55.553135223876275,217.5691699091057,3.1631224636064625,14.368845876362965,60.30996330983335,1,2026-09-07 10:52:32
2026-09-07 04:41:00,CNC-01,L,296.13981350716864,309.27296656634115,2328.331632660856,25.248600548775833,99.29210799430888,3.1437944334932,10.547373052722799,59.02295908301343,0,2026-09-07 10:52:32
2026-09-07 09:44:00,CNC-02,M,295.2455093182991,311.1091574857143,1533.1584880302419,53.89044504315167,199.41453418965932,2.750465244194131,15.4429445351993,55.645449407090666,0,2026-09-07 10:52:32
2026-09-07 07:57:00,CNC-02,M,295.546149464542,310.27913574767956,1642.654936764135,46.53612828084569,37.79516652245129,22.086873163724853,14.35052521458352,61.085943874729935,0,2026-09-07 10:52:32
2026-09-06 17:57:00,CNC-02,M,299.427649931508,314.16884680191555,1908.5105323784846,36.913918422107905,209.8094432018991,3.224947520668346,13.101547124370994,53.570697842479625,0,2026-09-07 10:52:32
2026-09-06 22:27:00,CNC-03,H,299.9022577596006,314.06520036421335,2675.1865356296203,23.507376980433136,246.98358361906844,4.20832964609956,11.705454545961334,47.976626797397,0,2026-09-07 10:52:32
2026-09-06 23:25:00,CNC-02,M,299.16684767797096,311.4610654456934,2778.55190002328,16.3372983658606,118.3440164948261,3.471623775938834,8.585071903684458,51.42277289642683,0,2026-09-07 10:52:32
2026-09-07 02:58:00,CNC-01,L,296.74981191034607,311.23267556639746,2498.9141340976375,27.42762290396144,205.05167870566933,3.832222304923681,12.706150422325283,56.45486923019549,0,2026-09-07 10:52:32
2026-09-06 14:58:00,CNC-02,M,298.5300837914829,314.18100771409706,1530.8286557071226,56.57467167922944,164.38412126332778,2.6101097940273967,15.999694292832192,56.45348952047369,1,2026-09-07 10:52:32
2026-09-07 07:08:00,CNC-03,H,296.5873556336337,310.83728884333163,2024.4697155040137,33.21005872853796,128.2130445980701,2.727572781159855,12.384729993477599,58.7333459739729,0,2026-09-07 10:52:32
2026-09-07 02:27:00,CNC-03,H,298.1941206178207,310.09554355299883,2576.892199232448,16.922537455812485,16.56567206847455,3.19522834375379,8.25178071408243,54.06041130895169,0,2026-09-07 10:52:32
2026-09-07 09:08:00,CNC-01,L,295.0491763273926,309.44939577527765,1648.3641495648094,46.43029994224462,64.8962270114286,2.380252691499923,14.456109734032884,64.98538098349896,0,2026-09-07 10:52:32
2026-09-07 00:31:00,CNC-01,L,298.0288505700847,309.93733612885774,2597.511701844898,15.861508832034795,44.86288972344075,3.1666946261159583,7.62592187056798,57.864587224517365,0,2026-09-07 10:52:32
2026-09-06 15:07:00,CNC-03,H,299.4051905001935,314.3111627507394,1641.611273549726,47.79851020013584,181.9879169147112,2.78552922734859,14.801135131411272,52.38476622012279,0,2026-09-07 10:52:32
2026-09-07 06:23:00,CNC-03,H,297.06151812138165,311.3327322960157,1870.55273257772,39.114331356044026,66.16714724659742,2.6110054417710127,13.668706706726608,63.32935273650156,0,2026-09-07 10:52:32
2026-09-06 13:35:58,CNC-03,H,25.228934604624385,38.92161042282811,1386.3887041210392,51.06109582190537,40.96151784826815,2.0055389542877333,13.230802182000216,54.099376057346916,0,2026-09-07 10:52:32
2026-09-06 20:59:00,CNC-01,L,26.186329213921056,38.11894789796577,2500.6029047418983,18.15131122528504,11.560016520706396,3.034333443953831,8.409253351617808,58.35295655556287,0,2026-09-07 10:52:32
2026-09-07 02:30:00,CNC-01,L,297.0681678618905,310.5161092494701,2640.585795991562,21.869261832565876,173.72023998505827,3.7884133623513834,10.942716105504866,56.15285172055481,0,2026-09-07 10:52:32
2026-09-06 22:39:00,CNC-03,H,299.9334074419308,311.2700292198093,2753.1557209770467,14.458358028582653,0.0,3.3033713488778806,7.4265684474030245,54.512399464338344,0,2026-09-07 10:52:32
2026-09-06 19:15:00,CNC-02,M,299.6281173212838,313.68776564678734,2180.1750898221158,31.243946778469077,91.89381500737662,2.8385552108436296,12.726879043304075,50.91285258681354,0,2026-09-07 10:52:32
2026-09-07 05:56:00,CNC-02,M,295.67063471597015,309.7434926319658,2201.1604638405274,30.51523769872297,100.0431616633944,2.9095277123296204,12.460294341458273,62.45660007118669,0,2026-09-07 10:52:32
2026-09-07 00:57:00,CNC-02,M,298.0281629602775,310.3579418443215,2756.9323599792087,13.487857538489237,216.15260046315956,4.1399318691041564,6.949565160162301,55.067379200885696,0,2026-09-07 10:52:32
2026-09-06 19:25:00,CNC-02,M,299.650388217016,313.9747941545068,2192.8744519973675,32.3127207339671,104.17756632185952,,13.289129506791502,49.12725130944689,0,2026-09-07 10:52:32
2026-09-07 08:10:00,CNC-02,M,295.41234883764616,310.10451165023244,1714.2316421754124,43.60970262717621,57.01846243636053,2.39978363742077,13.82780844794433,57.46538999659277,0,2026-09-07 10:52:32
2026-09-07 02:52:00,CNC-01,L,297.0123359651514,311.7419163556323,2503.112054923853,28.728758967233933,198.27055629275404,3.760886895700571,13.620631419783496,54.89867950449601,0,2026-09-07 10:52:32
2026-09-06 12:54:00,CNC-01,L,24.024906663220122,38.34740973795897,1366.4146122894645,48.58367388269998,235.09415705971554,3.352799241000422,12.408112875820757,57.538879978954824,1,2026-09-07 10:52:32
2026-09-06 10:57:00,CNC-01,L,296.5266540881123,310.1697218877903,1381.4718964869262,48.13966512241427,49.48291832276074,2.010379420997956,12.476850976766855,60.2127796950349,0,2026-09-07 10:52:32
2026-09-06 15:18:00,CNC-03,H,299.5331877808922,314.0966279410887,1598.9961094745154,46.02072840070577,198.73756599124155,2.687403874958426,13.854898279464319,56.17861448450915,0,2026-09-07 10:52:32
2026-09-06 20:02:00,CNC-03,H,300.41595348599526,313.23566366202635,2426.65563851394,23.101020167648343,83.71820585347574,2.9998351235319185,10.556161880294715,49.22123696603056,0,2026-09-07 10:52:32
2026-09-06 15:46:00,CNC-02,M,298.96777500653724,312.88060885574095,1582.0151936657335,44.7851296287091,25.136784535036824,2.2120692075278705,13.310100508381462,52.646051535445714,0,2026-09-07 10:52:32
2026-09-06 15:06:00,CNC-01,L,298.2908243927609,313.00426299129265,1511.2026615986852,47.376790107425855,200.6206315105637,2.953784156960502,13.326885190865642,50.081487159895765,0,2026-09-07 10:52:32
2026-09-06 18:43:00,CNC-01,L,299.5020782719164,312.8756785236214,2189.8291395466285,27.84150275263399,81.83626158346095,2.837829050530448,11.441932255058834,49.37875030996583,0,2026-09-07 10:52:32
2026-09-07 09:37:00,CNC-02,M,295.45963824170053,310.72201184437205,1485.6725649413263,51.256130759494,188.45345287521215,2.602694932889288,14.377970520605194,60.301410312555035,0,2026-09-07 10:52:32
2026-09-07 01:26:00,CNC-03,H,299.0836995665972,312.4947444538264,2598.462267667656,21.784731405131982,178.20428342871918,3.5338066922182474,10.611038472583076,54.40635622639872,0,2026-09-07 10:52:32
2026-09-07 08:54:00,CNC-01,L,294.923212494501,308.82819301466566,1439.708526458834,47.05076089514043,43.58243542487182,2.0244094611592556,12.693822167247287,58.04560194251064,0,2026-09-07 10:52:32
2026-09-07 00:02:00,CNC-02,M,298.67474268965145,309.9457133923867,2795.403759650125,9.946724475887553,157.72721951318715,3.5871046507659727,5.336422318623323,49.892179007318845,1,2026-09-07 10:52:32
2026-09-07 10:29:00,CNC-02,M,295.2203980753042,309.32092427324244,1391.772841197117,51.7015307880524,29.928389092101828,2.0904686193809607,13.302995061713672,58.377787746175535,0,2026-09-07 10:52:32
2026-09-07 07:28:00,CNC-02,M,295.57362052621005,310.71997429271516,1675.87475700456,45.08836369523381,226.78487940265285,3.236445244353434,14.261436235754237,60.03641947941822,0,2026-09-07 10:52:32
2026-09-07 00:54:00,CNC-02,M,298.43607816155094,311.9679643619797,2826.117811196328,17.432424697951486,213.00118760125017,4.112978905709567,9.024279355174038,,0,2026-09-07 10:52:32
2026-09-06 14:18:00,CNC-02,M,297.72932813479696,311.91694158936906,1489.3396675343304,46.61799155939972,103.07871718959699,2.235527034529374,12.974787517919012,60.109948539493885,0,2026-09-07 10:52:32
2026-09-06 20:51:00,CNC-02,M,32.10507182127054,39.380319990656574,2578.1884386868005,20.757543060254143,205.96926804915475,3.855300547446829,9.834000299979216,39.378605448537115,0,2026-09-07 10:52:32
2026-09-07 02:42:00,CNC-03,H,298.7320296282325,311.071577094367,2353.0107638876357,21.62989766751334,33.297606031041845,2.971797940341186,9.453309773561163,54.47230895835213,0,2026-09-07 10:52:32
2026-09-07 07:13:00,CNC-02,M,295.7450444502581,311.2129914978891,1795.481591615122,43.54365376831981,205.5334342357935,3.1029482332395557,14.669906477856166,58.81468013990125,0,2026-09-07 10:52:32
2026-09-06 16:37:00,CNC-02,M,299.26899961290263,313.6755039941731,1688.5369787433926,41.79859916472562,99.26061556934408,2.345353829058881,13.179320339631412,50.35233859188008,0,2026-09-07 10:52:32
2026-09-06 14:14:00,CNC-01,L,297.9824046700415,312.3529577886278,1454.7996845791213,47.94202400197627,120.82562776758861,2.2701140016344876,13.121262889207916,58.84723768190237,0,2026-09-07 10:52:32
2026-09-06 12:30:00,CNC-01,L,297.1017346784639,311.79544009000625,1346.5563914691486,53.01424290909829,196.87230078145666,2.8505333739620555,13.396791606366047,58.64402903740874,0,2026-09-07 10:52:32
2026-09-06 20:26:00,CNC-01,L,26.371279589749008,40.50809174063335,2334.5744080050763,27.707044755460654,207.9432468487746,37.39330535361244,12.025321404946446,50.80581805442266,0,2026-09-07 10:52:32
2026-09-07 02:36:00,CNC-01,L,297.1331425668337,310.7635046494891,2418.6645672349923,24.673241698331566,180.41845506261473,3.420874772909106,11.261196618249812,55.761267698814116,0,2026-09-07 10:52:32
2026-09-07 08:59:00,CNC-03,H,296.76235268108405,311.2828329829605,1600.268910608424,48.392369320309015,73.15335175818015,2.2591381297116797,14.54762234887473,57.96289890691633,0,2026-09-07 10:52:32
2026-09-06 16:48:00,CNC-02,M,299.4678687087907,314.67164129070613,1883.0101636465047,41.391246739792535,114.90217564784514,2.536329359803432,14.680453526879287,52.75815808032162,0,2026-09-07 10:52:32
2026-09-07 09:03:00,CNC-02,M,295.42950250049006,309.89776610569965,1301.8316659548523,51.350892574768935,136.41763327443124,2.127962883605575,12.784752144369333,57.75616280838259,0,2026-09-07 10:52:32
2026-09-06 11:48:00,CNC-03,H,297.04472686541385,311.4397483000334,1408.2004912933317,52.837848320220296,117.35315457519802,2.241810687200759,13.847226162245919,54.84296480549114,0,2026-09-07 10:52:32
2026-09-07 03:02:00,CNC-02,M,296.62749456675493,310.1138505148537,2449.836911092686,23.564315395264842,112.7919559901038,3.0880218212834705,11.027912026396002,54.612234174637095,0,2026-09-07 10:52:32
2026-09-07 08:41:00,CNC-01,L,295.0899958872903,308.6249709442327,1475.5578242760316,45.80859146519008,23.968341487496794,21.020402155386066,12.667925570924144,59.17165100727989,0,2026-09-07 10:52:32
2026-09-07 03:15:00,CNC-02,M,296.59379597490357,310.6451033188364,2319.718724106911,27.323303870813003,127.52923773458238,3.0448925897577097,11.955820677776957,57.87293470939441,0,2026-09-07 10:52:32
2026-09-06 23:43:00,CNC-01,L,298.6450396974047,311.1812056351883,2759.6012455170953,16.599487969326223,190.7673670933566,3.987471186051834,8.556019122989664,51.32357299863468,0,2026-09-07 10:52:32
2026-09-07 04:13:00,CNC-01,L,296.5344697874548,309.9449288013156,2390.8172237392487,25.578702984650604,64.9912311281405,2.870611722820696,11.189341523358436,55.13595151218205,0,2026-09-07 10:52:32
2026-09-07 02:17:00,CNC-02,M,297.06415664189433,310.11412699872614,2394.381786946048,23.81108183125206,61.930440801851624,3.022809634980234,10.610449627591427,57.81462824604002,0,2026-09-07 10:52:32
2026-09-06 17:16:00,CNC-02,M,299.5239161939296,314.4489620004123,1809.3657978309993,42.16942206433143,154.25470706979277,2.692996720719365,14.282109065969074,50.63691827554834,0,2026-09-07 10:52:32
2026-09-07 06:05:00,CNC-01,L,295.83213207711174,308.7688832209055,2027.821805161404,29.966490495361853,0.0,2.6632584823916403,11.182663310868254,53.79752937465924,0,2026-09-07 10:52:32
2026-09-06 20:17:00,CNC-01,L,26.362674597501893,39.9051181695412,2466.409678974073,23.005315208919413,197.3623302433094,3.7131785915850974,10.610555037150215,48.4486273520003,0,2026-09-07 10:52:32
2026-09-07 05:52:00,CNC-01,L,295.6468632082498,310.06378505150946,2028.79182935659,35.86295283411078,190.64524917021433,3.321112102828053,13.58599185226775,60.24282091855715,0,2026-09-07 10:52:32
2026-09-07 07:53:00,CNC-01,L,300.6234733869674,308.78460686573123,1715.0978426971055,39.69839636563915,151.4108385859719,2.6562168425180483,12.610441034370446,47.47599680435246,0,2026-09-07 10:52:32
2026-09-07 06:15:00,CNC-01,L,295.3922472270733,308.62761785470605,1988.8425019566364,31.427839276403255,13.456653795170887,2.612002368771365,12.079038650801031,62.76076958649782,0,2026-09-07 10:52:32
2026-09-06 16:53:00,CNC-02,M,299.4226302345303,313.72652458345414,1814.509838559996,38.85789730780442,121.95943110044486,2.6838082067414657,13.024445088125876,53.97397061654301,0,2026-09-07 10:52:32
2026-09-07 02:34:00,CNC-01,L,297.1224004962318,309.8134946224599,2646.0354284320733,16.944410589717176,178.1756478341589,3.8338068300591224,8.585056957973563,50.456219595511925,0,2026-09-07 10:52:32
2026-09-06 22:10:00,CNC-03,H,299.9469790843905,312.4552482544238,2737.924650102781,15.296133237842508,228.7283838817817,4.097026136349196,7.804340340870896,50.35196557934105,0,2026-09-07 10:52:32
2026-09-06 15:47:00,CNC-03,H,299.918581331182,313.32468802323643,1554.357004547344,41.94557494002773,10.489554999878589,2.20268886425827,12.140507248996526,50.06986261269559,0,2026-09-07 10:52:32
2026-09-07 08:47:00,CNC-02,M,295.5128693264105,310.5485925945518,1580.4721300307303,48.11152773108116,112.02522491070138,2.4432066554397,14.494692171817551,61.01607548905943,0,2026-09-07 10:52:32
2026-09-06 17:03:00,CNC-03,H,299.63890616891194,314.2024737706468,1850.9479565082938,39.89038046283574,119.5819868643631,2.555975877296989,13.713363685285772,50.90708992418227,0,2026-09-07 10:52:32
2026-09-07 04:37:00,CNC-02,M,295.9513679780549,309.3782864790839,2257.174231958661,23.01176489736151,225.19462219577082,3.6432985493702854,9.807162787605506,60.09942388014883,0,2026-09-07 10:52:32
