ts,machine_id,type,air_temp_k,process_temp_k,rot_speed_rpm,torque_nm,tool_wear_min,vibration_mms,current_a,humidity_pct,machine_failure,collected_at
2026-09-22 13:06:00,CNC-03,H,24.161921542114726,38.71197702758502,1496.0065831157156,48.6627518893725,172.80220945920655,2.391392792436927,13.588753896853836,55.220485435076,0,2026-09-22 23:22:54
2026-09-22 03:49:00,CNC-02,M,296.5161748142802,310.06424292040924,2395.8861711135087,25.497124346721478,100.082280276847,3.0497564468862244,451.38024174568756,62.37152503052326,0,2026-09-22 23:22:54
2026-09-22 04:47:00,CNC-03,H,296.1965907525728,310.5943351976998,2244.6493640692106,29.808121001681886,201.09591463114444,3.51644083880853,12.41301939776957,57.83894601137725,0,2026-09-22 23:22:54
2026-09-22 01:35:00,CNC-02,M,298.1600850121328,311.2717365576213,2595.6546300773152,19.43766962798211,167.11732597661566,3.463903714086501,9.426720733838673,53.33228827273865,0,2026-09-22 23:22:54
2026-09-22 20:10:00,CNC-03,H,299.4816974893959,311.74365361359673,2475.369625035755,19.77671308062306,62.9190296243205,,9.1104761028014,53.806688347023986,0,2026-09-22 23:22:54
2026-09-22 19:48:00,CNC-02,M,300.47205056846855,313.8232508674174,2310.2599900892897,23.794351480816793,102.70183989177168,2.9216066288712685,10.162541350978472,45.62732794231532,0,2026-09-22 23:22:54
2026-09-22 10:21:00,CNC-01,L,296.5614694431589,310.1848949836616,1419.2049554193704,47.718098232189156,18.809501765392014,2.0274646668436134,12.568179278010222,58.18667366464982,0,2026-09-22 23:22:54
2026-09-22 08:38:00,CNC-03,H,295.70086555117524,10582.454688208809,1592.5005525477732,45.70479658813503,10.451930063764257,2.1859099119670993,13.54583414575538,56.874958281516065,0,2026-09-22 23:22:54
2026-09-22 16:38:00,CNC-03,H,298.96173941808286,312.33884497238125,1997.598934443082,33.212379908915,25.819376489216985,2.530432828984974,12.35844391094371,54.50734850036982,0,2026-09-22 23:22:54
2026-09-22 11:33:00,CNC-02,M,296.74664610681236,310.80713045229925,1339.7305617931827,51.58310583563264,47.54166413904528,2.0431978084158895,13.00284411624142,56.59014588136637,0,2026-09-22 23:22:54
2026-09-22 14:53:00,CNC-01,L,298.1161456556057,313.26828107626864,1732.0244615193058,45.8879709779864,219.10308617651805,3.4169448037031027,14.793956435550209,53.83283371793225,0,2026-09-22 23:22:54
2026-09-22 21:52:00,CNC-01,L,299.37946216064404,311.7968525706583,2625.519962018053,17.749279151589445,93.59640313367207,3.2777644583007097,8.758997791505415,52.186828404136044,0,2026-09-22 23:22:54
2026-09-22 12:05:00,CNC-02,M,296.9018158571198,311.6351392056061,1418.2740213201223,52.23361657360149,98.35380302909041,2.1972012880688085,13.514417621273571,53.51764845113896,0,2026-09-22 23:22:54
2026-09-22 16:47:00,CNC-01,L,299.3976569313217,314.3517550567901,1918.9737568235719,40.575626674522745,151.2304546755746,26.98620528605431,14.6232991908058,51.28813055331093,0,2026-09-22 23:22:54
2026-09-22 04:05:00,CNC-01,L,297.4962299712813,310.8023778514478,2324.2816216520687,24.952896117798474,110.32480335468055,2.9445187392457255,,51.91002423413922,0,2026-09-22 23:22:54
2026-09-22 18:46:00,CNC-03,H,299.52935557441646,314.4297411317443,2187.003146043894,33.280493623168695,199.44554786010588,3.2633870486134087,13.535222424545802,48.3153233519267,0,2026-09-22 23:22:54
2026-09-22 16:13:00,CNC-02,M,298.9580127503728,313.5052134702103,1913.7235078450824,37.9076696552761,42.756257385735765,2.5266763642843157,13.633668774671987,52.94351078094351,0,2026-09-22 23:22:54
2026-09-22 00:27:00,CNC-01,L,298.78052883985845,312.0703392453592,2733.603801337137,21.32807694602256,86.01923687906752,3.353335360256946,11.038234130357267,53.56000699515588,0,2026-09-22 23:22:54
2026-09-22 16:18:00,CNC-02,M,299.3053263071781,313.2244317624167,1684.8183234115731,39.57808207813745,50.03184480241053,2.3816344298534458,12.28479764165058,55.383638108448665,0,2026-09-22 23:22:54
2026-09-22 22:56:00,CNC-02,M,299.31590429386637,312.256475257433,2663.9794568735842,17.80311084215866,109.76128530075766,3.338283258469222,8.820924206363708,50.07686571346369,0,2026-09-22 23:22:54
2026-09-22 19:40:00,CNC-03,H,299.7433255354773,312.28814593144193,2437.5954504770593,22.27555315569001,26.700927455916187,3.1013328175017114,10.066009490950863,51.35883302389497,0,2026-09-22 23:22:54
2026-09-22 12:22:00,CNC-03,H,297.1195668644685,311.2876433217223,1455.425394896012,48.01380925528438,103.25572532566719,2.1603769235282675,13.143544887651574,57.2910995798796,0,2026-09-22 23:22:54
2026-09-22 03:53:00,CNC-02,M,296.40788131816134,309.34314771690833,2527.8582346221447,21.095221577625964,104.80833896481211,3.31199809896603,10.242308002113283,57.81505358475713,0,2026-09-22 23:22:54
2026-09-22 21:30:00,CNC-02,M,299.9372960748759,311.99194739412513,2564.863078503716,15.874923156133447,15.629368027605517,3.0120832634319523,7.64421846462569,51.3197040592112,0,2026-09-22 23:22:54
2026-09-22 20:59:00,CNC-02,M,300.1367310566538,314.17305332715114,2376.9159889961206,25.539131049195138,185.85707380949788,3.453159250403855,11.05349642172023,53.51884826138287,0,2026-09-22 23:22:54
2026-09-22 13:38:00,CNC-02,M,297.53091290087275,312.0926589174887,1494.7941910450352,48.96327328188029,22.221233896364094,2.0655459959897726,13.690774996141519,51.82663442352795,0,2026-09-22 23:22:54
2026-09-22 09:54:00,CNC-03,H,295.93930926792774,310.4448957047109,1411.8597782903764,53.10237734419661,127.14010840418109,21.307963818230125,13.947924175760456,64.95182475076967,0,2026-09-22 23:22:54
2026-09-22 01:31:32,CNC-01,L,298.51376909592636,311.21360857267246,2724.679316474682,17.887814609409677,156.66474480293877,3.6498290423122937,9.096395141540807,53.109711477072025,0,2026-09-22 23:22:54
2026-09-22 11:48:00,CNC-03,H,296.99476344668034,310.36881767286377,1428.1464164268561,44.72883305698854,49.27592249636712,2.218038215613676,12.161913323352147,53.66018703859296,0,2026-09-22 23:22:54
2026-09-22 18:28:00,CNC-02,M,299.84644628015934,313.19021506105094,1993.9905649431616,31.523683931438146,2.6468713111021502,2.547088442252523,11.859167358992853,53.51460490810495,0,2026-09-22 23:22:54
2026-09-22 13:49:00,CNC-02,M,297.5713707327985,311.89003743258223,1442.795396919356,48.528290763171604,39.45947247571071,19.89128146275787,12.87319183766398,57.23916911969808,0,2026-09-22 23:22:54
2026-09-22 01:07:00,CNC-03,H,298.3442096279907,312.2397418186536,2559.1383586829947,24.35049601169178,170.43848692988752,3.4960666328238514,11.407974414221426,53.43689444918543,0,2026-09-22 23:22:54
2026-09-22 13:43:00,CNC-02,M,297.8167781887622,312.0616269897348,1465.6490877551157,49.59797437657612,30.051825026911843,2.2196499142400565,13.74841899064937,55.47450366232779,0,2026-09-22 23:22:54
2026-09-22 18:21:00,CNC-02,M,26.90140597330128,41.72763319410478,2182.454257094875,31.597916054554492,219.16325542458065,34.93646011511914,13.000326078133542,51.295756250408346,0,2026-09-22 23:22:54
2026-09-21 23:25:00,CNC-01,L,299.25810446204514,310.8230149593986,2705.8275594463335,14.803839270042104,20.21131890270568,3.204548584430119,7.292140912740784,52.547089383282774,0,2026-09-22 23:22:54
2026-09-22 08:25:00,CNC-03,H,295.8399092261861,310.80034735624383,1627.4609363044724,46.34429996888761,245.93789997086392,3.1661873597031205,14.19029972998187,54.48063040537805,0,2026-09-22 23:22:54
2026-09-22 02:04:00,CNC-02,M,297.6148504056173,310.49334236807437,2723.02447886142,17.265605939467545,198.4985803152069,3.9639449573482746,8.90361775285731,57.41389028531641,0,2026-09-22 23:22:54
2026-09-22 12:42:00,CNC-01,L,24.02952758034371,37.99760721320803,1418.9574518861316,49.92463025480272,14.281612878548556,2.120912539006559,13.188750896359469,60.70593597585517,0,2026-09-22 23:22:54
2026-09-22 06:17:00,CNC-02,M,296.0204026802125,309.68019553154545,1925.1199674753534,33.295242371254986,45.167365877665205,2.3961955954863683,11.561640218878255,62.31103984277932,0,2026-09-22 23:22:54
2026-09-22 22:33:00,CNC-03,H,299.30775707010883,311.953033462075,2781.7213898511454,15.185200284626667,223.9613975419377,4.055358123070061,7.790434892246685,58.00478377439999,0,2026-09-22 23:22:54
2026-09-22 06:04:00,CNC-02,M,296.18555240930095,310.00722078378993,2091.529156898439,32.50724997190565,27.705366319551768,2.621489466561603,12.553973437927503,61.74368758798465,0,2026-09-22 23:22:54
2026-09-22 15:37:00,CNC-03,H,298.3559877123541,313.6152744899073,1633.8180948929335,49.80680511947081,188.78389411361223,2.735106579420357,15.053528067825074,54.53376726439011,0,2026-09-22 23:22:54
2026-09-22 12:28:00,CNC-03,H,24.019922918344776,38.75679063498649,1408.2471279785434,54.4238201466539,112.80089877208715,2.112614548571837,13.928239127315388,53.53893097350538,0,2026-09-22 23:22:54
2026-09-22 19:49:00,CNC-01,L,299.9683238460735,313.55344423722346,2534.8226535574254,23.265116795151144,186.76866522797428,3.6946746562322206,11.0501077470258,51.69917176728534,0,2026-09-22 23:22:54
2026-09-22 07:04:00,CNC-02,M,296.2034124307188,310.2878917085917,1791.1977269310007,37.124789977963836,109.83490971318425,2.427765509014891,12.350144338720645,,0,2026-09-22 23:22:54
2026-09-22 22:01:00,CNC-03,H,299.6747938277953,313.2391713183193,2527.5148781752214,23.364724346687808,189.2285062854045,3.3796688165319395,10.764297849675142,52.745258854719765,0,2026-09-22 23:22:54
2026-09-22 13:21:00,CNC-02,M,24.611058509369343,40.1693729788455,1390.5848040145897,55.25820583646231,218.94361589458984,2.8054619863280905,14.330810522457071,54.8199825631837,1,2026-09-22 23:22:54
2026-09-22 11:47:45,CNC-02,M,296.88190528481744,311.24415415523634,1395.8273990503055,50.69891826126301,69.826359856211,2.070185205534825,13.233896878633226,57.87337003063001,0,2026-09-22 23:22:54
2026-09-22 22:57:00,CNC-01,L,299.03841561469784,311.5368870218064,2615.8327778070816,16.795548820710568,163.9886695066772,3.6019176661779184,8.108128831283215,54.64671508802985,0,2026-09-22 23:22:54
2026-09-22 04:48:00,CNC-02,M,296.35223368615635,310.56160498086143,2285.6472969389706,29.595092478612955,6577.5309710719885,3.238025168346771,12.691302956698571,58.044091754872966,0,2026-09-22 23:22:54
2026-09-22 22:14:00,CNC-01,L,299.40742943558615,311.6563460114689,2599.504880994988,17.32364128210508,117.5409825839475,3.272680035508587,8.36875548388414,53.889392304757465,0,2026-09-22 23:22:54
2026-09-22 05:52:00,CNC-02,M,296.063661368415,309.3345349344024,2106.784484562151,28.941883398281064,11.733624535692677,2.6712405498317726,11.570710704902401,55.76834241551286,0,2026-09-22 23:22:54
2026-09-22 10:52:49,CNC-03,H,296.5202243632248,311.5997324828248,1480.982350275081,52.012909883968355,218.21342337474093,2.6961540390475296,14.513587523454655,59.698149359888646,0,2026-09-22 23:22:54
2026-09-22 14:11:00,CNC-03,H,297.6476720935583,311.5974426314312,1441.1504617064418,47.03293378603215,57.78407702530218,2.059585766684803,12.430994600505986,55.302394676214206,0,2026-09-22 23:22:54
2026-09-21 23:51:00,CNC-03,H,299.1440779874418,311.19780237917223,2750.246285909682,14.586368826944963,89.42600860238083,3.2857886778598515,7.499128429190096,47.89477315799629,0,2026-09-22 23:22:54
2026-09-22 18:47:00,CNC-01,L,299.69536297502077,313.4243783989419,2279.3374000958547,27.906568509266425,109.78281325021251,3.033354503624455,11.897189683131192,54.26213542110973,0,2026-09-22 23:22:54
2026-09-22 02:52:00,CNC-03,H,302.29545007172754,308.26254387875576,2662.9377343886185,15.96167678205139,65.12019468170226,3.235531284525579,7.945241425472797,44.09864501231196,0,2026-09-22 23:22:54
2026-09-22 03:30:00,CNC-01,L,297.66978882403396,310.9618663984027,2433.3532541786644,25.3184945511788,68.76337166472479,3.0539876775527457,11.563637323305668,56.85226168828507,0,2026-09-22 23:22:54
2026-09-22 11:19:00,CNC-01,L,297.00818344557575,311.2525619357821,1377.6936825098317,50.680706637872866,110.30315087560157,2.1845710515473797,13.213231513134337,56.73263217654019,0,2026-09-22 23:22:54
2026-09-22 02:05:36,CNC-02,M,297.5697056850221,310.61283697361694,2604.5402205758573,19.147953110620115,199.59622630763738,3.735925297505153,9.229012771135062,54.79012071067862,0,2026-09-22 23:22:54
2026-09-22 00:49:00,CNC-02,M,298.49669305498975,310.01776774019976,2739.2357647108047,11.883783634080292,117.72219038978189,3.3956455537673267,6.264539419898721,55.6088364190795,1,2026-09-22 23:22:54
2026-09-22 06:01:00,CNC-02,M,296.15258445405345,310.6301458843902,2197.8355687411936,33.88218542941244,23.78399323445722,2.8133207099876287,13.810069836904246,59.52293789908232,0,2026-09-22 23:22:54
2026-09-22 12:26:00,CNC-01,L,24.126816991648184,38.81549302889209,1342.4198169275398,51.827517555211486,216.711588618691,2.9193234802968613,12.883834357660191,58.09929119019624,1,2026-09-22 23:22:54
2026-09-22 22:15:00,CNC-01,L,298.91281505703887,311.5249210350804,2674.6739292075895,17.871329334973115,118.5993863082714,3.367020371785254,8.831375876223314,59.17402838902301,0,2026-09-22 23:22:54
2026-09-22 11:21:00,CNC-01,L,296.8018715919063,310.9156252642911,1383.9962233666897,51.52725901825239,113.4924619183009,2.2815070861102296,13.336363442597081,55.669442753976284,0,2026-09-22 23:22:54
2026-09-22 03:24:00,CNC-01,L,297.94391408836333,310.64085963409053,2453.618301288225,22.52953202228197,61.7153003287213,30.167570970283776,10.204295290341365,54.791120354087404,0,2026-09-22 23:22:54
2026-09-22 20:18:00,CNC-03,H,299.54578480040595,312.3484333671707,2262.6066033523825,24.26606688391978,72.36085904249485,2.88289236583602,10.187020732399343,49.863736442934766,0,2026-09-22 23:22:54
2026-09-22 00:28:00,CNC-01,L,299.0949063828715,310.98388664697916,2659.293703834789,15.772557823081668,87.10457434752266,3.1751754675135175,7.768930526797962,52.799086962802185,0,2026-09-22 23:22:54
2026-09-22 04:34:00,CNC-03,H,296.1454509861076,310.2245466885304,2375.667209008207,28.096454467925227,185.01199901731945,3.4191617242656624,12.557291454900648,60.7357406303112,0,2026-09-22 23:22:54
2026-09-22 20:18:01,CNC-01,L,299.56231644921263,313.69881750617463,2525.4650517505775,25.383847119517167,220.0609316453812,4.026196132119666,11.86400269645496,52.691804893363376,0,2026-09-22 23:22:54
2026-09-22 11:37:00,CNC-03,H,296.4461152377399,309.9609820656776,1320.1643647328729,50.86283928845936,31.836841310845788,1.9310880655692269,12.622946296918734,58.85031337746481,0,2026-09-22 23:22:54
2026-09-22 07:27:00,CNC-03,H,295.721951204103,310.35716426031826,1792.3091620278597,41.9730279142934,161.0283311808894,2.693537692660255,14.08443884865632,59.474509803561666,0,2026-09-22 23:22:54
2026-09-22 11:09:00,CNC-01,L,297.0042114861271,311.71473492787754,1415.6747437214467,54.34165030594047,94.44036282290759,2.254757674001136,14.559405110662789,54.41805090442757,0,2026-09-22 23:22:54
2026-09-22 08:25:00,CNC-02,M,296.08993500146124,310.07349614896543,1651.4079403601088,44.016429243503055,2.950242854003797,2.2308121445138354,13.656347007072885,53.917585385278976,0,2026-09-22 23:22:54
2026-09-22 12:43:00,CNC-03,H,24.0793767090222,38.609050068353554,1446.0166732190607,,136.56904525659175,2.2208666401799646,13.984122982863699,55.85699992314101,0,2026-09-22 23:22:54
2026-09-22 11:50:00,CNC-02,M,296.7074674713417,310.97157374593974,1419.626897226176,48.752006171494386,74.59625461567327,2.1487595378123148,13.244763988991526,55.87421400501496,0,2026-09-22 23:22:54
2026-09-22 03:02:29,CNC-02,M,296.98184777319415,309.0775998845998,2477.9078890517353,17.828576171736245,45.32334895639459,3.127631453512537,8.349989720784986,57.49627176620807,0,2026-09-22 23:22:54
2026-09-22 18:17:00,CNC-02,M,26.838848718502277,42.07384104653977,1895.4132023270035,39.81742730438964,213.94474372036845,3.4026792703242723,14.281083806693305,49.86611862607206,0,2026-09-22 23:22:54
2026-09-22 08:15:00,CNC-02,M,295.94131942357535,311.05027655304104,1502.6938026204862,48.99965163557296,211.93425906356822,2.9747357456387578,13.641408545558576,57.34575347503656,0,2026-09-22 23:22:54
2026-09-22 13:18:00,CNC-01,L,24.57244391151238,38.33724945716284,1365.6751094315637,48.165654141952196,71.44816612746446,2.0667563123331196,12.379170198151115,59.50778166336069,0,2026-09-22 23:22:54
2026-09-22 18:19:00,CNC-03,H,26.24799404616664,40.745948947064846,2164.455569293897,33.1493669509883,164.6304104536442,3.066663439932229,13.537232934184798,50.478453764086375,0,2026-09-22 23:22:54
2026-09-22 17:16:00,CNC-01,L,299.2859224121793,313.99595071633786,1982.3240150892177,36.57953380117335,191.650879991566,3.2764068431978752,13.589055405698005,48.89554395341816,0,2026-09-22 23:22:54
2026-09-22 15:28:00,CNC-02,M,298.51718460588023,314.08869747335984,1691.2407531530175,46.42624871430881,191.31486872884733,27.69031368044312,14.845524600218013,53.76745419049512,0,2026-09-22 23:22:54
2026-09-22 01:20:00,CNC-03,H,298.204693790045,311.4392706707283,2706.4945942181694,,184.3692249967735,3.6905788308289043,10.48197595805467,52.9050841105049,0,2026-09-22 23:22:54
2026-09-21 23:51:00,CNC-01,L,299.1060596560542,310.6680189733058,2797.5562753707527,14.009966541351538,47.787483195570914,3.421649965360726,7.445615546189663,51.47205080614736,0,2026-09-22 23:22:54
2026-09-22 12:57:00,CNC-01,L,24.474841112850072,38.32828590268957,1421.682453037874,48.277020831962666,38.10270157532911,2.116050133235128,13.049149619664789,53.375767350724395,0,2026-09-22 23:22:54
2026-09-22 15:10:00,CNC-02,M,298.76058058347746,313.11204279023747,1659.9517012139725,41.292659569922655,164.03914525749397,2.6211820931778704,12.64181942488309,55.553256490118955,0,2026-09-22 23:22:54
2026-09-22 18:28:00,CNC-01,L,299.973190992152,313.9477909239985,2055.7720615703956,33.361271148300204,85.35500236209404,2.726309526975324,13.00417854371396,52.578331584380344,0,2026-09-22 23:22:54
2026-09-22 02:00:00,CNC-01,L,298.54139730438686,311.4644955233687,2725.662737385104,17.67765879528003,186.07545634890513,3.9338571315893764,9.31092571060229,51.90555088186812,0,2026-09-22 23:22:54
2026-09-22 04:51:00,CNC-03,H,296.1490436979801,310.7404291654479,2262.1395079391023,29.882116361706426,206.07570372563853,3.354312571356588,12.385525437236579,57.986543466108394,0,2026-09-22 23:22:54
2026-09-22 08:23:00,CNC-02,M,296.0305215059278,310.1661310554376,1637.5958085877883,45.280250016964324,0.0,2.315186646273861,13.856155605645027,58.63802134332513,0,2026-09-22 23:22:54
2026-09-22 12:26:00,CNC-03,H,23.817027791155283,37.93892782064563,1364.5380402877145,50.59215101889986,109.60396077988857,2.170252195702079,13.001148120342389,56.43460940685947,0,2026-09-22 23:22:54
2026-09-22 09:25:00,CNC-03,H,296.2871950179849,309.66434869670053,1465.4335003288604,41.249398305873406,82.13953829322698,2.2476677176244584,11.308070140277243,54.53780845552852,0,2026-09-22 23:22:54
2026-09-22 14:04:00,CNC-02,M,297.8498425644798,311.6552630729935,1324.5830281829585,48.641784851568254,62.942397793815964,2.1309169665289565,12.097402527369834,54.66831023670739,0,2026-09-22 23:22:54
2026-09-22 11:32:00,CNC-02,M,296.53660371354476,310.6185951962934,1420.4365959626039,48.78083713011028,45.94302989057447,2.013184889949393,13.094341574220266,57.141975492826035,0,2026-09-22 23:22:54
2026-09-22 16:58:00,CNC-02,M,304.9951164087805,313.5930129388999,1646.801078697905,44.48469823806616,107.08661962094837,2.356497099355337,13.699791474280198,42.400788613751395,0,2026-09-22 23:22:54
2026-09-22 23:00:00,CNC-01,L,298.91419590521684,312.2653280596619,2528.0580082751985,22.452301222810664,167.22199385729525,3.5318434464448427,10.667095216742885,48.82233991433239,0,2026-09-22 23:22:54
2026-09-22 07:37:00,CNC-01,L,296.14280959454334,311.23712239063445,1831.480244664718,42.490702788449894,187.176738921975,3.01586018181267,14.79646698944531,54.069768302588315,0,2026-09-22 23:22:54
2026-09-22 01:24:00,CNC-02,M,298.0775110930459,310.49280194155597,2661.2620291481544,15.540519394965122,155.18926260257226,3.4028701926359104,7.639724918921604,51.931149909786306,0,2026-09-22 23:22:54
2026-09-22 07:52:00,CNC-02,M,296.08355609176533,310.7705127138189,1636.8532207221106,44.599250550760395,178.09306011574202,2.7899891671836117,13.55574060289296,59.90522498503331,0,2026-09-22 23:22:54
2026-09-22 02:16:35,CNC-01,L,298.35907422793866,311.5795345216459,2548.3223778417496,20.515871208854534,203.8504623735653,3.8665770158851727,9.9726785049471,53.42795372096906,0,2026-09-22 23:22:54
2026-09-22 00:54:00,CNC-03,H,298.5997647304076,310.8595444552892,2674.129721101995,14.903133080658527,156.4461803615598,3.308249218500404,7.487680901447092,53.689184335255845,0,2026-09-22 23:22:54
2026-09-22 03:06:00,CNC-01,L,298.1149132141987,311.031319719612,2554.023092757803,21.05063134711675,40.92188204726037,3.1147898839177763,10.268274684550247,51.36664483995639,0,2026-09-22 23:22:54
2026-09-22 22:09:00,CNC-01,L,299.53368117777427,311.43369326975665,2656.887950955443,15.435188374150727,112.16008603864802,3.405960107727215,7.708331659470174,55.22008338561364,0,2026-09-22 23:22:54
2026-09-22 02:57:00,CNC-02,M,296.86473594471903,310.1728227276659,2463.7862570770176,24.290882615507485,39.59308101580621,2.992691418537388,11.404942627909184,55.8524792907275,0,2026-09-22 23:22:54
2026-09-22 12:48:00,CNC-03,H,24.0776933387981,38.9040480922925,1505.4974156407472,52.83605893038301,144.4999043810823,2.365790315192221,14.804090008038525,58.338227315552345,0,2026-09-22 23:22:54
2026-09-22 14:00:00,CNC-02,M,297.85447257059093,312.0939619332724,1361.3287260258712,52.18926776148394,56.71025940808073,2.0265290633609485,13.341715683407914,,0,2026-09-22 23:22:54
2026-09-22 20:11:00,CNC-03,H,299.6861131367258,312.6976439515898,2466.5809976060796,23.427295447932433,64.06454911145734,3.034578824940583,10.814419272545365,50.3134324868321,0,2026-09-22 23:22:54
2026-09-22 19:18:00,CNC-03,H,299.68617345548074,312.22914131378144,2331.856437947252,23.54182261145955,0.0,2.890741410094476,10.140170388563613,56.208810742968645,0,2026-09-22 23:22:54
2026-09-22 15:08:00,CNC-02,M,298.51125626836625,313.80152245227293,1595.9254023844621,50.4190529391658,161.0337258949898,2.600393295472103,15.168534850207507,50.4917300743528,0,2026-09-22 23:22:54
2026-09-22 13:59:00,CNC-03,H,297.43448257705063,311.5449145108147,1437.4216802016592,48.949156886986046,39.17928783726463,2.090632931477843,13.261803327662461,52.23787990875712,0,2026-09-22 23:22:54
2026-09-22 22:34:00,CNC-02,M,299.8231454862747,311.6197176308661,2865.0034859758234,12.775697398889447,86.05836656532418,0.0,6.843261770722839,55.030881605183,0,2026-09-22 23:22:54
2026-09-22 19:58:00,CNC-01,L,299.7283312024261,313.6672164555578,2305.5712924218196,27.039526556390374,197.51721300720232,3.6834288884052095,11.47317279696549,52.558535464886255,0,2026-09-22 23:22:54
2026-09-22 00:12:00,CNC-01,L,299.1070042304219,310.50424570707276,2716.4655223975287,12.57033128463421,70.06107915018784,3.2857333995272953,6.566330541424463,54.72595035677632,0,2026-09-22 23:22:54
2026-09-22 16:46:00,CNC-03,H,298.8482732486182,312.5017153679109,1797.6507475507958,38.48867111966565,37.378479471251524,2.452079944140619,13.227525235255184,46.35009206041872,0,2026-09-22 23:22:54
2026-09-22 21:43:00,CNC-01,L,299.51416706582563,311.4309871697086,2511.905790945576,16.897990926171985,83.77790636898561,3.1829585735259043,8.102668201630253,,0,2026-09-22 23:22:54
2026-09-22 02:38:00,CNC-01,L,298.06245191409835,309.3791023455807,2718.650137210814,14.069205498928897,8.906591342698725,3.2436739079516106,7.257363045221968,55.245211526719565,0,2026-09-22 23:22:54
2026-09-22 17:13:00,CNC-01,L,299.240824716646,313.72645868442066,2022.6027817429047,35.005305160824484,187.5457731849456,3.1863775576458973,13.32581820438092,53.10802785554151,0,2026-09-22 23:22:54
2026-09-22 11:50:00,CNC-03,H,296.84442481401663,311.13245791407905,1436.6651892021675,50.83095643935356,52.444850060353964,2.1163230678666536,13.318005975256554,59.5942864658757,0,2026-09-22 23:22:54
2026-09-22 07:53:00,CNC-01,L,296.0245145537458,309.7070041881619,1890.3170236589895,36.27576669738802,11.548828024156432,24.95349240223746,12.689044042760145,56.60304442759542,0,2026-09-22 23:22:54
2026-09-22 21:48:00,CNC-02,M,299.83500502510634,311.6906055860235,2612.8729910432507,14.658927408478064,35.63771541486632,3.204781519753904,7.214777562337826,53.813143303007024,0,2026-09-22 23:22:54
2026-09-22 23:01:00,CNC-01,L,298.9581868018654,311.4113814351019,2675.7514158698777,16.704703012356514,168.28716377215198,3.7005701017905785,8.383604178622322,55.66984161325674,0,2026-09-22 23:22:54
2026-09-22 16:12:00,CNC-02,M,299.2723394274021,313.45250602734995,1507.3071293022392,48.032990087599174,41.374618241618826,2.109403472709484,13.438887840855333,51.38455110520915,0,2026-09-22 23:22:54
2026-09-22 13:38:00,CNC-03,H,297.7009603288311,311.3372482253971,1356.485980428248,51.431205697814086,6.286010987307581,2.063269408462033,13.276321984581331,52.846960597293005,0,2026-09-22 23:22:54
2026-09-22 13:27:00,CNC-02,M,24.634747325730302,38.67036813048753,1367.6255089100887,51.77953550493482,4.783451960764001,1.880038928230119,13.393175818256323,57.72499618519464,0,2026-09-22 23:22:54
2026-09-22 05:52:17,CNC-03,H,296.15991746186813,309.46408447896226,2172.118456622746,27.967450390371756,28.539582838228277,2.706133052799133,11.552758167932755,61.75653331016814,0,2026-09-22 23:22:54
2026-09-22 01:38:00,CNC-03,H,297.9488751539915,311.65481352001734,2575.699442243335,22.84304360727017,203.9795357639263,3.717395074708845,10.924010436917634,48.56234215618018,0,2026-09-22 23:22:54
2026-09-22 00:18:00,CNC-02,M,298.60595973685395,310.1739251715326,2709.2873330400516,13.45153569758517,84.62843433465865,3.294848307758159,6.818337137155985,53.88419170935015,0,2026-09-22 23:22:54
2026-09-22 00:19:00,CNC-02,M,298.7557768669709,310.99535901558954,2669.179947783463,17.234833321936527,85.69475994573547,3.2824714813429288,8.427329129890698,49.14521219257314,0,2026-09-22 23:22:54
2026-09-22 13:17:00,CNC-03,H,24.129017335452374,38.96548239754247,1479.2041652897688,51.685902809410656,190.18002832024402,2.5455112717279142,14.727976104843371,58.50247161767347,0,2026-09-22 23:22:54
2026-09-22 13:31:00,CNC-01,L,297.7975843824509,312.0610405219274,1567.9359965279218,47.7924329538858,91.9546065641357,2.2171254353460874,14.00564790758629,54.93476015731493,0,2026-09-22 23:22:54
2026-09-22 17:04:00,CNC-03,H,298.8591479932649,313.07997089700007,1760.2030676233162,42.2802356520761,62.762507592696245,2.36685945233702,13.96598931275485,53.63496120353117,0,2026-09-22 23:22:54
2026-09-22 01:00:00,CNC-02,M,298.2875445850438,310.5959215217422,2673.7958806205825,16.56862638171703,129.40221447378136,3.3913980676871613,8.317745193391634,56.44362892701786,0,2026-09-22 23:22:54
2026-09-22 02:39:00,CNC-02,M,297.2682107477665,308.66208414757097,2649.4895679263427,13.779142755598315,18.95023562884046,3.17296655408177,6.9864463606549405,55.19892972146676,0,2026-09-22 23:22:54
2026-09-22 22:49:00,CNC-02,M,299.32446521396395,311.8382812834336,2553.831247863477,16.971378641091764,102.37006630426082,3.0969025063928615,7.911678601487886,53.35480097709593,0,2026-09-22 23:22:54
2026-09-22 05:42:00,CNC-02,M,296.0857612471201,310.8247565988707,2061.3774136837364,33.42195484326094,240.67797081193697,3.802460482654877,12.827048628605535,60.58139248766728,0,2026-09-22 23:22:54
2026-09-22 19:19:00,CNC-02,M,300.73171072721067,313.8667500782205,2256.9867247956386,24.169396611528995,0.0,2.805951683623658,10.415391149541845,49.23168029146116,0,2026-09-22 23:22:54
2026-09-22 10:45:00,CNC-03,H,296.45861840059047,310.95478281803685,1329.338736839348,51.93841641119801,207.18208526136976,2.570215557949336,12.818351919441076,58.701086607117965,0,2026-09-22 23:22:54
2026-09-22 07:49:00,CNC-03,H,295.6711598564492,310.598086001214,1725.8347322103905,44.51687593549659,192.70575477519273,2.7667569666342087,14.454742686264572,60.2395818897833,0,2026-09-22 23:22:54
2026-09-22 02:35:00,CNC-03,H,302.7844854646907,308.5137610032553,2623.163861225599,15.708156275381207,46.006580197282894,3.194409322363861,7.5316015306613115,47.52801474040192,0,2026-09-22 23:22:54
2026-09-22 02:27:00,CNC-03,H,303.205885128416,309.43155960640456,2711.79282684164,16.90968948842481,37.09993025051716,3.3351236268741893,8.483843475797036,48.492098159505744,0,2026-09-22 23:22:54
2026-09-22 19:27:46,CNC-01,L,299.53285829520865,313.80568567714596,2112.264532193326,33.12609015500108,161.09643299807416,3.126287342163575,,55.54468300917592,0,2026-09-22 23:22:54
2026-09-22 02:03:00,CNC-02,M,297.6023657983862,310.5115089290417,2639.5864519763577,19.05180936780336,197.43334505815423,3.8946559346126435,9.6611377736726,53.74947387367922,0,2026-09-22 23:22:54
2026-09-22 05:50:00,CNC-01,L,296.4946362331298,310.39237322737404,2078.93794090844,33.781518932981655,39.11211354581904,2.67124133796219,13.079232819082284,61.31704221860503,0,2026-09-22 23:22:54
2026-09-22 05:56:00,CNC-01,L,296.77224858506935,311.013683369538,2096.366585276418,35.728176413676756,47.0654773256797,2.669251664958588,14.004359630558325,55.614202859847765,0,2026-09-22 23:22:54
2026-09-22 18:32:00,CNC-01,L,299.6697398901382,314.08036221709654,2203.319032838094,34.25147011096287,90.49597010308804,2.8215867744223537,13.85846904046063,50.50137086431874,0,2026-09-22 23:22:54
2026-09-22 17:24:00,CNC-03,H,25.580826207928965,39.98000534607735,1808.1283107912056,41.298161174684644,90.59340446530928,2.557984870973231,13.932541741402643,47.69275553863183,0,2026-09-22 23:22:54
2026-09-22 04:42:00,CNC-01,L,302.39663023693436,310.7980581370642,2350.7966229612257,30.022575757201192,155.5391048641713,3.295130786710179,12.909671365819516,49.5718641098011,0,2026-09-22 23:22:54
2026-09-22 23:05:00,CNC-02,M,299.29347826016254,311.7728640362724,2630.7544027310623,16.83867099093199,119.48756108846652,3.364563008898396,8.185311894361032,55.25141123542216,0,2026-09-22 23:22:54
2026-09-22 00:21:00,CNC-02,M,298.68865811212214,311.27627532224955,2822.0721793575103,16.95093503810535,87.79366568952179,3.410925589658243,8.96995853686071,51.910189409187986,0,2026-09-22 23:22:54
2026-09-22 15:25:00,CNC-02,M,298.9646922577783,314.08918517687346,1532.0946770920864,49.34289329055657,186.80979595745623,2.6177495958676493,14.1919073624161,53.3309217050906,0,2026-09-22 23:22:54
2026-09-22 16:26:00,CNC-01,L,299.287988544227,313.7458970404362,1823.9133437508133,39.13544526432727,4642.393070051921,2.5420932952209654,13.340391196303685,52.07984192211822,0,2026-09-22 23:22:54
2026-09-22 11:53:00,CNC-02,M,296.532363742869,311.2391762343664,1391.3363731181837,53.56578186340473,79.34235362484878,2.000859086271185,13.695551043029347,57.334071749271146,0,2026-09-22 23:22:54
2026-09-22 15:11:00,CNC-03,H,298.2695729360107,312.5536067874475,1734.4805512839669,39.56327907308707,149.6224824621028,2.5818937560824105,12.597561965585033,53.801423150622504,0,2026-09-22 23:22:54
2026-09-22 10:57:00,CNC-02,M,296.4314562072718,311.44381149550975,1352.8693112560657,54.23955872144952,238.18295219787169,3.055047994050283,13.781563383856131,61.487831147249025,1,2026-09-22 23:22:54
2026-09-22 07:56:00,CNC-02,M,296.17693056426975,311.6358896859651,1870.901332472965,43.521935878231986,183.8959030299452,3.018834193976792,15.447784883681281,57.34390591823855,0,2026-09-22 23:22:54
2026-09-22 20:16:00,CNC-03,H,299.46123487718154,312.1510829697156,2461.9702368793855,21.21710216632129,69.97369472797874,3.1132861929437072,9.78288158948861,48.312881472437596,0,2026-09-22 23:22:54
2026-09-22 19:55:00,CNC-03,H,299.54721935007086,312.71387255898406,2448.327735132867,24.38786937855404,44.95918673089569,2.9981834559071268,11.102967439005061,53.20071860693498,0,2026-09-22 23:22:54
2026-09-22 20:18:00,CNC-02,M,300.5193050150758,314.128648296173,2322.8690039133294,25.15600584153054,138.38459633798794,3.0321583785372517,10.789406416791342,52.64431944397334,0,2026-09-22 23:22:54
2026-09-22 12:57:00,CNC-03,H,24.152673527357592,39.00702019852736,1518.7266760310663,49.253018400611346,158.65697839829406,2.3784586800670517,14.291142239569902,56.5925012409016,0,2026-09-22 23:22:54
2026-09-22 10:03:00,CNC-02,M,296.2393945361068,310.85992642247083,1491.4273400876425,46.83878984925264,152.93834331040514,2.355703732523717,13.101444004288297,60.34957269641058,0,2026-09-22 23:22:54
2026-09-22 01:48:00,CNC-03,H,303.65377952012955,310.9194296551004,2552.4638191341637,19.364288209472146,214.9129526510097,3.750325698104021,9.293600594710572,44.28757195519075,0,2026-09-22 23:22:54
2026-09-22 13:53:00,CNC-01,L,297.8995541632721,312.3580869612851,1496.3287444494456,49.1344581761684,126.52009040927712,2.3375825005000297,13.650696959384401,51.494563573036515,0,2026-09-22 23:22:54
2026-09-22 10:56:00,CNC-01,L,296.4637573543558,310.2648313711908,1303.708491684126,50.812247519268105,74.01367142087523,2.104330747113334,12.371067040068048,58.82265834757736,0,2026-09-22 23:22:54
2026-09-22 09:59:00,CNC-03,H,296.12669676423604,309.91165593103,1389.0825229840564,47.65577022210103,134.9782318203825,2.202590107327464,12.264969020454062,56.683300242196886,0,2026-09-22 23:22:54
2026-09-22 16:23:00,CNC-02,M,299.3489778756485,313.84474327435004,1816.7420495447018,40.95530003874324,57.25925640321258,2.52800935840951,13.863239404597762,51.23048625055032,0,2026-09-22 23:22:54
2026-09-22 03:17:00,CNC-01,L,297.91589717796774,310.0388687066594,2447.791845850091,19.086071178341683,53.652242843536264,3.0616198776239734,348.2715824153453,53.84411553130215,0,2026-09-22 23:22:54
2026-09-22 18:05:00,CNC-01,L,26.67195761804072,40.340080981422545,2113.038927177546,31.175308204016986,55.080802051664996,2.859262946273481,12.288251041097572,48.553427090510716,0,2026-09-22 23:22:54
2026-09-22 09:08:00,CNC-02,M,296.11412403754935,310.36445913421494,1488.2127579340147,47.90047035526295,67.97179369315762,2.2280810607806076,13.457647030630286,60.62021844978646,0,2026-09-22 23:22:54
2026-09-21 23:26:00,CNC-03,H,299.1516348688585,310.02711913619765,2763.055788662173,10.667088229749275,62.62635375179043,3.2915213645075454,5.267894953370006,51.335843186530454,1,2026-09-22 23:22:54
2026-09-22 01:58:00,CNC-01,L,298.58601340593276,311.34953770531445,2566.072713429057,18.588476403947045,183.93742433281577,3.6243647799768266,8.731265456867522,53.976643286550726,0,2026-09-22 23:22:54
2026-09-22 15:20:00,CNC-01,L,298.66606206749753,312.26041140790505,1540.3154463526164,42.83858285429904,24.048490249326353,2.1891154888706934,12.202761328481044,52.36626738439248,0,2026-09-22 23:22:54
2026-09-22 15:35:00,CNC-03,H,298.22356073429296,313.00024647362466,1454.4207964852922,50.173065431152075,185.8053326328684,2.5081422429712523,13.709827897427509,53.23801892045402,0,2026-09-22 23:22:54
2026-09-22 18:02:00,CNC-02,M,26.757480506699665,42.407491155670414,2062.8315302611436,39.20171037882233,194.24294707142758,3.2486162093431017,15.102135885588304,53.475786145460454,0,2026-09-22 23:22:54
2026-09-22 05:48:00,CNC-03,H,295.92941852211305,308.8621641099101,2299.315161236898,26.282682868875323,24.572701642566717,2.8447472857551364,11.084431583880706,54.994633347592995,0,2026-09-22 23:22:54
2026-09-22 15:59:00,CNC-03,H,298.4923615436682,313.9737297340421,1599.1976185279775,51.47980909734313,221.35793543988166,,15.670025027368586,53.66888929150254,0,2026-09-22 23:22:54
2026-09-22 03:28:00,CNC-02,M,296.69689865551675,309.75525718955873,2473.324561332004,22.555368343412542,75.27360156150704,3.0036330339216164,10.440314699364453,56.000493754634206,0,2026-09-22 23:22:54
2026-09-22 00:48:00,CNC-03,H,298.4392735309049,310.95538200212167,2751.440078082238,17.664776120170718,150.14021237575653,3.4335058181384412,9.539613935282905,52.77947131496065,0,2026-09-22 23:22:54
2026-09-22 07:37:00,CNC-02,M,296.0231016163884,310.46821908332237,1701.191454779173,39.5204084775183,156.36292769654557,2.6411135936137424,12.766034170016082,58.4351650043731,0,2026-09-22 23:22:54
2026-09-22 21:16:00,CNC-01,L,299.4890807171737,312.3193047472476,2486.6325658555434,21.49786981408252,53.80268916562516,2.959174077439573,9.920340043418904,49.97650520124135,0,2026-09-22 23:22:54
2026-09-22 09:56:00,CNC-03,H,296.1671673704358,310.08835685088195,1339.2513012455267,50.37315568172692,130.29223518175934,21.51343479453392,12.558498460778596,62.523083620153834,0,2026-09-22 23:22:54
2026-09-22 06:00:00,CNC-02,M,296.1500612903549,310.1665686207398,2170.9805116545936,31.588311025588283,22.45983882593295,2.709037571275797,13.047248475761819,59.99602935120677,0,2026-09-22 23:22:54
2026-09-22 10:33:00,CNC-01,L,296.606573769205,310.0069989434205,1399.4457038893127,46.14446833826806,37.58011789222539,1.9715429662613742,12.051801391662789,54.24396448865656,0,2026-09-22 23:22:54
2026-09-22 11:26:00,CNC-03,H,296.41596449969177,310.44657761666383,1375.2055787569873,52.5802810962045,14.290151041235557,1.9349855389267707,13.499119074288288,60.358982484001466,0,2026-09-22 23:22:54
2026-09-22 18:27:00,CNC-03,H,299.5604645651223,314.28640016172903,2179.372729164165,34.129418651018,175.02521181911337,3.2169378853658523,13.845212341566617,51.965070461407144,0,2026-09-22 23:22:54
2026-09-22 04:39:00,CNC-01,L,302.6508788096364,310.1337429537209,2195.929098372065,27.701556181290208,151.8286709157282,3.181393458676344,11.402220544315021,45.024279417289065,0,2026-09-22 23:22:54
2026-09-22 02:59:00,CNC-03,H,296.9656911827596,308.5332810676728,2616.2647067309085,15.418084528519945,72.86942963457982,3.2330802504728844,7.321069263283905,56.717001253563986,0,2026-09-22 23:22:54
2026-09-22 22:48:00,CNC-01,L,299.10433975634714,311.3979030104446,2608.4824347715844,16.12692423151163,154.27546021890373,3.479526208407004,7.621012879470854,55.421237169213036,0,2026-09-22 23:22:54
2026-09-22 06:14:00,CNC-01,L,296.3651469102749,310.3627821594758,1900.5564117769911,36.77070514533898,71.24850791563316,2.604171649938372,13.079510213758194,57.04616825422164,0,2026-09-22 23:22:54
2026-09-22 10:26:29,CNC-03,H,296.7169596714456,311.1418245993154,1344.9199423036994,51.74093223744136,177.22108255065302,23.62486773045791,13.13689678030484,60.527110109850675,0,2026-09-22 23:22:54
2026-09-22 18:25:00,CNC-02,M,300.282324352339,315.55091384069243,2019.4284418485727,37.067648187807265,224.47629662080658,3.51389677337713,13.997684538064151,51.29318186464242,0,2026-09-22 23:22:54
2026-09-22 10:24:00,CNC-02,M,296.3167862296465,311.2011701320542,1471.4746448373016,51.19094493857953,185.94459010708772,2.5443897949382706,14.18223245158141,63.40568728782185,0,2026-09-22 23:22:54
2026-09-22 13:42:00,CNC-01,L,297.82348379491566,312.3603496619787,1388.3715383642893,55.51268401056536,109.30560614013253,2.1320064510386487,14.382047300433202,53.4391838257064,0,2026-09-22 23:22:54
2026-09-21 23:53:00,CNC-01,L,298.90327455229374,309.98171069034834,2851.918794929776,11.543135133091447,49.86848067254621,3.3970809574465166,6.012020133046737,51.624885118633244,1,2026-09-22 23:22:54
2026-09-22 19:51:00,CNC-02,M,300.77134602775624,314.56054338781684,2454.865290904063,24.707789704206057,106.34414547583363,3.075948800523198,11.1345507935432,48.570305695496295,0,2026-09-22 23:22:54
2026-09-22 22:08:00,CNC-01,L,299.18939195563286,311.56845884644105,2690.7827602840966,16.507189142485483,111.07176397460404,3.3067040801599035,8.11314825940785,56.07923517742549,0,2026-09-22 23:22:54
2026-09-22 06:56:38,CNC-02,M,296.10345411433354,309.91405251004045,1833.8987620044286,35.06559538942312,101.33574439712632,2.444223288635775,11.965378028524322,59.7272068798909,0,2026-09-22 23:22:54
2026-09-22 19:34:00,CNC-02,M,300.7167970953975,314.78289750706347,2291.4385056425094,29.065642030776758,85.82418961121519,2.9019023451160098,12.326735977835137,48.001879465905176,0,2026-09-22 23:22:54
2026-09-22 12:20:00,CNC-02,M,296.80192590152797,311.6981748550465,1363.0744469383264,53.708376405458296,122.15498481572337,2.097518905842913,13.786733322622034,57.8439212710311,0,2026-09-22 23:22:54
2026-09-22 11:22:00,CNC-01,L,296.9438813281563,311.47953970284175,1554.609602043297,47.16860616220597,115.04287456256075,2.3840075583359845,13.710429236799952,61.46290993461491,0,2026-09-22 23:22:54
2026-09-22 02:09:00,CNC-01,L,298.41806347973807,312.1356303728713,2486.7085350778743,24.055648616981298,196.02138307484387,3.789977607430463,11.251728896897443,57.920047399484496,0,2026-09-22 23:22:54
2026-09-22 14:08:00,CNC-03,H,297.6593023573985,311.8894392394962,1405.0752619422396,51.41921362501594,53.21227573116344,1.9654541675463304,13.745513185629136,57.29639806657864,0,2026-09-22 23:22:54
2026-09-22 06:55:00,CNC-01,L,296.02092371927245,310.28461727288766,1742.5288474113636,40.543135194674534,127.54703097555851,2.6079009806116393,13.217477663569479,60.10360193973559,0,2026-09-22 23:22:54
2026-09-22 11:39:00,CNC-03,H,296.59883382105284,310.5894436862616,1423.1059511778728,49.62863155571334,34.98652746280379,2.067864543577441,13.334798436811548,56.97054826660516,0,2026-09-22 23:22:54
2026-09-22 12:54:00,CNC-03,H,24.12394559225254,38.85037730683547,1548.5604894389116,48.841785087421854,153.93133010348924,2.4298200251511948,14.021225028389221,55.56874007006286,0,2026-09-22 23:22:54
2026-09-22 19:21:00,CNC-02,M,300.573996834284,313.96532519928394,2279.4967071251913,24.745358361569014,69.72839612023282,28.147950106908677,10.763754368456091,50.58218781362668,0,2026-09-22 23:22:54
2026-09-22 13:02:00,CNC-01,L,24.4696738305758,38.15289621193972,1324.9373244162755,48.590310887752096,46.03042049728959,2.080013631170121,12.192363305949343,53.27773925329522,0,2026-09-22 23:22:54
2026-09-22 17:00:00,CNC-01,L,299.27549353829943,313.93139435589666,1764.0463811267598,40.453952690410915,169.45713405999018,2.833664705326396,13.450145780120627,55.89325118391417,0,2026-09-22 23:22:54
2026-09-22 06:55:00,CNC-02,M,296.04334674207973,310.56678234023815,1913.5991891799692,38.71888368636381,97.1163264285318,2.525913236413649,14.144491180902138,61.517941410317086,0,2026-09-22 23:22:54
2026-09-22 06:33:00,CNC-03,H,296.196654813729,310.46085850987816,1860.1113634888018,38.497980895440584,85.07964003401882,2.5151278943651074,13.212196629452519,61.67104287220431,0,2026-09-22 23:22:54
2026-09-22 01:54:00,CNC-01,L,298.5401344510367,312.14204293792864,2674.067276047027,21.642596905416397,179.53792080190084,3.7692069602607847,10.743872306160917,54.10540226716697,0,2026-09-22 23:22:54
2026-09-22 21:34:00,CNC-02,M,299.842483976015,312.02448245545224,2600.0487134500254,17.812929699803913,20.12386316580273,3.2696961302817305,8.624364309624937,48.367039982073116,0,2026-09-22 23:22:54
2026-09-22 04:24:00,CNC-02,M,296.4240076630548,310.1547865467463,2309.6643465458246,26.859165175378507,142.3702683628652,3.111711957273772,11.669517707388405,56.40259742531898,0,2026-09-22 23:22:54
2026-09-22 21:03:00,CNC-03,H,299.5218653199026,311.926262832646,2575.8055142160233,17.566677942077114,124.23643851922917,3.1279808103220943,8.385352975999243,,0,2026-09-22 23:22:54
2026-09-22 06:18:00,CNC-01,L,296.3258237140013,310.5717625119499,1965.6187406474114,36.058067337912554,76.59022222501831,2.6606298203859464,13.3982271715717,55.055092205167306,0,2026-09-22 23:22:54
2026-09-22 17:44:00,CNC-01,L,26.379974200138577,40.13533485622821,1889.3208171590643,35.71941415796448,27.03431073017625,2.5318158494101493,12.924147262936087,56.99535405777519,0,2026-09-22 23:22:54
2026-09-22 10:11:00,CNC-03,H,296.247295021761,310.48480561236323,1449.722001192066,48.42726751255843,153.69559473676134,2.3074156426588375,13.191522941971916,58.44395529682671,0,2026-09-22 23:22:54
2026-09-22 00:02:09,CNC-02,M,298.80188422452636,309.5894708882992,2722.142311400935,9.889544174503165,0.0,3.325979696756697,5.163339051353767,55.054206893439016,1,2026-09-22 23:22:54
2026-09-22 17:39:00,CNC-03,H,26.15359390755384,40.36167244966788,1967.90437714227,35.714555578413915,111.0797070661875,2.7072113982192128,13.098136252816186,48.88796310451149,0,2026-09-22 23:22:54
2026-09-22 00:07:00,CNC-03,H,299.0078791721498,311.2470283725989,2791.160215151845,15.920253351381312,106.42777238845918,3.357832414979221,8.345598687830991,51.476531123650375,0,2026-09-22 23:22:54
2026-09-22 09:30:00,CNC-03,H,296.08315378995167,309.9133851035879,1569.1896038309399,43.33303373509276,89.86054980244863,2.22441953844918,12.599305384066733,64.01223932431871,0,2026-09-22 23:22:54
2026-09-22 17:25:00,CNC-02,M,31.892884533459664,40.5596932426763,1981.4713441943788,34.5877604362335,144.53262017650184,28.26130303216398,12.79540228633546,42.127375149326895,0,2026-09-22 23:22:54
2026-09-22 03:35:00,CNC-01,L,297.70786212150045,310.0288062346319,2479.3889280759367,19.5562305795374,74.62832418674228,3.0085397314370046,8.799494806221093,53.58396258693589,0,2026-09-22 23:22:54
2026-09-22 23:05:00,CNC-03,H,299.0475467456824,311.1202005713257,0.0,16.679631122896573,3.130620331053475,3.1787271224733367,8.448476535689826,55.90335323012346,0,2026-09-22 23:22:54
2026-09-22 18:08:00,CNC-02,M,27.159078705654736,42.55121862110116,2033.9426190938586,37.451761662672816,202.1962815800312,3.272957261067716,14.306098735490771,50.14473839926924,0,2026-09-22 23:22:54
2026-09-22 15:53:47,CNC-01,L,298.6661429820832,312.52737633066823,1580.4404890660069,45.53067670620556,76.3750500298622,2.3520725886061307,13.594532898628474,57.93764678881276,0,2026-09-22 23:22:54
2026-09-22 17:38:00,CNC-03,H,25.872947656337203,40.605394165877385,1881.9259605626526,42.00517936443766,109.70864412859743,2.4981758870667665,14.88687403781145,55.5477597253168,0,2026-09-22 23:22:54
2026-09-22 08:07:00,CNC-02,M,296.22110587923146,311.7212450294397,1674.423158609419,49.88110215815216,200.00208245199775,2.9556539628332335,15.72390200031403,55.21462258634023,0,2026-09-22 23:22:54
2026-09-22 13:00:00,CNC-01,L,24.57310532141338,38.80350530007394,1447.7329121814855,50.908994800594975,42.83555148152496,2.054039440293081,13.717094246081981,57.770139662449225,0,2026-09-22 23:22:54
2026-09-22 09:10:00,CNC-01,L,296.2384879811611,310.5489591756947,1407.3896925305885,52.46425679728187,126.63833706298276,2.2883978843760127,13.986030430402069,58.728045959329016,0,2026-09-22 23:22:54
2026-09-22 09:55:00,CNC-03,H,296.27157750192197,310.7568547550944,1431.8112165512719,52.2595767624721,128.70398057987808,2.1347693610181535,13.989053992816586,57.636219712867366,0,2026-09-22 23:22:54
2026-09-22 22:52:00,CNC-01,L,299.15593872982737,311.44843792473927,2545.672486992527,16.7636009282609,158.6438558406644,3.4898337866302724,8.167327893360515,57.46524719355261,0,2026-09-22 23:22:54
2026-09-22 05:46:00,CNC-03,H,296.00650508869313,309.06845624730863,2010.0325723889139,29.74061946813903,22.01280913071318,2.667195689347344,11.032209307109008,55.85582592897571,0,2026-09-22 23:22:54
2026-09-22 00:31:00,CNC-03,H,298.74214685694415,311.19462718820597,2743.93006582872,16.872709018713472,131.84870233493243,3.3736744088129695,8.810807862526103,48.42992278616305,0,2026-09-22 23:22:54
2026-09-21 23:56:00,CNC-02,M,299.0745173665077,309.98824288907264,2741.17350441555,11.083657840704598,61.14772556763974,3.2213593030772767,5.557550834310192,56.303810620494474,1,2026-09-22 23:22:54
2026-09-22 00:52:00,CNC-01,L,298.6687068284544,311.02539101190087,2695.0080399340636,17.03908695972441,112.70523945517039,3.3716200586357923,8.81821451056851,51.29777786105054,0,2026-09-22 23:22:54
2026-09-22 18:21:00,CNC-03,H,26.363871404017345,40.38549840235072,2113.79836832477,30.94610156052947,167.24378672412217,2.9509842542793674,12.161148329588068,55.67270803633432,0,2026-09-22 23:22:54
2026-09-21 23:49:00,CNC-02,M,299.1365699820216,311.0615872726222,2696.4698481000178,16.438611365757765,53.71253871923384,3.1234080375384945,8.190790108626274,53.299975773579874,0,2026-09-22 23:22:54
2026-09-22 15:15:00,CNC-03,H,298.2200085172668,312.6087736764849,1597.6050894867087,45.69001235991417,155.67471656959682,2.5546993574648935,13.754459961407285,54.8867198221435,0,2026-09-22 23:22:54
2026-09-22 05:50:00,CNC-02,M,296.44335050084834,309.97158535838287,2283.0430589777297,28.739303468774892,9.116411940548463,2.974216366404078,12.324712568004706,55.63326840973724,0,2026-09-22 23:22:54
2026-09-22 17:35:00,CNC-01,L,26.54168278576907,39.941656887233364,2179.765216379953,29.958959594113054,15.002829501419301,2.718799621578068,12.052290272005294,52.75976568903035,0,2026-09-22 23:22:54
2026-09-22 19:23:00,CNC-02,M,300.3729421074569,313.07789887054884,2342.4928264487244,21.60443910897638,72.22324367443161,2.8953916882358,9.477715305461473,52.72929651902868,0,2026-09-22 23:22:54
2026-09-22 12:34:00,CNC-01,L,24.241274911989876,37.96813166868776,1433.910461785643,47.96085191437139,1.5834245993361544,2.065924468670225,12.917354113235367,55.89795708950296,0,2026-09-22 23:22:54
2026-09-22 22:14:00,CNC-02,M,299.2727338729698,311.7063111451355,2671.4060354672783,16.25377691348909,64.36399948769478,3.320592989386234,8.563420342551026,53.98370059020053,0,2026-09-22 23:22:54
2026-09-22 04:30:00,CNC-02,M,296.4694179152392,310.63327710672144,2248.1376974635873,29.662224277533088,149.7175156111841,3.1042669836061547,12.486237794821054,58.51743552915748,0,2026-09-22 23:22:54
2026-09-22 04:22:00,CNC-01,L,297.10894452928113,309.79703823697383,2374.802857694048,21.407799921912037,130.8545791926425,3.162850410353597,9.429787582183957,57.46425147005632,0,2026-09-22 23:22:54
2026-09-22 00:30:00,CNC-03,H,299.0091633929896,,2557.395986649064,17.39623918282463,130.81870233493242,3.252273709001891,8.336411618676319,50.18513270589728,0,2026-09-22 23:22:54
2026-09-22 10:16:00,CNC-01,L,296.5498178260216,310.240763544825,1376.416858539286,50.47021775123301,10.927764708013175,2.0626883966341967,13.017014662906282,60.49895019845109,0,2026-09-22 23:22:54
2026-09-22 13:41:00,CNC-03,H,297.2793497189461,310.85313565132105,1590.7086339636483,42.73731739622513,10.981149841279308,2.1795262014992174,12.468873905320532,57.93920939154284,0,2026-09-22 23:22:54
2026-09-22 04:27:00,CNC-02,M,296.10349327962706,309.600964496088,2290.931123737479,26.016458294834987,145.9968795715253,3.068245995160451,11.246888625326335,60.11516074587858,0,2026-09-22 23:22:54
2026-09-22 07:13:00,CNC-03,H,296.21439867920503,310.4345938913923,1927.963682582892,35.91461997057865,141.07513457299282,2.75780445382397,12.878907346712898,61.43875235565911,0,2026-09-22 23:22:54
2026-09-22 09:34:00,CNC-03,H,296.09413400325633,310.3042322817482,1515.3105269984699,,96.02681572233662,2.246371884035525,13.315736937820164,56.050400564883326,0,2026-09-22 23:22:54
2026-09-21 23:33:00,CNC-02,M,299.1542439087996,309.78377368498747,2787.5992034702654,8.756201258829751,36.786948136383245,3.2874845263444814,4.910447347994369,55.33582687578237,1,2026-09-22 23:22:54
2026-09-22 02:59:00,CNC-01,L,297.8939689403472,310.21433795486973,2631.6254488779346,18.98179901095106,32.83561166422877,3.154932122179113,9.394918723596607,49.073528352777366,0,2026-09-22 23:22:54
2026-09-22 12:49:00,CNC-03,H,24.257664090339574,38.72597963326922,1384.8354242566822,53.07177270023624,146.0999043810823,2.2624410207405807,13.88790429260964,55.824910125425795,0,2026-09-22 23:22:54
2026-09-22 15:05:00,CNC-02,M,298.69675621758284,313.9785090286838,,51.142967523111714,156.50448852156725,2.5588898000031737,14.799157223261181,52.965808976662444,0,2026-09-22 23:22:54
2026-09-22 05:40:00,CNC-01,L,296.75746021311767,309.5605276664129,2217.7365413628154,25.63627451552608,25.947287390173383,2.866228407202941,10.427900642305557,57.50391048109309,0,2026-09-22 23:22:54
2026-09-22 06:43:00,CNC-01,L,296.22764123860804,310.31385735643124,1963.0725010748456,34.40994544538217,111.02648012457787,2.723231297290789,12.54288847125882,55.89864067406189,0,2026-09-22 23:22:54
2026-09-22 22:21:00,CNC-03,H,299.1486753985367,313.37072531426884,2571.375612869588,25.447216707699308,211.1189567307053,3.7619515421646406,12.249907968403319,57.45237791165016,0,2026-09-22 23:22:54
2026-09-22 18:23:00,CNC-03,H,26.08740783558511,39.99910301988683,1988.9004154634488,33.01785174480543,169.7955834881602,2.978001734068973,12.377594848297038,53.12616757742001,0,2026-09-22 23:22:54
2026-09-22 21:25:00,CNC-01,L,299.7233386345026,312.25030011348986,2630.441530507571,19.007806058535976,63.87708650891329,3.124256105281197,9.414478748866308,48.90470555378212,0,2026-09-22 23:22:54
2026-09-22 20:06:16,CNC-03,H,299.7099434312848,312.15154577611554,2456.158440464378,20.210363038819178,59.36057061885164,3.0424830566615664,9.342925041288888,52.971698832605576,0,2026-09-22 23:22:54
2026-09-22 17:29:00,CNC-02,M,31.96798058486786,41.114549801409794,1941.984130464783,39.74505663524657,149.98110263362213,2.848212300877884,14.23489655647636,42.886679164647376,0,2026-09-22 23:22:54
2026-09-22 21:11:15,CNC-01,L,299.7074779359134,312.63026744729945,2529.6761314151827,21.853950792954386,49.34724732532797,3.077978488671857,10.428872203887543,49.17733394696385,0,2026-09-22 23:22:54
2026-09-22 02:37:00,CNC-03,H,302.91407915623006,309.4214429784535,2500.48567800843,20.932104122631795,48.26354221959057,3.011057796006364,9.844100552573108,45.507242032859715,0,2026-09-22 23:22:54
2026-09-22 07:21:00,CNC-03,H,295.6978974289012,310.48913667451694,1797.4406768378317,41.607175349513604,152.40421771674443,2.650824932414177,13.901673699792317,57.497120073393134,0,2026-09-22 23:22:54
2026-09-22 03:03:00,CNC-01,L,297.83768974935793,310.6375744154615,2466.430251426089,22.570886266994275,37.493117953434215,3.099352047772338,10.365688446958803,53.239805863900486,0,2026-09-22 23:22:54
2026-09-22 13:04:00,CNC-02,M,24.415517928312056,39.623314653440275,1477.1136356074292,51.53251908260353,192.04518694452187,2.6898852158936197,14.051410863193754,57.80477582786261,0,2026-09-22 23:22:54
2026-09-22 19:10:00,CNC-01,L,299.8536648074148,314.2179290569565,2237.5202166275703,30.985008050631432,138.6688074128498,3.0544690602618534,13.213529590432806,47.97806146734245,0,2026-09-22 23:22:54
2026-09-22 06:11:00,CNC-03,H,296.1504740718022,310.1940086281872,1983.8130000892684,35.0971504771655,55.22826070722978,2.559286037370538,13.097676982986707,57.593487930694316,0,2026-09-22 23:22:54
2026-09-22 04:32:00,CNC-01,L,302.83297470976134,311.17980493667403,2040.1505440448668,35.700248593639515,143.19260407301053,2.9933153956902308,13.79817871278489,48.381612527110626,0,2026-09-22 23:22:54
2026-09-22 00:16:00,CNC-03,H,299.0228571626852,311.2760540330803,2673.979225796469,17.061646553044955,115.90262941682121,3.3472409570176516,8.397880998776811,53.64540984587129,0,2026-09-22 23:22:54
2026-09-22 10:13:00,CNC-02,M,296.3117809098037,311.4859309800692,1504.5898071724928,52.32495784055048,168.55079352169386,2.556337969778774,14.837119475077637,56.87904717074752,0,2026-09-22 23:22:54
2026-09-22 08:36:27,CNC-01,L,296.00920884031234,310.2654197304688,1429.9971026432445,47.54020071948091,76.49109369805197,2.038368753256228,12.661020884731846,61.16814247140271,0,2026-09-22 23:22:54
2026-09-22 22:16:00,CNC-02,M,299.4284221833828,,2711.5631749173426,13.1715194427465,66.50398212489449,3.279301187926094,,53.416525396987055,0,2026-09-22 23:22:54
2026-09-22 01:09:00,CNC-03,H,298.3560098948933,310.7878835564787,2704.8110836153737,16.63718878710704,172.54847005270594,3.600852855535107,8.403326368069811,55.19969899582986,0,2026-09-22 23:22:54
2026-09-21 23:59:00,CNC-03,H,298.9333255962147,311.37738638454044,2639.061967724455,17.90104889682267,97.89998177545999,3.2455640990641816,8.906031804585,51.89897847764613,0,2026-09-22 23:22:54
2026-09-22 11:10:00,CNC-02,M,296.2577761295526,309.75258863871466,1526.7294026262255,42.296102683436125,11.04344007615606,2.045052352564734,12.024252376458314,55.00773311679666,0,2026-09-22 23:22:54
2026-09-22 06:48:00,CNC-01,L,296.21228819452745,310.6474841377581,2071.7407632620548,33.88197968909095,117.77121946303801,2.7310257816175034,12.894615068019123,57.946809284945864,0,2026-09-22 23:22:54
2026-09-22 13:29:00,CNC-03,H,23.84494367766439,38.98654771868058,1342.7705898971844,56.24377758627334,209.14746027774754,2.5843175585564966,13.9901001450895,50.60000831950492,0,2026-09-22 23:22:54
2026-09-22 11:18:00,CNC-03,H,296.5585448399058,310.5850374924181,1390.611284444344,52.22976899772137,1.6,2.085290565350365,13.522415234594563,56.22869137531394,0,2026-09-22 23:22:54
2026-09-22 17:49:00,CNC-01,L,26.440651889463254,40.28135714371689,2080.8378201402625,33.88551447086508,33.654702654290375,2.6021951883447025,13.126643607754113,55.633416698893654,0,2026-09-22 23:22:54
2026-09-22 17:40:00,CNC-02,M,32.50453106529022,41.5042546942492,2049.4303807345987,36.21322331865619,164.90868022727037,3.020388629858508,14.11543621936376,40.852769913540655,0,2026-09-22 23:22:54
2026-09-22 01:08:00,CNC-01,L,298.8367726923364,311.22356319399415,2732.8844591865573,17.208561437239283,129.96390321168732,3.3966169528763097,8.96366202812871,56.64284003372315,0,2026-09-22 23:22:54
2026-09-22 00:25:00,CNC-03,H,298.79761056044015,310.8925844180786,2707.4480516251747,15.427226139048072,125.45803136178074,3.3376829533018597,7.888289077595658,50.80041934351363,0,2026-09-22 23:22:54
2026-09-22 17:51:45,CNC-02,M,32.19465721898831,41.33266398836622,1987.5219322258504,38.4341725056389,180.94793827669582,3.07782368413319,14.32919629392333,42.74584444400891,0,2026-09-22 23:22:54
2026-09-22 03:47:00,CNC-01,L,0.0,311.13085429584464,2292.800229541027,26.332651284579196,88.80773691478682,2.7863506652445373,11.373505025577153,51.37875980034917,0,2026-09-22 23:22:54
2026-09-22 01:25:00,CNC-01,L,298.67420725363,311.2516084061555,2738.330368852913,16.723616084482543,148.14557587783193,3.583496398122486,8.459413155383338,58.4662459423988,0,2026-09-22 23:22:54
2026-09-22 02:58:00,CNC-01,L,298.0588768495401,310.5384055440285,2556.38568737268,19.641402292946747,31.719239465950547,3.1633144892718628,9.675635904489862,56.92253696162097,0,2026-09-22 23:22:54
2026-09-22 12:09:00,CNC-02,M,296.85286021468403,311.18012574663015,1473.0308719754662,47.3196776654923,104.63147337193662,2.145262086800673,12.9824714066408,56.70747731140158,0,2026-09-22 23:22:54
2026-09-22 15:49:00,CNC-02,M,298.8972177706142,313.1404251955784,1586.889635908186,43.99459949331144,7.497750440771696,22.25108034618443,13.01740473064038,52.7024654716493,0,2026-09-22 23:22:54
2026-09-22 04:21:00,CNC-02,M,296.6023269535616,310.6638973313875,2360.938933008458,27.671202888024713,138.72113579434955,31.22420276091368,12.242458295257205,57.06471363663888,0,2026-09-22 23:22:54
2026-09-22 21:13:00,CNC-02,M,300.0047987777368,313.9410740232415,2411.5194364958816,23.626593055043486,201.8200662896985,3.641130687099,10.497114348011376,52.7387957740382,0,2026-09-22 23:22:54
2026-09-22 16:30:00,CNC-02,M,299.5496227802,313.57598543324156,1659.139917539965,41.00635069027681,67.36530432161393,2.424233144964403,12.626102587960888,52.829044512237985,0,2026-09-22 23:22:54
2026-09-22 02:47:00,CNC-03,H,302.9365628196941,309.9777172227512,2478.3542861134356,22.295882229889234,59.57547434471057,3.060224473890626,10.35487049499684,42.34789267760281,0,2026-09-22 23:22:54
2026-09-22 07:51:00,CNC-01,L,296.02247843118687,310.06749064841483,1736.7621864900038,42.7825367115992,8.672507044840126,2.3517003654694233,13.872665251696617,60.60895779254015,0,2026-09-22 23:22:54
2026-09-22 05:02:00,CNC-01,L,302.41400143793305,311.22452356165223,2193.5719799452913,33.18419090906153,180.55914997463748,3.29451056148992,13.547823797786199,51.821108075428896,0,2026-09-22 23:22:54
2026-09-22 17:10:00,CNC-02,M,305.2792044170996,314.29132448819325,1898.0845319552222,41.30892126390433,123.87999976288766,2.811147057424952,14.765154283611293,42.372669299897495,0,2026-09-22 23:22:54
2026-09-21 23:43:00,CNC-02,M,299.15903140256665,310.57236319547485,2808.5928984092498,13.695575950901786,47.24771438666324,3.3690373909229154,7.240685128805362,56.99171381898667,0,2026-09-22 23:22:54
2026-09-22 15:52:00,CNC-01,L,298.7548629894845,313.41655575382833,1588.5800014966312,47.89948046361107,71.93020691113382,2.2848223150081566,14.425291939773382,53.8753784332414,0,2026-09-22 23:22:54
2026-09-22 10:03:00,CNC-01,L,296.2391604874388,311.26302197706235,1384.7062694106255,55.05657520381192,208.91515593678358,2.92555422268394,14.214704545011847,57.339082617674116,1,2026-09-22 23:22:54
2026-09-22 16:38:00,CNC-02,M,304.92846681799915,313.1346563428647,1805.9381270364654,38.54960155923473,78.68538358473722,2.5157186853079248,13.233403689555736,44.679705571574274,0,2026-09-22 23:22:54
2026-09-22 02:04:10,CNC-03,H,303.11577614664714,309.0108714167293,2591.5570830029474,17.503845134262406,12.921622215758015,3.1816172600334465,8.36751188575437,46.807643411504415,0,2026-09-22 23:22:54
2026-09-22 04:29:00,CNC-02,M,296.4603430763482,310.6698243287647,2392.9591375964455,28.359245945396665,148.4755047422817,3.2154887626501507,12.54130769300841,59.669865712905086,0,2026-09-22 23:22:54
2026-09-22 00:34:00,CNC-03,H,298.4134375955803,310.309219172499,2707.755559345447,14.890178406563981,135.06700731756544,3.3836769638347692,7.6092230900109445,56.044940917445544,0,2026-09-22 23:22:54
2026-09-22 08:22:00,CNC-03,H,295.6632744265413,311.0990755378643,1598.0877365278209,50.64285882177634,241.45623260467374,3.1654756419811747,15.272366849796837,60.98802018716821,0,2026-09-22 23:22:54
2026-09-22 07:11:00,CNC-01,L,296.11916882273687,310.8609595789747,1680.2705804139753,44.45733014301763,150.02563601660614,2.66045216634116,14.070186048338018,57.14606353361609,0,2026-09-22 23:22:54
2026-09-22 16:14:08,CNC-02,M,299.3089566725965,313.60034441225713,1655.7842218159785,43.00588466244342,44.23136010584378,2.3964726074770333,13.283051365466132,53.72865140968373,0,2026-09-22 23:22:54
2026-09-22 19:08:00,CNC-02,M,300.5774656640003,314.285185125128,2211.5293211465073,27.436788245052202,53.56148928041819,2.8150839466376447,11.548608851946284,48.15996806778601,0,2026-09-22 23:22:54
2026-09-22 09:09:00,CNC-03,H,295.94889440395514,309.80074716215603,1346.9507684899584,49.403279087013864,57.81515899115031,20.257626150915485,12.506662051108451,58.68727833773816,0,2026-09-22 23:22:54
2026-09-22 13:15:15,CNC-02,M,24.350076297033354,39.57272876018061,1453.4419416252347,52.32201234903433,209.41918733924138,2.870989776839406,14.289979165027765,55.19177841121832,0,2026-09-22 23:22:54
2026-09-21 23:54:00,CNC-02,M,298.66356935176736,309.8159449719582,2763.6221818489616,12.457351278073613,58.99267232505362,3.3500971006862947,6.320350374245455,55.66791618479313,0,2026-09-22 23:22:54
2026-09-22 11:36:00,CNC-01,L,296.96596333260464,311.4362350939103,,50.798396075218704,137.2543001726462,2.301415230809987,13.409284294850222,51.23311440678556,0,2026-09-22 23:22:54
2026-09-22 11:59:00,CNC-01,L,296.83587416129916,311.72432599959353,0.0,54.15781012694486,173.80639520492224,2.5228651274015634,14.17691091268089,54.73822403031545,0,2026-09-22 23:22:54
2026-09-22 09:12:00,CNC-01,L,296.29429266704545,310.68923442775446,1425.0447614992177,50.46915324336458,129.76865286429228,2.3553751628733064,13.352308113711512,59.89078261242463,0,2026-09-22 23:22:54
2026-09-22 17:16:00,CNC-03,H,298.8013307767969,312.2037712915364,1907.769171566252,32.441465394773665,79.55091617463165,2.5456458920739076,11.56702072122572,54.27748642022111,0,2026-09-22 23:22:54
2026-09-22 19:52:00,CNC-02,M,300.48707383928644,314.04170077027,2293.9967347413412,25.400565861903914,107.55439628127705,2.910033222229175,10.7637987646514,54.96590715927984,0,2026-09-22 23:22:54
2026-09-22 18:44:00,CNC-03,H,299.3331057064429,313.9596084607025,2188.2985304096037,33.103764991082336,196.91391261023145,3.251468139948186,13.640292574305603,57.00457556870043,0,2026-09-22 23:22:54
2026-09-21 23:26:00,CNC-01,L,299.13087082147587,310.3037448068913,2727.059715902082,12.618716040677745,21.241318902705682,3.227619424172442,6.780328381850431,56.09841673972532,0,2026-09-22 23:22:54
2026-09-22 01:44:00,CNC-03,H,297.9356015179794,311.14332474985946,2577.2194800310203,19.253853249196354,210.47930302394087,3.707588846051031,9.154010435662235,54.173833121993326,0,2026-09-22 23:22:54
2026-09-22 04:20:00,CNC-02,M,296.65242033102385,310.3084307171276,2327.8511416418805,25.59620808430991,137.49472560086323,3.172117076122519,11.125589546639574,57.206828518434165,0,2026-09-22 23:22:54
2026-09-22 21:08:00,CNC-01,L,299.6539202231593,312.6048586948926,2496.156687816729,22.104510042107673,44.89329851893711,3.026668707805508,10.028576555492988,47.83783860074167,0,2026-09-22 23:22:54
2026-09-22 16:09:00,CNC-03,H,298.5518558650849,314.3831598474057,1710.302068823307,49.140197963281445,,3.237882242185698,15.815994411711431,54.32544019363742,0,2026-09-22 23:22:54
2026-09-22 11:12:00,CNC-03,H,296.80971440032164,311.7772092151006,1335.5611046506408,54.98851092822037,249.831103211033,2.967041933719479,13.9676708040642,56.32188936287801,1,2026-09-22 23:22:54
2026-09-22 17:44:00,CNC-02,M,32.13892174130797,40.64140009692579,2120.909527484994,32.00414589062313,170.2069559043146,3.1318343267707305,12.888601245701489,44.60027347168096,0,2026-09-22 23:22:54
2026-09-22 16:44:00,CNC-02,M,304.74417464402376,312.97018786784383,1783.7946690685706,38.553329494755616,87.22904675663406,2.4468789285465933,13.051118361611781,44.508856266137094,0,2026-09-22 23:22:54
2026-09-22 11:51:00,CNC-01,L,296.86988103640806,311.1967958306527,1377.1592466160678,50.8803402877553,161.06326637790704,2.458816338801344,13.109914525194329,57.355340855194335,0,2026-09-22 23:22:54
2026-09-22 04:58:00,CNC-02,M,296.5091456933527,311.1928413444981,2376.775043400263,29.174654973412434,184.25598031518626,3.382078433798945,13.265415756023712,58.53251151852675,0,2026-09-22 23:22:54
2026-09-22 17:41:00,CNC-01,L,26.542369223948867,39.84215429556764,2064.8100265442426,30.00295262823268,23.03523266212265,2.6212041061206817,11.486313340924344,57.672891228761536,0,2026-09-22 23:22:54
2026-09-22 13:43:00,CNC-01,L,297.81082802952506,311.97221044544546,1406.0778684809943,49.55309046768519,110.86800977254907,2.2439544799038975,12.954346387706382,55.10330462602337,0,2026-09-22 23:22:54
2026-09-22 17:50:00,CNC-01,L,26.56942498316397,39.61944800767384,2027.3055604152685,28.478519310460587,34.978549496690206,2.613727489940776,10.836887423934972,55.2313214795456,0,2026-09-22 23:22:54
2026-09-22 01:12:00,CNC-03,H,298.2333510756552,311.5238177633049,2622.534799417765,21.23336567264141,175.80265112864814,3.4132513786659926,10.135485664354302,60.838624564376175,0,2026-09-22 23:22:54
2026-09-22 12:48:00,CNC-01,L,24.111536996735822,38.1544504347134,1395.829159027739,51.95127651288457,23.85294302771534,2.0747506274352663,13.504389628618565,52.59499563886934,0,2026-09-22 23:22:54
2026-09-22 21:30:00,CNC-03,H,299.59162193573496,312.818272471877,2540.4096980611544,20.733207898470646,154.65461334546998,3.2920474440723035,9.728350479348526,51.732569801984745,0,2026-09-22 23:22:54
2026-09-22 02:27:00,CNC-01,L,298.0016641566929,310.7150424625073,2571.7271483379654,18.827172697557142,216.05312125588162,4.091054137208189,8.955329371620934,54.64694589999466,0,2026-09-22 23:22:54
2026-09-22 18:23:00,CNC-01,L,26.54452910692123,39.755074276367395,2079.7057333425923,28.011130808362264,78.87267330270451,2.6179947022709738,11.113703875375814,51.70818037735,0,2026-09-22 23:22:54
2026-09-22 19:09:00,CNC-02,M,300.5017348759135,314.639033350295,2266.1397619624945,30.18028717229623,54.8207353273957,2.7930097474273694,12.686934894640192,51.68346113630651,0,2026-09-22 23:22:54
2026-09-22 08:00:00,CNC-03,H,295.7159792433799,309.9387930660406,1472.620419450767,46.4701742225293,208.94461705190344,2.7301648732204065,12.898678744369086,56.3112562889323,0,2026-09-22 23:22:54
2026-09-22 20:53:00,CNC-02,M,300.02879309463384,313.36365441478597,2533.0200131658366,20.95958147932258,178.92697029653172,3.543416322859765,9.68068264962766,45.178500114632975,0,2026-09-22 23:22:54
2026-09-22 10:18:00,CNC-02,M,296.41782649709114,311.3318340492499,1317.864941191901,56.08059570167639,176.4376417441221,2.3282008104201464,13.682118851799176,53.26820590157329,0,2026-09-22 23:22:54
2026-09-22 18:03:00,CNC-02,M,27.17991071961984,42.394254854009205,2011.1616306752765,37.75332991273433,195.59032830069424,3.199574083813963,14.10984565961652,50.734973260193044,0,2026-09-22 23:22:54
2026-09-21 23:27:00,CNC-01,L,299.1672317370944,309.23226391765365,2732.5962226258566,7.858688287983712,22.271318902705683,3.065498603716355,3.721274620709933,51.27014884679284,1,2026-09-22 23:22:54
2026-09-22 12:43:00,CNC-02,M,24.306259923127016,39.10420086330333,1301.9661739129333,55.35089640153367,158.76289519348467,2.3308995925722065,13.702930949365378,55.2188439432232,0,2026-09-22 23:22:54
2026-09-22 01:40:00,CNC-03,H,297.9357688672532,311.2133986050939,2648.275068808845,20.350774428687515,206.1297388319366,3.6951103292305207,10.34032452422031,59.62540839915165,0,2026-09-22 23:22:54
2026-09-22 10:06:00,CNC-02,M,295.9993386749796,311.0132904250215,1510.1688522227105,50.96321189490689,157.63669408540517,2.42870887075798,14.407993244583654,55.52636155224849,0,2026-09-22 23:22:54
2026-09-22 17:32:00,CNC-03,H,25.884020797749884,39.89910054563342,2109.732785792821,33.085182347443244,101.51156587147128,2.687860644876113,12.86540022462265,50.92596733379905,0,2026-09-22 23:22:54
2026-09-22 07:11:00,CNC-03,H,295.8900207454079,311.295591675923,1832.592875546087,44.66945789100489,138.3070052797759,2.65367043087674,15.362733763871939,51.915895674603284,0,2026-09-22 23:22:54
2026-09-22 03:55:00,CNC-01,L,297.2356633239633,310.24936103844306,2420.147155496391,21.903132160348598,98.41227781555136,3.099554603556668,9.66499730055187,54.39686282893791,0,2026-09-22 23:22:54
2026-09-22 21:06:00,CNC-02,M,300.4271947688128,313.9152535558162,2353.834710800983,22.809828923662334,193.74714576105708,3.494110201388978,10.320645101028722,51.09578111173935,0,2026-09-22 23:22:54
2026-09-22 13:37:00,CNC-01,L,297.6430336795953,311.64790832952536,1397.4417129761007,51.67312321620632,101.44296341373126,2.2228520228330715,13.563776445947905,55.19581416813643,0,2026-09-22 23:22:54
2026-09-22 04:08:00,CNC-01,L,297.2823172388083,311.52984398907216,2201.1244277952032,30.762116787141757,113.96870144964609,3.0040877874888885,12.924965623122548,55.661232128332706,0,2026-09-22 23:22:54
2026-09-22 15:59:00,CNC-02,M,299.1681436587365,313.40080724219075,1629.7389032383664,43.747837671420626,22.2912695042389,2.2698856960332208,13.091297452392231,47.751565507683154,0,2026-09-22 23:22:54
2026-09-22 01:10:00,CNC-03,H,298.43564431931713,311.35249030217835,2654.3979879068597,18.589069426650838,173.62463475441905,3.5495356394229347,9.305989642338474,51.10391752157016,0,2026-09-22 23:22:54
2026-09-22 16:59:00,CNC-01,L,299.3077607520679,314.1673035302608,1847.6684887002225,39.48960651717221,168.04502148609373,2.9326535598113748,13.394318759892661,51.437508128441294,0,2026-09-22 23:22:54
2026-09-22 04:17:00,CNC-02,M,296.75847899692184,310.5759237867056,2321.2017237414193,27.121637533131196,133.84666434776284,3.146618166308972,11.617397314823206,60.27482610385592,0,2026-09-22 23:22:54
2026-09-22 00:43:00,CNC-03,H,298.73881470541426,311.25638380542233,2717.2958862782125,16.792799766867216,144.76560629331397,3.4478465297127756,8.560259483941337,52.922359005418826,0,2026-09-22 23:22:54
2026-09-22 10:31:00,CNC-02,M,296.3588207640268,,1336.3318714453178,54.79657764891369,197.0741006091196,2.680882701236679,13.713936468190598,59.01876353790698,0,2026-09-22 23:22:54
2026-09-22 11:14:00,CNC-03,H,296.5889493623455,311.8221617953777,1405.8555172076067,55.57996975555494,253.01299922866443,3.079061337933069,14.832331366568651,59.41818933586128,1,2026-09-22 23:22:54
2026-09-22 00:17:00,CNC-02,M,298.6238417135193,310.08946351973515,2701.7340652808443,14.158001135209554,83.56991154024215,3.147306232139216,7.308815203757487,49.66400026985593,0,2026-09-22 23:22:54
2026-09-22 10:51:10,CNC-02,M,296.04693988105134,311.3375262366492,1425.6047643268212,54.296740751774365,227.12051764038875,3.13770210430958,14.630557546812106,62.25712453606651,1,2026-09-22 23:22:54
2026-09-22 18:14:00,CNC-02,M,27.05301500041446,42.333531564851114,2000.0948302550846,37.92808578787105,210.0680761143155,3.341756207941093,14.118155864260148,47.80497408555478,0,2026-09-22 23:22:54
2026-09-22 08:09:00,CNC-03,H,295.7600150632451,310.93464144304966,1703.360652320362,44.092637833916825,222.04331939133172,3.0605775785660803,13.847726172324352,56.677336162519424,0,2026-09-22 23:22:54
2026-09-22 21:20:00,CNC-01,L,299.6410698344893,311.89698875285103,2602.964589000808,17.543642134380512,58.38749595071494,3.111446954182357,8.475184797108186,50.51750069981319,0,2026-09-22 23:22:54
2026-09-22 10:12:00,CNC-01,L,296.59431257369704,310.86480287220746,1555.4635255141516,50.693130838840325,4.606306079543478,2.1397538930055324,14.58128617969801,56.83981439430374,0,2026-09-22 23:22:54
2026-09-22 10:24:00,CNC-03,H,296.17793180754677,310.35973899653135,1249.6745389107248,54.4511990540779,174.05402790841802,2.218472077005586,12.546408368908141,58.10973338810468,0,2026-09-22 23:22:54
2026-09-22 09:25:00,CNC-02,M,296.119331758885,310.7947435652617,1637.9700134772318,45.417129463385386,93.83455239688728,2.333373877720055,14.106807421409467,57.73210791593981,0,2026-09-22 23:22:54
2026-09-22 12:57:00,CNC-02,M,24.251401755176687,39.07701053090949,1385.5443559335774,51.23234543462682,180.9732375003939,2.497822520340642,13.368474629603469,56.85506079379735,0,2026-09-22 23:22:54
2026-09-22 21:11:00,CNC-03,H,299.5596963154812,312.3441023824471,2527.158540979401,20.000781169644196,133.24602540382776,3.261383098952115,9.481247606181165,54.568841035728084,0,2026-09-22 23:22:54
2026-09-22 01:50:00,CNC-03,H,303.33543849266624,311.826554083375,2578.902006569883,25.710959664141193,217.13272400928815,3.712567347628473,12.616827765078845,46.56553768642534,0,2026-09-22 23:22:54
2026-09-22 10:50:11,CNC-01,L,296.58000474502876,310.5305832982005,1352.312959260297,52.78012068360443,64.45794528002489,2.0573089799615247,13.728064400494327,59.74898365759904,0,2026-09-22 23:22:54
2026-09-22 21:47:00,CNC-02,M,299.82022130804745,311.7479151156378,2561.5378251059606,14.708255567971355,34.53172854584817,3.1166991925139507,6.887436184057793,51.3322365017772,0,2026-09-22 23:22:54
2026-09-22 09:33:00,CNC-02,M,296.27197033612015,310.8539538628518,1546.2104831193992,48.489016452127906,106.23016281696576,2.3279025792700545,13.64916478135665,51.61796175188829,0,2026-09-22 23:22:54
2026-09-22 16:07:00,CNC-03,H,298.66253825559915,313.64766477463405,1709.8893916736859,43.59854677532559,232.97459207482353,3.1361576328470195,13.910918726557503,51.16926892293391,0,2026-09-22 23:22:54
2026-09-22 00:04:00,CNC-03,H,299.01371793780777,311.30001815050724,2586.5485415666053,17.314782855431975,103.24878257196059,3.296615090775423,8.133813692128774,0.0,0,2026-09-22 23:22:54
2026-09-22 08:30:00,CNC-02,M,296.0980078094057,310.00057259700725,1543.5733037807022,45.87764745579471,10.421857303601096,2.144107484881004,13.10628590394861,56.53015460649364,0,2026-09-22 23:22:54
2026-09-22 02:46:00,CNC-01,L,298.05212606777116,310.12305543374924,2554.2189964611407,18.85324095578533,17.985194559557467,3.0358898400668215,8.974730597688193,53.18928193535379,0,2026-09-22 23:22:54
2026-09-22 02:10:00,CNC-02,M,297.5789694924496,310.4713480775099,2515.5752563620536,19.68663771111553,205.01413123280676,3.66432811489754,9.20687925923475,56.64754858013447,0,2026-09-22 23:22:54
2026-09-22 01:36:00,CNC-01,L,298.47368993051674,311.79895401841986,2689.3964352210405,20.552114256079776,159.90473437599613,3.6444068547120976,10.62182562175486,55.826090054204634,0,2026-09-22 23:22:54
2026-09-22 05:01:00,CNC-01,L,302.48685971727645,311.61774925526095,2095.8453208348983,38.42299073078732,179.25945295227285,3.249714576943404,14.974234600186469,46.654816779838626,0,2026-09-22 23:22:54
2026-09-22 08:04:00,CNC-01,L,296.43411708351397,310.8806672535391,1781.692697429451,44.076878443036534,27.51172483733223,2.4230099698825267,14.632035889600392,56.50570961440637,0,2026-09-22 23:22:54
2026-09-22 09:28:00,CNC-02,M,296.15911773084474,310.29065289983805,1441.3296702664697,49.909801629500286,98.464542020331,2.0657668802756652,13.7242891097077,64.16194445579919,0,2026-09-22 23:22:54
2026-09-22 05:55:00,CNC-01,L,296.63206897347874,310.1873745916,1953.6549117949228,33.95425390097909,45.73769930186358,2.383696096326616,12.379948675789073,58.078799827185485,0,2026-09-22 23:22:54
2026-09-22 22:30:00,CNC-02,M,299.3009139165585,312.0538371956641,2586.286835536442,17.871313753867593,81.76343103048258,32.13654561332725,8.589197151408262,46.70858157600736,0,2026-09-22 23:22:54
2026-09-22 12:08:00,CNC-01,L,297.0313311831925,311.68795335504734,1338.70886627901,53.64845502984192,188.06673651284254,2.6826837634568386,13.460989669187908,56.045495749187054,0,2026-09-22 23:22:54
2026-09-22 03:17:00,CNC-03,H,296.67752772832665,309.33876712829664,2536.5290795847195,20.237857612468783,93.52358255278371,3.0078304559947204,9.672243984663483,61.74980306565404,0,2026-09-22 23:22:54
2026-09-22 22:01:00,CNC-02,M,299.4478784927783,311.9227033463416,2571.6664417771326,17.932423313981168,50.07835229460118,3.1202174592459957,8.498773738609524,54.74282846472802,0,2026-09-22 23:22:54
2026-09-22 18:31:00,CNC-01,L,299.9472627691131,313.38455721268434,2121.161367533776,28.627813783601205,89.1951103143315,2.8452845104216036,11.552819494089116,51.505751442462476,0,2026-09-22 23:22:54
2026-09-22 18:15:00,CNC-03,H,26.236266527429564,41.1238208929779,1948.7752907006536,38.774842243532866,6100.262290221078,2.766012037980002,14.266209439642754,51.76299218367753,0,2026-09-22 23:22:54
2026-09-21 23:23:00,CNC-02,M,299.23971779832385,310.6531968517019,2700.172164127212,14.537284865978409,26.092490094266793,3.1678309911197298,7.755511188620052,52.56021227528111,0,2026-09-22 23:22:54
2026-09-22 15:24:00,CNC-03,H,298.04275353828086,313.1178803083583,1478.955187747953,52.82951111008574,169.17830736365892,2.4991859798989817,14.889096009452873,58.133485367383,0,2026-09-22 23:22:54
2026-09-22 13:54:00,CNC-03,H,297.696649243993,311.14404386763795,1325.5618236252212,48.661281129034506,31.359797268450873,2.073338831167897,12.135187386334893,54.517944836246954,0,2026-09-22 23:22:54
2026-09-22 11:25:00,CNC-01,L,296.8306017202059,311.87748481599493,1385.8212786225033,54.13172171926265,119.83586447279257,2.2780594429446706,14.10518889365239,59.03128800218479,0,2026-09-22 23:22:54
2026-09-22 19:56:00,CNC-02,M,300.6651490811864,314.4063425259083,2313.0170249207836,27.39626783960754,112.40679212795038,3.0367959639395394,11.77716261085252,50.04340054289776,0,2026-09-22 23:22:54
2026-09-22 03:40:00,CNC-03,H,,309.2984611417711,2496.4701256433705,19.4392448384024,120.13013853510404,3.154513184650839,9.153608591513455,61.237645217798466,0,2026-09-22 23:22:54
2026-09-22 14:50:00,CNC-01,L,298.2771866826253,313.3402513933116,1583.753267195561,47.803608617039835,214.63158039519482,3.2195071966919295,13.953704260806314,53.9959020595599,0,2026-09-22 23:22:54
2026-09-22 11:56:00,CNC-01,L,,311.61089227155145,1412.9629003824,52.243224285414264,169.01714353911353,2.6057198093178218,13.792021558724102,54.64875691278327,0,2026-09-22 23:22:54
2026-09-22 12:35:00,CNC-02,M,24.026790075806105,38.19856317150328,1272.6337473589551,50.63327801375562,146.05575024704174,2.225937683014624,12.074521367463488,56.81906777300566,0,2026-09-22 23:22:54
2026-09-22 04:44:00,CNC-01,L,302.4911462305227,310.43639816740404,2188.504309364079,29.242944038271325,158.03751273568855,3.191033752588855,12.078389945349324,45.53676933404624,0,2026-09-22 23:22:54
2026-09-22 09:26:00,CNC-02,M,296.19240278073806,310.93999346491535,1513.0416068565437,50.40298163852144,95.38223155379228,2.31712387659814,,64.42236237511743,0,2026-09-22 23:22:54
2026-09-22 03:27:00,CNC-01,L,298.10551453712765,311.1238999445337,2506.246494398428,22.92736229965977,65.17045250406143,3.0422287565664092,11.006385762366094,54.08363772667744,0,2026-09-22 23:22:54
2026-09-22 13:19:00,CNC-02,M,24.498104776347986,39.628326174663925,1370.0444862433399,54.341169969755896,215.7564951166835,2.8735994879320588,14.205374866620302,56.594358369908775,0,2026-09-22 23:22:54
2026-09-22 18:45:00,CNC-02,M,300.1665459786219,313.2509764136032,2199.7004012854804,25.528500589101185,24.5923374735426,2.6855537342875966,10.547327710536093,51.45388128092233,0,2026-09-22 23:22:54
2026-09-22 03:51:00,CNC-02,M,296.55207309692713,309.909276306916,2378.151116308633,25.666131263136933,102.45109286154965,2.95279398353806,11.340234498448153,58.5272188929148,0,2026-09-22 23:22:54
2026-09-21 23:44:00,CNC-01,L,298.9802349970096,310.7976912075115,2704.5162364842645,15.541731140931388,40.42514549403893,3.247229492925248,7.935425405536589,54.199513602393296,0,2026-09-22 23:22:54
2026-09-22 02:05:52,CNC-03,H,303.0010735973505,308.36137362294517,2704.3735868344033,13.172880250757835,13.983522818600202,3.183950013462567,6.721051693831058,47.78566151040663,0,2026-09-22 23:22:54
2026-09-22 10:28:00,CNC-02,M,296.21214529038275,311.0136544424335,1407.8167567222047,51.76895392486742,192.2741006091196,2.654287375181008,13.600529897142668,56.12010414506019,0,2026-09-22 23:22:54
2026-09-22 14:06:00,CNC-02,M,297.98865601154324,312.49729155076705,1463.326817553823,51.20021333661352,66.0564734998144,2.0364875165155447,13.876590333346586,57.76538071940494,0,2026-09-22 23:22:54
2026-09-22 03:20:00,CNC-03,H,296.8312488951363,309.3698428977006,2665.633853674698,17.696861075943954,96.99603950401378,3.282736864699071,9.03695931653019,59.75487566700355,0,2026-09-22 23:22:54
2026-09-22 04:01:00,CNC-01,L,297.4781143586801,311.1299277265889,2300.17891854571,26.54550369448733,105.58849302424635,29.260242804145236,11.252926171855028,56.353531835091346,0,2026-09-22 23:22:54
2026-09-22 09:15:00,CNC-02,M,296.25008317370026,310.4620153501862,1502.3257537009852,46.709146418082156,78.60530547033403,2.1290695160285615,13.210772838859407,54.89645587439274,0,2026-09-22 23:22:54
2026-09-22 22:27:00,CNC-01,L,298.97393613384514,312.25227784410936,2555.4682576900914,22.565334923944125,131.61061628770327,3.458621475242334,10.716404404557098,53.20685350591351,0,2026-09-22 23:22:54
2026-09-22 20:12:00,CNC-01,L,300.2314602470357,313.723029655376,2482.2783288964624,22.35048851364769,214.1465037763548,3.942321679523742,10.427547861696153,49.709882096233834,0,2026-09-22 23:22:54
2026-09-21 23:50:00,CNC-01,L,298.8890334888946,310.1016107091467,2723.875322550404,12.939904901540942,46.75212546432293,3.2138851372581674,6.684950440214675,51.544069491298586,0,2026-09-22 23:22:54
2026-09-21 23:25:00,CNC-02,M,299.1273679977566,310.1722904824271,2756.861705090612,11.53409057019319,28.18574541387528,3.225164765167852,5.937066898236743,56.288504622363604,1,2026-09-22 23:22:54
2026-09-22 18:49:00,CNC-01,L,299.927351875639,313.8706253610473,2112.648068378866,32.32418235931959,112.35762410841409,2.886965891494539,12.642936438484199,54.41263858545927,0,2026-09-22 23:22:54
2026-09-22 01:39:00,CNC-01,L,298.63325215983025,312.30267361324707,2596.922075682393,23.187300838639928,163.20017904758637,3.4714897715212145,11.154991618080945,55.14847606529061,0,2026-09-22 23:22:54
2026-09-22 17:42:00,CNC-03,H,25.892621179643925,39.94963291219216,2009.9004930482768,33.863744307243564,115.16664326239501,2.744346087697867,12.813271777663989,55.490121179759065,0,2026-09-22 23:22:54
2026-09-22 10:03:00,CNC-03,H,296.36522714709764,310.67231691734196,0.0,49.013766065903454,141.24076210132193,2.2721650290700044,,59.23544740124594,0,2026-09-22 23:22:54
2026-09-22 01:36:00,CNC-02,M,297.9922523414658,311.15559852778205,2571.435327026603,19.9741221976621,168.21328750341848,3.4573564716555167,9.589037637136515,52.82405548662826,0,2026-09-22 23:22:54
2026-09-22 13:11:17,CNC-03,H,24.082981841114872,38.96326516770142,1376.146054569086,55.63387245843515,179.13752621630454,2.376458780122543,14.15852134849224,61.188721156577486,0,2026-09-22 23:22:54
2026-09-22 02:02:00,CNC-02,M,297.9575466220178,311.00553325751275,2614.0186347314147,19.32200207218858,196.3500039444597,3.860049859248147,9.415385532947965,54.96443340472522,0,2026-09-22 23:22:54
2026-09-22 18:07:00,CNC-03,H,26.075580876277684,40.55037427083454,2025.4653508469698,36.64373899502698,148.73521586085485,2.8745910564423047,13.976569814824721,49.78361382904107,0,2026-09-22 23:22:54
2026-09-22 19:52:00,CNC-01,L,299.9183521522104,313.19454125880117,2480.4992198528726,21.83816387787371,190.28301281924732,3.704567688456639,10.219669152052713,53.86650004748059,0,2026-09-22 23:22:54
2026-09-22 01:41:00,CNC-03,H,298.182147187712,310.8577728545095,2627.4827917546627,18.3205363762218,207.2333405038535,3.7636559221526835,9.110658253806665,56.156794142391526,0,2026-09-22 23:22:54
2026-09-22 16:20:00,CNC-03,H,298.85367745206105,312.40339580211264,1661.1832332436873,40.45478023966063,0.0,2.3564053597153602,12.589204989142448,48.81494374911519,0,2026-09-22 23:22:54
2026-09-22 00:28:00,CNC-03,H,298.5593711982882,311.2380109371834,2632.9134639720296,17.605942259072812,128.66779390770748,3.2546111900044994,8.619683236786077,51.3824577208153,0,2026-09-22 23:22:54
2026-09-22 17:05:00,CNC-03,H,298.58229373726454,312.9844681335081,1783.437437268153,42.20391157283823,64.18148624664285,2.433608121751559,14.196455646408255,48.34383042120857,0,2026-09-22 23:22:54
2026-09-22 10:14:00,CNC-03,H,296.11627934245917,310.50805625384504,1483.168406646089,48.58463998134233,158.35404043012764,2.483566394215646,13.123535898429186,58.15550184177126,0,2026-09-22 23:22:54
2026-09-22 18:53:00,CNC-02,M,300.4948881502476,314.5119069641313,2376.4963326294164,27.891421489251755,34.738441574382264,2.8753657836690323,12.118546449070239,52.34749772091205,0,2026-09-22 23:22:54
2026-09-22 15:58:00,CNC-01,L,298.96149675462556,313.59622650985034,1680.2486953378018,45.22385703112519,80.79319457708185,2.313021717388659,14.573937217482602,58.52694459674912,0,2026-09-22 23:22:54
2026-09-22 04:40:00,CNC-02,M,296.3548210808829,310.3523766813307,2256.158594901816,29.33668660168316,161.96153600613178,3.1649380237138702,12.18677228615021,58.21364608243911,0,2026-09-22 23:22:54
2026-09-22 12:20:00,CNC-01,L,297.057330457233,312.5055704438184,1423.4957715812955,56.43689564903571,207.14362604381583,2.997023045264653,15.06287160992178,57.59076040792152,1,2026-09-22 23:22:54
2026-09-22 21:49:00,CNC-01,L,299.3017368802371,311.6091978972119,2730.5217788646737,16.67320221488453,90.29620590082384,3.272996320032027,8.543581778539625,52.719985186448945,0,2026-09-22 23:22:54
2026-09-22 19:13:00,CNC-01,L,299.84319303358603,314.021626097649,2077.9039447359064,32.57822998482883,142.50141721953855,2.9716996284222725,0.0,50.86683929720781,0,2026-09-22 23:22:54
2026-09-22 13:20:00,CNC-02,M,24.254853384324065,,1323.1177396462158,54.50553027217044,217.3564951166835,2.8557168212131168,13.437281518275359,56.68262286475136,0,2026-09-22 23:22:54
2026-09-22 22:01:00,CNC-01,L,299.42751245644484,312.9850606855408,2615.465792848192,23.24574437436998,103.55604508056582,3.2549769556879604,11.27739118541309,49.7142676484957,0,2026-09-22 23:22:54
2026-09-22 04:04:00,CNC-02,M,296.3668574733578,310.62913438515136,2268.4201940735134,31.443216688885624,118.2160572154362,2.948751178180543,13.548462108901589,58.11249606490725,0,2026-09-22 23:22:54
2026-09-22 19:56:00,CNC-01,L,299.64191304375146,313.7601637217964,2226.5565501415617,28.5409761456389,195.102655960361,3.4983838187107485,11.948843050459477,52.30404852875226,0,2026-09-22 23:22:54
2026-09-22 19:39:54,CNC-01,L,300.0652450243665,313.85993452278854,2370.5974113041693,26.37150670143562,177.11131886290661,3.339385415698071,11.465834606023604,51.85235959963406,0,2026-09-22 23:22:54
2026-09-22 06:17:00,CNC-03,H,295.85931623714174,309.25810190387267,1971.4908198937758,32.044115238876664,63.236810533672305,2.6904723079724513,11.833078435222452,58.637391034869175,0,2026-09-22 23:22:54
2026-09-22 09:38:00,CNC-01,L,296.28836499722024,310.757703428704,1367.9152940359459,52.135789133660964,169.98792617993234,2.537704965145083,13.513189176188092,56.22183023721112,0,2026-09-22 23:22:54
2026-09-22 22:55:00,CNC-02,M,299.35085300476453,312.3596001178617,2728.0374647681033,19.217117251888126,108.69611238053758,3.3879412275589647,9.89884518067024,51.23432089400252,0,2026-09-22 23:22:54
2026-09-22 10:23:00,CNC-03,H,296.2928760388489,311.2919649734964,1484.008659284617,51.82656192113292,172.45990123718002,2.4496830714577924,14.656997889143875,55.756572132761555,0,2026-09-22 23:22:54
2026-09-22 23:04:00,CNC-01,L,298.6083442127726,311.7799760970336,2496.259727258007,20.397320148656522,171.52659001828627,3.5866336899270403,9.65105983239722,51.51128749197701,0,2026-09-22 23:22:54
2026-09-22 10:53:00,CNC-03,H,296.51421977150034,311.47830833053877,1301.1263262998862,54.61519533853864,219.81342337474092,2.6913539668238373,13.278275223190299,55.245278143328996,0,2026-09-22 23:22:54
2026-09-22 02:43:00,CNC-02,M,297.34032277856267,310.0908303160071,2468.5290401915927,22.149235322071096,23.45950201440436,2.964289374664616,10.17672851289696,56.24383831186643,0,2026-09-22 23:22:54
2026-09-22 01:54:00,CNC-02,M,297.8551795802915,309.2250505431367,2718.0050876494224,11.294208118722597,187.50565753298434,3.8528176796698537,5.7987046112943545,57.84994968137548,1,2026-09-22 23:22:54
2026-09-22 07:48:00,CNC-01,L,296.3013522067313,310.09411986041164,1654.7193868744093,42.34379355016597,4.376976810539029,2.2709097967242715,13.177754336217777,61.05133545627341,0,2026-09-22 23:22:54
2026-09-22 11:41:00,CNC-03,H,296.84950319775385,310.14626991403605,1254.0535578754723,50.69692086810076,38.139698957765056,1.930687584124552,12.107138991453267,54.246182496079626,0,2026-09-22 23:22:54
2026-09-22 17:47:00,CNC-02,M,32.44191671466933,40.987739338518,1921.518505115631,36.982663187847265,174.22409981016665,2.8477575707420817,13.24424881852672,41.70515651135714,0,2026-09-22 23:22:54
2026-09-22 03:46:00,CNC-01,L,297.6680546406058,310.4947643729701,2493.107196640688,21.48290227773751,87.57508648083721,3.1472009649590467,10.053708849382742,60.67068564117819,0,2026-09-22 23:22:54
2026-09-22 02:45:00,CNC-02,M,297.2816676511346,309.9476618475254,2638.503040798806,20.508857491183154,25.726859941077144,3.0873489723343495,10.052188341495114,56.81252766731662,0,2026-09-22 23:22:54
2026-09-22 09:41:00,CNC-02,M,296.201675151555,311.19540744605894,1623.9826205247657,48.67082766920351,118.68174973547883,2.485068048931103,14.833716028438223,57.20989275981267,0,2026-09-22 23:22:54
2026-09-22 19:03:00,CNC-01,L,299.75608027669637,313.9493576667118,2216.9635647063787,29.578264081147537,129.99949743509737,3.0514397549468883,12.108287048022829,51.00618961572887,0,2026-09-22 23:22:54
2026-09-22 21:51:00,CNC-02,M,299.78834797867427,312.26761012734494,2599.669388985211,17.19467928872018,38.98975760414833,3.098564793947627,8.516640052780302,50.083453918034316,0,2026-09-22 23:22:54
2026-09-22 22:35:00,CNC-01,L,299.1079372022723,311.85853088075135,2623.4181323251373,18.807278913028345,140.33475786217335,3.299135220651994,9.374726177925785,52.78107677292734,0,2026-09-22 23:22:54
2026-09-22 12:28:00,CNC-02,M,23.866675365894025,38.44870291133776,1344.4343048822366,53.601708765806656,134.92573138449384,2.21987785847321,13.438443858459921,56.638632901890944,0,2026-09-22 23:22:54
2026-09-22 07:48:00,CNC-02,M,295.89227016872707,310.7197261967895,1762.2542342891795,42.88313515663708,172.3643033125396,2.7709998604411386,14.17367735408605,60.81870853722435,0,2026-09-22 23:22:54
2026-09-22 21:53:00,CNC-01,L,299.3046032838747,310.62067164037694,2791.71177964478,12.023638909664454,94.66328356020462,3.4539065479308895,6.480977412009073,50.25761244828989,0,2026-09-22 23:22:54
2026-09-22 08:19:00,CNC-03,H,295.6756449819212,311.3585171428584,1587.2575127878836,52.11653585603154,236.93545587333162,3.1117424428493345,15.648163098058577,61.87742601363823,0,2026-09-22 23:22:54
2026-09-22 03:07:00,CNC-02,M,296.85711280859505,310.1930639696254,2602.138340475457,22.911892178354243,51.095810900926885,3.261109091495816,11.27171159562037,55.958965788820194,0,2026-09-22 23:22:54
2026-09-22 01:06:08,CNC-01,L,298.89944613916003,311.12066043856566,2589.4245983848937,17.191149562213184,126.65393890583037,3.282934323829428,8.36650381660792,51.643569316690424,0,2026-09-22 23:22:54
2026-09-22 06:16:00,CNC-01,L,296.41009747061247,310.5033540757146,2023.7131580724304,35.780256032040576,73.92115580797751,2.692491662819546,13.408498264833788,57.646729764869704,0,2026-09-22 23:22:54
2026-09-22 21:25:00,CNC-02,M,300.1436417708991,311.90088564932125,2606.647224753597,15.104015091087238,10.017438736127845,3.0865055322900203,7.303513910497265,50.18733966000228,0,2026-09-22 23:22:54
2026-09-22 15:10:00,CNC-01,L,298.36745970944395,311.7121415171351,1385.2988667421675,46.904240762109154,9.030264868325391,2.062562284242919,11.757904936916738,56.41179782785137,0,2026-09-22 23:22:54
2026-09-22 21:52:00,CNC-03,H,299.2552248381532,313.1887112253513,2496.152557912957,24.823249356538263,179.25858616854418,3.3740824427283864,11.49853987982282,55.17279982444528,0,2026-09-22 23:22:54
2026-09-22 22:54:00,CNC-03,H,299.2302861172714,312.3158191995724,2645.7344257705845,17.566644972750407,246.71012259037553,4.1929064649900765,8.819724806616366,58.120664311080965,0,2026-09-22 23:22:54
2026-09-22 06:46:00,CNC-03,H,295.7910709028449,309.99490798641705,1873.7100565111075,37.947151091328614,103.1025740302357,2.5269672643076992,13.192149578140103,58.69749029603979,0,2026-09-22 23:22:54
2026-09-22 21:55:00,CNC-03,H,299.4295846278853,313.25764195336114,2635.7572755525116,22.490907710506306,182.52314633292994,3.526740050973409,11.011490994057484,51.300910018785785,0,2026-09-22 23:22:54
2026-09-22 01:31:00,CNC-02,M,298.2655017564912,310.5818759371855,2608.1656242159706,15.871598414267122,162.77130312987288,3.463018192308649,7.708434544964343,56.55258429584643,0,2026-09-22 23:22:54
2026-09-22 02:04:20,CNC-01,L,298.47669205987523,311.5105125016756,2641.3978370487976,19.38639118944905,191.59256943226077,3.801380470495836,9.760258009682373,50.868055746833946,0,2026-09-22 23:22:54
2026-09-22 05:50:26,CNC-03,H,296.2034311420484,0.0,2031.0358022355902,33.068311591168985,27.245029535502127,2.5703345324838605,12.417977057415142,58.061869808949,0,2026-09-22 23:22:54
2026-09-22 07:01:00,CNC-03,H,296.0017463542387,310.81127550189007,1785.956339196113,45.564411304733085,124.121918779758,2.5435346283438633,14.969910041586687,54.641434258969184,0,2026-09-22 23:22:54
2026-09-22 00:53:00,CNC-01,L,298.75859463476644,311.47543945955977,2683.4585119094145,19.10680479445221,113.78859705594353,3.409561685293482,9.728256986710127,56.25491124658697,0,2026-09-22 23:22:54
2026-09-22 01:22:00,CNC-02,M,298.4367000489101,311.29916121269963,2710.7067786022067,18.094434351276277,153.05327970447843,3.6201456220084562,9.017760814411135,52.846116106919865,0,2026-09-22 23:22:54
2026-09-22 22:29:00,CNC-01,L,299.0454278626432,311.4465674496515,2713.549364508667,16.044366485189776,133.76978896633057,3.465302588271923,8.033966236742408,53.80025173392352,0,2026-09-22 23:22:54
2026-09-22 01:31:00,CNC-03,H,298.1968056751952,311.11229627354436,2660.879899798587,18.32340817514034,196.40987699126984,3.7272473305022444,9.318242040026572,56.715672501888186,0,2026-09-22 23:22:54
2026-09-22 00:17:00,CNC-03,H,298.8932504587914,311.34077672358137,2693.0614900308433,16.873941722626974,116.9704958410676,3.2157571228012807,8.613704524186899,49.67684314893055,0,2026-09-22 23:22:54
2026-09-22 21:05:02,CNC-01,L,299.71589313394475,312.42094174035515,2464.7539064767857,22.044722733586816,41.46765884665037,3.0634648161509137,10.1026944385368,51.943497719823,0,2026-09-22 23:22:54
2026-09-22 15:01:00,CNC-02,M,298.63310475529426,314.39093131486925,1543.0482311793635,53.460965946663855,150.42951577565753,2.5558360590037217,15.512862455196302,51.580300625817,0,2026-09-22 23:22:54
2026-09-22 08:00:00,CNC-02,M,296.0211704754916,311.12765439807987,1854.0103196877076,41.45692445894051,,3.048175365453048,14.391164221455766,57.12225007768276,0,2026-09-22 23:22:54
2026-09-22 04:52:00,CNC-01,L,,310.1761384325535,,29.113675374242884,167.93440259442164,3.2277794617266693,12.32457798433156,43.55792533026094,0,2026-09-22 23:22:54
2026-09-22 22:03:00,CNC-03,H,299.5231967322655,312.34109964496264,2612.0764019463786,18.8263838242053,191.47150490186934,3.622249784375118,9.345655838816807,53.86798780444015,0,2026-09-22 23:22:54
2026-09-22 04:19:00,CNC-02,M,296.65188305761933,311.0838405918514,2467.070983081844,28.8820320178666,136.2733208917511,3.2219871942304334,13.38109382703191,57.41593307177799,0,2026-09-22 23:22:54
2026-09-22 10:48:00,CNC-01,L,296.46886720235983,310.90281728609347,1418.2518451049114,54.975055180207875,61.26302006001918,2.0456648128829937,14.918847834389661,55.521764972588755,0,2026-09-22 23:22:54
2026-09-22 17:58:00,CNC-02,M,26.73787785195998,41.659168455270446,2035.6018409213402,36.22526371425217,188.94613675940963,3.153197869602808,13.79676150312988,51.36077535800002,0,2026-09-22 23:22:54
2026-09-22 19:37:00,CNC-02,M,300.5838639723843,314.0562337918733,2337.272472513287,25.4644861287346,89.49161795090353,3.0011989295982566,11.056314209630012,50.25942782370461,0,2026-09-22 23:22:54
2026-09-22 11:04:00,CNC-01,L,296.85981732257744,310.86406943032887,1467.0484670049163,47.744412478738205,86.5374042366559,2.0802721552256713,13.044836159505568,54.02667555650931,0,2026-09-22 23:22:54
2026-09-22 11:40:45,CNC-01,L,297.228541894969,311.5356150245665,1358.2967916156526,51.79233334523496,145.13164304724418,2.334350992188059,13.19414697823153,58.7610844607176,0,2026-09-22 23:22:54
2026-09-22 10:54:00,CNC-03,H,296.5242532976259,311.3845633721933,1430.5132631737506,51.78032705634192,221.36871316351454,2.7593726902979174,13.786092073392794,52.971854926429025,0,2026-09-22 23:22:54
2026-09-22 21:51:00,CNC-03,H,299.6345632441388,,2585.635854392373,21.52788697373528,178.10519829950715,3.485555127086401,10.470660581172801,51.97399284582399,0,2026-09-22 23:22:54
2026-09-22 05:38:00,CNC-01,L,296.76694897248626,310.2200902740564,2039.0719588400264,30.73003797773597,23.40564639369257,2.7839568663238135,11.646167701043655,55.346748098563545,0,2026-09-22 23:22:54
2026-09-22 11:59:00,CNC-02,M,296.8221635574287,311.4103929597483,1496.9769585000552,48.730596342070875,88.7736981253413,2.1991701706212097,13.739979573506051,56.589286052555686,0,2026-09-22 23:22:54
2026-09-22 10:00:00,CNC-02,M,296.0528363801338,311.13498925562686,1410.8039242108182,54.197630687264876,148.23957672266698,2.3159681476716587,14.382273339400074,57.68993457367449,0,2026-09-22 23:22:54
2026-09-22 15:46:00,CNC-03,H,298.1665601515895,313.0431176295108,1713.3649529257277,42.7583566120872,202.10432925076634,2.9107708631320808,13.712401694680507,53.843346416526984,0,2026-09-22 23:22:54
2026-09-22 17:24:00,CNC-02,M,32.050358378062015,41.15355898562899,1862.9028613717865,40.77764348484412,143.17997323084708,2.5689064757965547,14.323436247788011,44.838864935693785,0,2026-09-22 23:22:54
2026-09-22 05:46:00,CNC-01,L,296.546518733853,311.0384384013103,1991.0951387084056,38.66918400462761,33.82539658137617,2.5599286147312363,14.413192597240652,56.299553709917795,0,2026-09-22 23:22:54
2026-09-22 10:58:00,CNC-01,L,296.80238264045477,311.2450081605632,1393.978297954574,54.06428027343762,77.16254452146742,2.1483297364534413,13.974477679383206,58.45009229980477,0,2026-09-22 23:22:54
2026-09-22 07:59:00,CNC-01,L,296.4464697544368,310.2979969011658,1824.6175203033288,39.03552054488941,20.268294613214014,2.5091694206486066,13.3856194883628,58.44562053504563,0,2026-09-22 23:22:54
2026-09-22 00:13:00,CNC-02,M,298.69838037692597,310.7212064484049,2627.0495414746933,16.69281687203783,79.28917038580502,3.2248134397914776,8.46924894242701,55.40248965891789,0,2026-09-22 23:22:54
2026-09-22 15:04:00,CNC-01,L,298.5332081774282,311.8682611945933,1549.6541978074297,44.43785137786696,0.0,2.15598727724881,13.254108103820734,53.423331195425426,0,2026-09-22 23:22:54
2026-09-22 19:28:00,CNC-02,M,,313.9496940244562,2449.2395328677194,24.584915465996904,78.4484039161011,3.041119460741378,11.347452220855416,47.06512648613248,0,2026-09-22 23:22:54
2026-09-22 16:54:00,CNC-03,H,298.9495458837599,313.2747273197455,1768.457923309616,41.651477056627044,48.72819156115749,2.4333207741836467,13.580163951982835,58.2392532645037,0,2026-09-22 23:22:54
2026-09-22 07:03:00,CNC-01,L,296.1065018231561,310.4760357459355,1858.2516278210292,37.82642185669815,138.7198560609878,2.7957557022201094,13.178917795438256,58.6375052093684,0,2026-09-22 23:22:54
2026-09-22 03:18:00,CNC-01,L,297.9580163794323,310.2847545629876,2530.9422837031498,19.76858348681793,,2.9770121324390773,9.409949579337177,54.904721057963556,0,2026-09-22 23:22:54
2026-09-22 00:13:00,CNC-03,H,299.00561468147316,311.1224685615268,2766.6511285281285,14.373521803809162,112.71664585595637,3.434676019123542,7.471939609978615,51.26306923424755,0,2026-09-22 23:22:54
2026-09-22 19:57:00,CNC-02,M,300.8045226345316,,2390.8681295353476,25.02565840126362,113.58554072570567,3.0829436975960167,11.330709473905502,52.67348511789652,0,2026-09-22 23:22:54
2026-09-22 11:29:00,CNC-03,H,296.501799921308,310.1363656165934,1402.9228538872883,47.39440461683259,19.070113615847525,2.040941535247799,12.307938250362163,,0,2026-09-22 23:22:54
2026-09-22 02:34:00,CNC-01,L,298.0437282786998,310.9927917644805,2645.303500925678,22.5796977411633,4.4614822303768085,3.223706424086826,11.323110893943294,54.23022231708068,0,2026-09-22 23:22:54
2026-09-22 10:35:00,CNC-02,M,296.8333597044869,311.3699284819828,1317.8378045318757,50.39247673241816,203.4167420234572,2.6476888994091374,12.378834501552518,63.01577127589451,0,2026-09-22 23:22:54
2026-09-22 18:39:00,CNC-01,L,300.0044038329558,313.6254967459958,2099.9585824974656,29.48632739234195,99.53058213842496,2.8580869599533956,11.453380976373134,49.34068838097079,0,2026-09-22 23:22:54
2026-09-22 12:05:00,CNC-01,L,297.039629636949,311.4503557397393,1283.8298901312658,53.79020481768435,183.3100316981111,2.5170865312532498,12.845746566922994,55.49230457499097,0,2026-09-22 23:22:54
2026-09-22 17:23:00,CNC-01,L,26.260681461323088,40.82443633077446,2076.5856532348826,33.52845587363321,201.2036913379897,3.5267834021427698,12.958411396901578,52.33659706025043,0,2026-09-22 23:22:54
2026-09-22 15:12:33,CNC-03,H,298.39052174632707,313.37465323172745,1575.649554126221,47.18491883569307,152.67981408080237,2.42978795596984,14.274510247845,53.15468673149477,0,2026-09-22 23:22:54
2026-09-22 03:44:00,CNC-02,M,296.5443544705499,309.577176523212,2343.0939468914885,23.411573307682715,94.1697386732195,2.854519897487329,10.38832989174367,56.34108804857547,0,2026-09-22 23:22:54
2026-09-22 00:22:31,CNC-02,M,,310.52033269447185,2743.987643217754,13.589991214360847,89.87231216203925,3.3333595331049715,6.994051476774988,53.018996841428844,0,2026-09-22 23:22:54
2026-09-22 12:45:00,CNC-02,M,24.12109929934053,39.25600894809679,1490.1630745619698,51.8005172755763,161.92583839854754,2.6184509869733823,14.507514925838281,59.98177877951992,0,2026-09-22 23:22:54
2026-09-22 04:10:00,CNC-02,M,296.22055401211804,310.1348433908987,2318.5358164166773,27.267856554662664,125.47875542915385,3.1113740118270443,11.750863694731228,58.1397895790676,0,2026-09-22 23:22:54
2026-09-22 23:05:00,CNC-01,L,298.7790148806684,312.01039090155234,2600.739680510073,20.60320448430416,172.63821123606746,3.7090854205122805,9.806973769998484,56.11906830062798,0,2026-09-22 23:22:54
2026-09-22 16:57:00,CNC-02,M,305.25217306404875,313.95795719516013,1835.4253521111368,39.80252881580275,105.63083378438253,2.4840740647223045,13.646456766411976,41.484321819268075,0,2026-09-22 23:22:54
2026-09-22 15:42:00,CNC-02,M,299.07158141538855,314.27827465359456,1629.4411660116562,47.723027299444134,212.04179301731847,2.925189642342949,14.315868956530032,51.30758675549251,0,2026-09-22 23:22:54
2026-09-22 10:26:00,CNC-02,M,296.1888068691035,311.2686871609506,1412.080051209814,55.858462367881465,189.10318229091584,2.682882570103494,14.472364078698563,62.93484071445099,0,2026-09-22 23:22:54
2026-09-22 19:33:00,CNC-03,H,299.5297851488233,311.99642533773414,2393.2179519476003,22.24802426535779,18.259542519841013,2.986252330547295,9.595334707041394,50.8016398760468,0,2026-09-22 23:22:54
2026-09-22 10:39:56,CNC-01,L,296.70351345292875,310.59319653690176,1435.195084930869,46.754374130344765,50.23870292701628,2.1136954252677276,12.66293811545789,62.261968467972125,0,2026-09-22 23:22:54
2026-09-22 06:01:00,CNC-03,H,296.1584763702781,310.07511717096526,2077.909314338106,33.6316859059725,41.838516231354674,2.581122620328547,13.139724233355535,60.0198572766803,0,2026-09-22 23:22:54
2026-09-22 18:38:00,CNC-02,M,300.239752403796,313.17408122520914,2192.1111813521056,23.80259842743004,15.601424839753589,2.7178595863994137,9.818884289614711,52.20960722677348,0,2026-09-22 23:22:54
2026-09-22 12:52:00,CNC-03,H,24.16641005087996,38.55787348850811,1408.810674115747,50.31650371887143,150.79243681837988,2.178115269611516,13.347162445670993,54.77676800365943,0,2026-09-22 23:22:54
2026-09-22 14:10:56,CNC-01,L,297.9202607525545,312.1774033415693,1472.3403708642024,47.736947778053626,156.21774509797248,2.5424028614982648,13.332409366243331,57.01476378192778,0,2026-09-22 23:22:54
2026-09-22 17:31:00,CNC-02,M,32.344727396010626,40.935876815559936,1903.5417189579996,36.20030116243888,152.71130990459983,2.8097176935926504,12.77441878220897,39.578493031173466,0,2026-09-22 23:22:54
2026-09-22 06:16:00,CNC-03,H,296.08694662022197,309.86789498481323,1985.3691188332532,33.747848570840596,61.901095926000856,2.599321173952195,12.753838309044799,59.93186025417028,0,2026-09-22 23:22:54
2026-09-22 14:57:00,CNC-01,L,298.46773312799655,314.02209852877996,1519.0607585733665,54.81794977079271,225.31067849874282,3.2128678265277184,15.510298480138376,54.93368018675044,1,2026-09-22 23:22:54
2026-09-22 18:43:00,CNC-01,L,299.7677043350819,313.92304585272484,2230.711490080043,30.290592239376608,104.60648002947974,2.925309481509782,12.761951568611536,53.35976738401011,0,2026-09-22 23:22:54
2026-09-22 21:50:00,CNC-03,H,299.6020641507869,313.03027161513774,2475.8340168219593,22.994847195322002,177.00219075631094,3.5442800482870616,10.7455665753166,49.10855409345757,0,2026-09-22 23:22:54
2026-09-22 19:06:00,CNC-03,H,299.4181559635174,313.97346262697494,2276.525351648931,30.08402644974419,224.82343029440926,3.7158379116933946,12.998468051321872,55.929098954086285,0,2026-09-22 23:22:54
2026-09-22 12:11:00,CNC-03,H,296.9693083104199,310.9255016540627,1295.8194484961564,53.524750103756226,85.85756670433669,1.946924119074112,13.027936146651658,55.95901852721928,0,2026-09-22 23:22:54
2026-09-22 20:13:00,CNC-01,L,300.00791484194417,313.59942687458386,2458.0877664566015,23.148403189228027,215.29178310685444,3.9683372621326662,10.556467455873458,54.24840019141265,0,2026-09-22 23:22:54
2026-09-22 06:21:00,CNC-03,H,296.21324506256946,310.0828105482302,2053.890002244899,34.05569009038522,68.68282363226615,2.6928812569903555,13.243211474485408,67.44177808131788,0,2026-09-22 23:22:54
2026-09-22 01:50:00,CNC-02,M,298.03167570288224,311.16202805223185,2740.8585485042117,17.472356207970503,183.21588036946108,3.829309510345375,8.906536311192674,53.3896244754496,0,2026-09-22 23:22:54
2026-09-22 19:37:00,CNC-03,H,299.7642384495379,312.31383648112785,2270.943020819559,23.216505786791593,23.08306913766577,2.9473731660180973,9.71390118797518,50.07717537921989,0,2026-09-22 23:22:54
2026-09-22 19:20:00,CNC-02,M,300.506192247685,314.3932254501489,2234.9781793174707,28.797463773652265,68.52503651842727,2.8743320488698365,11.96209189796539,53.71732961058748,0,2026-09-22 23:22:54
2026-09-22 18:12:00,CNC-01,L,26.78317448695367,40.30330290683389,1862.9354241826293,34.20188080260614,64.39678857187243,2.5456743771837003,11.881155631783823,49.60131092053375,0,2026-09-22 23:22:54
2026-09-22 13:09:00,CNC-02,M,24.31055191203427,39.76060380017452,1345.5932332799864,55.30617866587923,199.9393284619395,2.6802878999747963,13.871403092253894,58.48141749335356,0,2026-09-22 23:22:54
2026-09-22 03:49:00,CNC-01,L,297.6506255993277,311.32286899752364,2215.595466951156,29.889247892623214,91.24705290223662,2.878635435097209,12.313790418836936,57.04532944308714,0,2026-09-22 23:22:54
2026-09-21 23:44:00,CNC-02,M,298.9929979725335,311.0391669989073,2577.275931558725,17.733699155003684,48.352375063637865,3.156013139424899,8.687645503368378,55.909740218975585,0,2026-09-22 23:22:54
2026-09-22 00:12:00,CNC-03,H,298.76706735764355,311.1974713808876,2756.157415141291,16.241134915262,111.67416330168251,3.269026862753751,8.378844179822073,53.07113852224048,0,2026-09-22 23:22:54
2026-09-22 16:37:00,CNC-03,H,298.7878669754489,312.0476858421897,1780.3759408842157,34.258302671936015,24.470464769099415,2.470718715938747,11.404590266476484,51.691383425287256,0,2026-09-22 23:22:54
2026-09-22 08:11:00,CNC-01,L,296.2481505377589,310.1626853327324,1737.4930361230465,40.591703148549726,37.641005691523056,2.3329777629300885,13.046288010669912,59.285969891729785,0,2026-09-22 23:22:54
2026-09-22 03:29:00,CNC-03,H,296.4739437272628,310.0903885637232,2396.8917387586503,25.384353690791173,107.38977433848054,3.0552436655978585,11.449097094635823,59.50123959551532,0,2026-09-22 23:22:54
2026-09-22 00:56:00,CNC-01,L,298.6901539321534,311.4336994613771,2670.848445033433,18.911318107007876,117.01258224685856,3.4433757434889105,9.311424016808596,54.70609750577368,0,2026-09-22 23:22:54
2026-09-22 02:29:00,CNC-03,H,302.9986830847879,309.5517691112982,2466.5041438992143,20.627062291091253,39.42666652474196,3.01508253346144,9.645319110441125,45.671890582619824,0,2026-09-22 23:22:54
2026-09-22 06:19:00,CNC-03,H,295.9191394737102,309.4259025378361,1900.9890369633176,33.3696490053542,65.94595683730871,2.506828938314033,11.985536176101846,60.07235419316372,0,2026-09-22 23:22:54
2026-09-22 19:07:00,CNC-02,M,300.52119583910866,313.8748756438154,2226.0301128810374,26.24069166282032,52.29172992019273,2.816261860159635,10.689498425614403,50.08343441514537,0,2026-09-22 23:22:54
2026-09-22 21:28:00,CNC-01,L,299.7415551000469,312.1454612479586,2652.107585040892,17.45489658519706,67.16373221392246,3.327543456014956,8.620394226781944,51.03688767553447,0,2026-09-22 23:22:54
2026-09-22 08:18:00,CNC-02,M,296.10159684275806,311.6198225501777,1651.930494818528,48.07693724418688,216.42604097815644,2.9881245000233085,14.664953092377694,58.547956857181,0,2026-09-22 23:22:54
2026-09-22 13:30:00,CNC-03,H,23.997461674326132,39.45891678090999,1439.525632576413,56.49188173805204,210.73382920747773,2.717000586108029,15.150767234655213,57.82130241497787,0,2026-09-22 23:22:54
2026-09-22 21:53:00,CNC-02,M,299.6754216213745,312.1672184285722,2510.2035738837135,19.08735751779712,41.22611781058642,3.100704635779772,8.93808424031593,48.91714603672913,0,2026-09-22 23:22:54
2026-09-22 00:41:00,CNC-01,L,299.0267798554238,311.03423882386284,2774.157121708245,15.251333562371181,100.90476385590706,3.4071054427094554,7.826478864359338,51.049947761466065,0,2026-09-22 23:22:54
2026-09-22 14:55:00,CNC-01,L,298.4102206598894,313.43468600369664,1452.3102640997763,52.37303694841282,222.18368494877504,3.2106957785462376,14.430363800721588,52.55268272494892,1,2026-09-22 23:22:54
2026-09-22 22:19:00,CNC-03,H,299.3024790305587,312.54208863182976,2674.978504335497,20.156020886111886,208.92319872689527,3.7284473118058687,9.880943921139862,50.627346851722145,0,2026-09-22 23:22:54
2026-09-22 17:33:00,CNC-02,M,32.0679997286648,40.68121057442096,1949.2995557215036,35.640656560608136,155.44011795288395,2.941159316559778,13.062578947771826,41.40297257502454,0,2026-09-22 23:22:54
2026-09-22 18:34:00,CNC-03,H,299.32433162240596,313.83769214286326,2140.799026433994,32.88195562359861,184.01316065424237,3.2347272800075504,12.975568856865344,56.91252959421155,0,2026-09-22 23:22:54
2026-09-22 22:47:00,CNC-01,L,299.1072778277295,311.8843364544168,2638.010606128852,18.711370793068394,153.1845142043363,3.4183906504332526,9.029868857267308,55.57742098186866,0,2026-09-22 23:22:54
2026-09-22 13:43:39,CNC-03,H,297.5221795694035,311.02901093661114,1407.5275548236732,47.451835661941296,17.329133229362892,2.030367069887284,12.75127588241714,57.5132319852668,0,2026-09-22 23:22:54
2026-09-22 21:43:00,CNC-03,H,299.46215273174835,313.0579205210775,2539.942655610889,23.56274305079114,169.15150232736033,3.417795312194661,11.153110490689564,50.151815147099626,0,2026-09-22 23:22:54
2026-09-22 09:39:00,CNC-03,H,295.5507604808914,310.14112854033215,1429.3058763121762,52.80773641801846,103.8042629289538,2.177172934403242,14.335210897308878,58.157550815653764,0,2026-09-22 23:22:54
2026-09-22 17:45:00,CNC-01,L,26.67223374687495,40.3026888135355,1957.4169017482116,34.0463755863387,28.403002461529425,2.482951306270285,12.549933358545328,52.28859710822767,0,2026-09-22 23:22:54
2026-09-22 09:34:00,CNC-02,M,296.1471820480884,310.8797859522163,1524.0661665382815,49.45929149355932,107.76988178362515,2.139642250677315,14.151989719648691,57.83236899118771,0,2026-09-22 23:22:54
2026-09-22 11:22:00,CNC-03,H,296.60148164675,309.95794090401057,1379.7241308881903,47.779268151477716,7.915089852792706,2.0518081657595184,12.47194330585035,58.03228092545605,0,2026-09-22 23:22:54
2026-09-22 11:51:17,CNC-03,H,296.80081883300625,310.8420336295071,1423.2362056146526,49.24283098607369,54.044850060353966,2.0708143669717645,13.135344453131394,57.94361227179658,0,2026-09-22 23:22:54
2026-09-22 16:04:00,CNC-03,H,298.7811648294821,313.80627953805663,1707.145025428718,43.754535142134394,228.67494572208662,3.1111029645132935,14.042639481318224,55.264400252158545,0,2026-09-22 23:22:54
2026-09-22 23:01:00,CNC-03,H,298.98253736064174,312.1421009248846,2686.0734146494074,18.491016072900464,254.1033699176163,4.270296294784926,8.967165637536459,46.35863844925112,0,2026-09-22 23:22:54
2026-09-22 07:14:00,CNC-02,M,296.222545170158,310.58941357417194,1933.1426970985783,37.11143959694545,123.71221790784666,2.709914195205417,13.406512581103343,63.35855553248651,0,2026-09-22 23:22:54
2026-09-22 18:54:00,CNC-01,L,299.7979158653757,313.88235839986953,2283.798005779046,28.413144001709405,118.67429051022734,3.032582434102868,,45.504738280297474,0,2026-09-22 23:22:54
2026-09-22 15:14:00,CNC-01,L,298.5263915994439,312.06763834935384,1582.400641213731,43.1245617470426,15.047164320691659,2.109388929686346,12.614489619943834,49.63138707390856,0,2026-09-22 23:22:54
2026-09-22 17:55:00,CNC-01,L,26.431445807498505,40.19802777618287,2070.418911547067,33.60411880161726,41.746042000612036,2.6700187855895523,13.19112669758402,49.3411790439179,0,2026-09-22 23:22:54
2026-09-22 19:01:00,CNC-02,M,300.26977536935806,313.92709681047916,2418.6120252452856,26.050808772040398,44.72452155214897,2.971565178305748,11.74871574736298,50.84213463677302,0,2026-09-22 23:22:54
2026-09-22 20:53:00,CNC-03,H,299.36360492135435,312.90801296462666,2414.827388654459,26.558785973433352,112.78091925439439,2.920197852307112,11.839386507304216,51.51775116151384,0,2026-09-22 23:22:54
2026-09-22 22:25:00,CNC-01,L,299.33868778737013,311.6808878266847,2573.9954817652074,17.343658619954066,129.46231073547472,3.385256561135504,8.286469264824783,48.75101575324618,0,2026-09-22 23:22:54
2026-09-22 12:15:00,CNC-03,H,297.15500248294376,311.43572854803676,1344.1002092947022,52.416127403605245,92.23150129205878,2.1559899291130145,13.178622950999936,53.446214020267256,0,2026-09-22 23:22:54
2026-09-22 19:34:00,CNC-01,L,300.1208910408539,313.9808223790321,2232.2580804285317,27.802550535143762,168.5412285218201,3.234162130900743,11.487084958158713,50.13761061567405,0,2026-09-22 23:22:54
2026-09-22 10:36:00,CNC-02,M,296.57235755983635,311.636891701372,1420.792453861193,54.735937828660695,204.98905337445612,2.7053769617798653,14.56642177347151,58.93219972431642,0,2026-09-22 23:22:54
2026-09-22 04:57:00,CNC-02,M,296.20257209445543,310.50141826452654,2267.0048437571836,29.47376064024073,183.0501191241385,3.2253719917842516,12.181647781781633,64.07015741788045,0,2026-09-22 23:22:54
2026-09-22 15:17:00,CNC-02,M,298.4833089605026,313.7975466867565,1593.5581231772635,49.98908404474604,174.68628686174557,2.6869712586733,15.195807467011399,57.373257970171494,0,2026-09-22 23:22:54
2026-09-22 00:58:00,CNC-01,L,298.6714921692354,311.57202094995176,2708.5611880712063,19.558182927209085,119.13401437525347,3.5297719108528263,9.863337480947724,52.42738724483875,0,2026-09-22 23:22:54
2026-09-22 15:22:00,CNC-02,M,298.53471776072934,313.82561895029204,1603.6417527225963,48.55137906350238,182.2779407843901,2.766827990328305,14.753204279444457,57.09115551944482,0,2026-09-22 23:22:54
2026-09-22 22:10:00,CNC-01,L,299.41037312320907,312.4435065067124,2690.734397856012,19.102977452509055,113.21843108751011,32.9066204495699,9.513911704857206,51.929821579618306,0,2026-09-22 23:22:54
2026-09-22 07:07:00,CNC-03,H,295.5129933726857,309.6320970648278,1864.0215292091434,36.9921614500257,132.66118272256543,2.558699970208369,12.838058140232606,61.289629168159074,0,2026-09-22 23:22:54
2026-09-22 09:13:00,CNC-02,M,296.01858278553647,310.192502328984,1687.9200107659942,44.24790129528705,75.53086790449076,2.301220539234382,13.754133023160191,53.53061317068483,0,2026-09-22 23:22:54
2026-09-22 10:30:00,CNC-01,L,296.5639395485795,310.7995712248359,1590.3158803315632,47.24996643754042,32.85011888400236,2.3031441481799946,14.01173099824826,62.0571147660057,0,2026-09-22 23:22:54
2026-09-22 15:54:00,CNC-02,M,299.09156677183404,312.67184127721885,1746.7737414293379,,14.850367142416399,2.4154632373335647,12.257036060889321,50.94893826890338,0,2026-09-22 23:22:54
2026-09-22 14:14:39,CNC-01,L,298.33841473961746,312.78404553067065,1479.1179798918577,49.67040580110418,159.3341057730711,2.474974740932742,13.81853360143661,52.225080302570106,0,2026-09-22 23:22:54
2026-09-22 12:08:00,CNC-02,M,296.8692566567022,311.3527504352832,1342.4722203476365,51.96013359858428,103.07464514641319,2.0674648857968503,13.246181542437911,59.558430294948394,0,2026-09-22 23:22:54
2026-09-22 02:01:00,CNC-01,L,298.4202656748821,311.84821325143986,0.0,22.606382256752067,187.20021374805341,3.641999533586802,10.927612536255587,48.972034434477706,0,2026-09-22 23:22:54
2026-09-22 06:36:00,CNC-02,M,296.1701994556594,310.19259577125933,1933.1916200365147,35.85164092689478,70.94363607421096,2.7034447686705105,12.925963915487996,58.395663473553114,0,2026-09-22 23:22:54
2026-09-22 13:40:00,CNC-02,M,297.7544910083947,312.12737333124517,1429.5618156411902,51.15280614222505,25.349445785584365,2.1675388212517377,13.863194823409232,53.84947957535332,0,2026-09-22 23:22:54
2026-09-22 11:53:00,CNC-03,H,296.681944006851,310.29810875008974,1238.905600931746,52.0543060520821,57.24485006035397,1.9061058844200927,11.99416256173436,56.354798810977066,0,2026-09-22 23:22:54
2026-09-22 06:08:00,CNC-02,M,296.4576151141163,310.08138402883293,1923.4671093480515,35.580397719885774,33.098686014865166,2.4556775871068792,12.768048502696267,55.763435909304334,0,2026-09-22 23:22:54
2026-09-22 12:21:00,CNC-02,M,296.97272844050144,311.82624053102137,1451.0249674721122,51.5416086293507,123.7387324638018,2.2279855013116627,14.086230087861457,58.96789049833365,0,2026-09-22 23:22:54
2026-09-22 03:13:00,CNC-02,M,297.162090698158,309.5437357331403,2602.9119672916945,18.64802380057093,57.945112427968866,3.1813380723289697,9.006978691268891,59.213594913949905,0,2026-09-22 23:22:54
2026-09-22 08:17:00,CNC-01,L,296.200110474622,309.81363444203106,1402.5375387662605,47.58065454971971,46.68815842170761,2.0522488902204485,12.125344145466476,57.701200133862415,0,2026-09-22 23:22:54
2026-09-22 14:09:00,CNC-01,L,298.19607442762384,312.7378135310713,1331.6126125715998,53.63430773742511,151.5339924116864,2.4109486585934476,13.060446433439807,54.314256293920764,0,2026-09-22 23:22:54
2026-09-22 07:18:58,CNC-02,M,296.1487800396151,311.179181741357,1732.7360169085132,44.01596996341263,132.21093820066818,2.5396365202960443,14.094012075680865,55.5230751636608,0,2026-09-22 23:22:54
2026-09-22 16:42:00,CNC-03,H,298.90592325623294,312.56898796523836,1629.0971471855116,42.51157378904975,31.6263100112869,2.2438703060852534,13.00479868617179,53.668841502763634,0,2026-09-22 23:22:54
2026-09-22 13:04:00,CNC-03,H,23.98952870693506,38.639086908846764,1445.0463759400584,50.39040539253841,169.63431447985806,2.3780526525635923,13.264215495804335,61.41557993864618,0,2026-09-22 23:22:54
2026-09-22 11:27:00,CNC-03,H,296.7532730163985,310.4244004460826,1400.1861980930082,49.02965536468752,15.881282666258414,2.0662634146749603,12.746821611173873,56.26898680234958,0,2026-09-22 23:22:54
2026-09-22 04:52:00,CNC-02,M,296.1701242985554,309.98232170037284,2445.715897446063,24.625943660187655,176.85506626444084,3.3724377649718043,11.248234360172415,60.128369871331515,0,2026-09-22 23:22:54
2026-09-22 02:22:00,CNC-01,L,298.0779660049227,310.52422708743046,2610.43821409776,15.72588394084808,210.5573180659918,4.048387428594494,7.6938152697585425,56.7355659010146,0,2026-09-22 23:22:54
2026-09-22 13:26:00,CNC-03,H,24.154342616264046,39.276815727029316,1459.1657971519805,53.21111106217261,204.43235555845004,26.378533529842855,14.53194349485022,50.345557098077485,0,2026-09-22 23:22:54
2026-09-22 15:29:00,CNC-01,L,298.39535067447673,312.25213700144474,1466.5631003322496,47.08897567589181,37.71052933285766,2.1877486550847656,13.143727369824076,56.314181952737485,0,2026-09-22 23:22:54
2026-09-22 16:33:00,CNC-01,L,299.2135284769579,10724.608664668443,1672.1424575876233,46.57278450832488,131.3854937241305,2.4163313823347754,14.520708884199518,52.73151020102336,0,2026-09-22 23:22:54
2026-09-22 21:33:00,CNC-02,M,300.0860348259742,312.5136393923421,2589.435699034392,17.74702770242557,19.029069364878517,2.986010752803591,8.576966340929427,52.48683887661626,0,2026-09-22 23:22:54
2026-09-22 10:30:00,CNC-02,M,296.01907851298284,311.39938670793686,1440.741662108234,54.248083222595405,195.4741006091196,2.732591083955948,14.722585237587952,57.83230643536196,0,2026-09-22 23:22:54
2026-09-22 16:39:14,CNC-01,L,299.48190983657,313.8888644907384,1741.4232027861865,41.02634384552241,138.50862126143826,2.65456289386001,13.260937610716967,52.16781929802953,0,2026-09-22 23:22:54
2026-09-21 23:51:00,CNC-02,M,298.8047549087382,310.38535443412286,2729.1930658151973,12.857701575685764,55.87058673945565,3.189730062327136,6.491427973646816,51.317508065105606,0,2026-09-22 23:22:54
2026-09-22 02:14:00,CNC-01,L,298.3955546717934,311.8368109964718,2713.4202790886334,20.239954493037885,201.6327721309155,4.110714918087288,10.52238344856636,53.61306128178117,0,2026-09-22 23:22:54
2026-09-22 06:22:00,CNC-02,M,296.1157214718599,309.82469757236487,1974.2345885244063,34.02504689371149,51.93707498591636,2.5353945699269715,12.370696484409438,55.77934238726899,0,2026-09-22 23:22:54
2026-09-22 20:05:00,CNC-03,H,299.6436205581669,312.1708475897127,2535.1358545969038,19.847192900502804,56.9678387096354,3.0688371589599517,9.506373821451259,0.0,0,2026-09-22 23:22:54
2026-09-22 06:23:00,CNC-03,H,296.10181207159417,309.97994800940506,1896.1157528158747,35.38609894440827,71.40005970085852,2.5996949109120857,12.690394784708968,56.74838755876589,0,2026-09-22 23:22:54
2026-09-22 13:50:00,CNC-01,L,298.08233820585804,312.7250967470299,1531.8712280032262,49.06271584027286,121.8563904834547,2.418108229251925,13.782044028179566,57.17297169336681,0,2026-09-22 23:22:54
2026-09-22 00:04:00,CNC-02,M,298.6427963512104,310.7178964661237,2700.929307551728,16.590613192862435,69.66344060251171,3.288404345588793,8.602993354439358,,0,2026-09-22 23:22:54
2026-09-22 11:21:00,CNC-02,M,296.37578259472974,310.22103265091744,1349.5486739957423,49.33973048544912,28.48589213599165,2.0418342799148053,12.348362501917322,60.35095558569477,0,2026-09-22 23:22:54
2026-09-22 01:54:00,CNC-03,H,303.4329142829156,308.9621147070703,2684.363734336087,14.514533537165692,1.047543632256174,3.2394381681096385,7.1401407723131305,42.45308816497333,0,2026-09-22 23:22:54
2026-09-22 04:19:00,CNC-01,L,297.248659419673,311.2181847810593,2354.8047306770477,28.41947019340437,127.30812804529457,3.11295488749765,12.603227186131136,59.507818241652046,0,2026-09-22 23:22:54
2026-09-22 19:42:00,CNC-03,H,299.4997713814054,,2183.682746774868,25.94616487334737,29.209472434786754,2.8927597545879,10.463145616255195,51.04057700804711,0,2026-09-22 23:22:54
2026-09-22 04:20:00,CNC-03,H,296.5362085084075,311.26591933835255,2401.6437470475844,29.30946947700251,167.7720749248987,3.3396956107110682,13.121141003034358,56.26179835276437,0,2026-09-22 23:22:54
2026-09-22 01:49:00,CNC-03,H,303.54873221310686,311.0231290364115,2616.197416791723,21.436812851563865,216.0107745470564,3.797295330465116,10.631449403439419,42.87618500325233,0,2026-09-22 23:22:54
2026-09-22 07:08:42,CNC-01,L,295.93986809473756,310.32893606145933,1876.6100473630709,38.51620993604867,148.57754970002483,2.857188225325142,13.523231871726852,56.670545288059735,0,2026-09-22 23:22:54
2026-09-22 20:54:00,CNC-02,M,300.1271587056539,314.11453114574334,2368.5497263278385,25.70211318502575,180.09776671996156,3.430620506181185,11.558928954566328,52.84012932453073,0,2026-09-22 23:22:54
2026-09-22 15:51:00,CNC-03,H,298.42433057511494,313.27424138773176,1685.5008738175115,45.26735248041703,209.54880082406194,2.9622405872285604,14.412722060196238,55.030718938802494,0,2026-09-22 23:22:54
2026-09-22 04:12:00,CNC-01,L,297.4063655206647,310.7651180180156,2332.283292189136,25.07090847640154,118.75587723171071,3.1431050136622796,11.134713267830051,56.02196903083566,0,2026-09-22 23:22:54
2026-09-22 15:47:00,CNC-01,L,,313.1568914049925,1710.0566295007518,42.506375995815404,64.38321062218833,23.502437476411295,13.660682889809616,50.90871596634793,0,2026-09-22 23:22:54
2026-09-22 06:28:35,CNC-02,M,296.09310897161447,309.81606561743627,2001.4732492445823,32.504555788401014,62.724162170892065,2.7289263093838687,12.088059366327297,58.26374178300267,0,2026-09-22 23:22:54
2026-09-22 12:14:00,CNC-02,M,296.60227824044495,310.5732897941238,1377.0257051380493,47.91676755031553,112.6314733719366,2.1575785193302983,12.11462480316135,58.73246061799562,0,2026-09-22 23:22:54
2026-09-22 11:48:00,CNC-02,M,296.5191976705837,310.6303738876804,1395.614095827246,0.0,71.40208723900152,2.1177028202748294,12.913477447060476,57.73131107119229,0,2026-09-22 23:22:54
2026-09-22 09:16:00,CNC-02,M,295.96195300929844,310.48518194049126,1656.5433092357048,44.890857960690276,80.11508561039874,2.239428883376501,13.727298695397332,59.867795647241635,0,2026-09-22 23:22:54
2026-09-22 11:47:00,CNC-03,H,297.01623088078935,310.75765353170556,1431.7128499117177,47.16210972928891,47.701266861912934,2.0570771609620166,12.528863650070306,57.264498882300046,0,2026-09-22 23:22:54
2026-09-22 17:37:00,CNC-01,L,26.526371006262536,40.400877689942774,2078.2481669030085,34.35434407341202,17.65871764477491,2.6443837111920887,13.245681636930671,52.167266384507,0,2026-09-22 23:22:54
2026-09-22 13:01:00,CNC-03,H,24.190474787973073,38.864522176894354,1408.1461814096979,52.440210761229935,164.91442142277043,2.3366818037248898,13.635028954950668,55.51939268702888,0,2026-09-22 23:22:54
2026-09-22 03:48:00,CNC-03,H,296.7706028856973,310.36795294975246,2485.919422393014,24.876623439956028,129.4936451745106,3.186702002123013,11.91000812531799,53.20287148912749,0,2026-09-22 23:22:54
2026-09-22 06:52:00,CNC-02,M,296.09094686559575,310.0985045371252,1817.9474957984364,37.40182123638007,92.95543840948721,2.4682595211040055,12.67412771322191,56.803357257536256,0,2026-09-22 23:22:54
2026-09-22 16:25:00,CNC-03,H,298.5702451316396,311.6390186874088,1675.3420710309567,37.776591735082995,7.22951161159029,2.3558726654708053,11.681889863144624,51.98799390742407,0,2026-09-22 23:22:54
2026-09-22 11:34:00,CNC-01,L,296.87543869497375,311.138575499663,1376.1392434525828,53.456209216813285,134.08963581381707,2.23081602955748,13.718601869084328,56.65630510198982,0,2026-09-22 23:22:54
2026-09-22 16:50:00,CNC-01,L,299.4406757408503,314.7969240942197,2038.3055551452526,41.03051589486918,155.3838782747644,3.076469269530532,15.686115568241771,52.29841955701966,0,2026-09-22 23:22:54
2026-09-22 22:59:00,CNC-03,H,299.1058077868319,312.39156785769404,2736.565627557511,18.742328689271893,251.97194905127049,4.316207429262139,9.70359938992774,52.457739087075154,0,2026-09-22 23:22:54
2026-09-22 08:06:10,CNC-02,M,296.32516788117516,311.27449098278635,1611.2289070115223,45.752924370116915,198.50650690720627,2.870380690878318,13.524184147913108,58.00904815804435,0,2026-09-22 23:22:54
2026-09-22 16:11:00,CNC-01,L,298.9791199943426,313.60451816721417,1744.4062769957345,43.83597783285694,99.66960237832569,2.5305538969760595,14.271542575657778,54.771815875028295,0,2026-09-22 23:22:54
2026-09-22 10:11:00,CNC-02,M,296.3156295678838,311.080728677717,1319.6711522719208,54.11689490301599,165.47814813401789,2.261768603299316,13.306404899421668,57.31345690565756,0,2026-09-22 23:22:54
2026-09-22 04:25:00,CNC-03,H,296.14277059057486,310.19120151468576,2247.476357526625,28.578357661541084,173.97305583725853,3.0679775094011887,11.979715230879167,59.10058561301501,0,2026-09-22 23:22:54
2026-09-22 17:19:00,CNC-02,M,31.798199202336377,40.998681562373974,1841.20574720445,42.64833779030168,136.2649658135509,2.6933464741818804,14.640183657336104,42.44587275069784,0,2026-09-22 23:22:54
2026-09-22 12:17:00,CNC-02,M,296.4706893133517,310.8233288112262,1355.4950572195414,50.630632529383256,117.37235707144302,2.1387328586482983,12.803020763942303,57.27861737591004,0,2026-09-22 23:22:54
2026-09-22 19:24:00,CNC-02,M,300.49682499089914,314.5880698255064,2129.7671183570724,31.89971231914729,73.47280810911829,2.755267083564297,12.61025072516576,47.58038511575867,0,2026-09-22 23:22:54
2026-09-22 20:16:00,CNC-02,M,300.2898838689444,,2558.3942621711944,21.43247109480914,136.06039790412305,3.2711627973219044,10.251409508386967,50.30664385783089,0,2026-09-22 23:22:54
2026-09-22 02:32:00,CNC-01,L,298.15958569249636,309.5698518398626,2593.8411568692554,15.940884257298597,2.2417977645492084,3.1565778034573615,7.9443307734384,55.39381346925298,0,2026-09-22 23:22:54
2026-09-22 07:03:00,CNC-02,M,296.16466638258015,310.4800253811825,29904.156298385704,42.19739481357308,108.41628466046863,2.394707090436559,13.539717716643363,61.24767737481399,0,2026-09-22 23:22:54
2026-09-22 00:44:00,CNC-02,M,298.6958790547087,310.5063283541668,2698.013833977185,14.868732910879842,112.45023170806279,3.403514609376248,7.5531379776123275,50.0760630027183,0,2026-09-22 23:22:54
2026-09-22 01:28:00,CNC-03,H,298.19168536994334,310.622017964836,2477.5516252856232,16.94082065570114,193.08657428918144,3.504813424323784,7.661300961119173,49.45308645464712,0,2026-09-22 23:22:54
2026-09-22 18:16:00,CNC-02,M,26.969930582641837,41.284818258188125,2386.5794329887362,25.526930309794462,212.57136821442614,3.7574012562007026,11.317063905737525,52.71960862825738,0,2026-09-22 23:22:54
2026-09-22 06:08:59,CNC-01,L,296.2101280095545,309.48356519895657,2004.438370744415,30.759129569169524,63.15305124254574,2.6351123747684433,11.670673605482992,58.06084363937929,0,2026-09-22 23:22:54
2026-09-22 03:01:00,CNC-02,M,297.18824756746966,310.24118060427753,2524.4897077566097,21.68236329704025,44.18666559587574,3.0650029521375397,10.154070289937517,57.9065391148667,0,2026-09-22 23:22:54
2026-09-22 13:00:00,CNC-03,H,24.333000155419086,38.934564001511944,1414.5310651619393,50.904200532673435,163.33055511447694,2.3457848496940037,13.557746561862375,54.48918379453214,0,2026-09-22 23:22:54
2026-09-22 18:19:00,CNC-02,M,26.707362586727868,41.67993567337555,2070.2875778318576,34.8839396121778,216.58014771602333,3.5141903647764954,13.160503539768806,53.375869888517954,0,2026-09-22 23:22:54
2026-09-22 07:32:00,CNC-01,L,296.16342549702983,311.05924893387623,1743.027249497843,43.20833110544964,179.95724860069126,2.8538876513298455,14.203701902555672,59.40959515458766,0,2026-09-22 23:22:54
2026-09-22 09:04:00,CNC-02,M,296.24409563634714,310.46663333849534,1529.4887236788336,47.88719182651531,61.830910201621684,2.248768817990981,13.639080667499128,55.815078900115594,0,2026-09-22 23:22:54
2026-09-22 18:26:00,CNC-01,L,299.95102203328247,313.6982331323946,2200.7238613500017,28.864381681043493,82.75289893284834,2.81503157567776,11.99745332891025,53.61183771570145,0,2026-09-22 23:22:54
2026-09-22 06:40:00,CNC-01,L,296.08362185943355,309.96329039421414,1859.1011214080795,36.32745861757154,106.8627744784013,2.621334159242465,12.404666817802994,57.98042266386012,0,2026-09-22 23:22:54
2026-09-22 08:09:00,CNC-01,L,296.580024700315,310.489352695976,1679.4317479743454,42.228856156525396,34.73733436347998,2.2872896913740735,13.108504942007714,59.24899034347758,0,2026-09-22 23:22:54
2026-09-22 13:28:00,CNC-03,H,24.295607934404984,38.94358067120521,1364.576023749037,51.53525234594262,207.54746027774755,2.60798276572854,13.035064738602832,54.284929353758464,0,2026-09-22 23:22:54
2026-09-22 22:06:00,CNC-01,L,299.36614414118253,311.27644721301107,2625.0064936479425,15.653586109117555,108.89287126186369,3.304973379752118,7.5324181849850405,55.63939444143573,0,2026-09-22 23:22:54
2026-09-22 10:43:00,CNC-02,M,296.31666928916,311.0351892046645,1423.8726161817317,47.62638929829313,216.01630418588476,2.880463929206774,12.813046141454196,59.92113976663434,0,2026-09-22 23:22:54
2026-09-22 19:45:00,CNC-01,L,300.00377062914305,313.8774111265423,2382.9919013382314,26.536034576069053,182.00246420303418,3.4777863289965456,11.740065161085107,49.9703953213487,0,2026-09-22 23:22:54
2026-09-22 01:44:00,CNC-01,L,298.4756753213556,310.8551188034724,2633.297071194019,16.919513145983895,168.5520449850455,3.5964482129969384,8.643752775179163,54.74608030620524,0,2026-09-22 23:22:54
2026-09-22 17:46:00,CNC-03,H,26.468731570870773,40.70331983605945,1903.0271995115866,36.745618263752085,120.63732640294604,2.6120051033178644,12.934265044661736,48.88419593307792,0,2026-09-22 23:22:54
2026-09-22 01:56:00,CNC-03,H,303.38562202115753,309.3956303179946,2671.3391205700395,16.00746323231605,3.176798287020869,3.1889683062533885,8.07901045243097,45.69214097054559,0,2026-09-22 23:22:54
2026-09-22 00:27:00,CNC-03,H,298.7617154168057,311.5605516742051,2624.503710109816,19.77549359768536,127.58667589018621,3.366827569808602,9.820433626658414,52.78019078073625,0,2026-09-22 23:22:54
2026-09-22 12:56:00,CNC-02,M,24.201842393248057,39.231562480676416,1376.8454261481227,53.0461917166484,179.39110559813216,2.5107054764490018,13.670331572446894,55.76924247474796,0,2026-09-22 23:22:54
2026-09-22 12:27:00,CNC-01,L,23.95918814950511,38.812787875666686,1313.8592304162435,55.656664854991824,218.311588618691,2.96579867100794,13.721983576208409,54.61191757786574,1,2026-09-22 23:22:54
2026-09-22 12:16:00,CNC-03,H,296.9685424515699,310.8265770708618,1300.546455392821,50.83202518925618,93.83150129205877,2.130933254793362,12.419120316342909,60.59557780445211,0,2026-09-22 23:22:54
2026-09-22 06:53:00,CNC-01,L,296.24765760608244,310.92502810628156,1854.0289527158695,40.68840286143434,124.67840191279018,2.762795034713011,14.003293429863032,56.79206890732318,0,2026-09-22 23:22:54
2026-09-22 10:42:00,CNC-02,M,296.6338013358724,311.62067339112906,1404.165816741538,50.740238291276,214.45938825106435,27.805608094089393,13.533515204065326,53.92693735330139,0,2026-09-22 23:22:54
2026-09-22 20:59:00,CNC-03,H,299.5162722941434,313.47896853486066,2448.691882617425,26.173680164125773,119.74070426104088,3.140579048273402,11.886469892685145,53.560103661617745,0,2026-09-22 23:22:54
2026-09-22 00:52:16,CNC-02,M,298.2718761569101,311.643806750133,2670.1358831825623,21.246304013026375,121.93184593988656,3.4461321741127926,10.703109889840892,54.27299605786424,0,2026-09-22 23:22:54
2026-09-22 10:40:00,CNC-03,H,296.32714305386173,311.3888679825042,1363.1915827848572,55.784561286029636,199.24276540011815,2.453632382307045,14.212887953886458,58.76265477472261,0,2026-09-22 23:22:54
2026-09-22 11:13:00,CNC-01,L,296.7568575996682,310.9923097038976,1446.0845999416758,49.20658829115708,100.74231774157727,21.646232378405397,13.35679047143186,,0,2026-09-22 23:22:54
2026-09-22 17:43:00,CNC-03,H,26.19236680220331,40.69228901323987,1902.223243473808,38.27326705550054,116.53237477506742,2.595143692033604,13.641422543654148,55.359166846371174,0,2026-09-22 23:22:54
2026-09-22 06:09:00,CNC-01,L,296.61678808782705,310.2438812932522,1968.4042684260903,32.919718472849254,64.49421840203777,2.6051276547845745,12.057852377415132,55.190378043955256,0,2026-09-22 23:22:54
2026-09-22 09:43:00,CNC-03,H,295.98184120490873,310.23139179057677,1469.224581082557,47.50365772930651,110.04553822589686,2.1362985679280295,12.989586224890614,58.97404777468105,0,2026-09-22 23:22:54
2026-09-22 20:56:00,CNC-01,L,299.88131159894635,312.9459992990388,2492.3615177454035,24.23858023034324,31.165753493143946,2.983737943511736,11.350923447217582,49.99405274985847,0,2026-09-22 23:22:54
2026-09-22 20:59:00,CNC-01,L,299.51750607660705,311.56375241919017,,18.140141546649417,34.61941952872409,2.99476169236581,8.601193908815931,52.59853070254186,0,2026-09-22 23:22:54
2026-09-22 02:44:00,CNC-02,M,297.2944970371029,310.3813421307838,2485.724133615092,23.234006557434352,24.619782869346484,3.0657702293471614,10.7499346716197,59.14468320637222,0,2026-09-22 23:22:54
2026-09-22 20:10:00,CNC-02,M,300.3774201078484,314.38278705996106,2436.2266500868777,25.434561332552462,128.95467387407683,3.2196760376319995,11.608775788109034,50.67742640121449,0,2026-09-22 23:22:54
2026-09-22 09:35:00,CNC-03,H,296.11122726660295,310.6735558926295,1573.130188886168,48.06028882947278,97.55305740762867,2.223369696426396,14.320007752988724,57.340738111508976,0,2026-09-22 23:22:54
2026-09-22 21:13:00,CNC-01,L,299.93987870158264,311.3000138343242,2611.3211099683353,14.136667812201253,50.44511982974044,3.23390193800182,6.946496132126517,,0,2026-09-22 23:22:54
2026-09-22 19:27:00,CNC-01,L,299.7614734810942,313.708579619032,2258.7303485868056,28.03738949979183,159.8245159536796,3.1960947499654826,11.955164733391703,56.547288298803394,0,2026-09-22 23:22:54
2026-09-22 15:38:00,CNC-02,M,298.66949947622436,313.9125768057943,1688.0150987681873,45.73707162979421,206.20401331602264,2.8934740492665685,14.498199667620352,54.309461732599146,0,2026-09-22 23:22:54
2026-09-22 21:56:00,CNC-02,M,299.8268724764897,311.1528718220535,,12.994804500791496,44.50931475612488,3.1486666860311807,6.404394548501649,51.94745256357041,0,2026-09-22 23:22:54
2026-09-22 15:26:00,CNC-01,L,298.8392876949563,312.9491258071522,1638.458554305998,43.638908940206555,33.16624480780496,2.218617544409932,13.195972143854199,50.35773068808244,0,2026-09-22 23:22:54
2026-09-22 16:21:00,CNC-03,H,298.7869675518583,312.77024004382827,1796.3556121862525,40.73871085777543,1.4463907345918847,2.3092981568735045,13.624860915145229,51.55591768521464,0,2026-09-22 23:22:54
2026-09-22 03:41:00,CNC-01,L,297.5853299401183,310.81269366438016,2393.1198344422774,26.03521659064222,81.74268477898944,2.9669873751285722,11.40847992744812,55.90616949530223,0,2026-09-22 23:22:54
2026-09-22 21:12:23,CNC-03,H,299.5168695531748,312.5896352528004,2418.7934709687734,22.376721798723967,135.55333864076027,3.2364960957262894,10.258142227449754,54.47189019568958,0,2026-09-22 23:22:54
2026-09-22 16:35:00,CNC-01,L,299.07284580411135,313.7308432816054,1730.8632619445152,42.84797008751905,134.24316624238014,2.594068507825996,13.717843819996212,53.5608300654139,0,2026-09-22 23:22:54
2026-09-22 08:28:00,CNC-01,L,296.15051330260513,310.1693380500425,1574.5922240565092,43.973872819126775,62.952915900677745,2.0878961184466385,13.096269662461772,57.595109473889785,0,2026-09-22 23:22:54
2026-09-22 16:30:00,CNC-01,L,299.1951742153894,313.35224420930894,1814.7004124036157,38.5153211104878,127.08327586810874,2.6455551422085244,13.009587498449148,50.85294772132037,0,2026-09-22 23:22:54
2026-09-22 20:00:00,CNC-01,L,299.6226780781243,313.0818084884478,2410.984651079827,22.550381764616805,199.8896760020452,3.729403915551192,10.079166138977971,48.01067771819678,0,2026-09-22 23:22:54
2026-09-22 15:14:00,CNC-03,H,298.2398198326017,312.96985473904004,1637.024168525718,46.05005952887489,154.16630827940844,2.476729615517205,14.183813931744316,54.26940666736182,0,2026-09-22 23:22:54
2026-09-22 12:59:00,CNC-03,H,23.99356026012532,38.19587359165382,1518.8698922899132,45.60667023996104,161.75235731347877,2.445108030802528,13.080467502165304,56.17463212860393,0,2026-09-22 23:22:54
2026-09-22 19:36:00,CNC-02,M,300.4348318459714,314.1209821389716,2227.9482073525933,26.69721265316007,88.28307264322416,2.874193004299109,11.269627087098502,51.5513753974934,0,2026-09-22 23:22:54
2026-09-22 11:08:00,CNC-01,L,296.68741040915216,310.5531441347542,1302.1480179888408,50.61911152132814,92.8403628229076,2.0433451251641674,12.520321856694148,56.15584854980074,0,2026-09-22 23:22:54
2026-09-22 13:16:00,CNC-02,M,24.31460965782628,39.24388065596628,1352.5841500886554,53.535928002815176,211.00899035977397,2.643110492867159,13.310834038550343,53.89923727420637,0,2026-09-22 23:22:54
2026-09-22 15:27:00,CNC-02,M,298.51687756220605,313.81301560828445,1643.0901857634478,46.400585203286724,189.8144336154984,2.771064574599885,14.288056559851684,49.57786476846499,0,2026-09-22 23:22:54
2026-09-22 21:23:00,CNC-01,L,299.441614671375,312.3154625070106,2669.441917156287,19.83992173254404,61.71845801287243,3.1232381899499173,9.805385506866743,56.98274659434172,0,2026-09-22 23:22:54
2026-09-22 07:07:00,CNC-01,L,295.97445812868125,310.0531938886525,1748.9746903565906,40.03209896236981,144.33631989765905,2.7522093177305367,13.088384647800961,58.77892271423698,0,2026-09-22 23:22:54
2026-09-22 03:24:00,CNC-03,H,296.6298262329623,310.82023426708855,2323.040741704897,30.347510564158313,101.63695416403843,2.9482588954912594,13.289481587330231,57.86614850100447,0,2026-09-22 23:22:54
2026-09-22 01:34:00,CNC-02,M,297.95751785298336,310.7406697677917,2653.314032234576,18.17043752372239,166.02124775401546,3.614296638471796,8.969060693595292,52.87286424675548,0,2026-09-22 23:22:54
2026-09-22 16:01:00,CNC-02,M,299.0097345699092,313.516436276898,1715.4602604141546,42.29391372666706,25.220449322956394,2.3682034896778212,13.397490644539042,55.08864028159076,0,2026-09-22 23:22:54
2026-09-22 16:36:00,CNC-02,M,299.4777859576922,314.12258164711903,1783.6874535737406,40.92554047640172,75.81440659183333,,13.786745787496713,50.08080675406817,0,2026-09-22 23:22:54
2026-09-21 23:52:00,CNC-01,L,298.75410054698153,309.920505930148,2688.543022946408,13.302261774683034,48.83848067254621,3.144790554272184,6.803206696575352,52.74558632456087,0,2026-09-22 23:22:54
2026-09-22 12:35:00,CNC-03,H,24.42623710856293,38.65271430277471,1375.8956903223063,51.77099049561018,123.85716116904514,2.2658298717574614,13.347256795223242,54.31762076622816,0,2026-09-22 23:22:54
2026-09-22 18:00:00,CNC-01,L,26.3225833146534,39.77826543448924,1931.741845533621,32.94339054541401,48.46238537411111,2.5585517662946207,12.07934614099022,51.42380008179805,0,2026-09-22 23:22:54
2026-09-22 14:03:00,CNC-01,L,297.9475656949329,312.6490573281609,1528.293482428046,49.97615963437531,142.14842778213952,2.483086465323371,14.209224173390847,58.73115045900161,0,2026-09-22 23:22:54
2026-09-22 09:58:19,CNC-01,L,296.3365474686338,311.70855637559254,1463.8074538230546,54.80944389431545,199.51023283097769,2.8380472792860294,14.92487461659025,56.693626655461586,0,2026-09-22 23:22:54
2026-09-22 03:27:00,CNC-03,H,296.5276183747978,310.0746687242825,2628.554495024444,24.021516523220765,105.07508265075282,3.166765898184956,11.834100307451413,58.13142438558814,0,2026-09-22 23:22:54
2026-09-22 04:06:46,CNC-01,L,0.0,310.54201389259856,2471.7735804318368,21.644570024815547,112.7138467549923,3.140223515167025,10.059316234042235,54.477411808268336,0,2026-09-22 23:22:54
2026-09-22 13:34:00,CNC-03,H,297.3278243259495,310.9484052198885,1423.3453159080373,48.51498629157775,0.0,2.130259175325392,12.91698551672033,53.124601827220246,0,2026-09-22 23:22:54
2026-09-22 04:30:00,CNC-01,L,302.529237847152,310.60513057843684,2400.6987298501003,29.00332357219088,140.66474534038932,3.208265485300454,13.049145580167743,46.85210850258422,0,2026-09-22 23:22:54
2026-09-22 03:37:00,CNC-02,M,296.4346305810367,309.87189263075766,2335.625181002959,26.584870177722735,85.8005298676919,3.0033870019288496,11.657179735506142,58.139252376590214,0,2026-09-22 23:22:54
2026-09-22 18:45:00,CNC-01,L,299.8870048602717,313.61672799374094,1962.2056462752562,33.82387044031702,107.24632044038772,2.7325375913643684,12.333582257120872,48.431865402842085,0,2026-09-22 23:22:54
2026-09-22 11:31:00,CNC-01,L,297.13555590526255,311.57089736873246,1463.164360092628,50.14980547302612,129.28963581381709,2.21179517384848,13.753311912029938,54.66180793399651,0,2026-09-22 23:22:54
2026-09-22 01:28:00,CNC-02,M,298.0492241610923,311.57493519605543,2564.5278995244166,23.390576608512944,159.58484255205585,3.4282136586781244,11.151709048018011,57.42512630533561,0,2026-09-22 23:22:54
2026-09-22 13:27:00,CNC-01,L,24.769218500098873,39.05098143355798,1413.83934597102,51.8090064149151,85.75131529122866,2.1189079431409388,13.807848549894974,52.795946681652396,0,2026-09-22 23:22:54
2026-09-22 18:40:00,CNC-02,M,300.150504259563,313.01494519773706,2182.3511793162743,24.196365738207543,18.15426199035399,2.754616700831894,9.797496850366718,50.85317106806193,0,2026-09-22 23:22:54
2026-09-22 01:09:00,CNC-02,M,298.0772241969387,310.7397686945888,2773.766308742809,17.99823877231929,139.04660996669972,3.54946716724269,9.254685398756273,54.689830924028904,0,2026-09-22 23:22:54
2026-09-22 10:19:00,CNC-02,M,296.06745865580706,311.108969664467,1362.0692025991013,53.78019089870102,178.03478037198275,2.418974856062487,13.902004797017868,57.78624672827851,0,2026-09-22 23:22:54
2026-09-22 02:55:00,CNC-02,M,297.3171639527569,309.6250331838434,2547.508835848529,18.97107973582692,37.29504665118938,3.10964961935186,9.210712817048954,54.76184767022464,0,2026-09-22 23:22:54
2026-09-22 03:29:00,CNC-01,L,297.79442820354376,311.26012704081825,2356.2311142354824,25.257596148267332,67.56165642167092,2.944168092125909,11.031517369000277,56.603058930270976,0,2026-09-22 23:22:54
2026-09-22 07:52:00,CNC-01,L,296.1744420033371,309.68980778592,1701.9793515729878,37.69960121399517,10.137675833828697,2.2939771880682964,11.721049558238409,61.02253365128271,0,2026-09-22 23:22:54
2026-09-22 03:09:00,CNC-02,M,297.2394683788692,310.0931139538216,2356.9893248942976,24.198326404415518,53.403507643505534,2.939939700835789,10.50251826585442,54.57926716685152,0,2026-09-22 23:22:54
2026-09-22 17:34:00,CNC-03,H,26.069869017604844,40.53705658961894,1891.4310693315642,39.89256458915681,104.24803571949117,2.5569451208037464,14.007725813227397,46.1941586403837,0,2026-09-22 23:22:54
2026-09-22 07:38:00,CNC-01,L,295.9819519493424,310.9141248574874,1647.5757603194118,46.44615307797632,188.6262705323375,2.845867383409499,14.231770322542918,61.26380810626556,0,2026-09-22 23:22:54
2026-09-22 09:49:00,CNC-01,L,296.047206511843,311.0175516827458,1553.2631772325533,49.804686416979585,186.98812716491437,2.8442821774649722,14.404200750076425,55.84683084332855,0,2026-09-22 23:22:54
2026-09-21 23:22:00,CNC-02,M,299.11405966885013,310.238848218536,2749.749663181912,13.280500554658328,25.025338561800137,3.2194313109004695,6.666152588423959,56.16070752354862,0,2026-09-22 23:22:54
2026-09-22 21:22:00,CNC-03,H,299.73169737508033,312.43563744157115,2560.793419033091,18.55488612927566,145.60167836327736,3.368386862951685,8.69414017784946,51.39057132817208,0,2026-09-22 23:22:54
2026-09-22 02:48:00,CNC-01,L,298.0625880960226,310.5796398514027,2579.893184520911,20.607496296100575,20.27334765801843,3.0460003374129028,9.677491724583863,54.34397169653271,0,2026-09-22 23:22:54
2026-09-22 22:05:00,CNC-03,H,299.63446894658273,312.6070696530304,2673.217577038355,19.255268070243737,193.6635747562461,3.6397227802251235,9.514695454068955,52.92235236364043,0,2026-09-22 23:22:54
2026-09-22 04:49:00,CNC-01,L,0.0,310.6194649118893,2356.9905706914487,29.480362019589773,164.22283336240622,3.2938633023601707,12.901639490100456,46.75658592742912,0,2026-09-22 23:22:54
2026-09-22 16:46:00,CNC-02,M,304.98115378781455,313.50007946270705,1907.512209307704,38.658092560206796,89.97794413910093,25.08670606987578,13.808162276023708,39.77040000464811,0,2026-09-22 23:22:54
2026-09-22 09:13:00,CNC-03,H,295.9697356617903,310.29301748633145,1512.3482783279835,48.552602788906725,63.88373389756739,2.0800656620177436,13.576255314213775,55.743370099431814,0,2026-09-22 23:22:54
2026-09-22 01:44:00,CNC-02,M,297.86493289834226,309.98725317706874,2588.3093500232008,14.777079738352064,176.76034754797547,34.62003190304775,6.967340563667222,49.8155385063157,0,2026-09-22 23:22:54
2026-09-22 02:21:00,CNC-01,L,298.12434465192274,312.476409581021,2664.6022891386083,25.397122896257184,209.478119081609,4.172718249371161,12.810038399448123,56.0799610527114,0,2026-09-22 23:22:54
2026-09-22 21:46:00,CNC-01,L,299.5653802540934,312.3602601673701,2614.9574587174584,20.630514911506204,87.08094469923046,3.189588309213921,10.198999642140542,48.10975899772466,0,2026-09-22 23:22:54
2026-09-22 07:27:00,CNC-02,M,296.20320893938816,310.6217837336821,1802.1106879697788,38.23790100020134,142.19069901592826,2.6420080511250217,12.945732437480626,53.79072410452492,0,2026-09-22 23:22:54
2026-09-21 23:41:00,CNC-03,H,299.1217045104116,311.1179552734371,2653.8134864948984,16.384825030040723,78.74570423197727,3.3049933369912763,8.238264210605806,49.430771322482116,0,2026-09-22 23:22:54
2026-09-22 20:54:00,CNC-01,L,299.7229123404883,311.5631917418727,2703.9026787148023,15.84086284461105,28.893167785833455,3.3172492531592974,7.927125793862533,51.87126607286601,0,2026-09-22 23:22:54
2026-09-22 01:23:00,CNC-02,M,298.1246744534135,310.57236096932445,2653.7389085892423,17.108088956742268,154.1141758003556,3.437849525393313,8.580139585351528,54.200014234924666,0,2026-09-22 23:22:54
2026-09-22 16:37:08,CNC-02,M,304.8569738635116,313.09171165545246,1743.9343972901222,39.71212849288123,77.23464699689788,2.4135123535983176,12.7701841669993,44.07728544937354,0,2026-09-22 23:22:54
2026-09-22 06:18:00,CNC-03,H,295.94493624461575,309.80168461648174,2018.6495609867497,34.29635661477878,64.57802102868409,2.5510697802960394,12.933742035069312,57.6888329046264,0,2026-09-22 23:22:54
2026-09-22 13:08:00,CNC-01,L,24.61941647716094,38.339910405542525,1434.5562790352546,47.89097898199682,55.54579457504511,2.1474380541824143,12.855261722706567,55.103695005016235,0,2026-09-22 23:22:54
2026-09-22 08:36:00,CNC-03,H,295.83417166538624,309.97414125920426,1573.2694804623316,47.33303063369692,7.420920998091054,2.2251801674621285,14.127300163398566,55.46998653669769,0,2026-09-22 23:22:54
2026-09-22 12:24:00,CNC-02,M,23.708071581786896,38.568473515423875,1384.4180207712202,53.78992598649898,128.53873246380178,2.0722692825325093,13.950982873107957,55.94751145961275,0,2026-09-22 23:22:54
2026-09-22 12:51:00,CNC-01,L,24.237556636211252,38.444599861462734,1465.3839604883221,50.02293018342135,28.612916516124088,2.2092420974882154,13.844374199654906,54.964167704123945,0,2026-09-22 23:22:54
2026-09-22 17:19:00,CNC-03,H,25.669162622578426,39.584076459825155,1859.7184232406976,37.26865718857098,83.68129618550941,2.488024897344653,12.830100166065467,53.44033622336717,0,2026-09-22 23:22:54
2026-09-22 04:33:00,CNC-03,H,296.2550082016808,310.51398219792094,2464.9258458756954,26.314071574460428,,3.49842605155359,12.156475748449862,56.4709430822266,0,2026-09-22 23:22:54
2026-09-22 07:18:00,CNC-01,L,5849.8138655463745,311.14546186792103,1896.95605879953,41.654024638243826,159.9233041071687,2.83593825786813,14.932392319591072,61.14262226278991,0,2026-09-22 23:22:54
2026-09-22 12:43:00,CNC-01,L,24.370264358457916,37.6214535532057,1317.8739074366215,47.18909727503526,15.881612878548555,1.9361226775953915,11.538082770573705,54.736183967917235,0,2026-09-22 23:22:54
2026-09-22 12:58:00,CNC-01,L,24.129716679131946,37.52909581043656,1305.7177496648546,50.217756089373886,39.70270157532911,1.9367328025628707,12.164619185422145,50.92397167271104,0,2026-09-22 23:22:54
2026-09-22 13:36:00,CNC-01,L,297.82612535002124,311.7450992068398,1345.3766907508702,51.365881533085854,99.85146403034196,2.1174533600264676,12.899863236143604,55.59236514041178,0,2026-09-22 23:22:54
2026-09-22 00:26:00,CNC-02,M,298.84882212777427,310.89346842753923,2831.5947679791807,14.343072478777524,93.08111656994753,3.385959868438124,7.581642131221075,53.43287077530352,0,2026-09-22 23:22:54
2026-09-22 22:46:00,CNC-02,M,299.3320773215819,312.55981660470695,2551.7511448808223,20.211864176459585,99.0609073478342,3.254499840622659,9.762147389112048,49.636743546259154,0,2026-09-22 23:22:54
2026-09-22 00:16:00,CNC-01,L,299.1253723425593,311.7706831951469,2660.681640347345,18.66935746004159,74.37100224193168,3.066783998700873,9.373917806860064,47.275540317973125,0,2026-09-22 23:22:54
2026-09-22 05:39:00,CNC-01,L,296.7772849101598,310.5151691684412,2243.173344495393,30.3941244681265,24.68660744010486,2.874110829767572,12.613808881696182,62.521318996266466,0,2026-09-22 23:22:54
2026-09-22 18:23:00,CNC-02,M,26.960593868957517,42.477579993024904,2047.2250834185331,38.53651711006016,221.78061957541456,3.424381616578938,14.78417170530116,48.84394720668137,0,2026-09-22 23:22:54
2026-09-22 22:25:00,CNC-03,H,299.4947117248099,312.56273274028234,2767.27048703116,17.81125115572902,215.47829560409807,3.881369780939651,9.119474197570135,54.80319858488327,0,2026-09-22 23:22:54
2026-09-22 10:04:00,CNC-03,H,296.14091404717664,310.59349318688743,1511.7752757454573,683.7314501917164,142.78275207079398,2.3829139654733895,13.548845717713254,57.42112873326932,0,2026-09-22 23:22:54
2026-09-22 22:00:03,CNC-03,H,299.5682574009379,313.4968490141705,2522.350697361671,24.67589124808259,186.97243634298698,3.4617764509272533,11.649710655426155,58.00837872566438,0,2026-09-22 23:22:54
2026-09-22 12:31:00,CNC-01,L,24.213220879183496,39.602613055716574,1326.6923474446794,59.559703299589174,224.68170495119986,29.498869589055353,14.733572720400447,56.404461286443606,1,2026-09-22 23:22:54
2026-09-22 05:03:00,CNC-01,L,302.25008551295804,310.16420953985255,2134.5759974057337,27.99107748856137,181.82784142353,3.2618432194554736,11.20325562660935,46.66558927232287,0,2026-09-22 23:22:54
2026-09-22 15:45:00,CNC-03,H,298.25926940241163,313.5118512977834,1748.7785561894727,45.057112391574535,200.64585450470133,2.8957404899922667,14.705441751757942,52.18588926310379,0,2026-09-22 23:22:54
2026-09-22 21:12:00,CNC-03,H,299.39825401381194,312.64059203555206,2426.6496951579484,23.45096479180525,134.39233646125146,3.121550702143956,10.733416878747889,52.39688272436705,0,2026-09-22 23:22:54
2026-09-22 10:20:00,CNC-03,H,296.1420568345068,310.53796232796896,1381.730921350712,51.95441970145404,167.73996149640433,2.4392494613533326,13.438545398509468,58.300810274750226,0,2026-09-22 23:22:54
2026-09-22 10:01:00,CNC-01,L,296.16703122223373,311.2496685940686,1423.529411566125,52.65533351468643,205.7151559367836,2.892629696295281,13.682968560980024,57.088291079514505,0,2026-09-22 23:22:54
2026-09-22 00:05:00,CNC-03,H,298.900890927459,311.09494394767034,2636.278988501197,16.560440790031315,104.33382179321865,3.23780267334693,8.054009682476691,51.13076422772954,0,2026-09-22 23:22:54
2026-09-22 12:25:00,CNC-01,L,24.08138461839087,39.29342415718054,1400.52408243838,56.76115261780615,215.12298714838818,3.001659432901942,14.637466224561942,55.38260967648185,1,2026-09-22 23:22:54
2026-09-22 10:38:00,CNC-03,H,296.2138650506716,310.4801791351177,1392.5159775620714,47.67935539243995,196.11958378525472,2.5893304855155614,12.461003070143942,62.66654243590779,0,2026-09-22 23:22:54
2026-09-22 19:07:00,CNC-03,H,299.69725882237566,313.9618482662989,2175.101303468303,30.972374151424667,226.10563941942218,3.5331337174944455,12.233798398271832,53.781328071252545,0,2026-09-22 23:22:54
2026-09-22 09:14:00,CNC-03,H,296.0683738996219,309.94319665819745,1574.8792063871285,43.61933941012908,65.40342846215985,22.375223715539036,12.931754789992464,57.79934487247811,0,2026-09-22 23:22:54
2026-09-21 23:49:00,CNC-01,L,299.321805839971,311.6800841340235,2741.655827665744,16.351352328741676,45.70523598267019,3.279286930438501,8.526524356374335,51.26033507630773,0,2026-09-22 23:22:54
2026-09-22 00:35:00,CNC-03,H,298.8804177359064,,2697.3854277796645,17.28847303602824,136.13432551065443,3.344094574447299,8.883401781313264,53.056524245757025,0,2026-09-22 23:22:54
2026-09-22 12:32:00,CNC-01,L,24.240182266838303,39.32015335076153,1431.065088014292,54.19071305965504,8660.08543322157,3.1928114892046775,14.39216666034333,57.952452691970066,1,2026-09-22 23:22:54
2026-09-22 00:38:00,CNC-03,H,298.78388143452935,311.85177409598964,2708.7523238695762,19.50374339760129,139.43120430958504,33.75540268175051,9.755377518966506,60.146210143512896,0,2026-09-22 23:22:54
2026-09-22 16:45:00,CNC-02,M,305.2877345810589,313.41987972353456,1961.6491413603303,35.09210728381641,88.58944599179596,2.5099174449228143,12.908332781756553,41.55939326758544,0,2026-09-22 23:22:54
2026-09-21 23:42:00,CNC-01,L,298.9437103877542,310.78459405941027,2671.5735126233035,16.315684823325512,38.25169955727966,3.2108298280640857,8.409797406288181,52.67704051903136,0,2026-09-22 23:22:54
2026-09-22 03:04:00,CNC-02,M,296.71228522670066,310.11188348761476,2486.724537664811,24.323522376129294,47.653111654119414,3.0827145466030097,11.505774471887566,55.338881115870365,0,2026-09-22 23:22:54
2026-09-22 21:56:00,CNC-03,H,299.54576747070286,313.1997741273016,2605.681019483312,21.898283144639095,183.61577984374026,3.5985849266502528,10.85266543817815,55.05396445459529,0,2026-09-22 23:22:54
2026-09-22 04:37:00,CNC-02,M,296.2822880120216,310.381534010639,2358.9146850586885,28.946387002538117,158.24979374397782,3.344958833252138,12.842745439395907,60.094477982880754,0,2026-09-22 23:22:54
2026-09-22 00:59:00,CNC-02,M,298.17272703924885,311.3793301487602,2657.6018173956627,20.8109598248659,128.3413734087922,3.3192591221599956,10.691196552278107,57.8856976875796,0,2026-09-22 23:22:54
2026-09-21 23:47:00,CNC-01,L,299.0632465518698,309.9636531965874,2743.631703669947,11.613301953033627,43.607304613875435,3.179079487767283,6.072932239615415,54.295669625093424,1,2026-09-22 23:22:54
2026-09-22 11:02:00,CNC-02,M,296.328623392588,311.3797920608267,1461.3726439307754,50.357551259574215,246.13623376725246,3.4393490933661828,13.724504428213605,58.679933078426316,1,2026-09-22 23:22:54
2026-09-22 01:42:00,CNC-01,L,298.4507206548749,311.0511003201468,2707.849219672394,17.815649833740768,166.45208549318778,3.7469554058833916,8.8681060315504,54.343708476681115,0,2026-09-22 23:22:54
2026-09-22 05:38:00,CNC-02,M,296.2435452031376,311.0957091916702,1968.0997732206554,37.01604490341799,235.40729486871635,3.59577991936075,13.825040665133406,56.60205098713382,0,2026-09-22 23:22:54
2026-09-22 22:12:00,CNC-02,M,299.6113103274455,312.7201235376848,2572.309259515114,21.833627064435422,62.15596151781751,3.1318085396390423,10.408337809305594,48.867084667461114,0,2026-09-22 23:22:54
2026-09-22 21:21:00,CNC-01,L,299.7618844636881,311.91502496656585,2540.803961771869,18.54492602198978,59.51454466758004,3.0853233755276563,8.741562944171076,51.39274830486952,0,2026-09-22 23:22:54
2026-09-22 19:25:00,CNC-03,H,5915.5383729746645,312.1364354860712,2365.0204852116776,22.984602833407227,8.58879146129372,2.879844164602786,9.994602806304623,48.88440825286666,0,2026-09-22 23:22:54
2026-09-22 01:53:00,CNC-01,L,298.67408816148156,312.3626925942902,2565.7990568440423,22.875762910534302,178.4380878709611,3.6210833091631005,10.821944806994578,50.305792410381024,0,2026-09-22 23:22:54
2026-09-22 18:29:00,CNC-02,M,300.1837753271236,313.40889545117074,2120.52171124177,28.226359150460112,3.940570282187868,2.7585996283508614,11.006055086967576,49.788200993021384,0,2026-09-22 23:22:54
2026-09-22 07:47:00,CNC-02,M,5839.799908529903,310.55958153974865,1612.1025015706655,46.177673349268716,170.91679047915554,2.6188316264521188,14.039346043976236,59.312247266047315,0,2026-09-22 23:22:54
2026-09-22 19:05:00,CNC-03,H,299.5570512628245,313.66377478683273,2318.6271054393505,26.853212228474128,223.59849228319106,36.478411380745115,11.963761522006557,50.680693212258156,0,2026-09-22 23:22:54
2026-09-22 07:57:00,CNC-02,M,296.07890946701457,311.27096182928534,1759.175849539925,44.70558551589263,185.35261603886136,2.8749745346483135,14.643161547056833,55.801357464832556,0,2026-09-22 23:22:54
2026-09-22 19:36:00,CNC-03,H,299.3906803374905,312.24780582091466,2402.2628576640973,23.63990703778873,21.870569787573324,3.064377280997225,10.516760583910077,52.339274350493476,0,2026-09-22 23:22:54
2026-09-22 22:42:00,CNC-01,L,299.0445278803892,311.2726788567604,2658.8127451910964,15.922081192721562,147.89478001572235,3.5423171366446615,8.159721472867433,51.007973454799945,0,2026-09-22 23:22:54
2026-09-22 04:50:00,CNC-02,M,296.425926121385,310.6123347617105,2304.405487748007,28.639063224260866,174.38064538678387,3.31992416943751,12.218311457402748,58.80317992943946,0,2026-09-22 23:22:54
2026-09-22 01:28:00,CNC-01,L,298.59492442378644,310.90297755887116,2814.9844062929437,15.736795372650008,151.31289720958273,3.633787533375603,8.254376319903729,55.687844470376604,0,2026-09-22 23:22:54
2026-09-22 08:24:00,CNC-03,H,295.8260329381967,310.7532344673679,1415.1197576630384,52.90374474194143,244.4359163119382,2.9983169682738904,13.979579249023931,58.57270018646568,0,2026-09-22 23:22:54
2026-09-22 19:00:00,CNC-02,M,300.3399299731515,313.9713198137203,2160.514087043267,30.159273760626412,43.53221764418577,2.7955518070695793,12.037329410518064,50.754750857380024,0,2026-09-22 23:22:54
2026-09-22 03:52:00,CNC-03,H,296.8349251583202,310.4309918064728,2284.519773171466,26.802915176955825,134.17484278596726,3.050792476803917,11.544834295496122,60.70740998640619,0,2026-09-22 23:22:54
2026-09-22 02:15:00,CNC-01,L,298.284691829736,312.7361137017945,2631.268625389286,24.966694282271938,202.72851583487406,3.9521424974704873,12.376143535775721,56.049646902278454,0,2026-09-22 23:22:54
2026-09-22 14:05:00,CNC-01,L,298.4150204661198,313.3564156645379,1539.620637646448,52.212450783445085,145.28061587532687,2.5761029105638196,15.132768054419081,53.67731111821084,0,2026-09-22 23:22:54
2026-09-22 03:13:00,CNC-03,H,297.04027047319204,309.55800989401234,2437.4720159363496,19.74214859593144,88.92266963657647,3.027432641432705,8.868526721280848,57.01684940866527,0,2026-09-22 23:22:54
2026-09-22 12:00:00,CNC-02,M,296.7214799954452,310.2178654856061,1293.0367325070788,48.3705946108568,90.37369812534129,2.1037446621311915,11.980595999790108,60.8652446457783,0,2026-09-22 23:22:54
2026-09-22 01:14:00,CNC-01,L,298.73178343285707,311.54726708199064,2740.214689771785,17.09038320774751,136.37237587930753,3.56271373673668,8.653719846847745,51.988059511883264,0,2026-09-22 23:22:54
2026-09-21 23:30:00,CNC-03,H,298.98684386775466,310.61996107784245,2789.6077023660655,13.409096711381096,66.96075159556788,3.3254330774032845,6.867188915991388,51.1324916504005,0,2026-09-22 23:22:54
2026-09-22 01:40:00,CNC-02,M,298.0279618417548,310.12521592924145,2804.980525507954,13.815741442544327,172.46494960016423,3.821951825228121,7.068867736598995,60.36986767882482,0,2026-09-22 23:22:54
2026-09-22 11:32:00,CNC-03,H,296.3645283445746,309.71225078577385,1275.8959062456986,47.54116897355438,23.853999687114495,1.9278141833432634,11.444069826428352,53.80891937880423,0,2026-09-22 23:22:54
2026-09-22 04:11:00,CNC-03,H,296.42555804867203,310.3849242883155,2201.9284046520243,29.956169808733904,156.85790668962028,2.981244445076884,12.432310194227705,64.63000874933869,0,2026-09-22 23:22:54
2026-09-22 12:47:00,CNC-01,L,24.022735974813315,38.09073751148355,1352.2369265170578,51.975776719210046,22.25294302771534,2.0920158494095853,12.760297547629406,53.11258046657755,0,2026-09-22 23:22:54
2026-09-22 03:17:00,CNC-02,M,296.92944136230074,309.6747775868298,2596.5809106377333,20.220454654247142,62.53269320045339,3.273609905033759,9.821534905587576,55.097756778314036,0,2026-09-22 23:22:54
2026-09-21 23:45:00,CNC-02,M,299.0129717628023,310.97497941466025,2695.1333308415633,15.844290648724115,49.436613198147235,3.200622162354174,8.01355377332311,51.36129696602208,0,2026-09-22 23:22:54
2026-09-22 02:04:00,CNC-01,L,298.58818082013545,311.16023834349323,2661.535997833005,17.43912885794928,190.4688519037634,3.89274451367257,8.438134082825565,48.32777716437061,0,2026-09-22 23:22:54
2026-09-22 17:34:00,CNC-01,L,26.498563610597557,40.47808347549727,2003.2872465889418,36.895231511956915,13.709204065354953,2.5616212987497504,13.9015613821474,51.96336489704346,0,2026-09-22 23:22:54
2026-09-22 15:01:00,CNC-01,L,298.30098109521805,312.93118089078183,1384.4060693460397,51.43368109285581,231.45978754912778,3.312775902592136,13.249808677388819,52.321438648731984,1,2026-09-22 23:22:54
2026-09-22 12:04:00,CNC-03,H,297.04672216049045,310.4963160638627,1303.3109620668517,49.828433931680486,74.78508071501665,1.979322493802574,12.165276975438887,57.45557800066411,0,2026-09-22 23:22:54
2026-09-22 18:13:00,CNC-02,M,27.215069141559866,41.776123949275984,2044.5158972880777,33.066845030462304,208.7437577514066,3.410427476561126,12.564774541170802,44.9485280898697,0,2026-09-22 23:22:54
2026-09-22 08:10:00,CNC-01,L,296.3002368684016,,1751.352159789371,44.32651652169419,36.180712791647515,2.4176303406567254,14.411378393373024,61.434386973024054,0,2026-09-22 23:22:54
2026-09-22 04:53:00,CNC-03,H,296.263705640119,309.9390279404796,2367.7309231898475,24.086204771046017,208.53234804285944,3.537749775870157,10.749198927071712,56.83290257298737,0,2026-09-22 23:22:54
2026-09-22 01:23:00,CNC-03,H,297.66641667595735,310.86179150474646,2692.2008305803492,19.903721780423822,187.63473735419512,3.6396174899065517,10.27432321533927,53.9787678604447,0,2026-09-22 23:22:54
2026-09-22 11:04:45,CNC-03,H,296.53616743154134,311.57449342346166,1534.8761607741828,50.40092964809658,240.27252063086067,2.996053378109861,14.54060012741981,58.99531725034744,0,2026-09-22 23:22:54
2026-09-22 06:48:00,CNC-02,M,296.0745582223969,309.9817782155951,2020.4377470725208,32.66137191069919,87.35417215857706,25.457317958674516,12.496581674277033,58.936845596520605,0,2026-09-22 23:22:54
2026-09-22 01:33:00,CNC-03,H,298.1364874440049,311.3963844819882,2900.0,18.676768862296864,198.58679748006642,3.87796896379224,10.205716337676456,58.71245609455267,0,2026-09-22 23:22:54
2026-09-22 22:05:00,CNC-01,L,299.38208562208297,312.4670534862631,2678.7495555690575,20.83730936346449,107.79328870726471,3.3392920041435814,10.65092931016747,52.789452578407435,0,2026-09-22 23:22:54
2026-09-22 14:13:00,CNC-02,M,298.1502732968319,311.9180169677414,1349.0937356627787,48.83053288281492,76.84464217017802,2.0287460102293826,12.479716553230528,55.73959724025039,0,2026-09-22 23:22:54
2026-09-22 19:44:00,CNC-02,M,300.9837337259724,315.04249293168675,2436.4490210578947,26.826072052238313,97.91606066585335,30.652918388449535,12.274024538497232,50.68205834872051,0,2026-09-22 23:22:54
2026-09-22 11:11:00,CNC-01,L,296.7128709259753,311.6531263490157,1415.77479727118,54.44396939832321,97.62929955511618,2.120715892233095,14.515054792460038,56.07549313777948,0,2026-09-22 23:22:54
2026-09-22 03:34:00,CNC-01,L,297.38248400693914,311.1033676121741,2292.076722259849,29.500909692038654,73.44760882701983,2.8898694341450377,12.545351297154994,53.23630761871497,0,2026-09-22 23:22:54
2026-09-22 11:52:00,CNC-01,L,296.97189335481403,311.85975857985767,1405.3505425835174,54.536500200239495,162.66326637790704,2.526945004167792,14.558738702803678,53.62851044713814,0,2026-09-22 23:22:54
2026-09-22 13:44:00,CNC-02,M,297.55128039207347,311.4385674362901,1434.2176016940516,48.315284787115765,31.61459866948057,2.0275207322410833,,54.569619011690236,0,2026-09-22 23:22:54
2026-09-22 14:03:00,CNC-03,H,297.7933342063219,311.6540459238372,1534.6624462241507,45.25569122538425,45.378927133069325,2.1698737662122207,13.148336731073172,58.14548736111801,0,2026-09-22 23:22:54
2026-09-22 00:48:30,CNC-01,L,298.719380614273,311.0545536725953,2570.599544034396,17.188830150913557,109.47088041740258,3.284700696526707,8.39926557351929,48.41284902484201,0,2026-09-22 23:22:54
2026-09-22 04:11:00,CNC-01,L,297.4022981590281,311.57524006251805,2362.281102373041,28.707487040376414,117.53001044305326,3.1162353861447283,12.535226107950924,52.52290633520386,0,2026-09-22 23:22:54
2026-09-22 01:19:38,CNC-03,H,298.15853436158756,311.51391549686025,2561.3911111501484,21.43064553440937,183.2712056307237,3.4509459989307096,10.250572160478676,53.96114646308813,0,2026-09-22 23:22:54
2026-09-22 15:49:00,CNC-01,L,298.76695897317967,312.85481878048597,1688.205547812673,40.51532404332607,67.3544597322902,2.3698644604563937,12.816340985362588,50.155388407156174,0,2026-09-22 23:22:54
2026-09-22 13:40:00,CNC-03,H,297.2189335022467,311.195013343093,1447.593702207576,49.61044750688402,9.473655401911287,21.32755472245704,13.50482876393095,55.63361649673257,0,2026-09-22 23:22:54
2026-09-22 01:02:00,CNC-02,M,298.16387968967973,310.24567947990766,2711.6628020736007,14.07101094780324,,3.4055692707333067,7.304502194611716,52.425782361526984,0,2026-09-22 23:22:54
2026-09-22 00:33:00,CNC-03,H,298.8819399218446,311.34765195265106,2618.3356233893333,18.194514923237186,134.00481948464721,3.3410775433239177,8.839321494211822,52.0370153516619,0,2026-09-22 23:22:54
2026-09-21 23:42:00,CNC-03,H,298.94298831098246,310.7116493931877,2658.3600141676197,14.77345325408061,79.79738048033315,3.163287256387264,7.414253879408978,56.56799030749277,0,2026-09-22 23:22:54
2026-09-22 13:34:00,CNC-02,M,297.3920206876949,311.6555685607714,1378.5628832246919,51.959770106708135,15.860518841860367,2.1402300314044735,13.51596503063771,56.68027424166181,0,2026-09-22 23:22:54
2026-09-22 20:57:00,CNC-01,L,299.9052884052333,312.68362236050433,2511.007223511555,21.954486977564876,32.31740391050758,2.9674729526689365,10.092324974557172,54.94549325967812,0,2026-09-22 23:22:54
2026-09-22 15:45:00,CNC-02,M,298.95304977415844,313.189958004345,1473.417247169928,48.60218419632307,1.5373022568407309,2.067081442336072,13.286730748149717,49.9764695625202,0,2026-09-22 23:22:54
2026-09-22 17:40:00,CNC-03,H,26.027876492172766,39.752877961283275,1952.7069266111944,32.88893503663271,112.4335151710508,2.6395869199443647,11.708969115432431,51.627005192848216,0,2026-09-22 23:22:54
2026-09-22 17:30:00,CNC-02,M,32.112627120425316,0.0,1935.7524601176272,39.631177469494105,151.31980731456642,2.784901514208462,14.251280699798308,42.212582615346435,0,2026-09-22 23:22:54
2026-09-22 04:18:00,CNC-01,L,297.26653171867315,310.7441417908444,2338.4583456545465,25.489023044891283,126.09527085827105,3.0853912921587345,11.369086325581081,57.84974681240884,0,2026-09-22 23:22:54
2026-09-22 21:05:00,CNC-03,H,299.4685561189295,312.4668162001441,2640.9906444228523,19.825231696909132,126.45570370108925,3.344829788553187,9.340391478580708,53.262837068284455,0,2026-09-22 23:22:54
2026-09-22 08:08:00,CNC-01,L,296.44807550599694,310.408114031047,1758.4444105818372,39.76662181236164,33.270452736633395,2.3009735736606753,12.993465715744787,54.736771389495466,0,2026-09-22 23:22:54
2026-09-22 08:31:00,CNC-02,M,295.6920164764667,309.60746300506,1694.2218461030973,40.782241872729955,0.0,2.2237915874967533,13.031790049795543,58.673076515289395,0,2026-09-22 23:22:54
2026-09-22 15:39:00,CNC-01,L,298.5874179564177,312.60612626612925,1694.6602536639716,41.51089739412429,52.519487073231936,2.4240178224736613,13.130879207844355,50.78834174886216,0,2026-09-22 23:22:54
2026-09-22 03:48:00,CNC-02,M,296.595632654718,309.99242685574586,2534.244285156372,22.801148351523505,98.85824554854759,3.3081804682037297,10.53805462585841,56.24842768340571,0,2026-09-22 23:22:54
2026-09-22 12:29:00,CNC-02,M,23.975441154386147,38.7413100602638,1428.387355366858,51.1462446906341,136.5009324569013,2.3979431740800288,13.4708893689577,60.56071003622982,0,2026-09-22 23:22:54
2026-09-22 10:29:00,CNC-03,H,296.5496379879866,311.26875199790464,1425.0671551359374,52.1019911866363,181.94013032440276,2.4494204491407836,14.051401059439966,59.03427548515297,0,2026-09-22 23:22:54
2026-09-22 07:42:00,CNC-03,H,295.9193318593739,310.6611852052695,1811.991611241636,41.54587878920247,182.54578954874367,2.819315720032102,14.212106383338929,54.90827344615859,0,2026-09-22 23:22:54
2026-09-22 21:34:00,CNC-01,L,299.36390335093125,311.59579313922956,2585.11488119813,19.09355294031457,73.87410402413613,3.1874145432566734,9.331384364743469,52.54466769221069,0,2026-09-22 23:22:54
2026-09-22 14:03:00,CNC-02,M,298.06798509847465,312.51568531529966,1479.8615799956312,48.25581075217326,61.39218451230509,0.0,13.305621828857618,58.118476021513494,0,2026-09-22 23:22:54
2026-09-22 11:42:00,CNC-02,M,296.65231423630246,311.08052944561905,1519.6811118507994,48.81302145433636,61.841981013546565,2.0916604709944076,14.00435643021205,56.68981242570543,0,2026-09-22 23:22:54
2026-09-22 09:45:25,CNC-02,M,296.1980010876448,310.9035141011702,1487.6587297739813,51.81989199886923,123.3110292431956,2.227389421074906,14.508737074941108,52.98065708642018,0,2026-09-22 23:22:54
2026-09-22 17:37:00,CNC-02,M,32.156124576014804,41.58394864186192,2121.7782351749806,38.94888166216309,160.85904772744874,3.0789771246630875,15.500673479813344,42.73812907593406,0,2026-09-22 23:22:54
2026-09-22 18:04:00,CNC-02,M,27.152243588094905,42.200126883193775,2201.698778533204,33.409139645736026,196.8765188857936,3.3632835845940745,13.683966665883647,,0,2026-09-22 23:22:54
2026-09-22 19:23:00,CNC-03,H,299.47329002126634,312.25671199983765,2305.319897238543,25.3720678770464,6.159430566086446,2.9605644896998915,10.710471175825463,51.87784584365508,0,2026-09-22 23:22:54
2026-09-22 02:26:00,CNC-03,H,303.00209944656564,309.2260986026564,2618.966555382587,18.487511006268942,36.02927860993814,3.218766072910717,9.09803908943226,49.866885969116595,0,2026-09-22 23:22:54
2026-09-22 21:26:11,CNC-03,H,299.50662734979346,312.5611885938873,2541.897309937139,20.749677087410205,149.0186824627594,3.2937591239564155,10.101816527693682,50.670617824755595,0,2026-09-22 23:22:54
2026-09-22 21:31:00,CNC-01,L,299.53030517579134,311.5857185510682,2649.195753879357,17.208165355135197,70.51184628569614,3.209796507461339,8.510499065915159,53.06075078745323,0,2026-09-22 23:22:54
2026-09-22 10:05:00,CNC-01,L,296.4143155005054,311.3748330057027,1401.4770891308324,52.7897900563896,212.06635291132395,2.925914128341361,13.876186281666921,56.63954746269451,1,2026-09-22 23:22:54
2026-09-22 22:20:00,CNC-02,M,299.28399149998705,,2642.514369932223,16.218011311925355,70.81821229880677,3.1873878216004092,7.911059928409718,54.05080275850662,0,2026-09-22 23:22:54
2026-09-22 12:25:00,CNC-02,M,23.881850413682912,38.38007220664656,1333.41866637864,52.696056634811264,130.1369479632679,2.1971050910309327,12.970662986367135,54.073036993685285,0,2026-09-22 23:22:54
2026-09-22 16:47:00,CNC-03,H,298.8138394454421,312.675332656563,1724.8246019591088,39.25030172854914,38.836901055805036,2.4233583289490594,12.592975722500517,50.07804449805958,0,2026-09-22 23:22:54
2026-09-22 08:26:53,CNC-03,H,295.5484865070805,310.54999020154094,1544.6713128124586,47.18068609363981,250.41729923600934,3.260402274936693,13.879847086122854,61.153384736720334,0,2026-09-22 23:22:54
2026-09-22 19:58:00,CNC-02,M,300.75498039802636,313.8408051866264,2361.344345353259,21.019739754394696,114.76227839720084,3.121371572985915,9.658879784568134,54.767477074064196,0,2026-09-22 23:22:54
2026-09-22 03:38:00,CNC-02,M,296.5370226016312,309.70442163322656,2219.4256228889703,26.894869997798573,87.03512191159813,2.9413613437391115,11.161792984804567,57.622867211110076,0,2026-09-22 23:22:54
2026-09-22 14:05:00,CNC-03,H,297.6562375092705,311.85611140605783,1424.884607621155,49.99148694184473,48.56292521573897,2.04504927275181,12.97310569219275,55.547665919974044,0,2026-09-22 23:22:54
2026-09-22 15:32:00,CNC-02,M,298.90497058936245,314.28520074839446,1481.9374742811544,51.673576895079734,197.3337655609395,2.7876586286660427,14.461760494109093,51.24421338038575,0,2026-09-22 23:22:54
2026-09-22 17:25:00,CNC-03,H,26.024888558978148,40.269917541192854,1972.9343087894354,36.46082729516693,91.96067961163882,2.5642776396796303,13.367082437999013,51.13828387692058,0,2026-09-22 23:22:54
2026-09-22 02:04:00,CNC-03,H,303.1321378694173,307.595666115329,2739.678433843517,10.302558427328355,11.819357825000216,3.4050097174589813,5.47623447171106,43.16245829058235,1,2026-09-22 23:22:54
2026-09-22 04:18:00,CNC-03,H,296.30113718528634,310.14080638981227,2158.0327750596057,28.217547633085484,165.3386931053891,2.935144745949483,11.59058825942128,61.67496473896091,0,2026-09-22 23:22:54
2026-09-22 10:46:00,CNC-03,H,296.52235568015624,311.6048757391272,1450.320193570007,51.98749925425895,208.74651693999954,,14.208671808135842,56.32370185953425,0,2026-09-22 23:22:54
2026-09-22 13:36:56,CNC-03,H,297.5539927362991,311.01285358665723,1392.8518961543455,47.99976917599311,4.690307911663167,2.0046758615063025,12.393701397242518,55.307765871892755,0,2026-09-22 23:22:54
2026-09-22 17:34:58,CNC-02,M,32.440046169614334,41.58430288444163,2071.2453592988063,37.52923826866829,156.79775600656413,2.914350046025558,14.671163549320866,37.0485119900898,0,2026-09-22 23:22:54
2026-09-22 11:17:00,CNC-03,H,296.8376488922923,310.1449620709549,1472.7047587205075,46.29696061080241,0.0,2.162724997866635,12.644316513698273,60.25507132196393,0,2026-09-22 23:22:54
2026-09-22 20:05:05,CNC-01,L,299.43748439244877,313.7958145209323,2287.756690543026,29.5260259276489,206.94792528987006,35.762726110913164,12.586247781936942,51.91388015174253,0,2026-09-22 23:22:54
2026-09-22 18:58:00,CNC-03,H,299.18573410301127,314.3642271441231,2209.829368316035,33.44468787773866,214.82580334510666,3.5548436610167458,14.185367258309448,54.54612108125815,0,2026-09-22 23:22:54
2026-09-22 22:26:00,CNC-02,M,299.5575463107237,311.85168464457604,2712.4766589929995,14.802025826154484,77.43186889008926,31.381402549754725,7.532559948243289,49.29230205753977,0,2026-09-22 23:22:54
2026-09-22 00:45:00,CNC-03,H,298.7690181534886,311.33782092394443,2629.804103037049,18.233755180118045,146.9119252221114,3.3549381614882035,9.067360409426215,51.62654590188152,0,2026-09-22 23:22:54
2026-09-22 03:42:00,CNC-01,L,297.9158465443846,311.743500431404,2421.7430264369555,26.970268584238546,82.92678518634236,3.068724087066606,12.24450477573433,56.23685233197211,0,2026-09-22 23:22:54
2026-09-22 03:46:00,CNC-02,M,296.4843741127566,,2355.797865974353,25.86744589774199,96.50342835377839,2.9212740600671188,11.579332039568943,58.599101786827106,0,2026-09-22 23:22:54
2026-09-22 02:08:00,CNC-02,M,297.8242534978168,310.16256415498003,2739.2290629439162,15.665839624668068,202.7924596940465,3.9774447619505957,7.878280159735325,53.060559480515224,0,2026-09-22 23:22:54
2026-09-22 07:37:00,CNC-03,H,295.65468045345324,310.4628224238768,1670.5546249710183,44.02733156612059,175.4496049579853,2.637966484133478,13.987784723110693,62.60698375586043,0,2026-09-22 23:22:54
2026-09-22 19:30:00,CNC-01,L,299.7965104509033,313.7564082280555,2174.3791588688664,30.193376581986143,163.53825966452817,3.2172894787214346,12.369446197683725,56.03738746052237,0,2026-09-22 23:22:54
2026-09-22 11:21:00,CNC-03,H,296.6844550872006,310.3393283481339,1554.759029024281,44.4485422660085,6.315089852792706,2.2485455839802233,12.945285448693442,58.94841075812175,0,2026-09-22 23:22:54
2026-09-22 05:46:00,CNC-02,M,296.1257497528367,309.36511510327466,1990.4513475265512,31.289587149841477,3.9309420221305453,2.562342212827526,11.427307126761844,54.3784933829866,0,2026-09-22 23:22:54
2026-09-22 09:21:00,CNC-02,M,296.30314885957245,310.90030326647974,1532.5506250041308,49.86080407706578,87.72924479386585,20.99988210378576,14.300821750505142,57.9514384297605,0,2026-09-22 23:22:54
2026-09-22 18:14:00,CNC-01,L,26.431292457197856,39.69568340561153,2065.167770876922,29.532578280581692,67.09633446990615,2.723075433590494,11.388861723602243,46.359282547491205,0,2026-09-22 23:22:54
2026-09-22 02:25:00,CNC-03,H,303.31666339031347,309.19221226158794,2573.255874427882,16.439109460272945,34.93730869533172,3.158986745402592,7.934138257206708,49.11119920144866,0,2026-09-22 23:22:54
2026-09-22 12:11:00,CNC-01,L,297.1477893649025,312.21598482338794,1361.183277474622,56.4789312754548,192.84198010790115,2.6739590537398947,14.266386960284454,56.99160609943825,0,2026-09-22 23:22:54
2026-09-22 02:46:00,CNC-02,M,297.4771454345104,308.9904027293361,2603.7220911205027,15.924243853206244,,3.2152277169158796,7.625588196367147,55.51741006270732,0,2026-09-22 23:22:54
2026-09-22 22:03:00,CNC-01,L,299.3124986452719,311.6763994068371,2688.1110196779177,17.44839903654023,105.69407771018153,3.3049103477713304,8.821398249428318,51.486934213917564,0,2026-09-22 23:22:54
2026-09-22 00:53:00,CNC-03,H,298.7810396968422,312.18818306592607,2713.8182092392726,20.70357651684882,155.39075237735577,3.4353261357456777,10.458972984545426,54.21248520139034,0,2026-09-22 23:22:54
2026-09-22 13:08:00,CNC-03,H,24.19975369677593,39.225938800644144,1558.9996875035688,50.01674812977239,175.93752621630455,2.646663827323391,14.804941536664495,54.97017513067564,0,2026-09-22 23:22:54
2026-09-22 22:31:00,CNC-03,H,298.9794178375357,312.6844769323235,2731.0583851119914,21.39410553592692,221.86521813801912,3.9904523215512833,11.118220981631561,53.34754055660442,0,2026-09-22 23:22:54
2026-09-22 07:50:00,CNC-02,M,296.219587645849,311.4336607862182,1943.9793644731167,39.26586650435189,175.20176589835847,2.895761323777758,14.58233679673435,55.36787084653027,0,2026-09-22 23:22:54
2026-09-22 21:17:00,CNC-02,M,300.24501286982775,312.7003020451521,,20.305447671740758,1.1724982802688848,3.06517968098466,9.324823073916614,53.47568748983872,0,2026-09-22 23:22:54
2026-09-22 15:25:00,CNC-01,L,298.58412404404265,312.6880138869141,1649.047165395332,46.206176531273385,31.687294362189842,2.3559162701590695,14.293577337663198,56.586723088747945,0,2026-09-22 23:22:54
2026-09-22 11:20:00,CNC-02,M,296.7536380005344,309.96181750545793,1360.3967752924807,46.184355728215884,26.88589213599165,2.122185302983625,11.903122482473687,60.41797953973128,0,2026-09-22 23:22:54
2026-09-22 11:25:00,CNC-03,H,296.50714259330704,310.1380250728347,1400.783669601819,48.07388231691629,12.690151041235557,2.0568837489132212,12.771234049235558,59.62262743155653,0,2026-09-22 23:22:54
2026-09-22 13:05:05,CNC-01,L,24.368752841780008,38.06103184471891,1487.6454161524268,46.61005025930099,50.790352305695144,2.1287426487038217,12.847284324793275,56.80905366384636,0,2026-09-22 23:22:54
2026-09-22 18:01:00,CNC-02,M,27.131745369970645,42.259695263960225,2040.3786900680298,35.05504378203343,192.930515731905,3.1549850155140002,13.297016326740014,52.2783658976536,0,2026-09-22 23:22:54
2026-09-22 22:39:00,CNC-02,M,299.2146973037013,312.43950003186944,2674.6086608598857,19.420191462624956,91.44343387821789,3.326491197714274,9.473236184367863,56.180556303128,0,2026-09-22 23:22:54
2026-09-22 00:34:00,CNC-02,M,298.5983479968003,310.78207062214136,2615.700327092397,16.484965590871305,101.62547963979067,3.2665048041710834,8.232340516365506,56.39287878737117,0,2026-09-22 23:22:54
2026-09-21 23:27:00,CNC-02,M,299.1297682694887,310.3187267125817,2851.1367201425237,12.738519615361364,30.30570925541504,3.315759541699265,6.834654182896771,52.27503392728163,0,2026-09-22 23:22:54
2026-09-22 14:59:00,CNC-03,H,298.1221754969124,312.4046678739765,1517.9248604538357,46.012333016072574,131.70574261907745,2.385088301654661,13.043180515941433,53.825411751801305,0,2026-09-22 23:22:54
2026-09-22 19:59:00,CNC-02,M,300.37980564480046,314.63845106611024,2397.4670436092238,27.47464151378825,116.0005258689573,3.1058146319838054,12.52320285726062,51.42823044718553,0,2026-09-22 23:22:54
2026-09-22 14:56:00,CNC-02,M,298.5029935714925,312.96680530269117,1562.423883657095,44.07487584606729,142.86078646205567,24.23056895650344,13.038084130912052,56.55102381479213,0,2026-09-22 23:22:54
2026-09-22 03:16:00,CNC-03,H,296.61226350996003,308.83418956531466,2529.113568734892,0.0,92.37362831869422,3.122794170782797,8.310673783166646,56.98754786312498,0,2026-09-22 23:22:54
2026-09-22 09:13:00,CNC-01,L,296.26700562027366,310.69666935005296,1415.7194308870871,51.25291753794033,131.32548930903357,2.2634819443688903,13.696445298721576,57.11856052003417,0,2026-09-22 23:22:54
2026-09-22 18:15:00,CNC-02,M,26.973296498279296,41.97467137946012,2076.078481987924,34.83042105337066,211.37768567201627,3.3766392589010756,13.120747507994126,54.41936633474231,0,2026-09-22 23:22:54
2026-09-22 03:47:00,CNC-03,H,296.4799530027014,310.20444577785236,2300.024303754733,26.8541271359188,128.35863917109776,3.026416361698314,11.752943706206155,58.319485294469686,0,2026-09-22 23:22:54
2026-09-22 16:54:00,CNC-02,M,305.29865089935043,313.72456655040685,1884.210154790208,37.887940665989206,101.40190244821203,2.581240518737359,13.473982989874022,41.06154179957268,0,2026-09-22 23:22:54
2026-09-22 10:44:51,CNC-01,L,296.52741735537984,310.7010221392776,1420.4753128278012,49.83029353216638,54.970988243487305,2.077428654728709,13.306388233915218,56.245248221086385,0,2026-09-22 23:22:54
2026-09-22 11:03:00,CNC-02,M,296.362815345271,310.41106031970367,1431.1626787015666,49.62863090945347,0.0,20.59065103484581,13.313787741323797,61.05803706202403,0,2026-09-22 23:22:54
2026-09-22 09:27:00,CNC-03,H,295.9108016824955,309.8239880750389,1361.694602221005,50.280158830855406,85.20607457919486,2.0549408814039256,12.981021248493601,61.86391849650468,0,2026-09-22 23:22:54
2026-09-22 06:31:00,CNC-01,L,296.2843660038881,310.41435269280436,2024.563123816358,33.80620919133648,94.24197230860395,2.6271170056552546,12.952288778694014,54.33448448876947,0,2026-09-22 23:22:54
2026-09-22 18:07:00,CNC-02,M,27.028330811650164,42.749383556360726,2098.7147345436724,37.10254415288496,200.85129534003326,3.35343948573677,14.719245508492982,47.410843682957044,0,2026-09-22 23:22:54
2026-09-22 17:59:00,CNC-02,M,26.84645635760171,41.64698279857288,2037.9329740458763,34.20099075397623,190.2490803600658,3.178024434904485,13.126948619485466,50.23552528848993,0,2026-09-22 23:22:54
2026-09-22 20:11:00,CNC-01,L,300.0082877631953,314.51242726765116,2412.4120124092938,28.618321119771434,212.98975258292987,3.7327229572795053,12.895947930013595,50.89505456223399,0,2026-09-22 23:22:54
2026-09-22 22:00:00,CNC-02,M,299.8752832797009,312.38593595054346,2587.2575677920445,18.237760893725874,48.97740877772411,3.120217414702848,8.928096583205694,47.277460765671194,0,2026-09-22 23:22:54
2026-09-22 16:16:00,CNC-03,H,298.99740042045113,314.6060977747199,1779.871266321027,45.6093692005097,246.03870572983283,3.3289481457035484,15.148932495419224,57.31186661493955,0,2026-09-22 23:22:54
2026-09-22 07:51:00,CNC-03,H,295.5088978139513,310.3948021713323,1786.3833957290242,43.631488116826496,195.59524822740374,2.834384610434744,14.564216440837818,64.51381970000682,0,2026-09-22 23:22:54
2026-09-22 19:36:00,CNC-01,L,299.8913677593357,314.43018165849526,2175.0694370011947,32.21894457356653,170.98928976377016,3.3347977343876587,13.25014610385598,53.49956851716028,0,2026-09-22 23:22:54
2026-09-22 18:56:00,CNC-03,H,299.4009088519171,313.8658455059225,2157.745601877389,32.71834441186955,212.26182245825194,3.353388004496396,13.029229152578651,56.44096272229221,0,2026-09-22 23:22:54
2026-09-22 02:53:00,CNC-03,H,302.548794834496,309.16574326197076,2528.126974905508,19.974941551832554,66.21719504833749,3.183770070861875,,47.98969902414887,0,2026-09-22 23:22:54
2026-09-22 17:48:00,CNC-03,H,26.1477801222577,40.40596723214196,1953.3251637502171,36.372888794991105,123.34558551271441,2.645310117057379,13.23502589237837,49.85362707869771,0,2026-09-22 23:22:54
2026-09-22 09:22:00,CNC-02,M,296.22839578790877,310.64850571540825,1484.2962885173267,47.60135185054274,89.27709250560402,2.064346559656959,13.196771557408194,58.95846537194346,0,2026-09-22 23:22:54
2026-09-22 09:14:00,CNC-02,M,296.16507881721816,310.30682354120256,1431.7045290619471,50.20417545593213,77.0922081382809,2.012764924062606,13.269321459098718,59.705077959442214,0,2026-09-22 23:22:54
2026-09-22 17:39:00,CNC-02,M,32.32636839307855,41.32902881641223,2074.8968223894767,35.7468115095785,163.57080843218145,2.9920960453238394,13.863022883843119,40.27461362665462,0,2026-09-22 23:22:54
2026-09-22 17:08:00,CNC-01,L,299.4534358474533,314.3563546722994,1859.926063492128,40.56759273468237,180.6156283236804,3.1031199345226903,13.894041215285034,55.70322639133131,0,2026-09-22 23:22:54
2026-09-22 14:59:00,CNC-02,M,298.4084757829722,313.2527897289952,1560.1419680647937,47.22783662586252,147.41756341338032,2.3861730344390497,13.690144898575124,54.37342185824912,0,2026-09-22 23:22:54
2026-09-22 10:22:00,CNC-03,H,296.22959266050424,310.608795474435,1415.1258784788427,50.59854237079909,170.89807264355846,2.348216672503825,13.460518739844764,55.42405379951481,0,2026-09-22 23:22:54
2026-09-22 06:55:00,CNC-03,H,295.75723978744537,310.49305794290757,1948.802430331938,38.21858814636881,115.63796296766657,2.5713647140717275,14.067685927745934,60.94288024559233,0,2026-09-22 23:22:54
2026-09-22 19:57:00,CNC-01,L,299.8581226273527,313.47199966720245,2437.520525115345,23.13102768192779,196.2906758512966,3.702019048682619,10.37268900133162,54.50934476873187,0,2026-09-22 23:22:54
2026-09-21 23:40:00,CNC-03,H,299.26664184576316,311.27706089302677,2722.7281244933447,16.28124201402686,77.66727613191837,3.2736367109459583,8.152997450554011,50.611996899535406,0,2026-09-22 23:22:54
2026-09-22 11:12:00,CNC-01,L,296.7713918485193,310.4653485479252,1408.8822324625692,46.363793657221514,99.18779031012218,21.544563918606702,12.291682618879436,52.51592439226402,0,2026-09-22 23:22:54
2026-09-22 17:36:00,CNC-02,M,32.486081591239156,41.795158833285825,1856.4164932310575,41.362811922695506,159.5475772614071,2.7571538904134107,14.459478522513844,38.33704578857338,0,2026-09-22 23:22:54
2026-09-22 00:10:00,CNC-01,L,299.1295286744467,311.6492324902661,2701.0839637672884,18.557798816033333,67.97147947880964,3.2337383321271163,9.411599203612123,49.60967749250088,0,2026-09-22 23:22:54
2026-09-22 22:54:00,CNC-01,L,299.00678341257844,311.37208750853193,2797.43898886893,15.337883243687791,160.76315223398495,3.76909872215443,7.991393889237991,52.95991982044856,0,2026-09-22 23:22:54
2026-09-22 04:26:00,CNC-03,H,296.16412092299055,310.0840429859833,2249.310603128184,28.472213033220086,175.21995303990752,3.174044358101513,12.090725175214509,58.94313237734752,0,2026-09-22 23:22:54
2026-09-22 08:03:00,CNC-01,L,296.4396697291689,309.70054901378745,1605.366511259253,39.51571157476943,26.071983412928574,2.213312615351809,12.117466090878294,61.21735919469164,0,2026-09-22 23:22:54
2026-09-22 13:33:00,CNC-03,H,297.005029618588,311.6659825455036,1311.311217266663,53.43922090640372,215.49248679532107,25.92896173546572,13.132641875797066,53.248621030623276,0,2026-09-22 23:22:54
2026-09-22 12:39:00,CNC-03,H,24.135436217494657,38.815332902445505,1460.1093702211397,50.52934446198597,130.23249419049571,2.2813137398940078,13.806029266796696,52.3049805897539,0,2026-09-22 23:22:54
2026-09-21 23:48:00,CNC-03,H,298.95731585749246,310.3931557235145,2706.7589186096807,12.464269355894253,86.24660724241491,3.153151726370961,6.499728353028882,52.67037470209197,0,2026-09-22 23:22:54
2026-09-22 18:18:00,CNC-02,M,27.111588569629873,42.60878608920751,2065.2071053056443,36.96975605204849,215.25904619305345,3.3668869532154964,14.358076335391655,50.490413007979704,0,2026-09-22 23:22:54
2026-09-22 17:33:00,CNC-01,L,26.2525559966806,39.90166242115754,1922.34954333536,35.82575327797557,12.360079964222312,2.5630292029046817,12.849864672662969,51.23762072153004,0,2026-09-22 23:22:54
2026-09-22 11:55:00,CNC-02,M,296.6990457887676,311.01858727526985,1454.6013454841998,51.41770194963803,82.46055090455177,2.0934836554657617,14.113812917336249,52.98493122182428,0,2026-09-22 23:22:54
2026-09-22 10:33:00,CNC-02,M,296.5940380769609,311.2822553214112,1317.9732113734844,52.302468045514935,,2.5158048931776533,12.688010661536737,58.800184248236135,0,2026-09-22 23:22:54
2026-09-22 13:17:00,CNC-01,L,24.493448214756256,38.65408940391205,1387.9390494479933,51.28017786623785,69.84816612746447,2.0706915600146587,13.32275647889086,54.270325163109106,0,2026-09-22 23:22:54
2026-09-22 06:58:00,CNC-01,L,296.04244874864537,310.56460495060617,1811.4777775554892,38.61144022712236,131.71556135514797,2.62689083895203,13.116091945981546,55.63752170291915,0,2026-09-22 23:22:54
2026-09-22 10:59:00,CNC-02,M,296.20127310802724,311.94353797170163,1360.0684528686043,58.38034555344297,241.38295219787167,3.173202116754056,14.96738567162245,57.006272170557445,1,2026-09-22 23:22:54
2026-09-22 08:32:00,CNC-02,M,296.193516453349,310.3404834165405,1462.6587914050383,49.93977347903196,13.452075125831335,2.129522944426162,13.37603769221691,57.77659521096507,0,2026-09-22 23:22:54
2026-09-22 15:17:00,CNC-03,H,298.373396375831,313.8362161217728,1812.9301105330055,45.76440213724698,158.6320063573349,2.774113732466638,15.351416605949172,50.20288367279541,0,2026-09-22 23:22:54
2026-09-22 16:29:00,CNC-01,L,299.2231187453609,313.8043405855589,1667.427142322222,45.58193732601963,125.6617557570863,2.4383885552873656,14.205899697116372,51.47111866116994,0,2026-09-22 23:22:54
2026-09-22 20:00:00,CNC-02,M,300.7724764848963,314.7999078456135,2495.6398982767814,24.504423553231504,117.16720222121376,3.211931574532973,11.46280377006421,47.3380124709174,0,2026-09-22 23:22:54
2026-09-22 13:48:00,CNC-03,H,297.7708280416355,311.07709743097155,1294.0900828502402,48.144280141708556,22.001128579085034,1.9471232862794767,11.626323063728497,56.9751822796979,0,2026-09-22 23:22:54
2026-09-22 05:39:00,CNC-02,M,296.33864388582697,311.3568034380076,2136.296460773025,35.80026234908535,236.71303227350876,3.739437691135346,14.092804584509556,58.498928915473535,0,2026-09-22 23:22:54
2026-09-22 16:56:00,CNC-03,H,298.62579342283846,312.32807332034525,1698.324025664621,39.76283456632603,51.56957060928046,22.76833788411204,12.68243763555446,47.548819941083536,0,2026-09-22 23:22:54
2026-09-22 08:16:00,CNC-03,H,295.88036287850986,311.50676590262503,1676.311553414519,48.80739327156462,232.4007643690847,3.1051320578139734,15.341124375513436,63.04893494221928,0,2026-09-22 23:22:54
2026-09-22 01:51:00,CNC-03,H,303.518793702842,309.994279317019,2750.626077736835,15.622777945658088,218.19300499845684,3.921502793921991,8.164618086508554,42.078849888851465,0,2026-09-22 23:22:54
2026-09-22 20:54:00,CNC-03,H,299.87788877457496,312.72074765194435,2336.2530568591055,21.51659160672651,113.9731063357263,3.0436056802872353,,48.74341899820697,0,2026-09-22 23:22:54
2026-09-22 08:14:00,CNC-02,M,296.099655262621,311.35480438653184,1757.4864637964579,44.10129609114115,210.4086446446739,3.0883297631592965,14.35344790820875,60.142253923865255,0,2026-09-22 23:22:54
2026-09-22 18:06:00,CNC-02,M,27.01435565575622,42.59742044455271,2230.3472268765686,36.95653982777289,199.52597815517,3.28574585008732,15.341917738804169,51.76645883540339,0,2026-09-22 23:22:54
2026-09-22 09:30:00,CNC-02,M,295.82797692780645,310.35439477355175,1419.287706800417,51.05496783125478,101.51472574054083,2.24194558448158,13.647162355676656,59.636866892858876,0,2026-09-22 23:22:54
2026-09-22 22:53:00,CNC-03,H,298.88550531357885,312.5847314593569,2648.857104908045,21.327395322385772,245.64410931136592,4.178312244760909,10.911510346045644,54.17058559683654,0,2026-09-22 23:22:54
2026-09-22 15:07:00,CNC-02,M,298.64875877870975,313.75754150820336,1595.819687550343,47.69349734843417,159.5198167978854,2.604276107033577,14.131692472967973,52.10283342266705,0,2026-09-22 23:22:54
2026-09-22 15:30:36,CNC-03,H,298.43963975025673,312.6317322555199,1578.9613264386514,42.14446678292678,179.73991430788232,2.5303968833988217,12.369141234404712,51.65522790311948,0,2026-09-22 23:22:54
2026-09-22 00:39:00,CNC-02,M,298.5724960143615,310.45546983722517,2733.34259104349,14.249600055031298,106.96472596028221,3.3475120929031044,7.156321480612914,51.74932026943427,0,2026-09-22 23:22:54
2026-09-22 10:38:00,CNC-01,L,296.34527270163727,310.26267871295653,1368.0297039934999,51.23477246579542,45.52146892584858,2.1535392817620718,12.89961829717797,59.23867432746727,0,2026-09-22 23:22:54
2026-09-22 10:46:00,CNC-02,M,296.33131535189267,311.31699711696524,1363.97477900985,54.88395276167764,220.7647700552442,2.800999030916664,13.992844666195362,58.17152238297173,1,2026-09-22 23:22:54
2026-09-22 18:54:00,CNC-03,H,299.2046723615851,314.03059622248384,2245.2168386950666,32.17642174612263,209.63231132158768,3.4230317258326215,13.583311254976083,52.64143770422421,0,2026-09-22 23:22:54
2026-09-22 13:40:00,CNC-01,L,297.85100078125856,312.1926300889987,1452.0926087285152,50.33425140049949,106.17948555325248,2.214817510544147,13.583649148901943,57.37867834788467,0,2026-09-22 23:22:54
2026-09-22 03:07:00,CNC-01,L,297.80281098979276,310.3810644880386,2494.5517390817363,20.076421641609635,42.04262689653625,3.013931237307816,9.189151541736804,57.49455840823196,0,2026-09-22 23:22:54
2026-09-22 16:17:00,CNC-01,L,299.1545083703641,314.1209230160175,1743.1373501733328,45.994322743738,108.39212294271213,2.4332702944192666,14.894707775165097,52.712496673613,0,2026-09-22 23:22:54
2026-09-22 15:46:36,CNC-01,L,298.8939608967184,313.1998292778911,1764.2296328729713,40.686122058170504,62.92192150536338,2.4095562665487464,13.392168688876474,49.23027470998356,0,2026-09-22 23:22:54
2026-09-22 04:38:00,CNC-03,H,296.30359373482895,310.8937267701136,2248.795021530799,31.196725836377674,189.951797793995,3.2524750696592437,12.892549421038275,55.893470925865294,0,2026-09-22 23:22:54
2026-09-22 08:15:00,CNC-01,L,296.2069408545487,310.80503388416827,1787.3663422311292,43.819098722974914,43.64184521006287,2.322668926488529,14.769320008771931,60.55242089343135,0,2026-09-22 23:22:54
2026-09-22 15:19:00,CNC-01,L,298.71873146184475,312.24462480667063,1618.3013095874908,41.73713403628026,22.546262762285572,2.0401705009880473,12.586463673950187,53.45640819786563,0,2026-09-22 23:22:54
2026-09-22 10:18:00,CNC-03,H,296.0188781702285,311.5879497119402,,53.69329027843923,164.59566604395192,2.586783126102764,15.935524893259748,53.9716076369979,0,2026-09-22 23:22:54
2026-09-22 12:22:00,CNC-01,L,297.23814914135727,312.0170877543269,1479.0859389368825,49.08874256491064,210.32368763079322,3.034526731716603,13.689560172293353,57.07541109627057,0,2026-09-22 23:22:54
2026-09-22 16:49:00,CNC-01,L,299.3932246415637,313.74803074623316,1710.1096775669043,43.206990647868345,154.03590205815084,2.6668593262655245,14.022239948913432,47.10377955680806,0,2026-09-22 23:22:54
2026-09-22 06:07:00,CNC-01,L,296.46553587653534,311.2177831705683,2039.4250590660165,39.07671168841175,61.831201644446985,2.6434503718410496,14.742311011678526,54.978112387754884,0,2026-09-22 23:22:54
2026-09-22 07:09:00,CNC-03,H,295.75514824033365,310.95937730698137,1888.3653313255759,42.3360135045474,135.46858980070635,2.7930979764559742,15.031159232448728,0.0,0,2026-09-22 23:22:54
2026-09-22 16:18:00,CNC-01,L,298.87908771690735,313.4765392783787,1789.0827125796598,42.083887666232094,109.84657223646053,2.474025348050228,14.125871496725207,55.10868785400455,0,2026-09-22 23:22:54
2026-09-22 13:44:00,CNC-03,H,297.5122611940427,311.0615464041586,1434.2599960415887,47.38358857483645,15.745997768965763,2.021225419696155,12.739163453181671,,0,2026-09-22 23:22:54
2026-09-22 11:00:00,CNC-02,M,296.3195670331614,311.9266670329492,1487.4598511809459,54.29122199634635,242.957571130856,3.3627495092015423,14.834227485069974,60.357464293167794,1,2026-09-22 23:22:54
2026-09-22 16:40:43,CNC-01,L,299.1119309499099,313.83737741708086,1789.2410697823918,43.1857579032101,142.78064880688729,2.712389269910368,14.376564344173698,52.11888336588785,0,2026-09-22 23:22:54
2026-09-22 00:17:00,CNC-01,L,298.9900342719409,310.5241495549216,2743.6775088282106,13.597675299111913,75.42922261375749,3.35695800635053,6.753087896095851,57.78137180004232,0,2026-09-22 23:22:54
2026-09-22 20:09:00,CNC-02,M,300.42917315547504,315.32692235532244,2469.621419674355,29.540880593468913,127.79540491277636,3.1116168895650542,13.591923851908142,51.207821471793416,0,2026-09-22 23:22:54
2026-09-22 21:34:00,CNC-03,H,299.72363700020827,312.5222226874193,2530.0627258137715,19.110520522293108,159.20710122254278,3.2570600645298597,9.131357694000753,55.47873868424999,0,2026-09-22 23:22:54
2026-09-22 01:22:28,CNC-01,L,298.8073300471397,311.02866366415884,2720.481611504551,16.37050212248623,144.94486999951772,3.5800351678352578,8.121908936611431,54.804108770288316,0,2026-09-22 23:22:54
2026-09-22 00:59:00,CNC-03,H,298.47465051077046,310.6607054206282,2705.2606799229206,14.114719738025517,161.74730441960995,3.6357298784683802,7.249409463285319,52.62815174233928,0,2026-09-22 23:22:54
2026-09-22 04:44:00,CNC-02,M,296.2230215840652,311.05402330452955,2210.2520223727743,34.09613611268586,166.92948090786993,3.182777220971308,14.170149080154884,57.384889871625404,0,2026-09-22 23:22:54
2026-09-22 13:10:55,CNC-02,M,24.145746251829962,39.949006409345486,1439.8883449664156,57.1164203805373,204.66859900718535,2.7601236608145268,15.65866625364725,57.49800832760036,0,2026-09-22 23:22:54
2026-09-22 13:19:32,CNC-03,H,24.211976199467642,38.54652448734345,1425.4224805869096,51.52830212234191,194.89930354370617,2.5225135030365244,13.913610474205079,48.84421859124271,0,2026-09-22 23:22:54
2026-09-22 15:02:00,CNC-03,H,298.2207131058352,312.87411315376806,1613.0943043944167,45.026966678310586,136.21502056376457,2.4939471179850687,13.424674015038645,55.00190956515321,0,2026-09-22 23:22:54
2026-09-22 14:53:00,CNC-03,H,297.7989185269403,312.4899502225212,1528.1574456096034,50.47118130539956,4687.325657274329,2.330471420163823,14.307927679686452,54.01701373552105,0,2026-09-22 23:22:54
2026-09-22 03:21:00,CNC-02,M,296.83352947928705,309.04021001248583,2485.7802897664387,18.779245975821254,67.2087624342987,3.03403265668825,8.77606396332241,58.83846913246132,0,2026-09-22 23:22:54
2026-09-22 15:21:00,CNC-03,H,298.1137326132929,313.057610476326,1782.3524907091555,42.789443549840826,164.63510025196265,2.670560431965753,14.016158819422733,58.43346511947904,0,2026-09-22 23:22:54
2026-09-22 04:59:00,CNC-03,H,296.16859281928515,310.16248305961574,2366.851847409033,26.689659681018263,215.9823481927779,3.750252770570404,11.883294049974175,59.54471542542341,0,2026-09-22 23:22:54
2026-09-22 15:31:00,CNC-01,L,298.82373881615234,312.8530197239373,1611.2971778645706,43.211444387706194,40.66479812246474,2.2548071260504288,13.06789308990788,53.33486128483709,0,2026-09-22 23:22:54
2026-09-22 19:41:00,CNC-02,M,300.608761536905,313.39948538192954,2329.6207176979565,20.666821185340442,94.36524385740218,2.9999272711330525,8.79839055520383,52.502794503090186,0,2026-09-22 23:22:54
2026-09-22 15:42:00,CNC-01,L,298.86900091255916,313.2725039409232,1708.779729406848,43.37671573766705,57.030631724641815,2.3551277596686995,13.988190659731645,52.49133038700255,0,2026-09-22 23:22:54
2026-09-22 12:23:00,CNC-02,M,297.2508496077262,10658.00217628287,1305.3223749047213,56.30804592012598,126.93873246380178,2.1940928935797785,13.829302411723674,53.99913483517711,0,2026-09-22 23:22:54
2026-09-22 17:31:00,CNC-03,H,25.985813249026762,40.365643445938815,1861.3311754758388,39.469707546322454,100.17426213680474,2.593051653970852,13.956861583657208,49.99328490713725,0,2026-09-22 23:22:54
2026-09-22 10:55:00,CNC-01,L,296.6343603859953,311.005583541421,1434.8442085864808,50.94147929530107,72.41747909311447,2.07764308813913,13.454774480475596,55.73737607977141,0,2026-09-22 23:22:54
2026-09-22 13:23:00,CNC-03,H,24.234174534802662,,1326.3295161897015,54.241063425489,199.66334428613055,2.507027618354332,13.708822234661223,60.34328477145451,0,2026-09-22 23:22:54
2026-09-22 15:00:00,CNC-03,H,297.96208406805727,312.9118735234768,1691.9840362744721,47.7039853176022,133.20393834490417,2.400226900223756,14.905162193944625,54.13954824770482,0,2026-09-22 23:22:54
2026-09-22 12:36:00,CNC-03,H,24.105395688916758,38.17056504812126,1366.044485139643,50.17598631769656,125.45716116904514,2.238473446046644,12.831485338825276,59.8808811003102,0,2026-09-22 23:22:54
2026-09-22 04:36:00,CNC-02,M,296.43300615930707,311.1000528340784,2307.067115468952,30.77351004414193,157.02477340075626,3.1320723801540953,13.338945847313532,55.11946648676615,0,2026-09-22 23:22:54
2026-09-22 04:27:00,CNC-03,H,296.15101983499324,310.4583184024829,2247.100099500616,29.501197856706103,176.4621655918286,3.2367601996257105,12.454866768004832,58.86006326626244,0,2026-09-22 23:22:54
2026-09-22 17:27:00,CNC-01,L,26.48468287522911,40.02769116165422,1902.469423104551,34.05461258349277,4.14418293218985,2.5700817704930294,12.056768359228467,52.44138262885481,0,2026-09-22 23:22:54
2026-09-22 01:08:00,CNC-03,H,298.4724192180012,311.3696112862475,2709.9101337010547,19.335674187265607,171.51008352598794,3.688384305244059,9.974120078783166,55.55353226224786,0,2026-09-22 23:22:54
2026-09-22 22:04:00,CNC-02,M,299.5012197066351,311.6479849480085,2573.594866397302,15.249594827914457,53.407996546001655,3.176324579719762,7.357446789694306,51.428821160851285,0,2026-09-22 23:22:54
2026-09-22 11:09:46,CNC-02,M,296.2713276016643,310.6496588347585,1532.0082684283102,48.9018605092362,9.496821820359019,2.1446395082515095,14.088270012630222,,0,2026-09-22 23:22:54
2026-09-22 03:14:00,CNC-03,H,296.8729265138061,309.9933549375789,2493.674944341299,22.61184524902232,90.08371659745107,3.097186884234433,10.527934339344299,59.59408219320512,0,2026-09-22 23:22:54
2026-09-22 04:22:00,CNC-02,M,296.6041723141003,310.0622293021314,2256.721763028098,25.97766777666944,139.94712193741495,3.109469882748954,11.118214638666853,60.677563650322504,0,2026-09-22 23:22:54
2026-09-22 07:39:36,CNC-03,H,295.7219513156471,310.43713110634366,1715.9790923346543,41.427199916148425,181.1159777144153,2.8529247948947134,13.20123977738758,59.46167597775928,0,2026-09-22 23:22:54
2026-09-22 22:37:00,CNC-01,L,298.8431907075007,311.58672669571644,2537.429297363407,19.63619736859701,142.53390674369643,3.446708916646551,9.212111004570469,55.93673171205002,0,2026-09-22 23:22:54
2026-09-22 04:09:00,CNC-01,L,297.65097643542475,311.37434444234185,2354.2796653178816,26.644853297910263,115.1446524799717,2.982723354158201,11.613364039255472,54.635764972322185,0,2026-09-22 23:22:54
2026-09-22 17:02:00,CNC-02,M,305.0549696275704,313.2610650144588,1948.9902134937984,33.85893941976264,112.71323101392034,2.706630964290719,12.35092849033636,42.46515681621768,0,2026-09-22 23:22:54
2026-09-22 08:28:27,CNC-03,H,295.8682818648356,311.4170114924239,1586.3367264975122,50.032605249183575,251.9235513005232,3.297181742111497,14.787041442250828,56.76016755902878,0,2026-09-22 23:22:54
2026-09-22 12:50:00,CNC-01,L,24.282428575749805,38.15797269131855,1356.7115964306731,52.39037203420557,27.019190039436516,1.9671127117806817,13.171254952775401,59.989406684761455,0,2026-09-22 23:22:54
2026-09-22 13:46:00,CNC-03,H,297.4865415609749,311.6526878126877,1507.9930205782596,49.40045854809268,18.879052355076198,2.1768832906082376,13.835155554013356,52.69323356739315,0,2026-09-22 23:22:54
2026-09-22 06:52:00,CNC-01,L,296.16160140122224,310.43624765548833,1944.9036611706058,36.993645386725255,123.29463708202724,2.7704457778119003,13.540625528253331,61.909695928322265,0,2026-09-22 23:22:54
2026-09-22 03:20:00,CNC-02,M,297.0753709147341,310.12560440453933,2467.407884251462,23.01299336954857,66.06407970753145,3.097995038423078,10.698670668778346,56.89239709405066,0,2026-09-22 23:22:54
2026-09-22 09:30:00,CNC-01,L,296.14881809343916,311.1396123268822,1580.6004661007548,49.0067755020223,157.54816935838852,,14.422245442612004,56.956471054091715,0,2026-09-22 23:22:54
2026-09-22 15:54:00,CNC-03,H,298.4234793581181,312.84742999406444,1621.981274785015,44.47079752532497,213.9935646904414,2.9106994722882553,13.478031834359314,57.94193358681522,0,2026-09-22 23:22:54
2026-09-22 03:47:00,CNC-02,M,296.5444058701786,309.2197417636982,2343.557839322232,0.0,97.69589463634985,3.0336173571872735,9.333417842816218,59.10470298344639,0,2026-09-22 23:22:54
2026-09-22 17:36:00,CNC-01,L,26.302688696241546,40.095463358500126,2128.0669361152136,33.14886916482852,16.32322460206517,2.5822926313516747,13.057542867499851,53.4349657832188,0,2026-09-22 23:22:54
2026-09-22 04:21:00,CNC-03,H,296.0828911177006,310.16696937628,2238.9413468728644,29.62881896916954,169.02002954594485,3.1620900760515247,12.177357465838528,56.47562208680908,0,2026-09-22 23:22:54
2026-09-22 19:47:00,CNC-03,H,299.62628470643745,312.5191716805219,2419.665496122092,24.27693888804873,35.321307078737426,3.0163567923959125,11.144083225896125,54.38512143581976,0,2026-09-22 23:22:54
2026-09-22 13:03:00,CNC-03,H,24.020340951507364,38.53658146680675,1484.3000143091665,49.22103490643651,168.06782640943558,2.390829071726177,13.671427065927933,56.792961795644594,0,2026-09-22 23:22:54
2026-09-22 07:05:00,CNC-01,L,296.2133868592555,310.1986972972908,1671.3226460501805,39.623224107958805,141.5777693148225,2.6286784425505196,12.54897796178009,58.070270587266315,0,2026-09-22 23:22:54
2026-09-22 04:12:00,CNC-02,M,296.46034396963915,309.4128253929616,2323.8313455756497,23.366711031122986,127.84437769997328,2.9870939721556797,10.031568202694228,60.166773503829525,0,2026-09-22 23:22:54
2026-09-22 04:14:00,CNC-02,M,296.4139164403195,310.07851888969384,2388.6596187474593,25.84666960982479,130.2453669530165,30.37763281816499,11.768063106227968,56.95111822360582,0,2026-09-22 23:22:54
2026-09-22 09:40:00,CNC-02,M,296.3304486148384,311.11652681686587,1432.549275381386,52.906918796195555,117.1783462142036,2.2333452304572545,14.094195079381281,58.163370922409044,0,2026-09-22 23:22:54
2026-09-22 02:53:00,CNC-01,L,298.09592258202656,310.9058703256743,2474.946535394276,22.40836375911942,26.00298524336226,30.137236129227112,412.8143359506817,51.491454154990095,0,2026-09-22 23:22:54
2026-09-22 03:57:00,CNC-01,L,297.64982212239283,311.3204988500174,2273.830242539786,26.941831838224708,100.77876196695647,2.9530543355049685,11.31871005126321,57.168517268523054,0,2026-09-22 23:22:54
2026-09-22 02:03:00,CNC-03,H,303.0383813110071,308.2305804513457,2799.5097965386553,13.421338956916664,10.789357825000216,3.3136793708483463,6.915649975244116,47.53744835207203,0,2026-09-22 23:22:54
2026-09-21 23:38:00,CNC-02,M,299.04375085230396,310.37629525528814,2812.982075663187,12.631884792272198,41.98425558964864,3.358627864052299,6.49771158026176,55.60205046270376,0,2026-09-22 23:22:54
2026-09-22 15:02:00,CNC-01,L,298.3533782645526,312.65063820892556,1470.854241439967,44.032818868104656,233.01287112294634,3.425098419701169,12.068503306575879,51.284849680591876,0,2026-09-22 23:22:54
2026-09-22 22:58:00,CNC-01,L,298.98069573347124,311.65148702523726,,17.223881333343126,165.0255960498172,3.7959363199602127,8.766734433938671,56.08570687467842,0,2026-09-22 23:22:54
2026-09-22 09:54:00,CNC-02,M,296.25250228331083,310.59078856047825,1421.133326283876,48.15854919624156,138.97372225462482,2.3350557110251646,12.9378882228966,62.43509755674885,0,2026-09-22 23:22:54
2026-09-22 19:25:00,CNC-02,M,300.42903068741435,314.02475320326823,2255.6186513624234,26.074177212123498,74.70395547766739,2.932845570949949,10.819261636736474,53.31284458197322,0,2026-09-22 23:22:54
2026-09-22 17:17:00,CNC-03,H,298.98850645044286,312.72003746187943,2027.4596614981676,32.377148186431526,80.87785664597274,2.6571247164057863,12.290273700806438,57.83399814718633,0,2026-09-22 23:22:54
2026-09-22 16:10:00,CNC-03,H,298.5727663370594,313.9649961691242,1700.6723022781866,46.77996814772718,237.3953534283839,3.121442867379864,14.926671428576071,58.12675443016516,0,2026-09-22 23:22:54
2026-09-22 22:38:00,CNC-02,M,299.38710449849384,311.2645195956292,2807.557047843013,12.089710746044236,90.36508759120763,3.4127654445433313,6.218617756507268,54.7862056619229,0,2026-09-22 23:22:54
2026-09-22 13:32:00,CNC-03,H,297.33787612319645,312.2184604115106,1333.5676228384273,56.15340345172775,213.89248679532108,2.6711679967053663,13.934765024987337,54.97863871862939,0,2026-09-22 23:22:54
2026-09-22 00:33:00,CNC-01,L,298.72915785412005,310.5339219033632,2687.869871151844,14.50344346667024,92.35612102917597,3.2248229998720284,7.304113700234911,56.45297541185295,0,2026-09-22 23:22:54
2026-09-22 19:08:00,CNC-03,H,299.38862662078475,314.49736334225764,2268.6046983588503,34.06968254599839,227.37413749596502,3.52790421854822,14.580724408428749,51.820731220024925,0,2026-09-22 23:22:54
2026-09-22 12:50:55,CNC-01,L,24.507103561289455,38.42953119794049,1455.6005149920907,47.13651637948466,30.17717362899993,2.150480710996117,12.87112322307717,57.64012664899653,0,2026-09-22 23:22:54
2026-09-22 03:15:00,CNC-03,H,296.8159075702697,310.02520088516786,2326.222620613499,25.479275112286494,91.27297603981867,2.903063971338352,10.950299801791704,52.80120779994135,0,2026-09-22 23:22:54
2026-09-22 08:27:00,CNC-03,H,295.58474287303255,310.7151119020384,1555.6431705546388,48.62110629512793,248.90972451412256,3.1143004351688104,14.534248292744394,60.215774813405545,0,2026-09-22 23:22:54
2026-09-22 22:22:00,CNC-02,M,299.55346081133007,312.33523200965175,2671.901931682271,18.556637482732462,73.05259071200996,3.2519134604763655,9.276175907017691,53.747744682720445,0,2026-09-22 23:22:54
2026-09-22 15:07:00,CNC-03,H,298.30509003680606,313.19676199350533,1597.8306369279935,48.99729906922164,143.7374367586587,2.528761161042095,14.67912886941566,52.161059405755964,0,2026-09-22 23:22:54
2026-09-22 12:51:00,CNC-03,H,24.46143797219156,39.336710553096964,1400.4836400522454,55.60775866242477,149.2269070220971,2.2853141524487968,14.980609941108478,53.646936251072496,0,2026-09-22 23:22:54
2026-09-22 08:20:00,CNC-02,M,296.0135594750878,311.43663764927356,1677.5855308284295,47.2191143565167,219.37261624065684,3.2245120799323037,14.740131312277585,58.785194367240734,0,2026-09-22 23:22:54
2026-09-22 20:58:00,CNC-03,H,299.42928882928766,312.09588529304875,2532.461616639715,19.705860958021674,118.55956178145468,3.177145825687253,9.085237277675578,52.41806104427886,0,2026-09-22 23:22:54
2026-09-22 02:38:00,CNC-03,H,302.7308354942571,309.563926411196,2495.241732032942,22.431956646860616,49.39571350279777,2.8816885153765264,10.537193382955511,47.773024303850185,0,2026-09-22 23:22:54
2026-09-22 07:45:00,CNC-01,L,296.02056333354733,310.10050940591094,1864.435927781465,37.984064048485486,0.0,2.4648848623534527,13.206145513175391,58.54324859145872,0,2026-09-22 23:22:54
2026-09-22 17:17:00,CNC-01,L,299.34315326866613,314.026248990108,1722.691121106901,40.569717270798435,193.09420456060738,3.0799330592907035,13.235939933835176,49.20174766152739,0,2026-09-22 23:22:54
2026-09-22 15:52:00,CNC-03,H,298.3832059953378,313.57908378683766,1633.830914901096,46.85460150432308,211.03191360610546,2.8800752307330884,14.445273749003888,54.4003025389585,0,2026-09-22 23:22:54
2026-09-22 17:53:00,CNC-01,L,26.384178494933167,39.63155616306801,1864.407910912236,34.377377367860426,39.05279086367088,2.5865545511675347,11.919592094466534,48.51975520966132,0,2026-09-22 23:22:54
2026-09-22 12:41:14,CNC-01,L,24.14186463318606,37.71980786086533,1467.954606417688,46.726643374655204,12.681612878548556,2.005081809295807,12.876770234304907,55.11652395299683,0,2026-09-22 23:22:54
2026-09-22 18:48:00,CNC-01,L,299.9181104544531,314.25042806858113,2142.6720854833748,34.194967355943355,111.06778555249595,2.938092566264878,13.61163771683456,49.3234912468707,0,2026-09-22 23:22:54
2026-09-22 18:08:00,CNC-03,H,26.14532596951028,40.7646118928123,1924.7924363744685,37.49232179548983,150.09936044359333,2.7948922410368726,13.594598361870785,50.585688975486306,0,2026-09-22 23:22:54
2026-09-22 06:12:00,CNC-03,H,296.17365965590284,310.00395345455854,1996.788498337652,34.17437521252623,56.57049163712751,2.6114553647340637,12.837928225398361,60.379151798126244,0,2026-09-22 23:22:54
2026-09-22 09:52:00,CNC-03,H,295.9782586092151,310.6743599492912,1591.4596373354468,47.926572000602114,124.04155789583527,2.293771474300346,14.274913305090445,58.705372466058165,0,2026-09-22 23:22:54
2026-09-22 14:10:00,CNC-03,H,297.92511530971115,311.7021034191521,1570.488259070076,43.560471465541546,56.236944340840815,2.264486134730307,12.748775341763533,58.35808986504634,0,2026-09-22 23:22:54
2026-09-22 13:41:00,CNC-01,L,297.5844579323728,311.725591450728,1460.8003054205121,47.50135027196179,107.70560614013253,2.362776018231863,13.39956286499965,53.04342623714391,0,2026-09-22 23:22:54
2026-09-22 09:17:00,CNC-01,L,296.2816612639923,311.068064194183,1591.2252222772356,48.81891580778007,137.3860567677793,2.568374934478343,14.646143342784827,62.28846573200356,0,2026-09-22 23:22:54
2026-09-22 12:03:08,CNC-01,L,297.22205529931585,312.01454086602615,1395.9348748905559,53.369051832941054,180.15399572371055,2.6649100178298712,13.699520599210794,53.32100826913364,0,2026-09-22 23:22:54
2026-09-22 15:15:00,CNC-02,M,298.62219359551415,313.9460693720485,1643.7188942524258,47.23926323536857,171.64103431363048,2.573924470679553,14.57097511333543,56.297611944900254,0,2026-09-22 23:22:54
2026-09-22 17:35:00,CNC-03,H,25.9651519193975,40.06601049312707,2000.4466420794206,34.49194661317633,105.58010152953712,2.6307342623709853,13.157179388854301,53.56388329390944,0,2026-09-22 23:22:54
2026-09-22 12:06:00,CNC-01,L,296.95911204905724,311.96538105095095,1424.8141788129733,54.14987196992147,184.9098232195544,2.6716445110953257,14.524732581778819,54.25662488855974,0,2026-09-22 23:22:54
2026-09-22 02:19:00,CNC-03,H,302.9541926118243,307.5668972042356,2723.977739669199,9.96784757129392,28.296472753823224,3.2643596664069188,5.218716971577491,46.64185009241452,1,2026-09-22 23:22:54
2026-09-22 04:03:00,CNC-02,M,296.4152344177047,309.3389838443686,2271.1564269344667,24.703885180450108,116.98123856200075,3.04209797799084,10.559677317002654,55.197911850522715,0,2026-09-22 23:22:54
2026-09-22 16:01:00,CNC-03,H,298.6707488110442,313.69478663181945,1709.0739826549213,43.41449478862438,224.320137445449,3.077060092941798,13.720463604469526,54.57040998324145,0,2026-09-22 23:22:54
2026-09-22 13:39:00,CNC-01,L,297.8669164179365,311.9856597676865,1458.8364923988927,47.63453127786132,104.6186702047115,2.2098458051585035,12.99711772502406,55.21641155833893,0,2026-09-22 23:22:54
2026-09-22 05:40:00,CNC-02,M,296.24046910903047,311.2171346645962,2050.750558690815,35.60832820042213,238.03242971202096,3.713158480269174,13.749492553116795,58.638244047617825,0,2026-09-22 23:22:54
2026-09-22 23:04:00,CNC-02,M,299.0593091529502,312.3594335294756,2537.465136186892,20.995131933508024,118.43961660819834,3.2784405055494266,9.897545859077677,53.11915918230445,0,2026-09-22 23:22:54
2026-09-22 19:19:00,CNC-01,L,299.8674559238344,314.08056102634305,2156.209595004341,31.393427020676437,149.97008407668304,3.0786307524177747,12.53003757125105,49.168488924690905,0,2026-09-22 23:22:54
2026-09-22 22:07:00,CNC-03,H,299.45534816204673,312.9903513722786,2672.867961993332,20.488718308207112,195.93143021680612,3.633592823390002,10.272312686157694,48.06790795849303,0,2026-09-22 23:22:54
2026-09-22 12:18:00,CNC-02,M,296.73667136114176,310.85254851774,1389.9664576127918,47.994708859480326,118.95498481572338,21.304298384154947,12.513808452063383,58.95939657949444,0,2026-09-22 23:22:54
2026-09-22 04:43:00,CNC-01,L,302.36417664160393,310.7194914826089,2212.0485848549406,32.27970739131591,156.79461749259642,3.0717638181818954,13.135353600908818,46.02758831566791,0,2026-09-22 23:22:54
2026-09-22 08:09:00,CNC-02,M,296.34708582236425,311.49700426183813,1599.1110850702357,47.164259968699966,202.99570232571426,2.9478189174370053,14.086630011963113,56.70747163693904,0,2026-09-22 23:22:54
2026-09-22 18:43:00,CNC-02,M,300.2807776384292,314.95846154092396,2246.031538839925,33.349435405280516,22.012808235257637,2.7899985277364143,14.097911383380733,50.08244875130327,0,2026-09-22 23:22:54
2026-09-22 15:09:05,CNC-02,M,298.691545395844,313.3150861416672,1553.21765002389,46.06736567897743,162.54129402006703,2.4874709704408122,13.457591049378852,53.02937541103077,0,2026-09-22 23:22:54
2026-09-22 00:10:06,CNC-03,H,298.861334417971,310.2695025022344,2615.3162798945905,12.226959663668865,110.64416330168251,3.144445465726452,6.144285730605944,53.7960100717289,1,2026-09-22 23:22:54
2026-09-22 13:11:51,CNC-02,M,24.2454522630033,39.443742472712074,1408.0156020985153,52.734904852489564,203.07213785489043,2.805491820876858,13.9238701812273,57.60593152672458,0,2026-09-22 23:22:54
2026-09-22 04:00:00,CNC-02,M,296.3122339174087,310.5420811931313,2301.175600608413,30.427902434723638,113.36669306447318,2.957554459412818,13.298772127146588,57.56267650697532,0,2026-09-22 23:22:54
2026-09-22 10:22:00,CNC-01,L,296.4853119533651,310.60192587492986,1655.0247789763005,45.50710863787034,20.336286047320975,2.2569090238288845,13.939298076537531,59.70814701557988,0,2026-09-22 23:22:54
2026-09-22 04:56:00,CNC-03,H,296.4519413563403,311.2168770003103,2076.631903414348,34.4943796342631,212.2900010240082,3.2835412670488617,13.111173498688553,59.5032147307268,0,2026-09-22 23:22:54
2026-09-22 18:41:00,CNC-03,H,299.58937173341945,314.1875306989391,2064.4374935332203,35.15613383675549,193.1242426312882,30.443382611876714,13.596810590845935,,0,2026-09-22 23:22:54
2026-09-22 09:48:00,CNC-01,L,296.34363908171645,311.5215308115766,1440.1135552837677,54.5962978780187,185.4460394219134,2.708677847702489,14.90487601825727,57.05147275748452,0,2026-09-22 23:22:54
2026-09-22 14:11:00,CNC-02,M,297.92944910039967,312.5683060889621,1610.273219550942,46.59414145075133,73.7543314921087,2.290077071341702,,53.53288940673249,0,2026-09-22 23:22:54
2026-09-22 17:16:00,CNC-02,M,305.23395251425177,313.52674916779966,2013.762473060823,32.698498263618966,132.10404573309708,2.7170065451285654,12.353049016531534,44.47180021491926,0,2026-09-22 23:22:54
2026-09-22 08:23:00,CNC-03,H,295.93439022310463,311.1161285051825,1770.5892418173285,43.58227703886725,242.8957063211782,3.359646944387449,14.100048005358492,56.88014488353911,0,2026-09-22 23:22:54
2026-09-22 10:10:00,CNC-02,M,296.111806858793,310.67353005904636,1416.8759468708254,50.83096996417927,163.88686100287984,2.4125978951245157,13.210801786247293,55.336386968892725,0,2026-09-22 23:22:54
2026-09-22 16:58:00,CNC-03,H,298.8476621764518,312.45368544389595,2035.61040467618,31.954101730625247,54.31487614519512,2.6410111261435487,12.211066198414569,57.64047513441652,0,2026-09-22 23:22:54
2026-09-22 11:45:00,CNC-01,L,297.00251569467736,311.2551540573512,1414.0075361485844,48.25172896384249,151.47853922484202,2.3047693798934494,12.701688218349263,56.86322835103407,0,2026-09-22 23:22:54
2026-09-22 02:28:00,CNC-01,L,298.13675010594267,311.28809381592225,2642.248311651342,19.490467611816406,217.12551281234596,4.1995242588668935,9.476008009523397,53.33965311354634,0,2026-09-22 23:22:54
2026-09-22 06:13:41,CNC-03,H,296.39633634125795,310.4683893215729,0.0,34.83039141536397,60.58516923030997,2.6830920988442504,12.854750206483395,63.52616975620079,0,2026-09-22 23:22:54
2026-09-22 00:00:00,CNC-03,H,299.0062242571198,310.8361920331214,2706.4200413507588,14.266291469268193,98.95497691202054,3.308571161872641,7.422610967181267,45.028761741336176,0,2026-09-22 23:22:54
2026-09-22 21:16:00,CNC-02,M,300.0265233387541,312.6587817802663,2494.4159074318472,20.486155365820217,0.0,3.0749844229255423,9.497475415172559,51.52992270779783,0,2026-09-22 23:22:54
2026-09-22 02:22:00,CNC-03,H,303.24375404703267,309.14225736403057,2594.3844261978625,15.068601215391222,31.62277347974777,3.1625368180075952,7.472494396936494,50.29421475728527,0,2026-09-22 23:22:54
2026-09-22 18:04:00,CNC-03,H,26.223022754314286,1407.6079709799428,1913.8430006683427,39.69846538372998,144.76248375026586,2.7026980172142068,14.203015451629652,52.58038201838236,0,2026-09-22 23:22:54
2026-09-22 22:37:00,CNC-03,H,299.3290253511289,312.73267335145243,2687.8583144060244,19.739323657412104,228.32251868301333,4.092535658641113,10.105861316130289,55.71252905175419,0,2026-09-22 23:22:54
2026-09-22 07:53:00,CNC-03,H,295.7884200054118,311.00981866315027,1662.5965561828298,47.798562394684886,198.53785225094592,2.8468825703173692,14.713678939920618,56.77902148165586,0,2026-09-22 23:22:54
2026-09-22 07:48:00,CNC-03,H,295.6978166343847,310.4956084319641,1594.5796828727152,47.52374092536103,191.2372192311904,2.712873190042104,13.988756254630136,62.55597102789842,0,2026-09-22 23:22:54
2026-09-22 20:01:00,CNC-02,M,300.7043904403456,315.1007108302775,2327.7953682452353,28.79914457719938,4531.386423822709,3.019390954256983,12.681821066420337,48.32901642404842,0,2026-09-22 23:22:54
2026-09-22 06:16:00,CNC-02,M,295.8910587130656,309.50756631666854,,34.06324015836369,43.78669912946616,2.800958393866831,12.788603770143476,58.99224946507864,0,2026-09-22 23:22:54
2026-09-21 23:31:00,CNC-03,H,299.35715975624396,311.4348023491074,2609.9549085199283,17.572703112872702,68.04256949154463,3.140230177094625,8.551021764771136,49.37287960046644,0,2026-09-22 23:22:54
2026-09-22 22:39:00,CNC-01,L,298.89561786224084,311.61835568528346,2669.242585921695,17.85544452652535,144.69204198247124,3.547636636161995,8.860300919112417,49.52450523112275,0,2026-09-22 23:22:54
2026-09-22 09:51:00,CNC-01,L,296.54323808022104,311.24768464917395,,50.396672399740595,190.07628298035115,2.756388009972054,13.552384643796323,56.16010897360353,0,2026-09-22 23:22:54
2026-09-22 18:58:00,CNC-01,L,299.7254468477541,313.1829463466365,2069.389176706648,29.498885173677092,123.70303536864418,2.789305812361666,11.121891109338288,56.92230182821264,0,2026-09-22 23:22:54
2026-09-22 07:47:45,CNC-01,L,296.1309874660675,309.54943124798905,1760.1067618504107,37.668255940271465,2.8623770925090932,2.4096493911177417,12.356483023403294,60.24095797834261,0,2026-09-22 23:22:54
2026-09-22 03:00:00,CNC-01,L,298.0080929526441,,2276.0003713539845,22.080191847113674,34.01876571821173,3.001224769465555,9.71328999990747,54.72958720578286,0,2026-09-22 23:22:54
2026-09-22 10:06:00,CNC-03,H,296.11475817361935,310.9308476945475,1468.1302182711363,51.743649751352315,145.87689621177637,2.271168302619354,14.093278122363007,59.236879682040545,0,2026-09-22 23:22:54
2026-09-22 17:20:00,CNC-03,H,25.92821919973221,40.64925023849213,1967.1582540477646,38.19419935117412,85.06175917320489,2.6979545894262746,14.224622506420811,54.509161408388955,0,2026-09-22 23:22:54
2026-09-21 23:32:00,CNC-03,H,299.1750405487434,310.6231231034654,2451.6767861286767,14.461218657776381,69.17827785575805,3.010857183901625,6.713279136799226,54.00243342922305,0,2026-09-22 23:22:54
2026-09-22 03:01:00,CNC-01,L,298.15552962745954,310.39388017348415,2560.77393712373,18.504575206056707,35.1281461561902,3.1118753072859495,8.705981644273335,51.75500490980527,0,2026-09-22 23:22:54
2026-09-22 22:40:00,CNC-03,H,299.27283351567064,312.8559809566629,2644.2959270450997,20.504746245666734,231.59109209490583,4.034977264619346,10.44506624425719,50.91383948621212,0,2026-09-22 23:22:54
2026-09-22 04:31:00,CNC-03,H,296.40264060007246,310.7890454377892,2252.123918300905,30.224595040076377,181.40354731289602,3.2242006170981776,12.61954328492904,59.941370105350174,0,2026-09-22 23:22:54
2026-09-22 14:01:00,CNC-01,L,298.1371849432727,312.3952782291814,1379.231531809784,50.83376725085193,139.03112831716325,2.2395168787294915,13.408039126170285,57.166274254770514,0,2026-09-22 23:22:54
2026-09-22 00:06:00,CNC-01,L,299.19919661636135,311.6073732850445,2696.4500801982563,18.72067957930417,63.58002641229628,3.294204947135248,9.291495208341894,49.64877254288259,0,2026-09-22 23:22:54
2026-09-22 11:50:00,CNC-01,L,296.7470008624569,311.35212768152087,1301.6079226892004,54.03114045117487,159.47515930621097,2.410554863380067,13.131132819787522,59.43185069293453,0,2026-09-22 23:22:54
2026-09-22 19:30:56,CNC-03,H,299.8736911238989,312.1719544614244,2367.5745075858877,20.97843368080904,15.864440392079315,2.884362152179092,9.191334425202367,50.23784188352619,0,2026-09-22 23:22:54
2026-09-22 16:20:00,CNC-01,L,298.98147511040565,313.899695392137,1695.5729392570495,46.7959121622986,112.76018097161145,2.457453898525928,14.822915895197365,54.2658544501679,0,2026-09-22 23:22:54
2026-09-22 18:56:00,CNC-02,M,300.325066464291,314.1764811296385,2283.1061498701947,28.09950708184287,38.470905985765334,2.8287228059098677,12.23717199746973,51.45402025642969,0,2026-09-22 23:22:54
2026-09-22 20:01:00,CNC-01,L,299.9496984328074,314.98970641968054,2356.6535243921808,32.43172842395574,201.094808681346,3.639814563124976,14.343707349091199,55.82610317379755,0,2026-09-22 23:22:54
2026-09-22 16:09:00,CNC-02,M,298.93718075778,313.1854828517015,1744.523708900037,41.612997632035906,36.92090875665326,2.349805522264696,13.524387490751332,56.706960320011966,0,2026-09-22 23:22:54
2026-09-22 00:52:00,CNC-02,M,298.2836773012833,311.2866650751509,2662.809230118787,20.452296400386302,120.85338998273147,3.20563585283522,10.147448827590603,56.3374380663769,0,2026-09-22 23:22:54
2026-09-22 19:09:00,CNC-01,L,299.90638734139185,313.1147373897442,2321.5798104500823,24.437874196673125,137.41422837500124,3.1229996895490117,,55.406604252994455,0,2026-09-22 23:22:54
2026-09-22 19:29:00,CNC-01,L,299.6785176633136,312.99700767991453,2464.3887518916504,23.230754842137507,162.27500355161916,3.527570606117019,10.661652455620276,53.672922252484504,0,2026-09-22 23:22:54
2026-09-22 11:13:00,CNC-03,H,296.3375202603604,311.3022340761602,1394.236383455831,51.38028710273845,251.431103211033,3.076159297124955,13.51745175530098,53.29055374758529,0,2026-09-22 23:22:54
2026-09-22 20:09:00,CNC-01,L,299.9793086664535,314.20305994309115,2344.6073940512615,27.09464056096094,210.55891820748982,3.792013875153372,11.789840646253804,53.659417193408984,0,2026-09-22 23:22:54
2026-09-21 23:52:00,CNC-02,M,299.01032434457704,310.91966834999533,2793.0215929037786,15.290179326458954,56.900586739455655,3.3711763198083062,7.9317563059281975,53.58649737054367,0,2026-09-22 23:22:54
2026-09-22 02:05:55,CNC-02,M,297.7236233872118,310.86632481211745,2715.053532348579,18.6463634972789,200.6784940840297,3.810017119749982,9.445168404116554,56.049150134942046,0,2026-09-22 23:22:54
2026-09-22 05:45:00,CNC-01,L,296.896007862339,310.98338285164044,2107.7839170484112,33.06716391675407,32.487041416496666,2.6362657234347875,13.128059148572683,58.806928975388296,0,2026-09-22 23:22:54
2026-09-22 21:45:00,CNC-01,L,299.2563751829086,311.0520920003226,2636.6637584738846,15.679331664699543,85.98045038548986,3.1769308119074866,7.89228540392304,52.474238368749056,0,2026-09-22 23:22:54
2026-09-22 17:33:00,CNC-03,H,26.065020536439135,40.10174795723748,1979.1186507633413,34.62120661884081,102.85724415641732,2.5434710876856985,12.909817032492533,50.51855116633243,0,2026-09-22 23:22:54
2026-09-22 21:30:00,CNC-01,L,299.5304696160162,311.40054606399394,2607.238201164114,15.50219518761873,69.40407290832462,3.133652932472389,7.380122451807611,53.26061280884631,0,2026-09-22 23:22:54
2026-09-22 07:39:00,CNC-03,H,295.71332418524906,311.0267409190442,1818.313565221467,44.56861820197101,178.2760976635973,2.792947486776907,15.277778970945114,63.380994649245565,0,2026-09-22 23:22:54
2026-09-22 12:12:00,CNC-03,H,296.80594164874407,310.7379243224029,1365.4832057466367,51.15988510990833,87.45756670433668,2.1054642616452193,13.046785730473719,55.6641474817156,0,2026-09-22 23:22:54
2026-09-22 03:21:00,CNC-03,H,296.7369452094205,309.6419232120557,2554.78500626982,20.99926074392587,98.15364225167195,3.1849116363183065,10.071644551710195,58.81900054898228,0,2026-09-22 23:22:54
2026-09-22 13:25:00,CNC-03,H,24.451597635879978,39.40481580970419,1390.1020059351756,54.01083304154922,202.85004320065056,2.655690166755143,14.012689231574342,58.0498305342339,0,2026-09-22 23:22:54
2026-09-22 00:56:00,CNC-02,M,298.22529562783853,310.524688953769,2657.679166760195,16.57969192845383,125.12213145598189,3.2912050795323826,8.216272475697737,48.92875808602586,0,2026-09-22 23:22:54
2026-09-22 13:57:00,CNC-01,L,298.1913137543069,312.7901728260616,1556.8680180620834,47.895056185314736,132.70862102487416,2.446269949204719,13.984222982037926,54.00688003041456,0,2026-09-22 23:22:54
2026-09-22 10:54:00,CNC-02,M,296.59028232976243,312.1494014471897,1377.1559152104335,56.423040029566955,233.4618727327341,2.9725828231563862,14.384979569593938,57.7713414130699,1,2026-09-22 23:22:54
2026-09-22 17:01:00,CNC-03,H,299.0042929221075,313.35744379496543,1934.6652457396845,39.45085542690766,58.52941961105779,2.5332813109695103,14.348599539885184,51.71148350284463,0,2026-09-22 23:22:54
2026-09-22 18:35:00,CNC-03,H,299.54781450219235,314.2086482626289,2045.743448612519,34.48516829300192,185.36234156795075,2.995835354467504,13.201260368587661,57.63782602191356,0,2026-09-22 23:22:54
2026-09-22 15:09:00,CNC-01,L,298.6882175311073,312.67963276057776,1754.6914818422194,41.56238756044833,7.467659760396113,2.427644287824379,13.683195592425198,48.908423801626384,0,2026-09-22 23:22:54
2026-09-22 05:45:00,CNC-03,H,296.2010050138335,310.0781122272988,2156.5101727073165,32.514285222753024,20.69410985705074,2.6277194231815306,13.349556360782369,58.02069311531054,0,2026-09-22 23:22:54
2026-09-22 04:54:00,CNC-03,H,295.96877499124975,310.17424244699885,2338.858475547604,29.301028121388846,209.7438944846841,3.503417720696724,12.876921685129213,56.86025191952818,0,2026-09-22 23:22:54
2026-09-22 13:02:00,CNC-02,M,24.14737300805831,39.2772169304742,1533.9384591237435,51.22950038348767,188.89155176580354,2.650765800002556,14.889150728712961,52.28352609461843,0,2026-09-22 23:22:54
2026-09-22 06:38:00,CNC-01,L,,310.59289640665315,1843.204391613277,39.72439739521179,104.0146222846416,2.5940595065680556,13.730122526006165,61.346141804592484,0,2026-09-22 23:22:54
2026-09-22 11:00:00,CNC-03,H,296.6270372704353,311.9961886624233,1453.780002241332,53.30749368934489,230.88241311215947,2.8333395364471934,14.660542028938346,56.3038507236612,0,2026-09-22 23:22:54
2026-09-22 05:51:00,CNC-02,M,296.2462690900584,309.5639052458285,2036.504264796238,30.90146000910792,10.42060970544603,2.6179506512264688,11.816295723782762,56.014703955803085,0,2026-09-22 23:22:54
2026-09-22 10:25:00,CNC-03,H,296.53241005956016,311.5243766968256,1469.0473018508205,51.68015683379833,175.62108255065303,2.522412511429009,13.972433531284063,60.25022552955775,0,2026-09-22 23:22:54
2026-09-21 23:48:58,CNC-03,H,298.9711565243378,310.65122606658525,2700.644628030372,14.04165847598126,88.38048631768835,3.3007695026552994,7.0523474953563525,49.99826787908305,0,2026-09-22 23:22:54
2026-09-22 22:58:00,CNC-03,H,298.7433233271007,311.97818166736835,2756.7204068034353,17.19923643197841,250.9064113533694,4.304244721440113,8.797127720615398,57.708410690734866,0,2026-09-22 23:22:54
2026-09-22 02:18:00,CNC-02,M,297.3859419723351,310.9424502406323,2550.1695593459995,,213.99504985515665,3.9002868686300176,10.394647692212112,59.286161812087784,0,2026-09-22 23:22:54
2026-09-22 16:41:00,CNC-03,H,298.8894911461483,312.96665089697,1785.913072335904,41.94951721207983,30.129878407679435,2.4039017438503465,13.862233406609777,48.248036865887045,0,2026-09-22 23:22:54
2026-09-22 17:58:00,CNC-03,H,26.202086539136985,41.133457281754545,2165.6180946181585,35.346599932398284,136.58763193192706,2.872419990878005,14.377466737654284,47.79470509590797,0,2026-09-22 23:22:54
2026-09-22 07:26:00,CNC-02,M,295.97398234067856,310.43002712806026,1726.6414015966664,40.53975975896964,140.77990020838774,2.5483626422806007,13.50830101107877,57.70958996869876,0,2026-09-22 23:22:54
2026-09-22 17:03:00,CNC-02,M,305.1605543313141,313.6022807515033,1786.9467457770063,39.815808240608135,114.13435223381298,2.605952384779929,13.166028979618355,42.75093502934729,0,2026-09-22 23:22:54
2026-09-22 01:52:00,CNC-02,M,297.8340360578488,310.59803675963644,2634.1171038956627,17.741332989774776,185.41433838480995,3.6771282460170944,8.800926941510884,56.9867072383328,0,2026-09-22 23:22:54
2026-09-22 07:36:00,CNC-02,M,296.08775474929996,310.57833146377925,2055.4765691770112,33.391788883586564,154.93834433383745,2.9581464411364413,12.64358844478638,63.71962776818289,0,2026-09-22 23:22:54
2026-09-22 01:48:00,CNC-02,M,297.75155392958357,310.27871870097675,2675.943992032685,16.642286025929053,181.07804273446496,3.673803491174535,8.430363114391835,57.5701484236101,0,2026-09-22 23:22:54
2026-09-22 21:46:00,CNC-03,H,299.46334498632353,313.99443471429976,2419.2649882357314,27.787944492815384,172.56143395416697,3.1938148063137723,12.650820220086405,52.44049515337138,0,2026-09-22 23:22:54
2026-09-22 18:25:00,CNC-03,H,299.41482950620144,314.04917569727775,1983.317759240023,36.32056024359327,172.42031887676544,2.913968964516377,13.40245805860855,51.580991822989496,0,2026-09-22 23:22:54
2026-09-22 04:33:00,CNC-01,L,302.45800296365496,309.8224860817768,2246.9054171002176,,144.4209247101108,3.0492964814581063,11.437067143466226,47.802048185225125,0,2026-09-22 23:22:54
2026-09-22 03:39:00,CNC-03,H,296.45918696228927,309.6857041679117,43764.826986388136,23.48571334099728,118.971407105844,3.1540623336402627,10.898024839560426,55.04219934940509,0,2026-09-22 23:22:54
2026-09-22 18:00:00,CNC-02,M,26.751530664664415,41.6721274961821,1905.8956167978718,37.34369913573039,191.60269501958854,3.0275746798853174,13.28667986704721,49.77951468640199,0,2026-09-22 23:22:54
2026-09-22 02:31:00,CNC-01,L,297.9121213028446,310.08509976707984,2580.521026297689,18.766953108893393,1.1375734538194717,3.070026468062055,9.19627923004866,57.47238173053724,0,2026-09-22 23:22:54
2026-09-21 23:23:00,CNC-01,L,299.3665855608119,310.58580549369094,2811.218015920395,12.714522985954654,18.089313619384797,3.3609894567891727,6.555271790756674,52.473970166646275,0,2026-09-22 23:22:54
2026-09-22 14:50:00,CNC-03,H,298.2405688071378,312.02611054646286,1521.047509018445,42.49952913256656,117.84979681693561,2.3033101769272175,11.851315103317523,52.040326101661826,0,2026-09-22 23:22:54
2026-09-22 15:29:00,CNC-03,H,298.3312231744616,313.55856747759077,1731.7534496952353,47.63776589628731,176.74039763216848,2.76242274541811,15.54634029508539,55.14555856194689,0,2026-09-22 23:22:54
2026-09-22 17:26:00,CNC-03,H,25.852281309030502,39.511038275870874,1851.2118211149045,35.44871827180933,93.34458427445246,2.5455255130657,12.29808124730722,49.05238736048227,0,2026-09-22 23:22:54
2026-09-22 15:03:00,CNC-03,H,298.19405910962155,312.9654930849784,1604.060583317429,45.10426956343623,137.73714392243247,2.3704060175696737,13.392188832403654,54.40898002945275,0,2026-09-22 23:22:54
2026-09-21 23:38:00,CNC-03,H,299.1320678201505,311.4163129587814,2701.3854083897854,18.268530610837658,75.58932275205922,3.2263550342504224,9.45211596672183,54.52218654054099,0,2026-09-22 23:22:54
2026-09-22 10:21:00,CNC-02,M,296.30491856953745,310.71352693326503,1399.169379856837,48.39463494353575,181.17214666819294,2.5240179965360343,12.551485584483638,56.627237175995525,0,2026-09-22 23:22:54
2026-09-22 21:26:00,CNC-03,H,299.6023973924896,312.35059274837545,2538.2298843017506,19.279613348993976,150.15014835204795,3.3447906764499615,9.387344230090383,1995.2313035756615,0,2026-09-22 23:22:54
2026-09-22 05:51:00,CNC-01,L,296.61914844728386,310.4342264521555,2016.2152430932917,33.83434018770436,40.46267437128089,2.535992578050524,12.731326712906208,53.52269602094963,0,2026-09-22 23:22:54
2026-09-22 18:11:00,CNC-02,M,27.04896945493857,42.19669535892922,2107.697486011887,35.319232961092034,206.14560562841302,3.384918115290363,14.187933882940131,51.49893918248674,0,2026-09-22 23:22:54
2026-09-22 03:59:00,CNC-02,M,296.5754119730581,310.59154167003777,2412.154531103871,26.941263626826156,112.10827557485963,31.408160934060476,12.386176894909688,60.69002090126049,0,2026-09-22 23:22:54
2026-09-22 19:49:04,CNC-02,M,300.6968140322025,314.0025481519972,2357.701831773352,22.620191607940153,105.18152768118296,29.267045600773745,9.987048236644236,48.70448772818877,0,2026-09-22 23:22:54
2026-09-22 13:07:00,CNC-01,L,24.493442162125234,38.87916822518025,1416.8884854392643,53.440078975957356,53.987395440201844,2.067891239071032,14.2380854697201,55.98422263931241,0,2026-09-22 23:22:54
2026-09-22 14:07:00,CNC-03,H,297.8149233252232,311.49627371885384,1394.6429165599002,48.155836628198465,51.63887881892829,2.0726835606633975,12.779808837250604,55.78161684124148,0,2026-09-22 23:22:54
2026-09-22 00:29:00,CNC-01,L,298.839245316703,310.69716755084136,2619.6089315527247,16.797597052846577,88.19669913507529,3.1188320426587266,8.21212620625645,57.13448739594957,0,2026-09-22 23:22:54
2026-09-22 12:27:00,CNC-03,H,,38.25105664497505,1334.644680562964,54.23974937862224,111.20396077988856,2.184728290380945,13.713783944176722,56.14241921294118,0,2026-09-22 23:22:54
2026-09-22 22:32:00,CNC-02,M,299.6176261369919,312.5834910727779,2651.484068468674,19.05436827009638,83.96434361126748,3.181478863396686,9.575524796944174,52.738626696907765,0,2026-09-22 23:22:54
2026-09-22 06:00:00,CNC-01,L,297.0715621966473,310.4323629130982,2072.0429619887996,29.748935985174825,52.38310441452958,2.6283413821360666,11.575646685152066,55.42281453003599,0,2026-09-22 23:22:54
2026-09-22 09:42:00,CNC-02,M,296.26239390808274,310.83511346883114,1450.9383937962873,48.86025047179348,120.23142786052539,2.252788952302594,13.101919086312927,59.8493849859463,0,2026-09-22 23:22:54
2026-09-22 02:15:00,CNC-03,H,302.65535431891254,308.3397116862233,2534.16903379785,16.66514024308094,23.847512858949383,3.0365427267935994,8.081118473849665,51.41072980031119,0,2026-09-22 23:22:54
2026-09-22 19:11:00,CNC-01,L,299.53322212431965,313.1838817899319,,28.27595671745442,139.94216054847203,3.006176010459791,11.747611780045885,52.39134025260707,0,2026-09-22 23:22:54
2026-09-22 21:19:00,CNC-01,L,299.6689740105163,312.574090482274,2566.7013581658125,21.47183842885922,57.26093382991943,3.239610318281825,10.374513208114513,52.39549039682718,0,2026-09-22 23:22:54
2026-09-22 18:10:00,CNC-02,M,26.915317333910764,41.720181641422926,2074.666995825813,32.96378962850914,204.83192220010562,3.4033015356114924,12.63000366588127,50.97430141748744,0,2026-09-22 23:22:54
2026-09-22 10:48:00,CNC-02,M,296.3424050932658,311.9366804243901,1457.0214555086327,55.04226093401943,223.92167321247652,2.9700617403426173,14.754015063628845,54.057480216829624,1,2026-09-22 23:22:54
2026-09-22 10:37:00,CNC-01,L,296.5152146126635,310.45633614260817,1392.508620526232,50.10796178830976,43.92146892584858,2.0659678044857968,12.947234067799753,57.25535512636352,0,2026-09-22 23:22:54
2026-09-22 10:13:00,CNC-01,L,296.3215595363679,309.9148099112843,1406.678913812104,49.754991465709054,6.1820350147250505,2.0279234160425736,13.150466977277103,59.01695500113497,0,2026-09-22 23:22:54
2026-09-22 17:47:00,CNC-01,L,26.696302485247884,40.64342577521694,,33.79052058629032,31.03399692067879,2.844629711526925,13.641338228245543,49.87052535720672,0,2026-09-22 23:22:54
2026-09-22 09:23:00,CNC-02,M,296.137608431475,310.77443999737426,1518.6857177464717,48.532383535455494,90.79574132794671,2.139274116670698,13.733284404536011,54.28347973947279,0,2026-09-22 23:22:54
2026-09-22 07:59:00,CNC-03,H,295.9159263525214,310.7596165196524,1833.3980909805275,39.977667737570194,207.4384352573109,2.9939051731927293,13.843624871216388,57.13005149415975,0,2026-09-22 23:22:54
2026-09-22 22:51:00,CNC-01,L,299.2068275363055,312.6715981655719,2588.3708501323513,21.27828210983452,157.54463927647552,3.400997119522331,10.263569090307927,54.32459184831278,0,2026-09-22 23:22:54
2026-09-22 11:05:00,CNC-02,M,296.6421255718275,310.64308724285445,1372.1207462451864,51.90184779604534,3.2,1.9982016222979697,12.941273557240855,54.79066219134691,0,2026-09-22 23:22:54
2026-09-22 02:51:00,CNC-01,L,297.9633960427331,311.01763323124896,2515.3165148049898,,23.663947762476948,3.078615771827652,11.097607936195175,55.62265919209284,0,2026-09-22 23:22:54
2026-09-22 17:00:00,CNC-02,M,305.09379704114326,313.6274051478707,1921.3722014713717,36.5948574588103,109.85883540268469,2.618183525651651,13.026707165263746,40.9695946192578,0,2026-09-22 23:22:54
2026-09-22 14:16:00,CNC-01,L,298.1372028640206,312.4676036198869,1462.6990220612824,48.45835029274818,162.47033533436948,25.53044935570965,13.348282457453442,53.304811141174284,0,2026-09-22 23:22:54
2026-09-22 03:55:00,CNC-03,H,296.72294506668527,311.0631457280564,2389.943302257349,29.069220903273816,137.7710196715259,3.1755607475178373,12.91669649234021,61.32570046703018,0,2026-09-22 23:22:54
2026-09-22 12:34:00,CNC-02,M,23.909843349479615,39.10683892017181,1400.9983334487927,55.296271422911786,144.45575024704175,2.320635811087717,14.359294250350592,58.78232576096485,0,2026-09-22 23:22:54
2026-09-22 12:12:00,CNC-01,L,297.21554995692856,312.22744732866744,1375.4427512191883,55.02884958441187,194.44198010790114,2.7044424289531883,13.9785724640225,55.140708305274146,0,2026-09-22 23:22:54
2026-09-22 08:13:00,CNC-01,L,296.53014725775495,310.0797943113694,0.0,43.47810651887161,40.69258873390198,2.205257511685468,12.374107836079611,59.40265970260593,0,2026-09-22 23:22:54
2026-09-22 02:13:00,CNC-01,L,298.36213846500516,312.71225401671046,2535.6949929518505,25.52069640162859,200.54830888266798,3.8846360948216354,12.397374999706448,50.54508652180445,0,2026-09-22 23:22:54
2026-09-22 17:56:00,CNC-02,M,27.126105879710053,41.67004268678397,2173.2364901205437,30.896636548991935,186.25070626940897,3.264962323156583,12.409191412117195,49.847738104117056,0,2026-09-22 23:22:54
2026-09-22 22:47:00,CNC-02,M,299.27502150721904,311.8215855693215,2602.6223233836067,17.10210139754551,100.15859406209012,3.376841783860304,8.713306500255397,53.28169786097033,0,2026-09-22 23:22:54
2026-09-22 13:09:00,CNC-01,L,24.44625653724188,38.586618163518665,1544.5239024832188,44.78103373715386,57.1029902507138,2.0561077011270066,12.991415163037741,57.634335883464004,0,2026-09-22 23:22:54
2026-09-22 22:31:00,CNC-02,M,299.5408335652134,313.58376905947483,2566.9188884763425,24.595733999476785,82.88268097937683,3.1749650510860605,12.017803209121954,49.02442217987683,0,2026-09-22 23:22:54
2026-09-22 16:51:00,CNC-01,L,299.2997735047458,314.2962087332005,1945.6043199947192,39.82631031748637,156.76053741403743,3.018638583955638,14.53228351809,53.83813403678546,0,2026-09-22 23:22:54
2026-09-22 09:48:00,CNC-02,M,296.2979076231737,310.3240779049731,1286.8374127669217,51.10193750752959,129.5520313115679,2.0431626102801794,12.26369574165149,58.18932381274917,0,2026-09-22 23:22:54
2026-09-22 01:39:00,CNC-02,M,297.7776448659218,310.342467582955,2662.9831337120363,229.37453439986362,171.4232017052716,3.4903796589875666,7.968171074874198,55.788823572016845,0,2026-09-22 23:22:54
2026-09-22 12:55:36,CNC-01,L,24.502813825478768,38.34095715297127,1327.0082288693302,51.89320790968053,34.947490691444635,2.0166255086904217,12.852655239877729,55.66989216489678,0,2026-09-22 23:22:54
2026-09-22 09:07:00,CNC-01,L,296.1757143775666,310.7032204066198,1638.4155832345298,44.39457553517798,122.05488690286448,2.438854684897566,13.518917657436747,57.18243608886322,0,2026-09-22 23:22:54
2026-09-22 22:36:00,CNC-03,H,299.6129868613971,313.73932545879023,2486.4012915072935,24.62057380415285,227.2620410101777,3.758401692099126,11.548717472575188,47.52047231448468,0,2026-09-22 23:22:54
2026-09-22 19:47:00,CNC-02,M,300.7938165071192,313.76941495482544,2346.0445528890477,21.979904166788387,101.51088132074926,2.9455037060326985,9.562245960701382,47.8168679303288,0,2026-09-22 23:22:54
2026-09-22 21:32:00,CNC-03,H,299.4923016479713,312.91118645922705,2613.2646421767754,22.028646376861534,156.90875567930175,3.5717510838502067,10.897652344045206,50.62979205895341,0,2026-09-22 23:22:54
2026-09-22 15:14:00,CNC-02,M,298.51670984105095,313.25903830816793,1406.05714303133,51.586217089202854,170.1610169449173,2.4336902305755572,13.664955985125804,53.05256465146024,0,2026-09-22 23:22:54
2026-09-22 18:15:00,CNC-01,L,26.672936542766024,41.456541734333996,2149.3010133043254,37.29378688388151,68.42480634560052,2.7447503087116756,15.365503309526032,50.43901183150411,0,2026-09-22 23:22:54
2026-09-22 19:55:00,CNC-02,M,300.3833461481119,314.2953860709031,2388.0763088205617,26.321331341545978,111.16649547877873,3.1329600153228205,11.72996094316764,48.843390598833444,0,2026-09-22 23:22:54
2026-09-22 11:35:00,CNC-01,L,296.9692125973658,311.7558834928819,1407.5579963841976,54.40803910806775,135.68066276371906,22.808110047313818,14.466033572469087,54.96366478316365,0,2026-09-22 23:22:54
2026-09-22 02:34:00,CNC-03,H,302.5899491051891,309.01229117401266,2599.077415411511,18.09200326814972,44.89963772010117,3.174080405384049,8.871520168962354,42.71610447763689,0,2026-09-22 23:22:54
2026-09-22 03:12:00,CNC-01,L,297.792018169876,310.5747517152689,2356.0912543480213,23.340931882274123,47.79181983903587,2.883816901383584,10.440733069921398,51.05809615002828,0,2026-09-22 23:22:54
2026-09-22 02:49:00,CNC-03,H,302.9653198854424,308.6111441083242,2743.2218631249175,14.503111380807237,61.74015118969345,3.202260629763014,7.570511350392732,45.92965111159963,0,2026-09-22 23:22:54
2026-09-22 01:59:00,CNC-03,H,303.4956223932902,309.2467874663996,2569.096920650001,17.645932128917217,6.525575296457777,3.2148331666211183,8.388534227809537,45.81412236493589,0,2026-09-22 23:22:54
2026-09-22 10:37:00,CNC-02,M,296.37636716682,311.5381122021467,1372.2187574421796,53.660718910032706,206.5890533744561,2.7634885108308858,13.65358167387489,56.599925289465915,0,2026-09-22 23:22:54
2026-09-22 10:41:00,CNC-02,M,296.64268754545554,311.68300369173676,1471.6760527368044,50.03825003787328,212.85938825106436,2.817978259491546,13.890081931709783,57.74625464588602,0,2026-09-22 23:22:54
2026-09-22 18:12:00,CNC-02,M,27.058074870373787,41.49005676875191,2133.7598266655887,30.94493852654966,207.41799605730662,3.3803450060082847,12.511533115686612,49.93639149038086,0,2026-09-22 23:22:54
2026-09-22 18:06:00,CNC-03,H,26.3440265083608,40.65826091214967,2120.6876106969726,32.65364335361916,147.4169644227718,2.876019793839053,13.134306756727232,54.453802576974134,0,2026-09-22 23:22:54
2026-09-21 23:35:00,CNC-02,M,299.1129525919498,310.0452756722202,2854.5329297252288,11.237674604102134,38.87453093887026,3.4671551940637686,5.972259274100391,55.51987072424793,1,2026-09-22 23:22:54
2026-09-22 21:09:00,CNC-01,L,299.7477504801096,311.884585002934,2575.267030821335,17.801005635940765,45.99933849529803,3.1144832165806244,8.589712699405712,49.96425915060398,0,2026-09-22 23:22:54
2026-09-22 21:49:00,CNC-03,H,299.5731796198198,313.06603420785734,2469.720433160962,23.91534807696854,175.8619898944108,3.332937751852275,11.233370943402642,49.38101359715116,0,2026-09-22 23:22:54
2026-09-22 00:28:00,CNC-02,M,298.9302312074885,310.3977272372319,2691.9762176709455,11.88221392334248,95.17321406765039,32.74808605708276,6.052258991471899,54.95018191044473,1,2026-09-22 23:22:54
2026-09-22 21:10:00,CNC-01,L,299.8033051540679,311.75238970081887,2438.928657897181,18.212922355385878,47.13494240235098,3.0410526986025532,8.400608242371014,51.88291724149786,0,2026-09-22 23:22:54
2026-09-22 03:19:00,CNC-01,L,298.059163367346,310.76652964205476,2534.9213039060533,20.81828420600576,55.927944837610454,3.2915808168352934,9.614461440932104,56.09858157625406,0,2026-09-22 23:22:54
2026-09-22 23:02:00,CNC-02,M,299.19326534304093,312.14479413610565,2533.2646485213995,19.46106738312314,116.2723980303123,3.2801198309120134,9.300461591832944,50.41130061838801,0,2026-09-22 23:22:54
2026-09-22 06:37:00,CNC-02,M,296.1448295733131,309.96396405711954,2006.138400170159,33.33099663860924,72.25899338316513,2.694048856829793,12.40387822604049,55.8977430443625,0,2026-09-22 23:22:54
2026-09-22 21:17:00,CNC-03,H,299.4576123784503,312.840581860354,2665.17459583307,22.009963689251574,139.9116698894607,3.4650092611165526,10.940350375286123,55.00717521835931,0,2026-09-22 23:22:54
2026-09-22 15:03:00,CNC-01,L,298.36448917525496,313.40761754798234,1608.6833125338003,46.86981078437643,234.5327388909276,3.421042169928079,13.914849023821738,54.99193860221026,0,2026-09-22 23:22:54
2026-09-22 16:29:00,CNC-03,H,298.6753615628348,312.20132668961276,1845.220343839654,35.305125598569894,12.934242043986442,2.5450150904979707,12.275881696424277,55.872655305083136,0,2026-09-22 23:22:54
2026-09-22 11:01:00,CNC-02,M,296.5970682897631,312.1083991921764,1423.1548558953712,56.08844190604549,244.557571130856,3.2765608811983755,14.863136007722154,54.547000697957124,1,2026-09-22 23:22:54
2026-09-22 07:15:00,CNC-02,M,296.10493736407733,310.90825537257007,1766.3186104072122,41.72135869673314,125.12946346784486,2.496632552679811,13.455384748251225,58.18187090313111,0,2026-09-22 23:22:54
2026-09-22 16:52:00,CNC-01,L,299.2438775543517,313.7743145404593,1755.820403471553,41.11918764955383,158.21088683752356,2.7939840543766117,13.46579554705239,52.782556082104406,0,2026-09-22 23:22:54
2026-09-22 09:55:00,CNC-01,L,296.28783794501646,310.42955899590396,1301.5989587070442,50.00246349621471,196.3584051661087,2.6767067339110913,12.303700886740428,58.332627317682245,0,2026-09-22 23:22:54
2026-09-22 03:25:00,CNC-01,L,297.8390635627092,310.4726649505412,,19.99203993537449,62.85833434183281,3.061819044816644,9.609433677275728,56.48221631753074,0,2026-09-22 23:22:54
2026-09-22 00:33:00,CNC-02,M,298.7078397602444,311.49592308669736,2738.0334304144935,18.915411375613278,100.55272929224044,3.3176082893441623,9.856833291081383,55.322498438039844,0,2026-09-22 23:22:54
2026-09-22 18:27:00,CNC-01,L,300.22828119789654,0.0,2090.7327807702213,31.018420682321988,84.06861788979873,2.744125603248554,12.33304654896586,48.51659364245593,0,2026-09-22 23:22:54
2026-09-22 15:05:00,CNC-01,L,298.42198361089453,312.3022885537327,1608.8681395406247,43.139400395094064,1.4841021731557196,2.2542394130582335,13.011182473984718,51.897738206225426,0,2026-09-22 23:22:54
2026-09-22 08:19:00,CNC-01,L,296.5625479280506,311.550303290563,1763.4138967484237,46.16071552861258,49.621587362443954,2.36782311841516,14.928025782194338,61.61761512563282,0,2026-09-22 23:22:54
2026-09-22 06:26:00,CNC-02,M,296.1875446954748,310.32528288561303,2132.8241453403275,32.65909408582911,57.353080831552965,2.7356775076230337,12.886102326381979,60.494177357152175,0,2026-09-22 23:22:54
2026-09-22 07:54:00,CNC-03,H,295.48542976053426,309.93516278321914,1604.2596006964102,44.476394352998405,200.02889543432693,2.7831382548702144,13.066640752835182,53.39950966264682,0,2026-09-22 23:22:54
2026-09-22 03:26:00,CNC-02,M,296.7624749755686,309.4185141624108,2469.3455319055847,20.734715253316917,72.94993954805342,3.021336298332551,9.602700466924587,56.45348965606386,0,2026-09-22 23:22:54
2026-09-22 13:06:00,CNC-02,M,24.161395550861812,39.37257996983908,1414.413580344066,53.37236872407077,195.19876679166026,2.7588400155260406,14.292060667059152,54.57307877858851,0,2026-09-22 23:22:54
2026-09-22 18:22:00,CNC-02,M,27.089620422488963,41.907677834928904,2025.2888304869878,34.389933334881945,220.4668097752264,33.83515873363091,13.074124360684438,54.517771764343124,0,2026-09-22 23:22:54
2026-09-22 16:47:00,CNC-02,M,305.0585507716096,313.7760505279352,1704.7946342247753,42.676352964206885,91.45709373711844,2.4098599082079604,13.710188474151344,43.532394414824324,0,2026-09-22 23:22:54
2026-09-22 04:14:58,CNC-03,H,296.46882352366566,310.2162768521455,2475.340689198779,24.395409967046138,162.8929338261313,3.227106145045472,11.217424576670378,58.20105272672761,0,2026-09-22 23:22:54
2026-09-22 01:08:00,CNC-02,M,298.39898322721365,311.1714643689517,2657.0940100564358,18.15983346295586,137.98129519980253,3.389176002812494,8.82072420413588,55.71987964271073,0,2026-09-22 23:22:54
2026-09-22 03:28:00,CNC-01,L,297.83198840146684,311.1492695860882,2339.057293211778,25.378660669222647,66.35555048853334,2.8816159495146714,11.165555871627584,55.33882273838154,0,2026-09-22 23:22:54
2026-09-22 09:45:00,CNC-02,M,295.9960891701048,310.6802924831077,1495.6205877959965,48.89944703784015,,2.2839698783552413,13.955990707322663,54.30629375469253,0,2026-09-22 23:22:54
2026-09-22 05:47:00,CNC-01,L,296.51705102479156,309.99337389289605,2098.2183054888155,29.90500621755369,35.12010242612697,2.738838848295993,11.783315151887953,50.22448793057915,0,2026-09-22 23:22:54
2026-09-22 05:03:00,CNC-02,M,296.21900908480825,310.66504357527884,2286.3019854884687,29.752610266782675,190.53260730528484,3.3929404445273614,12.728306797156595,58.13758638790207,0,2026-09-22 23:22:54
2026-09-22 19:28:00,CNC-03,H,299.47468148923593,313.0808037042681,2305.0972645082784,29.0449887001025,12.277945613724393,2.826052180923533,12.531354295963244,52.22127439974883,0,2026-09-22 23:22:54
2026-09-22 10:32:00,CNC-01,L,296.76335986372646,310.58031664588276,1481.2080774427889,47.78169102549387,36.00613267105928,2.2271766029020856,13.255837475030606,58.273201898213834,0,2026-09-22 23:22:54
2026-09-22 20:51:25,CNC-01,L,299.84307029376737,312.4268420647801,2416.666623633698,23.14648570595003,26.654047716924413,2.9673978004322294,10.462029004325776,58.61163052514313,0,2026-09-22 23:22:54
2026-09-21 23:39:00,CNC-01,L,298.8478317930393,311.4959928176361,2643.5146641674473,18.237576758610953,35.09471835645846,3.096815746404594,9.045187085324175,54.49403779191175,0,2026-09-22 23:22:54
2026-09-22 10:12:00,CNC-03,H,296.2998682054095,310.9631637793258,1496.1227345957925,47.365402549457436,155.23483729616794,2.2781440448107,13.494513570424147,53.94086814692328,0,2026-09-22 23:22:54
2026-09-22 06:24:29,CNC-02,M,296.27091334821074,310.0391813693753,1875.8820424606008,34.28583114411737,56.03991149237281,2.465525965928664,11.96051795230004,54.0164745152901,0,2026-09-22 23:22:54
2026-09-22 08:18:00,CNC-01,L,296.3673167280498,310.35867629024375,1615.3064145435287,43.87772432279572,48.17916791711253,2.2705306692998914,13.230821196225467,58.786573483477596,0,2026-09-22 23:22:54
2026-09-22 17:01:00,CNC-01,L,299.56078241951633,314.60312864394916,1926.6042912561488,40.98707430805666,170.8274581465322,3.0367528868788196,15.08656327832554,55.6959093640086,0,2026-09-22 23:22:54
2026-09-22 07:34:00,CNC-01,L,296.0507334340916,310.85130963365276,1831.6278772852227,40.430435799785485,182.85088660235328,2.91586102445621,13.819248721021475,58.49960611515573,0,2026-09-22 23:22:54
2026-09-22 22:50:00,CNC-02,M,299.17065143909093,312.2633896101184,2788.670680718275,17.328186595166116,103.42196979251425,3.5243409803477,9.133978290575065,48.632576242911746,0,2026-09-22 23:22:54
2026-09-22 19:18:00,CNC-01,L,299.5930602556793,313.9519181910828,2130.7762985954046,33.21428820146601,148.71799062243218,3.0444701818131095,13.029220357196682,50.28010836941757,0,2026-09-22 23:22:54
2026-09-22 09:53:00,CNC-03,H,296.0015750375811,310.88512667516983,1501.8268097849773,51.51410834072092,125.58805113224281,2.2899057008773305,14.415432914761801,61.04915617342806,0,2026-09-22 23:22:54
2026-09-22 02:39:33,CNC-03,H,302.7440049064104,309.1764320330084,2652.6009093633656,18.618666081932233,52.71444485362919,3.287862105920734,9.183251071455146,46.22989038456846,0,2026-09-22 23:22:54
2026-09-22 12:42:00,CNC-02,M,24.067257588912867,39.1598387803125,1408.2551582542887,55.3784219049833,157.16289519348467,2.2823259565790766,14.806468970080767,54.5200766460942,0,2026-09-22 23:22:54
2026-09-22 11:30:00,CNC-02,M,296.524322950738,310.7703691352415,1519.757542668997,47.66243641750527,42.774590861451856,2.0143394154164938,13.445165520385332,58.21990732120724,0,2026-09-22 23:22:54
2026-09-22 16:39:00,CNC-01,L,299.1502284991246,313.4403516747766,1809.1813840410891,37.38602710795473,139.90667034274006,2.666632661068734,12.590836125919095,51.419449446815584,0,2026-09-22 23:22:54
2026-09-22 18:54:00,CNC-02,M,300.32034043690527,314.3568304208676,2217.9209047304703,29.13516740329333,35.99713739540605,2.7120955425525097,12.057454932871213,54.59871139289419,0,2026-09-22 23:22:54
2026-09-22 03:22:00,CNC-02,M,296.80239220207625,310.48178500831955,2519.054883001952,25.56964776686479,68.33469837469964,3.1135644777494917,12.04236150273511,54.24776673362981,0,2026-09-22 23:22:54
2026-09-22 11:53:00,CNC-01,L,297.18717379357713,312.2005445165572,1371.1260732863707,54.732914294407365,164.26326637790703,2.448464768990367,14.038309578095854,55.77644269190896,0,2026-09-22 23:22:54
2026-09-22 02:24:00,CNC-03,H,303.1374624753284,309.479240432523,2492.555098625341,19.551602166264413,33.81485729113067,2.9935481102001664,8.832575652903623,,0,2026-09-22 23:22:54
2026-09-22 06:09:00,CNC-03,H,296.13279223961075,310.47603008282886,1934.2677311038963,38.58016676274867,52.519604833632265,2.5551607830686875,13.90877830423206,56.89282050141296,0,2026-09-22 23:22:54
2026-09-22 21:55:00,CNC-02,M,299.7903650140698,312.7113563091573,2668.4750138043846,19.35766382360796,43.43493723327732,3.161169807530218,9.658871423436159,50.52986456070022,0,2026-09-22 23:22:54
2026-09-22 18:59:00,CNC-03,H,299.4926862078899,314.00609936001354,2349.404687966531,30.2477906977232,216.02745678319295,3.5147892166402688,13.431301586027407,54.34134443427042,0,2026-09-22 23:22:54
2026-09-22 00:20:00,CNC-02,M,298.6838988836184,0.0,2661.4209302107233,14.439107046890355,86.7482365134879,3.298223224692797,7.2816113149668835,54.75016059198384,0,2026-09-22 23:22:54
2026-09-22 21:31:00,CNC-03,H,299.37917611799526,313.64659906394024,2571.944332689969,25.9282529732599,155.7886140023543,3.4568361338773825,12.58756503671262,54.52972606609516,0,2026-09-22 23:22:54
2026-09-22 19:38:00,CNC-01,L,299.62959311676127,314.14393943685883,,32.29217988140698,173.4605631002741,3.2753410238473437,13.455491042318842,51.3828301465974,0,2026-09-22 23:22:54
2026-09-22 12:58:00,CNC-02,M,24.172901164839402,38.972600759333886,1390.4337371344961,51.468076803798965,182.55612143025758,2.5262572652777786,13.692651672758265,56.57045948666413,0,2026-09-22 23:22:54
2026-09-22 19:48:00,CNC-01,L,300.1849096085016,314.4669603509575,2395.072647044082,28.466868754174016,185.61963263617633,3.5838195398856048,12.792861302894531,49.798797391286996,0,2026-09-22 23:22:54
2026-09-22 13:13:00,CNC-02,M,24.29454223952456,39.045614579197206,1310.854311271566,53.49968431146531,206.26255911195366,2.693192967297143,12.9127634695444,55.09650598540351,0,2026-09-22 23:22:54
2026-09-22 17:21:00,CNC-02,M,32.25446933932977,41.08601283909229,1864.2355075729688,39.508764504555394,139.0101442466196,2.68553359475025,14.203476904485543,40.66529409639763,0,2026-09-22 23:22:54
2026-09-22 10:49:00,CNC-02,M,296.59740326004976,311.8736372082708,1331.6714272284617,54.89316764910959,225.52167321247651,2.876542942587704,13.83658052931171,57.38351867314954,1,2026-09-22 23:22:54
2026-09-22 15:50:00,CNC-03,H,298.48314949591884,313.81808024343457,1627.8886735439512,48.24265748642183,208.06409704362542,2.870438325848013,14.753867910423217,49.776691024780526,0,2026-09-22 23:22:54
2026-09-22 11:03:00,CNC-03,H,296.68706419224094,311.85575041113196,1530.0640827899165,50.7428573733565,235.57704682761346,2.9932161447617953,14.502830118301121,57.44157856522203,0,2026-09-22 23:22:54
2026-09-22 21:58:00,CNC-03,H,299.6129909295019,313.1245800201424,2666.6356851616274,20.770993063940995,185.83253931126237,3.6504064490302595,10.30392704360025,50.171145668743655,0,2026-09-22 23:22:54
2026-09-22 00:50:00,CNC-03,H,298.77017583822504,310.6268992050495,2821.7071846734793,13.060419301620891,152.22736418086018,3.5621183767622586,6.9400554504982255,51.82855617218779,0,2026-09-22 23:22:54
2026-09-22 15:12:00,CNC-03,H,298.37983708375083,313.75189477015863,1517.345209177254,54.12243130053334,151.16613455851234,2.3999163998709774,15.398626281495304,56.953783877463785,0,2026-09-22 23:22:54
2026-09-22 09:04:00,CNC-03,H,296.0133709582915,309.32359919297767,1472.8356521699047,42.554519063336194,50.11478620074918,2.1079180127921378,11.671776392917963,56.53561135397364,0,2026-09-22 23:22:54
2026-09-22 02:01:00,CNC-03,H,303.24798112244235,308.0058768263626,2691.8752377570863,11.210867266367474,8.651136960723527,3.2874527986625903,5.517693430753518,44.51980340020025,1,2026-09-22 23:22:54
2026-09-22 09:16:00,CNC-01,L,296.3071731533576,310.604382656423,1502.393984410871,47.23648264244546,135.86175987988213,2.3300612942250583,13.108147405748543,58.48279346498274,0,2026-09-22 23:22:54
2026-09-22 15:04:00,CNC-02,M,298.2175862490301,313.1726765557786,1600.3113154810064,45.76913022179904,154.95362573931243,25.13886117926092,13.575094631962815,52.77213994049481,0,2026-09-22 23:22:54
2026-09-22 17:56:00,CNC-03,H,26.13847691588137,40.13737749746031,2052.964045322526,33.13810859879757,133.98389907567113,2.7358184523850615,12.892173932647305,54.797422616444024,0,2026-09-22 23:22:54
2026-09-22 16:27:00,CNC-03,H,298.82046381975226,312.2427816246474,1654.6654632113975,38.55700812261136,10.09470049697751,2.300903622176531,12.31211645876334,55.0824825506998,0,2026-09-22 23:22:54
2026-09-22 07:52:00,CNC-03,H,296.2944814682019,311.95818424292185,1785.4945025173195,47.13837169615396,197.0467868412801,29.628422865749297,16.05604912876037,59.810562763132175,0,2026-09-22 23:22:54
2026-09-22 19:22:00,CNC-02,M,300.59566101575814,313.842247507523,2240.671572962837,26.57979923150901,70.98451374897687,27.77694094249065,11.142926760113456,50.554609288427955,0,2026-09-22 23:22:54
2026-09-22 15:01:00,CNC-03,H,298.2774978659881,312.53769019663264,1550.2803827491498,45.1334474880945,134.69268615278912,2.3537888967543656,13.278260273378882,56.17559504519409,0,2026-09-22 23:22:54
2026-09-22 02:09:00,CNC-03,H,303.1006941972849,309.25351885647945,2596.1759271912665,18.36887134972674,17.286698655337183,3.1462510422097116,8.901743468293903,46.82937170550513,0,2026-09-22 23:22:54
2026-09-22 05:58:00,CNC-02,M,295.9594066334192,310.03794913072954,1836.1016315192373,38.15632758926804,19.814322972028396,2.4267010587714797,13.07633246976235,55.603496035318834,0,2026-09-22 23:22:54
2026-09-22 11:55:00,CNC-03,H,296.77626335068175,310.9020729803758,1374.4553748585365,50.70436073483297,60.42951186210873,2.005292703442084,12.992030788662952,54.59850034971301,0,2026-09-22 23:22:54
2026-09-22 15:35:00,CNC-01,L,298.897386298436,313.27577242831717,1873.9893347345749,39.320352001666194,46.56265714961089,2.6134722514144437,13.531011641006469,56.227823263122666,0,2026-09-22 23:22:54
2026-09-22 16:32:00,CNC-02,M,299.3705718237653,314.25446765582615,1795.614374861995,44.57630100041576,70.2259204993282,2.3952922082404817,15.11171278268202,52.4765500729476,0,2026-09-22 23:22:54
2026-09-22 04:46:00,CNC-03,H,296.3386835760981,310.46192897362505,2241.1471470036595,29.248203124219582,199.86345219648456,3.325365870838015,12.224027060319873,59.31254825029644,0,2026-09-22 23:22:54
2026-09-22 03:53:00,CNC-03,H,296.7199777401883,309.78076824798126,2383.340126717257,23.156024655832915,135.37566593242377,3.0892156879735473,10.255031292622455,58.20400490958054,0,2026-09-22 23:22:54
2026-09-22 13:24:00,CNC-02,M,24.33043472344798,37.976315452674726,1320.9278630192682,49.01934874214885,0.0,1.947285704524334,11.918684022429572,54.587497917953,0,2026-09-22 23:22:54
2026-09-22 21:07:00,CNC-02,M,300.2424744088908,313.9911227266639,,23.83451321944097,194.91295292201949,3.6888164216421355,11.010540288777625,48.176232841533555,0,2026-09-22 23:22:54
2026-09-22 07:12:25,CNC-03,H,295.9733624664117,310.4149033318785,1996.1529449746051,35.950938418342744,139.6732168678577,2.760205797560963,13.51499860102063,57.97008891243568,0,2026-09-22 23:22:54
2026-09-22 15:23:00,CNC-02,M,298.415397072999,314.0264887693335,1703.6050886618011,47.14993271288409,183.7497818619351,2.933998722939511,15.106445754429435,56.91547705064918,0,2026-09-22 23:22:54
2026-09-22 02:54:00,CNC-03,H,297.15705556079314,309.66179265639045,2504.4228740709677,20.440833998118467,67.37404680189098,29.692256325859738,9.656625296337303,54.6333235589484,0,2026-09-22 23:22:54
2026-09-22 02:24:00,CNC-02,M,297.69483936053507,310.1008572081545,2484.95956781582,18.99231219322572,2.286341702460353,3.0241355915438297,8.77662454179639,57.33742523808932,0,2026-09-22 23:22:54
2026-09-22 18:02:00,CNC-01,L,26.709974118385503,39.939854697770215,2083.4421158628465,30.08519252868294,51.07303016277846,2.6772203296039283,11.666211115659417,50.46488759029463,0,2026-09-22 23:22:54
2026-09-22 07:57:00,CNC-03,H,295.5161345193668,310.33154238060786,1587.686385070679,45.77650502123604,204.50056063621767,2.8797026295621153,13.749714356565196,59.34236282229876,0,2026-09-22 23:22:54
2026-09-22 06:51:00,CNC-01,L,296.1277931751265,311.2989125985718,1918.148705206121,42.12601079107671,121.90899290076841,2.663046959376273,15.083588558457288,58.87063292095352,0,2026-09-22 23:22:54
2026-09-22 02:47:00,CNC-01,L,298.2985682579357,310.40909902462863,2512.8329228901084,18.815318756714404,19.119786102321743,3.1233613134768157,8.728303591778204,55.84660095702103,0,2026-09-22 23:22:54
2026-09-22 12:38:00,CNC-02,M,23.98304591382896,38.75572176944462,1371.3811142678983,53.02822364052412,150.8230126820358,2.288138558364891,13.658874698385223,53.61969757066695,0,2026-09-22 23:22:54
2026-09-22 18:26:00,CNC-02,M,300.1134471372558,313.76219259048327,2008.8772792928557,32.67356187234237,0.0,2.5983324966347108,12.217151807433485,48.12491301516628,0,2026-09-22 23:22:54
2026-09-22 05:49:00,CNC-01,L,296.6491800482816,310.8481869969258,2096.723494548905,35.473407073191055,37.80659017556609,2.7660159659679135,13.537406052507169,58.273978555527485,0,2026-09-22 23:22:54
2026-09-22 03:36:00,CNC-03,H,296.868121772805,309.71052537816894,2425.53884953748,21.8220496167197,115.54260901270798,3.0237634723222784,9.828231020855858,58.27219035223888,0,2026-09-22 23:22:54
2026-09-22 06:25:00,CNC-01,L,296.50136277096163,310.6293044009403,1952.5836118743273,36.813242201294145,86.1673491715216,2.592448388135592,13.39216534852382,57.77934186889993,0,2026-09-22 23:22:54
2026-09-22 04:43:00,CNC-03,H,296.2296176704457,311.0219592792532,2249.732413799813,31.236885601368257,196.09865662811515,3.3580148060588657,13.455317543828595,55.74320928088308,0,2026-09-22 23:22:54
2026-09-22 19:20:00,CNC-01,L,299.6543299590763,313.61983609985936,2151.201578660494,30.485314028934447,151.2404980709288,3.062632377044703,12.511730950410268,52.30167107686095,0,2026-09-22 23:22:54
2026-09-22 20:58:00,CNC-01,L,299.5913824479381,312.6286820098387,2478.604552608353,23.767801801478434,33.48665996223443,2.9356851123990015,11.010624247257518,53.405014308081626,0,2026-09-22 23:22:54
2026-09-22 17:52:00,CNC-01,L,26.458744948354763,40.3665222255824,1886.8772151534436,34.983219812585986,37.68842729620922,2.423488204877364,12.325089894350592,52.62048552744976,0,2026-09-22 23:22:54
2026-09-22 07:19:00,CNC-02,M,295.83695649543654,310.64145231868326,1847.3486948112727,0.0,130.76177019668484,2.525239324113065,13.376055228164534,58.394222805746146,0,2026-09-22 23:22:54
2026-09-22 22:17:00,CNC-01,L,299.2265985808374,312.5007603735565,2545.6714370010004,21.9795149635533,120.83725554361496,89.64144060303795,10.374475363639156,54.07906944346258,0,2026-09-22 23:22:54
2026-09-22 06:28:00,CNC-03,H,295.85889376046185,309.88321441373205,2016.7003472354443,32.92472947018741,78.14604077728961,2.6572967038942816,12.621076473090117,64.3731902584057,0,2026-09-22 23:22:54
2026-09-22 06:32:00,CNC-02,M,296.2045648056323,310.69767128405766,1871.125241708623,40.0530709489365,65.44818463036366,2.4330326140751453,14.058167919850023,59.94084293134191,0,2026-09-22 23:22:54
2026-09-22 07:53:31,CNC-02,M,296.04010263314944,310.8176657970329,1633.8781412886433,44.32181301208391,179.57926214761957,2.7396872539056383,13.702900828837324,59.32589631511686,0,2026-09-22 23:22:54
2026-09-22 04:59:00,CNC-02,M,295.9395036905543,310.15581608451237,2129.1853793677237,30.10981184006419,185.53875759943955,3.256356125742844,11.807730450796965,61.59444287540819,0,2026-09-22 23:22:54
2026-09-22 19:57:00,CNC-03,H,299.53485625766234,312.62841567554693,2321.229433480274,25.279927019207136,47.4020254001419,2.9999714691550157,11.046913843252739,60.972201046430094,0,2026-09-22 23:22:54
2026-09-22 03:20:00,CNC-01,L,297.64930201602147,310.48619451687784,2551.7066463144392,21.35133372475704,57.06845038939958,3.0747096946535444,10.506978698065955,59.20190927680617,0,2026-09-22 23:22:54
2026-09-22 12:49:46,CNC-02,M,24.052829189804527,39.175554748241495,1393.744064926188,54.458341750462324,169.87033957681302,2.321716961014367,14.171352106495386,56.50768377824056,0,2026-09-22 23:22:54
2026-09-22 03:12:00,CNC-02,M,297.04324874734283,309.69012282289054,2530.532296094358,19.828790543403972,56.84519236840731,3.1637577274123703,9.198751275346112,63.1266600161236,0,2026-09-22 23:22:54
2026-09-22 02:38:00,CNC-02,M,0.0,309.2209987388824,2473.0473400396318,19.200567154264498,17.865863628393573,3.0650471522272253,9.031655934576701,57.627060260962985,0,2026-09-22 23:22:54
2026-09-22 04:17:00,CNC-01,L,297.2013319683252,311.24621198350013,2374.858033358447,,124.9027045844829,3.0722904762450027,12.539785819143296,54.271620400564764,0,2026-09-22 23:22:54
2026-09-22 16:58:00,CNC-01,L,299.2003912502923,314.3989037976168,1916.045815235014,40.339628534153285,166.65007617917968,3.0053867240582455,14.54313246757783,53.166613583721585,0,2026-09-22 23:22:54
2026-09-22 02:42:00,CNC-03,H,302.62343972317035,308.72615944174754,2551.5339358695055,17.706430725253696,53.839716728962316,3.1252182799272155,8.445740392726472,45.0319652317842,0,2026-09-22 23:22:54
2026-09-22 15:55:00,CNC-03,H,298.42667940748106,313.21348977982444,1733.0075321750844,42.145485729329074,215.4491086148679,2.9522079406486443,13.822407572699365,54.00119480281318,0,2026-09-22 23:22:54
2026-09-22 13:17:00,CNC-02,M,24.190654137943227,39.30006612549903,1308.6351607902852,56.235337845738094,212.60899035977397,2.782971004506939,13.860495135631787,61.821392597806195,0,2026-09-22 23:22:54
2026-09-22 01:36:00,CNC-03,H,297.873733994444,310.9786061927069,2816.449404566688,17.810326821951307,201.79069852699203,3.8441234636800563,9.364665851040451,60.4797503173557,0,2026-09-22 23:22:54
2026-09-22 11:31:00,CNC-02,M,296.57340683271667,310.6721230007512,1400.4222881226449,50.913535704326726,44.35931891504988,1.987084665972844,13.320533234349908,59.304244948248034,0,2026-09-22 23:22:54
2026-09-22 02:36:00,CNC-01,L,298.11568096379557,309.0660195176831,2563.2623771053977,13.872789991404998,6.697307776535892,3.0857391226562485,6.54394304959981,52.1665360510418,0,2026-09-22 23:22:54
2026-09-22 07:23:00,CNC-01,L,296.18278016416076,311.29900533469606,1810.9947112977004,42.33707176335521,167.06792959615316,2.973416891848998,14.327955006246674,60.09375181304973,0,2026-09-22 23:22:54
2026-09-22 20:01:00,CNC-03,H,299.5474053070615,312.9549138937328,2244.463434665791,28.50044802073374,52.273655364897536,3.016160773441297,11.854862620642793,50.90002865682391,0,2026-09-22 23:22:54
2026-09-22 22:25:00,CNC-02,M,299.75566431350995,312.5498537006238,2534.631545412797,18.414726683656703,76.35735659857114,3.0688850084834676,8.81619950773412,0.0,0,2026-09-22 23:22:54
2026-09-22 14:06:00,CNC-01,L,297.9835573600314,312.36109731130705,1497.2453405031065,48.50000739228794,146.8271064293204,23.4650210037847,13.509353673541398,57.54379135443834,0,2026-09-22 23:22:54
2026-09-22 03:33:00,CNC-02,M,296.82464469149903,310.2190933075096,2522.1903514561695,23.557335624318597,81.12529502944504,3.0493713171805052,11.135706887334173,58.24202739399627,0,2026-09-22 23:22:54
2026-09-21 23:43:00,CNC-01,L,298.91099370169695,310.51882763326364,2671.3136689759904,15.231709890476981,39.359522776980576,3.375495762868516,7.470732919042565,54.68784825027916,0,2026-09-22 23:22:54
2026-09-22 03:23:00,CNC-02,M,296.5686235030798,309.23720852683954,2477.1813804104845,20.703314207176053,69.46515272450364,3.1426279722450126,9.581760307744132,57.72200503976546,0,2026-09-22 23:22:54
2026-09-22 01:46:00,CNC-01,L,298.6040057346436,312.16623635600445,2606.856046676487,22.128892338251916,170.7334473003471,3.658494930136081,10.805313332075311,54.45931828253925,0,2026-09-22 23:22:54
2026-09-22 16:09:37,CNC-01,L,299.1825418597167,313.7282262635127,1707.766939262899,43.77077077957216,98.22735325608458,2.437106258334606,14.128262133799206,52.33905519380022,0,2026-09-22 23:22:54
2026-09-22 16:57:00,CNC-01,L,299.52165103688884,10750.387065275538,1862.9496158187528,43.71218522152811,165.27185992819835,2.9293926096879517,15.178677899030788,54.12419250947255,0,2026-09-22 23:22:54
2026-09-22 03:54:00,CNC-02,M,296.67695277670447,309.6611483071524,2437.2647681427998,22.378686833795612,105.96007404302034,3.1470375375731177,10.292311718555897,55.63376289096495,0,2026-09-22 23:22:54
2026-09-22 15:56:00,CNC-03,H,298.5840517019295,,1763.8536416772765,47.321594734878175,216.91559499450003,3.087348722528673,15.608435839887672,56.41552594402749,0,2026-09-22 23:22:54
2026-09-22 07:44:00,CNC-02,M,296.23118703869113,311.35182736992033,1631.6087933467356,46.69543597367509,166.5419123887612,2.6214347710138903,14.455344280313492,54.7543061534826,0,2026-09-22 23:22:54
2026-09-22 18:36:29,CNC-01,L,299.7417693935383,314.14467060867844,2181.1661467075946,33.29928451196027,96.95419776002045,2.9051075221749,13.399418028212178,50.514951379801914,0,2026-09-22 23:22:54
2026-09-22 17:42:00,CNC-01,L,26.430303068838725,39.7452499728351,2012.1419738349532,33.51836258085036,24.357632885066025,2.535300448515735,12.676033359225753,52.64748787786582,0,2026-09-22 23:22:54
2026-09-22 13:16:00,CNC-01,L,24.713627270733923,39.19843540457441,1468.052300285348,50.62273605279295,68.28113657751007,2.1693088086728753,13.733906451346776,58.20795365199706,0,2026-09-22 23:22:54
2026-09-21 23:53:00,CNC-02,M,298.91489743009464,310.4886961458866,2714.476441502651,14.570041080471492,57.9501639779594,3.3439595137465914,7.632266706103274,57.39227603368974,0,2026-09-22 23:22:54
2026-09-22 21:17:00,CNC-01,L,299.7734731146877,312.4635291577578,2541.461569014082,21.244999327615133,54.94042837391952,3.079119600381435,10.158529911995162,50.39664206009557,0,2026-09-22 23:22:54
2026-09-22 01:01:00,CNC-02,M,298.4039616180476,309.8813148400657,2843.2402755766548,10.923343214057637,130.43221447378136,3.560668295547109,5.894961265429548,54.28199410412987,1,2026-09-22 23:22:54
2026-09-22 10:36:00,CNC-01,L,296.653896887783,310.4884190731028,1420.2854179013868,48.34082602620193,42.32402820233496,2.0884406525331762,12.883091083595765,55.264564206389416,0,2026-09-22 23:22:54
2026-09-22 03:59:00,CNC-01,L,297.43389796894047,310.5901751268241,2346.7914817061646,23.27118261022909,103.16768409411333,2.9969732514172938,10.233702296317142,59.036323149402776,0,2026-09-22 23:22:54
2026-09-22 08:33:00,CNC-03,H,295.5419126448602,309.0514968650221,1642.5769865440118,41.55509072394502,2.971809898492363,2.3002627618322498,12.834327926060297,59.60674346263104,0,2026-09-22 23:22:54
2026-09-22 12:44:00,CNC-01,L,24.254129624978646,38.19631713295939,1367.1922018919345,50.300140402208115,17.481612878548557,1.9898612425603197,12.805975027331467,53.89322946823306,0,2026-09-22 23:22:54
2026-09-22 08:02:00,CNC-02,M,296.22751054472104,311.30603580259196,1718.077627280249,42.42776278295746,192.59927594592168,2.9269421296036926,13.621874503064674,58.24586431088504,0,2026-09-22 23:22:54
2026-09-22 09:56:00,CNC-02,M,295.77649814344335,310.1927453700749,1589.02886770264,43.87248017212831,142.06220657381857,2.353377782905308,13.154204755154858,58.88214812221548,0,2026-09-22 23:22:54
2026-09-22 03:33:00,CNC-03,H,296.6931022200241,309.259006446259,2477.6377326072784,20.591516466134436,112.0100136520929,3.077561248757876,9.550291127068219,61.891653397315395,0,2026-09-22 23:22:54
2026-09-22 13:22:00,CNC-03,H,24.432360447864824,39.15276320941797,1398.9956314178057,52.550621141702294,198.06334428613056,2.531914282987489,13.796969715736765,55.717972190592185,0,2026-09-22 23:22:54
2026-09-22 02:22:00,CNC-02,M,297.58707912716557,309.8627364364475,2523.706824435882,19.882365812231583,0.0,3.078711174949714,9.53535591788056,57.80752619938204,0,2026-09-22 23:22:54
2026-09-22 17:46:00,CNC-01,L,26.42812712538762,40.37753130109917,2035.2427307639964,34.46873358926436,29.737160955928626,2.5627437046195864,13.269031243759231,54.735052423160596,0,2026-09-22 23:22:54
2026-09-22 01:10:00,CNC-01,L,298.70220871402415,309.7070221323727,2748.2203552135593,10.050112376661932,132.05526452683844,3.474951442636133,5.397039539558465,50.10168763385813,1,2026-09-22 23:22:54
2026-09-22 16:35:00,CNC-03,H,298.84568120307625,312.681258680598,1766.064434152543,40.77856706037936,21.650722534004217,2.367526502134878,13.345634718987379,53.47883796019323,0,2026-09-22 23:22:54
2026-09-22 09:21:00,CNC-01,L,296.3989782705697,310.65714062275924,1573.351694782652,43.98314590744942,143.5936042782559,2.379315377366322,12.994985971002707,58.49125860647347,0,2026-09-22 23:22:54
2026-09-21 23:24:00,CNC-01,L,299.15001119183205,310.5038227102236,2736.8100016009166,14.130557007488159,19.14070892130845,3.217451928352385,7.0934171795495695,53.34284381190735,0,2026-09-22 23:22:54
2026-09-22 19:22:00,CNC-01,L,299.93311231901765,314.8838989210679,2255.2763097513325,33.54098620244246,153.67784232470095,0.0,14.09260223634447,53.931186012004275,0,2026-09-22 23:22:54
2026-09-22 06:42:00,CNC-02,M,296.07317205304,309.959786698278,1871.570996801173,35.041040027472846,79.09525892584038,2.4807791370949888,12.727817623912806,55.89922798669277,0,2026-09-22 23:22:54
2026-09-22 06:44:00,CNC-03,H,295.76217696683926,309.5150297117247,1913.620105921512,35.040594446617085,100.29283087463895,2.5002314163041506,12.469545265621608,55.38129686021197,0,2026-09-22 23:22:54
2026-09-22 12:08:00,CNC-03,H,297.07406927186196,311.5237499913053,1431.1296222046155,52.00475262698828,81.09527712659438,2.133725556364475,13.886573596094042,55.25927803788252,0,2026-09-22 23:22:54
2026-09-22 09:11:00,CNC-03,H,295.9245431700716,309.8304816855767,1470.3595473997264,47.45183091450253,60.81997408173621,2.121103311381349,13.215903465137073,54.14541142531922,0,2026-09-22 23:22:54
2026-09-22 12:09:00,CNC-01,L,297.2067442000874,312.49492821740375,1480.230584521056,55.47578723458719,189.66673651284253,2.769123846674843,15.108542790692988,54.93339393526616,0,2026-09-22 23:22:54
2026-09-22 10:09:00,CNC-02,M,296.00386083021056,310.3872168108961,1409.9199402526267,48.492803715672366,162.32804709737115,2.3869025964707986,12.705423481796826,59.86103416657501,0,2026-09-22 23:22:54
2026-09-21 23:36:00,CNC-02,M,298.9720750719246,310.0033856638972,2722.6026149529794,12.331072557117066,39.90453093887026,3.3278035046186605,6.264773851193833,51.52011385781084,0,2026-09-22 23:22:54
2026-09-22 03:28:00,CNC-03,H,296.325306708086,308.7668948518865,2571.376707138665,18.723387615365922,106.18698769861315,3.171662259310174,9.148482280571237,60.10509423976051,0,2026-09-22 23:22:54
2026-09-22 01:18:00,CNC-01,L,298.3963354223749,310.41413607455434,2793.325174534511,14.870296945605794,140.61891319723526,3.644542944494314,7.911641591934993,51.79328222985939,0,2026-09-22 23:22:54
2026-09-22 07:28:00,CNC-01,L,296.2128854293222,310.89847434767563,1705.2311058087832,42.136887098718596,174.18582887590105,2.9162790752620746,13.413141606549509,62.746424401342935,0,2026-09-22 23:22:54
2026-09-22 11:18:00,CNC-01,L,297.08617655295,311.35009041166427,1293.395074134939,55.52720080760014,108.70315087560158,2.0678342936784477,13.582135340348524,59.74631821504545,0,2026-09-22 23:22:54
2026-09-22 07:33:28,CNC-02,M,296.2864540116282,311.16829531050814,1815.981379403368,42.619593602028885,149.31933647907027,2.620199331622328,14.400593543270556,57.233357115856016,0,2026-09-22 23:22:54
2026-09-22 20:15:00,CNC-03,H,299.5099799564348,312.68498104608864,2484.313193153591,23.981958350881698,68.80630293280377,3.0958889989246305,11.02512143258177,53.16243054584974,0,2026-09-22 23:22:54
2026-09-22 15:09:00,CNC-03,H,298.1780832156699,312.29128181094455,1663.1058567857292,40.79680439215983,146.7101287589062,2.5771647578967447,12.744707544348095,54.312733822273685,0,2026-09-22 23:22:54
2026-09-22 22:31:00,CNC-01,L,299.4745517569217,313.08693843105743,2524.428260627245,23.54176126951452,136.0153027413898,32.3083342788856,11.239327459999076,48.50353480520084,0,2026-09-22 23:22:54
2026-09-22 10:24:02,CNC-01,L,296.3411516521878,309.45812362083876,1374.5289020839402,44.48918774977817,21.90919935499432,2.0515409268240323,11.24150815749029,56.52363245632768,0,2026-09-22 23:22:54
2026-09-22 05:44:00,CNC-03,H,296.2617346481365,309.95557121610074,2105.273979914637,32.34297757852984,19.395756464490656,2.7035262530077535,12.822924115236649,52.98484293917538,0,2026-09-22 23:22:54
2026-09-22 09:05:00,CNC-03,H,295.93179569625255,309.9079726736617,1565.1286327036362,44.845619674882194,51.632295251618864,2.237532619352154,12.944699728333074,62.28889584467605,0,2026-09-22 23:22:54
2026-09-22 10:12:00,CNC-02,M,296.2646448817267,310.6127536703914,1537.4803330141124,44.278373964946745,167.00033539175135,2.4736179794015722,12.68007840195328,59.82964832833283,0,2026-09-22 23:22:54
2026-09-22 16:31:00,CNC-02,M,299.53871841023715,314.15098923406987,1868.9982139764788,40.22126540036215,68.78346904784091,2.430158927232971,14.113328880976411,51.60966290151929,0,2026-09-22 23:22:54
2026-09-22 15:30:00,CNC-02,M,298.73802342332823,314.01313987678617,1714.4657743374653,43.54812210820744,194.29404595606135,,14.133502269489647,53.94235598391682,0,2026-09-22 23:22:54
2026-09-22 11:16:00,CNC-03,H,296.66453846538127,312.2510115063933,1488.7949588924066,54.579200326437345,256.19425460916204,3.2831713289421143,15.152438541021397,49.10164888277281,1,2026-09-22 23:22:54
2026-09-22 05:02:00,CNC-02,M,296.1555424962234,311.2462695736185,2184.1143833793944,35.05914840067077,189.29935040161726,3.257917580072161,14.241483736281397,57.8482898761742,0,2026-09-22 23:22:54
2026-09-22 01:26:00,CNC-03,H,298.1499642812675,311.4203483038395,2572.9168795068645,21.60539113902062,190.88492568070745,3.6431447973639943,10.413064483536255,53.8089386796046,0,2026-09-22 23:22:54
2026-09-22 06:13:00,CNC-02,M,296.22715963793956,310.49614007394354,0.0,34.27494973351754,39.79187688866407,2.6752110483339795,13.249156997953067,57.91053015914632,0,2026-09-22 23:22:54
2026-09-22 13:06:00,CNC-01,L,24.212564792909745,37.78342284478259,1366.626409638555,47.704847506416954,52.38739544020184,2.1792496767530265,11.879782789098552,50.773142775237616,0,2026-09-22 23:22:54
2026-09-22 07:24:00,CNC-02,M,296.04013884255244,310.2554445224087,1800.7321262385972,37.91100607014937,137.9327507076406,2.6328782187762516,12.834767718299041,56.040383443669505,0,2026-09-22 23:22:54
2026-09-22 07:54:00,CNC-01,L,296.2866259982334,309.94172935083975,1650.7798316518063,42.70597362146294,13.029619064873081,22.272408722055797,13.12156871740898,60.70433667673684,0,2026-09-22 23:22:54
2026-09-21 23:29:00,CNC-01,L,299.13500506881894,311.02577018148554,2750.7638518546783,15.275520938055356,24.360513399166358,32.12258008183855,7.895129869120172,56.44670004778532,0,2026-09-22 23:22:54
2026-09-22 02:17:00,CNC-01,L,298.18809837924135,312.23645249616254,2560.0433266020323,24.180877585019722,204.99987581019616,4.026281932817342,11.661446221473508,55.0184907950107,0,2026-09-22 23:22:54
2026-09-22 06:54:00,CNC-01,L,296.0242389178285,310.46870500286695,1710.2230884235662,43.35426875009037,126.1227245400403,2.567288651691678,13.803485455290211,52.33147549649363,0,2026-09-22 23:22:54
2026-09-22 21:32:00,CNC-01,L,299.61998440768997,312.74203678383816,2639.582098509285,21.59137500002577,71.60858291272292,3.11291940572815,10.823384179641492,0.0,0,2026-09-22 23:22:54
2026-09-22 11:54:00,CNC-03,H,296.84618625948684,310.4311644154874,1323.128119588219,49.444265421445834,58.82951186210873,1.9822623852814947,11.963969229652253,57.107727372218854,0,2026-09-22 23:22:54
2026-09-22 16:48:00,CNC-02,M,305.0154082465813,313.29196038980433,1641.0769431817887,42.95330029123562,92.90834430384231,2.3904016138628226,13.328624454430704,38.78469598568681,0,2026-09-22 23:22:54
2026-09-22 06:10:00,CNC-01,L,296.59241806476547,310.09361717817796,2147.0894185798115,30.341243090921836,65.78943537710636,2.6489370026299826,12.202639727125309,56.74053427617471,0,2026-09-22 23:22:54
2026-09-21 23:35:32,CNC-03,H,299.0961859228627,310.9464944605303,2683.72728609048,15.30664600425749,72.42010986683825,3.303791359737951,7.764097452220368,51.8841348501582,0,2026-09-22 23:22:54
2026-09-21 23:43:03,CNC-02,M,299.25475646110937,310.67852907509905,2761.449884342501,13.424774168215007,46.21771438666324,3.245203899294521,6.833458427631853,52.713436400108066,0,2026-09-22 23:22:54
2026-09-22 10:30:00,CNC-03,H,296.28605019673324,311.3715561148014,1357.158113079638,56.511216427083944,183.54013032440275,2.4285601442951568,14.319084575048052,0.0,0,2026-09-22 23:22:54
2026-09-21 23:24:00,CNC-03,H,299.1567900382024,310.9549576516355,2762.5117572735626,14.757725527074838,60.539710333897276,3.387948186532879,7.473678675912097,52.00267730985632,0,2026-09-22 23:22:54
2026-09-22 07:02:00,CNC-03,H,296.0060129480021,310.4900493191193,1702.3139630086496,43.63997497224321,125.56239400856103,2.5248085794463035,13.965159415263988,61.23672607715085,0,2026-09-22 23:22:54
2026-09-22 09:58:00,CNC-02,M,296.2028844111686,310.8484341461344,1444.5127091104027,50.38090746672106,145.14852807913564,23.1326342677837,13.812774653144366,58.63526784570237,0,2026-09-22 23:22:54
2026-09-22 18:37:00,CNC-03,H,299.4719718188253,313.5141401922373,2125.2085721688627,29.326380868380255,187.9390756681089,3.0060651248440196,11.57146106182187,51.2220620637306,0,2026-09-22 23:22:54
2026-09-22 01:50:00,CNC-01,L,298.3997566959033,311.5543326118519,2589.966854992426,21.267828681215438,175.10719511243215,3.7203488009990267,10.222812926725386,52.44363530066726,0,2026-09-22 23:22:54
2026-09-22 01:33:00,CNC-02,M,298.10423144029727,310.82136144963505,2726.168980198729,17.61944421184948,164.9369362766654,3.640654999954009,8.908492192957677,56.038225069546016,0,2026-09-22 23:22:54
2026-09-22 05:57:00,CNC-02,M,296.0984650643569,309.75482575390834,2031.018478598344,32.36447675255023,18.415819612970168,2.631771567297334,12.44535953414314,59.591640467462625,0,2026-09-22 23:22:54
2026-09-22 01:52:00,CNC-03,H,303.7834218063591,311.7795749970612,2656.398422225982,22.87876752898739,219.27821335865823,3.847623397287107,11.233652144130808,42.186800998812025,0,2026-09-22 23:22:54
2026-09-22 21:15:00,CNC-01,L,299.67744335137974,311.26438911781406,2653.806209837125,14.92339969590626,52.676645537691066,3.257836452263893,7.300836824123394,49.785114461816335,0,2026-09-22 23:22:54
2026-09-22 02:00:00,CNC-02,M,297.8875163855402,311.3308228831182,2456.5021821350556,22.666968379987868,194.22377884500523,3.59646677301991,10.268916202144199,53.2184756382991,0,2026-09-22 23:22:54
2026-09-22 02:18:00,CNC-01,L,297.9753497295986,311.67831051941766,2496.5553368031274,23.36297313569425,206.12696800145818,3.985329217776292,11.029544520163865,52.56673304434828,0,2026-09-22 23:22:54
2026-09-22 03:02:15,CNC-01,L,298.06704627070786,311.2622392215357,2329.659118055895,25.594019906249518,36.33833616603665,2.894001300544918,10.956454898082066,51.04336657065947,0,2026-09-22 23:22:54
2026-09-22 17:57:00,CNC-03,H,26.288948841734907,40.736921857483196,2141.553492708686,34.286969405022624,135.28173920484346,2.833754595307621,13.808074397367939,51.064555472292305,0,2026-09-22 23:22:54
2026-09-22 10:52:00,CNC-02,M,296.37717877520123,311.6513349751009,1365.4952033294269,,230.27739840464366,2.9603759397179785,14.297855857632438,52.56863089093156,1,2026-09-22 23:22:54
2026-09-22 09:50:00,CNC-02,M,296.1161278371205,311.09050032172485,1555.0174506144808,48.944981672289636,132.65143292001613,2.371715566057259,14.395441331037524,57.547685401861216,0,2026-09-22 23:22:54
2026-09-22 15:29:00,CNC-02,M,298.8877352297349,314.0163576692979,1614.9921503642415,45.2162878525924,192.82342705100265,2.8321137116763717,13.76432913506601,54.83661304862052,0,2026-09-22 23:22:54
2026-09-22 12:39:44,CNC-01,L,24.337921256458174,37.87729109609336,1334.8183077219205,49.76307686538949,9.530786492623033,1.9506410544240005,12.487467309874608,58.02304550652574,0,2026-09-22 23:22:54
2026-09-22 17:18:00,CNC-02,M,31.840066252697113,39.9481407575239,1971.237522213705,33.18788567438342,134.86188039451514,2.7847731691098603,12.174266557925941,39.57333731859584,0,2026-09-22 23:22:54
2026-09-22 00:11:00,CNC-02,M,298.4513269757107,310.2575468926345,2724.3759463351007,14.196598879215484,77.16819927119974,3.189577875774789,7.3381052115967496,51.78675154603769,0,2026-09-22 23:22:54
2026-09-22 12:46:00,CNC-02,M,23.92345968533573,38.691734841093194,1338.4790583347008,52.840219910975854,163.52583839854753,2.329582736777165,13.352820409829615,58.27126454733607,0,2026-09-22 23:22:54
2026-09-22 13:37:00,CNC-02,M,297.5333173558137,311.7643622590982,1395.4350563509852,52.12067049121136,20.649985265688258,2.1033806664322943,13.458123813004603,60.99609711343138,0,2026-09-22 23:22:54
2026-09-22 01:49:00,CNC-01,L,298.6700497330018,312.45477290033665,2730.9673716475218,23.08874446249198,173.9937649090378,3.6783395947042945,11.690182293790278,48.92009485829137,0,2026-09-22 23:22:54
2026-09-22 12:45:00,CNC-01,L,24.23459548998045,37.844752395960256,1355.9695029174304,48.69240581299403,19.065533754006488,1.9593674158091356,12.235792077723234,51.74945105162046,0,2026-09-22 23:22:54
2026-09-22 04:03:10,CNC-03,H,296.2402282020474,310.18397568040086,2263.3860819637925,28.118844353715048,148.36976513989495,3.0614500081182587,11.744952248895661,56.66245097916672,0,2026-09-22 23:22:54
2026-09-22 10:17:00,CNC-01,L,296.3636258099942,309.79104458154234,1314.9359366091262,49.77585499867068,12.527764708013175,1.962681725358711,12.16708673103409,59.459154792425636,0,2026-09-22 23:22:54
2026-09-22 19:34:00,CNC-03,H,299.70140242147477,312.9151934537941,2295.6139766212814,27.504997357894386,19.489687347239876,2.900434619657431,12.03384101947874,49.27729614413272,0,2026-09-22 23:22:54
2026-09-22 05:53:00,CNC-03,H,296.3136303670935,309.5844763233016,2070.2257499762272,29.87133203962574,31.183977036008717,2.6921232539248914,11.648596477259321,55.787745825030086,0,2026-09-22 23:22:54
2026-09-22 03:19:00,CNC-03,H,296.8941579560544,310.69275680114544,2468.0181256695614,25.865731404332987,95.8950775721895,2.96540319674899,11.72905676005479,56.45066649656682,0,2026-09-22 23:22:54
2026-09-22 18:09:00,CNC-02,M,26.926629603438812,41.72089754300134,1958.175866216463,36.85761057593908,203.52800925981873,3.2275343539465635,13.396038115328993,51.809577997782114,0,2026-09-22 23:22:54
2026-09-22 15:16:00,CNC-01,L,298.43631955133986,311.9142346009046,27015.07712473757,40.66868125597636,18.051070021580852,2.327670517390306,11.518612117636232,52.96921931128797,0,2026-09-22 23:22:54
2026-09-21 23:41:00,CNC-01,L,299.09320278661966,310.8599919874501,2708.2397057925605,14.770672319222111,37.18366590749641,3.265829430777174,7.535905834001271,51.94144163240896,0,2026-09-22 23:22:54
2026-09-22 22:11:00,CNC-01,L,299.50246791107435,312.2652519440852,2754.5015010753295,18.12801345972633,114.26109917902525,3.3983445985195186,9.36334736796928,49.13933655407494,0,2026-09-22 23:22:54
2026-09-22 07:35:00,CNC-03,H,295.7366461915272,310.5959080236735,1713.4450500235969,44.9998852543522,172.5709330784498,2.6409968112245714,14.470504925598249,59.85208873248191,0,2026-09-22 23:22:54
2026-09-22 13:00:00,CNC-02,M,24.354405092538002,39.431939328179226,1423.3986410239065,52.8413614999421,185.75612143025756,2.6074646724469894,13.894060297532475,58.15935150083334,0,2026-09-22 23:22:54
2026-09-21 23:41:00,CNC-02,M,298.8212499220035,310.3640202383384,2753.3125438948086,13.289150391950292,45.1685166777774,3.266995285078197,6.79519439446384,55.463486983515146,0,2026-09-22 23:22:54
2026-09-22 04:06:00,CNC-02,M,296.4704370674937,310.2888986515318,2362.5747905753137,26.579875845080323,120.64641738804515,29.647501695942786,11.970139404077115,54.61796536732312,0,2026-09-22 23:22:54
2026-09-22 07:36:00,CNC-03,H,295.60832913553423,309.83304826273064,1912.8844622485046,35.911668144662976,173.97974978767863,2.8911014637677135,12.679852340907804,56.4443921691489,0,2026-09-22 23:22:54
2026-09-22 16:45:00,CNC-01,L,299.28155803140424,313.7742323232824,1897.3406132198236,38.052921711606,148.44947846096352,2.785902796727744,13.301579530357387,51.422646290225,0,2026-09-22 23:22:54
2026-09-22 07:26:00,CNC-03,H,295.9337481809028,310.7494167965579,1615.8495389152008,46.38243843004095,159.56919348467872,2.5752463174884688,14.035414927919842,61.181225743805946,0,2026-09-22 23:22:54
2026-09-22 18:42:00,CNC-01,L,299.72597247642204,313.4487545749963,2285.5440048520036,28.763409913072042,103.35101153414335,2.968752875953407,12.36283902837317,47.44212603278406,0,2026-09-22 23:22:54
2026-09-22 10:59:00,CNC-01,L,296.65971870420356,310.71649405068496,1470.8371103088532,47.412222269738976,78.72350994808876,2.2875414902405082,12.893358624640701,56.59951376983959,0,2026-09-22 23:22:54
2026-09-22 16:21:00,CNC-02,M,299.5657175740174,314.23100920528924,1688.2743404447242,44.50582067440692,54.45703699803277,2.3595853002051363,13.89981408922503,52.1413770378081,0,2026-09-22 23:22:54
2026-09-22 10:49:00,CNC-01,L,296.7100810707953,310.9435311450654,1358.8024477124738,54.15486724657347,62.86302006001918,19.686930751904892,14.104415555552904,57.380723023042115,0,2026-09-22 23:22:54
2026-09-22 14:59:00,CNC-01,L,298.4838533665494,313.4065213430282,1621.6644843093275,44.58884069895219,228.36596080126716,3.402376637660935,13.417356784145637,50.3219727881283,0,2026-09-22 23:22:54
2026-09-22 11:39:00,CNC-02,M,296.37024097085373,310.3735414051715,1398.831317520433,48.60862590434485,57.10219326345838,2.1399938620759587,12.991865542168364,56.44956738001812,0,2026-09-22 23:22:54
2026-09-22 04:06:00,CNC-03,H,296.4059279893138,310.41330784430806,2424.6625841707114,26.322112301884857,150.73015647350454,3.0437967771930854,12.059525152676226,56.64338405308356,0,2026-09-22 23:22:54
2026-09-22 01:29:00,CNC-03,H,298.3034394506184,312.3349273085463,2491.5567534765028,24.812139227559914,194.23042933471018,3.470370070845009,11.68119856468051,50.93975269265697,0,2026-09-22 23:22:54
2026-09-22 13:29:00,CNC-01,L,24.713282102866287,39.19298967746954,1544.2974813653152,48.748436967639456,88.87416499724546,2.310948429133935,13.970423305492835,54.233536699008035,0,2026-09-22 23:22:54
2026-09-22 11:37:00,CNC-02,M,296.5950516473814,310.7851207872968,1322.0218286617019,53.41122119152958,53.90219326345838,20.040716954194608,13.332865969172829,61.10372705850244,0,2026-09-22 23:22:54
2026-09-22 21:44:00,CNC-03,H,299.3515537684933,312.9654992677473,2538.6847817308108,23.506126380503822,170.28330098431397,3.4246487513512314,11.55958311810319,54.436886480192605,0,2026-09-22 23:22:54
2026-09-22 15:40:00,CNC-02,M,298.82939213361146,,1696.642389871451,44.35783658707268,209.13334161605323,3.0028805852457183,14.073931700143744,58.97100903079364,0,2026-09-22 23:22:54
2026-09-22 16:05:00,CNC-03,H,298.3263762621297,313.74120716046684,,43.35682780736613,230.11196212167303,3.1969969869696055,,55.80081829676511,0,2026-09-22 23:22:54
2026-09-22 12:41:00,CNC-03,H,24.163530503491756,38.321662931036144,1424.6249933603876,48.48051454565116,133.41014376568694,2.2614407267728356,12.719245483793035,57.64711681444904,0,2026-09-22 23:22:54
2026-09-22 22:02:00,CNC-01,L,299.22155113823004,311.2424060243126,2713.4039576479454,15.373804400107314,104.61970489144659,3.359858017024226,7.989622074501776,53.03728772052299,0,2026-09-22 23:22:54
2026-09-22 00:42:00,CNC-03,H,298.7410478086555,312.05552951953763,2798.922125594696,19.218867150103634,143.70153607698228,3.5360469059787896,9.94026910882861,49.448372484367894,0,2026-09-22 23:22:54
2026-09-22 03:50:00,CNC-03,H,296.55151450156586,309.09179270544246,2440.6679964207938,19.413557105274332,131.78215533101397,3.1053601841726124,8.871861123688703,57.47216547846279,0,2026-09-22 23:22:54
2026-09-22 11:22:00,CNC-02,M,296.14944745817775,310.51573305790447,1337.5307455919774,55.10775363554798,,2.04173176631019,14.001322648269445,54.15996831334565,0,2026-09-22 23:22:54
2026-09-22 06:45:00,CNC-01,L,295.9488564222147,309.65294425711966,1995.0651448494368,33.62321552294966,113.729164278664,2.6560086250822263,12.438114292485466,59.96070056507994,0,2026-09-22 23:22:54
2026-09-22 12:31:00,CNC-03,H,24.091127717135464,38.729888472515654,1460.2949821954173,51.993049966810844,117.51125000234497,2.2078477298257133,14.149303119690138,57.96144224638758,0,2026-09-22 23:22:54
2026-09-22 11:29:00,CNC-02,M,296.49479021178513,310.85978237397984,1473.3173128232381,48.003196760119174,41.22167692142239,2.062670089225521,13.280646856957501,57.996007609940676,0,2026-09-22 23:22:54
2026-09-22 00:42:00,CNC-02,M,298.9480359635301,311.25275826745997,2505.741691121571,18.267113832493525,110.33298943952222,3.121031197271302,8.519251864266886,53.16289149828651,0,2026-09-22 23:22:54
2026-09-22 00:01:00,CNC-01,L,299.13524005883454,310.44127582131165,2774.687810224266,12.60315027767543,58.258813192611925,3.316923806245344,6.705257066294389,52.78780358713039,0,2026-09-22 23:22:54
2026-09-22 09:29:00,CNC-01,L,296.1775917934823,311.0300716191242,1637.9915318227634,45.95660198994714,156.02861392643382,2.7295214376452708,13.892742217871978,55.63201318880077,0,2026-09-22 23:22:54
2026-09-22 08:12:00,CNC-03,H,295.47655019749516,310.3658426031364,1586.868769287164,48.111174564480855,226.39554725429767,2.934558301198709,14.460279951452891,55.29816312954193,0,2026-09-22 23:22:54
2026-09-22 07:06:00,CNC-02,M,296.12313724993413,310.4201057820769,1777.101688361016,38.319206218546974,112.65304644442209,2.5105577185451273,12.983320309635937,59.206061729710015,0,2026-09-22 23:22:54
2026-09-22 09:41:00,CNC-01,L,296.6353820807137,311.361482325697,1569.670897341763,48.128518217751115,174.60178806291924,2.627925898844845,14.458874762830103,61.89492537525711,0,2026-09-22 23:22:54
2026-09-22 07:00:00,CNC-02,M,296.11942369240035,310.7891613454149,1811.4771964855813,41.51182055197228,104.17353073216097,2.5699073020040326,14.11140893899457,59.217694364172864,0,2026-09-22 23:22:54
2026-09-22 02:07:00,CNC-02,M,297.85954011256496,311.99316912311315,2635.428382412097,23.498833158257906,201.7595424687024,3.792744887111542,11.524441940797553,53.985877879328655,0,2026-09-22 23:22:54
2026-09-22 21:52:00,CNC-02,M,299.68081147794743,312.31571414785975,2590.8312764327216,18.07700182151487,40.09632755511402,30.89189041301007,8.721143968368196,52.851911053240826,0,2026-09-22 23:22:54
2026-09-22 11:20:00,CNC-01,L,296.6308730819694,310.8734556196655,1354.0484764363725,51.319786017848614,111.89444268055584,2.1766415116000015,13.07834279047602,55.62852340195173,0,2026-09-22 23:22:54
2026-09-22 22:01:23,CNC-02,M,299.3495268848949,311.79448583529114,2546.7646964124438,18.6528941200268,51.18826062875087,3.0474376665037517,8.919187876146701,50.3982247247369,0,2026-09-22 23:22:54
2026-09-22 21:15:00,CNC-02,M,300.0484303782017,314.151345171747,2502.1758419917287,24.02855371288391,204.07456504756465,3.6673338167149354,11.297290063019895,52.30355477954941,0,2026-09-22 23:22:54
2026-09-22 22:41:00,CNC-01,L,299.0103380447478,312.1138421944053,2632.424058001375,19.901016513027013,146.82873952819898,3.4060648333187573,9.84000874335111,51.458067414619336,0,2026-09-22 23:22:54
2026-09-21 23:38:00,CNC-01,L,299.4280330041885,311.08147027325145,2624.6616790161606,15.936125672083437,34.00903526640145,,7.944197414986182,55.12435185433374,0,2026-09-22 23:22:54
2026-09-22 18:40:00,CNC-01,L,299.7864457020237,313.6068069008663,2114.6068103973525,32.04384852596418,100.83686996089638,2.7467460261070413,12.66924668912765,48.23036273010851,0,2026-09-22 23:22:54
2026-09-22 19:03:00,CNC-02,M,300.04599509931967,313.9176417061018,2144.9456203853606,30.164773926198887,47.285939895017215,2.7181326094717275,12.071512370542855,53.08329271781924,0,2026-09-22 23:22:54
2026-09-22 18:49:00,CNC-03,H,299.45117489157786,314.45279056768476,2118.073521642497,36.81175366959964,203.2983349533882,3.3653332731863523,14.765839601756223,54.515575537801595,0,2026-09-22 23:22:54
2026-09-22 22:46:00,CNC-03,H,299.07331101442554,312.15242117964937,2689.3014881471818,17.64608025408903,238.00771669826491,4.090072899632343,8.795939276078052,57.26499481682894,0,2026-09-22 23:22:54
2026-09-22 05:59:00,CNC-01,L,296.5544165317507,309.9034568150934,1993.048049099659,30.51977940147857,51.071340159944725,2.627419640474555,11.594182466465563,56.45937869089593,0,2026-09-22 23:22:54
2026-09-22 00:46:00,CNC-02,M,298.68248751181994,311.1428404442381,2761.8357416698072,16.925263158756128,114.57339902173659,3.368831539332027,8.78177883308487,55.361149293123425,0,2026-09-22 23:22:54
2026-09-22 07:07:00,CNC-02,M,296.14775621369273,310.58504737882595,1919.7892642464699,37.07236286031509,114.01762423581735,2.6086786097474137,13.340567341789034,58.81720356551894,0,2026-09-22 23:22:54
2026-09-22 06:45:00,CNC-03,H,295.53516319833363,310.466341351196,1956.8904886710638,41.60403126362212,101.68777855093838,2.6849319057696492,15.119411341188147,59.13297268132762,0,2026-09-22 23:22:54
2026-09-22 20:02:00,CNC-02,M,300.74691438654486,313.65582899045,2472.547514493301,19.322077405134827,119.53413835283709,3.2329032043554826,9.08630908644322,51.98447097159162,0,2026-09-22 23:22:54
2026-09-22 17:09:00,CNC-03,H,298.89954971110893,312.6843989502598,1989.4943609731686,33.3221043600036,69.77677657972811,2.6148241581834855,12.215609706613801,54.81406023870124,0,2026-09-22 23:22:54
2026-09-22 04:18:00,CNC-02,M,296.60421640599344,310.4251838833846,2226.829707445202,28.611234338953942,135.1010296774746,3.019122295703632,11.817135767652529,58.00474366057398,0,2026-09-22 23:22:54
2026-09-22 03:05:00,CNC-02,M,296.8726779028845,310.0168823712358,2479.7063114433317,23.99513452086924,48.80111056650286,2.9965078303558803,11.373860343901383,51.7509470696428,0,2026-09-22 23:22:54
2026-09-22 02:28:00,CNC-03,H,303.00365408222444,309.4612867829293,2449.1419008848206,21.64308881726031,38.26678339817763,3.0487187631946293,10.059812321400342,44.181768670396075,0,2026-09-22 23:22:54
2026-09-22 00:35:00,CNC-02,M,298.7139821478379,311.6716971270695,2541.3567432794034,19.551808899296137,102.7547185070921,3.234819219242326,9.048298632159911,50.64438428697352,0,2026-09-22 23:22:54
2026-09-22 17:18:00,CNC-01,L,26.271267412160512,40.94170118111083,1923.9155259069291,37.83575824294551,194.47194914306183,3.3136037321822425,13.546376970466472,52.32162436485729,0,2026-09-22 23:22:54
2026-09-22 08:30:00,CNC-01,L,296.2415715517232,310.0589689548331,1498.9485549508256,45.74247709129973,65.92037673029289,2.143490365510441,12.731576613084867,59.32751667648013,0,2026-09-22 23:22:54
2026-09-22 07:42:00,CNC-01,L,296.10252977297716,311.06207237731513,1606.9983415581012,46.85501420502852,194.45206211103908,2.8837105172400053,14.162390409344772,56.747631161772276,0,2026-09-22 23:22:54
2026-09-22 15:58:00,CNC-03,H,298.17368673394475,313.0001291656798,1699.753816992718,43.729068283643905,219.8479614300699,3.066845564668386,13.80507267195551,54.88568457986356,0,2026-09-22 23:22:54
2026-09-22 10:02:00,CNC-03,H,296.1678713275005,310.7200898114676,1423.2890881782316,51.29850713775696,139.6528370753703,2.217192402041413,13.639208572423158,59.159026636321855,0,2026-09-22 23:22:54
2026-09-22 07:02:00,CNC-01,L,295.7832823638317,310.31500825802243,1822.3849902293503,38.33396265158822,137.31359694909614,2.6141842519046667,13.141584172904482,59.87305071460094,0,2026-09-22 23:22:54
2026-09-22 05:41:00,CNC-01,L,296.8038028664434,310.0209535602636,1942.7599925169413,31.681463776169064,27.288778675069363,24.8541791363748,11.6533492793301,61.85322829658203,0,2026-09-22 23:22:54
2026-09-22 12:02:00,CNC-03,H,296.8670070134191,311.1595655498491,1402.324108526816,52.91078666438702,71.58508071501666,2.1197634014190485,13.680034270878057,59.71720414482494,0,2026-09-22 23:22:54
2026-09-22 22:43:00,CNC-03,H,299.34423275612426,311.9733861541441,2675.8505145905397,16.210233592012475,234.7929162737268,4.133670362841215,8.127739055751238,57.14376396548018,0,2026-09-22 23:22:54
2026-09-22 02:08:00,CNC-01,L,298.6699311453386,311.81350579086524,2635.6460045110684,19.963927940352974,194.87656612171682,3.967129613967138,9.931871027452477,59.307506746519316,0,2026-09-22 23:22:54
2026-09-22 15:20:00,CNC-03,H,298.16176735738037,313.3010326460063,1510.325245079933,51.66188091545866,163.1845639194901,2.376172978836478,14.598360105863495,51.48998215372177,0,2026-09-22 23:22:54
2026-09-22 01:02:00,CNC-03,H,298.12708107722545,310.5229839390181,2698.445396990684,15.607228911664492,164.984567066099,3.566329612500642,7.814806350128181,54.44833020338896,0,2026-09-22 23:22:54
2026-09-22 02:20:00,CNC-01,L,298.0940080868332,312.0061126651503,2633.6116363079273,22.45203781478442,208.3784241795623,4.014248486026718,11.36292307959294,58.250782642493895,0,2026-09-22 23:22:54
2026-09-22 07:43:00,CNC-03,H,295.9298195256858,310.86928658435585,1853.24270579668,40.82951912158856,183.95906733713105,2.8187339335117207,14.042856025844046,58.1395076151338,0,2026-09-22 23:22:54
2026-09-22 15:08:00,CNC-03,H,298.1763464554144,313.6574846075912,1670.9060037207107,50.564229236679104,145.22531745303803,2.4647850796777764,16.122499890608317,54.03320729912288,0,2026-09-22 23:22:54
2026-09-22 20:52:00,CNC-02,M,300.2892338939042,313.7058645310025,2491.660532631252,21.22191257287352,177.79784161858393,3.4873381372833583,9.664655099632514,46.18582712665793,0,2026-09-22 23:22:54
2026-09-22 04:56:00,CNC-02,M,296.2559329074893,310.8129150602217,2163.3368257959296,33.754495688939166,181.83577271597105,3.2292166851882613,13.557785316310335,58.01191730047866,0,2026-09-22 23:22:54
2026-09-22 14:52:00,CNC-03,H,297.8854246116074,312.48829339413425,1565.9171389478909,48.46927112474106,120.93718301295449,2.338324742334832,14.242401645137196,52.05029760527104,0,2026-09-22 23:22:54
2026-09-22 00:17:33,CNC-01,L,299.02521504858174,310.4776738564543,2728.814382081778,12.46833144760276,76.45922261375749,3.208881652069905,6.587883993740654,54.19146908847115,0,2026-09-22 23:22:54
2026-09-22 00:48:02,CNC-03,H,298.7241780025046,311.78179158972665,2589.3383917909687,21.067936054408626,149.09234681687542,3.4080255089191303,10.318739692101925,52.2367117576353,0,2026-09-22 23:22:54
2026-09-22 13:04:00,CNC-01,L,24.13275225405431,38.17005138511007,1412.5771882858517,50.56620229234479,49.20673849099333,2.1550860430798684,13.403795427700341,56.018450294055505,0,2026-09-22 23:22:54
2026-09-22 12:46:00,CNC-03,H,24.13963605683881,38.61675196801684,1456.708330906477,49.12546919196424,141.3074081841968,2.4388901934600162,13.240019542305463,58.187746884019646,0,2026-09-22 23:22:54
2026-09-22 20:17:00,CNC-03,H,299.275811258943,313.0244353960121,2390.62595851882,27.112116506361865,71.15699471501813,3.009968670943,12.186412132240562,52.913874562204704,0,2026-09-22 23:22:54
2026-09-22 08:32:00,CNC-03,H,296.0394196168104,309.46468040293763,1560.7464966848038,42.28069511264975,1.5002814077703048,21.709018095630757,12.235147806434428,57.18195549916797,0,2026-09-22 23:22:54
2026-09-22 15:15:00,CNC-01,L,298.54487833693724,312.00895262242534,1573.9328241331432,41.591066980394125,16.54648422831326,21.843661785781684,12.375273226172672,55.364934844539256,0,2026-09-22 23:22:54
2026-09-22 10:07:00,CNC-02,M,296.09520648411825,311.4100374917793,1578.301404122607,50.84597042130646,159.1808715838564,2.583445056688374,14.969184577972076,60.35272623256666,0,2026-09-22 23:22:54
2026-09-22 12:24:00,CNC-03,H,,38.25070191674024,1337.7661789928993,52.93218365399926,,2.052244093174275,13.352865749833336,58.28749344947308,0,2026-09-22 23:22:54
2026-09-22 04:37:00,CNC-03,H,296.4084199526072,310.65483562805696,2374.9664922517254,27.940079958666917,188.6950646237999,3.4418383686715237,12.624170411341566,60.57682328380744,0,2026-09-22 23:22:54
2026-09-22 07:45:00,CNC-03,H,296.01504947392914,311.4524489303646,1883.8107828662958,44.59620284582917,186.84381560539646,2.955326791463453,15.628784724515956,56.84534317638371,0,2026-09-22 23:22:54
2026-09-22 15:02:00,CNC-02,M,298.50185978489907,312.6445260475582,1472.32477277774,45.93581449763286,151.96974588526797,2.477041326214956,12.681516594260604,48.6009049282624,0,2026-09-22 23:22:54
2026-09-22 11:24:00,CNC-01,L,297.0535143583565,311.02111730751375,1361.8028745139195,49.62822843031151,118.23586447279257,2.1692441823892334,12.760385950822206,59.19085756236371,0,2026-09-22 23:22:54
2026-09-22 11:55:00,CNC-01,L,296.97276083593704,312.0905529913957,1536.830256369156,49.64508943777163,167.41714353911354,2.725846529292807,14.079319069520052,54.802259410417875,0,2026-09-22 23:22:54
2026-09-22 19:20:00,CNC-03,H,299.5167911780976,313.0508172586922,2312.6234599940694,29.2195466523123,2.5038990853112084,27.274033740417302,12.540800539879273,51.089023050419634,0,2026-09-22 23:22:54
2026-09-22 04:01:00,CNC-02,M,296.3135121723866,310.17491907779583,2417.3841511572837,26.617260297710146,114.5757447014798,3.1764543709883597,11.981377814341217,55.306195272170186,0,2026-09-22 23:22:54
2026-09-22 03:18:00,CNC-03,H,296.80983392412793,309.6087468008554,2389.950127971933,23.486808193478126,94.71201490881333,2.988118668541047,10.536836301344621,55.22688540661865,0,2026-09-22 23:22:54
2026-09-22 12:27:00,CNC-02,M,23.572471228551137,38.296335693889716,0.0,56.026801350488604,133.32573138449385,2.130148607630203,13.675009005607436,53.229572286995,0,2026-09-22 23:22:54
2026-09-22 13:32:00,CNC-01,L,298.1231268916892,312.3259803413061,1388.8002299206485,51.583321063997836,93.52995187948834,2.1414232831796385,13.399293389292147,52.72112679928438,0,2026-09-22 23:22:54
2026-09-22 05:44:00,CNC-01,L,296.76861656118194,310.1235561739459,2106.977619219645,29.85274904187575,31.18617950002432,2.779271514225323,11.758901261796863,57.93958195147576,0,2026-09-22 23:22:54
2026-09-22 10:18:00,CNC-01,L,296.61061685614783,310.25509279944936,1400.0068780597455,48.89065594204279,14.107078141692078,,12.904185537934005,60.44589721022361,0,2026-09-22 23:22:54
2026-09-22 16:36:00,CNC-03,H,298.7979648919986,312.49107281440126,1738.0241647949292,39.68336338135307,23.062989882715495,2.404528931641095,12.893176227766222,50.464430737700546,0,2026-09-22 23:22:54
2026-09-22 11:01:00,CNC-01,L,296.849348783671,311.3125670941799,1503.7810297770186,49.4778407605106,81.82351992916686,2.1930881192812026,13.787789041499288,59.76103340500961,0,2026-09-22 23:22:54
2026-09-22 09:52:00,CNC-01,L,296.3442513964092,311.17441897803303,1473.8458569455195,52.11405325162623,191.6331022975393,2.810814690753102,14.406830523815602,61.49599109053046,0,2026-09-22 23:22:54
2026-09-22 15:31:00,CNC-02,M,298.7482947075206,313.545615062219,1573.5759751097928,44.35349018442102,195.8037743018047,2.7333764349251273,13.051058390688725,54.12149693416493,0,2026-09-22 23:22:54
2026-09-22 11:27:00,CNC-01,L,297.10629975457294,312.05049361353844,1388.3480491771159,56.548464600172046,123.02256551907666,2.3066010860258275,14.790040869298823,59.362628591764896,0,2026-09-22 23:22:54
2026-09-22 12:54:00,CNC-02,M,23.903249992423866,39.02520748751556,1363.604628225504,53.76336397877586,176.19110559813217,2.3946330986317834,13.732271895425454,53.71904487478487,0,2026-09-22 23:22:54
2026-09-21 23:36:04,CNC-03,H,298.876346898525,311.0875495309996,2746.077031824996,15.62376255413191,73.4766968639445,3.292182352818947,7.7200127936670855,50.96602318967268,0,2026-09-22 23:22:54
2026-09-22 10:37:53,CNC-03,H,296.21941871117593,311.02136495190393,1445.1050724874365,51.08174416197177,197.6680676795494,2.5468711736183187,13.694211739837531,56.23599070707903,0,2026-09-22 23:22:54
2026-09-22 22:13:00,CNC-03,H,299.45862903418777,312.683773322433,2564.951809089908,19.830501478147408,202.43370784479401,3.576439788162442,9.355082532548012,51.17398339609959,0,2026-09-22 23:22:54
2026-09-22 16:02:00,CNC-01,L,298.98325760888986,313.2608692387587,1737.2907136252252,41.87872743490608,86.56160462438255,2.3619422965085572,13.666832902441296,55.75241128186833,0,2026-09-22 23:22:54
2026-09-22 03:31:00,CNC-01,L,297.7864117480035,310.5006838137792,2389.5114725725066,22.063919706326317,69.94980953618762,2.96685454761635,9.819346690596461,55.39560498143704,0,2026-09-22 23:22:54
2026-09-22 04:25:31,CNC-02,M,296.53269255197284,0.0,2346.437450130673,27.114878988744945,143.58322225607296,3.085547970433048,12.077695062901059,57.63476444422799,0,2026-09-22 23:22:54
2026-09-22 00:15:00,CNC-01,L,299.11474506124796,312.30207684571036,2681.9293636861844,21.733503345129954,73.28584955180085,3.2840091674036214,11.001067890802322,50.88092386695779,0,2026-09-22 23:22:54
2026-09-22 23:01:00,CNC-02,M,299.50927983461924,312.9352142233971,2615.416242120236,21.259232171785968,115.16492323914002,3.2747656985215046,10.403259920506098,51.9421136141923,0,2026-09-22 23:22:54
2026-09-22 07:28:00,CNC-03,H,295.98158955363317,310.70505609989004,1793.5470644241434,42.85092603245638,162.44204758103314,,14.510232454993776,61.443827624605966,0,2026-09-22 23:22:54
2026-09-22 06:03:00,CNC-01,L,296.31125330169033,309.98481444801484,1961.3607156245598,33.68754599735498,56.373013640405745,2.5032031993405974,12.390137613792824,58.313505086297944,0,2026-09-22 23:22:54
2026-09-22 11:07:00,CNC-02,M,296.3472700954533,309.90991518765264,1322.8332822536322,50.514153550316024,6.347173571398159,1.9542207139660728,12.509095388842784,58.924698320061964,0,2026-09-22 23:22:54
2026-09-22 02:13:00,CNC-03,H,303.1751492250972,309.08827728536346,2531.4661116108805,18.175563089009643,21.670734687313647,3.170312524891544,8.476336360903737,46.04120685176689,0,2026-09-22 23:22:54
2026-09-22 08:19:00,CNC-02,M,295.8116892886054,310.04938912390156,1570.0336054770812,40.32995060417696,217.9106755004725,3.110648641346638,11.781104483832777,57.25594748572163,0,2026-09-22 23:22:54
2026-09-22 04:05:00,CNC-03,H,296.1511357564143,309.7731784958423,2496.7414725912327,24.303060126037625,149.5149564697645,3.278456438899521,11.183201720574248,59.38274878720475,0,2026-09-22 23:22:54
2026-09-22 00:44:00,CNC-01,L,298.8402977939473,310.2518781204835,2749.1969901238226,11.374518723733368,104.05438993756667,3.3801998335602645,5.648085066069883,54.885194596311656,1,2026-09-22 23:22:54
2026-09-22 00:43:00,CNC-01,L,299.0208244203289,311.09289526368275,2778.8558789683484,14.964670467954074,103.01955054102551,3.411727866958869,7.61305862319641,54.230339444427734,0,2026-09-22 23:22:54
2026-09-22 13:44:00,CNC-01,L,297.88168567403306,312.18422451194584,1358.4166112523667,53.69241941326739,112.4614551715112,20.970039396554824,13.745774990855766,56.616252581105535,0,2026-09-22 23:22:54
2026-09-22 17:17:00,CNC-02,M,304.99767558035427,314.14834528745365,1807.8549431235342,41.34949061183461,133.53605389248597,2.5214489229077213,14.262859046770037,46.493934536935484,0,2026-09-22 23:22:54
2026-09-22 10:55:00,CNC-02,M,296.4463531978121,311.53218386171324,1384.918117636444,52.76797166304857,235.02352516774073,2.990903306444843,13.681101197719626,55.41228148286675,1,2026-09-22 23:22:54
2026-09-22 07:05:00,CNC-03,H,295.8502557340111,310.2116087923408,1719.6747665485773,43.261953023338016,129.82881081528245,2.5334467386022137,14.036925015055846,56.8331965859369,0,2026-09-22 23:22:54
2026-09-22 10:45:00,CNC-01,L,296.5398991863518,310.4769694639654,1375.5657305455547,50.11758772486729,56.56101939146188,1.9949108679406327,12.890344188644317,58.18173577018767,0,2026-09-22 23:22:54
2026-09-22 07:16:00,CNC-01,L,295.8812340552593,310.5306743781115,1707.4205709246291,43.22125920534077,157.14645895614683,2.7028834060047644,13.556527020168025,54.40828824648839,0,2026-09-22 23:22:54
2026-09-22 02:54:00,CNC-02,M,297.25319437329955,309.70402676951437,2498.519172506756,20.943694040479723,36.1696929942282,3.024711701711673,9.770790992200244,55.399877371991145,0,2026-09-22 23:22:54
2026-09-22 21:24:00,CNC-01,L,299.3409639915301,311.69988586091404,2692.1135837883994,17.646879890688727,62.79667710074032,3.254916279864239,8.990514964200942,56.83557898851337,0,2026-09-22 23:22:54
2026-09-22 01:06:00,CNC-03,H,298.1219734155056,311.09707867553755,2633.6763675271377,19.477860489746327,169.32619632373928,3.4333322357005898,9.481692501174793,55.296507096854555,0,2026-09-22 23:22:54
2026-09-22 20:08:00,CNC-03,H,299.5928366440797,312.0187792345984,2262.0398756456816,21.736199366051412,60.587247150641616,2.7768108146846138,9.278115691020556,51.52341236287302,0,2026-09-22 23:22:54
2026-09-22 08:28:00,CNC-02,M,296.1055100016466,310.3606160301814,1509.3253400911472,48.00969460769423,7.405554669160695,2.0796438505262405,13.664477787685755,58.739448169277985,0,2026-09-22 23:22:54
2026-09-22 11:36:00,CNC-02,M,296.55207083240157,310.9584207931216,1386.1451705292186,52.183103862202266,52.32046077147095,1.97870742045515,13.646974813973127,55.57734815817043,0,2026-09-22 23:22:54
2026-09-22 06:50:17,CNC-01,L,296.36184604049214,310.9838199860085,1920.1058931618886,40.057133109374405,119.15307619064701,2.772454300473896,14.359165308822652,57.63268826650386,0,2026-09-22 23:22:54
2026-09-22 04:30:00,CNC-03,H,296.4722748491341,310.8278125129685,2211.7825881018734,30.602685050231194,180.15266090677198,3.206298209913248,12.571013380649683,55.71888308998417,0,2026-09-22 23:22:54
2026-09-22 19:59:00,CNC-01,L,300.177520365539,313.88473247445984,2386.2619696459506,24.889157437444688,198.70195444939034,3.6297569441314255,10.97684708754279,54.48762497987097,0,2026-09-22 23:22:54
2026-09-22 09:49:00,CNC-02,M,295.9931605454758,310.9304762664204,1468.5961834994525,52.99756760457132,131.10737341068565,2.276461602844306,14.581176395756595,56.717995400491944,0,2026-09-22 23:22:54
2026-09-22 07:33:00,CNC-01,L,296.1345654728823,311.594327753347,1676.627715526207,48.904995956493906,181.44317374583903,2.9114504528490683,15.343748304682702,60.78085776857293,0,2026-09-22 23:22:54
2026-09-22 04:38:00,CNC-01,L,302.4559962510889,310.5366712704694,2350.548044032718,28.681366019906143,150.5857300946781,3.273948659668278,12.923224243297634,48.6763043708809,0,2026-09-22 23:22:54
2026-09-22 16:28:00,CNC-01,L,299.0018026994036,313.5182187408542,1699.2313264187342,44.56861920430811,124.20853718882809,2.5720021013298395,14.137148684031407,56.20127903010096,0,2026-09-22 23:22:54
2026-09-22 03:06:00,CNC-02,M,297.0479123355569,309.62524391305595,2456.91159999596,21.205199317297634,49.98031255266557,2.9442425309201923,9.677813308179452,55.96489133832925,0,2026-09-22 23:22:54
2026-09-22 10:38:00,CNC-02,M,296.12130645621187,311.3328762724373,1438.8056826961529,51.453749334973104,208.13958738604356,2.812352190279566,14.00653921018234,59.011220932030064,0,2026-09-22 23:22:54
2026-09-22 15:44:00,CNC-03,H,298.43999135608044,313.4735059591343,1540.9239931538857,49.41807056009098,199.19038815725253,2.5716379212186533,14.30238999887601,59.04772569553137,0,2026-09-22 23:22:54
2026-09-22 05:48:00,CNC-01,L,296.77820043468245,311.0764687528638,2012.2108116705967,36.44856818335166,36.46346702564987,2.52451140344716,13.896522668960738,51.69399821928181,0,2026-09-22 23:22:54
2026-09-22 07:24:00,CNC-01,L,296.1435085308109,310.7293248758732,1791.9683865327981,40.46587947323543,168.50682439059707,2.800938011398742,13.447277602163483,63.075353028415606,0,2026-09-22 23:22:54
2026-09-22 06:32:00,CNC-01,L,296.42097970335203,310.56960781925136,1848.2899453447817,38.82240388700853,95.64588262921441,,13.438143270841465,56.46559939349668,0,2026-09-22 23:22:54
2026-09-22 19:11:34,CNC-02,M,300.70921440634726,315.1268667239251,2261.161558428191,31.513709440295678,59.84637049746685,2.995494943413841,13.567061180619131,48.73499445609598,0,2026-09-22 23:22:54
2026-09-22 09:08:00,CNC-03,H,296.02683099199993,309.6868330478824,1465.0304058001022,46.008020988654785,56.234865239576045,2.2181315257701213,12.454259694436034,60.69837169015907,0,2026-09-22 23:22:54
2026-09-22 01:57:00,CNC-03,H,303.4709280361259,310.2424264119096,2485.781051078542,22.53788894652416,4.321839893875981,3.137979479587152,10.430864940971615,39.801306967412714,0,2026-09-22 23:22:54
2026-09-22 03:45:00,CNC-03,H,296.6937233988817,310.32590251846364,2611.5694861681395,23.157782575891595,125.92415860015747,3.3389085070665097,11.284506509791392,56.813566438420125,0,2026-09-22 23:22:54
2026-09-22 18:32:00,CNC-02,M,300.10597066890887,313.90237190227447,2127.3320954324754,31.043040427603348,7.853639836108213,2.6647984099242965,12.26219097811952,52.95002709577763,0,2026-09-22 23:22:54
2026-09-22 03:04:00,CNC-01,L,297.985954802437,310.3882729743565,2458.1721916040915,19.351713752423084,38.65121986485983,3.1079226212655633,8.800422025956552,55.842957757338944,0,2026-09-22 23:22:54
2026-09-22 19:46:00,CNC-01,L,300.00961063161185,314.1043744514393,2349.2580309863197,27.650638175510984,183.20118175412614,3.5572899422292927,12.411982909029716,49.218232144874385,0,2026-09-22 23:22:54
2026-09-22 14:57:00,CNC-02,M,298.4628411725199,313.46019515474495,1582.2953701063516,46.35731691294008,144.3959592646352,2.4716964224862146,,57.95364397730081,0,2026-09-22 23:22:54
2026-09-22 09:26:00,CNC-03,H,295.861765981923,310.6358868718593,1668.4700821763715,46.850130992480196,83.6176890665501,2.3368283884987857,14.572849378376114,58.17220949028777,0,2026-09-22 23:22:54
2026-09-22 01:55:00,CNC-01,L,298.19681314803785,310.91462018351285,2569.3271868698544,18.850988710751423,180.63959226817406,3.6865055742298067,8.831395402670289,53.32747921984525,0,2026-09-22 23:22:54
2026-09-22 12:15:00,CNC-01,L,297.1219397457331,312.23233889667125,1413.8080250248443,54.424382825954126,199.2400900737668,2.7745946829663515,14.424033271879562,57.10472235562623,0,2026-09-22 23:22:54
2026-09-22 05:37:00,CNC-02,M,296.3910305190301,311.1389455595044,2032.403832158627,36.58636881433738,234.04801593907075,3.711521455030186,13.872922979761157,59.35072557501413,0,2026-09-22 23:22:54
2026-09-22 13:55:00,CNC-03,H,297.5890844135519,311.4682605317439,1440.8167959970253,48.49622035037998,32.93747810040014,2.1207651633660527,13.22965007119723,60.041150402981884,0,2026-09-22 23:22:54
2026-09-22 04:53:00,CNC-01,L,302.3307654611252,310.9586962133921,2165.334956331092,33.5083504268838,169.22148475312974,3.1622607174543234,13.59037728003753,44.5777504393404,0,2026-09-22 23:22:54
2026-09-22 15:11:00,CNC-01,L,298.54053414012645,312.40577351615644,1576.853715885936,44.67062506403386,10.538795077401385,2.3002503511727865,13.295775185469186,52.649784528529864,0,2026-09-22 23:22:54
2026-09-22 08:34:00,CNC-01,L,296.48317668600134,310.9709101356738,1566.1126422210664,48.35168099733285,71.84905554123303,2.1876306842398074,14.348765122226052,59.90467226016551,0,2026-09-22 23:22:54
2026-09-22 16:50:00,CNC-03,H,298.9742985450075,312.8197380327665,1772.0229253676093,39.18896057513034,43.09514748955313,2.3851557199570292,13.062096200640987,51.999054364402284,0,2026-09-22 23:22:54
2026-09-22 06:11:00,CNC-01,L,296.499685189241,310.66290817450727,1972.541871160635,36.82215748910822,67.15657688157934,2.598752474246956,13.414992348536057,51.18205781925194,0,2026-09-22 23:22:54
2026-09-22 00:39:00,CNC-03,H,298.57559337951375,311.2862448877969,2637.594200197096,17.923661336523868,140.52738258318251,3.320946658330267,8.837193829212392,52.29992573810661,0,2026-09-22 23:22:54
2026-09-22 08:05:00,CNC-03,H,295.7981473549006,310.5564336974418,1668.1599657246675,41.97447375182098,216.18358816919746,,12.94458009431797,56.395110901364376,0,2026-09-22 23:22:54
2026-09-22 14:57:00,CNC-03,H,297.87240519517417,312.88697694296184,1437.9921187690118,55.18845950478768,128.68616770733715,2.2706397332578367,14.738915956320163,52.769723418793355,0,2026-09-22 23:22:54
2026-09-22 00:24:00,CNC-02,M,298.78106683520014,310.8914062124905,2713.777529785,15.1892006524953,90.95860207099395,32.43407925686304,7.355903652774629,57.47716772863152,0,2026-09-22 23:22:54
2026-09-22 01:45:00,CNC-02,M,297.9369960224546,310.55844511783283,2625.8475853999525,17.187782861719228,177.84782009185733,3.626140366625025,8.44141575803829,55.791598533648205,0,2026-09-22 23:22:54
2026-09-22 10:51:00,CNC-02,M,296.4933210599125,311.7504959312635,1445.1598100221292,52.320185115339996,228.68739608047542,3.004371180166291,14.158788838163366,59.52059162093287,0,2026-09-22 23:22:54
2026-09-22 12:29:00,CNC-03,H,24.09811827376899,38.28432366518621,1470.3071236166488,47.43649484188096,114.34182993441081,22.361024744679174,13.137323787178259,52.33820048628063,0,2026-09-22 23:22:54
2026-09-22 22:29:00,CNC-02,M,299.7309841287408,312.7834594290468,2699.8327806335647,19.40109828209156,80.67926391534404,3.2524487769714323,9.918972403677873,49.67770144178768,0,2026-09-22 23:22:54
2026-09-22 17:43:00,CNC-02,M,32.32333617542952,41.1797657376614,2013.8084020398705,36.115835739594026,168.90223428461502,2.9805955126110186,13.568716333482188,47.07822461223077,0,2026-09-22 23:22:54
2026-09-22 11:09:00,CNC-03,H,296.46905391815363,311.2170470193319,1410.0346525346367,49.82643939468889,245.03945683633629,3.061185541155885,13.091096354715846,56.645993255037126,0,2026-09-22 23:22:54
2026-09-22 03:25:00,CNC-03,H,296.83457055231855,310.29770558083567,2549.765490948655,22.816821915485964,102.76803919125756,3.1814530711372546,10.915686151993107,59.41640007803323,0,2026-09-22 23:22:54
2026-09-22 16:40:00,CNC-02,M,304.81238694526763,313.2590641930261,1762.7831787538073,41.971923236916204,81.52908015772232,2.397210244719366,13.88959931867128,38.989642397512256,0,2026-09-22 23:22:54
2026-09-22 06:37:00,CNC-03,H,295.92738462981686,309.84194737129707,1994.1594636287166,34.27422247403088,90.61607593111542,2.6193018914341386,12.99989958063904,59.00293684854485,0,2026-09-22 23:22:54
2026-09-22 15:59:00,CNC-01,L,299.1460846753636,313.39545868819243,1735.074934015653,40.90591997823129,82.25145220962906,2.495931955163561,13.185188857648017,50.690956690248484,0,2026-09-22 23:22:54
2026-09-21 23:33:00,CNC-03,H,299.25428736283,310.77521578820915,2802.1020388161082,13.31367147053602,70.20827785575806,3.3508766231795435,7.085979081307993,49.23824343804958,0,2026-09-22 23:22:54
2026-09-22 11:46:00,CNC-01,L,297.10716679162067,312.1271336513553,1389.3619990579955,57.16981448277339,153.075159306211,2.4494257103708423,14.878622522810833,61.594189283018125,0,2026-09-22 23:22:54
2026-09-22 07:57:00,CNC-01,L,5851.19063347035,309.9169831888235,1678.661827728165,41.0906946841674,17.389969521980312,2.414039672683531,12.805841454551985,54.03863493019246,0,2026-09-22 23:22:54
2026-09-22 13:39:00,CNC-03,H,297.4255573472469,311.812511294141,1412.2391979488982,55.523422169495745,7.883052653363698,2.015385515080047,14.404164736742722,57.375511007703764,0,2026-09-22 23:22:54
2026-09-22 06:23:00,CNC-01,L,296.4576148323255,310.89587517512734,2009.8438600576922,36.28336597397019,83.45480713739623,2.6742277581304728,13.359896135902494,57.1981114131778,0,2026-09-22 23:22:54
2026-09-22 06:21:00,CNC-02,M,296.29871741168677,309.35498051163034,2001.8191081756065,28.646359043862482,50.61568435298448,2.5563569752775277,10.504057302364274,58.079099244263126,0,2026-09-22 23:22:54
2026-09-22 11:16:00,CNC-01,L,296.76723392279024,311.0630364495773,1373.4245929377698,50.507874748525715,105.50315087560159,2.1730294416978353,13.148952826333385,55.90633476704094,0,2026-09-22 23:22:54
2026-09-22 07:21:00,CNC-01,L,296.0666191995268,310.8466456057098,1665.907428044649,43.9682630610403,164.22429796504446,2.6806594151048855,13.735819154936038,58.94373631874817,0,2026-09-22 23:22:54
2026-09-22 18:16:00,CNC-01,L,26.545053144293092,40.23282050805608,2083.542865306676,32.18227425480736,69.74199561037899,2.6993201537933658,12.590242562593339,53.888857676517425,0,2026-09-22 23:22:54
2026-09-22 14:08:00,CNC-02,M,298.0778156900292,312.8731849365815,1519.3178711786159,52.443319076450614,69.14010914245202,2.1856432026756982,15.02220982331992,56.50442087160449,0,2026-09-22 23:22:54
2026-09-22 16:17:00,CNC-02,M,299.1352429170719,314.09812328152367,1787.1100395757883,43.442926111924365,48.57058058930059,2.4728357537384933,14.455601407838229,52.7379941783074,0,2026-09-22 23:22:54
2026-09-22 14:11:00,CNC-01,L,298.0683553171581,312.43728814821185,1442.5519090235907,49.69329546809756,154.69173693015293,2.5111686677227167,13.46227511543251,54.02444501018251,0,2026-09-22 23:22:54
2026-09-22 19:39:00,CNC-02,M,300.7608878448496,314.7743230259812,2301.4891856016598,27.058190590107117,91.95331370390282,2.9301244917249334,11.666495088970306,50.58682219677022,0,2026-09-22 23:22:54
2026-09-22 08:38:00,CNC-01,L,296.2162777338941,310.65204417424076,1671.4121171083743,44.74819950274261,77.97452653785827,22.913716192723896,13.84682307484729,57.81518665225518,0,2026-09-22 23:22:54
2026-09-22 22:42:00,CNC-03,H,298.96655574323154,312.45934027091874,2608.608806776891,20.67205345256305,233.75778721769152,4.024220802107381,10.124282687434647,55.913756089555726,0,2026-09-22 23:22:54
2026-09-22 01:59:00,CNC-01,L,298.36204356148926,311.7627302821906,2643.854060936645,22.04108129586351,185.0213241977132,3.7595847616467477,10.69510105064722,58.33729455633745,0,2026-09-22 23:22:54
2026-09-22 13:14:00,CNC-03,H,24.023788135167706,38.89346457984573,1466.1047001258808,50.42294912059685,185.43952654162337,2.547596217027201,13.80166034240175,55.912261996430374,0,2026-09-22 23:22:54
2026-09-22 01:06:00,CNC-01,L,298.65141999675086,312.21938527649763,2599.741415372624,0.0,127.76450466199768,3.4543824129484584,10.885176226373911,52.493680495962664,0,2026-09-22 23:22:54
2026-09-22 15:41:00,CNC-03,H,298.208012100492,313.16926913527317,1550.161678847254,48.241717003191,194.70405945431085,2.606675135984634,13.740704715341067,57.616465926165546,0,2026-09-22 23:22:54
2026-09-22 16:42:18,CNC-02,M,305.0039780710207,313.5972570265962,1774.1373219009004,40.56582820331667,84.38044644161637,2.4906787513201634,13.353833049031422,41.29010052041208,0,2026-09-22 23:22:54
2026-09-22 02:12:00,CNC-01,L,298.4510114112317,312.0796098728502,2577.0932543418976,20.896240706976084,199.40568046646715,3.8313513813378957,10.291916459267544,59.36964830827374,0,2026-09-22 23:22:54
2026-09-22 17:19:00,CNC-01,L,26.53289401499154,40.9943031763886,1960.102847226221,35.67589985769413,195.83049059535935,3.3651682683380915,12.763277119896244,55.59339381128233,0,2026-09-22 23:22:54
2026-09-22 16:00:00,CNC-03,H,298.31537396803407,313.68830573044465,1627.7882863786895,48.123510110161824,222.8536135244311,3.04774666363796,14.553822224299447,56.701309781813684,0,2026-09-22 23:22:54
2026-09-22 06:20:00,CNC-02,M,295.9254465925256,310.0705888281222,1861.4734044083534,37.9741923535842,49.278825694957064,24.178005455760356,13.183163873054664,52.5725648681709,0,2026-09-22 23:22:54
2026-09-22 10:47:00,CNC-01,L,296.73627748042173,310.60573122434226,1468.200399019651,47.52907736687279,59.675052043231624,2.167368671154963,12.91323446176875,59.01547998435923,0,2026-09-22 23:22:54
2026-09-22 10:49:00,CNC-03,H,296.48239156953235,311.9052596638734,1450.6245800435895,56.61207312333252,213.47821645666122,2.701844820006585,15.55821659718103,56.402071585404336,0,2026-09-22 23:22:54
2026-09-22 06:56:00,CNC-01,L,295.9771709563306,310.5890722887228,1850.671721271181,40.27433210468374,128.96688813269014,71.94252530064539,14.083218472705035,62.09425640407204,0,2026-09-22 23:22:54
2026-09-22 09:19:00,CNC-03,H,296.09969219075003,310.3170971476271,1537.1893019280308,47.62322056694648,72.9530295042089,2.2862865535628076,13.593733227329922,58.095491591829884,0,2026-09-22 23:22:54
2026-09-22 03:35:00,CNC-03,H,296.66091852990047,309.20149098243866,2471.1458406647766,20.08624326320366,114.37471260919037,2.9854023053531176,9.534519963262548,58.19665172337237,0,2026-09-22 23:22:54
2026-09-22 09:28:00,CNC-03,H,295.74102642468125,309.5613553691478,1233.9167395486352,53.32565922135725,86.80607457919486,2.039152599832258,12.355807126119027,58.33500744566124,0,2026-09-22 23:22:54
2026-09-22 04:11:00,CNC-02,M,296.1445868762962,308.9412159478307,2469.7369576596866,20.38252835865207,126.64413965255594,3.1607602313210648,9.3559929796954,57.666925752751474,0,2026-09-22 23:22:54
2026-09-22 00:14:00,CNC-03,H,298.8240454437568,310.7128389876828,2837.5277623243674,13.040060474343791,113.75324749270948,3.5376377880926806,6.8868076154551785,55.33111909964447,0,2026-09-22 23:22:54
2026-09-22 00:23:00,CNC-01,L,299.25012067108383,310.71370199958886,2744.9182433711194,13.334010392837609,81.77354672815432,3.3412753824015704,6.794957425783916,51.956339383495674,0,2026-09-22 23:22:54
2026-09-22 11:54:00,CNC-01,L,297.2325844703193,312.19335823518867,1414.5361627322939,57.52512222446204,165.86326637790702,2.5817176493000504,15.188851490041095,59.39262499144535,0,2026-09-22 23:22:54
2026-09-22 04:26:00,CNC-01,L,297.45573551118474,311.11655175678663,2289.713288068121,26.813963004702245,135.71925027283112,3.1119400624524847,11.562179699207277,51.56271824870615,0,2026-09-22 23:22:54
2026-09-22 03:15:00,CNC-01,L,297.94588549270895,310.1149477415753,2496.542593587126,19.603068542521285,51.34252562439231,3.0711135698868515,9.041629725653841,54.72748492637183,0,2026-09-22 23:22:54
2026-09-21 23:54:00,CNC-01,L,299.22470064225536,310.85120619566436,2750.3071498752815,14.113065709562076,50.9092880445339,3.2626788246526703,7.160701850428212,54.91339120267426,0,2026-09-22 23:22:54
2026-09-22 02:36:00,CNC-02,M,297.07198526149665,309.58041104671827,2518.5413538711855,20.51424385403086,15.642403843818254,3.1009277331294327,9.611113275710341,55.72656489923515,0,2026-09-22 23:22:54
2026-09-22 03:57:00,CNC-02,M,296.5074152528619,310.3201566850786,2208.4375359040355,,109.63620261450806,2.954440587370475,11.622730937899233,58.08652481055151,0,2026-09-22 23:22:54
2026-09-22 03:35:00,CNC-02,M,296.43854912388093,309.44338487815895,2586.391735747854,20.750071265453446,83.42458858034578,3.031168627485459,10.087501540301089,60.35641908339895,0,2026-09-22 23:22:54
2026-09-22 16:43:00,CNC-03,H,298.66060839736963,312.26008350222605,1745.2487546665827,37.105370014456604,33.05695085505092,2.4130268103374988,12.339583504987854,56.69363625486512,0,2026-09-22 23:22:54
2026-09-22 04:03:00,CNC-03,H,296.4610836357824,310.629815235231,2483.440089195576,27.203728517808713,147.15879726731686,3.2870827619218295,,0.0,0,2026-09-22 23:22:54
2026-09-22 07:49:00,CNC-02,M,296.01919752598246,310.5528283909267,1666.8070352418545,42.21924787260966,173.8253268066071,2.6766412770321213,13.236937532112357,58.782657719397115,0,2026-09-22 23:22:54
2026-09-22 16:06:00,CNC-01,L,298.8301283741537,313.00708189435187,1754.8136035408786,39.057209468241126,92.3597719428924,2.4526036995007168,12.850822328897168,55.22805859333745,0,2026-09-22 23:22:54
2026-09-22 13:46:00,CNC-01,L,298.24725982603155,313.2202505499428,1531.147476142648,51.91237327044243,115.61782741219669,2.3665327591670153,14.82709580557336,55.04385818496253,0,2026-09-22 23:22:54
2026-09-22 12:33:00,CNC-02,M,24.332661973008328,38.63665745284828,1276.0548822516917,54.854145435804185,142.87913394423956,2.105115236912351,13.074488917374417,58.29197715170939,0,2026-09-22 23:22:54
2026-09-22 15:21:23,CNC-01,L,298.4692026707383,312.4578786916054,1647.6548464341136,43.41342020522589,27.05214420612516,2.253253473288352,13.424892497713428,57.89914776612285,0,2026-09-22 23:22:54
2026-09-22 16:42:00,CNC-01,L,299.26580065204075,313.85505409280984,1751.4742463180637,41.72995906873491,144.23697246794944,2.575968865084176,13.674046384709069,53.73785392110495,0,2026-09-22 23:22:54
2026-09-22 09:21:00,CNC-03,H,295.98755445444925,309.92035803498527,1490.245669444742,46.430806945186745,76.0615206151336,2.2632789660956742,12.906239064097905,56.149482725466086,0,2026-09-22 23:22:54
2026-09-22 10:35:52,CNC-03,H,296.51826571216833,310.95625147498964,1379.9925040250405,51.45170645345394,194.57476378679138,2.386939056868993,13.51278641769855,57.019797254352326,0,2026-09-22 23:22:54
2026-09-22 09:07:00,CNC-03,H,295.84975914851793,310.3241002995482,1611.2113917110876,48.34339296355498,,21.719703849430562,14.580387827721013,55.873243112878264,0,2026-09-22 23:22:54
2026-09-22 07:18:00,CNC-02,M,296.3106203475448,310.4990370511535,1877.791159450013,36.383494525806405,129.34238298838287,2.557247339629726,12.965512709267385,60.13452598543816,0,2026-09-22 23:22:54
2026-09-22 22:24:00,CNC-02,M,299.6061353406271,312.66149859606077,2617.744146173095,19.022719998161953,75.26459677522368,3.217215545758483,9.368966002839217,53.21124539076284,0,2026-09-22 23:22:54
2026-09-22 14:57:24,CNC-03,H,298.04123660412273,312.36783922862173,1606.8977538727354,45.01895046614865,130.17742631921544,2.3584958182282674,13.793449980480652,57.594044944162974,0,2026-09-22 23:22:54
2026-09-22 22:18:00,CNC-01,L,299.14371893237995,311.06126483566123,2628.2792481202937,14.952124913259654,121.92847223228155,3.299705697730786,7.451017148368854,53.74490219059654,0,2026-09-22 23:22:54
2026-09-22 06:23:00,CNC-02,M,295.74937656280963,309.9198958265889,1914.293336956486,37.02637067516041,53.28872858467241,2.4538754916758196,13.075174384970941,57.38102198469671,0,2026-09-22 23:22:54
2026-09-22 12:16:50,CNC-01,L,297.35079992725497,312.54330461551285,1449.10731758666,53.51158601370191,200.81206643765694,2.8798243087574646,14.521091880074055,59.599829053111534,0,2026-09-22 23:22:54
2026-09-22 02:19:00,CNC-02,M,297.3740035099646,310.9099813848681,2522.7504275263746,21.90482715611577,215.1254472235186,3.8794762406090135,10.375418168161929,57.879793451469475,0,2026-09-22 23:22:54
2026-09-22 00:58:00,CNC-03,H,298.54611158524995,311.24188766862443,2600.3695615294464,19.441345130108914,160.71018163025002,3.3211388658363834,9.261357714183069,51.11401565282779,0,2026-09-22 23:22:54
2026-09-22 01:35:00,CNC-03,H,297.74793011783817,311.23492117711,2464.956283918926,22.8196090395377,200.74072539327082,3.3991951427313665,10.354416676092722,54.60062599713572,0,2026-09-22 23:22:54
2026-09-22 19:43:00,CNC-03,H,299.7458597542591,312.450311279026,2194.5828148502233,24.29085974224256,30.49501518929517,2.7348744211272598,9.800356001350167,56.58444709378233,0,2026-09-22 23:22:54
2026-09-22 09:14:00,CNC-01,L,296.05283339462943,310.38686494114756,1560.6071569167627,43.95269447377257,132.81893761837415,2.445487353296885,12.649432671179841,61.3011441108723,0,2026-09-22 23:22:54
2026-09-22 15:53:00,CNC-03,H,298.49949758622097,313.4285372683293,1659.9338514030399,45.22726794800739,212.51920657232148,2.8975441652906753,13.972103259959324,57.13399959654067,0,2026-09-22 23:22:54
2026-09-22 11:51:00,CNC-02,M,297.04339387334136,311.22738500202286,1389.6548346372929,50.2540475495822,76.19625461567327,2.0316358051890595,13.067370176569337,53.49749678784562,0,2026-09-22 23:22:54
2026-09-22 19:53:00,CNC-03,H,299.55793374261935,312.4448220843083,2302.767310004565,25.376911826540564,42.54546167115721,2.8946165591728557,10.89741802455007,52.30591120643199,0,2026-09-22 23:22:54
2026-09-22 14:14:45,CNC-01,L,298.4676832151788,313.4962845044778,1553.2885840139672,49.09764180308749,160.89304201150426,2.663752521719614,14.168427896030876,49.5279789069599,0,2026-09-22 23:22:54
2026-09-22 17:02:00,CNC-01,L,299.5861406932715,313.9475474262578,1768.02193567584,39.041804440714614,172.2405033647721,2.8585361294807115,13.160152242536006,52.05099082476194,0,2026-09-22 23:22:54
2026-09-22 22:53:00,CNC-01,L,299.2121544049995,312.0212589261669,2662.454272851897,18.59362495701754,159.72815655731654,3.6510296753564133,8.973278443579579,52.825671216522636,0,2026-09-22 23:22:54
2026-09-22 19:53:00,CNC-01,L,299.7433917702622,313.6703368378324,2394.429933900482,25.765104707511735,191.48158921598124,3.578183436772686,11.667807462037306,54.886356806907855,0,2026-09-22 23:22:54
2026-09-22 01:26:00,CNC-02,M,298.0676840332785,311.9261717876195,2578.368683217054,23.103768863108556,157.37862827525913,3.4470674149981657,11.238883258302115,57.04247085225364,0,2026-09-22 23:22:54
2026-09-22 10:53:00,CNC-01,L,296.68209104086407,310.47911091162104,1326.787416010899,50.841442361166656,69.25794528002487,2.0951276002047963,12.726373316176211,59.41131663449568,0,2026-09-22 23:22:54
2026-09-22 01:04:00,CNC-03,H,298.37986955739973,310.93100349057994,2656.9202389878824,16.900090186058556,167.15832373339796,3.4125004917137542,8.693292043169503,56.1740529227442,0,2026-09-22 23:22:54
2026-09-22 17:51:00,CNC-01,L,26.772709355865004,40.32164305246556,2054.2548350323304,33.160305391604446,36.320567182104895,2.714463607635406,12.448460648015232,54.23185954040044,0,2026-09-22 23:22:54
2026-09-22 17:30:00,CNC-01,L,25.932679527397568,38.97408952475536,1988.4734765578057,30.787912858573556,8.205552664871515,24.420286939647383,11.655383746512545,55.40344490074634,0,2026-09-22 23:22:54
2026-09-22 10:13:00,CNC-03,H,296.27026371312735,310.65390765316414,1427.7765411845617,50.642739689574654,156.79776517764253,2.3384450344807917,13.874579997093399,57.55503472136567,0,2026-09-22 23:22:54
2026-09-22 02:56:00,CNC-02,M,296.9239479329561,309.11156845619894,2416.1097209175973,19.10724095210039,38.441909744190745,2.9885172416216728,8.55882950816598,61.52867739047252,0,2026-09-22 23:22:54
2026-09-22 02:48:00,CNC-03,H,302.712013984413,308.82583098639446,2604.752158219956,18.196052588567156,60.6911140798085,3.2286778029862786,9.098826673336921,45.68753431349634,0,2026-09-22 23:22:54
2026-09-21 23:40:00,CNC-01,L,298.9517567508921,310.4141108103941,2782.6549250228086,13.196314463364839,36.12471835645846,3.4228937531829122,6.983421169322073,53.0154375387606,0,2026-09-22 23:22:54
2026-09-22 12:36:23,CNC-01,L,24.37022373301039,37.309440113984294,1347.992780732378,44.719849218279364,4.770092462901209,2.0863888984181935,11.281584129021708,55.78316840173931,0,2026-09-22 23:22:54
2026-09-22 11:14:00,CNC-02,M,296.76070478979597,310.05940993435604,1324.0156448002895,47.578776790517026,17.427118302941487,1.7837092593504484,11.478524592542215,60.31953650205932,0,2026-09-22 23:22:54
2026-09-22 10:58:00,CNC-02,M,296.67133066163956,311.9994164005881,1341.4641599304534,57.03424137204295,239.78295219787168,3.1193308085710227,14.406902647404287,55.81061030093541,1,2026-09-22 23:22:54
2026-09-22 18:56:00,CNC-01,L,299.6317089373179,314.0247667480248,2303.314956952183,30.518755216598947,121.18621791329853,3.0582807237010816,13.219527564203489,49.638015357959944,0,2026-09-22 23:22:54
2026-09-22 06:24:00,CNC-03,H,295.8077961596799,309.92788239884277,1827.8894794138637,38.582991840548885,72.7927449677415,2.426604857895593,13.19146572352891,62.75842607621044,0,2026-09-22 23:22:54
2026-09-21 23:31:00,CNC-02,M,299.2323943501881,311.184952317425,2702.2847285959497,16.329552261669274,34.645723164552464,3.3054945668597098,8.461464066149448,52.438605390102545,0,2026-09-22 23:22:54
2026-09-22 21:15:00,CNC-03,H,299.4825581139901,312.51794951323814,2532.4142235079876,20.97628657386817,137.7485250533569,3.317561684483434,10.305427309237317,55.131525170619234,0,2026-09-22 23:22:54
2026-09-22 03:42:00,CNC-02,M,296.4741623798173,309.0856867846476,2484.727279756151,20.673560217820945,91.76858786923407,3.115131256718223,9.607397634525844,55.38700025673934,0,2026-09-22 23:22:54
2026-09-22 08:27:00,CNC-01,L,296.2289003627692,310.37415878708146,1638.4179659548267,43.13741885640728,61.46633862410935,2.3046422195516643,13.22802620863947,55.38431205679427,0,2026-09-22 23:22:54
2026-09-22 15:27:00,CNC-03,H,298.08456271290595,313.02951990351073,1562.9242953788755,48.309432226943365,173.72407477213483,2.5583672589533224,14.017075437426108,60.80043354109715,0,2026-09-22 23:22:54
2026-09-22 02:33:00,CNC-03,H,302.6121549080266,308.88935864248424,2564.923844806725,19.027461017616538,43.8008222252208,3.2389651153509127,9.256993081498916,47.69589545054224,0,2026-09-22 23:22:54
2026-09-22 04:55:00,CNC-02,M,296.3806593123445,311.13538706011724,2322.5624595271847,31.817656898099848,180.54719406595208,3.2848856025996875,13.70452482535821,55.598708279740734,0,2026-09-22 23:22:54
2026-09-22 15:13:00,CNC-02,M,298.7449734738782,313.2217657161688,1417.220654916145,50.03361887873979,168.58181997582795,2.416427974969336,13.224297338926425,56.08563222142713,0,2026-09-22 23:22:54
2026-09-22 17:57:00,CNC-02,M,27.329691530234243,,1958.115649058066,41.405584270204166,187.611800811534,3.133573686578206,15.040854190509116,,0,2026-09-22 23:22:54
2026-09-22 09:52:20,CNC-02,M,296.03530437070265,310.75381037884597,1412.7041446933106,50.69398299703445,135.82055581859117,2.2847819735834913,13.448312218324363,58.830377424884674,0,2026-09-22 23:22:54
2026-09-22 13:02:00,CNC-03,H,23.96806216914524,38.39622862504797,1354.7882992999953,49.338604973779006,166.51442142277043,2.416195528692941,12.226809697395552,59.96877517031317,0,2026-09-22 23:22:54
2026-09-22 19:02:00,CNC-01,L,299.6443474342986,313.30104457726884,2264.710826289982,26.755541294257235,128.74771544482525,3.068311081840672,11.284524676984308,48.37254529371037,0,2026-09-22 23:22:54
2026-09-22 18:38:00,CNC-03,H,299.5833436727897,314.33482775123906,2198.683290295779,33.81711884245275,189.21241998604728,3.2471773736236407,14.034301875504987,57.605585993465084,0,2026-09-22 23:22:54
2026-09-22 21:53:00,CNC-03,H,299.6399313575625,312.010808245776,2579.519251637647,15.576870882265684,180.3549771812807,3.3564761578040625,7.368562657258277,48.174075235085034,0,2026-09-22 23:22:54
2026-09-22 15:25:00,CNC-03,H,298.11040358106703,10706.350023001824,1528.2921507996061,52.24605293079767,170.6907048835359,2.481139835034968,14.974812700046593,57.14842249990046,0,2026-09-22 23:22:54
2026-09-22 00:45:00,CNC-02,M,298.46427447407865,311.00710090712886,2633.7427639201064,17.998294729919735,113.52563873796869,3.3845009736602902,8.845337994189078,56.66065929544793,0,2026-09-22 23:22:54
2026-09-22 09:36:00,CNC-02,M,296.23900556655843,310.62896182893604,1421.6332206779048,47.580935207166625,110.90198469776689,2.079644591914167,12.535587967008043,58.33070345390969,0,2026-09-22 23:22:54
2026-09-21 23:55:00,CNC-03,H,299.10368675535045,311.3767777374397,2847.1350494920825,16.93352111914655,93.65655752851596,3.3944570687630082,9.214212598495237,52.121092616398364,0,2026-09-22 23:22:54
2026-09-22 17:10:00,CNC-01,L,299.2676110268057,314.1939094047157,1898.5602086379306,39.514703298771245,183.40985765265066,3.0905660480576986,13.88326301320188,53.51807825635533,0,2026-09-22 23:22:54
2026-09-22 22:15:00,CNC-02,M,299.1252038126856,310.84908159289665,2699.324314018141,12.893631191711286,65.41422215360933,3.2001041096869574,6.556439152248044,49.142081792571545,0,2026-09-22 23:22:54
2026-09-22 02:30:00,CNC-03,H,303.1608213116431,309.8040370501066,2577.670368422073,20.230619282706062,40.516269721373725,3.088497889973727,9.887258329287539,48.77196949342237,0,2026-09-22 23:22:54
2026-09-22 01:12:00,CNC-02,M,298.4721525432243,310.9355536016736,2632.923825032472,18.34917419243813,142.3074724081871,3.3680082525120607,9.12282562293813,52.24597119314169,0,2026-09-22 23:22:54
2026-09-22 22:59:00,CNC-01,L,298.9478059073683,312.4180319593106,2626.5716378723714,20.95285627966069,166.0999994350467,3.6567243874903674,10.248320186640257,54.98789917709236,0,2026-09-22 23:22:54
2026-09-22 02:56:00,CNC-03,H,296.8922304048571,309.4624729759003,2502.9424340760684,20.685682710832236,69.63599133031367,3.010116248431444,9.687376003130444,60.25279570683167,0,2026-09-22 23:22:54
2026-09-22 04:24:00,CNC-03,H,296.30290759204036,310.43148198574795,2241.057396083478,419.97471516096687,172.7179050635347,3.238543141975262,12.223460203985477,55.3072687500854,0,2026-09-22 23:22:54
2026-09-22 10:42:00,CNC-01,L,296.4202568220501,310.50646343943953,1357.050615079273,53.54490151390333,51.83870292701628,2.0750015965617026,13.479905921153424,59.226592190560936,0,2026-09-22 23:22:54
2026-09-22 16:15:00,CNC-03,H,298.76959714127617,313.93216390458304,1734.9278178717389,43.86947539098466,244.60585218299596,3.2741967430508048,14.17929531184706,51.481585629516715,0,2026-09-22 23:22:54
2026-09-22 07:15:00,CNC-01,L,295.865404780328,310.5020305994093,1953.8805443668368,36.467863323819046,155.69852376072967,2.9185014159927767,13.382693668052172,60.749403923844774,0,2026-09-22 23:22:54
2026-09-22 23:00:00,CNC-03,H,298.89224482594864,312.389286861545,2692.669922589131,19.94537783795926,253.0474491023389,4.435576150904843,10.010416294199484,54.1730241359484,0,2026-09-22 23:22:54
2026-09-22 13:43:00,CNC-03,H,297.5297865318509,311.2310550713739,1354.2344348151341,51.177335076837295,14.17653838366357,2.0218941096013907,13.092158110052997,53.275804020679196,0,2026-09-22 23:22:54
2026-09-22 11:46:00,CNC-03,H,296.63884432671244,310.76136566883906,1380.3122191522348,52.42844384972227,46.127764067716214,2.059138220372435,13.691020056232585,59.09186062185889,0,2026-09-22 23:22:54
2026-09-22 18:51:00,CNC-02,M,300.27972295202767,314.50422197329846,2087.6041816996963,33.87426191333565,32.26495672788735,2.7343104911016716,13.208308075849715,52.83421414102606,0,2026-09-22 23:22:54
2026-09-22 06:59:00,CNC-02,M,296.24001788519223,310.2652152228428,1797.9067622578323,37.17200362678025,102.73689200901012,2.4539041325092557,12.61601859966486,59.14800711354287,0,2026-09-22 23:22:54
2026-09-22 18:44:00,CNC-02,M,300.3667360702161,314.03921772669133,2148.016481764178,27.920081110353756,23.310409965197028,2.7199895152570863,11.31314816446874,48.51230684749123,0,2026-09-22 23:22:54
2026-09-22 18:51:00,CNC-01,L,299.8647972457029,313.7570918385377,2213.2140620180926,29.74831119312965,114.86774082143596,2.954352000678182,12.16535900743405,51.05661885197969,0,2026-09-22 23:22:54
2026-09-22 02:40:12,CNC-01,L,298.0654310222553,310.30019040791143,2491.2793385709574,19.367793990357285,12.35232610496471,3.10757070786192,8.97792760732813,54.336464916414464,0,2026-09-22 23:22:54
2026-09-22 13:12:00,CNC-03,H,23.96541924171902,38.932758543372984,1410.2003730664883,52.79083295475209,182.28642138976147,2.4075490292720634,13.733448454005416,54.47116437093636,0,2026-09-22 23:22:54
2026-09-22 04:45:00,CNC-01,L,302.4178685584539,310.08843073087434,2308.4067616899483,26.014865273729196,159.25134354032087,3.2800403292217672,10.960041753319759,46.17221918883387,0,2026-09-22 23:22:54
2026-09-22 04:10:35,CNC-01,L,,310.70043326554685,2513.25565505147,23.81234128482779,116.3055955195286,3.2318869827785934,11.212269066629041,53.61530327363589,0,2026-09-22 23:22:54
2026-09-22 00:52:00,CNC-03,H,298.66565534775424,311.8322367500535,2679.668499721484,19.999526040795313,154.32659654052463,3.442515742629543,10.255741269348968,55.86480010618041,0,2026-09-22 23:22:54
2026-09-22 14:49:00,CNC-01,L,298.0176833991471,312.78962851237014,1600.7468402552527,45.32790994102976,213.13252037154348,3.2093376263685105,13.440783261727772,49.671994460062976,0,2026-09-22 23:22:54
2026-09-22 16:07:00,CNC-02,M,299.27878666123866,313.49804852737924,1730.3968871850127,41.91164718570823,34.003363762431775,2.256820325182841,13.915825509727927,52.392486080559394,0,2026-09-22 23:22:54
2026-09-22 22:19:00,CNC-01,L,299.2087937168976,311.72797373917786,2630.5567770283287,17.551723659199695,123.00213569706736,3.280189585210011,8.804189485736524,52.106028022845116,0,2026-09-22 23:22:54
2026-09-22 21:09:00,CNC-02,M,300.17733801521524,314.5317380992611,2290.526075299015,27.736247602398798,197.23196860204217,3.4097022727386768,11.613173393937457,48.12279691421575,0,2026-09-22 23:22:54
2026-09-22 10:04:00,CNC-02,M,296.14064209888124,311.1601932469407,1471.9559179746925,50.85636252922123,154.48035842856115,2.448866494036744,14.097031119927086,60.12903959994993,0,2026-09-22 23:22:54
2026-09-22 02:07:00,CNC-03,H,303.25955048717867,309.02525935143325,2733.7338512213555,15.578302025977758,15.051837361882736,3.2456566947229875,8.07798389333804,49.184842378886934,0,2026-09-22 23:22:54
2026-09-22 17:42:00,CNC-02,M,32.360277023613605,41.20700750880235,1892.1682246608068,38.5742730481037,167.55368204573088,2.954738199761223,13.985440839918349,38.04379064600305,0,2026-09-22 23:22:54
2026-09-22 11:23:00,CNC-02,M,296.49201546451826,310.6098687302178,1272.124797483613,55.316868508547955,31.685892135991654,1.9213189605725907,13.205861730777597,55.94671371127692,0,2026-09-22 23:22:54
2026-09-22 04:47:39,CNC-03,H,296.1704017626299,311.0561561985342,2215.026001080581,32.98001476736791,202.3312942024311,3.431094265721211,13.315039189511637,55.36356133574805,0,2026-09-22 23:22:54
2026-09-21 23:31:00,CNC-01,L,299.061864655254,311.56495272087966,2698.825292791496,18.63829648618913,26.547724306294622,3.2606550665834675,9.32258221709583,48.76846534537369,0,2026-09-22 23:22:54
2026-09-22 18:31:00,CNC-03,H,299.7974150854419,314.5519786857726,2186.3383120862495,32.27048344149818,180.17219620427272,3.029466836587028,13.335066830052602,48.66899455726072,0,2026-09-22 23:22:54
2026-09-22 16:03:00,CNC-01,L,299.1474370690731,314.04831587755547,1724.7187715070993,45.62177574429772,88.0360856874732,24.3424133187053,14.548256387333392,52.56370106456382,0,2026-09-22 23:22:54
2026-09-22 07:41:00,CNC-02,M,296.2201985784933,311.3363767291706,1661.0861025743573,47.5373377450131,162.19835899375158,2.6435721137907953,14.803884314521202,63.88616390003934,0,2026-09-22 23:22:54
2026-09-22 22:00:00,CNC-01,L,299.24047829976234,312.36611436150105,2401.03517613418,25.050869871905277,,3.081931062672712,11.372832308590695,50.64291965908415,0,2026-09-22 23:22:54
2026-09-22 06:50:00,CNC-03,H,296.24343909346004,310.4858880885681,1939.023239385477,36.53052708474052,108.74367128337956,2.63687797346758,13.445028381524057,57.74600664610326,0,2026-09-22 23:22:54
2026-09-22 12:21:00,CNC-03,H,297.0254958240056,311.6020614160648,1539.9055108857758,49.05270737123032,101.68792634021453,2.3095034795940736,14.308693862581789,56.63292499203181,0,2026-09-22 23:22:54
2026-09-22 17:45:00,CNC-02,M,32.44901061403857,41.29789762398144,1986.6999276878726,37.18736391410236,171.55762093514662,2.9706810264429704,13.991155806584056,37.18598697293739,0,2026-09-22 23:22:54
2026-09-22 22:14:53,CNC-03,H,299.59651898933464,311.4351474123265,2768.8516746851064,12.642887088408255,203.47799737958377,3.9345390273727565,6.634857753153028,52.05728256898075,0,2026-09-22 23:22:54
2026-09-22 09:11:00,CNC-01,L,296.1225731341532,311.13786732107434,1483.3453137161237,54.115128163638374,128.20052261969454,2.3719894715362795,,59.59678818735731,0,2026-09-22 23:22:54
2026-09-22 07:20:00,CNC-01,L,295.95011352039154,311.0866112241062,1823.9092811246614,43.78647245864729,162.77240588561185,2.771034638806467,0.0,54.91839614317318,0,2026-09-22 23:22:54
2026-09-22 01:52:00,CNC-01,L,298.5278930259471,311.8474145509147,2625.4151092712837,22.001750876041044,177.31984866040023,3.7291964450395705,10.999553146434854,57.10454426367127,0,2026-09-22 23:22:54
2026-09-22 03:31:00,CNC-02,M,296.81368576610816,309.81818479995354,2378.615670724972,23.346460426867665,78.77783251832827,3.0643104547590063,10.438996451024165,56.02381988501505,0,2026-09-22 23:22:54
2026-09-22 21:48:00,CNC-01,L,299.2584808217628,311.7476444608584,2609.414089820151,17.963096364800297,89.22079776787577,30.919931907650202,8.680683002178247,51.86841163410972,0,2026-09-22 23:22:54
2026-09-22 02:49:00,CNC-01,L,298.0615490091275,310.1171411517883,2574.7998969207106,18.319155774116943,21.370467711461753,3.0189277546893956,8.630786034126471,55.26443483011037,0,2026-09-22 23:22:54
2026-09-22 00:16:00,CNC-02,M,298.625049588904,310.9808677681856,2547.00836894016,18.679066049977898,82.5047636908838,3.131420395812265,9.074432262659748,51.24230737909471,0,2026-09-22 23:22:54
2026-09-22 12:51:00,CNC-02,M,23.97260335416803,39.22919391786792,1438.9353319709091,54.77799478501062,171.4564000014797,2.471457899737514,14.846464725096777,52.805596717844615,0,2026-09-22 23:22:54
2026-09-22 06:21:00,CNC-01,L,296.4606880803035,310.44139230062206,1950.0970233792082,34.668446494180046,80.73322867153438,2.666495175237928,12.405066798910953,57.44753829566869,0,2026-09-22 23:22:54
2026-09-22 22:04:00,CNC-01,L,299.4151532455754,312.69007965528976,2863.6682684254033,19.827208864463344,106.73598875054702,3.3903981414606386,10.805072033912374,54.21042594340256,0,2026-09-22 23:22:54
2026-09-22 07:54:00,CNC-02,M,296.18481840650986,311.11391229878325,1661.3075651558158,45.87930387880236,181.04274570590692,2.7451751579715675,13.855397359275212,57.38901342406119,0,2026-09-22 23:22:54
2026-09-22 04:34:00,CNC-01,L,302.54722898206006,310.87269486445973,2147.2256778140504,32.85043332277549,145.69776301318024,3.0943443740437173,13.245623603962857,44.37092821718688,0,2026-09-22 23:22:54
2026-09-22 19:26:00,CNC-03,H,299.5671083332309,313.46658789826694,2274.754118300979,31.680354289364036,9.840835466585037,2.9992335148622615,13.563901502774907,49.250178959142566,0,2026-09-22 23:22:54
2026-09-22 14:10:00,CNC-01,L,298.1900289971855,312.8066176869836,1399.3115366430013,52.77375951103766,153.1339924116864,23.44080276684671,13.668240841951064,54.79912151687512,0,2026-09-22 23:22:54
2026-09-22 11:24:00,CNC-02,M,296.2445753517025,310.0554822145467,1333.2663840748212,51.767088723794856,33.28589213599165,1.9109489816541059,13.321306527550947,57.67629967418153,0,2026-09-22 23:22:54
2026-09-22 17:38:00,CNC-02,M,32.34254494956599,40.662340466070305,1857.6735609558107,37.02669940083693,162.24777473758735,2.6942799310751395,12.637907420614008,41.315592430237416,0,2026-09-22 23:22:54
2026-09-22 15:30:00,CNC-03,H,298.3317351018826,313.71005855461465,1714.5567486405305,47.313842397223944,178.22937462291512,2.7237876339659963,14.96239015585225,55.64512444938253,0,2026-09-22 23:22:54
2026-09-22 10:47:00,CNC-02,M,296.5089653180437,311.4344895683211,1331.7767268555463,52.53007105555444,222.35462572933713,2.8363212319325544,12.971071721628299,58.72315432542807,0,2026-09-22 23:22:54
2026-09-22 00:57:00,CNC-01,L,298.6068125151205,311.03819638528427,2690.1323412115566,16.98209493370565,118.07699054058749,3.3946343019104304,8.345696250707384,58.457250161307435,0,2026-09-22 23:22:54
2026-09-22 18:39:00,CNC-03,H,299.2075401680547,313.91552016101195,2056.5706251976812,35.10164830505521,190.5541718807346,3.029047804599693,13.518614028874492,49.9908264102584,0,2026-09-22 23:22:54
2026-09-22 21:56:00,CNC-01,L,299.5579981341938,312.67283927404367,2565.8919059439486,22.524787097941285,97.98933300721961,3.2124084204079377,10.661742565378114,48.27771214167647,0,2026-09-22 23:22:54
2026-09-22 16:18:00,CNC-03,H,298.73308478607066,313.51199800331386,1678.5731502025642,42.29769564444308,248.9104679900782,3.2703057990239897,13.227591149550236,55.620241453906004,0,2026-09-22 23:22:54
2026-09-22 15:06:00,CNC-03,H,297.8995103052662,312.2974538364164,1542.2180617676559,46.87699595034508,142.23449471441774,2.4198466535855396,13.917818623158906,52.08928419268669,0,2026-09-22 23:22:54
2026-09-22 15:52:00,CNC-02,M,299.0780436105352,313.3781914124765,1769.789556676837,41.207714300586154,11.93865748067122,2.3016841472298024,13.655744440591066,48.62148224897536,0,2026-09-22 23:22:54
2026-09-22 17:12:00,CNC-03,H,298.9426387029593,312.6420369253143,1889.1035301060672,34.67207703262357,73.97522562469484,2.5113595146071237,12.563259859889719,51.21585172836548,0,2026-09-22 23:22:54
2026-09-22 04:45:00,CNC-02,M,296.48623119141644,310.2189244683405,2284.4375380495367,26.300436904218873,168.16123082695663,3.2864077513119656,11.339621548962514,58.53741731971113,0,2026-09-22 23:22:54
2026-09-21 23:27:00,CNC-03,H,299.23376927222,311.12434708334,2767.231466618952,15.613016768507595,63.69027488154535,3.2823375493571088,7.980816739135299,54.64357426772926,0,2026-09-22 23:22:54
2026-09-22 08:23:00,CNC-01,L,296.20221573441586,309.8803522070223,1638.1110066605352,41.48747791233197,55.47586874689337,23.018722516622912,12.827920090070341,57.750644923506755,0,2026-09-22 23:22:54
2026-09-22 04:21:00,CNC-01,L,297.12803873866767,310.9520825191904,2266.1054648654763,27.222959967676562,129.67458728204855,3.0823786750104243,11.494563571613387,54.80015998672549,0,2026-09-22 23:22:54
2026-09-22 17:35:00,CNC-02,M,32.20046301833116,41.14669886569254,2006.159774805793,37.72769213443086,158.15372559215436,2.8785375338237,14.193029956264837,43.47527944575807,0,2026-09-22 23:22:54
2026-09-21 23:37:00,CNC-01,L,299.3503565816998,311.8720266899434,2550.3451657694695,20.963106027712808,32.93435150348721,3.2176507165553847,9.935960876043957,49.937819283549565,0,2026-09-22 23:22:54
2026-09-22 07:00:00,CNC-03,H,296.0418230695492,310.37879535046704,1800.7498721665968,40.28622819228868,122.68985516988528,2.4931347347646327,13.479022602087811,56.565717002288935,0,2026-09-22 23:22:54
2026-09-22 17:54:00,CNC-01,L,26.849725989532146,40.612104951221454,2031.5517409300537,33.9092323714979,40.41948906497713,2.6313421374594124,12.837074467624465,52.07964521597552,0,2026-09-22 23:22:54
2026-09-22 09:27:00,CNC-01,L,296.318796904618,310.6411862555909,1318.6938560085516,52.730832151880364,152.95697733186296,2.261107900935841,12.955028854906443,58.97504334980744,0,2026-09-22 23:22:54
2026-09-22 18:20:00,CNC-02,M,,41.52107155501096,0.0,31.967591954017564,217.87653576702758,34.44514663526927,12.959799335324577,49.95604612004441,0,2026-09-22 23:22:54
2026-09-22 18:27:00,CNC-02,M,300.11902573552226,313.32001594181025,2003.7571195399241,28.413493547648002,1.310564952775008,2.6431564569814054,10.666759456212768,52.16627288267438,0,2026-09-22 23:22:54
2026-09-22 09:43:00,CNC-02,M,296.28497581496,311.4534292303554,1621.7416622560245,49.476038049498335,121.75132820159912,23.363466206478947,,56.7929278752514,0,2026-09-22 23:22:54
2026-09-22 00:19:00,CNC-03,H,298.7505729043463,311.12673168781953,2715.404265652165,16.65916078351567,119.08936257599274,32.45473182477318,8.413195335717667,51.07389100731954,0,2026-09-22 23:22:54
2026-09-22 10:00:00,CNC-01,L,296.46180503154375,311.5448597418535,1670.7045043551404,46.3335908263057,204.1392463742609,3.093435518332783,14.484515023627988,56.93266267122917,0,2026-09-22 23:22:54
2026-09-22 13:24:00,CNC-01,L,24.808813304232785,39.063476683088766,1330.3375614507008,53.85483061047181,80.9602781678664,2.0279995717337034,13.154196898477549,52.25766093548293,0,2026-09-22 23:22:54
2026-09-22 08:20:00,CNC-03,H,295.8133821947583,310.849201585491,1538.598291300982,48.461009217396125,238.46588208694013,3.01191749362563,13.948854667379216,54.70984950059082,0,2026-09-22 23:22:54
2026-09-22 12:58:00,CNC-03,H,24.232977416651977,38.982665171934116,1420.7786001838429,54.04037210052985,160.22842126428395,2.511400755371307,14.307064607386229,53.86653245312594,0,2026-09-22 23:22:54
2026-09-22 01:03:00,CNC-02,M,298.1754064303861,310.6090715457263,2555.794097683241,18.102624026471005,132.59327309008785,3.3053366670050517,8.591655801115179,50.411144625580945,0,2026-09-22 23:22:54
2026-09-22 10:05:00,CNC-03,H,295.9420080783787,310.57601126887994,1559.3095461747187,47.32563801611312,144.30641652383466,2.3622387519035573,13.664074929035676,57.64085528948381,0,2026-09-22 23:22:54
2026-09-22 12:32:00,CNC-03,H,23.99953890484619,38.669574939907136,1364.767681212982,53.942394875388,119.11125000234496,2.1856848539425635,13.714478283281279,55.86188257502077,0,2026-09-22 23:22:54
2026-09-22 08:31:00,CNC-03,H,295.8241349650564,309.20307725551146,1632.0275718435807,39.704050964542894,0.0,2.2098822256693036,12.022280413211167,60.790633377333855,0,2026-09-22 23:22:54
2026-09-21 23:58:00,CNC-02,M,298.7969251381255,310.2610027075871,2766.9189958658353,13.293465262512058,63.26557211808466,3.304370007975115,6.545735964002056,53.465379102154465,0,2026-09-22 23:22:54
2026-09-22 02:32:00,CNC-02,M,297.2596371227979,309.1677159851424,2541.944637957033,17.113893912179744,11.162708838257693,3.0503779259869455,8.163455937470259,52.293224948301535,0,2026-09-22 23:22:54
2026-09-22 04:07:00,CNC-03,H,296.1321368261081,310.14436521874023,2272.0810021066263,28.090246712230947,151.95686427208926,3.033776789645653,12.213952771502665,60.02461002312428,0,2026-09-22 23:22:54
2026-09-22 09:19:00,CNC-01,L,296.36851846322014,311.1655003344073,1550.397448337981,48.68226209734192,140.48819765674637,2.3495927053174714,14.193461776528375,59.77421446449682,0,2026-09-22 23:22:54
2026-09-22 21:44:00,CNC-01,L,299.6472931561675,311.5944786708926,2538.5144063929743,16.86189131199238,84.90594502308272,3.1450926627870373,8.032277971189416,52.98061122761766,0,2026-09-22 23:22:54
2026-09-22 08:21:00,CNC-03,H,295.703090155351,310.97403249142343,1669.0563999241638,47.57735636200292,239.93567064702037,3.176898447202647,15.060417475442454,62.82147694326546,0,2026-09-22 23:22:54
2026-09-22 02:17:00,CNC-03,H,303.1620634480875,309.83359462923977,2665.3784088672583,19.88056240551573,26.122352250043896,3.1899685590378417,10.094185504917725,46.12487449680852,0,2026-09-22 23:22:54
2026-09-22 11:46:00,CNC-02,M,296.7037058682428,310.5076090444272,1345.264608224758,50.19014817771977,68.226359856211,2.029890979000332,12.467275984376712,58.053314625534604,0,2026-09-22 23:22:54
2026-09-22 06:40:00,CNC-03,H,296.07309144613635,309.9582666394729,1957.48752123984,34.850066249689895,94.75484380169226,2.5728943994466187,12.897912073222528,58.70087875964995,0,2026-09-22 23:22:54
2026-09-22 06:39:33,CNC-03,H,296.06179886970443,310.0578888936285,2018.8233465873925,35.31047919504073,93.39249350690869,2.7062396892551224,13.16945885482439,63.54629500173864,0,2026-09-22 23:22:54
2026-09-22 10:25:00,CNC-02,M,296.0053626345744,311.16321805108197,1451.1005802548896,51.72451162957067,187.51483859625225,2.615752600135547,13.819524252886382,57.73884665494357,0,2026-09-22 23:22:54
2026-09-22 01:13:00,CNC-02,M,297.93246782560783,310.7322494265634,2549.7270377734803,19.57195466594715,143.40819460051392,3.336134290698429,9.44988116820519,51.632386118905,0,2026-09-22 23:22:54
2026-09-22 21:54:00,CNC-02,M,299.60906018201285,312.60878219940423,2601.3385443791926,20.42698037805802,42.343486421596246,3.193843107124188,0.0,52.03057900412149,0,2026-09-22 23:22:54
2026-09-22 08:24:00,CNC-02,M,295.7898718988352,310.1087751166316,1717.5469553458195,44.30902107935987,1.4796775109154492,2.282503947236046,14.141710969718059,55.418567989004956,0,2026-09-22 23:22:54
2026-09-22 04:28:00,CNC-03,H,296.25881809394946,310.56685084057887,2172.208108248956,32.282927047050244,177.70471541641723,3.103613307121419,13.053077644368013,54.538670640497344,0,2026-09-22 23:22:54
2026-09-22 06:31:00,CNC-02,M,296.15732407059033,310.34328029011897,2030.3845002905546,34.42557955309914,64.06060691662502,2.6178906398920163,12.83712590420618,58.32910285402872,0,2026-09-22 23:22:54
2026-09-22 04:05:00,CNC-02,M,296.1397738971995,310.31239157593666,2232.6777558417302,30.07960219904777,119.45677019661511,2.9143000324654325,12.631485308721608,59.164662785813945,0,2026-09-22 23:22:54
2026-09-22 06:29:00,CNC-01,L,296.51790704753864,311.04402415685604,1927.7835022562197,40.59674533368074,91.55277769262833,26.764267604300375,14.54958933653172,62.623983916171944,0,2026-09-22 23:22:54
2026-09-22 18:10:00,CNC-03,H,26.195756604290466,40.9477480979038,1941.60997341609,38.32686742600072,152.7692824662604,2.9079709611555584,13.797541250075723,52.32155717922133,0,2026-09-22 23:22:54
2026-09-22 13:10:00,CNC-01,L,24.511938730491636,38.79045890804656,1348.1459666804985,54.485546818226005,58.7029902507138,1.9807998824703836,13.690541119446001,58.86772963464052,0,2026-09-22 23:22:54
2026-09-22 02:07:00,CNC-01,L,298.41206819533767,311.49816191738773,2563.0001164376354,19.540340886982417,193.81293066318946,3.9157530518299457,9.498860661648882,55.40726839930964,0,2026-09-22 23:22:54
2026-09-22 17:58:00,CNC-01,L,26.458378165131933,40.07132386180899,1966.8433592556034,33.3590037867939,45.75037329414765,2.5828017607009954,12.048421346008443,53.53357983129726,0,2026-09-22 23:22:54
2026-09-22 09:34:00,CNC-01,L,296.54059307001114,311.2753738812769,1500.3855854846006,48.99122840343261,163.76921489108878,2.6386832675371292,13.627067546357418,58.245277538366224,0,2026-09-22 23:22:54
2026-09-22 19:53:00,CNC-02,M,300.72597092200334,314.7560753990874,2367.491501730053,26.477720175429745,108.77657578415942,3.0449571789575067,11.572626077975062,51.958655729059885,0,2026-09-22 23:22:54
2026-09-22 12:40:00,CNC-01,L,24.142666278239403,37.61832371402505,1372.1145862478577,47.29253975042606,11.127509357834331,1.9072050362663457,12.218036018883643,56.80554063656124,0,2026-09-22 23:22:54
2026-09-22 17:29:00,CNC-01,L,26.525034439320848,40.096614107027506,1946.9751374384416,35.64547633993573,6.852475954465128,2.573617644502638,12.806156802150412,54.00109442933253,0,2026-09-22 23:22:54
2026-09-22 05:01:00,CNC-02,M,296.24083584835546,310.6783600069616,2129.1772632787806,31.62003656004202,188.0198937117922,3.2704332650842156,12.742815212708404,56.58914286587572,0,2026-09-22 23:22:54
2026-09-22 04:00:00,CNC-01,L,297.41572315448354,310.7238244910018,2287.954817011423,25.14507230560736,104.38024143013756,2.8655870908224603,10.596645753240976,53.56753174546275,0,2026-09-22 23:22:54
2026-09-22 14:08:00,CNC-01,L,298.18284558599413,312.87878106434715,1372.9263063333226,54.748758211016046,149.94396042531497,2.418213303754791,14.031444136387844,53.4950294385575,0,2026-09-22 23:22:54
2026-09-22 12:56:00,CNC-01,L,24.62957334752133,37.97725229729667,1356.0452238215612,46.346226224550996,36.54749069144464,2.0417690406052023,11.80400817416948,54.810988772940156,0,2026-09-22 23:22:54
2026-09-22 13:11:00,CNC-01,L,24.34234480761313,38.037135638643576,1369.4566617553687,50.2953017151319,60.302990250713805,2.0026312374549877,12.622192138682802,51.741587901439516,0,2026-09-22 23:22:54
2026-09-22 20:15:00,CNC-01,L,299.92310472302313,313.05179002631303,2288.0395997794917,21.641858182555183,217.70926856400715,3.9188680234986597,9.404619009586478,46.99941612487062,0,2026-09-22 23:22:54
2026-09-22 09:33:00,CNC-01,L,296.52884222051586,311.31623661451516,1518.7630021176349,49.909164001721564,162.2312998476323,2.498364112160075,14.138014760232727,61.282378743177006,0,2026-09-22 23:22:54
2026-09-21 23:36:00,CNC-01,L,299.2619740637419,310.5293675471078,2749.351816082435,12.549439153373314,31.817117871828923,3.242816073047034,6.257980843502561,54.30884742719431,0,2026-09-22 23:22:54
2026-09-22 06:33:00,CNC-01,L,296.3652632841519,310.11233403229613,1901.300531725177,33.192906884456,97.00712419081259,2.600403426052028,11.813318604588279,57.6995415622488,0,2026-09-22 23:22:54
2026-09-22 12:23:00,CNC-03,H,297.02887774295164,311.77498917995484,1488.7017783770918,50.23804368906286,104.8279059558392,2.2622367434637045,13.953323695879293,57.29542095610372,0,2026-09-22 23:22:54
2026-09-22 21:57:00,CNC-03,H,299.59215219476914,312.75474861837677,2589.600701716437,20.592344711186104,184.74224529933701,3.5133206964516135,9.7301193441037,52.508583710046096,0,2026-09-22 23:22:54
2026-09-21 23:32:00,CNC-02,M,299.26276892522986,311.86888955411905,2595.520351347913,20.43752744539139,35.756948136383244,3.2454773402162127,9.856631085035914,51.93837886411023,0,2026-09-22 23:22:54
2026-09-22 02:50:00,CNC-03,H,302.71062087940936,309.6382102265609,2559.0659895059853,21.983039376952625,62.857481046658584,2.99568517262221,10.39877380844541,45.559215992975425,0,2026-09-22 23:22:54
2026-09-21 23:59:00,CNC-02,M,298.6963853143821,311.39056658446924,2789.1902517418694,18.69226151928035,64.30421451028005,3.2937349945657846,9.514145789192122,55.55835079250601,0,2026-09-22 23:22:54
2026-09-22 01:40:00,CNC-01,L,298.65404629654984,311.81905157426115,2594.9063597033537,20.728590825492958,164.30243889200264,3.596723662486639,9.908893494901871,53.83739928056961,0,2026-09-22 23:22:54
2026-09-22 16:39:00,CNC-02,M,305.1099652098219,313.25471260361957,1826.3105830814222,37.27093567683525,80.08356753568317,2.5090663028364957,12.830216739368433,42.94219099498706,0,2026-09-22 23:22:54
2026-09-21 23:34:00,CNC-03,H,299.0017187525494,311.64217643098794,2598.314623283558,19.048800802119583,71.33684661617505,3.1259473525341797,9.139243055947684,52.927592832084905,0,2026-09-22 23:22:54
2026-09-22 04:29:00,CNC-01,L,297.25133664445985,311.15023506756205,2123.890200672621,31.131911707773856,139.46980296459694,2.945676959158392,12.125057856616525,61.43042201146369,0,2026-09-22 23:22:54
2026-09-22 19:12:00,CNC-02,M,300.3713343752086,313.877538572744,2247.2535019711195,25.92693960700005,58.58393957118818,2.8959873106032146,10.774415488512165,50.5759391251484,0,2026-09-22 23:22:54
2026-09-22 03:31:00,CNC-03,H,296.86124823909915,309.81723257665686,2451.9807697756382,21.752868561031384,109.7233777703943,2.9756881689686607,9.986211741021544,53.55561396456662,0,2026-09-22 23:22:54
2026-09-22 01:32:00,CNC-01,L,298.71408111793994,311.30641190004826,2730.511472863026,16.730056423280907,155.5978228370454,3.6065972224658243,8.67066914683545,50.028849426954345,0,2026-09-22 23:22:54
2026-09-22 02:01:00,CNC-02,M,297.6761666454727,311.5870662090743,2679.4696193994705,22.409340147419766,195.28307443629134,3.769590250189068,11.310387167145908,48.20355518352219,0,2026-09-22 23:22:54
2026-09-22 18:50:00,CNC-02,M,300.21530329499154,314.311728901767,2133.6266530313223,33.60196284288876,30.97295993117638,2.7035951485685623,13.4669711271346,52.728829897820546,0,2026-09-22 23:22:54
2026-09-22 02:39:00,CNC-01,L,298.08440829150595,310.85544684711215,2506.423938619382,22.4355132594926,10.04933790727003,3.085055370220913,10.440342486058247,52.41229710357427,0,2026-09-22 23:22:54
2026-09-22 02:39:05,CNC-02,M,297.29682115892535,309.5224643258854,2454.986878178093,18.75633980824292,20.098769027766735,3.019727081822738,8.361145362230983,57.45146220152659,0,2026-09-22 23:22:54
2026-09-22 08:16:00,CNC-01,L,296.4820339950855,310.4078206093652,1625.1221818726503,42.485330638247234,45.12158378353467,2.3615951361961596,12.743064884059244,55.534832872117235,0,2026-09-22 23:22:54
2026-09-22 03:23:00,CNC-01,L,298.03096689980526,311.3974447630233,2492.918464165336,24.57934840825754,60.55695318934099,3.0868807551103434,11.506262623192729,54.579990349983774,0,2026-09-22 23:22:54
2026-09-22 11:06:00,CNC-02,M,296.6064222034218,310.88026409116355,1564.0912910493043,46.4818675522324,4.747173571398159,2.2160560137975236,13.62661076208918,57.253285129553,0,2026-09-22 23:22:54
2026-09-22 21:55:00,CNC-01,L,299.2678618083316,311.00447003089636,2612.567031568715,15.739945043843734,96.82786530021109,3.2836975081547455,7.801977638615787,56.689834970364686,0,2026-09-22 23:22:54
2026-09-22 08:07:00,CNC-01,L,296.13450486583776,310.16114918900826,1845.4114828333902,39.76754021745497,31.815322804216848,2.4863488682976937,13.807963760591468,57.687211462694215,0,2026-09-22 23:22:54
2026-09-22 10:19:00,CNC-01,L,296.7229386204712,310.32330259239427,1391.0640209568548,48.79176454489247,15.687483367324553,2.03845656345092,12.794144706304651,57.593817747236905,0,2026-09-22 23:22:54
2026-09-22 13:07:00,CNC-02,M,24.407600971593865,39.1986893519055,1378.4937145213107,52.7998775021279,196.79876679166026,2.5902038149819027,13.655549494998475,56.37098425039402,0,2026-09-22 23:22:54
2026-09-22 07:04:00,CNC-03,H,296.0030749192284,310.56182415483784,1886.1304386025874,39.721720159278355,128.37698231857945,2.642340460115439,13.94357091138027,58.42232357443238,0,2026-09-22 23:22:54
2026-09-22 00:29:00,CNC-03,H,298.87116706934864,311.64509003618775,2706.8432107631356,19.538011565973598,129.73339803361296,3.40266522937149,9.747124424542111,57.70404517083196,0,2026-09-22 23:22:54
2026-09-21 23:48:00,CNC-02,M,299.08212799942345,311.21304475056564,2694.0879330940293,16.599635163840855,52.64645339943608,3.1686140328669063,8.182656837064593,49.67122228887893,0,2026-09-22 23:22:54
2026-09-22 19:00:00,CNC-03,H,299.3392669640995,313.94332726237843,2236.431475179321,32.3956864409786,,3.521433620232204,13.568899435381901,54.51039199362764,0,2026-09-22 23:22:54
2026-09-22 07:20:00,CNC-03,H,295.9244772694788,310.610858985579,1927.1110969861,39.41344958646984,150.96747389286276,2.773760339286959,14.041985490780313,57.71359822770217,0,2026-09-22 23:22:54
2026-09-22 22:40:26,CNC-02,M,299.2758285546594,311.3527223462754,2739.638404696034,13.107474198548983,93.59230469785076,32.55539521020805,6.611127826133643,53.99488525217178,0,2026-09-22 23:22:54
2026-09-22 21:07:23,CNC-02,M,300.2507707785379,313.9563829218316,2567.378563928639,22.117412018668485,196.02329520024017,3.6477505058453845,10.463698688821538,48.78755785909936,0,2026-09-22 23:22:54
2026-09-22 22:33:00,CNC-02,M,,311.117397959515,2723.033760113546,12.258428511457385,85.02045820960367,3.31094460878931,6.2192044455642295,54.70613758879337,1,2026-09-22 23:22:54
2026-09-22 17:52:00,CNC-03,H,26.24146384726913,40.49367920327353,2124.903022253113,33.408587661048294,128.69664365449833,2.8906068676176284,13.381112349234163,54.10568326352802,0,2026-09-22 23:22:54
2026-09-22 08:26:00,CNC-01,L,295.97079538730105,309.7305462713518,1541.3826220781268,44.7108112935645,59.994690870993175,2.160696354451278,12.877626271517531,58.73283119526227,0,2026-09-22 23:22:54
2026-09-22 04:49:00,CNC-03,H,,310.6184240357462,2256.2520773358387,29.452505031685757,203.57285200074685,3.460852424505693,12.462713180757392,56.64651283127237,0,2026-09-22 23:22:54
2026-09-22 02:09:00,CNC-02,M,297.7454107434528,310.6102801598496,2510.2774481862643,17.99487943823131,,36.50763283485391,8.468374391089004,55.40556982143002,0,2026-09-22 23:22:54
2026-09-22 00:31:00,CNC-01,L,299.1900910598174,311.065090689936,2849.86165627288,14.15140240105558,90.2566991350753,3.3877576795909152,7.587042733738498,50.683852652476276,0,2026-09-22 23:22:54
2026-09-22 16:33:00,CNC-03,H,298.8897607701579,312.73675171294593,1676.1693588803182,42.077621147493424,18.785515041714827,2.298564447089605,13.491177906712583,54.33108105627865,0,2026-09-22 23:22:54
2026-09-22 06:47:00,CNC-03,H,295.83832821937176,310.0524701733705,1930.3795735040364,37.88102186147898,104.49091047861413,2.617820471089522,13.72221438477756,56.955841677716755,0,2026-09-22 23:22:54
2026-09-22 17:28:00,CNC-01,L,26.34695072472556,40.03808831374636,2077.361774254948,33.28047530914045,5.477416919183418,2.664561174867048,12.905933578007126,50.213108808913354,0,2026-09-22 23:22:54
2026-09-22 07:44:00,CNC-01,L,296.13256906341485,310.9751832980447,1820.3931657030944,40.5526222023582,197.27940813699985,3.206211718024705,13.95655533875871,57.03190381426152,0,2026-09-22 23:22:54
2026-09-22 11:05:00,CNC-03,H,296.4047769844685,311.3188522611906,1356.8900366888934,53.692078770391966,238.74021744605753,2.858558925909376,13.633671662153692,56.192620365541536,0,2026-09-22 23:22:54
2026-09-22 10:01:00,CNC-02,M,296.0185631573557,311.3006667258516,1464.8869676933798,57.07297216779327,149.81572212212055,2.4137863813881317,15.385520548283173,55.69619831677065,0,2026-09-22 23:22:54
2026-09-22 19:40:00,CNC-01,L,299.9726088076856,314.15090733290805,2162.901824097956,29.650755051753364,175.9397960818507,3.2821333523028624,12.221500913268956,51.51921003059425,0,2026-09-22 23:22:54
2026-09-21 23:56:00,CNC-03,H,298.8638064142781,310.23674749215866,2725.229521054012,12.220554227732455,94.69501221791846,3.3388600693060266,6.2035589652917915,57.325335489898954,1,2026-09-22 23:22:54
2026-09-22 02:49:00,CNC-02,M,297.05650095490273,309.2962379530208,2332.9116929537527,20.177653830858592,30.32205963350501,2.8110829157352155,8.913505545487267,54.63477451026529,0,2026-09-22 23:22:54
2026-09-22 00:35:00,CNC-01,L,298.62125109148303,311.0319710401654,2716.5653345817746,17.242936956432512,94.49197030305741,3.3759694136208873,8.8842950297216,49.380924745591926,0,2026-09-22 23:22:54
2026-09-22 11:52:00,CNC-02,M,296.6028321659556,310.8809779788754,1494.0973246525755,48.48933799939898,77.75033450257612,2.303666407556753,13.7446134534401,57.236776557544836,0,2026-09-22 23:22:54
2026-09-22 21:03:50,CNC-02,M,300.2331230544688,313.98961880243564,2649.401781265235,21.64220206462338,190.41291069797063,3.7392428124284662,10.746301404393801,53.63310591115682,0,2026-09-22 23:22:54
2026-09-22 10:58:00,CNC-03,H,296.4539921347607,311.6618133051073,1495.4065498955752,51.1046621402209,227.71953522450173,2.856764722105435,14.236376897959962,58.35683959587709,0,2026-09-22 23:22:54
2026-09-22 12:50:00,CNC-03,H,,38.8359458275811,1500.83497842148,49.14101790467243,147.6352053609482,2.327112381127042,13.751797289846026,59.32852405794174,0,2026-09-22 23:22:54
2026-09-22 09:20:00,CNC-02,M,,310.8900051370994,1430.1610496559251,53.17375492688224,86.18781302374612,2.1773971296462116,14.407913464389662,58.13683700182338,0,2026-09-22 23:22:54
2026-09-22 22:52:00,CNC-02,M,299.42411963762015,311.53290209911853,2657.345572854885,13.857153851787384,105.52451911057327,3.3109896548162,6.88593131088613,50.585141726227484,0,2026-09-22 23:22:54
2026-09-22 10:41:00,CNC-03,H,296.49151945695536,310.8053210324256,1364.2266547918143,50.711271145786256,200.81613886895516,2.566543244533386,12.827048156686057,57.96891952621089,0,2026-09-22 23:22:54
2026-09-22 09:11:00,CNC-02,M,295.93901064068973,310.76896459848246,1697.261300444818,47.42354537617528,72.45550970735142,2.4064540593565127,15.094473840227549,56.601521284504415,0,2026-09-22 23:22:54
2026-09-22 07:55:00,CNC-03,H,295.96288499980034,311.0155590448314,1563.6216470428321,47.81995741153942,201.53361145605913,2.6817811147977006,14.178020222605216,58.62714218367041,0,2026-09-22 23:22:54
2026-09-22 15:05:00,CNC-03,H,297.9312029234397,312.7373487260155,1586.2965896326173,47.48675776748214,140.70985356558597,2.3903539103089084,14.064856998795511,,0,2026-09-22 23:22:54
2026-09-22 06:57:00,CNC-03,H,296.1473566019781,310.23325748253444,1911.3171765068128,36.02689016809573,118.41984229759984,2.538281252434342,12.887834655199212,59.54579280400059,0,2026-09-22 23:22:54
2026-09-22 07:34:00,CNC-02,M,295.84499726070374,310.43850022507684,1640.4790457555246,43.13067078909889,152.19287659375715,2.5443397824392826,13.052306947842634,61.52405016806315,0,2026-09-22 23:22:54
2026-09-22 16:28:00,CNC-02,M,299.36555887641356,313.61403759999763,1822.0469330654005,36.55850400850231,64.48723566444363,2.4530038455722583,12.569796655442264,51.8274629849384,0,2026-09-22 23:22:54
2026-09-22 07:40:00,CNC-03,H,295.8358836812022,310.24968564509675,1812.7189422834567,38.77627355729728,179.68087694284665,2.852877327416472,13.098444768496407,57.90940992979407,0,2026-09-22 23:22:54
2026-09-22 06:34:00,CNC-02,M,296.0984152346784,310.47933171905754,1928.8488570758202,37.67139281753201,68.19891231339973,2.6332308778240177,13.63566242437429,64.03882058298561,0,2026-09-22 23:22:54
2026-09-22 22:22:00,CNC-01,L,299.21237194476817,310.88027285573855,2807.270546082084,13.258171807345196,126.16416052874439,3.4943487785625797,7.016215014618236,51.47982036954209,0,2026-09-22 23:22:54
2026-09-22 00:05:00,CNC-02,M,298.8284786915095,310.74773497831626,2643.8146706602224,16.35469746917388,70.75072164198947,3.2624815532410443,8.028717485375411,53.29682817553081,0,2026-09-22 23:22:54
2026-09-22 02:47:00,CNC-02,M,296.95844896901497,309.103500156472,2457.8177105390646,18.579651959245137,27.9959997561193,2.930355966074601,8.568217034539378,57.474214318240655,0,2026-09-22 23:22:54
2026-09-22 06:01:00,CNC-01,L,296.41066022815085,310.0818265096446,2135.443753480273,30.70442990214695,53.69154045291172,2.7672560404979882,12.34421153233365,59.30419682626197,0,2026-09-22 23:22:54
2026-09-22 03:05:00,CNC-01,L,297.7062912029155,310.5105353585042,2592.541223225483,22.066076274104084,39.77283666133152,3.1671311689521575,10.659073479293754,60.296356830312654,0,2026-09-22 23:22:54
2026-09-22 09:51:00,CNC-02,M,295.95773401360356,310.43583688564377,1367.0646347105824,51.34376826889491,134.25143292001613,2.223163671304056,,55.61914280576506,0,2026-09-22 23:22:54
2026-09-22 08:06:00,CNC-03,H,295.660348574459,310.3943976215854,1652.6416395387805,43.43625117274221,217.63355007156704,2.957606988310981,13.633437066011307,63.49375252978979,0,2026-09-22 23:22:54
2026-09-22 04:41:00,CNC-01,L,302.4028892096376,309.90569228935374,2231.118988280205,26.511683237741273,154.32640917875074,3.1323597203534392,11.069339587111264,46.64234368887731,0,2026-09-22 23:22:54
2026-09-22 03:12:00,CNC-03,H,296.6659170059333,309.8431994625409,2445.56230794848,23.996384827981665,87.74792928966477,2.992779648494068,11.242320275271663,53.85168861129433,0,2026-09-22 23:22:54
2026-09-22 06:39:00,CNC-01,L,296.2696044620479,310.43168987887725,1716.0710708111117,41.02721648178684,105.45790970051209,2.398993319438611,13.118780850782741,53.19003932383633,0,2026-09-22 23:22:54
2026-09-22 06:27:00,CNC-01,L,296.3870364294728,310.3668192233275,2110.0925189383993,31.262220739666727,88.82950989435527,2.710412041595978,12.446013669878596,58.61140456831,0,2026-09-22 23:22:54
2026-09-22 11:13:00,CNC-02,M,296.2235200404775,310.16597914539,1314.3511217859739,51.3184198303057,15.835973539983286,2.047205537117421,12.664425862467724,56.31541359453189,0,2026-09-22 23:22:54
2026-09-22 11:08:20,CNC-02,M,296.2852277356919,310.38321605816117,1465.7814055826573,49.474678532195384,7.938357887996011,2.0590986361630614,13.562189892459877,59.29345458967066,0,2026-09-22 23:22:54
2026-09-22 19:41:00,CNC-03,H,299.44674727229443,312.397823350466,2328.9731828079853,23.344812321630876,27.938450254152716,2.9854073072088267,10.04502392754088,53.34170148699888,0,2026-09-22 23:22:54
2026-09-22 18:20:00,CNC-03,H,26.440225005459013,40.341608248802686,2172.0449484771434,28.977072976144775,165.91790538893278,3.052683764685203,472.6741027860254,58.038292180144595,0,2026-09-22 23:22:54
2026-09-22 01:38:00,CNC-02,M,298.04339741352095,311.0020714110584,2591.864638552226,18.895251806759457,170.3428123390545,3.4426742381046034,9.32350352268859,51.78118660195671,0,2026-09-22 23:22:54
2026-09-22 09:09:00,CNC-01,L,296.13215191181416,310.6907287378526,1439.0376669398395,50.398206679234704,125.10164900904518,2.1937176254701685,13.725458195312223,58.75232520791037,0,2026-09-22 23:22:54
2026-09-22 00:03:00,CNC-02,M,298.78993907767136,310.23487395209537,2738.69578675519,,68.58886123540215,3.276741005771156,6.973151164717337,52.351472014826584,0,2026-09-22 23:22:54
2026-09-22 14:12:00,CNC-02,M,298.0716943069342,312.45163391342084,1572.4952905544367,44.71389109172031,75.26039410949377,2.2522801480417343,13.087985832320623,55.83766980208956,0,2026-09-22 23:22:54
2026-09-22 03:34:00,CNC-02,M,296.08325421380573,309.37836126517885,2465.111652763905,23.07991080317874,82.2846857704916,3.072532203602879,10.676782218237825,58.66665435156786,0,2026-09-22 23:22:54
2026-09-22 04:24:00,CNC-01,L,297.3780150616282,,2348.9698323912858,31.936652613014616,133.256934469377,3.1616222596595875,13.89278685227371,57.29681773532706,0,2026-09-22 23:22:54
2026-09-22 00:37:00,CNC-02,M,298.67862976569126,310.7361101826786,2746.7824985477732,16.50244681864864,104.87577786361905,3.3388039899399002,8.401437983931796,54.48238824674478,0,2026-09-22 23:22:54
2026-09-22 15:17:00,CNC-01,L,298.4650067043751,311.92547168661764,1643.4026267956547,40.71797549046753,19.55618286665017,2.231359781557569,12.568654278069832,51.74362734115734,0,2026-09-22 23:22:54
2026-09-22 10:27:00,CNC-02,M,296.320421376541,311.0169016276859,1379.6206930642152,51.81835843330639,190.6864662587731,2.5855051983665644,13.584849833903956,56.50861137169033,0,2026-09-22 23:22:54
2026-09-22 03:38:00,CNC-03,H,296.7379106934451,309.38919894457035,2609.78345797947,18.938084644249127,117.83473449673309,3.220964591870965,9.30489286781578,59.21931792901114,0,2026-09-22 23:22:54
2026-09-22 15:39:00,CNC-02,M,298.95770523174406,314.33399818657836,1775.870760267435,45.17834136080817,207.66806618497301,3.145233261988656,14.855256539263419,48.17166478951554,0,2026-09-22 23:22:54
2026-09-22 09:43:00,CNC-01,L,296.4916020942798,311.5018182287082,1605.666429143069,48.8960983909138,177.65934455412216,2.882924101453874,14.676115399284303,59.70798557555527,0,2026-09-22 23:22:54
2026-09-22 00:06:00,CNC-02,M,298.9302698937498,310.97403270224964,2716.5326559620476,16.418584572576954,71.80399778150344,3.3437774812905894,8.5164686307895,55.61422072717493,0,2026-09-22 23:22:54
2026-09-22 03:36:00,CNC-02,M,296.370410691363,309.7125703909169,2435.1635015598386,25.32172217112736,84.60788061125355,3.0071737629794697,11.50732178067932,57.29625557878227,0,2026-09-22 23:22:54
2026-09-22 11:33:00,CNC-03,H,296.71736359386443,310.336177978892,1291.9440447562195,49.51893633811598,25.453999687114496,1.943729544758108,12.34160475760064,57.24742649510792,0,2026-09-22 23:22:54
2026-09-22 22:56:00,CNC-01,L,298.97875150967695,311.4620653655911,2652.240565287624,16.667333014846655,162.914044150534,3.6033239995757125,8.252221807543668,52.87000036542781,0,2026-09-22 23:22:54
2026-09-22 17:05:00,CNC-01,L,299.18930974503144,313.5623165719732,1899.8864634793913,36.964657896937595,176.39521965951997,3.075425332781298,13.212687064668556,55.316540740093146,0,2026-09-22 23:22:54
2026-09-22 06:43:00,CNC-02,M,296.3102515759804,310.2731701757361,2053.2891728097347,32.095596422759016,80.42234379915575,25.99745728753987,12.383416409497483,58.5070610836184,0,2026-09-22 23:22:54
2026-09-22 17:39:00,CNC-01,L,26.633696582087794,39.97721114766358,2010.5719360127207,32.089167229224344,20.353881925754397,2.573895383963268,12.009424426211346,52.43256164959319,0,2026-09-22 23:22:54
2026-09-22 06:54:00,CNC-02,M,296.12351552652035,310.0940826477762,1875.392948103537,34.85647921632566,95.73235227085529,2.6082084633347233,12.265435873315406,55.40576851025333,0,2026-09-22 23:22:54
2026-09-22 19:39:00,CNC-03,H,299.6312324776304,313.68724144181135,2291.2886085495566,30.728951042801256,25.54211189576689,2.883621322673994,13.247909668930923,53.522504818498824,0,2026-09-22 23:22:54
2026-09-22 03:37:00,CNC-01,L,297.43257106196216,309.1858923968713,2519.25949347216,16.303913554287508,76.99397873902936,3.126211336073315,7.946048996976194,55.705768000133,0,2026-09-22 23:22:54
2026-09-22 18:06:00,CNC-01,L,26.82876662452429,40.13587331119908,2052.1555905775595,29.81260427174804,56.39932483155863,2.6962839089977604,11.522309781020988,51.753679788601794,0,2026-09-22 23:22:54
2026-09-22 16:51:00,CNC-03,H,298.8778621435726,312.55083461636855,1891.8064119209591,34.58597858743945,44.470249951899014,2.4729032901396364,12.28315367435308,56.92023091295899,0,2026-09-22 23:22:54
2026-09-22 22:36:00,CNC-01,L,299.2112512981349,312.19221445799934,2656.6475459505236,20.121591793149726,141.42056232536413,3.4699964757298547,10.080842214133524,52.04386328188749,0,2026-09-22 23:22:54
2026-09-22 20:18:00,CNC-01,L,299.53125519487526,313.68934711826125,2451.493491289305,26.374595214332835,221.25451885119975,3.9187174892898504,11.929966147749973,48.55639272217374,0,2026-09-22 23:22:54
2026-09-22 02:39:00,CNC-03,H,302.6905328937771,309.19334827832654,2702.2798148361153,19.301661019237233,50.501079061170984,3.250011540023954,9.801868785952697,48.81759185346426,0,2026-09-22 23:22:54
2026-09-22 16:10:00,CNC-02,M,299.0135028301763,313.24379690354084,1698.906044273293,41.2911196859353,38.37044246043277,2.2517001305145095,12.984431184691882,51.31627765162121,0,2026-09-22 23:22:54
2026-09-22 15:00:00,CNC-01,L,298.1638737848149,313.29207835239816,1556.541169479171,48.785141068599785,229.8798072991806,3.4489547357677446,,55.48414212496921,1,2026-09-22 23:22:54
2026-09-22 09:12:00,CNC-03,H,296.0107916737048,309.92722041972877,1623.629559648054,45.51030128457474,62.32938966254234,2.229495798202569,13.981738088767985,56.87858903167701,0,2026-09-22 23:22:54
2026-09-22 02:15:00,CNC-02,M,297.69014662954305,311.49712318284946,2493.008503775388,22.537804358810636,210.55770882675728,3.7674545339277468,10.784179410467088,54.00737452457846,0,2026-09-22 23:22:54
2026-09-22 11:17:00,CNC-02,M,296.73897836807333,310.9546168887395,1562.615921953809,47.962419789273916,22.11891673582248,2.22261287709331,13.95673412957299,54.88778231463756,0,2026-09-22 23:22:54
2026-09-22 02:33:00,CNC-01,L,298.0001517815444,309.4443995610358,2610.626384101907,15.8902416403299,3.348693963785781,3.1292778104918524,7.680291252314833,56.7261777171601,0,2026-09-22 23:22:54
2026-09-22 11:25:00,CNC-02,M,296.4865090493343,310.5422570743526,1403.933882230883,51.04250994032413,34.87436497387808,2.0374513287327027,13.323449927578293,55.777492801689995,0,2026-09-22 23:22:54
2026-09-22 07:33:00,CNC-02,M,295.6289872098971,310.54906620919746,1864.769746482059,41.08868517115385,150.72480546626332,2.795787787342581,14.333820754023023,61.30566521629806,0,2026-09-22 23:22:54
2026-09-22 02:58:00,CNC-03,H,296.94696474767886,309.37318188687965,2634.6516554970244,17.269667280179767,71.7857188654036,3.1386741091025754,8.71381431897095,52.982359577911446,0,2026-09-22 23:22:54
2026-09-22 18:51:00,CNC-03,H,299.2964533829903,314.16153964758564,2217.213608092195,32.329783537032014,205.8467119717415,3.2728282503088275,13.475537161891612,54.01974580217585,0,2026-09-22 23:22:54
2026-09-21 23:30:00,CNC-02,M,299.1860514854322,311.7442227865073,2491.716173125305,21.198307779260798,33.599490905948315,3.0416119476172887,9.960882644421932,54.18389342240534,0,2026-09-22 23:22:54
2026-09-22 10:09:00,CNC-03,H,296.13270411214927,310.5212559408167,1400.4879335668227,52.62914620099595,150.62447130266028,2.175486669339469,13.784059179698527,58.01857298004827,0,2026-09-22 23:22:54
2026-09-22 08:06:00,CNC-01,L,296.3682930450296,311.06192012538503,1765.7924124070414,45.53313833494024,30.40614905039394,2.478525776575867,15.030777314105523,60.86208571494511,0,2026-09-22 23:22:54
2026-09-22 00:21:00,CNC-01,L,299.18699220487275,312.04049245452563,2708.036543552066,20.61474118736279,79.67550364803839,3.2734001673925794,10.667509661158267,57.118814744900476,0,2026-09-22 23:22:54
2026-09-22 21:00:00,CNC-03,H,299.4000778860996,311.78936421636894,2570.8207089873263,17.944415762054994,120.8564265032007,3.3101468823910887,8.753829578771203,58.04031277389764,0,2026-09-22 23:22:54
2026-09-22 19:17:00,CNC-01,L,299.7177524851704,313.35002378722766,2295.013354686993,25.68774552241563,147.4481362781761,3.1970680692229374,10.787720930447241,47.19278429633061,0,2026-09-22 23:22:54
2026-09-22 02:13:00,CNC-02,M,297.569510512469,310.95640752871196,2630.964206136172,19.819925287724452,208.32008499220603,3.8447336582363674,9.588311693818879,52.15704264876917,0,2026-09-22 23:22:54
2026-09-22 18:46:00,CNC-02,M,300.43654762307136,313.84631572743154,2198.41187249317,27.814810252625886,25.852152097992178,2.79233018166244,11.316572865928482,49.66117328918517,0,2026-09-22 23:22:54
2026-09-22 05:42:00,CNC-03,H,296.2952182565094,309.640200833506,2264.5119133279163,28.288805039625235,16.73950877117636,2.7954635744326417,11.94870679616266,59.402548892284685,0,2026-09-22 23:22:54
2026-09-22 01:37:00,CNC-02,M,298.0132883490738,310.51096100563717,2664.29606113633,16.39492551967011,169.28673627874696,3.5117799090367345,8.173405203476689,53.90332253811187,0,2026-09-22 23:22:54
2026-09-22 04:20:00,CNC-01,L,297.2254139315185,310.41693617935164,2448.2591486645542,22.77135824228019,128.4565166458414,3.1659347870901424,10.608639060129123,57.453656419570414,0,2026-09-22 23:22:54
2026-09-22 15:16:00,CNC-03,H,298.1486220046198,312.68087623651536,1520.1828642510695,47.16517289064447,157.2041815153668,2.4381990073539903,13.459275743205424,56.416186438201706,0,2026-09-22 23:22:54
2026-09-22 18:19:00,CNC-01,L,,41.023661093148235,2233.407341050905,33.19698814338467,73.59942756286516,2.8438732784146543,13.989471724917463,49.63749376492653,0,2026-09-22 23:22:54
2026-09-22 01:24:00,CNC-01,L,298.66668784343034,311.7669631892144,2673.0301896646974,19.88264672977462,147.10001152678944,3.509382297909727,10.123351600698374,56.05995899599287,0,2026-09-22 23:22:54
2026-09-22 01:25:00,CNC-03,H,298.1760628770511,310.73345995528473,2620.1709416230815,17.32703361952865,189.77964266900105,3.564117985615725,8.565483528789652,55.39434152867647,0,2026-09-22 23:22:54
2026-09-22 18:31:00,CNC-02,M,300.0160441915378,313.3419999742721,,29.04632661394806,6.543930774581246,25.81971328465384,11.26021440411424,49.11493296557339,0,2026-09-22 23:22:54
2026-09-21 23:48:00,CNC-01,L,299.34994426448065,310.22496730331164,2879.4155940175333,11.13832283978916,44.637304613875436,3.389552988751981,6.019260909279427,53.47461521718275,1,2026-09-22 23:22:54
2026-09-22 13:20:00,CNC-01,L,24.42457344753791,38.82147307982535,1400.4795296603706,53.512816849781835,,2.1071528316487163,13.719390770858364,56.69262511674418,0,2026-09-22 23:22:54
2026-09-22 13:35:00,CNC-03,H,297.3385801905956,310.49016979734006,1479.4400964776419,42.858656422450466,1.5330206735288892,2.019288240083317,11.746478996171446,54.61489436973558,0,2026-09-22 23:22:54
2026-09-22 22:20:00,CNC-03,H,299.0566069753404,312.31954478953935,2756.1601108876093,18.804928446681416,209.98801140261978,3.815201795217895,9.976379650480899,51.0098014640811,0,2026-09-22 23:22:54
2026-09-22 10:19:00,CNC-03,H,296.49081194557925,311.17754073642163,1505.1590997701178,49.24382403146608,166.16783779682143,2.3927961254314964,,57.32805995324223,0,2026-09-22 23:22:54
2026-09-22 05:57:00,CNC-01,L,296.60734425006166,310.4178512822136,1900.1250063630955,35.65078531815744,48.43529647211372,2.518294207500297,12.87022344549358,57.99960081008801,0,2026-09-22 23:22:54
2026-09-22 12:18:00,CNC-01,L,297.25412633537644,312.3626646400572,1412.576636664558,53.63297056233535,204.00542860773876,2.9009783625909904,14.036459145467175,55.42177358404651,0,2026-09-22 23:22:54
2026-09-22 15:44:00,CNC-02,M,298.8785449692156,313.26033718310185,1637.7462236956833,45.43018527844882,0.0,2.304811733906621,14.046315112094934,56.068730146269594,0,2026-09-22 23:22:54
2026-09-22 14:48:00,CNC-02,M,298.56088232020113,313.6411069048099,1559.589106781538,49.14040536138308,130.65564530613415,2.4433942446302632,14.316168507293655,50.69261300161406,0,2026-09-22 23:22:54
2026-09-22 08:27:00,CNC-02,M,296.06243199158325,309.7894869826314,1653.1278033522917,40.7764224966537,5.88937370768192,2.2840676659535086,12.656797348851846,54.778423324313415,0,2026-09-22 23:22:54
2026-09-22 23:06:00,CNC-01,L,298.7269245964929,311.8684018562496,2824.8516678845285,18.55645040738096,173.66821123606746,3.908724825216048,9.88351570190348,48.7501672673728,0,2026-09-22 23:22:54
2026-09-22 14:01:00,CNC-02,M,297.68905399614783,312.36474580277036,1582.1700635636803,47.78430066821737,58.242377850715556,2.258207303185928,14.242933738148599,55.894003795785586,0,2026-09-22 23:22:54
2026-09-22 04:15:06,CNC-03,H,296.07688799998675,310.04762481230046,2462.17174991435,26.245253267071394,160.49489019198117,3.242116969076712,12.233579898197489,58.68798746678516,0,2026-09-22 23:22:54
2026-09-22 08:12:10,CNC-03,H,295.6769870271052,311.12730274425155,1639.4194454807516,48.082835836289576,227.8960684239618,3.1374216672070143,14.686783138614322,58.181875044556556,0,2026-09-22 23:22:54
2026-09-22 16:53:00,CNC-01,L,299.3910827658342,313.69949677846705,1722.5866784062218,40.52258880760301,159.65659809441385,2.60833543554982,13.182559151287228,54.48494296145581,0,2026-09-22 23:22:54
2026-09-22 06:46:00,CNC-01,L,296.45137121600766,311.0085683483605,2006.6000282150694,35.92792122072715,115.0887083127022,2.7738831246670026,13.457540625888022,53.214508647726966,0,2026-09-22 23:22:54
2026-09-22 06:37:00,CNC-01,L,296.34075374935856,310.383130330083,1773.0129977347665,38.117783561083044,102.60120822621771,2.4218968846904936,12.516074460554233,57.082646323405086,0,2026-09-22 23:22:54
2026-09-22 10:57:00,CNC-01,L,297.0216997301762,311.32771581856724,1498.745825784181,49.8862999285423,75.56254452146743,2.066795223279924,14.053009838609098,58.16776244270795,0,2026-09-22 23:22:54
2026-09-22 10:59:00,CNC-03,H,296.3794630817013,311.79805601249603,1384.5090955594699,58.39733732938948,229.31227110146142,2.869556686847611,15.106418443378981,60.617026130094104,1,2026-09-22 23:22:54
2026-09-22 10:34:00,CNC-01,L,296.2632479014736,310.08851690337303,1389.1768732659816,49.69488202244807,39.140790357279585,2.054864415077114,12.92576711605826,58.99127658403444,0,2026-09-22 23:22:54
2026-09-22 16:52:00,CNC-03,H,298.77917840879604,312.8169323985923,1921.3518275975998,35.65968927113159,45.8573911340148,2.571387872728609,12.817105769378637,56.41757600751196,0,2026-09-22 23:22:54
2026-09-22 16:11:43,CNC-01,L,298.9949729976309,313.04137707844984,1583.2125194310968,43.706345474934864,102.63767625913552,2.190099578254949,13.227161063245235,56.34924091838713,0,2026-09-22 23:22:54
2026-09-22 00:47:00,CNC-01,L,298.6731509615082,311.2136685078027,2731.631018728344,18.130809029407743,107.29784202178271,3.3502904038607726,9.297862702840382,55.07719243640989,0,2026-09-22 23:22:54
2026-09-22 00:49:00,CNC-03,H,298.5132177701256,310.6515616024106,2743.004308724897,14.665484392013775,151.19168762806342,3.39624749401081,7.217036943231603,50.53301748105952,0,2026-09-22 23:22:54
2026-09-22 06:59:00,CNC-01,L,296.09136527177856,310.89408003563005,1986.1931213484404,38.031109921288255,133.06658031373217,2.6803840588616854,13.920777694927853,60.48741214347291,0,2026-09-22 23:22:54
2026-09-22 01:12:00,CNC-01,L,298.8150542263295,312.0990169926752,2562.524050347364,21.680458676159105,134.2136032177911,3.2700989749407734,10.307213966949918,52.51747574306517,0,2026-09-22 23:22:54
2026-09-22 08:29:00,CNC-01,L,296.1381698737006,310.4099369115485,1767.666950903339,42.20104771849326,64.40084938046405,2.4222609105331534,13.779221299133889,56.268743321880635,0,2026-09-22 23:22:54
2026-09-22 12:21:00,CNC-01,L,297.1755526613878,312.1199339709908,1375.2802870521293,55.789692487155925,208.742626962584,2.897628324106167,14.191137923663875,57.549429599872965,1,2026-09-22 23:22:54
2026-09-22 04:28:00,CNC-02,M,296.4330475305044,310.6645478497047,2279.5169678765824,28.86896488465892,147.2466910494658,3.0458364229057158,12.37782875666711,60.91911509053564,0,2026-09-22 23:22:54
2026-09-22 18:36:00,CNC-03,H,299.6410325163976,314.3240143259271,2165.9463285773895,32.763400042867424,186.6526898892223,3.1073180875985456,13.17977966663637,52.13780223613074,0,2026-09-22 23:22:54
2026-09-22 16:59:00,CNC-03,H,299.19269146570986,313.7957892296645,1888.2453188604393,42.023287674335585,55.719360215812536,2.5340428353191102,14.899689995689208,54.26011292951158,0,2026-09-22 23:22:54
2026-09-22 07:17:00,CNC-03,H,295.67687967450445,310.1298335396205,1725.9662487931164,41.76712061339451,146.7835781299353,2.6120464855438135,13.390300226804781,58.27834903471475,0,2026-09-22 23:22:54
2026-09-21 23:29:02,CNC-03,H,299.4098806182552,311.64052285025525,2639.107907551207,17.846219354090938,64.8218628524004,3.1896646793858032,8.826082970159637,52.46645230546154,0,2026-09-22 23:22:54
2026-09-22 13:51:00,CNC-03,H,297.5452545601886,311.08490234388,1541.7984325161378,44.14724754631318,26.655026462789397,2.283196896612953,12.757065267008377,56.24753013555953,0,2026-09-22 23:22:54
2026-09-22 07:55:00,CNC-02,M,295.9495294502335,310.79423867624877,1772.3507966820534,41.88766795759045,182.46970254915425,2.911680017558484,13.756346961395495,55.24963686452966,0,2026-09-22 23:22:54
2026-09-22 12:06:00,CNC-03,H,296.78744270496054,310.7448066926215,1467.9598086778392,45.24602340992567,77.94593030737732,2.073249388004727,12.554739359618736,57.27619056291843,0,2026-09-22 23:22:54
2026-09-22 16:02:00,CNC-02,M,298.80156720804007,312.9465461087701,1639.6739410413818,42.69351089203034,26.711413164661415,2.244968634889365,13.155582342059498,54.77462422590363,0,2026-09-22 23:22:54
2026-09-22 06:46:00,CNC-02,M,296.1309244836152,309.9420266890562,1885.5313473756055,35.521146949262544,84.61500939604647,2.4975409607952512,12.47749202627179,60.34502530491155,0,2026-09-22 23:22:54
2026-09-22 16:04:00,CNC-02,M,299.0792612704894,312.7471097436457,1741.6116203284864,37.72451049387075,29.628684731281055,22.85112714469289,11.987034238331061,56.777348709972735,0,2026-09-22 23:22:54
2026-09-22 02:59:00,CNC-02,M,297.1289603143455,309.98622711325856,2513.073264644019,21.681006912452514,41.888882487633985,3.064667500232655,10.255589442569423,57.96804722488115,0,2026-09-22 23:22:54
2026-09-22 18:47:00,CNC-03,H,299.4536697480513,10709.018318558617,2151.084428341022,29.747907622583067,200.71741864379933,3.273841645968155,11.969443939642558,53.01067053197902,0,2026-09-22 23:22:54
2026-09-22 03:03:00,CNC-02,M,296.9767288648215,309.8000071754837,2363.06650146109,22.76172546484482,46.50012215407988,2.968408778954933,9.893906382090753,60.616712564275375,0,2026-09-22 23:22:54
2026-09-22 12:07:48,CNC-03,H,296.99924714393273,310.90271717872537,1403.2069208971172,47.90628425986992,82.6575667043367,2.1102501251497325,12.949052622522592,60.673653622236664,0,2026-09-22 23:22:54
2026-09-22 14:49:00,CNC-02,M,298.5391844263962,313.09905137263024,1463.8952525292752,46.99116006689238,132.2019527504937,2.3270379235464493,12.783535425928294,50.69045312119414,0,2026-09-22 23:22:54
2026-09-22 12:37:00,CNC-01,L,24.12485558998935,38.387969145982254,1469.575296849142,51.11382478558297,6.34790360346496,2.11805414376227,14.236709076425452,60.63499263936244,0,2026-09-22 23:22:54
2026-09-21 23:47:00,CNC-02,M,299.0875281772601,310.2937102136642,2666.2203968324134,11.877032348057023,51.59117784752985,3.2404565813925257,5.779876597142285,56.531383476628946,1,2026-09-22 23:22:54
2026-09-22 06:11:00,CNC-02,M,296.2817323502701,310.3469749569446,1973.0178600205898,36.3527451844888,37.149117034865874,2.57827807954019,13.319441812352707,54.63744944211723,0,2026-09-22 23:22:54
2026-09-22 02:42:00,CNC-02,M,297.2231437901042,309.73134985520795,2552.8992718326963,,22.331488825028487,3.181945145236486,9.698992846951375,52.39110210905976,0,2026-09-22 23:22:54
2026-09-22 18:49:00,CNC-02,M,300.3608256102329,313.5718864501551,2206.912220687146,25.882837638090116,29.66340157747434,2.784111777637451,10.60451481400349,51.37752864371995,0,2026-09-22 23:22:54
2026-09-22 10:45:00,CNC-02,M,296.5064062030255,312.1485002562186,1399.1322213484755,57.07903588963317,219.16477005524422,2.963563338935925,14.902199116989728,62.7038802281167,1,2026-09-22 23:22:54
2026-09-22 22:44:00,CNC-01,L,,311.68003054384167,2656.290627641345,16.451198995393998,150.0287945673147,3.601984269394893,8.218285513252168,55.05075448431791,0,2026-09-22 23:22:54
2026-09-22 22:45:00,CNC-03,H,299.06977562166566,312.2112870867862,2517.2234338244566,19.553613404214417,236.93755752499942,3.9459197131920716,9.21087066770759,56.2261107585397,0,2026-09-22 23:22:54
2026-09-22 18:04:00,CNC-01,L,26.549324962176513,39.94457356098678,1925.249151904808,31.8723368117307,53.7799131369961,2.59081961711312,11.570836247472144,48.10120128437768,0,2026-09-22 23:22:54
2026-09-22 07:42:00,CNC-02,M,295.9339842534908,310.7986153664348,1761.5217256192755,42.42249764869296,163.6374513099258,2.6671763776740214,14.043191457759868,55.16889839557408,0,2026-09-22 23:22:54
2026-09-22 00:22:00,CNC-03,H,298.7456717103144,310.9142680369027,2646.5060631077486,15.27087442904019,122.28872881393933,3.3150165542229395,7.720679661319321,56.678523031065815,0,2026-09-22 23:22:54
2026-09-22 12:30:00,CNC-03,H,23.98363744476177,38.09798542006757,1325.971383038348,52.34313757335845,115.9418299344108,2.1325693411754703,12.9942467994973,57.86939688114842,0,2026-09-22 23:22:54
2026-09-22 07:17:00,CNC-02,M,296.06442959824966,311.12092140557587,1785.5527821242401,44.00192376211365,127.94981249862302,2.6675666266309572,14.97302050564117,55.109265763996376,0,2026-09-22 23:22:54
2026-09-22 19:51:00,CNC-01,L,300.02551244499267,313.36094243778035,2433.2806520156487,22.263578172671266,189.13364984196946,3.5956267659896564,10.157662913722596,56.52408201715338,0,2026-09-22 23:22:54
2026-09-22 22:40:00,CNC-01,L,299.3035158081999,310.8549355967391,2762.7543608050096,12.05955582358666,145.72562132408459,3.683100343011052,6.288588988423267,54.8733173443582,1,2026-09-22 23:22:54
2026-09-22 06:42:00,CNC-03,H,295.8138303673183,309.7478096208254,1859.1708823736928,35.60434031731153,97.54447009507592,2.5797721941218437,12.30970980981445,62.778169875652324,0,2026-09-22 23:22:54
2026-09-22 03:11:00,CNC-02,M,296.92124863674985,309.6534607321342,2552.583889619367,19.984957312322727,55.69144616903126,3.073029781549313,9.5475329643956,55.098397236114636,0,2026-09-22 23:22:54
2026-09-22 06:04:00,CNC-03,H,296.191140489875,310.0342835699265,1900.8856888849557,36.44241844849297,45.85729195722311,2.421398033095143,13.054578245254545,57.96380078604171,0,2026-09-22 23:22:54
2026-09-22 11:30:00,CNC-03,H,296.6141334745973,310.3578088011283,1376.1585466011506,49.361480196882674,,2.002920569663218,12.641723185832753,56.65293929052737,0,2026-09-22 23:22:54
2026-09-22 02:12:00,CNC-02,M,297.68713660392564,311.09882948221207,2550.9088271735272,21.103500093886428,207.2194994983009,3.924118322916961,9.9946736375156,55.40908877942224,0,2026-09-22 23:22:54
2026-09-22 06:15:00,CNC-01,L,296.746220443144,310.77621627753075,2010.4789306524642,33.883944214293706,72.58808051918446,2.698684760884641,12.833105088879824,54.11447793148664,0,2026-09-22 23:22:54
2026-09-22 21:57:00,CNC-01,L,299.25708139154796,311.8518790857505,2680.114255055318,18.605309295337754,99.06108822158728,3.4261025082108283,9.198974883565278,55.060949362645005,0,2026-09-22 23:22:54
2026-09-22 21:04:00,CNC-01,L,299.7841506828501,311.87176575214056,2576.5843743250803,17.93673114253204,40.29837917230155,3.1123097992555024,8.48614032148228,48.27297325224004,0,2026-09-22 23:22:54
2026-09-22 06:52:00,CNC-03,H,295.8495382201146,310.1425364074452,2005.3703358328873,35.16470597876831,111.48013553454668,2.7146442266233457,13.154911752029133,52.255522685668005,0,2026-09-22 23:22:54
2026-09-22 05:00:00,CNC-02,M,296.5729124724033,310.93572786936085,2362.634250846084,28.2187761096059,186.74811004041393,3.448685340103252,12.499355172305954,54.53083769363661,0,2026-09-22 23:22:54
2026-09-22 22:17:00,CNC-02,M,299.6827440531562,313.00521232883204,2621.8694654783417,20.77879183140358,67.6082710851775,3.1719608938541777,9.843302139583832,50.82006425634243,0,2026-09-22 23:22:54
2026-09-22 19:04:00,CNC-02,M,300.46307163188567,314.55633193570816,2146.565049463299,32.21559826616753,48.56883894839156,2.6666863096631026,12.712294337678033,49.5384821403343,0,2026-09-22 23:22:54
2026-09-22 13:16:00,CNC-03,H,23.974017156850948,38.73874258733218,1367.7154737523924,52.299226300168215,188.62985679155173,2.4849570400596304,13.26711245036425,55.91000716758539,0,2026-09-22 23:22:54
2026-09-22 06:35:00,CNC-01,L,296.3618267682698,310.3239184237737,1911.2637900220593,35.33234869144246,99.78078626445864,2.4598100283575337,12.741475212234631,53.55176626939675,0,2026-09-22 23:22:54
2026-09-22 19:47:00,CNC-01,L,299.76299824066245,314.0539313707451,2282.6887050593,29.341202773001765,184.43604260450775,3.482131518352829,12.416266266772677,52.71661616207592,0,2026-09-22 23:22:54
2026-09-22 09:24:00,CNC-03,H,295.9569720988949,309.8390337264299,,40.560008858331955,80.61544088179956,2.296017531834889,12.50252963766371,60.05590632753358,0,2026-09-22 23:22:54
2026-09-22 01:43:00,CNC-03,H,298.2288745946903,311.7130522319053,2612.3813583434835,20.593532278628363,209.39832563913058,3.755248622292568,10.22500973665614,51.81475379256289,0,2026-09-22 23:22:54
2026-09-22 17:06:00,CNC-01,L,299.2378991720853,314.6271259835827,1860.4476566367068,43.71655642926549,6805.560302796295,2.9605898134573385,15.21114051975159,50.018037611901974,0,2026-09-22 23:22:54
2026-09-22 21:14:00,CNC-01,L,299.52848174737073,311.6720970318049,2454.078201800827,18.939134170304598,51.59213072713048,3.0644921921685815,8.841099639469194,52.77447536166455,0,2026-09-22 23:22:54
2026-09-22 02:34:00,CNC-02,M,297.10240358905827,308.4210811341259,2704.3327617867553,12.71111734132166,13.377530133336773,3.2022515946528145,6.369844900049167,57.81279352623262,0,2026-09-22 23:22:54
2026-09-22 07:25:00,CNC-01,L,296.13826521536424,310.583219151747,1686.167463885012,40.79742968265001,169.95757781493379,2.8870570480318403,12.781673991906752,61.94636348697653,0,2026-09-22 23:22:54
2026-09-22 16:08:00,CNC-03,H,298.629972809918,313.4800190865925,1669.6794688864777,43.98958711175413,234.45340538008958,3.0209707356885165,13.663320853608639,55.94939680147855,0,2026-09-22 23:22:54
2026-09-22 01:25:00,CNC-02,M,298.0944528479159,310.0406447091145,2655.166062306094,14.170443438836006,156.26675056814346,3.434559621856337,7.256649562228477,58.1185372222175,0,2026-09-22 23:22:54
2026-09-21 23:54:00,CNC-03,H,298.93154220802774,310.7178273644314,2722.9891197131487,14.655660336109195,92.62655752851596,3.3392372748353125,7.546094487695012,52.03777546521577,0,2026-09-22 23:22:54
2026-09-22 20:57:00,CNC-03,H,299.46336741188486,312.22826500075047,2524.6826911657145,21.040617004842126,117.40443624325542,3.120343929915476,10.005174359670953,49.95489919041148,0,2026-09-22 23:22:54
2026-09-22 22:55:00,CNC-03,H,298.96794762283855,312.26530602831525,2562.136838705867,19.59350296256279,247.7781055270345,4.043074710521768,9.338190047682202,54.47545745148744,0,2026-09-22 23:22:54
2026-09-22 02:50:00,CNC-02,M,297.1967677546957,309.5891942548336,2516.1826303833545,20.43009691725779,31.471372523375674,3.1094924799027037,9.644996844474193,57.26749462167203,0,2026-09-22 23:22:54
2026-09-22 02:41:00,CNC-02,M,297.067871649889,,2693.4936549359873,14.662203427744837,21.186693169403355,3.282540560683495,7.383724884022633,56.026389746564845,0,2026-09-22 23:22:54
2026-09-22 00:14:00,CNC-02,M,298.7767488525306,310.7679433516254,2719.3858072795783,15.724358763279412,80.33214739127797,3.2983596488703713,7.899997372179559,52.47493216972603,0,2026-09-22 23:22:54
2026-09-22 00:24:00,CNC-03,H,298.99769712857034,310.97262381623494,2781.756109549402,14.130732279476241,124.38646993443741,3.3886578339300866,7.3316920696152605,54.8177281041576,0,2026-09-22 23:22:54
2026-09-22 17:47:00,CNC-03,H,26.31620842668093,40.55235529904604,2059.3533960161785,34.24360467358139,121.98778275580833,2.725083936703963,13.41624883437335,51.461799857430194,0,2026-09-22 23:22:54
2026-09-22 02:55:00,CNC-01,L,297.86190037407374,310.1242584970545,2545.6847702377227,18.56164545695514,28.264248832676532,3.0822001468874394,8.792130917134186,54.36793449455218,0,2026-09-22 23:22:54
2026-09-22 06:05:00,CNC-03,H,295.884641214376,308.9042587602853,2088.7046410339112,27.1385154679696,47.16609143083202,2.6645901070049938,10.51746923437604,59.61261975081066,0,2026-09-22 23:22:54
2026-09-22 19:58:00,CNC-03,H,299.342148546139,312.86070617533665,2376.805021658823,27.352516450593807,48.616826817312095,2.9601038838891043,12.200844952812975,48.19742515426672,0,2026-09-22 23:22:54
2026-09-22 09:44:00,CNC-03,H,296.3154135907896,310.15937375755254,1251.9598959543553,51.05053412942436,111.614640686398,1.9080010063094066,12.253121813645322,59.75831356311103,0,2026-09-22 23:22:54
2026-09-22 18:35:15,CNC-02,M,300.1665086155357,313.7620321323155,2058.407849982667,30.329224304839478,10.500007623688674,2.546032779859928,11.675795019451476,51.966313480298574,0,2026-09-22 23:22:54
2026-09-22 09:54:00,CNC-01,L,296.36427945299323,311.32604496571594,1470.8379900866066,52.179687257051356,194.7616695075544,28.502900910888155,14.555717474766121,59.755128596259105,0,2026-09-22 23:22:54
2026-09-22 07:06:00,CNC-01,L,296.0144156214241,309.8734524699784,1978.1624110039245,33.75768396733941,142.9313277970822,2.9233749974958805,12.384866357531118,60.922725084755385,0,2026-09-22 23:22:54
2026-09-22 15:21:00,CNC-01,L,,312.6855031929303,1559.521872916116,46.47793754787637,25.554462701631586,2.16132681040301,13.65867364536036,55.84382952701669,0,2026-09-22 23:22:54
2026-09-22 21:12:00,CNC-02,M,300.3506561638906,314.24102227757567,2465.8960821920664,23.359271977758457,200.6642676777877,3.7047546064492893,10.756888524839992,49.16215128598112,0,2026-09-22 23:22:54
2026-09-22 05:54:00,CNC-03,H,296.1546699268127,310.035598235462,2032.9727570818557,34.23027082539292,32.50929632394651,2.5918568738932057,13.169353353463178,60.21475158179637,0,2026-09-22 23:22:54
2026-09-22 15:10:00,CNC-03,H,298.26466839850787,312.58645407618275,1725.405701208753,42.324454559257745,148.17056863778842,2.533278241803,13.573632957338596,58.13254830081492,0,2026-09-22 23:22:54
2026-09-22 00:34:00,CNC-01,L,298.53989034785866,311.1728606722933,2712.421353164693,18.79562878804255,93.43371573684917,3.3884988334336694,9.503838724246968,59.49880555736532,0,2026-09-22 23:22:54
2026-09-22 20:05:00,CNC-01,L,299.9199821679039,314.55903364612874,2418.5649173658517,29.184150986278098,205.75000955371365,3.827850930345418,13.124092933246487,51.32858631389201,0,2026-09-22 23:22:54
2026-09-22 03:38:00,CNC-01,L,297.59669631891506,310.56833884915255,2476.807527245893,22.66395858933186,78.14424946932573,3.066257167845413,10.478138802884637,60.18655086584488,0,2026-09-22 23:22:54
2026-09-22 13:14:00,CNC-01,L,24.617578554115653,38.42750796978237,1402.097133017651,48.05987960877417,65.10136881199486,2.01830921053315,12.456930989761677,55.824864718203635,0,2026-09-22 23:22:54
2026-09-22 15:32:00,CNC-03,H,298.40160085230116,313.4549903963289,1567.2932046350677,49.95426452325239,181.27967595029548,2.544326716873065,14.764091230244338,53.39319093468009,0,2026-09-22 23:22:54
2026-09-22 15:34:00,CNC-01,L,298.8281299984401,312.64167858031203,1695.6511870488623,40.22034462913698,45.12379753993068,2.298891554926526,12.822025165914152,52.82040202976391,0,2026-09-22 23:22:54
2026-09-22 04:36:00,CNC-01,L,302.8600692160183,310.14921498858666,2382.1583527893163,23.936726986028226,148.13040977087562,3.318639433552576,10.821216302978504,43.772768744583686,0,2026-09-22 23:22:54
2026-09-22 07:03:00,CNC-03,H,295.85443046307944,310.00861028495723,1686.2474691483912,39.460351952191225,126.99378981150024,2.3435495210139248,12.301995459389605,62.59358756796496,0,2026-09-22 23:22:54
2026-09-22 22:23:00,CNC-03,H,299.3901509887485,313.4058527009777,2610.164967967151,0.0,213.34100291698203,3.7370048735775083,12.031660946062715,56.66163809957206,0,2026-09-22 23:22:54
2026-09-21 23:55:23,CNC-01,L,299.0873741227679,310.149833432361,2806.5948610380456,12.087161138386561,52.99957947339591,3.260376948746184,6.553780222160947,52.80992112879677,0,2026-09-22 23:22:54
2026-09-22 06:03:00,CNC-02,M,296.1899307380931,310.28168471566306,2154.493972090112,33.86496357207856,26.406990104619634,2.8260138722207895,13.693659747000556,58.84098779674288,0,2026-09-22 23:22:54
2026-09-22 11:00:00,CNC-01,L,296.7062859776142,310.7246979547794,1552.5617889288528,44.3624066005181,80.24979338872079,2.218773503160116,12.930480078579428,59.76043130532199,0,2026-09-22 23:22:54
2026-09-22 18:33:00,CNC-03,H,299.37901347533085,313.52805874593736,2149.2886953650905,30.23503344396213,182.73193424028904,3.092222801492365,12.007200817434903,53.92031537415305,0,2026-09-22 23:22:54
2026-09-22 17:15:00,CNC-02,M,305.22966384094684,313.7974204535438,1899.3774833411615,37.876704303121166,130.76303675635288,2.6521062112283187,13.644413731504674,41.05743945885172,0,2026-09-22 23:22:54
2026-09-22 21:59:00,CNC-02,M,299.6714980566741,312.21651309152315,2511.2024636025762,18.749417371674927,47.86290624221648,3.0889772944728833,8.98774697110328,47.94607943060887,0,2026-09-22 23:22:54
2026-09-22 03:57:00,CNC-03,H,296.61666314644776,309.69519534315793,2504.2734234609893,20.503668029973582,140.10152597182287,3.1738936656560583,9.681092851977374,57.5369739419463,0,2026-09-22 23:22:54
2026-09-22 00:12:00,CNC-02,M,298.77065023674675,310.5450838228122,2818.9987519017714,,78.19819927119974,3.4272523758190636,7.54407115433715,53.79454448446106,0,2026-09-22 23:22:54
2026-09-22 00:23:00,CNC-03,H,298.9782680415896,310.62261702946995,2759.5803369488563,13.765484914666125,123.35646993443741,3.491829240034795,7.220963851440912,48.83705621144237,0,2026-09-22 23:22:54
2026-09-22 00:10:00,CNC-02,M,299.0812305083677,310.8727050459944,2673.9629325733285,14.979865377101909,76.09586827602578,3.283893964998161,7.537290410029882,56.47189989376467,0,2026-09-22 23:22:54
2026-09-22 22:24:00,CNC-03,H,299.1584293838596,312.55254956562726,2624.3473898162397,20.188634700776845,214.44829560409806,3.725828299802092,9.988467886277178,53.16400562209861,0,2026-09-22 23:22:54
2026-09-22 10:16:00,CNC-02,M,296.32429869874227,311.2929272832174,1387.6690017824283,53.96248654110785,173.2944823719237,2.4541446543379632,14.082717885741634,55.541725927227596,0,2026-09-22 23:22:54
2026-09-22 08:26:00,CNC-02,M,296.06055912474613,309.962952339914,1713.2534163629136,39.982355896941264,4.409738236600438,2.3714921076261555,12.522140670903832,58.38336231128676,0,2026-09-22 23:22:54
2026-09-22 08:22:00,CNC-01,L,296.12563256575044,310.2568295592419,1688.658320820064,43.372957447032825,54.00475938272463,2.2604511522934883,13.79629559064472,57.67548157338983,0,2026-09-22 23:22:54
2026-09-22 06:41:00,CNC-01,L,296.2481390998231,310.44407503752086,1881.457538775213,37.38945091287646,108.2451754846665,2.5884511767474176,13.180417352646945,55.418510418093426,0,2026-09-22 23:22:54
2026-09-22 19:32:00,CNC-02,M,300.44671400016796,314.81384388420486,2161.463858994004,33.53662502086,83.37742632153955,2.7720505731111635,13.54957817366781,51.287563196840736,0,2026-09-22 23:22:54
2026-09-22 19:52:00,CNC-03,H,299.2215538563116,311.7404342513381,2350.7652641745303,22.432656683001813,41.30495403294686,2.868871703042272,9.830715069279998,54.888131581400295,0,2026-09-22 23:22:54
2026-09-22 11:48:00,CNC-01,L,297.11488109423965,311.92838812787454,1434.3775827446743,53.39610646975303,156.27515930621098,2.5634693482280504,14.163561009903395,,0,2026-09-22 23:22:54
2026-09-22 20:03:00,CNC-02,M,300.40030508635897,313.69985003942065,2302.439116325963,22.789788721345538,120.75178684977702,3.056263988076799,9.34748197825979,52.52880314437438,0,2026-09-22 23:22:54
2026-09-22 07:22:00,CNC-02,M,296.09477034090577,310.73471618645164,1814.8757180397167,39.52418022541437,135.0970951733041,2.688030079798072,13.48114378591387,55.8934593909494,0,2026-09-22 23:22:54
2026-09-22 03:08:00,CNC-01,L,298.06383883760117,310.38979843119085,2636.729365028521,18.99134953722955,43.140876450517986,3.1093172834441276,9.490716790868225,54.203416914193866,0,2026-09-22 23:22:54
2026-09-22 11:15:00,CNC-02,M,296.52145969455495,310.7388054957499,1460.8388092584044,48.394358468477826,19.002168471652407,2.1811782904632584,13.055068382431726,59.36951189907839,0,2026-09-22 23:22:54
2026-09-22 18:16:26,CNC-03,H,26.35381508415361,41.57986363177747,2080.98422136145,40.08508044872158,160.68555465092209,3.0157690115630236,15.697576660301781,51.1293970360394,0,2026-09-22 23:22:54
2026-09-22 10:15:00,CNC-01,L,296.3125374221947,310.00769308993534,1400.2071179984614,48.36571542531489,9.33182484634155,2.0410496651514745,12.382123726059667,62.807654207089655,0,2026-09-22 23:22:54
2026-09-22 12:01:00,CNC-02,M,296.69775663168616,311.51415572024234,1338.7908217055576,55.54165499568974,91.97369812534129,19.420876592758116,14.04955403588758,60.49984233670579,0,2026-09-22 23:22:54
2026-09-22 01:17:00,CNC-01,L,298.54367544352164,310.9065216604814,2576.097976154539,16.582635453559643,139.58891319723526,3.361886374944554,8.09550918795083,54.714150364239295,0,2026-09-22 23:22:54
2026-09-22 06:56:00,CNC-03,H,296.1224095265797,310.168391963621,1855.4255440816073,36.60826532108442,117.02634847236934,2.5488313432949115,12.693817070834177,60.19205365819189,0,2026-09-22 23:22:54
2026-09-21 23:45:00,CNC-01,L,299.1591035133714,310.25469276904533,2725.0736372883944,12.108703264879326,41.47576945729173,3.188437173268561,6.0206319008706215,52.34581766885673,1,2026-09-22 23:22:54
2026-09-22 21:33:16,CNC-01,L,299.4450088068728,312.52450423866264,2440.419467829945,22.084099962872383,72.75294757806017,3.0209329445493904,9.916460227199886,52.14228873358401,0,2026-09-22 23:22:54
2026-09-22 11:23:00,CNC-03,H,296.87364243075575,310.3897438116442,1343.9663934417345,50.57653257537141,9.515089852792705,1.9596126713083224,12.706522547641516,55.59823007654384,0,2026-09-22 23:22:54
2026-09-22 12:52:00,CNC-02,M,23.733495047963913,38.084600176147774,1377.2859250274946,48.01899570409026,173.02739699097387,2.4673998364444447,12.58863702554606,58.64925858799363,0,2026-09-22 23:22:54
2026-09-22 09:59:00,CNC-01,L,296.3837212826755,311.1893327995591,1475.7944877720518,51.46425622450971,202.63566772879594,2.879840536812895,14.378272360538267,56.93658810242478,0,2026-09-22 23:22:54
2026-09-22 17:43:00,CNC-01,L,26.377324712897803,40.77128988779765,2151.4410647849177,34.49637556516195,25.66868567015227,2.688198587620338,13.892666341819938,48.674717114288754,0,2026-09-22 23:22:54
2026-09-22 18:36:00,CNC-02,M,300.1756381008403,314.0743267452975,2164.05019254787,31.288938168132162,13.047942402715442,2.726288488731174,12.87855841672799,53.09506733878637,0,2026-09-22 23:22:54
2026-09-22 18:13:00,CNC-03,H,26.09371225429203,40.61720153186138,2167.8826507434355,33.168464689126495,156.7172670343336,2.9534701003124284,13.45509307280281,53.68576593927654,0,2026-09-22 23:22:54
2026-09-22 14:54:00,CNC-01,L,298.45545528579686,313.1283112229335,1474.1349866317846,47.14458616538764,220.640673830592,3.126159220254078,12.93351630541848,54.00267435549213,0,2026-09-22 23:22:54
2026-09-22 08:03:00,CNC-02,M,295.77743249939266,311.0242958435938,1665.764162173989,46.67717821858508,194.08107233891442,2.9110326435517515,14.740924571286536,58.54799845594795,0,2026-09-22 23:22:54
2026-09-22 06:33:00,CNC-02,M,295.870785766365,309.84729509301445,1938.8138338772903,35.709757862450786,66.8243774493466,2.593155344781267,13.140565822512265,61.62790658035871,0,2026-09-22 23:22:54
2026-09-22 05:56:00,CNC-02,M,295.9869542706339,309.8405087611633,1922.2072001509875,35.1363889815578,17.10228224290841,2.3596898269201447,12.998882236542254,57.66789325799759,0,2026-09-22 23:22:54
2026-09-22 00:26:00,CNC-03,H,298.7107805639294,310.4613101964301,2752.596437483582,12.64419667770637,126.48803136178074,3.4696963545218513,6.447002383152632,54.714302889909185,0,2026-09-22 23:22:54
2026-09-22 11:03:08,CNC-01,L,297.25618551848794,312.26435366704703,1515.2849409444655,53.69895169875619,84.97496654142638,2.2588170434386576,15.450702367987422,55.702713111361675,0,2026-09-22 23:22:54
2026-09-22 03:52:00,CNC-01,L,297.5479355601221,311.2245160293561,2278.703833507307,27.575407557328226,94.86811770510397,2.9822955686941017,11.92838878512644,52.52665633544223,0,2026-09-22 23:22:54
2026-09-22 16:59:00,CNC-02,M,305.04437771469543,313.52627363016063,1878.871350112312,38.03631990610171,108.4652404825121,2.6789887398153396,13.525622479577176,42.26024170066758,0,2026-09-22 23:22:54
2026-09-22 19:14:00,CNC-02,M,300.35133664688493,314.4299996646458,2195.9889420566255,30.691219643209717,61.12734052073921,2.72686003834521,12.783234057770597,54.864675987287626,0,2026-09-22 23:22:54
2026-09-22 07:17:00,CNC-01,L,296.05346275420885,310.09172988823053,1845.4999521473712,35.86098363131096,158.5296640062411,2.83307629628379,12.320924286391948,,0,2026-09-22 23:22:54
2026-09-22 08:10:00,CNC-02,M,296.17848228397474,311.1007050186478,1531.3375204077377,47.58608698181944,,2.9559430989065585,13.746400013839585,59.97425294838426,0,2026-09-22 23:22:54
2026-09-22 11:38:00,CNC-02,M,296.44515003022684,310.5391973980844,1425.0307651732842,50.450510819303524,55.50219326345838,2.1867534743455876,13.533900543501373,54.95559181327734,0,2026-09-22 23:22:54
2026-09-22 19:24:00,CNC-01,L,299.9763811518386,314.23532247065395,2391.6722444537168,27.856113493299738,156.0988020982957,3.2383297689498236,12.613010530293295,53.16671764460716,0,2026-09-22 23:22:54
2026-09-22 12:36:00,CNC-02,M,23.92042245417332,39.113831671924345,1426.7565428647633,53.77615229564848,147.63562617541248,2.408582781238793,14.295153844985506,55.460128591133156,0,2026-09-22 23:22:54
2026-09-22 18:42:00,CNC-03,H,299.68733525021986,314.1299642255949,2306.911256802347,28.775832557654464,194.3637539498792,3.4161367478830718,12.53198230623566,53.69922156216085,0,2026-09-22 23:22:54
2026-09-22 03:45:00,CNC-01,L,297.48272837465436,310.2300907150053,2298.151311493488,23.279126029395034,86.4360257184119,2.891344602041724,10.015478338508373,61.24673687405441,0,2026-09-22 23:22:54
2026-09-22 02:31:00,CNC-03,H,302.84890377899126,308.2230468806464,2709.1463947366883,13.895171282935335,41.59178942858177,3.2351275898169,6.910452890640518,48.44183451806549,0,2026-09-22 23:22:54
2026-09-22 11:49:00,CNC-02,M,296.9265918464912,311.1042590514769,1372.8599845258673,49.08492125405931,73.00208723900151,2.0277882310783806,12.82657452054318,56.1883763646134,0,2026-09-22 23:22:54
2026-09-22 13:56:00,CNC-01,L,298.0198214061642,312.27176347853066,1514.7116601657867,44.96415292777376,131.16182236935512,2.493914753993783,12.797945080412331,59.039733821867145,0,2026-09-22 23:22:54
2026-09-22 18:57:00,CNC-01,L,299.64438391547145,313.07179975527936,2284.0430760167555,26.358967538059304,122.41473209321067,3.150408230104358,11.21920260946424,55.15998347815989,0,2026-09-22 23:22:54
2026-09-22 11:42:00,CNC-03,H,296.46584506389047,310.43050734556425,1354.7950819512207,54.08068333728511,39.73794374903145,1.9084519307199204,13.346805471786507,60.3593489925352,0,2026-09-22 23:22:54
2026-09-22 08:37:00,CNC-03,H,295.77451667149296,309.4525618587225,1526.3665424152491,45.32757665382578,8.923855939202673,2.1048273938584763,13.015755061941634,60.48731092669063,0,2026-09-22 23:22:54
2026-09-22 21:19:00,CNC-02,M,299.97957856818067,312.39830753859417,2613.0994019845916,17.826525715899717,3.3945128673039013,3.139762506776885,8.993146366187943,52.05554363790074,0,2026-09-22 23:22:54
2026-09-22 06:42:00,CNC-01,L,296.47793566221975,310.40302419602745,1825.3751086172513,37.79588408396639,109.65016436637954,,12.865841115513081,54.94458752972858,0,2026-09-22 23:22:54
2026-09-22 19:19:00,CNC-03,H,299.5808724282132,312.5442653240277,2152.098429981536,28.043070698479877,1.2486726321215247,2.693873518132207,11.490783450580572,52.71547741196174,0,2026-09-22 23:22:54
2026-09-22 01:46:00,CNC-03,H,303.7010927345105,310.9964092067039,2527.9312439702103,21.434875634675908,212.71366570487052,3.789055203873354,9.828129443299606,44.55096167993617,0,2026-09-22 23:22:54
2026-09-22 04:45:00,CNC-03,H,296.1929171200295,311.03471124653606,2259.379545210081,31.738627211727703,198.6178517799859,3.330301851768099,13.551136499939968,57.56773734412376,0,2026-09-22 23:22:54
2026-09-22 03:29:00,CNC-02,M,296.7720928152645,309.2491278229924,2466.0863702918737,21.186101177639262,76.43867342461053,3.0462781109455976,9.535074711076106,54.67152735394728,0,2026-09-22 23:22:54
2026-09-22 02:56:16,CNC-01,L,298.01282879758264,310.77593989354057,2422.9991214525758,21.530240599387902,29.44065581253347,3.049537800922086,9.895654101049692,50.08660275144966,0,2026-09-22 23:22:54
2026-09-22 06:08:00,CNC-03,H,296.18646296334236,309.5706114258696,2113.623032903577,29.027952526399147,51.13387674833243,2.8324091122230888,11.214448557311611,58.27169529552976,0,2026-09-22 23:22:54
2026-09-22 13:52:00,CNC-03,H,297.69348244976635,311.45734590703813,1534.429550281727,44.92705110580007,28.18041980174145,2.1305653713499564,12.711681338968056,52.79974467844457,0,2026-09-22 23:22:54
2026-09-22 08:25:00,CNC-01,L,296.385810384385,310.5342406099007,1538.0364859050476,677.224808846171,58.489958252025176,2.167123580539812,,56.645541864248365,0,2026-09-22 23:22:54
2026-09-22 07:12:00,CNC-02,M,296.24591532832164,310.88791850769314,1913.4126853660462,38.69571920158279,120.98077354182755,2.635040827133274,13.847811361285864,56.46685899385878,0,2026-09-22 23:22:54
2026-09-22 17:36:00,CNC-03,H,26.13756360671016,39.83038136131057,1840.1861486955863,34.50184094348271,106.95983651223798,2.499477156191101,11.818831572160127,51.52843024938934,1,2026-09-22 23:22:54
2026-09-22 07:51:00,CNC-02,M,295.9709243363938,311.04758335744384,1850.0226448286169,42.03535260742474,176.6164983795536,2.909441052031187,,55.54854726826968,0,2026-09-22 23:22:54
2026-09-22 21:26:00,CNC-01,L,299.639330977367,311.7820160918285,2589.559921271397,17.222101715465485,0.0,,8.540282160041425,50.116817833541155,0,2026-09-22 23:22:54
2026-09-22 18:48:00,CNC-02,M,300.5340694843849,314.8664051522071,2249.858988042676,32.02209566741898,28.384810198121457,2.850354611671675,13.524744499400756,43.943302617382905,0,2026-09-22 23:22:54
2026-09-22 01:03:00,CNC-03,H,298.4975603361013,311.21875363266724,2559.8877063072164,18.408090785740082,166.09744690498727,3.2947702853768885,8.93713598939272,55.03680364888114,0,2026-09-22 23:22:54
2026-09-22 11:26:00,CNC-02,M,296.5398467573525,310.6389137045072,1340.3206113630927,53.249560219681385,36.47436497387808,1.939489727481787,13.499910200387518,56.867954899291064,0,2026-09-22 23:22:54
2026-09-22 02:23:00,CNC-01,L,297.80363005554534,311.4401596433529,2410.22812739368,23.733921653070418,211.71168090541133,3.9158620467253167,10.714279658137993,54.804230970118944,0,2026-09-22 23:22:54
2026-09-22 09:29:00,CNC-02,M,296.02387223613215,310.05617128867254,1621.5217022914596,41.67365609128991,99.97482650757144,2.272861614577256,12.501316275176471,59.14385690649327,0,2026-09-22 23:22:54
2026-09-22 02:10:00,CNC-01,L,298.46667904744106,312.87294689357503,2498.419942844599,27.87217526997249,197.19265684484645,37.64927463892316,12.945666358618672,58.63231480956988,0,2026-09-22 23:22:54
2026-09-22 04:57:00,CNC-01,L,302.45234942829717,310.1235920022092,2353.2144022293605,24.618941619349105,174.15808072452248,34.227278131797235,10.700918533348506,46.01036662162082,0,2026-09-22 23:22:54
2026-09-22 04:29:00,CNC-03,H,296.4099423662518,311.0822335389375,2241.9012442343505,32.607700830576064,178.93243582417674,3.221146599697245,13.797284354204242,56.61293372282122,0,2026-09-22 23:22:54
2026-09-22 01:30:00,CNC-03,H,298.0919205145976,311.0063355688046,2569.663631355063,18.29973640381054,195.32560629515916,34.541110897621444,8.860413552369852,55.02083427985434,0,2026-09-22 23:22:54
2026-09-22 13:42:00,CNC-02,M,297.9081328780732,311.8654991405644,1427.846654159233,47.86310952803799,28.48772341362423,2.009199203505119,12.934489827947782,49.06335029105918,0,2026-09-22 23:22:54
2026-09-22 03:37:09,CNC-01,L,297.92218081990865,311.9674257216185,2218.560638937394,31.245747472305613,75.87711321921854,2.75427264546099,12.752943995251673,56.39620470187725,0,2026-09-22 23:22:54
2026-09-22 16:39:00,CNC-03,H,299.149971797884,312.92011076218796,1766.9987199449622,40.21476713978654,27.266043356566335,,13.296058631309636,54.24121342115427,0,2026-09-22 23:22:54
2026-09-22 13:46:00,CNC-02,M,297.80014722083615,312.06118655250447,1476.3128052740044,47.83939482691561,34.78018121230981,2.089470142089601,13.296582982550692,54.85430798774639,0,2026-09-22 23:22:54
2026-09-22 01:07:00,CNC-01,L,299.0576641101583,312.0001124100371,2486.9797198367064,21.089353361298244,128.89305832906433,3.238841599986746,9.959313649905596,53.6673580832709,0,2026-09-22 23:22:54
2026-09-22 10:54:00,CNC-01,L,,310.3708528677462,1339.6005162701067,48.77794248080767,70.85153148207533,2.0417751026753197,12.08208674952858,55.586490606164446,0,2026-09-22 23:22:54
2026-09-22 02:25:00,CNC-02,M,297.48000992570934,308.60927404408113,2662.770307607447,12.447805784980496,3.3761894004830344,3.205589905563153,6.111640250717164,58.65536343449666,1,2026-09-22 23:22:54
2026-09-22 22:57:00,CNC-02,M,299.4673661947155,311.39916791317563,2572.054432651415,13.947644313193468,110.8619727482168,3.220813665049638,6.689588345852868,54.61990864340461,0,2026-09-22 23:22:54
2026-09-22 16:12:00,CNC-01,L,298.96364134203844,313.355726638631,1727.627343221725,42.96239357404814,101.13982026486201,2.4279934693369114,13.656160102900541,54.84240487849903,0,2026-09-22 23:22:54
2026-09-22 05:59:00,CNC-02,M,295.93276515697676,310.3368755440656,2008.9384991289267,36.98464052256275,21.16947358014209,2.639538825462283,0.0,57.60746155052647,0,2026-09-22 23:22:54
2026-09-22 10:43:00,CNC-01,L,296.7713416626383,310.90131170315584,1502.6777288877595,49.07409566407498,53.370988243487304,21.07247439763512,14.055887978738294,52.3696164238891,0,2026-09-22 23:22:54
2026-09-22 11:32:00,CNC-01,L,296.8799611398558,311.04189345522747,1386.0174380032217,49.811014746283654,130.88963581381708,2.39408653355926,12.76847340453785,60.6557018569057,0,2026-09-22 23:22:54
2026-09-22 10:48:00,CNC-03,H,296.40480188643534,311.7488439245552,1498.9006895262467,54.32054809700606,,2.774234045106687,14.935177945406487,55.842055491686764,0,2026-09-22 23:22:54
2026-09-22 03:54:00,CNC-01,L,297.03544715449715,309.97065237109354,2395.649328719533,21.664588814656042,97.2514867823163,3.1037770369275437,9.637799051163537,55.84097263612861,0,2026-09-22 23:22:54
2026-09-22 18:49:56,CNC-01,L,299.79924146271236,313.88982714118765,2207.6554769873446,31.296816897699237,113.61242956967124,2.9466719204445355,12.927414196993691,51.36157597337884,0,2026-09-22 23:22:54
2026-09-22 02:11:29,CNC-03,H,303.18454472134334,309.3603610034187,2585.2118676363625,18.790490541324445,18.384092238169707,3.096711091078843,8.862114751643043,45.62001320101418,0,2026-09-22 23:22:54
2026-09-22 21:29:00,CNC-02,M,299.9595926685093,312.58897477332897,2521.63697989786,20.220102876643107,14.514460581677907,3.1831132297199347,9.492207969642916,49.47834761245054,0,2026-09-22 23:22:54
2026-09-21 23:39:00,CNC-02,M,299.1218037720176,311.00560056965344,2634.449179845565,15.504499768233133,43.07718914430715,3.2556510196488064,7.622441674304233,53.054972083310986,0,2026-09-22 23:22:54
2026-09-22 05:43:00,CNC-02,M,296.36309981290924,309.55730084111445,2079.369519117816,30.484707387334254,0.0,2.623038526314237,11.932786638487043,60.23212070202356,0,2026-09-22 23:22:54
2026-09-22 12:22:00,CNC-02,M,297.0958571921532,311.5426355563162,1398.850211306094,50.13079572251967,125.33873246380179,21.44862902131745,12.744723753579363,54.47934477614814,0,2026-09-22 23:22:54
2026-09-22 13:34:00,CNC-01,L,297.632344415762,311.56877261509646,1521.0792049483496,43.45729739028192,96.65146403034197,2.239724570642157,12.381919380435878,56.4528679684727,0,2026-09-22 23:22:54
2026-09-22 11:20:00,CNC-03,H,296.4941345006392,310.5618500106684,1439.6328037266671,51.336754549795884,4.791907502992296,2.1251569280438436,13.996951031542153,57.53408258695784,0,2026-09-22 23:22:54
2026-09-22 04:39:00,CNC-02,M,296.5803437505786,310.3103156323347,2290.7924611024814,26.204453130140916,160.69620641060345,3.066516641083131,11.129439191953129,53.99787700531238,0,2026-09-22 23:22:54
2026-09-22 01:41:00,CNC-01,L,298.559020997735,311.5839561162269,2620.7013948446665,19.447011425130956,165.3765228482431,3.6811076769746376,9.744530370161844,53.32457500721757,0,2026-09-22 23:22:54
2026-09-22 08:35:00,CNC-03,H,295.63890528691087,309.34598183011946,1712.6112854070982,39.94925581264329,5.910931736877571,2.3850620739325694,13.01794941250713,59.91959477881196,0,2026-09-22 23:22:54
2026-09-22 06:13:00,CNC-01,L,296.42086968874327,309.8672885727148,2047.4059232308455,31.115844548082727,69.87647472330316,2.632677179595765,11.877938266957047,57.6266586200996,0,2026-09-22 23:22:54
2026-09-22 03:44:00,CNC-03,H,296.6079377294697,310.3851909299768,2447.374043168837,25.020083153132994,124.8013756974192,3.0595098035642456,11.563437419570054,58.42436260474644,0,2026-09-22 23:22:54
2026-09-22 18:05:00,CNC-02,M,27.09462797541414,41.916363869410304,2017.793274052542,35.12455183573108,198.21996156500217,3.241048537813331,13.167461863381206,51.85267250051017,0,2026-09-22 23:22:54
2026-09-22 19:35:00,CNC-02,M,300.29997558867586,313.98191430976823,2267.4753262666964,25.770841759949825,87.03654016561784,2.8894646021390002,11.402554550227507,51.68919673338542,0,2026-09-22 23:22:54
2026-09-22 12:25:00,CNC-03,H,23.75480218363083,37.86597375910105,1417.3742654359592,50.10855730648353,108.00396077988857,2.1222061605670155,13.230308635545004,56.39372146785068,0,2026-09-22 23:22:54
2026-09-22 08:04:49,CNC-03,H,295.3864540819285,310.58323324525855,1808.6281844956343,42.67499260290155,214.7210716304858,3.033836281315718,14.64885129936119,61.24079042881936,0,2026-09-22 23:22:54
2026-09-22 05:39:00,CNC-03,H,296.1912269347046,309.36045981852004,2027.2853575262754,30.296819191027193,12.84558807852122,2.6736863123303864,11.450607710478678,61.068839064650966,0,2026-09-22 23:22:54
2026-09-21 23:25:00,CNC-03,H,299.0119990615935,310.9018458170965,2723.9162881117554,14.673903511717578,61.59635375179043,3.3465562772447224,7.5790453192534795,50.994759224452245,0,2026-09-22 23:22:54
2026-09-22 18:30:00,CNC-03,H,299.61086046894496,314.32125662014647,2132.434293614159,33.68199922074125,178.87641644068572,3.197749540382202,13.474904434750117,50.2460286209266,0,2026-09-22 23:22:54
2026-09-22 12:29:00,CNC-01,L,24.062792715984187,39.236978790873934,1474.010821908001,52.095618968771994,221.48170495119987,3.1825718564492056,14.27688234127238,56.29743100626839,1,2026-09-22 23:22:54
2026-09-22 19:49:00,CNC-03,H,299.67342020672305,312.2965073694079,2214.777220736815,24.267775898765557,37.71372702307748,2.765817062180811,10.04724004072201,50.28391820199074,0,2026-09-22 23:22:54
2026-09-22 11:57:00,CNC-01,L,296.90322746602504,311.38511047121534,1324.692746123556,53.46813762320342,170.61714353911353,2.5204977630223553,13.258988706634835,62.55200425496238,0,2026-09-22 23:22:54
2026-09-22 01:49:00,CNC-02,M,298.0992921949893,310.94137277021383,2604.8025106504197,17.867295919001595,182.14590253866825,3.6557131076699583,8.886638867018231,52.66336811583126,0,2026-09-22 23:22:54
2026-09-22 19:14:00,CNC-03,H,299.6859893001267,314.1107970925498,2096.200405708531,31.597369940506358,234.92733983168247,34.315872369020006,12.714487522218025,52.432201804069,0,2026-09-22 23:22:54
2026-09-22 04:42:00,CNC-02,M,296.55827875741375,310.65683743670417,2279.8420374324355,28.245855363670557,164.42764793367778,3.27752225140619,12.096678844910578,55.28397707820775,0,2026-09-22 23:22:54
2026-09-22 06:02:00,CNC-02,M,296.2372850544766,310.174651264042,1987.8445598962749,34.99983193506741,25.127230628243975,2.692414609557942,13.086495430534864,55.58232837953667,0,2026-09-22 23:22:54
2026-09-22 15:07:00,CNC-01,L,298.3584554417253,311.8784670990798,1582.9309114827502,43.06904786200962,4.519469395756497,2.244534184079761,13.003304916627034,,0,2026-09-22 23:22:54
2026-09-22 17:10:00,CNC-03,H,299.0218680764039,313.4428473887498,1797.4038738810682,41.70991886053432,71.20977755946359,2.4374213972399286,14.13390283261752,53.072249471267185,0,2026-09-22 23:22:54
2026-09-22 13:48:00,CNC-01,L,298.21565574211843,312.3002178543779,1505.0804802253326,47.496690406915704,118.78447860212064,2.350776601434126,13.82741713978944,51.57843399416426,0,2026-09-22 23:22:54
2026-09-22 07:19:00,CNC-01,L,296.05944298680066,310.8913825500512,1814.2678112573951,41.27313146805181,161.3516122585766,2.9200888538253387,13.980196773690906,57.24059943714942,0,2026-09-22 23:22:54
2026-09-22 16:37:00,CNC-01,L,299.26455690008856,314.23485045783906,1867.0683028028732,42.30163626504742,137.0823980255541,2.7626952395205944,14.471732446849124,56.17748045903363,0,2026-09-22 23:22:54
2026-09-22 22:51:00,CNC-03,H,298.9906355391613,312.8634752802533,2575.816603803966,22.60965252975244,243.45013079117194,4.039337576427325,10.921488527728657,53.71742490280924,0,2026-09-22 23:22:54
2026-09-22 08:33:00,CNC-02,M,296.00574038076786,309.22444258672573,1520.7988956493994,41.526238590996144,14.972907940202182,2.185671163130865,11.810659778617037,56.436258432724806,0,2026-09-22 23:22:54
2026-09-22 05:54:00,CNC-01,L,296.64738863510274,310.5678476960146,2156.3010158955813,32.37037824981541,44.37318380228965,2.8105131400152774,12.890484487829998,60.41238752381449,0,2026-09-22 23:22:54
2026-09-22 11:29:00,CNC-01,L,297.2732682840105,311.29979268395846,1323.9454464370453,50.65119334918855,126.16865558820523,2.326077193104157,12.63672027319609,59.25689436210023,0,2026-09-22 23:22:54
2026-09-22 17:03:00,CNC-03,H,299.00618280508576,312.836722954414,1830.0107706930658,36.103365352813285,61.313854987078074,2.4543282683579637,12.568687969297047,49.366940874529924,0,2026-09-22 23:22:54
2026-09-22 04:13:00,CNC-03,H,296.3548542078107,309.9652124128241,2277.9166441441885,25.39477199897877,159.30889101846523,3.09597447459669,10.592553657369837,60.80942008231022,0,2026-09-22 23:22:54
2026-09-22 01:00:00,CNC-01,L,298.7761569136563,311.3089512477149,2577.2123396265542,19.187095864916262,121.30341824133336,3.306123625901675,9.376900160476412,53.91117025729529,0,2026-09-22 23:22:54
2026-09-22 16:23:00,CNC-03,H,298.96864528591243,312.8557031816681,1846.915273966497,37.74630388490652,4.323839862151057,2.5007171057836604,12.920673019025779,58.82312754422498,0,2026-09-22 23:22:54
2026-09-22 06:02:00,CNC-01,L,296.62159577075477,310.3167094307493,2038.994496863773,33.14257010431555,55.023599106639516,2.6663627872832385,12.720025526315567,61.25021561830139,0,2026-09-22 23:22:54
2026-09-22 10:27:00,CNC-03,H,296.0018815688191,310.555691784726,1477.4058998536023,48.307600637339455,178.77752966697068,2.362037303924373,13.47266800001918,61.580753387157465,0,2026-09-22 23:22:54
2026-09-22 02:26:00,CNC-01,L,298.3037874255012,310.98977086717395,2690.5048590626325,17.35049019444102,214.95932722459784,4.125778072917612,8.858414972492746,53.28825440808818,0,2026-09-22 23:22:54
2026-09-22 12:07:00,CNC-03,H,297.18048151798996,311.4643671200151,1428.3448174052055,50.27466523247619,79.51847193050338,2.141044220485257,13.43188952976452,57.62912178756362,0,2026-09-22 23:22:54
2026-09-22 01:05:00,CNC-02,M,298.0866803298948,311.41212201587535,2663.372206319197,21.648250427760015,134.7440549949243,3.453355816753609,11.05476426932585,57.087994874600746,0,2026-09-22 23:22:54
2026-09-22 11:47:00,CNC-01,L,296.8444408391143,311.20088590623953,1337.2588330656506,50.014438441914336,154.675159306211,2.2818052304450145,12.403678559189657,57.805626871212255,0,2026-09-22 23:22:54
2026-09-22 19:23:00,CNC-01,L,299.58033458753306,313.7054025272342,2312.499633298417,29.25160071047124,154.90512116771927,3.1795211140366817,12.560964838204372,51.58988922835361,0,2026-09-22 23:22:54
2026-09-22 18:34:00,CNC-01,L,299.8769251311734,,2029.110843611512,30.821499910724114,93.09388909584968,2.748843380832681,11.7879783743556,51.49939556310694,0,2026-09-22 23:22:54
2026-09-22 09:04:00,CNC-01,L,295.9706673266618,310.7907187395191,1523.8009599451057,51.658422418079546,117.4504508056312,2.289386044631968,14.836756403032902,59.62870408458364,0,2026-09-22 23:22:54
2026-09-22 11:56:00,CNC-02,M,296.6017469936997,311.6496175765504,1583.3608178548718,51.5488412744376,84.01717639482253,2.2782815689726967,15.267254979706035,55.05608459722902,0,2026-09-22 23:22:54
2026-09-22 16:51:00,CNC-02,M,304.92294519571925,313.1721329126904,1788.0494366655105,38.12341977923028,97.15495289243682,2.3717254686524782,12.915556839046708,42.625567708658004,0,2026-09-22 23:22:54
2026-09-22 17:53:00,CNC-03,H,26.320464299041078,40.934774662844745,2099.7882418006398,34.802677962092986,130.00138062076647,2.73699174887274,13.659119332453631,48.82253871932256,0,2026-09-22 23:22:54
2026-09-22 17:14:00,CNC-02,M,305.05211306861077,313.55626158439884,1963.3119722390638,35.93123245096946,129.3952940393487,2.748370053734557,13.406946998688593,39.69767393178659,0,2026-09-22 23:22:54
2026-09-22 12:53:00,CNC-03,H,24.23340463100334,38.49188554975456,0.0,53.98831986039404,152.39243681837988,2.149855180102196,12.913965768481814,53.13627451934157,0,2026-09-22 23:22:54
2026-09-22 19:42:00,CNC-02,M,300.548153480703,314.32237319080366,2292.538257087678,24.694957262574345,95.57147499494069,2.954101047363047,10.630642151623372,49.619376929353905,0,2026-09-22 23:22:54
2026-09-22 06:27:00,CNC-02,M,296.0015176345649,310.66439823739904,1981.8432534427134,39.03628567678014,58.710480540063614,2.6508975540061757,14.533726296615715,60.353254020813566,0,2026-09-22 23:22:54
2026-09-22 03:55:00,CNC-02,M,296.37219150713,309.81304593832147,2341.911031077472,25.643632906203983,107.16578747016396,2.9530699082351766,11.174271034846754,59.47158112386154,0,2026-09-22 23:22:54
2026-09-22 16:14:00,CNC-03,H,298.79104833427783,314.3759694347958,1781.944205109414,45.488399248144745,243.14424534813716,3.379222685861482,15.199607972780099,52.936623914588175,0,2026-09-22 23:22:54
2026-09-22 04:58:00,CNC-01,L,302.24525039321986,311.21843895509255,2047.3219893625208,37.67868456063477,175.47809366243337,3.1839266545497384,14.248900685102589,45.50049408375274,0,2026-09-22 23:22:54
2026-09-22 22:33:00,CNC-01,L,299.2533799597218,311.3223362023325,2716.8944464768565,15.103110815732062,138.17343650054184,3.5426279723511,7.919407691151137,56.351948033461504,0,2026-09-22 23:22:54
2026-09-22 12:13:00,CNC-02,M,296.87842156130654,311.0131337037596,1301.2506327212195,49.13760534559097,111.0314733719366,2.1019578077181653,11.974710670637759,55.678784641975085,0,2026-09-22 23:22:54
2026-09-22 16:03:00,CNC-02,M,299.1701685853311,313.05535840085855,1525.1386154585368,42.829321847579116,28.2020543322235,2.210965046336907,12.14021694893093,50.94312189486268,0,2026-09-22 23:22:54
2026-09-22 22:44:00,CNC-02,M,299.53789978879183,312.26957544593074,2637.817684224505,17.199410657746412,96.88323173603031,3.276985759433992,8.29048662476066,50.7906471354249,0,2026-09-22 23:22:54
2026-09-22 02:12:00,CNC-03,H,303.27917906550766,308.89727050921823,2575.4708798079355,15.979839684789468,20.544616595772432,3.131381120900368,7.4130948349224495,45.68640443895556,0,2026-09-22 23:22:54
2026-09-22 08:11:00,CNC-02,M,296.266491920213,311.9356165253386,1607.1234240965543,49.991854289528014,205.99584120947137,2.8403447495609924,14.95929823274149,60.28166197171187,0,2026-09-22 23:22:54
2026-09-22 11:06:00,CNC-01,L,296.972610541564,310.99689124248385,1368.069439259783,51.00851317204048,89.70230556582146,2.184072447851832,12.98510345224216,55.24205894266363,0,2026-09-22 23:22:54
2026-09-22 11:19:00,CNC-03,H,296.8060091248075,310.362538985524,1315.7653446893314,51.42447163588166,3.191907502992296,1.995258946423974,12.68952183946322,57.59901257373879,0,2026-09-22 23:22:54
2026-09-22 16:34:00,CNC-01,L,298.96718012694225,313.3430378838301,1773.460862941784,39.05822624142241,132.79552266227654,2.584768685897343,12.960866082642182,52.524208017425515,0,2026-09-22 23:22:54
2026-09-22 07:01:00,CNC-01,L,295.9385149936269,310.51610509099817,1838.9436466046927,40.232680184874646,135.9182417978657,2.672044669927137,13.900670185164111,60.84880843254937,0,2026-09-22 23:22:54
2026-09-22 16:40:00,CNC-01,L,299.11252179075166,313.38734355628145,1752.645477324025,40.842087377270026,141.3694192147615,2.656972400250431,13.358865540120906,53.322116197069356,0,2026-09-22 23:22:54
2026-09-22 06:58:00,CNC-03,H,295.775072555702,309.6301601625015,1726.3052047577787,37.97910905731733,119.87113001792726,2.425389875298671,12.292289347106907,59.854039144970464,0,2026-09-22 23:22:54
2026-09-22 11:44:00,CNC-02,M,296.7805727665389,311.25133359926195,1411.827809490886,50.937797220933504,65.02635985621102,2.103770233352039,13.488609592344616,58.89625082707836,0,2026-09-22 23:22:54
2026-09-22 13:27:00,CNC-03,H,24.355687962635045,39.52413160986089,1528.2747469004873,49.64255469503858,205.96459398725972,2.7458500662490053,14.291642923017859,53.21476285311574,0,2026-09-22 23:22:54
2026-09-21 23:28:00,CNC-02,M,299.0591334271964,310.83058735036406,2629.8284044304137,16.753311033656317,31.392853496168005,3.2132303452648427,8.175324373954906,56.90528608179452,0,2026-09-22 23:22:54
2026-09-22 02:51:00,CNC-03,H,302.51729009823424,309.9754544681841,2456.2385862263664,25.801658209803257,64.02468149153677,2.97000896360109,11.880198899588,45.539302240812425,0,2026-09-22 23:22:54
2026-09-22 21:54:00,CNC-03,H,299.8756766457794,312.2492869638339,2642.07491867111,15.611133381839519,181.42865518125348,3.5087931185725996,7.395043507119916,49.626479657316025,0,2026-09-22 23:22:54
2026-09-22 02:57:00,CNC-03,H,296.80252048384165,308.5557816601071,2680.0809257475,14.57253077551313,70.69536393305097,3.2005970450899563,7.30297671262423,53.09266560940211,0,2026-09-22 23:22:54
2026-09-22 06:26:00,CNC-03,H,295.83152141304424,310.3936451977431,2080.343639450092,36.23770369981098,75.45906758843003,2.6473415083452805,14.134449894101458,60.77204746231891,0,2026-09-22 23:22:54
2026-09-22 09:17:00,CNC-02,M,296.1743734025376,311.07942049075734,1555.093096710007,49.27669245994879,81.646348072415,2.2859142372210113,14.401730131587655,52.25086308558237,0,2026-09-22 23:22:54
2026-09-22 07:40:00,CNC-01,L,296.08246500945023,310.876774258536,1822.9447458549773,40.202940494578385,191.48996197409318,3.171530400983637,13.737950379161477,60.514643114663784,0,2026-09-22 23:22:54
2026-09-22 12:03:00,CNC-02,M,296.61508238579097,311.0359337895201,1404.0555061380787,51.81796883164987,95.169331528572,2.1374459172202287,13.400561704333885,0.0,0,2026-09-22 23:22:54
2026-09-22 06:00:00,CNC-03,H,296.0351041030706,310.00840361904443,1953.3669794464076,37.987811540642454,40.52671695074582,2.561134439437778,13.944092684971446,64.41246393442799,0,2026-09-22 23:22:54
2026-09-22 17:08:00,CNC-02,M,304.8999306502684,313.77493411194456,1912.83410428147,39.3931261706337,121.12015150935312,2.6340444747434675,14.44629163195209,43.55624063883093,0,2026-09-22 23:22:54
2026-09-22 06:28:00,CNC-01,L,296.48000693545714,310.4376025802782,1934.2551893641466,34.074175067389426,90.1711217528372,2.61437870536081,12.346057098144668,54.85563731672442,0,2026-09-22 23:22:54
2026-09-22 20:08:00,CNC-01,L,0.0,314.49083445338357,2224.218128822592,30.30973962680716,209.3674765059633,3.6300442022846915,0.0,51.06499022077847,0,2026-09-22 23:22:54
2026-09-21 23:28:00,CNC-01,L,299.2754881659041,310.96540588570986,2792.9155072678623,14.393992361205218,23.31693414383322,3.3234785178345123,7.56231837939691,52.65926920842677,0,2026-09-22 23:22:54
2026-09-22 07:26:00,CNC-01,L,296.0165566485695,311.12634167141687,1864.0383222954033,40.90132191608996,171.38455787087895,2.9530786521722496,14.066033498267295,60.14578047943695,0,2026-09-22 23:22:54
2026-09-22 17:48:00,CNC-01,L,26.413151732975393,40.67861156659569,2068.2122615191875,35.727190598556454,32.33518472039609,2.673304545093096,13.69178423584863,53.80436727552546,0,2026-09-22 23:22:54
2026-09-22 18:47:00,CNC-02,M,300.1431741497375,313.92743568502596,2234.3638175282863,29.482568196801353,27.120589356296524,2.82482257313328,12.435858408519387,52.888413179977746,0,2026-09-22 23:22:54
2026-09-22 09:37:00,CNC-01,L,296.50543968610367,311.6610044787989,1621.7204961176749,50.017684869250076,168.38792617993235,2.670925986958872,15.379519847259816,59.11572292702518,0,2026-09-22 23:22:54
2026-09-22 12:02:00,CNC-01,L,296.95572184700416,311.87074794320716,1375.7061871830902,55.643077121991325,178.55399572371056,25.738636695715595,14.398124642201756,53.386873009860466,0,2026-09-22 23:22:54
2026-09-22 04:04:00,CNC-01,L,297.3413160574934,310.68487246190233,2341.922111519332,24.995574127423556,109.14275476589118,3.064246051145275,10.91495261893847,54.51964319112262,0,2026-09-22 23:22:54
2026-09-22 09:59:00,CNC-02,M,296.2418414107221,311.16672579193755,1574.7771019654585,47.74693574669787,146.65459652436573,2.6019283637825503,14.227133150062757,56.996101927918055,0,2026-09-22 23:22:54
2026-09-22 22:48:00,CNC-03,H,298.9950913555966,312.87955544627647,2594.335921726676,22.65980300158319,240.17976694328456,39.141567687238755,10.939765073871492,52.75668110973799,0,2026-09-22 23:22:54
2026-09-22 13:52:00,CNC-01,L,298.08717620956514,312.89581703444367,1484.719262182006,51.79324953127348,124.97802342990849,2.3636925875257258,14.318634271486982,55.238360439593606,0,2026-09-22 23:22:54
2026-09-22 03:10:00,CNC-03,H,296.6677603896232,,0.0,18.21143527348228,85.43081366901778,3.257177685144109,8.874106314515839,58.58626374351349,0,2026-09-22 23:22:54
2026-09-22 07:58:00,CNC-03,H,295.752890340564,310.94316426118115,,50.2583227467918,206.01203881439855,2.8934533937410265,14.440508622012908,58.25097971788148,0,2026-09-22 23:22:54
2026-09-22 17:09:00,CNC-01,L,299.4316698783542,314.53094460325593,1860.8638944990512,41.23973106784777,182.01802427737476,2.995879792069339,14.611072394317645,54.86502513207917,0,2026-09-22 23:22:54
2026-09-22 10:14:48,CNC-03,H,296.1453716227812,311.09078111478175,1533.8191374170906,51.546688697833375,159.9113915908825,2.442339348163087,14.942555744310955,58.95265055431773,0,2026-09-22 23:22:54
2026-09-22 16:08:00,CNC-02,M,298.89236702822643,312.8762101068552,1684.276682330663,40.08619446057834,35.45337911045695,2.344118939085239,12.74363739522621,53.228400241768874,0,2026-09-22 23:22:54
2026-09-22 12:07:00,CNC-01,L,297.1584044509972,312.3275759735035,1578.363185089412,50.77263506138971,186.46673651284254,2.9047496991573176,15.2305906150096,53.45473444490147,0,2026-09-22 23:22:54
2026-09-22 01:21:00,CNC-01,L,298.87682642537163,310.92193136889597,2711.5065820804016,15.002783425954501,143.9027057332252,0.0,7.262980174406916,57.11996603913927,0,2026-09-22 23:22:54
2026-09-22 16:21:00,CNC-01,L,299.17425545799364,313.9156397316361,1678.8525378392812,43.170302005959556,114.21830810515353,2.568733555628535,13.763621895248603,50.608970944505515,0,2026-09-22 23:22:54
2026-09-22 01:27:00,CNC-01,L,298.59182633400826,312.2276563724546,2551.150365764863,24.521490904715197,150.28289720958273,3.4482799636020287,11.487605123327784,50.50878528273935,0,2026-09-22 23:22:54
2026-09-22 21:22:00,CNC-01,L,299.6821632246647,,2563.82772973508,18.157791703673734,60.62527618190153,3.266289687893226,8.826534915532402,48.900595905839346,0,2026-09-22 23:22:54
2026-09-22 22:23:00,CNC-02,M,299.58818225365815,312.34238496221127,2507.8515454709927,19.337847049924843,74.18742011141003,3.0908867566371274,9.074786477325105,50.85506257862058,0,2026-09-22 23:22:54
2026-09-22 17:23:00,CNC-03,H,25.854705928168073,39.8956437784131,1897.427204048533,38.24598885927158,89.20407082690927,2.569214903426591,13.396355053641912,50.44873058052846,0,2026-09-22 23:22:54
2026-09-22 12:00:00,CNC-03,H,296.9207076032728,310.906425121078,1337.6981932331123,51.79044769540943,68.38903708664931,2.043278117641484,12.932331967521517,54.58479452732981,0,2026-09-22 23:22:54
2026-09-22 04:08:31,CNC-03,H,296.39852398605825,309.9077112848503,2440.784707522303,25.068577079032213,155.62385811381577,3.1755361288080786,11.78862515025467,58.596032103984946,0,2026-09-22 23:22:54
2026-09-22 04:47:00,CNC-02,M,296.15749595563506,310.3781347824932,2244.8607361067166,29.43637720339372,170.63118589457,3.2611428182992777,12.168542365423118,59.63472415562338,0,2026-09-22 23:22:54
2026-09-22 01:41:00,CNC-02,M,298.13614013565274,309.81099674747566,2842.563588560668,12.032063730861955,173.49494960016423,3.6991449088169777,6.568726307314701,57.40862085061904,0,2026-09-22 23:22:54
2026-09-22 21:27:00,CNC-01,L,299.5460410794496,311.39050448188027,2625.795247267579,16.985125239616835,66.06671792812679,3.2163113953576947,8.187580965845687,53.0347321382391,0,2026-09-22 23:22:54
2026-09-22 01:47:00,CNC-02,M,298.1558486957986,310.6175058339864,2755.9202539442367,16.65269297088691,179.99186699092905,3.782778254156249,8.816739523450186,55.53450708911164,0,2026-09-22 23:22:54
2026-09-22 16:06:00,CNC-02,M,299.06725524312935,313.5447577829325,1756.290627654347,41.951693428631565,32.54435441129001,2.36687139186279,13.82360343565844,49.617525823037475,0,2026-09-22 23:22:54
2026-09-22 13:01:00,CNC-02,M,24.001221673449493,39.14320694993819,1362.740215861337,55.73419421928061,187.35126798794775,2.653055032779829,14.288884224846974,56.978298648634905,0,2026-09-22 23:22:54
2026-09-22 07:08:00,CNC-03,H,295.8019557922779,309.49276105697487,1837.0419682734428,35.142909129046316,134.06601258954367,2.6645986616167776,11.88678912623578,54.88788207295259,0,2026-09-22 23:22:54
2026-09-22 06:27:00,CNC-03,H,295.8322160711287,310.23442926177813,1978.1708509488922,36.5288449104576,76.82566229174051,2.5493787559600327,13.452755747200644,54.99721769019894,0,2026-09-22 23:22:54
2026-09-22 22:55:00,CNC-01,L,299.05171328076915,311.4614018526244,2642.809401307019,15.742811435459526,161.84782872061083,3.503969423970335,7.7315173210284005,54.47154541152146,0,2026-09-22 23:22:54
2026-09-22 13:47:00,CNC-03,H,297.65029223129966,311.32488942487714,1529.7885392556916,44.717362772578475,20.401128579085032,2.1856689465551176,12.829495593059157,57.08415836677273,0,2026-09-22 23:22:54
2026-09-22 01:04:00,CNC-02,M,297.95803659823036,310.7803373666525,2635.4050225171413,19.373914625573562,133.6748296442318,3.346011795283514,9.403790296462955,58.13068064206055,0,2026-09-22 23:22:54
2026-09-22 17:21:00,CNC-01,L,26.308566817236226,40.55611064149929,2083.6071702734607,33.04668685342496,198.49997121641314,34.377776212946905,13.022830407530227,53.92011142259247,0,2026-09-22 23:22:54
2026-09-22 14:54:00,CNC-03,H,298.0202428135728,312.4496338522572,1639.5348158897261,43.82091949356246,123.97410587193862,2.485391102727911,13.175238142929132,55.36748968766417,0,2026-09-22 23:22:54
2026-09-22 16:25:00,CNC-01,L,298.9319263508239,313.4199410266041,1633.240623634972,45.218784897259404,119.89705841287454,2.410960669662422,13.899421559161683,50.71423245546428,0,2026-09-22 23:22:54
2026-09-22 07:18:00,CNC-03,H,295.89669350753604,310.80644141992656,1986.302832087427,39.40829016871969,148.15543593913446,2.8658703213550303,14.809498465291606,56.683002581221785,0,2026-09-22 23:22:54
2026-09-22 12:16:00,CNC-02,M,296.87950203417336,310.8797293561573,1341.5837237156206,49.90665721946365,115.77362187345611,2.056955452167252,12.756357675531019,57.74492800962713,0,2026-09-22 23:22:54
2026-09-22 06:03:00,CNC-03,H,296.1223446804868,309.6120728079407,2026.8598255553734,30.395724846946436,44.507324756276084,2.607853665797999,11.446402757757928,56.874551269813566,0,2026-09-22 23:22:54
2026-09-22 06:57:00,CNC-02,M,296.26764397418964,310.63865337389745,1842.5442185656875,38.10873577712691,99.93522982949996,2.5751517186783905,13.609424919054865,57.02031389048144,0,2026-09-22 23:22:54
2026-09-22 03:43:00,CNC-02,M,296.6724223162194,310.4866650154015,2303.555412055993,28.113475777142284,92.97716654540785,2.9787120399875855,12.235246160797493,59.84957138670787,0,2026-09-22 23:22:54
2026-09-22 03:56:00,CNC-01,L,297.54076761603307,309.978675272421,2458.122790717208,19.814804056169397,99.57736455445512,3.2196500964268067,9.313578841937705,56.87827873087104,0,2026-09-22 23:22:54
2026-09-22 19:56:00,CNC-03,H,,312.94530956130654,2219.7793786219336,30.18317075881274,46.198962962414434,2.8375534514958236,12.610906321901885,49.27858216222661,0,2026-09-22 23:22:54
2026-09-22 04:54:04,CNC-02,M,296.0429231988988,310.07187441531084,2347.3585656511123,28.22017013534493,179.31004927380678,3.3677356345818175,12.37573099400137,61.005084325114524,0,2026-09-22 23:22:54
2026-09-22 09:45:00,CNC-01,L,296.35135664793467,311.3492083483895,1518.9372276327088,50.342249564591214,180.82406162861471,2.7650411945242066,14.13826334931382,62.24012529859977,0,2026-09-22 23:22:54
2026-09-22 22:13:00,CNC-01,L,299.23665011752803,311.9382060818957,2537.240761124437,18.38195424314418,116.45105876629432,3.3270167812333478,,55.29014869336964,0,2026-09-22 23:22:54
2026-09-22 03:44:00,CNC-01,L,297.382884726601,311.17167360810834,2316.41346799517,27.410980036354644,85.25815952009033,2.902849795700322,11.931351429236042,55.960234200682535,0,2026-09-22 23:22:54
2026-09-22 03:40:00,CNC-01,L,297.708504823598,310.7622444658222,2366.9458474025596,23.611194404927375,80.54493586617406,2.8886420892321567,10.602339464068569,56.92909164726443,0,2026-09-22 23:22:54
2026-09-22 10:23:00,CNC-01,L,296.6871813076851,311.2310867765289,1478.6658685408017,49.58326724497256,23.48827057297496,2.064922803129224,13.888569082498655,59.40435128094459,0,2026-09-22 23:22:54
2026-09-22 07:33:00,CNC-03,H,295.71533955270405,310.7036095128411,1796.8149371667514,,169.67129745864227,26.97147953990346,14.67263580779701,58.736285730590076,0,2026-09-22 23:22:54
2026-09-22 07:00:00,CNC-01,L,296.3182607097993,310.7454348430165,1721.9126941387453,43.066089030512885,134.53127348157773,2.518924846024344,13.898156055111606,59.578245392437225,0,2026-09-22 23:22:54
2026-09-22 06:14:00,CNC-02,M,296.2005582842237,309.08138882695374,2217.2459801273653,25.15305134246675,41.064087152494515,2.8202904199394085,10.226111408405524,64.40704277734493,0,2026-09-22 23:22:54
2026-09-22 19:01:00,CNC-01,L,299.9768545429779,313.5443808487836,2254.5979702448544,26.829103064738145,127.50880631746053,3.008558402622403,11.37156847168147,50.54247117995809,0,2026-09-22 23:22:54
2026-09-22 15:37:00,CNC-01,L,,312.99766456215366,1670.6547653794787,43.430445737356834,49.529650353371245,2.2291196128553756,13.665224882272298,51.17734744941648,0,2026-09-22 23:22:54
2026-09-22 17:04:00,CNC-02,M,305.2372689967339,313.76703051619774,1821.0480616742711,39.14867601862492,115.54978098123766,2.458772412889561,13.465868202986012,41.513231964105884,0,2026-09-22 23:22:54
2026-09-22 08:36:00,CNC-01,L,295.96172137678064,310.3155310735599,1526.5572504696515,49.05150751985688,74.9441311705105,2.2020306789851216,14.056966178377849,50.38928409547201,0,2026-09-22 23:22:54
2026-09-22 02:21:00,CNC-02,M,297.21093558911963,310.35315668329383,2630.9465321203124,18.689354069261736,217.35100048666826,4.118431217470685,9.229163801251241,56.840004307838996,0,2026-09-22 23:22:54
2026-09-22 03:56:00,CNC-02,M,296.43286957002977,310.2062859834653,2350.304919405119,27.35747373942814,108.3807084893756,2.9844296939305064,12.020804398732352,56.82386118360765,0,2026-09-22 23:22:54
2026-09-22 00:08:00,CNC-01,L,299.27448719127244,311.17457361449976,2518.6111469330995,16.741157361274702,65.78696135285762,3.2197453516674117,7.84660164600717,50.19970385456229,0,2026-09-22 23:22:54
2026-09-22 08:08:00,CNC-02,M,296.3476479173368,311.6512382207504,1595.281281648017,49.353510439453586,201.49963297758774,2.954126674419755,14.678394622691673,60.59521072302359,0,2026-09-22 23:22:54
2026-09-22 04:48:00,CNC-01,L,302.5379571422494,311.336709885972,2183.4869048305372,35.786830336735584,163.00545234099684,3.2096463137138125,14.617566560169976,48.06877163621521,0,2026-09-22 23:22:54
2026-09-22 06:07:00,CNC-02,M,296.19533980938536,310.19959230458755,2085.819406887531,33.465761395516886,31.7303205047305,2.7386919133070013,13.113635010738202,56.85754804479233,0,2026-09-22 23:22:54
2026-09-22 18:21:00,CNC-01,L,26.51894423158592,39.78330910223707,1965.455921123755,30.37136838980881,76.24497347144357,2.6346403578120716,11.595529988880227,52.41803603697551,0,2026-09-22 23:22:54
2026-09-21 23:44:00,CNC-03,H,298.97692580421295,311.96957145819243,2572.9139684437737,22.295411735416966,81.98330204578802,3.2803730490290963,10.439116025107774,50.707924905762255,0,2026-09-22 23:22:54
2026-09-22 16:19:00,CNC-03,H,298.6946104818111,313.69774249205847,1784.7324516171388,39.623120574798946,250.31648046828747,3.3870774571638926,13.418213714409493,52.51037762065291,0,2026-09-22 23:22:54
2026-09-22 19:46:00,CNC-03,H,299.62281869247533,312.43942283114774,2296.841588836009,24.221514366176432,34.12820754635535,2.863511983923684,10.312651763307834,54.49713362600603,0,2026-09-22 23:22:54
2026-09-22 00:07:00,CNC-02,M,298.59166813302465,311.4281464079477,2573.9477759444117,20.02209718083235,72.90479398463135,3.1160821255960736,9.592225472376292,52.047683749420266,0,2026-09-22 23:22:54
2026-09-22 13:28:00,CNC-01,L,24.6667136385945,38.86372575119702,1472.9531343032297,48.207466698290375,87.31898164694985,2.2118182679379492,13.347067737193443,56.257751562724174,0,2026-09-22 23:22:54
2026-09-22 19:21:00,CNC-03,H,299.6638900645832,311.7032855763902,2372.70429361801,20.63900711346225,3.6843622550962722,2.8999457470452827,9.083701416569818,50.831254108609805,0,2026-09-22 23:22:54
2026-09-22 02:00:00,CNC-03,H,303.65999151434403,308.56504288864977,2676.925172845391,11.115951451331537,7.595647807387406,3.261080548656115,5.4845165199093024,44.775513942705714,1,2026-09-22 23:22:54
2026-09-22 22:54:00,CNC-02,M,299.1557516738943,311.9055563438531,2799.4100892178535,16.553551515153153,107.62624646348432,3.4195458109071915,8.937723887507136,53.94962430974457,0,2026-09-22 23:22:54
2026-09-22 21:49:00,CNC-02,M,299.8576098544217,312.92040673537406,2469.100547906407,22.453614291173846,36.791395839717545,3.1151775329215203,10.174329610233205,50.46624385714254,0,2026-09-22 23:22:54
2026-09-22 19:05:00,CNC-02,M,300.20533579011874,313.5617179993233,2229.474149391243,26.37886442868054,49.81613471086889,2.7810460326248183,11.213068140926925,50.02716313339886,0,2026-09-22 23:22:54
2026-09-22 08:22:00,CNC-02,M,296.12003197585017,311.5976571250316,1647.358062738298,50.616159967706615,222.30974630862045,3.0999602926325034,15.791499833453473,59.726586511084314,0,2026-09-22 23:22:54
2026-09-22 04:37:00,CNC-01,L,302.8442850841125,310.9470840737798,2201.371118355467,29.902515280054367,149.38440920619593,3.1871002593424866,12.25248930567249,43.163058449497875,0,2026-09-22 23:22:54
2026-09-22 04:03:00,CNC-01,L,297.4570121401305,310.57678310307944,2391.315919065875,23.58393987877023,,3.157262191161353,10.369232385928928,56.98189237863892,0,2026-09-22 23:22:54
2026-09-22 01:48:00,CNC-01,L,298.3740512415231,311.66227170855694,2625.043153864622,20.719552070121757,172.909318657957,3.6964943762025784,10.35046264824965,51.24174841972009,0,2026-09-22 23:22:54
2026-09-22 06:07:00,CNC-03,H,296.35813883346333,310.2737645191057,1969.9520654206551,35.71130966157199,49.83178635771505,2.5720078815568885,13.15900489076583,58.056335354884006,0,2026-09-22 23:22:54
2026-09-22 12:38:00,CNC-03,H,24.307740368824227,38.676509210895574,1421.5299636179077,51.34734145396357,128.63249419049572,2.1492526635882876,13.737176916380122,56.57582782551284,0,2026-09-22 23:22:54
2026-09-22 13:05:00,CNC-03,H,23.94831011496484,39.03122560988402,1355.589790181626,57.459301884029394,171.23431447985806,2.3129986741481385,14.700257051118346,62.84240026717816,0,2026-09-22 23:22:54
2026-09-22 11:42:00,CNC-01,L,296.5726852671149,311.1771358475721,1415.8657936093882,50.04467587642896,146.73164304724418,23.222395197498997,13.306709167923218,54.28051031129363,0,2026-09-22 23:22:54
2026-09-22 13:30:00,CNC-01,L,24.788902394179615,38.707788028653965,1554.9481538117116,43.055759683373786,90.4111892772889,2.138658494896529,12.558973404748784,58.121519536116736,0,2026-09-22 23:22:54
2026-09-22 13:56:00,CNC-03,H,297.343012808282,311.2829242061291,1444.3341367232279,48.170787993769366,34.49799764006642,20.296829109461967,13.17052815695065,0.0,0,2026-09-22 23:22:54
2026-09-22 14:04:00,CNC-03,H,297.71468274921347,311.778680421736,1425.0474626278208,49.53264240293901,46.968459744712646,2.1007911526374294,13.203912610357985,59.25637352942658,0,2026-09-22 23:22:54
2026-09-22 17:11:00,CNC-02,M,304.7027208233624,313.0671986037203,1848.2266264285727,38.07818223339942,125.26972519442255,2.5950475158451383,13.163951336524752,39.38050139180639,0,2026-09-22 23:22:54
2026-09-22 15:42:00,CNC-03,H,298.15949556844333,313.2276351985564,1674.764237163747,46.231227088165106,196.15914127390596,2.84124095234717,14.455893045072585,54.06428831883387,0,2026-09-22 23:22:54
2026-09-22 01:14:00,CNC-02,M,298.3465603620982,311.7686696308453,2664.170924930397,21.46154068713163,144.49063135838603,3.3917135502239812,10.399424229574443,51.80291849389041,0,2026-09-22 23:22:54
2026-09-21 23:30:00,CNC-01,L,299.04037522769903,310.37488419236274,2617.1334589772287,13.634073838718766,25.445794325039294,3.154512012352235,6.764070462935052,52.61237768847114,0,2026-09-22 23:22:54
2026-09-22 15:22:53,CNC-01,L,298.5387092538912,312.39749034636804,1556.4653900032204,44.47097050560254,28.578284390435346,2.1202918924578817,12.922980546957248,52.20013131447882,0,2026-09-22 23:22:54
2026-09-22 08:35:00,CNC-02,M,296.03090772919126,309.75298441785475,1688.170733621703,40.10419909773128,17.92742215218212,2.29361686177514,12.777893015141704,58.2253012050974,0,2026-09-22 23:22:54
2026-09-22 15:51:00,CNC-02,M,299.01150767739784,312.78998133225844,1614.0032145148373,43.847242636628906,10.479682383616343,2.199338637721021,13.419764951877445,51.24300671986386,0,2026-09-22 23:22:54
2026-09-22 09:47:00,CNC-02,M,296.0739705074488,310.6935664669081,1591.414304614085,45.530655076941464,127.9520313115679,2.424412673638591,13.529586040508677,56.68589879864327,0,2026-09-22 23:22:54
2026-09-22 09:35:00,CNC-02,M,296.22308840178385,311.08872775734454,1563.1683849174453,49.11127796921476,109.32774008782921,2.2695303273712653,14.345575893718966,58.133506167374996,0,2026-09-22 23:22:54
2026-09-22 02:43:00,CNC-01,L,298.10837051053556,310.4183664524605,2467.712587368297,19.123730582220382,14.619886548456819,3.0646655353864207,8.893577371555223,51.20902966509239,0,2026-09-22 23:22:54
2026-09-22 18:59:00,CNC-01,L,299.8994592650558,313.81965851414725,2121.2710541196093,,125.00662884761313,2.8423465658492444,12.584297563978865,53.397876267424394,0,2026-09-22 23:22:54
2026-09-22 16:32:00,CNC-01,L,299.0762904043198,313.7019674285467,1887.3805658210927,40.23668861048466,129.91227005589082,2.5772643091258454,14.17103205322279,51.80223743475579,0,2026-09-22 23:22:54
2026-09-22 15:51:00,CNC-01,L,299.0134669227665,313.47682645723813,1564.793201631405,47.00643803927943,70.41565754392231,2.1810853058897077,13.819755076506382,54.754859670651754,0,2026-09-22 23:22:54
2026-09-22 11:14:00,CNC-01,L,296.80391517363796,311.5061356765402,1447.8248255135904,53.012036511645384,102.34231774157726,2.131693597001338,14.75435788779373,56.18180505093642,0,2026-09-22 23:22:54
2026-09-22 22:45:00,CNC-01,L,299.1844835630669,310.6273284713726,2772.1230774995865,11.158670081752367,151.0587945673147,3.5267355971106467,5.756341226973807,51.07650466560647,1,2026-09-22 23:22:54
2026-09-22 16:28:00,CNC-03,H,298.37030901545774,311.6326942910389,1700.0743646213516,37.85964263420428,11.537790694445821,2.3028757806203384,12.106188155517055,53.82713318904838,0,2026-09-22 23:22:54
2026-09-22 14:12:42,CNC-03,H,297.45564068152976,311.3462002617074,1598.7179637936447,42.441263393214875,59.29300340532937,2.2821201515659966,12.66578618036173,55.59140407008743,0,2026-09-22 23:22:54
2026-09-22 01:04:00,CNC-01,L,298.7016472283242,311.43220630084176,2629.748748847166,19.41681280973765,125.57346998707254,3.437469315765815,9.714289004181763,57.605027721059905,0,2026-09-22 23:22:54
2026-09-22 18:40:00,CNC-03,H,299.5295380666452,314.03685610674967,2283.1390343858425,30.78985621773875,191.8114587701736,3.314558434887349,13.02140398364092,53.6470448629164,0,2026-09-22 23:22:54
2026-09-22 04:06:00,CNC-01,L,297.3036433234475,310.8238043345003,2255.8792132242315,27.831057803138137,111.55532816235782,2.971540076339843,11.833277620887461,59.11397806775631,0,2026-09-22 23:22:54
2026-09-22 05:58:00,CNC-03,H,295.75048692239835,310.08663897545244,1985.2484649303947,38.41144374062626,37.81669422687776,2.663593484977076,14.14455626996513,61.37323355266357,0,2026-09-22 23:22:54
2026-09-22 19:08:00,CNC-01,L,300.0076232393742,313.8765697180131,2291.4384658310564,28.804216380694715,136.20200053985658,3.152286203786459,12.357003451243301,49.33849256947666,0,2026-09-22 23:22:54
2026-09-22 20:56:00,CNC-03,H,299.5109773625421,312.18401663111496,2586.0089824256884,18.346921173744175,116.26876791764299,3.124544076769706,9.033194635262529,50.23417408366011,0,2026-09-22 23:22:54
2026-09-22 11:27:00,CNC-02,M,296.674260758317,310.5771320771316,1361.1915727582352,50.025120211759756,38.07436497387808,1.972360591329934,12.727630238930391,62.26385191232431,0,2026-09-22 23:22:54
2026-09-21 23:29:00,CNC-03,H,299.14209985909787,312.17585173135365,2650.6938226746593,21.42003685146613,65.93075159556788,3.2036023371541336,10.77958113025945,50.612435287256424,0,2026-09-22 23:22:54
2026-09-22 16:48:00,CNC-03,H,298.8449889926066,312.9479348976946,1867.0639567282597,39.96119071205414,40.257859076384314,2.4791303507355082,13.749936544600374,55.10715574707306,0,2026-09-22 23:22:54
2026-09-22 03:21:00,CNC-01,L,297.7766965527905,311.2706115794092,2428.421147533751,26.505956920491126,58.236558610220165,3.0526457343517692,11.892258104485444,49.90705204206883,0,2026-09-22 23:22:54
2026-09-22 07:34:00,CNC-03,H,295.878957932567,310.9305613313934,1828.9612867843616,43.268699709098556,171.10412678080647,2.785517157953251,14.863123953934243,59.82226039149463,0,2026-09-22 23:22:54
2026-09-22 08:34:00,CNC-02,M,296.03284908758326,310.36561928152247,1630.3634205708674,45.83219789286925,16.449950654337442,2.2434782366942803,13.843097087172149,59.36930439686971,0,2026-09-22 23:22:54
2026-09-22 06:12:00,CNC-02,M,296.2470869870022,309.62161857113125,2061.8586887857923,30.478600295812228,38.475669406593155,2.647551804169692,11.748346644036609,60.267410209680875,0,2026-09-22 23:22:54
2026-09-22 21:44:00,CNC-02,M,299.8674475199564,312.5292176357785,2522.1484315888006,19.734232223240973,31.206924533152993,2.959332573546656,9.33964205823142,46.15203049583306,0,2026-09-22 23:22:54
2026-09-22 12:13:00,CNC-03,H,297.0627506379409,311.39480286801285,1436.0072432768277,50.24512006127646,89.03150129205879,2.20563107195047,13.53598739274246,57.07629871867276,0,2026-09-22 23:22:54
2026-09-22 17:13:00,CNC-02,M,305.0808040520336,314.18084334508507,2022.9478072452562,39.34669749848575,128.03955236291839,2.851896811977406,14.723055966650515,44.10856351439985,0,2026-09-22 23:22:54
2026-09-22 15:19:00,CNC-03,H,298.1807731533864,312.74148621079513,1637.2273304133394,44.35247656946225,161.647056208109,2.503360970572691,13.536002242094765,52.90253236705126,0,2026-09-22 23:22:54
2026-09-22 10:10:00,CNC-03,H,296.46099436391586,311.5148404704312,1568.7479723505892,51.862539612665685,152.15584483643914,2.4414518882247136,15.27875485081461,59.748934771250326,0,2026-09-22 23:22:54
2026-09-22 16:31:00,CNC-03,H,298.7889969802267,312.3340826056668,1616.4683880825357,41.53869745694387,15.846788282520965,2.304592472347981,12.672983019567265,54.00619013230774,0,2026-09-22 23:22:54
2026-09-22 08:01:00,CNC-01,L,296.1942867096015,310.61155087006716,1806.9017405439836,42.08518566660143,23.098243566456265,2.3914128496984537,14.415509732269792,58.17438570622417,0,2026-09-22 23:22:54
2026-09-22 19:44:00,CNC-01,L,299.9208149461042,314.1934084289944,2319.965272784168,28.846117560876834,180.79460937871363,3.427561775801725,12.33392005222719,51.077261743541854,0,2026-09-22 23:22:54
2026-09-22 12:20:00,CNC-03,H,296.8621895016522,310.96979914577025,1506.6746618378315,47.2724718048616,100.16207673214859,2.2975336847377505,13.19931730500187,57.79868817981098,0,2026-09-22 23:22:54
2026-09-22 02:48:00,CNC-02,M,297.1605509326941,309.1839513810154,2398.4995821080693,18.33112166826065,29.15224229766696,2.940741561242669,8.354479948232623,55.88168831317635,0,2026-09-22 23:22:54
2026-09-22 03:05:00,CNC-03,H,296.834943276978,309.61208268896445,2467.8110430859583,21.257739661868346,79.77416495145124,3.0674619413739395,9.910545249947736,56.75499764560767,0,2026-09-22 23:22:54
2026-09-22 11:02:00,CNC-03,H,296.4071372111061,311.1812164369234,1355.7073543533347,53.38617950317867,234.03254741847056,2.8118993427494634,13.739692241704548,51.52062381555291,0,2026-09-22 23:22:54
2026-09-22 02:26:00,CNC-02,M,297.39227804917215,309.44853858888433,2594.664401537133,18.548685498342465,4.488720512125168,,,,0,2026-09-22 23:22:54
2026-09-22 18:03:00,CNC-03,H,26.26419893138592,41.51581932427922,1907.3593066550634,43.72628510258883,143.4207164130265,2.7013140262627746,15.620427958298167,51.982400780155125,0,2026-09-22 23:22:54
2026-09-22 22:12:00,CNC-01,L,299.3305645299301,311.84765481606877,2685.206221794143,18.8731604452527,115.33323888117779,3.3216936000162693,9.51221570659209,50.324178890115995,0,2026-09-22 23:22:54
2026-09-22 03:02:00,CNC-03,H,296.98480842081426,309.69370738186706,2511.90686764724,21.37049175268268,76.28759840461878,3.0594590717672334,9.970526671476549,64.2389717520053,0,2026-09-22 23:22:54
2026-09-22 12:41:00,CNC-02,M,24.128400892944285,38.92194291566568,1451.7520253325195,51.09828619809786,155.56289519348468,2.4038728613271205,13.757205248747834,60.97388906302756,0,2026-09-22 23:22:54
2026-09-22 00:47:00,CNC-02,M,298.47358567822585,310.68889910532374,2710.8172835427476,15.598711585248948,115.64040850308014,32.75589675074388,7.736347143900931,55.14612958879141,0,2026-09-22 23:22:54
2026-09-22 21:47:00,CNC-01,L,299.52544141177043,312.2340326545117,2695.1838959375314,18.45774001685166,88.13808600709892,3.226151853468152,9.28361637786283,50.53810117230952,0,2026-09-22 23:22:54
2026-09-22 10:04:00,CNC-01,L,296.21424103427785,310.89583512261737,1445.1632367288553,51.53144810356095,210.48592669278935,3.091356810579612,14.079500418467068,57.99428699663767,0,2026-09-22 23:22:54
2026-09-22 17:48:00,CNC-02,M,32.51023063891853,41.39730359085388,2029.0142578531154,35.89074722070563,175.55947083217322,3.0718523094899517,13.65118616013419,37.891333469107664,0,2026-09-22 23:22:54
2026-09-22 13:49:00,CNC-01,L,297.8878003939463,312.4185575128605,1589.902700122207,45.35090344706043,120.28708062740269,2.4669811718306502,13.37278675686544,54.942493888417985,0,2026-09-22 23:22:54
2026-09-22 09:24:00,CNC-02,M,295.8758174987973,310.4321936576391,1614.602213911332,45.75522886058798,92.32255199986052,22.739851447397136,13.690915679561403,57.76240427222142,0,2026-09-22 23:22:54
2026-09-22 03:04:00,CNC-03,H,296.8801503533709,309.4003956115438,2544.915521018509,19.764409686113893,78.61323841681644,3.0933512404537393,,56.47637900080439,0,2026-09-22 23:22:54
2026-09-22 04:46:00,CNC-02,M,296.1807920442973,310.8679601686037,2295.51204791273,32.157661197567556,169.3979321271565,3.197995585063647,13.796133128010592,58.382659707907635,0,2026-09-22 23:22:54
2026-09-22 01:06:00,CNC-02,M,298.12144034664357,310.73632878109555,2708.062710841393,17.16648114063716,135.80320804962346,3.4166073003362456,8.54737401180263,55.18588310498581,0,2026-09-22 23:22:54
2026-09-22 18:30:00,CNC-02,M,300.20818133133696,313.5379818679474,2003.1151619152245,30.677969968657177,5.252016822551415,2.583425559269057,11.452855455594008,50.21846370161467,0,2026-09-22 23:22:54
2026-09-22 10:35:00,CNC-01,L,296.37939082599024,309.7311692767332,1382.661651901399,46.28154735731171,40.738639112189695,1.9928941224417354,12.147192819099597,54.8602848246642,0,2026-09-22 23:22:54
2026-09-22 04:51:42,CNC-02,M,296.34549376604195,310.55988452233936,2157.464381355325,29.50787568036693,175.64398692210852,3.097030766637839,12.065224697967675,56.60408144702458,0,2026-09-22 23:22:54
2026-09-22 17:54:00,CNC-02,M,32.539975498561944,41.31647846570246,1983.4388351872437,35.06904687159063,183.569554353118,,13.091069451015962,42.29753854656184,0,2026-09-22 23:22:54
2026-09-22 15:05:13,CNC-02,M,298.3293012054018,313.3481462736772,1587.9528004856984,47.599386081522326,158.00818598730842,2.5543566823843045,13.911830932792222,56.33398484051649,0,2026-09-22 23:22:54
2026-09-22 06:26:00,CNC-01,L,296.6941815845858,310.6729672248347,2083.0566779542605,32.83584969991693,87.5026517326586,2.7883952961224265,12.941421083233793,57.07284426580605,0,2026-09-22 23:22:54
2026-09-22 09:26:00,CNC-01,L,296.4356805265818,311.03673342710783,1407.6300759773328,52.34035854663238,151.3602324888406,2.330111344706858,13.91748183710604,54.87559255127799,0,2026-09-22 23:22:54
2026-09-22 15:45:00,CNC-01,L,298.79443149842905,312.80692098311255,1596.4484546744143,42.4904163938263,61.49228498490876,2.346664169874244,12.71656118729177,56.85403495227544,0,2026-09-22 23:22:54
2026-09-22 15:36:00,CNC-03,H,298.3688084193296,313.26241966110115,1624.2691900565865,46.4573992204357,187.28310002640626,2.7088249552789274,13.944598666172807,56.010776562679105,0,2026-09-22 23:22:54
2026-09-22 02:20:00,CNC-03,H,302.9714747374968,309.5630244698874,2521.1293433358737,20.206383649674205,29.40866975845993,3.1027944092917297,9.760123905395105,45.67289650059273,0,2026-09-22 23:22:54
2026-09-22 14:04:00,CNC-01,L,298.10843935981035,312.3059891012341,1424.3907162700216,47.791675717576666,143.7322577504721,2.3406374336194893,12.991438232348901,54.2796339003656,0,2026-09-22 23:22:54
2026-09-22 21:10:00,CNC-02,M,300.0495730002668,314.1428222402833,2549.3260406176823,23.515695195368373,198.35032649093043,3.751082072445302,11.38282856097709,53.34889461536494,0,2026-09-22 23:22:54
2026-09-22 00:14:00,CNC-01,L,299.2773480736517,311.89978806268806,2620.0418727758583,19.425915688058815,72.20089713766467,3.151504808142365,9.35822391103299,49.67762644454627,0,2026-09-22 23:22:54
2026-09-22 13:49:00,CNC-03,H,297.4832973581367,311.0843969782558,1430.3979428655819,47.02320697318032,23.542655432361954,2.1386423086844384,12.516343818020673,54.046263637125506,0,2026-09-22 23:22:54
2026-09-22 21:16:00,CNC-03,H,299.5283848303602,312.1392293288021,2675.1660243460315,17.65222805263692,,3.388244609980422,8.873976780611056,48.49414258835228,0,2026-09-22 23:22:54
2026-09-22 18:11:00,CNC-01,L,26.5978802602703,39.264930117535926,2098.260403908435,25.748444621327472,63.02868968653748,2.7553169921802647,10.082919584273027,53.54467924564853,0,2026-09-22 23:22:54
2026-09-22 07:40:00,CNC-02,M,296.1034606924119,310.6682642146449,1765.6617054144772,40.714553530878206,160.70748581696859,2.712840798357444,13.44964291633503,57.61752045154674,0,2026-09-22 23:22:54
2026-09-22 07:43:00,CNC-01,L,296.1150661635401,310.90186349502954,1906.3042846414023,39.389246745522726,195.84838866324975,3.2037312539299787,14.075726575592613,55.73817644281464,0,2026-09-22 23:22:54
2026-09-22 06:24:00,CNC-01,L,296.3743817329894,310.124694932238,1838.143373088928,36.05001193582768,84.81127204827693,2.58667755971275,12.543086823695198,61.13203213703944,0,2026-09-22 23:22:54
2026-09-22 22:49:00,CNC-03,H,298.8758233765437,311.89951045727383,2534.1371430987397,19.48109229236931,241.27725338232963,3.9002319268049166,9.11538250861744,49.97177873524579,0,2026-09-22 23:22:54
2026-09-22 05:53:00,CNC-01,L,296.54509407861707,310.63264789256795,2076.7404765751817,34.317645950970274,43.07119112737031,2.6634247875160377,13.171151069221017,56.63796779519029,0,2026-09-22 23:22:54
2026-09-22 16:14:00,CNC-01,L,,313.27605283013554,1811.1545485156935,38.11309530907055,104.0599899290205,2.6144861241763606,13.006810055291954,55.57466824880877,0,2026-09-22 23:22:54
2026-09-22 07:10:24,CNC-02,M,296.0199679565337,310.8929473215027,1891.5985692850497,39.966225440330284,119.61067870360284,2.6186022145415846,13.852500907005796,59.23944656360094,0,2026-09-22 23:22:54
2026-09-22 01:26:00,CNC-01,L,298.5080146409921,311.23140943640396,2766.4516167268457,17.027429091068154,149.17557587783193,3.5810050466635706,8.538702109837288,55.99293041250387,0,2026-09-22 23:22:54
2026-09-22 08:02:00,CNC-01,L,296.4122341342162,310.508942115728,1697.9449660087143,42.834208057633944,24.580792988439043,2.2909621758095695,13.493902278178128,52.87746059259313,0,2026-09-22 23:22:54
2026-09-22 20:03:00,CNC-03,H,299.5518406250294,312.79230664973693,2373.696256993625,25.442659443736886,54.65497687876436,2.9368758624569478,11.336395226803393,,0,2026-09-22 23:22:54
2026-09-22 15:03:00,CNC-02,M,298.2608376172371,313.9239154382697,1730.6435541301028,47.13485166324563,153.4474661590296,2.7065836069258737,15.354514989713337,55.291888279031525,0,2026-09-22 23:22:54
2026-09-22 15:18:00,CNC-01,L,298.3188932475677,312.8094196110805,1716.0206219595332,46.18709235965965,21.042050524001723,2.3741732658905366,14.72063246435042,53.795368935193984,0,2026-09-22 23:22:54
2026-09-22 22:26:00,CNC-03,H,299.21077360712326,312.09266224491057,2604.1426512165503,18.428414214857852,,3.884221388079724,9.049142159682267,52.444826587378614,0,2026-09-22 23:22:54
2026-09-22 03:08:00,CNC-02,M,297.00001471937054,308.84363657497653,2676.17713012836,14.856457686165871,52.20520345266938,3.179959156036294,7.667064665219984,51.94585333637891,0,2026-09-22 23:22:54
2026-09-22 11:44:00,CNC-01,L,296.8052924548975,311.12455599865774,1331.0145219577914,54.4735491844493,149.9282080856839,2.418759809808868,13.512305943366904,53.99592063099376,0,2026-09-22 23:22:54
2026-09-22 22:11:00,CNC-02,M,299.30446207635003,311.34561967117395,2682.2174393462515,15.350845043985018,61.03880760916113,3.294186910828359,7.43495444456385,48.05710710426837,0,2026-09-22 23:22:54
2026-09-22 01:22:00,CNC-03,H,298.21196593346,311.62916844903515,2606.190940883515,20.273685258316394,186.56013869436504,3.615264003626753,10.019020874109506,57.21550478718784,0,2026-09-22 23:22:54
2026-09-22 19:09:00,CNC-03,H,299.52711702258875,313.91701426483456,2153.219671448102,30.29331249526539,228.62746448138117,3.4953668602053667,12.371664528062922,47.21505683255083,0,2026-09-22 23:22:54
2026-09-22 11:38:00,CNC-01,L,297.0957320154927,311.9774421049956,1457.1168368169358,52.43181515920069,140.35210411050647,2.3380053178012314,14.589042808267727,50.81082950286353,0,2026-09-22 23:22:54
2026-09-22 16:22:00,CNC-01,L,298.934506117037,313.2777516897149,1750.5123157295657,39.9545113568265,115.64918702661792,2.5465702112953217,12.978216158424871,,0,2026-09-22 23:22:54
2026-09-22 17:01:00,CNC-02,M,305.05473081088644,313.5654684445326,1628.2187381568558,43.7550920443926,111.35397785686001,2.345231787991515,13.182587372848458,40.609383348252244,0,2026-09-22 23:22:54
2026-09-22 22:18:00,CNC-02,M,299.55202403614123,312.18460260299076,2496.203923153638,19.71471928851081,68.71971903786252,3.121487397447103,9.280463721579887,55.50189789488829,0,2026-09-22 23:22:54
2026-09-22 10:57:00,CNC-03,H,296.4074502650583,311.4139491780176,1377.2446427175728,,226.16387876746074,2.701764608605722,13.90030272992393,56.18937182644378,0,2026-09-22 23:22:54
2026-09-22 11:40:00,CNC-01,L,296.91110372442904,311.0307472230805,1336.5113651742586,49.825768019599856,143.5316430472442,2.2377550878269035,12.297618588507357,55.74026724510796,0,2026-09-22 23:22:54
2026-09-22 12:05:00,CNC-03,H,297.03881727409447,311.34893430219455,1414.332200639521,54.25630281719208,76.38508071501664,2.1082505229502027,14.567759758201037,56.74425080881766,0,2026-09-22 23:22:54
2026-09-22 00:59:00,CNC-01,L,298.70313414494603,311.2554785920978,2669.3215875665087,17.177301045689653,120.21858591801073,3.5432681132681116,8.617567678114606,54.546947274539534,0,2026-09-22 23:22:54
2026-09-22 22:26:00,CNC-01,L,299.135249242274,311.92157552940546,2826.300747672932,16.97497591826466,130.5012770949508,3.587327534422451,9.199610924915559,55.074175075387096,0,2026-09-22 23:22:54
2026-09-21 23:29:00,CNC-02,M,299.07225264538056,310.895150479844,2738.705404326393,15.111813206083546,32.46262852429709,3.301923954258681,7.797939167199933,47.946272387073535,0,2026-09-22 23:22:54
2026-09-22 00:01:00,CNC-03,H,299.129910232202,310.70269891363614,2693.555450732223,13.197593549321741,100.02675256574892,3.339091982906458,6.594236546028189,56.19118882547658,0,2026-09-22 23:22:54
2026-09-22 17:31:00,CNC-01,L,26.673126558516117,39.91801585933786,1940.856860422756,33.0005967438756,9.56986909435895,2.484490484420923,11.979885791906732,48.80863499406247,0,2026-09-22 23:22:54
2026-09-22 08:14:00,CNC-01,L,296.3476630769569,310.43201417515564,1616.242942650412,46.168216429836114,42.20172678585842,2.261509520761509,13.85404944362508,57.96897288009587,0,2026-09-22 23:22:54
2026-09-22 18:02:00,CNC-03,H,26.213286854104695,40.41591464557649,1844.47334591309,37.928200677770064,142.0374889141402,2.580879732996173,13.000408271928876,53.71611488424631,0,2026-09-22 23:22:54
2026-09-21 23:58:00,CNC-03,H,299.098460271951,311.4268380667445,2734.6609582407623,16.45893629888878,96.81028054725834,3.306205818977468,8.410150199044883,55.1026513194083,0,2026-09-22 23:22:54
2026-09-22 10:44:00,CNC-02,M,296.30769441941464,311.4156892278606,1355.7241929312052,55.591973482148376,217.60746692340246,2.8691490692034596,14.298208943619139,57.693327129235556,1,2026-09-22 23:22:54
2026-09-22 00:31:00,CNC-02,M,298.8121489788495,311.9015777418731,2512.548068074355,22.314995289901823,98.4330494921471,3.160694881637819,10.679144636925065,53.8121283852979,0,2026-09-22 23:22:54
2026-09-22 15:27:00,CNC-01,L,298.8415169179241,312.9204605655298,1655.2398330559581,45.02442564175469,34.67287958609265,2.231312702501732,13.993487770390615,59.15151037713868,0,2026-09-22 23:22:54
2026-09-22 03:10:00,CNC-02,M,297.0938755262544,309.44971221304667,2499.1766512245563,18.738672383022173,54.52903724071919,3.081265106720591,8.996875053561439,55.444727827665,0,2026-09-22 23:22:54
2026-09-22 14:58:00,CNC-02,M,298.5972164963513,313.23428455558087,1615.3277682629619,45.62822326165528,145.89872496984793,2.4872359112425646,13.754613555870767,57.06143051366394,0,2026-09-22 23:22:54
2026-09-22 12:59:00,CNC-01,L,24.11319389563431,38.197101710630136,1416.9285549525848,51.603598966021536,41.28046842793835,2.001175637324497,13.625761116131477,61.49391911706576,0,2026-09-22 23:22:54
2026-09-22 07:58:00,CNC-02,M,296.08815664063405,311.50222363596066,1770.9660149952178,44.97824143617871,186.80504077205808,2.877209989990554,14.809173152379172,53.56505697258535,0,2026-09-22 23:22:54
2026-09-22 01:07:00,CNC-02,M,298.2669997167413,311.81122509372983,2763.7680145648806,20.985771627731044,136.88318361358625,3.5039461240951386,10.91698542078935,53.50557986221994,0,2026-09-22 23:22:54
2026-09-22 07:23:00,CNC-02,M,296.21155473025453,310.8516033461419,1880.4185830292588,39.076147141329066,136.52079274622218,2.700955427687795,13.752497281789216,59.739639969766614,0,2026-09-22 23:22:54
2026-09-22 18:53:00,CNC-03,H,299.6290466772266,314.0751239241842,2196.8630862611803,30.55563059355753,208.37156814746984,3.3476759637808415,12.47432675594762,51.95383255453766,0,2026-09-22 23:22:54
2026-09-22 02:40:00,CNC-01,L,298.0644195667702,310.83968699478424,2437.189192660484,23.224154163960154,11.213034982033982,2.9642937001467824,10.728084960831163,57.01801253960814,0,2026-09-22 23:22:54
2026-09-22 15:52:48,CNC-02,M,299.17188425893966,313.4516249264601,1728.3819991726057,43.81112725732458,13.40788626872727,2.373356000776624,14.101214427293332,50.35421915007423,0,2026-09-22 23:22:54
2026-09-22 15:48:00,CNC-02,M,299.1490119346234,313.12691384246915,1560.1173484385595,44.250655971019775,5.980758889756007,2.249386400708176,13.230997715509512,51.80034998503376,0,2026-09-22 23:22:54
2026-09-22 03:40:00,CNC-02,M,296.62436380511275,310.03079036123296,2403.1240829153326,24.63316528784253,89.42201250837358,2.9737793789443754,11.131522487789264,56.08108514717223,0,2026-09-22 23:22:54
2026-09-22 02:11:00,CNC-01,L,298.55898795775204,311.69926403025914,2584.596213723355,19.580628001585065,198.29590540428737,3.844593095519408,9.499614482005692,51.60304145522125,0,2026-09-22 23:22:54
2026-09-22 10:05:00,CNC-02,M,296.06236401313686,311.0196131883039,1344.8220707152084,55.787954796211444,156.08035842856114,2.307666332938667,14.24618993323515,51.645846741174985,0,2026-09-22 23:22:54
2026-09-22 12:59:00,CNC-02,M,23.91844789895987,,1281.1709206748606,53.06921125452513,184.15612143025757,2.5735746288961208,12.461891696247399,55.15808284958004,0,2026-09-22 23:22:54
2026-09-21 23:57:00,CNC-03,H,298.9498990876105,310.2406774910521,2721.537685051256,12.552035822452236,95.7542619967039,3.3362169049876282,6.0715046603753375,55.053904282734216,0,2026-09-22 23:22:54
2026-09-22 06:31:00,CNC-03,H,295.9940413577161,310.10303305513924,1940.36012386389,36.50497121388989,82.26201443884149,2.5549208753106525,13.269482080089134,57.29637989422108,0,2026-09-22 23:22:54
2026-09-22 17:38:00,CNC-01,L,26.46414922049786,40.353720880769345,2049.152363015268,34.06008638037021,18.986136971785125,2.642771405065586,13.015008385680481,53.39514641078462,0,2026-09-22 23:22:54
2026-09-22 09:57:00,CNC-03,H,296.1242263736662,310.8740266314578,1479.6514638118126,49.48926627107002,131.84986963753167,2.3507570429731564,13.73423547642937,61.13789584428054,0,2026-09-22 23:22:54
2026-09-22 04:26:00,CNC-02,M,296.13165596781425,310.1087747803474,2269.3795073220967,29.138759501600557,144.79741201357453,3.082364403239766,12.297271124444654,56.981398648140136,0,2026-09-22 23:22:54
2026-09-22 00:04:00,CNC-01,L,299.0173958356447,311.0407066220926,2743.083250023078,16.089918872416465,61.41730945288152,3.3191521953311733,8.063396056045127,55.255075006574096,0,2026-09-22 23:22:54
2026-09-22 21:21:00,CNC-02,M,300.1318203601511,312.6365270521892,2652.7467392774024,18.110499385572584,5.620208927820839,3.249026718988546,8.892544236754302,49.59588880499881,0,2026-09-22 23:22:54
2026-09-22 06:06:00,CNC-03,H,296.27270364050344,309.5009399802701,2143.2964955914076,29.921069420975204,48.46639367629437,2.745708255946622,11.850887458620956,55.34942786752693,0,2026-09-22 23:22:54
2026-09-22 04:56:00,CNC-01,L,302.4543360216536,311.1264137744959,2322.487617639501,30.550260971167347,172.967305451747,3.401840462883427,12.914293158049777,48.07962489636431,0,2026-09-22 23:22:54
2026-09-22 17:41:00,CNC-02,M,32.62172101933163,40.75812808307478,2093.749008362011,29.72382519942022,166.1902137554208,3.0846214741520486,11.647065033621741,39.35316228711735,0,2026-09-22 23:22:54
2026-09-22 01:37:00,CNC-03,H,297.89318208345196,311.33397841452415,2606.5318640710775,21.48130220264704,202.8827876892923,3.672299733569613,10.638796065108163,52.302055883892486,0,2026-09-22 23:22:54
2026-09-22 03:18:00,CNC-02,M,296.8744167712108,309.61385754253155,2407.148647190203,22.410482369852808,63.73436398207888,2.8693359887426584,10.290160136734988,54.329520831954014,0,2026-09-22 23:22:54
2026-09-22 15:56:00,CNC-01,L,298.99012010933615,312.93703488768693,1683.841392528563,41.242960862634106,77.84603099264558,2.378703329787564,12.82619458983647,53.5748643804224,0,2026-09-22 23:22:54
2026-09-22 16:19:00,CNC-02,M,299.37300406096824,313.21071747210516,1700.4069185689843,39.34386956454098,51.48491251693412,2.3556283978091086,12.686259597867458,50.95446952687572,0,2026-09-22 23:22:54
2026-09-22 16:05:00,CNC-02,M,299.4722732194767,313.94128136458687,1601.331226777537,45.98619346597412,31.125627719741022,2.2631185408584646,,52.12024508106455,0,2026-09-22 23:22:54
2026-09-22 05:48:00,CNC-02,M,296.03153448767813,309.6328070891039,2098.6519638754376,32.137078935272015,6.529613062854923,2.7076912105133846,12.706686801367965,55.125483298938526,0,2026-09-22 23:22:54
2026-09-22 18:48:00,CNC-03,H,299.3055244196569,314.0687483355228,2157.910020430818,32.00626814170067,201.98980734084213,3.390806810781121,12.961282487494866,55.10701460686602,0,2026-09-22 23:22:54
2026-09-22 07:50:00,CNC-01,L,296.1784232115506,309.84553077628857,1954.5082694527566,35.691611418519955,7.218059872144236,2.5362385229150775,13.152537571383727,59.639672628637356,0,2026-09-22 23:22:54
2026-09-22 16:49:00,CNC-02,M,305.3124863986131,313.65572843381415,1852.8844694549966,37.71747822758839,94.30322898166608,2.46013475348431,12.869563918331982,38.49533390482374,0,2026-09-22 23:22:54
2026-09-22 15:04:00,CNC-03,H,297.9498152397879,312.4234122526835,1708.394926459777,41.70719646818315,139.19167082419716,2.5073888480641253,13.044245095615647,59.72533062665947,0,2026-09-22 23:22:54
2026-09-22 00:01:00,CNC-02,M,298.8650588662063,310.83614648981074,2665.311270960927,16.34662669390332,66.46687029376764,3.1872568253713602,8.14041209110418,55.211156745951435,0,2026-09-22 23:22:54
2026-09-22 17:57:00,CNC-01,L,26.349076687380204,40.05509252932609,2128.818470949845,30.587021435465548,44.37924914793178,2.7199373596512455,11.827721934174404,51.63808926095765,0,2026-09-22 23:22:54
2026-09-22 18:43:00,CNC-03,H,299.39638353644625,314.2514687051537,2196.1741935999894,32.81515957109464,195.6338375790388,3.200263279631851,13.51479288071052,52.97950041287756,0,2026-09-22 23:22:54
2026-09-22 07:13:00,CNC-01,L,295.9001519227429,310.4003202275221,1737.6944597514791,41.097154326114236,152.89025231654483,2.7820703627439274,13.510669549946094,61.145491214461664,0,2026-09-22 23:22:54
2026-09-22 09:09:00,CNC-02,M,295.89864222240703,309.8594764996483,1516.174715332814,45.39967630833647,69.4898918310235,2.1226045254570436,12.6916505311503,58.51274318513338,0,2026-09-22 23:22:54
2026-09-22 08:18:00,CNC-03,H,295.57769668135273,310.9426950335352,1509.9874811019642,52.545840323652115,235.39702247732396,2.94708683553427,14.882593739914777,62.96266768826071,0,2026-09-22 23:22:54
2026-09-22 19:32:58,CNC-02,M,300.5740936178126,314.1503935973769,2324.368180755325,,84.58380639510823,3.0143810624332987,10.935526039499857,49.6028306315308,0,2026-09-22 23:22:54
2026-09-22 08:29:00,CNC-02,M,295.99082440593236,310.1819150374947,1713.3197464225937,42.41966678629223,8.888120435246563,2.492062079682455,13.837513464690396,61.271603364476725,0,2026-09-22 23:22:54
2026-09-22 14:51:00,CNC-03,H,297.82619411887396,311.93386216246853,1477.0068036863124,44.99570284238482,119.39778361323975,2.2938178577490085,12.585014410078811,52.58144646466037,0,2026-09-22 23:22:54
2026-09-22 20:13:00,CNC-03,H,299.7922426771023,311.9235912356257,2323.932189149971,19.365311429892472,66.43924312625514,2.775831834427424,8.271191790198246,44.01171475728795,0,2026-09-22 23:22:54
2026-09-22 16:35:00,CNC-02,M,299.38911712529926,313.41944691318304,1772.1352784441367,37.61678585782323,74.3894504100717,2.4282007186711203,12.561256884083594,54.48246601304547,0,2026-09-22 23:22:54
2026-09-22 11:49:00,CNC-03,H,296.7689366215478,310.5635516225346,1399.188304211151,50.39420143926007,50.875922496367124,20.036037451893865,13.254671381963778,60.84750132356985,0,2026-09-22 23:22:54
2026-09-22 18:32:00,CNC-03,H,299.71317266997346,314.2193514313225,2189.45658292403,31.35664964304742,181.44200130245548,3.1645093874299497,12.85204751188152,55.752742277707355,0,2026-09-22 23:22:54
2026-09-22 17:21:00,CNC-03,H,25.894985570335166,39.59777760396179,1974.449165072296,33.4772285807913,86.43311789526182,2.659701514829187,12.211981393766694,58.02178707792154,0,2026-09-22 23:22:54
2026-09-22 04:01:00,CNC-03,H,296.16497111130536,309.10172931756443,2537.5845035154116,20.20059304110402,144.76223433395154,31.703998119665698,9.610442991744197,57.12163687683437,0,2026-09-22 23:22:54
2026-09-22 11:30:00,CNC-01,L,297.1503619674965,311.9386407676196,1480.5124417322565,51.56782710664173,127.71728268354961,2.3967987241085464,14.277607338177631,52.873493074093545,0,2026-09-22 23:22:54
2026-09-22 12:33:00,CNC-03,H,23.81464096978698,39.03808278286226,1458.8408179537864,55.50460501679714,120.69080351949287,2.2031310731898213,15.014815456966792,58.48893544576159,0,2026-09-22 23:22:54
2026-09-22 09:06:00,CNC-02,M,296.0953548074981,310.51199750884007,1422.610092811845,51.868668816698744,64.91537160248383,2.1651041853254256,13.949158041773321,61.09993975114286,0,2026-09-22 23:22:54
2026-09-22 18:01:00,CNC-01,L,26.670807159774654,40.14568134027843,2112.8112730912253,31.014839289126186,49.758792096618706,2.7213069115262107,12.419450792023834,50.971693743328046,0,2026-09-22 23:22:54
2026-09-22 10:50:27,CNC-03,H,296.24766109706815,310.6635287207472,1340.3333442415558,50.767461845715836,216.66198299814627,2.6277349107319403,12.866601968806581,55.93875652474369,0,2026-09-22 23:22:54
2026-09-22 15:12:00,CNC-01,L,298.35976358616733,312.16395830884466,1544.0928492499552,46.11585324799535,12.066842704834986,2.0946026060535643,13.170808729209563,58.00105476257442,0,2026-09-22 23:22:54
2026-09-22 19:40:00,CNC-02,M,300.65221809315136,314.16159080148265,2372.3707775619646,24.7580172390117,93.16135683775599,2.997205871384173,10.929443325126336,46.1687813595384,0,2026-09-22 23:22:54
2026-09-22 13:59:00,CNC-02,M,297.7249888281054,311.75014110023096,1359.6453455001256,49.26431182219331,55.110788698471794,2.0522763865144187,12.551652683649806,52.171214155165586,0,2026-09-22 23:22:54
2026-09-22 05:52:00,CNC-01,L,,310.44106263024565,2081.77727058553,34.18513795618724,41.778290409950834,2.6755632583965028,13.452247727880437,56.62619075614995,0,2026-09-22 23:22:54
2026-09-22 13:08:00,CNC-02,M,24.33172666756178,39.76456851120838,1551.8247460661453,50.654635399277524,198.33932846193952,2.8630812803713153,15.018447401537507,57.46995555935437,0,2026-09-22 23:22:54
2026-09-22 22:28:00,CNC-03,H,298.98948805955706,311.9841532699216,2754.2856033237176,16.746173967668838,218.68805903208673,4.01603107689712,8.493058034303676,53.76204394651568,0,2026-09-22 23:22:54
2026-09-22 01:51:00,CNC-01,L,298.6111561487575,311.1201318843344,2669.7086032853827,17.043520088707155,176.18937921688877,3.689835874218247,8.369364485564603,53.421441848734254,0,2026-09-22 23:22:54
2026-09-22 08:01:00,CNC-03,H,295.90465387300867,311.2192752588214,1844.7265204541927,44.46172728621025,210.35825782059825,3.098637164153172,15.179493519869633,57.74296483483277,0,2026-09-22 23:22:54
2026-09-22 13:19:00,CNC-03,H,24.05731666907252,38.69379684849139,1377.5368080401652,52.4987342696781,193.29930354370617,2.529701393502515,13.64894511892955,58.08364817896493,0,2026-09-22 23:22:54
2026-09-22 11:58:43,CNC-01,L,297.0358208096432,311.3891411359554,1443.0025010574548,48.38534151980708,175.35399572371057,2.5199402493638,13.197602075266808,57.49433539463168,0,2026-09-22 23:22:54
2026-09-22 20:02:00,CNC-03,H,299.46265299756993,312.88624753082485,2433.2422774376564,25.773780964880125,53.44397039288611,3.038688207119726,11.736579981109866,47.28022882578588,0,2026-09-22 23:22:54
2026-09-22 16:48:00,CNC-01,L,299.35495665583284,314.14206722971045,1948.8609434062357,38.80306344708017,152.58678447309288,2.897148091797217,13.883798648322808,56.83158069819227,0,2026-09-22 23:22:54
2026-09-22 20:13:00,CNC-02,M,300.4689346148592,314.8844170376524,2475.2542916763573,27.0876027761531,132.5677308457249,3.3388828506653287,12.674845254322236,48.9617018951779,0,2026-09-22 23:22:54
2026-09-22 09:36:00,CNC-01,L,296.35326458411373,311.19001705473664,1447.2783413074553,52.350264781616296,166.8562169355094,2.4723347643081883,14.053653715838905,55.392420829785806,0,2026-09-22 23:22:54
2026-09-22 09:10:00,CNC-02,M,296.00266734792353,310.4536189462518,1756.0139231173034,42.986103875844734,70.94652668692675,2.4821224149469243,14.137203677467928,62.8298539829103,0,2026-09-22 23:22:54
2026-09-22 19:02:00,CNC-02,M,300.3676802658831,313.8504590753249,,26.964012881215993,45.9992274851291,2.786325124444055,10.829379982321505,46.943021306387024,0,2026-09-22 23:22:54
2026-09-22 04:53:00,CNC-02,M,296.4049151510187,310.39775014045995,2120.5835690960294,29.830686762048146,178.12389059402324,3.1248125091079304,11.578486994694886,57.64860985897789,0,2026-09-22 23:22:54
2026-09-22 10:35:00,CNC-03,H,296.6030338355862,310.9088817585429,1438.681288422583,49.09643627038984,191.3747637867914,2.5234241150906915,13.438256150774093,58.1993515468772,0,2026-09-22 23:22:54
2026-09-22 15:21:00,CNC-02,M,298.573104219739,313.208675744841,1642.4856522481193,41.65579129380086,180.77362695073774,2.842343151295588,12.932908488385815,54.68032554790662,0,2026-09-22 23:22:54
2026-09-22 13:01:00,CNC-01,L,24.430856918455504,37.719900878706255,1242.84637971048,50.382311447242174,44.43042049728959,1.9845172221061793,11.647063186374876,53.13928619954433,0,2026-09-22 23:22:54
2026-09-22 04:23:00,CNC-01,L,297.4419411357927,310.6090413814701,2318.2984332114647,24.987213031575134,132.05637639276443,3.105788727095452,10.651755915720669,56.085212070535064,0,2026-09-22 23:22:54
2026-09-22 10:34:00,CNC-03,H,296.8359151161701,311.43196520529125,1285.5541474367167,54.41481175403533,189.81342614647224,2.3621152083159536,509.266709883488,59.04241128183604,0,2026-09-22 23:22:54
2026-09-22 04:02:00,CNC-03,H,296.28604352953397,309.92315487055487,2308.550619764878,26.071415619943433,145.98136190924086,3.1234720982300734,11.366548814507762,57.284780864416064,0,2026-09-22 23:22:54
2026-09-22 10:08:00,CNC-01,L,296.312460089095,311.12083025159086,1314.6073806171644,53.750719495049864,216.80050125506406,2.922366494544537,13.27259645474848,60.85353958861356,1,2026-09-22 23:22:54
2026-09-22 14:02:00,CNC-03,H,297.5734368496003,311.8321728892582,1673.8650882957509,43.042855554844365,43.837939838692584,2.4109054045196183,13.592882188158798,56.29290980828749,0,2026-09-22 23:22:54
2026-09-22 14:13:00,CNC-03,H,297.86364077567254,312.0999173889895,1470.000473620064,48.545705982120545,60.837644490562035,2.08476075764809,13.353917528769228,52.001641200233244,0,2026-09-22 23:22:54
2026-09-22 06:44:00,CNC-01,L,296.3038240691772,310.86702356559965,1945.4155051362698,38.419802842874695,112.38657967414318,2.7488042183281283,14.196841907651448,58.85291687439692,0,2026-09-22 23:22:54
2026-09-22 19:44:00,CNC-03,H,299.68077452719285,312.7357965568311,2382.876311756875,24.774001688782903,31.679534672857088,2.9293362728533023,11.13583480523236,48.86613990432462,0,2026-09-22 23:22:54
2026-09-22 19:26:00,CNC-02,M,300.53801609258113,314.7390871145794,2204.677321114135,30.111660364822733,75.97234444696566,2.8488990996933246,12.581756480167723,49.844646417559105,0,2026-09-22 23:22:54
2026-09-22 12:32:00,CNC-02,M,23.91177584601985,39.2411143009254,1431.9430720037474,53.520681257309114,141.27913394423956,2.3312720889834013,14.344350739364415,57.31007633127051,0,2026-09-22 23:22:54
2026-09-22 04:50:00,CNC-01,L,302.3799379073097,310.4693895829297,2311.681087359674,27.959210494093828,165.43398334797055,3.2494457400718515,12.221746031869724,45.28648083030021,0,2026-09-22 23:22:54
2026-09-22 17:50:00,CNC-02,M,32.33657700368667,41.34604752641167,2063.093103490138,36.725211301921775,178.255553543846,3.127054515970518,13.894889453910345,45.282749951755754,0,2026-09-22 23:22:54
2026-09-22 22:12:00,CNC-03,H,299.3348189754528,312.25777951334436,2581.205021781476,18.872240307141205,201.32903540993635,3.662154575847947,9.073326366617485,52.9784524507456,0,2026-09-22 23:22:54
2026-09-22 17:32:00,CNC-01,L,26.293538339902284,39.453381432076526,1807.9546578757636,34.55558011939846,10.9662444730507,2.432427417098112,11.425491593852158,60.12427909284125,0,2026-09-22 23:22:54
2026-09-22 22:03:00,CNC-02,M,299.6252228503252,312.32484962982346,2639.893557005483,17.988057172425982,52.299246657202815,3.1689999920898773,9.002718038789402,55.38820832442243,0,2026-09-22 23:22:54
2026-09-22 21:14:00,CNC-02,M,299.8309983137868,313.9163801312143,2513.8985654139187,23.94268152945451,202.93487401052542,3.732068361532963,11.237120103731698,54.6205156808831,0,2026-09-22 23:22:54
2026-09-22 13:22:00,CNC-01,L,24.5474102090011,39.02815613308911,1413.000655193806,53.26001427019226,77.76127725269329,2.0598534442003955,14.394835931727107,57.3973834861901,0,2026-09-22 23:22:54
2026-09-22 08:34:00,CNC-03,H,295.84402989482356,309.7129671414554,1562.69203048985,46.48039306430222,4.4891938754867375,2.227515395617155,13.67127413109272,61.7491755779273,0,2026-09-22 23:22:54
2026-09-22 07:46:00,CNC-02,M,295.6998097525045,310.7493498403319,1635.8908908854196,47.00869119263413,169.44417657786641,2.5493587630642076,14.465961575933514,62.377403979648,0,2026-09-22 23:22:54
2026-09-22 21:24:00,CNC-02,M,300.0401225250104,313.1797413031153,2571.092658504244,21.77110437816456,8.946826986903735,3.189295695110765,10.582828391074209,51.80623530298327,0,2026-09-22 23:22:54
2026-09-22 15:57:00,CNC-01,L,298.8938711906397,313.71746291614426,1829.6019444013075,44.15791716001794,79.30845692144324,2.5013956458821065,15.19568686524503,48.80840349065069,0,2026-09-22 23:22:54
2026-09-21 23:35:00,CNC-01,L,299.1073194902164,311.0613117804644,2644.445756289024,17.044574095767842,30.787117871828922,3.1432420265571306,8.465278434197055,54.37142582910644,0,2026-09-22 23:22:54
2026-09-22 02:45:00,CNC-03,H,302.3787103866719,309.01949884306555,2427.4901695945287,22.394593414515548,57.28899163516639,2.9489277883064724,10.090459993759183,45.67997985893295,0,2026-09-22 23:22:54
2026-09-22 01:21:00,CNC-02,M,298.37448067057915,310.6538067425693,2676.180169195768,15.99477474630705,151.9947182360615,3.4871759569703777,8.199957612097243,58.569325116349226,0,2026-09-22 23:22:54
2026-09-22 20:55:00,CNC-02,M,300.0073352957748,313.51760854837534,2537.2972810294054,20.979444950067347,181.24026427573656,100.00115891203018,10.140284638832325,51.072334246409014,0,2026-09-22 23:22:54
2026-09-22 18:35:00,CNC-01,L,299.98246022887946,313.2908974749334,2164.522232246147,28.94780349294895,94.37364344039929,2.821636365985158,11.572518598553065,53.614703050911416,0,2026-09-22 23:22:54
2026-09-22 08:08:00,CNC-03,H,295.8051309439633,310.73421468782755,1804.2871691746054,42.81867317483309,220.559426455095,3.1859993556070094,14.357575949260863,61.25702449727313,0,2026-09-22 23:22:54
2026-09-22 18:11:00,CNC-03,H,26.234818518103452,,2165.043570102377,40.303896253072594,154.0765217873208,3.0039940172184743,16.36671174584869,56.692250176887896,1,2026-09-22 23:22:54
2026-09-22 16:55:00,CNC-02,M,305.3377589077781,313.8058721345425,1717.0172780309445,38.9963795430111,102.8261046529916,2.4500174682966875,12.389039309526394,44.14268416860253,0,2026-09-22 23:22:54
2026-09-22 15:58:00,CNC-02,M,298.764076459043,312.81491219340234,1676.6242293490923,40.13878408852581,20.791586828171347,2.277166633315496,12.467484205483355,52.89729813757195,0,2026-09-22 23:22:54
2026-09-22 15:36:00,CNC-01,L,298.6885489164772,312.4254673161808,1619.7718214592805,41.157986912071244,48.059353871835704,2.1914239172642853,12.24492007174899,57.63061149775254,0,2026-09-22 23:22:54
2026-09-22 19:45:00,CNC-02,M,300.4563617666718,313.4677462114567,2445.2312352817357,20.61499820169197,99.06023456226522,3.10277473754999,9.510596321965988,,0,2026-09-22 23:22:54
2026-09-22 12:38:00,CNC-01,L,23.98232271414895,37.06384949164061,1306.629527815554,47.505045579675865,7.930786492623033,1.9676190242704976,11.669817202767838,56.79763922816955,0,2026-09-22 23:22:54
2026-09-22 18:59:00,CNC-02,M,300.3836012462177,314.0992900007855,2129.928189751667,28.859599709190068,42.251327326625685,2.625043361111254,11.547780549850557,51.200766530191586,0,2026-09-22 23:22:54
2026-09-22 17:05:00,CNC-02,M,304.958701788189,313.9437435165294,1995.0899206282525,39.79460291277781,116.91027626399756,2.7519891872758326,14.835071869792912,37.075747941569546,0,2026-09-22 23:22:54
2026-09-22 09:23:00,CNC-01,L,296.02755693940753,310.033049212702,1524.2185230982607,44.365818851680615,146.70615491731314,2.546416255329597,12.547014270957837,61.907358613139294,0,2026-09-22 23:22:54
2026-09-22 18:07:00,CNC-01,L,26.60336966674305,40.14512113637005,2053.7906715344743,31.208263046621987,57.73637972859604,25.612694901589457,12.125721840714581,45.54947630681083,0,2026-09-22 23:22:54
2026-09-22 04:49:00,CNC-02,M,296.43377857730013,311.098666069163,2262.3646698579296,32.33126742879829,173.13900145632337,3.220131370751739,13.952350070444282,55.362349262709415,0,2026-09-22 23:22:54
2026-09-22 13:35:00,CNC-01,L,297.93049475854906,312.2852268670344,1359.667606319067,54.013226624821336,98.25146403034196,2.0949627005136047,13.369998093909432,57.499499286242624,0,2026-09-22 23:22:54
2026-09-22 09:15:00,CNC-03,H,295.9958074891947,309.6966210572072,1426.117998879903,46.009679711441926,66.99277358783343,21.012817758918956,12.336862049370184,64.77356742499762,0,2026-09-22 23:22:54
2026-09-22 13:18:00,CNC-03,H,23.937971740810383,38.82640341057697,1437.8812739157722,51.81196752662232,191.72528227164702,2.522713653404082,13.866045200172884,56.15173316726029,0,2026-09-22 23:22:54
2026-09-22 16:40:00,CNC-03,H,298.82642491970927,312.2243271125046,1753.8241030061138,36.10517321191354,28.693328979536,2.446328692549433,11.59409055614668,54.59961252210926,0,2026-09-22 23:22:54
2026-09-22 00:25:00,CNC-02,M,298.6001452055719,311.35145101212174,2627.329478680939,19.092716366953894,92.05018397265134,3.2121011282016143,9.65514824454564,57.56686606599785,0,2026-09-22 23:22:54
2026-09-22 11:37:00,CNC-01,L,297.02484624286546,311.5583769034316,1562.3370023636678,47.570038569697815,138.77537010171866,2.332328212470227,13.90829972292495,50.61441890713088,0,2026-09-22 23:22:54
2026-09-22 03:58:00,CNC-02,M,296.5465359711669,311.0218668559487,2150.0816651802625,32.9210548623484,110.91403643138963,2.8394518371902993,13.298434391749174,60.4414963987109,0,2026-09-22 23:22:54
2026-09-22 09:39:00,CNC-01,L,296.43846300358655,310.52516900196514,1417.0756974865965,48.98375858568339,171.54296647177344,2.5344392210997184,12.810226934095573,59.05451623224292,0,2026-09-22 23:22:54
2026-09-22 10:32:00,CNC-03,H,296.14284228101894,310.5210664636989,1316.1594419249,52.0037725348352,186.6565832759779,2.379357632203802,13.07111103282409,55.74840574068008,0,2026-09-22 23:22:54
2026-09-22 06:59:00,CNC-03,H,295.9994329765283,310.636989333624,1848.0586704749137,40.48642884791918,121.28592528336114,25.887497191044012,13.758748960512468,57.31223025859887,0,2026-09-22 23:22:54
2026-09-22 06:10:00,CNC-02,M,296.19551320434766,310.01826615071116,1976.0147235076547,34.6633385244193,35.770351663640795,2.609199213039241,12.767799362411933,59.72739969881282,0,2026-09-22 23:22:54
2026-09-22 19:37:00,CNC-01,L,299.93246363133034,314.1218284736919,2287.780578265803,28.824450242845785,172.21797970405567,3.35696642666991,12.28440315644199,51.93683317909874,0,2026-09-22 23:22:54
2026-09-22 13:50:00,CNC-02,M,297.6963635170872,312.0091008934636,1364.385185745693,52.19508958750037,41.03493653495792,2.1166667688121326,13.591560004954742,52.323000046669975,0,2026-09-22 23:22:54
2026-09-22 07:59:00,CNC-02,M,296.1003226405534,311.0070757798604,1598.6035502154316,46.461381409847355,188.28465567823454,2.863212438419577,14.018355077183065,61.987206946000455,0,2026-09-22 23:22:54
2026-09-22 10:20:00,CNC-02,M,296.2795558063322,311.32095441876356,1434.9515710422313,52.976440519933966,179.60061851869858,2.480424727882901,14.657121334463179,59.685523932222814,0,2026-09-22 23:22:54
2026-09-22 21:02:00,CNC-01,L,299.6621692280598,311.74949174237145,2466.0159699966066,18.650778410346167,38.036276912166755,2.9906544842510057,8.50977715136781,50.793702559672596,0,2026-09-22 23:22:54
2026-09-22 06:17:00,CNC-01,L,296.70029609217073,310.64206656813826,2030.3858450816815,33.756645233028735,75.24415700584039,2.5623329989003234,12.64297659467519,58.4621275659209,0,2026-09-22 23:22:54
2026-09-22 02:31:00,CNC-02,M,296.80886976407834,309.54922774166755,2499.104022819205,22.177484070477792,10.026689717351548,3.0335884387729086,10.299779476652041,57.70637137800583,0,2026-09-22 23:22:54
2026-09-22 13:47:00,CNC-01,L,297.96518525562266,311.92370179932885,1334.8109425166235,50.23902929720356,117.21782741219668,2.167711145776566,12.204375943415517,53.242536855573164,0,2026-09-22 23:22:54
2026-09-22 06:51:00,CNC-03,H,296.2084990113269,310.84955956084355,1907.7014904113682,39.69742163468752,110.13200506388459,2.4996402015118506,14.087598648843667,60.27835150594045,0,2026-09-22 23:22:54
2026-09-22 22:08:00,CNC-03,H,299.3021913515155,312.7182250263007,2695.654381304013,20.04392504474316,196.9882885237742,3.715915117114551,9.986872828511919,52.628677418685555,0,2026-09-22 23:22:54
2026-09-22 05:37:00,CNC-01,L,296.4807581634058,309.63668272125483,2104.8748036632737,28.413923693101466,22.107811823873455,2.680635925943164,11.102350800921405,56.51459599706399,0,2026-09-22 23:22:54
2026-09-22 18:55:00,CNC-01,L,299.96961264921407,313.7799727223717,2222.2167895021944,28.30317762422623,119.93274734758354,3.0105761244921703,11.592547160547076,48.007941127920695,0,2026-09-22 23:22:54
2026-09-22 17:12:00,CNC-01,L,299.1725052934948,314.06702877133966,1864.3907716494793,39.644920950200934,186.2024149041951,3.0697033936874076,13.784377555037553,49.35131501508141,0,2026-09-22 23:22:54
2026-09-22 03:49:00,CNC-03,H,296.48071345785974,309.8397664431886,2546.31917776017,22.56995711285813,130.63083734474893,3.2693430372505263,10.745580306462669,60.00128047741073,0,2026-09-22 23:22:54
2026-09-22 06:47:00,CNC-02,M,295.7810186846504,310.35671665530396,1840.1416426657913,39.97832844080917,86.00967162645962,2.4355042896059818,13.733868652947537,58.57961730812891,0,2026-09-22 23:22:54
2026-09-22 13:53:00,CNC-03,H,297.6540514496037,311.7106870786927,1420.2284747111757,51.089596930459244,29.76935061202846,2.033486821033123,13.638000231301778,56.730357922519424,0,2026-09-22 23:22:54
2026-09-22 07:44:00,CNC-03,H,295.7264954934841,310.7522284796715,1705.8202501133987,46.99770371607945,185.43240305848204,2.6464638462923156,14.818857955419661,59.63395444418839,0,2026-09-22 23:22:54
2026-09-22 03:23:00,CNC-03,H,296.5341032058358,309.0529347008494,2514.883992524191,19.5317980849876,100.43103776105966,3.1767991218210034,9.210387905215526,56.50609056449833,0,2026-09-22 23:22:54
2026-09-22 03:30:00,CNC-02,M,296.6501892912593,309.61210020512965,2412.739899573317,21.675442328463394,77.59939083712112,3.0459172541853237,9.964041308788302,60.367253343232555,0,2026-09-22 23:22:54
2026-09-22 07:25:00,CNC-03,H,295.8739416220099,310.3455291431458,1769.6530332914438,40.063151262078826,158.06726493232796,2.6561597034722477,13.38044376212987,57.66843912452461,0,2026-09-22 23:22:54
2026-09-21 23:22:00,CNC-01,L,299.1930412467792,310.5709847765365,2727.264040341104,13.874681837410018,17.04186310316485,3.319363342665812,6.985578156836529,47.21634988716849,0,2026-09-22 23:22:54
2026-09-22 06:18:00,CNC-02,M,295.9086648364669,309.56174338499835,1935.8941585670348,32.45332143604343,46.53151072014547,2.575277891044868,11.577394622857515,62.30179822000836,0,2026-09-22 23:22:54
2026-09-22 22:07:00,CNC-02,M,299.7114206673549,311.9146782143098,2635.84588374015,16.674905368735807,56.668586329233264,3.1768540201921156,8.231928663672342,55.28246424427102,0,2026-09-22 23:22:54
2026-09-22 06:09:00,CNC-02,M,296.0810006889966,309.7621465761265,1912.8788721031115,33.627492070855496,34.43668386177731,2.5199195422567553,12.186432461389325,60.205851560320994,0,2026-09-22 23:22:54
2026-09-22 13:21:00,CNC-03,H,24.164636783997764,38.727317359250776,1393.2718791341385,51.23643613808384,196.47122450115884,2.601751734148789,13.126781514169721,59.156707382289575,0,2026-09-22 23:22:54
2026-09-22 12:11:00,CNC-02,M,296.7740367385093,310.91899553878665,1278.604222012325,51.53159544315105,107.83147337193661,2.0325082550873352,12.187534592575618,59.815211014763996,0,2026-09-22 23:22:54
2026-09-22 22:05:00,CNC-02,M,299.6873482793335,311.8033221210514,2650.6202155770793,14.415958108661208,54.492343884724875,3.1914636664901366,7.433128502733612,53.49483304698779,0,2026-09-22 23:22:54
2026-09-22 13:26:00,CNC-02,M,24.126131409959783,38.104446519487965,1354.209893753013,50.60416468785146,3.1834519607640006,1.9724642085302464,12.791979623474772,2460.5619781060586,0,2026-09-22 23:22:54
2026-09-22 01:56:00,CNC-02,M,297.8547141649841,310.9458490268582,2753.6419356825404,18.122652586539296,189.68430010395952,3.842798575817686,9.299974866719111,59.69399868064476,0,2026-09-22 23:22:54
2026-09-22 17:54:00,CNC-03,H,26.328553550363267,40.20466954253794,2083.3438883489016,32.64414723301063,131.31995540392995,2.8229957991049877,12.803035565434042,54.95176224433761,0,2026-09-22 23:22:54
2026-09-22 01:20:00,CNC-02,M,298.20603781681604,311.89389680060424,2780.4262019396424,22.47587686927715,150.89756880879466,,11.633735403245606,53.19886715033747,0,2026-09-22 23:22:54
2026-09-22 15:44:00,CNC-01,L,298.60447069084387,312.5566657957773,1571.5003945689289,44.90755714279107,60.00161766533448,2.2640132192137736,13.59188397762573,52.175476272349776,0,2026-09-22 23:22:54
2026-09-22 04:27:00,CNC-01,L,297.25011684457024,311.5735563886707,2384.9423876651836,29.711772579885263,136.94173950599932,3.2059400856003437,13.318417288227192,61.51404626489079,0,2026-09-22 23:22:54
2026-09-22 16:17:00,CNC-03,H,298.8840213153935,313.886330052467,1775.982823544726,42.46339969848504,247.45775928134617,3.362718523253524,13.978757871800491,54.78277419903842,0,2026-09-22 23:22:54
2026-09-22 19:16:00,CNC-03,H,299.4547259811957,314.0323802256275,2310.6900658419,29.651815613919002,237.33055827747802,3.769950508369762,12.817974748773983,51.35032414065893,0,2026-09-22 23:22:54
2026-09-22 09:35:00,CNC-01,L,296.2559799783443,311.19269091403845,1464.184125070642,52.05890505762994,165.30471860330303,,14.14397394958959,52.10303512754355,0,2026-09-22 23:22:54
2026-09-22 19:20:16,CNC-01,L,299.9994986062206,313.7695364342454,2413.824006609428,26.190662412588193,152.42651732518075,92.4922116237453,11.911475306599804,52.03944265814328,0,2026-09-22 23:22:54
2026-09-22 00:41:00,CNC-03,H,298.75721663537047,311.06563622966763,2650.549500445302,16.09184871670148,142.65664773273977,3.386119320761313,7.765993198929726,52.8639106224513,0,2026-09-22 23:22:54
2026-09-22 16:06:00,CNC-03,H,298.55928925698345,314.53984922877595,1838.856035503377,47.86430238934565,231.52781883793108,3.2808299361117657,16.594424712165953,57.30477132507685,1,2026-09-22 23:22:54
2026-09-22 11:23:00,CNC-01,L,297.0056719371728,311.34613961186295,1371.8578104256462,50.54163042476362,116.64287456256075,2.168872154756702,12.702752038491642,54.850766962082766,0,2026-09-22 23:22:54
2026-09-22 11:33:00,CNC-01,L,296.96499366644974,311.61830666012827,1446.8247790389323,51.510918882700324,132.48963581381707,2.4008702566902587,14.020793944625735,56.99600003591873,0,2026-09-22 23:22:54
2026-09-22 11:10:00,CNC-01,L,296.8017947687347,311.2201104250419,1450.598925090041,51.732725359649045,96.04036282290758,2.164769633110714,14.184428745600604,57.117387257092346,0,2026-09-22 23:22:54
2026-09-22 09:57:00,CNC-02,M,296.195917971147,310.5974839277965,1464.473729538492,47.05990384332491,143.58211107009657,2.382656055211801,12.92319056526764,59.7297631434192,0,2026-09-22 23:22:54
2026-09-22 07:39:00,CNC-01,L,295.94804697660726,311.54048325923844,1776.9201184808799,45.72317035557151,190.08680252657868,,15.299736908767557,60.82872594748167,0,2026-09-22 23:22:54
2026-09-22 22:48:00,CNC-02,M,299.34675545571275,311.7604850016653,2499.114974452189,18.398743313438764,101.27444898860986,3.2328941424657516,8.642480787243477,55.50040193742478,0,2026-09-22 23:22:54
2026-09-22 01:32:00,CNC-03,H,298.1899926601237,312.4310317429687,2561.1392943561655,25.64477936667766,197.55679748006642,3.6141380820233784,11.856867872425765,55.11870736700355,0,2026-09-22 23:22:54
2026-09-22 16:32:00,CNC-03,H,298.9147732100724,312.6484095693331,1681.112144095245,40.06642295268865,17.294775712650488,2.382546175488691,12.720251084036482,55.03969648048592,0,2026-09-22 23:22:54
2026-09-22 17:32:00,CNC-02,M,32.1503265145015,41.09910584254811,1926.3924477771297,39.40878330193467,154.0752256848234,2.77021728525929,14.218665535789352,44.82349961806634,0,2026-09-22 23:22:54
2026-09-22 01:30:00,CNC-01,L,298.65190149351355,311.652967384604,2569.9062903337053,19.80983404436473,153.48046297610128,33.56023306580628,9.592046410027253,52.96095116219308,0,2026-09-22 23:22:54
2026-09-22 12:10:00,CNC-01,L,297.30612934165885,312.0415635038514,1344.8248217409316,55.42542987836629,191.24495044294676,2.7843125991495157,14.066705982909765,58.01762786528968,0,2026-09-22 23:22:54
2026-09-22 19:54:00,CNC-01,L,300.02918338878777,314.5646651365244,2346.4778701927867,29.49909738645317,192.70047516658968,3.5956265119168926,12.701153861904828,49.72420859506822,0,2026-09-22 23:22:54
2026-09-22 16:26:00,CNC-02,M,299.30311569630715,313.2138911465241,1852.0528913607334,36.071507046247994,61.60480328318547,2.508777595930702,12.563171288136814,55.33962133316273,0,2026-09-22 23:22:54
2026-09-22 10:20:00,CNC-01,L,296.6793235876077,310.6506457789106,,44.79824243802369,17.23289225587652,2.205920609842451,13.178769947357699,54.4470227359502,0,2026-09-22 23:22:54
2026-09-22 13:54:00,CNC-01,L,298.0430294164997,312.4746911199155,1489.0403902257333,49.04964780234342,128.0551878688989,2.4143830662843992,13.58657744268905,53.23288646434792,0,2026-09-22 23:22:54
2026-09-22 00:37:00,CNC-01,L,298.94059691833155,311.772350978285,2537.458800331358,20.27669302765802,96.6936641335135,3.156258183786935,9.634421524321573,48.112646666504915,0,2026-09-22 23:22:54
2026-09-22 15:22:00,CNC-03,H,298.33604639894793,313.02856216955274,1514.039548727161,49.67720127184704,166.17672648901515,2.492077179929021,14.005718772145725,55.26559925327188,0,2026-09-22 23:22:54
2026-09-22 06:53:00,CNC-03,H,295.9462565319396,310.2061993027762,1815.7757740503134,37.71137158622496,112.86553002813586,2.470557419180889,12.928319712425603,59.134145798624445,0,2026-09-22 23:22:54
2026-09-22 11:41:00,CNC-02,M,296.6248934774209,310.47453736226635,1348.9138826704655,50.04367016215992,60.302193263458385,1.9742054986066924,12.712814777597085,58.56069965980673,0,2026-09-22 23:22:54
2026-09-21 23:47:00,CNC-03,H,298.7428473738981,310.5345848910715,2688.7499746502904,14.604827495524658,85.19892108644804,3.2918810172649158,7.353110924537647,50.415786010733434,0,2026-09-22 23:22:54
2026-09-22 06:38:00,CNC-02,M,296.1776931662696,310.37458812668854,1918.8097440048628,37.047832023279625,73.62404651205456,2.592854581048826,13.429912151703302,60.708233020174085,0,2026-09-22 23:22:54
2026-09-22 02:33:00,CNC-02,M,297.43569606018184,309.4524719124546,2567.634521085694,18.396238455825575,12.288927581001676,3.1358979464990417,8.993299183566767,59.219780963381126,0,2026-09-22 23:22:54
2026-09-22 18:53:00,CNC-01,L,299.70916575149755,313.91269997970494,2257.633098159356,30.566679331254086,117.42151990497037,2.9337093624357253,12.770639481173422,49.37553894644102,0,2026-09-22 23:22:54
2026-09-22 00:32:00,CNC-03,H,298.68349356059446,310.9349801163029,2657.374049204387,16.523504622381314,132.89942111898458,3.2433518602201867,8.296606807160975,55.43147371553999,0,2026-09-22 23:22:54
2026-09-22 02:58:00,CNC-02,M,296.9744315368784,308.804407750207,2499.7701335985785,16.34843320020827,40.72579218852715,29.29324487107188,300.46251391528034,55.82634677989998,0,2026-09-22 23:22:54
2026-09-22 14:10:00,CNC-02,M,297.9208986836082,312.4713386688802,1499.52800550331,48.354021501734735,72.22132630062835,2.1896935011950323,13.61341748757612,53.50399211671342,0,2026-09-22 23:22:54
2026-09-22 03:09:00,CNC-01,L,297.9096296371694,310.58114880273183,2542.9369111467636,20.04394536563141,44.266593847200014,3.1174882938168516,9.747651776565116,53.38398281742378,0,2026-09-22 23:22:54
2026-09-22 18:57:00,CNC-03,H,299.7560645374988,315.26408088469213,2082.320137973627,37.98513041646163,213.5529202361467,32.73170487291248,15.03931678492409,51.68922384042683,0,2026-09-22 23:22:54
2026-09-22 19:50:00,CNC-03,H,299.7900719346142,313.0816343587817,2378.900678263029,26.698572924770673,38.91396025154587,3.000134303919326,11.869278370904906,50.65154158192937,0,2026-09-22 23:22:54
2026-09-22 15:40:00,CNC-03,H,298.43803035665564,313.2140032707591,1666.6861542096685,43.952037987024354,193.16848268385988,2.7125372877909073,13.647531076186006,54.32469385877476,0,2026-09-22 23:22:54
2026-09-22 09:08:00,CNC-01,L,296.2687816753214,310.8407399511784,1624.8448600133988,46.02108855070761,123.54879962682193,2.4125309176837195,14.235001565938212,59.13455316233639,0,2026-09-22 23:22:54
2026-09-22 13:47:00,CNC-02,M,297.77108194266225,311.78908478397284,1428.8796903393204,47.96641429279986,36.36606209146764,2.1710361913087466,12.466038927485744,50.545735640761194,0,2026-09-22 23:22:54
2026-09-22 03:45:00,CNC-02,M,296.5700219250536,309.3640316362714,2426.9237066995042,21.918877448803286,95.31703784054565,3.0905492174201843,10.098881467074778,57.4730043684791,0,2026-09-22 23:22:54
2026-09-22 20:03:00,CNC-01,L,299.7191609701985,314.54402293448175,2407.6958372598697,30.58750143036871,203.43324056594432,3.796090719955708,14.061672233998383,49.26036946048997,0,2026-09-22 23:22:54
2026-09-22 04:55:00,CNC-01,L,302.5325862124567,310.74055074599033,2254.1315288071605,29.827306802276176,171.72655465382078,3.2981630637813457,12.576908168053203,51.44124912225119,0,2026-09-22 23:22:54
2026-09-22 22:08:53,CNC-03,H,299.4638188609892,313.1923598111716,2605.8358792223844,22.382404261578724,198.0959419711967,3.6400046955235053,10.900831271862625,50.09067094324511,0,2026-09-22 23:22:54
2026-09-22 22:27:00,CNC-02,M,299.56134039967424,311.06400514890277,2645.8016406542965,11.369605808925208,78.52086509848905,3.214668456007544,5.6732773808393455,50.15665694274099,1,2026-09-22 23:22:54
2026-09-22 22:42:00,CNC-02,M,299.66488918635554,312.61161519597414,2630.9958923358463,18.675047444104386,94.71213855912583,3.128291372107142,9.297220100228838,54.30035141877721,0,2026-09-22 23:22:54
2026-09-22 04:43:00,CNC-02,M,296.3227998543935,310.7017738426235,2270.7370602571473,31.026410047421933,165.6633344569646,3.24483872698657,13.2020363240622,60.203343602261555,0,2026-09-22 23:22:54
2026-09-22 12:17:00,CNC-01,L,297.0310052452119,312.681636777056,1430.8613866353962,57.67514856142668,202.41206643765693,2.8789293217680783,15.477078895026965,54.77730835332655,1,2026-09-22 23:22:54
2026-09-22 11:28:00,CNC-03,H,296.6481993004301,310.6822901243562,1364.7225495584003,53.70302450105019,17.481282666258416,2.0056182023168163,13.487167582033058,57.26314481570142,0,2026-09-22 23:22:54
2026-09-22 03:32:00,CNC-03,H,296.7984154736981,309.5661229267972,2556.386386538948,20.699245857039966,110.84937152500574,3.122789653351265,9.787662322378377,57.22394653479395,0,2026-09-22 23:22:54
2026-09-22 16:23:06,CNC-03,H,298.8743424054512,312.3265387139819,1796.920580179167,37.5000839514808,2.888351359000468,2.342442505630976,12.4682263447889,52.12042212076961,0,2026-09-22 23:22:54
2026-09-22 11:52:00,CNC-03,H,296.7279654240892,310.4810430863517,1340.9224036227222,51.94248760192611,55.64485006035397,2.0190031393184245,13.263209315555239,56.333446585132286,0,2026-09-22 23:22:54
2026-09-22 18:24:00,CNC-03,H,299.29263962394356,313.9319102228743,2131.8284805676326,34.62081403291769,171.07625571722895,3.107418606533879,13.769911908725204,56.61103153005377,0,2026-09-22 23:22:54
2026-09-22 00:55:00,CNC-01,L,298.72187862990853,310.403746650788,2662.6032790901854,14.681617830370223,115.9171867692382,3.3567978358603754,303.79582404349,50.05022009006524,0,2026-09-22 23:22:54
2026-09-22 01:15:00,CNC-03,H,298.10986236078617,311.0440312080121,2785.6140723733897,17.474827642126794,178.9469465132847,3.6941597107354713,9.031165271029847,54.190917925010915,0,2026-09-22 23:22:54
2026-09-22 20:19:00,CNC-01,L,300.0167000264319,313.85888873437216,2463.9020663006395,23.862436872460542,222.435358762674,,11.031779931651775,51.371522509034975,0,2026-09-22 23:22:54
2026-09-22 19:43:00,CNC-02,M,300.9915143156522,315.0779366632804,2442.794349624466,25.79769830848853,96.74748239077128,3.020969488451774,11.592999083924571,49.735457160815564,0,2026-09-22 23:22:54
2026-09-22 09:16:45,CNC-03,H,295.8626906588913,310.1100510337523,1706.7578233471504,43.85546380500143,69.9301261108502,2.3626430338327777,14.11591909099693,61.37504541862247,0,2026-09-22 23:22:54
2026-09-22 01:01:00,CNC-01,L,298.6575006889589,311.5942936701274,2698.8934118395805,19.096114586487253,122.36491938453483,3.398760123793712,9.413480567972274,49.193563563534006,0,2026-09-22 23:22:54
2026-09-22 04:08:00,CNC-03,H,296.3171580372193,309.406190030808,2300.6196952952846,22.446349158580006,153.17456577401745,3.040147510923218,9.823480192219494,63.31371837524448,0,2026-09-22 23:22:54
2026-09-22 06:14:00,CNC-03,H,296.06984737682245,310.18253789368146,1997.4010217219497,36.58961447431829,59.22322913664521,2.559677527929259,13.466326635613589,60.28422094253816,0,2026-09-22 23:22:54
2026-09-22 22:37:00,CNC-02,M,299.78620349046395,312.30420074110265,2566.8071341452705,17.976910370776295,89.33508759120762,3.0940429682527117,8.844081810987007,54.15748283481524,0,2026-09-22 23:22:54
2026-09-22 07:21:00,CNC-02,M,296.0974775488199,310.5985392464374,1784.0475929350719,39.43964626279274,133.65827714276531,2.622347554659086,13.121215401706614,56.64577743352415,0,2026-09-22 23:22:54
2026-09-22 04:02:00,CNC-01,L,297.68483450632414,310.95269741756226,2424.7240792457947,23.98484316314134,106.77251012121896,3.1046555694313196,10.80317009836221,55.92340698773191,0,2026-09-22 23:22:54
2026-09-22 21:31:00,CNC-02,M,299.7439901098804,313.3076028380303,2509.1333164858215,24.567792132522822,16.79504472561691,3.015550999614025,11.507525825940721,48.143862233387296,0,2026-09-22 23:22:54
2026-09-22 03:09:00,CNC-03,H,297.06067002657056,310.0409891560099,2484.110379244757,21.487370577630042,84.32125343872615,29.924981549172852,9.868462268680833,59.90403369720993,0,2026-09-22 23:22:54
2026-09-22 16:03:00,CNC-03,H,298.4318449932659,313.4408855857083,1673.8156752826192,43.765684189779556,227.2328876399077,2.9762606934516964,13.741023901208536,54.22224642651803,0,2026-09-22 23:22:54
2026-09-22 14:02:00,CNC-02,M,297.905906044985,312.1426374171663,1339.3083898128639,53.13619005914938,59.83981174073999,1.940641756965062,13.32066267927982,56.89062338592587,0,2026-09-22 23:22:54
2026-09-22 09:31:00,CNC-01,L,5852.82395101373,310.8117877577969,1354.4907271670131,52.69704393338673,159.1392090712028,2.428589116112218,13.143829122328205,60.82557412378463,0,2026-09-22 23:22:54
2026-09-22 07:35:00,CNC-01,L,296.092163712997,311.2204912493121,,43.0156958014195,184.2945913306957,2.9797456593707565,14.60416496075457,58.12641288111378,0,2026-09-22 23:22:54
2026-09-21 23:55:00,CNC-01,L,299.2552574745049,310.7759793772863,2678.474120423612,14.349161593125512,51.96957947339591,3.1624665759841037,7.114175261364399,53.3210711913049,0,2026-09-22 23:22:54
2026-09-22 01:45:02,CNC-02,M,298.00005742024933,312.1577952867972,2651.646040090552,24.624962261365134,178.93446299561026,35.767990835565804,12.047756358382385,56.22243868207834,0,2026-09-22 23:22:54
2026-09-22 11:58:00,CNC-02,M,296.777739262362,311.26940073434946,1366.6828628920816,52.45890394946187,87.1736981253413,2.2249420913350133,13.662450253542053,54.8669836747056,0,2026-09-22 23:22:54
2026-09-22 04:46:00,CNC-01,L,302.3029920571411,311.083109603327,2266.7535571513554,33.525643511142775,160.47628947467243,3.2500210561565845,14.037182042214399,45.79311406018372,0,2026-09-22 23:22:54
2026-09-22 08:26:00,CNC-03,H,295.81029499281397,310.9355924104218,1720.7149379684777,42.794809678185835,247.38875478927108,3.3917458195540284,13.824242963261607,58.87729327042413,0,2026-09-22 23:22:54
2026-09-22 21:11:00,CNC-01,L,299.6856957642779,311.6811386000184,2567.2941711999083,16.12973678898533,48.23980540128912,3.0010546381255434,7.926250571484502,47.81061599994447,0,2026-09-22 23:22:54
2026-09-22 05:54:00,CNC-02,M,295.9537991112046,310.12151846925747,2169.845863205303,32.964658223209945,14.377949930552816,2.7574946893240226,13.33237985764114,58.285008343568755,0,2026-09-22 23:22:54
2026-09-22 19:14:00,CNC-01,L,299.78930802120567,313.88201474089783,2134.5735601336755,31.31199549822454,143.7767607172637,3.020587351992334,12.072869469878865,49.894832950496564,0,2026-09-22 23:22:54
2026-09-22 07:06:00,CNC-03,H,296.01173325198096,310.93258109205783,1837.4919380472152,43.40794340274954,131.2636005010088,2.612412383247517,15.070166887967519,57.33038774424547,0,2026-09-22 23:22:54
2026-09-22 21:26:00,CNC-02,M,299.9714696016511,312.41632997833136,2543.0793265083953,19.541643112941593,11.151764524126811,3.0362639464979493,9.110930210685217,54.77170090093694,0,2026-09-22 23:22:54
2026-09-22 06:20:00,CNC-01,L,296.6294481108194,311.33498341132236,1908.7874429739304,,79.35854242276702,2.5850943534998847,14.875494011419017,59.194697732069436,0,2026-09-22 23:22:54
2026-09-22 05:55:00,CNC-03,H,295.7443508922794,309.5134508056052,1942.1986901693601,34.07689007530848,33.84261862544537,2.4841235889665567,12.229786988736238,57.56660965586109,0,2026-09-22 23:22:54
2026-09-22 13:56:00,CNC-02,M,297.7150181283759,311.9413762388659,1365.847971321852,51.53057435727738,50.40447999669715,2.042180744539226,13.129517922229967,54.83126271724363,0,2026-09-22 23:22:54
2026-09-22 06:54:00,CNC-03,H,295.9192164960471,310.7759221091202,1865.5953120404138,40.954739278160766,114.26681652072817,2.5542444857076965,14.448890226459815,60.05712165712993,0,2026-09-22 23:22:54
2026-09-22 04:31:00,CNC-02,M,296.3347523267984,310.4733957018649,2135.453792662357,30.54830495786488,150.9644216625776,2.9319888950249102,11.939374291212664,57.554987952294816,0,2026-09-22 23:22:54
2026-09-22 11:58:00,CNC-01,L,297.15793763610645,312.23440277546877,1389.553455063066,56.53158690328755,172.21156229198706,2.6319582707981617,14.514345435177779,59.514139535928905,0,2026-09-22 23:22:54
2026-09-22 10:21:00,CNC-03,H,296.3318461493478,311.4543155583245,1469.501995071314,54.17415508556833,169.33225362414845,23.075501212867845,15.269554109390153,57.86135797441228,0,2026-09-22 23:22:54
2026-09-21 23:49:00,CNC-03,H,299.3120122442206,310.8880171879773,2705.3787744811993,13.78228195517034,87.30419928781939,3.2985475839499867,7.286959785858208,52.08131166269561,0,2026-09-22 23:22:54
2026-09-22 05:55:00,CNC-02,M,296.0426170610262,309.98193530517983,1994.7695291050727,35.32678424873855,15.717499707783125,2.63114283307118,13.147671323910851,59.802634542172456,0,2026-09-22 23:22:54
2026-09-22 13:03:00,CNC-02,M,24.245888494615713,39.094592952081484,1408.7373422809108,52.236702373569095,190.47982288883415,2.6087305826035236,13.740551285161535,54.34613081793381,0,2026-09-22 23:22:54
2026-09-22 14:07:00,CNC-01,L,298.0584610823833,312.4913599539675,1455.4105587322724,47.77871311906777,148.35892785454848,2.4045456331931434,12.992446407410362,53.77196547241402,0,2026-09-22 23:22:54
2026-09-22 02:25:00,CNC-01,L,298.16615065179894,311.5701754463588,2499.3885214372617,21.946562147499836,213.8784905573625,3.960698531552091,10.28584838020902,56.41966853302934,0,2026-09-22 23:22:54
2026-09-22 19:32:00,CNC-03,H,299.47265074878567,312.42589282661004,2239.5323977433154,26.16152068664639,17.064566141468603,2.862838110352672,10.824770936616618,50.76295737347011,0,2026-09-22 23:22:54
2026-09-22 21:29:00,CNC-03,H,299.5217757919422,312.55526687639644,2516.885273818774,19.749314896125544,153.53094853039107,3.2709768942622617,9.251607068239375,53.1016048203732,0,2026-09-22 23:22:54
2026-09-21 23:52:00,CNC-03,H,298.96156306595134,311.2135925428089,2696.709792352808,16.562145400378242,90.4915799686341,3.2419381837441428,8.50482555290203,50.723177002355996,0,2026-09-22 23:22:54
2026-09-22 16:34:00,CNC-02,M,299.30429710594603,313.8956233719269,1962.362209407371,38.613815434295866,72.98483228655843,2.6176146091173838,14.449084435395644,55.28051791337312,0,2026-09-22 23:22:54
2026-09-21 23:43:00,CNC-03,H,299.01219746603897,311.0248528756157,2588.0777989931753,16.918209888497643,80.87663784536207,3.0806059495934432,8.213070423180957,55.83186297802437,0,2026-09-22 23:22:54
2026-09-22 04:16:00,CNC-01,L,297.36873974535195,311.280288748192,2269.5877825531256,28.46803333019485,123.69608830442363,30.403850324328,12.106352630598867,56.74336172529393,0,2026-09-22 23:22:54
2026-09-22 12:42:00,CNC-03,H,24.259355503172742,38.88572852097377,1451.6907929573158,50.030032697910734,134.97809506655102,2.3794025532805776,13.467954529202617,58.87674135367603,0,2026-09-22 23:22:54
2026-09-22 22:35:45,CNC-03,H,299.1675428770888,312.2344291246563,2587.632561272218,19.209164213867087,226.14542976260904,3.95277335445402,9.51313990616279,50.583045505157756,0,2026-09-22 23:22:54
2026-09-22 18:22:00,CNC-03,H,26.32373815290225,40.628224395428106,2316.7205106355755,,168.47805000379674,3.3285902511904117,12.687224853227598,54.91827005972373,0,2026-09-22 23:22:54
2026-09-22 06:06:00,CNC-02,M,296.14016743989293,310.17108958301435,2106.3244372296763,33.31402142042662,30.410186241851438,2.7698713667642703,12.944787224679192,62.391102138337985,0,2026-09-22 23:22:54
2026-09-22 13:03:00,CNC-01,L,24.307876720735806,38.27768937182293,1361.9365598688348,52.73271254128708,47.63042049728959,2.145532317275113,13.505705860532,56.6085324766366,0,2026-09-22 23:22:54
2026-09-22 20:15:00,CNC-02,M,300.6721931335615,314.8548708342611,2329.759227744673,28.688881316543235,134.94869850405328,3.035732785714143,12.611682213090031,50.46821942938731,0,2026-09-22 23:22:54
2026-09-22 00:20:00,CNC-01,L,298.8453099839024,310.888710173181,2702.4016741868486,16.21838439632389,78.5698493942748,3.387985749477016,8.205873145652323,51.57874354985201,0,2026-09-22 23:22:54
2026-09-22 22:49:27,CNC-01,L,299.12657128933296,312.28130923750905,2878.0829343572714,18.49959282933383,156.4333500493677,3.703190575306233,9.853220773903262,54.482551142885754,0,2026-09-22 23:22:54
2026-09-22 22:04:00,CNC-03,H,299.48048754522256,312.9268326424051,2560.571613277824,21.018470889685588,192.5774115675623,3.6286433510456426,10.23641696334884,51.67269183390748,0,2026-09-22 23:22:54
2026-09-22 01:14:00,CNC-03,H,298.2574622159246,311.33148450028847,2687.059729558801,19.365954136797992,177.8956469679836,3.555308321364627,9.697615903899402,54.05793897094828,0,2026-09-22 23:22:54
2026-09-22 16:46:00,CNC-01,L,299.17244492838205,314.3163116161537,1858.7417441005318,41.94967944141983,149.84963412403988,2.7287336065402625,14.516890167560545,47.312605271115764,0,2026-09-22 23:22:54
2026-09-22 17:09:00,CNC-02,M,305.2320703028819,313.4521551938627,1868.5038936577305,36.1706921696387,122.5141417733716,2.649462769842621,12.851004497772488,42.76055825269601,0,2026-09-22 23:22:54
2026-09-22 10:46:00,CNC-01,L,296.59920919114626,310.7139484410753,1415.176152149071,51.802321899287534,58.11876120738153,2.1730543762960726,13.928340942585752,56.74993286339155,0,2026-09-22 23:22:54
2026-09-22 15:46:00,CNC-02,M,299.05162566990504,312.9128344437048,1786.4483540510216,37.669899576190616,2.978263938024074,2.3977672358216084,12.793002630727448,51.76780016576633,0,2026-09-22 23:22:54
2026-09-22 17:11:00,CNC-03,H,298.8236032363352,312.76012772495733,1881.0993903133856,37.46754122321869,72.59559512327664,2.4918143358863762,13.35445592205873,59.15348962325517,0,2026-09-22 23:22:54
2026-09-22 02:23:00,CNC-03,H,303.0657066013413,308.6107279080729,2763.6256306220116,13.761515815262886,32.67939512098518,3.247571165936471,7.133004914517854,46.47304928346547,0,2026-09-22 23:22:54
2026-09-22 03:51:00,CNC-03,H,296.55393194003454,309.99603957265253,2391.2938113377895,23.965849338130518,132.94384985938316,3.1243840624145154,,63.66017110077571,0,2026-09-22 23:22:54
2026-09-22 00:08:00,CNC-02,M,298.8511038988445,310.1605606165738,2706.373610594891,12.695620914114084,73.95806860307728,3.3165034400929443,6.34605512821024,57.001517511009766,0,2026-09-22 23:22:54
2026-09-22 08:20:00,CNC-01,L,296.26855139070534,310.240953956424,1678.7455029465098,41.86233898601803,51.09752362737078,2.3828745954412924,12.777836577194813,54.02695495174526,0,2026-09-22 23:22:54
2026-09-22 07:04:00,CNC-01,L,295.9608863776691,310.3778725869378,1818.4334780364609,38.96357775707742,140.1240523234003,2.7197800421430363,13.355376722296176,57.48042750535568,0,2026-09-22 23:22:54
2026-09-22 14:15:00,CNC-02,M,297.8547687910325,311.6238021599365,1308.362818925667,47.69035458483985,79.95630362358888,2.1396300494003637,11.71785590048836,54.24344581140468,0,2026-09-22 23:22:54
2026-09-22 00:55:00,CNC-02,M,298.71583782750946,310.8410702298138,2754.8274883208883,14.976726711600136,124.04545900387438,3.4624911187736775,7.793699268444224,53.55729062452572,0,2026-09-22 23:22:54
2026-09-22 03:01:00,CNC-03,H,296.8439788558861,10583.483123474465,2445.590743712169,22.911419765733044,75.15988531613095,3.0962098531708118,10.490957398776905,58.80899939000266,0,2026-09-22 23:22:54
2026-09-21 23:45:00,CNC-03,H,299.2969377135207,311.27645734951193,2688.4511794552755,16.21294669395499,83.05887546567011,3.2096586017279507,7.972670884228856,50.34295852470165,0,2026-09-22 23:22:54
2026-09-22 22:51:00,CNC-02,M,299.4769819109182,311.32551366338316,2804.6187682536897,12.920200362642833,104.48090329835938,3.4085608988366682,7.029352852699876,52.062261217041765,0,2026-09-22 23:22:54
2026-09-22 09:49:00,CNC-03,H,296.0660820910782,310.2083645535922,1360.0081944826734,50.51510471711313,119.3877211806155,2.1990352939054834,12.807350425645035,56.06232027497184,0,2026-09-22 23:22:54
2026-09-22 17:02:00,CNC-03,H,298.9728439503479,313.0543012969544,1848.1069825998973,37.84802518677856,59.93160232596356,,13.142545533770368,50.77631910561441,0,2026-09-22 23:22:54
2026-09-22 17:59:00,CNC-03,H,26.181604359557525,40.93215992949081,2011.910364508638,37.90964257661738,,2.826802342214414,14.208066976679685,52.16337030353594,0,2026-09-22 23:22:54
2026-09-22 12:46:00,CNC-01,L,24.32937804571702,38.54376048920017,1432.30998473462,51.4106314984323,20.652943027715338,2.0820515511986413,13.849303497686439,54.26003037565989,0,2026-09-22 23:22:54
2026-09-22 19:29:00,CNC-02,M,300.1457847345353,313.1695249584648,2344.5308439831947,22.29342089112075,79.64994516053093,2.9674422586501055,9.732162633383789,48.287766510477674,0,2026-09-22 23:22:54
2026-09-22 14:02:00,CNC-01,L,298.2093216039426,312.8114164772003,1422.7029921640844,51.21305297022959,140.6294920594707,2.432912274185603,13.766223670058471,55.604657998623445,0,2026-09-22 23:22:54
2026-09-22 22:17:00,CNC-03,H,299.2009883625057,312.25199037539977,2727.002561266381,17.716292917450097,206.7042811321543,3.8358870537399654,8.96212086203586,51.46308275192878,0,2026-09-22 23:22:54
2026-09-22 16:50:00,CNC-02,M,305.36483985101785,313.96137739694996,1787.1966053799895,40.910921389881175,95.74036175278542,2.402762344050181,13.63958934342837,40.939614040290884,0,2026-09-22 23:22:54
2026-09-22 02:35:00,CNC-01,L,297.85487492898557,309.925691638152,2648.8044660955866,16.430310181167037,5.569920901260621,3.202803557786726,7.980500530518689,55.0837532503908,0,2026-09-22 23:22:54
2026-09-22 15:37:00,CNC-02,M,298.85144265336726,313.8154870381345,1711.2585286327394,43.08181104284061,204.72771348882182,3.005908540072411,13.93203237403728,50.89756118562043,0,2026-09-22 23:22:54
2026-09-22 00:22:00,CNC-01,L,298.97734041239414,310.4987160552199,2689.825127473124,14.608056395096476,80.74354672815431,3.242477943885614,7.25196971360241,57.116568776209355,0,2026-09-22 23:22:54
2026-09-22 13:32:00,CNC-02,M,297.5879687459266,311.5576781481569,1376.0227303835663,50.794954351555354,12.678313746845669,2.085750697375372,13.119914092956257,55.99743322036476,0,2026-09-22 23:22:54
2026-09-22 03:16:00,CNC-02,M,297.07742161331197,,2470.9854537115884,19.0694258403644,61.421275446076756,3.02501514986835,8.823415110988751,55.41019931801656,0,2026-09-22 23:22:54
2026-09-22 13:13:00,CNC-01,L,24.67573327541072,38.77827091571652,1327.5703384033116,52.55967970081552,63.50299025071381,2.003634245664665,13.125190556372138,54.03816887306384,0,2026-09-22 23:22:54
2026-09-22 11:24:00,CNC-03,H,296.5793240076394,310.1649714233913,1336.08154309761,52.45337010819194,11.115089852792705,2.0244437097819357,12.903382128440635,62.59649863451202,0,2026-09-22 23:22:54
2026-09-22 13:58:00,CNC-03,H,297.70596671705744,311.5607031842764,1497.1265656228957,46.78091983265915,37.62175721335823,2.231382760917716,13.106999574579193,51.785130014938,0,2026-09-22 23:22:54
2026-09-22 21:41:52,CNC-02,M,300.0304773267524,312.1135264038129,2357.4316892958186,18.33114973123746,30.076277789386243,2.9572951344729845,7.99406998865592,49.23220405468242,0,2026-09-22 23:22:54
2026-09-22 21:24:00,CNC-03,H,299.320654493914,313.3390133122293,2337.8661018614216,28.635384202765778,147.91318407433346,3.247741431672799,12.196647852477858,58.01396190268573,0,2026-09-22 23:22:54
2026-09-22 01:39:00,CNC-03,H,298.06622758875045,311.0602943834356,2630.3200669341823,19.031514929934964,205.04468239787502,3.667076620765087,9.274337115790066,53.454300974535926,0,2026-09-22 23:22:54
2026-09-22 19:30:00,CNC-02,M,300.38149456099245,314.61006870077114,2229.363884826618,29.5928945860075,80.88349779566026,2.9029323323734313,12.520104322464913,49.51483679164829,0,2026-09-22 23:22:54
2026-09-22 17:49:00,CNC-02,M,32.55469900216502,41.24931873214888,1853.572797734116,37.01209840004964,176.92546818265455,2.9766678073140564,12.434990810164486,40.53017305967208,0,2026-09-22 23:22:54
2026-09-22 19:15:00,CNC-03,H,299.43584920182207,313.5366767566471,2323.219331413755,26.80634503239202,236.14308049178243,3.7192603348654973,11.619118917895822,51.41051188016564,0,2026-09-22 23:22:54
2026-09-22 14:50:00,CNC-02,M,298.338451980227,313.1282380113035,1595.0377939915309,44.70936687058914,133.70704752568764,2.4369820280985133,13.347425340242435,51.24096436310266,0,2026-09-22 23:22:54
2026-09-22 22:56:00,CNC-03,H,298.813502461912,312.5147348200921,2704.1214694772175,20.53866765068755,248.8464113533694,4.21973739794986,10.673723303873937,48.78678817060602,0,2026-09-22 23:22:54
2026-09-22 00:51:00,CNC-03,H,298.6332889461133,310.33607825153223,2699.002887302665,13.299093803804801,153.25736418086018,3.575403899944826,6.599496989384726,48.94384827566256,0,2026-09-22 23:22:54
2026-09-22 17:26:00,CNC-01,L,26.392056929293574,39.94126734156066,1849.4811940448517,37.24696961489911,2.7966776967593727,2.4908934153251616,12.927285311508083,49.164312343839015,0,2026-09-22 23:22:54
2026-09-22 01:43:00,CNC-02,M,298.16203841738246,311.2094705836493,2692.922172936508,19.16786699549394,175.6827859261603,35.33986092614775,9.764325363058449,51.16854718332928,0,2026-09-22 23:22:54
2026-09-22 02:54:00,CNC-01,L,297.97518068076755,309.90231259480623,2556.5277348579093,17.16316406574176,27.130407106279254,3.126262926602599,8.009080097148122,57.84180940024349,0,2026-09-22 23:22:54
2026-09-22 15:33:00,CNC-01,L,298.4878268448208,312.42906541859765,1620.5331745048654,42.65372153614636,43.65131621842571,2.1650540879734717,12.66552031145955,53.40679742043252,0,2026-09-22 23:22:54
2026-09-22 16:15:00,CNC-02,M,299.38281118055914,313.430460488084,1697.5679780879618,41.05096694281384,45.678080275393064,2.3323577158163813,12.881231637143314,50.62496063324198,0,2026-09-22 23:22:54
2026-09-22 03:33:00,CNC-01,L,297.9717825911145,309.5470088359061,2610.1808489606733,13.145832631632455,72.22991945443178,3.111348840056901,6.460340447456359,54.062190704614494,0,2026-09-22 23:22:54
2026-09-22 09:05:00,CNC-01,L,296.0734804666011,310.53624358685056,1434.2166338853583,50.27794875391236,119.01499214799435,2.2192717731133786,13.6888096727394,58.91870493626968,0,2026-09-22 23:22:54
2026-09-22 20:10:00,CNC-01,L,299.66843135723485,314.89073387284213,2257.521420462648,35.15090416514765,211.797816401308,3.705442022079262,14.864511730180206,49.266937011766444,0,2026-09-22 23:22:54
2026-09-22 07:56:00,CNC-01,L,296.1404626705155,310.2023613362699,1713.7347798224632,42.25939177548064,15.922767768957208,2.3604961352106675,13.75316181943937,59.09001302567074,0,2026-09-22 23:22:54
2026-09-22 03:54:00,CNC-03,H,296.37006257750124,309.9648936477916,2383.1773072249193,24.81475258564251,136.55508202364015,3.1610353854699875,11.093247208557512,57.06696153704475,0,2026-09-22 23:22:54
2026-09-22 21:22:00,CNC-02,M,299.8949798516686,311.1894667637952,2716.742146200833,11.916348202264448,6.673406484164317,3.260464365180792,6.052104783479882,51.51556402503048,1,2026-09-22 23:22:54
2026-09-22 18:14:00,CNC-03,H,26.343111884111238,40.96004808419684,2066.9440634504167,34.74408627456418,158.00392150582832,2.926840294326899,13.650317635741283,48.97255223732674,0,2026-09-22 23:22:54
2026-09-22 00:38:00,CNC-01,L,298.80846706996647,310.0908315792447,2797.00562498714,11.596534262132078,97.73470684677478,3.4164294174249554,,53.19396493140319,1,2026-09-22 23:22:54
2026-09-22 02:24:00,CNC-01,L,298.27940359060455,311.13839028784287,2755.3616132030675,17.24309468778854,212.75457969970157,4.200857397985278,8.688593898947596,55.519657147881254,0,2026-09-22 23:22:54
2026-09-22 12:31:00,CNC-02,M,24.00296030590215,38.54437425789621,1390.211857867733,50.53728672905979,139.67913394423957,2.3240571995477697,13.071771030607009,56.842892037554975,0,2026-09-22 23:22:54
2026-09-22 01:27:00,CNC-03,H,298.4083705931132,311.84783151289133,2645.3112291902794,21.454522186884542,191.97125232211832,3.714213111269598,10.329587770799943,54.86066555427667,0,2026-09-22 23:22:54
2026-09-22 18:25:00,CNC-01,L,299.56892723394276,313.27552109690646,2257.61450646527,29.28924706622089,81.46719030370606,2.9248550577457975,12.355657777114207,50.40580419713951,0,2026-09-22 23:22:54
2026-09-22 19:17:00,CNC-02,M,300.3867564883819,314.28061759287493,2254.0088983142373,28.139836366443784,64.85848221262232,2.8753866051047363,11.919112245639235,46.40763245723752,0,2026-09-22 23:22:54
2026-09-22 00:18:00,CNC-03,H,298.94488484854264,,2642.7459180232445,17.63798339878434,118.04242284681749,3.3812139378740347,8.972073331364635,55.569062767876275,0,2026-09-22 23:22:54
2026-09-22 19:59:00,CNC-03,H,299.8935889920497,312.98168060039404,2347.6607097502047,24.957637520923114,49.821425208172265,2.9175480697045737,11.004753539139713,52.404011657734635,0,2026-09-22 23:22:54
2026-09-22 18:29:00,CNC-03,H,299.5000163035358,314.00331483331314,2232.132016793295,30.140098190981846,177.5840349308784,3.3183041771722066,12.58859404689398,55.81022730099635,0,2026-09-22 23:22:54
2026-09-22 05:48:08,CNC-03,H,296.16319083635926,309.55558939081556,2070.4302885527327,30.936923241617155,23.312635787161472,2.7269806329788575,11.937828410286711,57.891772602138495,0,2026-09-22 23:22:54
2026-09-22 21:50:00,CNC-02,M,299.7228569495759,312.1417760107929,2590.9468709727357,18.345878212997825,37.88936462434036,,9.069410064460051,50.469061084451155,0,2026-09-22 23:22:54
2026-09-22 17:51:00,CNC-02,M,32.479709145591414,41.72142467645392,1931.6911952887679,39.16527870760939,179.6019145201164,2.925887700851937,14.347034642083466,38.614308325518415,0,2026-09-22 23:22:54
2026-09-22 11:12:00,CNC-02,M,296.61950971570093,310.51500227758845,1369.400064463859,49.39921069988788,14.235973539983286,1.9666145191712072,12.993783388576405,60.604118141371686,0,2026-09-22 23:22:54
2026-09-22 11:34:00,CNC-03,H,296.60181958943565,310.4341946207461,1409.7536673606364,48.65775899397134,27.053999687114498,2.112973866197403,12.694148503239758,60.58513063537317,0,2026-09-22 23:22:54
2026-09-22 06:12:00,CNC-01,L,296.62550996836325,310.69740526414967,1938.5384198271845,37.647761232962445,68.53546240617636,2.605038667874573,13.496760948892382,61.333284865190016,0,2026-09-22 23:22:54
2026-09-22 16:24:00,CNC-01,L,299.08055887728744,313.87666193937287,1843.8193684570865,41.460077842848904,118.44675656168319,2.6944615825887848,14.338682172407626,55.50785380768998,0,2026-09-22 23:22:54
2026-09-22 19:51:00,CNC-03,H,299.38119285152345,311.6666415682612,2288.25562443735,21.950868165996805,40.1078245597239,2.9196236451014164,9.479054106543186,52.74535920109468,0,2026-09-22 23:22:54
2026-09-22 05:43:00,CNC-03,H,296.1148873341237,309.7054845459289,2038.280902343411,32.13197894161636,18.067813471555638,2.5883602341682175,12.178048322701471,57.50333743437336,0,2026-09-22 23:22:54
2026-09-22 04:07:00,CNC-02,M,296.48881297729923,310.5808517145562,2345.5756037892693,27.84303093771586,121.83635752556745,3.0671017085402297,12.411855274855213,55.75812376196698,0,2026-09-22 23:22:54
2026-09-22 07:46:00,CNC-03,H,296.0784525166373,310.5012423399841,1806.930857703436,39.61660811189317,188.27221948726907,2.8991935483940994,13.246981698770712,55.64730610607443,0,2026-09-22 23:22:54
2026-09-22 10:16:00,CNC-03,H,296.39844117100256,311.3343097677189,1459.1247337602192,51.741866637091334,161.45897654584877,2.286487926766342,14.10578172760848,58.77784991139338,0,2026-09-22 23:22:54
2026-09-21 23:57:00,CNC-02,M,298.98978591650155,311.23837494988214,2641.3547247855035,16.87520144387719,62.22569818794192,3.1122765104266215,8.25048111351006,53.40675175363766,0,2026-09-22 23:22:54
2026-09-21 23:46:00,CNC-02,M,,311.31192653279027,2668.3754890482005,16.995456400627464,50.53332126516988,3.162154980177482,8.588284647517067,53.18100046951576,0,2026-09-22 23:22:54
2026-09-22 04:23:00,CNC-03,H,296.3346298698763,310.00963028563916,2105.136734038902,29.568586525548323,171.48945633283378,2.978070405581993,11.611481593493936,61.55321970749093,0,2026-09-22 23:22:54
2026-09-22 07:45:00,CNC-02,M,295.8700769711294,310.89233156092484,1811.3776459272103,41.838822555980286,167.97801338902147,2.7667348483063905,14.090538126281416,64.75723176595906,0,2026-09-22 23:22:54
2026-09-22 09:38:00,CNC-03,H,295.76975800828035,309.9358860336903,1499.1204986862272,47.06705809730838,102.20909008203411,2.2377028797270593,13.050421623843942,60.83357163730333,0,2026-09-22 23:22:54
2026-09-22 18:45:00,CNC-03,H,299.54476977984507,314.35735782222395,2183.2703070389043,33.6259057069378,198.1805172469917,3.319634749058135,13.720469765941344,50.91032426299545,0,2026-09-22 23:22:54
2026-09-22 07:02:00,CNC-02,M,296.03886856154617,310.60974522313137,1720.8471485002246,42.750506835156045,106.9767064437935,2.3972008356072734,13.555307261522705,61.57411881917467,0,2026-09-22 23:22:54
2026-09-22 19:38:00,CNC-03,H,299.84343390621126,312.85386260722055,2290.0727681055446,25.980425288543866,24.300097902660657,2.856352830270765,10.852691267725765,48.084290820134406,0,2026-09-22 23:22:54
2026-09-22 05:41:00,CNC-02,M,296.0211831482475,311.29513806417623,2067.990883622011,37.331601869952934,239.35055558576033,3.7216281149617143,14.332145857432508,61.911669536467,0,2026-09-22 23:22:54
2026-09-22 15:54:00,CNC-01,L,298.8269975003472,312.59749439560363,1540.4084703579178,42.630306015132085,74.87563861731873,2.216093745060544,12.084701808203308,55.71248431223439,0,2026-09-22 23:22:54
2026-09-22 17:11:00,CNC-01,L,299.63565497728877,314.2277777648398,1911.4959179592379,39.042272957087526,184.78520211775998,3.1135152084646323,14.010325471351498,51.20192369902054,0,2026-09-22 23:22:54
2026-09-22 01:31:00,CNC-01,L,298.5273439363167,311.0480758272318,2687.0469597677275,17.387764872365228,154.52844097529413,3.5600113987262922,8.942263108766785,56.99938773071098,0,2026-09-22 23:22:54
2026-09-22 13:18:00,CNC-02,M,24.26859687402066,39.9811043582809,1463.7120161168154,54.12813547890702,214.17564916575293,2.881151818117037,15.004644250390278,55.109319033646,0,2026-09-22 23:22:54
2026-09-22 01:30:00,CNC-02,M,298.1288680971684,310.82859648510447,2667.0427130444564,17.42216320753827,161.70211840731224,3.5707512668778345,8.851342204016282,55.429448197016065,0,2026-09-22 23:22:54
2026-09-22 09:53:00,CNC-02,M,296.1276861365507,310.7555001931949,1448.910581003426,51.64639325946818,137.39564573523396,2.245188681340144,14.28258370374579,60.84233307083945,0,2026-09-22 23:22:54
2026-09-22 10:40:00,CNC-01,L,296.43621110478733,310.69785655175514,1406.9745379942171,53.85516402263386,48.682970153705,2.03420008496362,14.339658641400186,56.11225259000935,0,2026-09-22 23:22:54
2026-09-22 17:07:00,CNC-02,M,305.2669679142666,313.83542851751366,1793.3182569635596,41.08803959804593,119.73654304676944,2.589341675551221,13.862466117056995,41.64992109660522,0,2026-09-22 23:22:54
2026-09-22 20:55:00,CNC-03,H,299.4906762190622,313.0134759593705,2368.437691401416,24.81011250779043,115.168859580012,3.035611920864665,10.99348733580827,48.665786145574394,0,2026-09-22 23:22:54
2026-09-22 00:36:00,CNC-02,M,298.9230132950609,311.43412958403644,2745.990529110721,16.19057704510977,103.82981373551014,3.445173657146133,8.536599684673737,51.801642817387894,0,2026-09-22 23:22:54
2026-09-22 04:17:13,CNC-02,M,296.4617925911767,310.2246810783564,2318.775337364224,24.77690861445207,132.63667362529017,3.088517687457518,10.911531497122551,62.42335634760209,0,2026-09-22 23:22:54
2026-09-22 21:23:00,CNC-03,H,299.21693024239875,312.45513647264306,2509.4669017034707,22.48011162705613,146.7305897621567,3.304212213847152,10.544420824214221,54.24947640304877,0,2026-09-22 23:22:54
2026-09-22 03:52:00,CNC-02,M,296.58775545757027,310.05861638390513,2265.9108484420203,26.211768214196386,103.65869341181424,2.9986798494778717,10.973065392734476,56.96711491919411,0,2026-09-22 23:22:54
2026-09-22 15:13:00,CNC-01,L,298.58303490567243,312.12514694233437,1618.657999981203,43.62677565570533,13.571262328759579,2.1805912160429237,13.2872344098306,50.855440999250945,0,2026-09-22 23:22:54
2026-09-22 04:14:00,CNC-01,L,297.2449672331329,310.56472490217,2329.822616117584,24.89844939168668,121.23492713613852,3.1236845338260895,10.763006686382095,50.948127090714266,0,2026-09-22 23:22:54
2026-09-22 21:01:00,CNC-01,L,299.6579982278567,312.1614782170294,2489.6240543349463,20.742578348714787,36.9040865860489,2.952516056961972,9.855657052407578,54.93669404786451,0,2026-09-22 23:22:54
2026-09-22 14:01:00,CNC-03,H,297.73124779520424,311.6788133400082,1317.9388732343589,53.158371103553655,42.33025731119907,1.8851707212828934,13.145631738726612,54.073216783428975,0,2026-09-22 23:22:54
2026-09-22 03:50:00,CNC-01,L,297.67934647957077,311.74027396003646,2406.0187379620006,28.146410825222148,92.45734833527983,2.9639919610847034,12.726420735650201,56.574268229767135,0,2026-09-22 23:22:54
2026-09-22 19:16:00,CNC-02,M,,314.3974102770556,2206.485425183977,28.88104495772926,63.620037623783745,2.869523264979412,12.09007196587901,53.21187135936232,0,2026-09-22 23:22:54
2026-09-22 21:58:00,CNC-02,M,299.7681465514928,312.39669708861385,2652.2599769556105,17.26510292097741,46.72671535975168,3.081288923985574,8.64617169936319,49.69043328195941,0,2026-09-22 23:22:54
2026-09-22 11:46:17,CNC-02,M,296.8149781336428,310.98783307298464,1391.1397814931556,51.36284829325055,66.62635985621101,2.170173291810629,13.467929576834774,55.13830053091587,0,2026-09-22 23:22:54
2026-09-22 11:36:00,CNC-03,H,296.58063583451934,310.45182179575744,1394.2402828202573,50.42944263621568,30.236841310845787,2.140600311178708,13.046760829758178,58.738284882861976,0,2026-09-22 23:22:54
2026-09-22 11:59:00,CNC-03,H,297.0026740203965,311.1451080347483,1385.303212546105,52.4258432853079,66.78903708664932,2.0840639189153385,13.471203548810173,57.76784778894174,0,2026-09-22 23:22:54
2026-09-22 22:00:00,CNC-03,H,299.2587362234945,312.80599456184575,2466.8333374897643,23.527810207836133,188.11125878841304,3.3666315013122725,11.08760922952415,53.52884895357537,0,2026-09-22 23:22:54
2026-09-22 11:15:00,CNC-01,L,296.9210550485097,311.1476341390045,1455.6402845506682,49.403929751494665,103.9218879304326,2.2610203855398714,13.041114026085648,55.18457377236994,0,2026-09-22 23:22:54
2026-09-22 05:00:00,CNC-01,L,302.2388664405953,310.299970106268,2234.193134948804,28.05009759519653,177.93037946257246,3.4670531822565582,11.781747743398002,44.23821442346812,0,2026-09-22 23:22:54
2026-09-22 14:07:00,CNC-02,M,298.0576897191236,312.1855047549205,1531.180497942977,43.8477884833973,67.58652220889869,2.3127361392472494,12.664006965725976,52.18740835720403,0,2026-09-22 23:22:54
2026-09-22 09:55:00,CNC-02,M,296.32368452738797,310.6699277032464,1366.0385507334179,51.397471783704574,140.5481262762615,2.1863862488409107,13.165501353836651,58.76805509189113,0,2026-09-22 23:22:54
2026-09-22 12:40:00,CNC-03,H,23.891867034397592,38.79295908215437,1457.9137312049404,54.41866554986044,131.81014376568695,2.2307426065059484,14.81778476034057,53.85130760989867,0,2026-09-22 23:22:54
2026-09-21 23:39:00,CNC-03,H,298.9094623147016,310.77700838196535,2759.676996723913,15.187115671643955,76.62040402938698,3.323508284394876,7.876541085569007,56.149404346821555,0,2026-09-22 23:22:54
2026-09-22 01:20:00,CNC-01,L,298.48213729216974,310.68973716770614,2615.0777648620874,17.58290850926657,142.84501936257774,0.0,8.541598826486988,56.606826854156935,0,2026-09-22 23:22:54
2026-09-22 04:41:00,CNC-03,H,296.2386473038312,310.9525310462287,2269.072274817134,31.909756872042657,193.62410276563028,3.346352640384644,13.371601365364866,54.04034979766411,0,2026-09-22 23:22:54
2026-09-22 20:00:00,CNC-03,H,299.5507108983095,311.7562502129676,2337.554262923955,21.232418448295704,51.01379563385953,2.8864329647466174,9.576780375812312,49.388603941928295,0,2026-09-22 23:22:54
2026-09-22 13:39:00,CNC-02,M,297.8143308901566,311.87056878238275,1395.8329464568028,50.257115526663355,23.779953883156598,1.9802184093118944,,57.21664433585629,0,2026-09-22 23:22:54
2026-09-22 22:45:00,CNC-02,M,299.6552367845156,311.9462230925434,2786.288179563074,14.09454730580536,97.94649529911862,3.422291297723528,7.41342203077465,48.0056549241237,0,2026-09-22 23:22:54
2026-09-22 10:55:00,CNC-03,H,296.7254245924877,311.58871770921,1352.9780501892865,54.628643032838305,222.96387876746076,2.705990780380152,14.00034741421451,56.7384776658081,0,2026-09-22 23:22:54
2026-09-22 15:47:00,CNC-02,M,298.8274850612385,312.99856921318064,1682.9103740276469,0.0,4.465723494813543,2.3332048194804864,13.724976332275746,52.86554717365505,0,2026-09-22 23:22:54
2026-09-22 07:10:00,CNC-02,M,296.06950343048254,310.37672201042255,1784.5299437688275,38.417966863361826,118.20695214180066,2.424064755268401,12.543604385712399,57.81790275543871,0,2026-09-22 23:22:54
2026-09-22 09:27:00,CNC-02,M,296.39409115646174,310.9006555427349,27344.644176460362,46.23674669831439,96.89221000083062,2.23704372173976,13.718009346561683,57.254869247460995,0,2026-09-22 23:22:54
2026-09-22 00:25:00,CNC-01,L,298.92754407160135,310.9231925354866,2775.5045015551814,15.03591567197709,83.89301060600984,3.272381086844899,,54.63336349263065,0,2026-09-22 23:22:54
2026-09-22 13:15:00,CNC-01,L,24.511843017437343,39.230200039525016,1480.736907384681,53.489576163177446,66.69478837635496,2.1053861403459795,14.8328556010332,57.2878594317067,0,2026-09-22 23:22:54
2026-09-22 19:15:00,CNC-02,M,300.5578887867175,314.31721150534065,2242.945649732232,29.23423743200193,62.37439395243633,2.779159093103207,12.242985493517647,50.18114576385642,0,2026-09-22 23:22:54
2026-09-22 12:19:00,CNC-03,H,297.0481484922502,310.89227085995515,1301.0473178422085,51.77246274265973,98.61056981690659,2.0211007948304434,12.83489198603054,51.40883676394613,0,2026-09-22 23:22:54
2026-09-22 18:37:00,CNC-02,M,300.42289697041633,313.94066433321325,2166.693855077814,27.84817640635199,14.33633987647201,2.8623887987742056,11.517957177569905,56.13294683218485,0,2026-09-22 23:22:54
2026-09-22 05:01:00,CNC-03,H,296.4115507688315,310.39665773271355,2166.518961712716,27.840907579398454,218.51718426142972,3.5005713554697286,11.055688593909075,55.04957548623243,0,2026-09-22 23:22:54
2026-09-22 20:58:00,CNC-02,M,300.1523306036833,314.4317125015762,2472.466851295343,24.493218366344415,184.69691955724412,3.4194771629442946,11.361222254632226,49.80942326296499,0,2026-09-22 23:22:54
2026-09-22 14:00:00,CNC-03,H,297.82521708466936,312.4185043832764,1515.6380967515117,51.75169540546041,40.73288622582085,2.1969234997132427,14.455790655514702,53.043944448501556,0,2026-09-22 23:22:54
2026-09-22 07:38:00,CNC-02,M,296.082741357657,310.40277031186275,1696.9063013788132,38.90494670033,157.8129549751945,2.6673799818542525,12.563745683588397,55.39687337125794,0,2026-09-22 23:22:54
2026-09-22 01:17:00,CNC-03,H,298.4099467455847,310.9201610824368,2639.75855666445,16.55718481908234,181.11204126483278,34.48569301406588,0.0,58.00738182457871,0,2026-09-22 23:22:54
2026-09-22 19:01:00,CNC-03,H,299.2891324947197,313.89468034236523,2264.0871539570526,31.345306610664753,218.51417593695146,3.5344188946386823,13.088751021361741,47.60285690536907,0,2026-09-22 23:22:54
2026-09-22 23:02:00,CNC-03,H,298.7252548236673,310.23922300223063,2684.1554292740266,15.36625012463928,0.0,3.2227925842237934,7.647252827546658,56.48567028907861,0,2026-09-22 23:22:54
2026-09-22 17:13:00,CNC-03,H,299.1689740253902,313.5745108436293,1682.4562225586906,44.90069456642782,75.42478583534913,2.4002713775543345,13.952157742039473,53.50173300087692,0,2026-09-22 23:22:54
2026-09-22 11:54:00,CNC-02,M,296.6525920483838,310.7650572017387,1450.395226133529,47.52467367599834,80.90736771143793,2.1563251476953105,12.561730542945243,57.57984325060226,0,2026-09-22 23:22:54
2026-09-22 16:57:00,CNC-03,H,298.60846566676946,312.04638904609715,1873.7810959358908,35.71252221135407,52.97133590476964,2.504303979775017,12.193160874320712,51.15322745262155,0,2026-09-22 23:22:54
2026-09-22 00:46:00,CNC-03,H,298.6493702124407,310.44271928178324,2799.652911258592,13.92244311205772,147.95720511349103,3.51607613705514,7.318279229361421,50.146576018869396,0,2026-09-22 23:22:54
2026-09-22 03:19:57,CNC-02,M,296.94853224978476,309.7107945543371,2476.348771024231,19.815166010841985,64.9089993638896,3.022844249286291,9.006767979609508,54.33165188333045,0,2026-09-22 23:22:54
2026-09-22 18:35:00,CNC-02,M,300.3355359318639,313.7097324841999,2107.008627215627,29.48462050401291,11.792228957143777,2.6891210325874235,11.44175026754246,50.623171127328455,0,2026-09-22 23:22:54
2026-09-22 01:11:00,CNC-02,M,298.07095007861057,310.479140857728,,15.65011886819294,141.2297856420172,3.4176401892706276,7.703706892657021,52.79284131735375,0,2026-09-22 23:22:54
2026-09-22 22:35:00,CNC-02,M,299.5110646589835,312.277856735784,2758.3995207970975,16.910756120570614,87.11953152784788,3.3345450036114146,8.680490537398349,52.683735226799065,0,2026-09-22 23:22:54
2026-09-22 00:26:00,CNC-01,L,298.7550028486348,310.896620711294,2840.0138213683804,16.615987927163072,84.92746479336898,3.516092993889451,8.742710608448904,55.3659759560509,0,2026-09-22 23:22:54
2026-09-22 00:20:00,CNC-03,H,298.51539213944227,310.78320676570456,2702.6620886384226,16.432108852630986,120.14832762425978,3.4046109216865954,8.27221520461191,51.92740344806427,0,2026-09-22 23:22:54
2026-09-22 03:03:00,CNC-03,H,296.79561346891796,309.1304896272242,2406.908090287082,20.444776842064734,77.45596311780005,2.970660724765946,9.150200641909937,57.546891786423046,0,2026-09-22 23:22:54
2026-09-22 04:39:00,CNC-03,H,296.16234844767905,310.1474789207423,2372.8944915210054,26.916340522733012,191.1488522585104,3.431492408771421,11.79546645199982,63.67148094247801,0,2026-09-22 23:22:54
2026-09-22 10:15:00,CNC-02,M,296.0922655677811,310.9129275866869,1454.8438723030877,51.859002132530485,171.705397573328,2.4333159901867973,14.22017248455652,57.61236059013174,0,2026-09-22 23:22:54
2026-09-22 13:24:00,CNC-03,H,24.013578684938352,38.822721013188925,1360.527107056261,53.81805864996369,201.25112719992637,2.6099745979806945,13.828895079605426,56.195350132642815,0,2026-09-22 23:22:54
2026-09-21 23:40:00,CNC-02,M,299.0388774798061,310.07435006715446,2757.589854533192,12.057786420800104,44.11452604253593,3.2382620643723636,6.221650706035462,52.15742768741672,1,2026-09-22 23:22:54
2026-09-22 11:11:00,CNC-03,H,296.9589985801562,311.62622537156506,1251.9430969489151,55.46714607286289,248.231103211033,2.9728374647121822,13.019280978784185,55.8987510214808,1,2026-09-22 23:22:54
2026-09-22 02:53:00,CNC-02,M,297.1603284548977,309.6295858805679,2456.4777450948804,21.284986378752816,34.98863824380173,29.295838278269063,10.054535550813004,58.48729546495318,0,2026-09-22 23:22:54
2026-09-22 03:37:00,CNC-03,H,296.7058454078989,309.52588847531825,2464.9004433044925,21.315742183865044,116.7032663759624,3.0875955908134527,9.976892080282516,56.46209226691558,0,2026-09-22 23:22:54
2026-09-22 14:05:00,CNC-02,M,298.12867386989046,312.3942995590873,1443.2873794517363,49.19942033913169,64.4879866950459,2.1099421861841363,13.103823289779786,52.94042349126138,0,2026-09-22 23:22:54
2026-09-22 13:19:00,CNC-01,L,24.714359962048434,39.017411391942574,1464.2340631904808,49.05826740329373,73.01450540798312,2.2347269964456036,13.355199930814965,57.149730077091725,0,2026-09-22 23:22:54
2026-09-22 06:49:00,CNC-03,H,296.051131360693,310.1030543822488,1810.0899154183983,38.235318061259335,107.34924911402449,2.3963994142234966,12.89590084164464,59.19265906911961,0,2026-09-22 23:22:54
2026-09-22 02:14:00,CNC-02,M,297.56168539502704,311.480605088247,2605.222937962225,23.022747218820207,209.42661472096032,3.84173411800943,11.30753057364635,50.01067331991006,0,2026-09-22 23:22:54
2026-09-22 09:20:00,CNC-01,L,296.2805201534888,310.73927121490425,1481.5892677167585,49.427566104788085,142.06334590307407,2.4424040027424616,13.769936458017108,57.26583008037502,0,2026-09-22 23:22:54
2026-09-22 13:55:00,CNC-01,L,298.0440829758387,312.1958072981006,1353.0963065677743,52.200241853510974,129.64965265470238,2.236218066517038,13.452948854530348,52.33944406925971,0,2026-09-22 23:22:54
2026-09-22 00:48:00,CNC-02,M,298.3335361189996,309.9760296262262,2746.216182466955,13.15253584466753,116.68943384099656,3.485927923711412,6.777491176480911,56.635678783936285,0,2026-09-22 23:22:54
2026-09-22 19:42:00,CNC-01,L,299.99254084301447,313.93963122535695,2298.0106473804617,27.820045053706572,6824.635448165267,3.456474570772787,11.795993728092945,54.666500852278105,0,2026-09-22 23:22:54
2026-09-22 02:44:00,CNC-03,H,302.8884442992909,309.0702897101448,2447.1077755435194,19.453825454110266,56.114324248918166,3.0721927021827193,8.940241172267777,44.36903752176483,0,2026-09-22 23:22:54
2026-09-22 19:27:00,CNC-03,H,299.84474883034704,312.4725871255264,2334.5325690424092,23.718932339973364,11.04672000555014,3.016105416701391,10.386131186465242,54.33498727141621,0,2026-09-22 23:22:54
2026-09-22 09:45:00,CNC-03,H,296.05437068046956,310.43719207884516,1548.7630044947384,47.583375318823656,113.15087702764335,2.2778996166022187,13.938346433177443,57.681997666133746,0,2026-09-22 23:22:54
2026-09-22 22:58:00,CNC-02,M,299.329515765271,312.9731327026424,2593.615816251428,21.908747910896736,111.94917470537783,3.2854986079681865,10.930194340954078,52.65300687049696,0,2026-09-22 23:22:54
2026-09-22 13:42:00,CNC-03,H,297.26783451276253,311.0440463684773,1402.4877017507613,49.8525268171248,12.57653838366357,2.1131368954678464,13.053976781182818,55.488716659341755,0,2026-09-22 23:22:54
2026-09-22 03:22:00,CNC-03,H,296.8057868495482,309.8662626780841,2497.4963995321405,22.579548016968072,99.30794179348355,3.11890045347334,10.45917085223363,56.747692475635596,0,2026-09-22 23:22:54
2026-09-22 07:22:00,CNC-01,L,296.3920582777005,311.0061152320504,1786.5539668023398,41.3747667917797,165.6463450968313,2.816300929578093,13.717698777356723,60.69423504031033,0,2026-09-22 23:22:54
2026-09-22 07:14:12,CNC-03,H,296.0598468004018,310.4130293857694,1695.4488755039613,42.800195006072116,142.53952804262022,2.5066778891529715,13.60659289122574,59.50449350168226,0,2026-09-22 23:22:54
2026-09-22 08:03:00,CNC-03,H,295.6817031242274,311.2649247549562,1821.7154871741798,45.27547409354192,213.2713034655193,3.148903531404767,15.703966678423685,55.810121584256024,0,2026-09-22 23:22:54
2026-09-22 06:47:00,CNC-01,L,296.5024465102807,311.28194781014076,2003.9959776936214,38.44589244280148,116.43750710755893,2.7781637351517285,14.383501848571218,58.50748744855913,0,2026-09-22 23:22:54
2026-09-22 21:18:00,CNC-03,H,299.4610875907307,312.3127889027352,2404.3800287919285,20.739721891145738,141.06606828200472,3.0581547813907055,9.577758345428196,50.47233350555231,0,2026-09-22 23:22:54
2026-09-22 22:19:00,CNC-02,M,299.34069080131985,311.52376092625485,2785.664968195308,14.05662441887341,69.76429147758041,3.3499610548873466,7.17566265453926,48.40458931951165,0,2026-09-22 23:22:54
2026-09-22 10:44:00,CNC-03,H,296.3919071474268,311.3325172739423,1418.0459420018376,53.489959066465254,205.58208526136977,2.659748550353808,14.421669912401274,59.917880396969565,0,2026-09-22 23:22:54
2026-09-22 18:24:00,CNC-01,L,26.755821286895582,40.36234728582406,2105.147159291705,30.5865261960851,80.20133499990241,2.7937395814307457,12.085087283623254,51.32000741993981,0,2026-09-22 23:22:54
2026-09-22 23:02:00,CNC-01,L,298.9789254473464,311.6437208425186,2634.4821171342865,17.977406494323265,169.37761008626197,3.7182001664419495,8.747783309389868,53.582030348581014,0,2026-09-22 23:22:54
2026-09-22 22:32:00,CNC-03,H,299.1344699662254,311.7797292095977,2608.7583975916837,16.436496000624988,222.9313975419377,3.9064072653025534,7.934598352406624,52.473350025352445,0,2026-09-22 23:22:54
2026-09-22 00:00:00,CNC-02,M,298.91687472610795,310.8682673283749,2665.1104473114397,16.070592445747224,65.39027750144987,3.1811360633947214,8.110668455048392,50.05894329563831,0,2026-09-22 23:22:54
2026-09-22 01:00:00,CNC-03,H,298.3754429300897,310.69412900055835,2610.0740902828143,15.61007115528654,162.83091392019963,3.4836945767279226,7.497038565960438,52.8861236918419,0,2026-09-22 23:22:54
2026-09-22 17:23:37,CNC-01,L,26.394434727665043,39.86361786242878,1856.9513957495546,37.034736681453,0.0,2.5144001268261595,13.060524466401544,50.71130598415885,0,2026-09-22 23:22:54
2026-09-22 06:35:00,CNC-02,M,295.8232929850889,310.83062143995926,1943.7056041234566,41.3092704881633,69.57559931912594,2.6481662354490494,14.813042102515295,59.313731660629294,0,2026-09-22 23:22:54
2026-09-22 10:52:00,CNC-01,L,296.76957816894475,310.76510015463117,1344.7375287958423,49.85901165820649,67.65794528002488,1.9532782446921506,12.188642115681848,55.76829851524375,0,2026-09-22 23:22:54
2026-09-22 16:31:00,CNC-01,L,299.2897363054121,313.05474563472467,1745.3263142335206,35.40616695558902,128.50543080512006,2.6037187492203078,11.522869247276077,51.00399112236873,0,2026-09-22 23:22:54
2026-09-22 13:31:00,CNC-02,M,297.49841056839756,311.65230385877067,1437.3790275129081,50.203675851539195,11.088027012002573,2.125271429730858,13.389054008912698,55.01471963664423,0,2026-09-22 23:22:54
2026-09-22 15:38:00,CNC-01,L,298.52805690571984,312.33580717626194,1579.3453211100616,,51.04787261104377,2.2324340618176586,12.871616396333923,55.67465267779631,0,2026-09-22 23:22:54
2026-09-22 11:17:00,CNC-01,L,296.78078560573067,310.7656878431658,1374.4798163721623,48.06613098957683,107.10315087560159,2.2785462241451135,12.425958596920575,54.333876770822606,0,2026-09-22 23:22:54
2026-09-22 21:57:00,CNC-02,M,299.7891376709986,312.3846775337971,2610.341034272829,18.009251419094554,45.648834769168865,3.091461939438851,8.52341576301234,54.88103774784692,0,2026-09-22 23:22:54
2026-09-22 03:26:00,CNC-01,L,297.86264286138345,310.79739972327263,2460.8846494785325,21.8569412045223,64.04241202291847,3.0411652523017203,10.117403014752444,53.30345214584611,0,2026-09-22 23:22:54
2026-09-22 17:44:00,CNC-03,H,26.64976672819398,40.42468510410788,1911.9865136685785,33.738742263048,117.8934274701318,2.618245239465651,11.878421508745985,50.30017128138252,0,2026-09-22 23:22:54
2026-09-22 22:44:00,CNC-03,H,298.9719057492527,312.062458657268,2661.8613613607913,19.010321177645064,,4.1338871846135845,9.312771293001948,55.92025656565283,0,2026-09-22 23:22:54
2026-09-22 16:12:00,CNC-03,H,298.58677501144035,313.9145729518694,1683.8904135358387,45.35140854567719,240.2899677372342,30.443342870099187,14.31283019755464,54.058481607476764,0,2026-09-22 23:22:54
2026-09-22 20:06:00,CNC-03,H,,313.248443605828,2280.365858172794,28.567096840374322,58.194574377406376,2.822662490437984,11.912930610259462,54.55037360502556,0,2026-09-22 23:22:54
2026-09-22 10:02:00,CNC-01,L,296.0588115115129,310.516600587618,1333.4081498867972,53.72649913681767,207.31515593678358,2.853995856111879,13.305307584134232,58.44013828889582,1,2026-09-22 23:22:54
2026-09-22 16:56:00,CNC-02,M,305.0891970977916,314.1966119119947,1829.6944005671746,42.663267642319305,104.24166196933102,2.6041830380776942,14.829801121776907,40.506189966798786,0,2026-09-22 23:22:54
2026-09-22 17:20:00,CNC-02,M,31.950825106867512,40.62322027210007,1956.4806538159214,37.045852925718805,137.63232046654795,2.6852216350099414,13.812123122712261,43.33045659789668,0,2026-09-22 23:22:54
2026-09-22 18:08:00,CNC-01,L,26.519804057630097,40.54914225080188,2055.430209224621,33.9410309994332,59.053428902383956,2.547959984516709,12.831426694522746,51.52886106257323,0,2026-09-22 23:22:54
2026-09-22 10:28:00,CNC-03,H,296.19070966227747,311.2264467344397,1323.8636231129276,58.02067353848516,180.37752966697067,23.04616234450602,14.592396961418368,53.17744883666336,0,2026-09-22 23:22:54
2026-09-22 18:18:00,CNC-03,H,26.163769344997775,40.67563768596432,2091.9092642928626,34.55464437771016,163.32537832453704,2.98639053795544,13.33414428718889,52.72989211566125,0,2026-09-22 23:22:54
2026-09-22 00:29:00,CNC-02,M,298.75769334329885,310.8601703209438,2651.161159492276,15.747516805394024,96.24704820412823,3.3307645102272407,7.803246783115639,50.779513499634,0,2026-09-22 23:22:54
2026-09-22 19:05:00,CNC-01,L,299.76780916781536,313.73152437635264,2373.531676739686,27.132862766379667,132.494220360714,30.440795350127615,11.957333169180083,49.236981802980154,0,2026-09-22 23:22:54
2026-09-22 09:42:00,CNC-01,L,296.3636982656322,311.2825291173252,1542.870304605453,50.86262106931808,176.11983072540127,2.780607661828994,14.949587484505878,58.84545128735425,0,2026-09-22 23:22:54
2026-09-22 10:10:00,CNC-01,L,296.2694035386199,310.0869289966412,1552.849732842603,44.72249654556506,1.5404894292785896,2.3229669798828336,13.072918082175192,59.68185306923189,0,2026-09-22 23:22:54
2026-09-22 07:22:41,CNC-03,H,295.80647169538975,310.6780400121527,1708.4062038112693,45.21955858525427,156.64053200648894,2.537757501971927,14.516516862120534,62.116754804964714,0,2026-09-22 23:22:54
2026-09-22 09:18:00,CNC-03,H,295.7710888244779,310.1264094160493,1719.86964176035,43.28171033574036,71.41165209151657,2.4138162430327035,13.86370568155819,58.34666824923567,0,2026-09-22 23:22:54
2026-09-22 00:02:00,CNC-03,H,299.04473963220374,312.03221910104014,2661.957203791859,20.1601784047956,101.12045876306605,3.1953551251858396,9.938251282694006,58.05317990923468,0,2026-09-22 23:22:54
2026-09-22 03:58:00,CNC-01,L,297.27726136771867,310.41918270913186,2367.485396812722,23.659145890586224,101.96891109945831,3.096195294751779,10.478089273759084,54.734360923849295,0,2026-09-22 23:22:54
2026-09-22 01:24:00,CNC-03,H,298.0489830685139,311.28712095851887,2647.6830605497394,19.18032606535255,188.7011547255867,3.683261445705698,9.499843862032366,54.233480073205165,0,2026-09-22 23:22:54
2026-09-22 06:22:00,CNC-03,H,295.88579491643867,310.27700725126965,1957.8957482227233,37.704418021447125,70.03864812384602,2.6234263504368625,13.801351964979837,55.98295696318801,0,2026-09-22 23:22:54
2026-09-22 10:17:00,CNC-03,H,296.0967173515692,310.63852817366313,1380.072068370659,50.84054944473851,163.05897654584876,2.3974711332241836,13.126142809013574,57.10758395895889,0,2026-09-22 23:22:54
2026-09-22 19:33:00,CNC-01,L,299.7235678086456,314.2721096303136,2173.3469903512023,32.49451356705748,167.29700899606092,3.2364538586435456,13.238603417158878,53.84676087607204,0,2026-09-22 23:22:54
2026-09-22 04:40:00,CNC-03,H,296.3028659432514,310.66367928871097,2220.57139397134,31.026249676810444,192.37871868595832,3.273909459656609,13.038926601653362,56.64156924276409,0,2026-09-22 23:22:54
2026-09-22 18:28:00,CNC-03,H,299.6443830682174,314.29511420429344,2032.028119768939,36.44887500034118,176.35685605266573,3.033688387512178,13.807178484835699,50.10251856951443,0,2026-09-22 23:22:54
2026-09-22 09:12:00,CNC-02,M,296.06966448629385,310.7834335691652,1457.6022929942312,51.43393887491693,74.05550970735142,2.13503617803824,14.15133353826372,57.43350252686829,0,2026-09-22 23:22:54
2026-09-22 09:46:00,CNC-03,H,296.0058363528649,310.9860122509723,1604.083242162696,49.65196350372582,114.69498820514421,2.353892944213616,14.642331845981657,54.50212272669108,0,2026-09-22 23:22:54
2026-09-22 16:16:00,CNC-02,M,299.47654774592405,313.7207177017376,1682.9285778731826,42.37803299699042,47.13427068319807,2.4039940856653956,13.478659808961583,55.590914040543325,0,2026-09-22 23:22:54
2026-09-22 09:24:00,CNC-01,L,296.03514582987924,310.79632349371644,1405.7259238982595,53.69551506783718,148.2692299694596,2.3754290420747344,14.721710477350035,59.91082000773038,0,2026-09-22 23:22:54
2026-09-22 06:20:00,CNC-03,H,296.1172148111222,309.86553619228823,1801.916699072414,38.43654865649455,67.34495712020826,2.4333953939917197,12.694942687253056,54.66508303861542,0,2026-09-22 23:22:54
2026-09-22 00:09:00,CNC-01,L,299.1220062465918,311.6632998742748,2568.339089357963,19.122215166823707,66.91512383504735,3.1861471717445835,9.436082512474277,52.32608508406848,0,2026-09-22 23:22:54
2026-09-21 23:46:00,CNC-01,L,,310.80954788566424,2621.117559598985,17.004260675772315,42.559956780825836,3.126069448763131,8.49397383308232,52.66149239511889,0,2026-09-22 23:22:54
2026-09-22 04:17:00,CNC-03,H,296.3836896892907,310.1143197518124,2327.4747991507656,26.314912545162972,164.09690595759028,3.0697747034445366,11.56497463445196,62.40197521657019,0,2026-09-22 23:22:54
2026-09-22 08:11:00,CNC-03,H,295.7532862631121,310.94207780146564,1741.746139461267,45.03338003564387,224.9161708088466,3.1009405156166117,14.575303550654684,59.58100186911681,0,2026-09-22 23:22:54
2026-09-22 03:07:00,CNC-03,H,296.8812714702889,309.79020758877834,2430.3216053602123,22.719602690887605,82.04136428569721,2.998987870762788,10.39596197606003,52.350422562324475,0,2026-09-22 23:22:54
2026-09-22 08:39:00,CNC-02,M,296.02819680488705,309.77517303736306,1637.2814088098057,42.37458973342141,23.886548758317087,2.2042167309135587,12.834043979651401,61.00713075127052,0,2026-09-22 23:22:54
2026-09-22 22:41:00,CNC-03,H,298.93220719460714,312.6760752428895,2622.7959645602,22.948835953646416,232.69267097036138,4.018561213528085,11.227074927517215,56.06991861872348,0,2026-09-22 23:22:54
2026-09-22 17:20:00,CNC-01,L,26.189040964294918,41.17738293831724,1957.6317537286807,37.19838984764478,197.1756549380841,32.77877783234352,13.406529085280246,49.362129817242355,0,2026-09-22 23:22:54
2026-09-22 04:15:00,CNC-01,L,297.10378873357007,310.6321753531627,2300.79717776642,26.538792380555982,122.45432918977814,3.093737793922758,11.408885448438497,58.02442198621616,0,2026-09-22 23:22:54
2026-09-22 10:07:00,CNC-03,H,296.1575306632685,310.8662264054414,1497.0859766583071,48.70380968628467,147.4244713026603,2.450830795520961,13.629027320005434,60.082420806690315,0,2026-09-22 23:22:54
2026-09-22 20:02:00,CNC-01,L,299.7274641827231,313.9328571856178,2512.487496499466,25.52988276623826,202.24660256822176,3.879254060968943,12.278177239828024,50.31812274458179,0,2026-09-22 23:22:54
2026-09-22 19:45:00,CNC-03,H,299.48002442878453,313.08002564882537,2369.6200119373198,29.41295454201245,32.91803920816858,2.825017681320005,13.053271082887338,52.568308322038924,0,2026-09-22 23:22:54
2026-09-22 11:16:00,CNC-02,M,296.2542037910801,310.1827996460218,1374.6722765099405,47.97797161330775,20.568951194764963,1.9920929164359829,12.315823509352205,58.37758271895856,0,2026-09-22 23:22:54
2026-09-22 11:31:00,CNC-03,H,296.56548189209354,309.9772137459005,1354.600898996679,48.81482438555933,22.253999687114494,1.9825119921448575,12.431527940960377,58.731893050748,0,2026-09-22 23:22:54
2026-09-22 21:29:00,CNC-01,L,299.5948606877684,312.08115578843,2502.8217906249297,18.877477880482406,68.29165115252427,3.1010233915134626,9.075392434165586,50.92671599388584,0,2026-09-22 23:22:54
2026-09-22 22:57:00,CNC-03,H,298.7706334745712,311.5425825664637,2806.575549795786,15.501061498332373,249.8764113533694,4.24825643300183,8.387146818720773,48.33278291365152,0,2026-09-22 23:22:54
2026-09-22 22:10:00,CNC-03,H,299.0258998830968,312.1575842909084,2614.9640185389208,19.150736808420376,199.19907260627994,3.710342548863442,9.258177813169256,58.49039717256232,0,2026-09-22 23:22:54
2026-09-22 12:06:00,CNC-02,M,296.8554984408805,311.7064578770044,1519.778041642212,50.75432102636138,99.90051191743244,2.2740339936453635,14.712095373009287,54.8869392537241,0,2026-09-22 23:22:54
2026-09-22 07:13:00,CNC-02,M,296.0619508649609,310.35461218157957,1941.6974200569678,35.77437906607893,122.33480167768063,2.828059869728867,12.849566920970044,58.90101241641808,0,2026-09-22 23:22:54
2026-09-22 11:57:00,CNC-03,H,296.90386225495985,310.6079087286622,1441.7366838584262,46.52068527520414,63.58903708664933,2.120319586186927,12.368581117417452,57.50161069064854,0,2026-09-22 23:22:54
2026-09-22 15:47:00,CNC-03,H,298.2180754468783,313.1750860321257,1670.5021430773736,47.208412572997226,203.58477836511548,2.8740791457772445,14.780186670159205,53.72819021557979,0,2026-09-22 23:22:54
2026-09-22 00:03:00,CNC-03,H,299.0102631566214,310.80352903134656,2792.891235837077,13.076925799403154,102.1605304967355,3.3386480550874857,6.516621449693666,53.903490734341744,0,2026-09-22 23:22:54
2026-09-22 07:05:00,CNC-02,M,296.37906801469524,310.81521038698384,1799.0314093821394,39.90796816206311,111.23542322327748,2.4959637581245575,13.267960017615914,57.286151591485165,0,2026-09-22 23:22:54
2026-09-22 17:59:00,CNC-01,L,26.759377464605507,40.58212696036577,1976.7737302886092,35.055640423534236,47.125394351478405,24.96563115577979,12.991185181564814,56.50895551691541,0,2026-09-22 23:22:54
2026-09-22 19:50:00,CNC-01,L,299.82240488381217,314.36918958340385,2314.9292949103083,30.858293941074052,187.97748032929476,3.5563921230985183,13.33443573007247,53.36817139585756,0,2026-09-22 23:22:54
2026-09-22 21:00:00,CNC-01,L,299.5037962239967,312.1152311842446,2604.5074127608177,20.222489657383587,35.764503703181596,3.046103283315418,9.779080891048986,52.23628096511918,0,2026-09-22 23:22:54
2026-09-22 03:59:31,CNC-03,H,296.18148705563686,310.223618668246,2392.4250703693665,28.146226351491205,142.47467805090173,3.1944165632028327,12.756527025553346,55.81664395528709,0,2026-09-22 23:22:54
2026-09-22 13:21:00,CNC-01,L,24.731145247683628,39.23043926643612,1507.4745430063003,51.467513193933584,76.17436883008281,2.146089895375945,14.49894878870035,57.50268904539736,0,2026-09-22 23:22:54
2026-09-22 18:55:00,CNC-03,H,299.6648075216897,314.7535750844295,1919.693917211404,40.491330802912074,210.9758237205458,3.1278522010123777,14.639909121903283,51.10950528316841,0,2026-09-22 23:22:54
2026-09-22 02:46:00,CNC-03,H,302.797882102905,308.7038104090939,43627.90007818842,16.093505946545257,58.41824803865028,30.782323223186616,7.569069937679817,48.44864620592553,0,2026-09-22 23:22:54
2026-09-22 00:02:00,CNC-01,L,299.09693638744204,310.5965630807555,2776.3319435445264,12.86562348291185,59.31100380259647,3.3207371756555415,6.661779458883365,54.99372003442991,0,2026-09-22 23:22:54
2026-09-22 16:19:00,CNC-01,L,299.09518076827,313.38265978171916,1791.5566251384444,40.11775126101825,111.28087830203724,2.5393804848850485,13.38644406156784,51.40071353875179,0,2026-09-22 23:22:54
2026-09-22 12:02:00,CNC-02,M,296.9533403595798,311.39016051381645,1374.8684800746216,52.27872163290903,93.56933152857201,1.9710952732919946,13.218207131923151,55.463612141120244,0,2026-09-22 23:22:54
2026-09-22 04:41:00,CNC-02,M,296.4954472821998,310.12454158380825,2204.1209384315566,27.023084148155558,163.18291209977042,3.2001045466643547,11.145920101672763,59.27349619884258,0,2026-09-22 23:22:54
2026-09-22 13:09:00,CNC-03,H,24.13695380758884,38.889957769038574,1329.3717314014473,55.87496801695285,,2.4810556684830614,13.756882128632704,53.436854202462946,0,2026-09-22 23:22:54
2026-09-22 01:38:00,CNC-01,L,298.5964369986277,311.4829960541661,2662.0598912178693,17.803809772152242,162.0617449483358,3.537930172345834,8.854263178711815,56.05436524470798,0,2026-09-22 23:22:54
2026-09-22 15:34:00,CNC-03,H,298.4130461585055,313.2449242084475,1492.5580052401438,50.146675816175346,184.27228370354794,2.64226421448087,14.133650111460005,53.98767030346535,0,2026-09-22 23:22:54
2026-09-22 22:22:00,CNC-03,H,299.43215371031243,312.9267155917748,2581.1480875700586,21.199017414498144,212.23188484028014,3.75337990344833,10.079732656634771,52.550634067461694,0,2026-09-22 23:22:54
2026-09-22 04:25:00,CNC-01,L,296.9883261878183,310.90770291457574,2251.8963517407315,28.455236883771793,134.49336219808504,3.078700530597951,11.911958543223752,58.712930745495676,0,2026-09-22 23:22:54
2026-09-21 23:53:00,CNC-03,H,298.97473470360075,311.12207795753125,2627.277605476123,17.040340010370763,91.56860211278818,3.137884939407204,8.152358241599439,55.65409357960782,0,2026-09-22 23:22:54
2026-09-22 22:39:00,CNC-03,H,299.1944489557078,312.44924768611025,2626.58253695821,20.345963960636553,230.51439272901416,37.85419923572191,10.112238777773154,56.75470607480837,0,2026-09-22 23:22:54
2026-09-22 10:29:00,CNC-02,M,296.14392422822687,310.7632370076644,1289.6845197831854,52.21356508965435,193.8741006091196,2.4828693269933493,12.51816884825198,57.824929349195784,0,2026-09-22 23:22:54
2026-09-22 06:15:00,CNC-02,M,296.0389151314371,310.205134214661,1880.9255423574728,38.28823606434108,42.438890410532736,2.4308754289777568,13.784188440084385,60.429587241496314,0,2026-09-22 23:22:54
2026-09-22 12:53:00,CNC-02,M,24.21695527847851,39.35942047301404,1496.0879966732582,50.206375774362314,174.59110559813217,2.586742431136252,14.03830672042207,57.59834799688391,0,2026-09-22 23:22:54
2026-09-22 14:49:00,CNC-03,H,298.1761165704144,312.79615033937364,1561.9139597078765,47.948348922485565,116.32970392954,2.2723156159327,14.440888207219587,53.13529622841447,0,2026-09-22 23:22:54
2026-09-22 04:19:00,CNC-03,H,296.5126527699542,310.54030536639226,2220.3454526952273,29.211692987176505,166.57793580318418,3.1747031465249798,12.29111073345647,63.424080056422696,0,2026-09-22 23:22:54
2026-09-22 16:41:00,CNC-02,M,305.36460511167655,313.88793997420237,1919.0336956385797,38.381430094585546,82.923146587754,2.5772842790664465,13.92952153708848,44.317698551974324,0,2026-09-22 23:22:54
2026-09-22 19:12:00,CNC-01,L,299.8371335842878,314.02295579458945,2198.85287228428,30.425874638315427,141.19898690571225,3.0252034227628513,12.511579793378393,52.58211072054462,0,2026-09-22 23:22:54
2026-09-22 02:44:00,CNC-01,L,298.2582324059443,309.77053759440275,2581.905974728363,16.61919049082231,15.747316172599342,3.067414017938405,8.08139073712337,53.305028927823,0,2026-09-22 23:22:54
2026-09-22 15:20:00,CNC-02,M,298.43891175758984,313.58136996068646,1515.2084468112416,49.07591889325714,179.28481501502483,2.5908078966645496,13.902930660252116,52.29491693928031,0,2026-09-22 23:22:54
2026-09-22 06:05:00,CNC-02,M,296.1273377879681,310.4015013787844,1898.0553219432136,37.12866470793825,29.097286682147665,2.5262454569172452,13.50722685390385,51.11926894389549,0,2026-09-22 23:22:54
2026-09-22 09:32:00,CNC-01,L,296.4924838389379,310.95897093549377,1361.4057837235732,51.71411561207404,160.71068470731655,2.4039632814684415,13.218058794744481,56.8486517920764,0,2026-09-22 23:22:54
2026-09-22 02:55:00,CNC-03,H,297.02227710615176,308.9732201215985,2591.725676816527,16.42856723987471,68.47443844971862,3.156791796480367,7.904767307855646,56.50124399347061,0,2026-09-22 23:22:54
2026-09-22 18:00:00,CNC-03,H,25.988088889259757,40.59531221889006,1926.9882764294132,38.39403635345057,139.3136909602134,2.7489494091061744,13.765483709522417,53.02245977532574,0,2026-09-22 23:22:54
2026-09-22 07:30:00,CNC-02,M,296.0256260006715,311.05397147110733,1798.4010199743025,43.95295441336888,146.46398398637905,25.94015928971234,14.875510892109682,61.11829623889704,0,2026-09-22 23:22:54
2026-09-22 01:29:00,CNC-02,M,298.05069002757614,310.7296133804106,2729.08906635638,17.288532540599423,160.63937544370813,3.5214890156967997,8.966084108665715,53.67910724042444,0,2026-09-22 23:22:54
2026-09-22 17:04:00,CNC-01,L,299.2685455783474,314.3456113269986,1925.5321483869377,41.75288919709198,175.01508532334867,3.104721235745648,14.889178945915248,55.3904570517778,0,2026-09-22 23:22:54
2026-09-22 06:50:00,CNC-02,M,296.053993931952,309.861419666126,1713.1138055687913,39.817779989065315,90.19875664190845,2.4658871117313166,12.856246632915854,61.45875628148297,0,2026-09-22 23:22:54
2026-09-22 09:58:00,CNC-01,L,296.3681891968928,310.983325567688,1427.1465142742074,51.44807805927431,201.07761761991668,2.9148510527374065,13.82607442846224,61.68408263792724,0,2026-09-22 23:22:54
2026-09-22 18:17:00,CNC-01,L,26.630278491087836,41.1437008593623,2083.379721343222,36.45327544719596,71.07044888091646,2.6926099482337906,14.561913921312485,50.436650012514534,0,2026-09-22 23:22:54
2026-09-22 01:11:00,CNC-01,L,298.66292017907733,310.5718272306655,2743.025101651359,15.066873103180908,133.1067676607395,3.5431805389425453,7.6326160629499,55.369473819454164,0,2026-09-22 23:22:54
2026-09-21 23:34:00,CNC-01,L,299.23152300244084,310.3451522954419,2730.2203484077377,12.408013336240137,29.697484844400165,3.175453955630777,6.504693751741824,51.817457217155976,0,2026-09-22 23:22:54
2026-09-22 18:25:24,CNC-03,H,299.5852498064491,314.7421133584853,2019.4023944360943,39.014815236834586,173.73282292850476,2.883425850020326,14.873894613446694,52.73254320079068,0,2026-09-22 23:22:54
2026-09-21 23:46:00,CNC-03,H,299.14179515507044,311.3843123670383,2638.8948204171515,16.741743553271117,84.14423029692115,3.1728515758746014,8.124405577043344,54.065393102782046,0,2026-09-22 23:22:54
2026-09-22 11:07:00,CNC-01,L,296.8125518441412,311.112113865011,1425.2254508246685,50.74793007208,91.24468922363975,2.1634577057925366,13.378708297964225,55.634918967206914,0,2026-09-22 23:22:54
2026-09-22 02:03:00,CNC-01,L,298.287472649546,311.65923292764165,2478.807368978435,21.917879317992686,189.38347249998887,3.6378692042086893,10.18238732650107,53.28826686244763,0,2026-09-22 23:22:54
2026-09-22 06:43:00,CNC-03,H,296.1644660495955,310.5610288754167,1892.0392923342265,38.537414332838615,98.94182553037506,2.5264316592269447,13.537828941514134,54.78886784492919,0,2026-09-22 23:22:54
2026-09-22 06:35:57,CNC-01,L,296.16211832166505,309.86945670843556,1776.2249236596763,37.5724184267362,101.19575827522348,2.494387937146142,12.549612548467534,58.273838669020975,0,2026-09-22 23:22:54
2026-09-22 07:08:00,CNC-02,M,296.3412649953555,310.6430342483472,1929.1386019755578,35.833626013111086,115.4043583254575,2.6615433011813128,13.001214835729684,57.739778275024406,0,2026-09-22 23:22:54
2026-09-22 01:11:00,CNC-03,H,298.08567546908387,310.71788917425334,2625.478440198701,18.008497416201113,174.70165039213313,3.60726708887286,8.751360443464202,52.394310910872235,0,2026-09-22 23:22:54
2026-09-22 07:01:00,CNC-02,M,296.0540419190244,310.43149978240217,1889.7743400128286,38.74496146461081,105.54636174918728,2.6066840027733877,13.90342276369235,59.01912513321929,0,2026-09-22 23:22:54
2026-09-22 07:19:00,CNC-03,H,296.05432118987125,310.3590611407148,1752.0426049962186,39.81717769382019,149.58498600924926,2.6636259094499968,13.322415290994075,62.548073326308355,0,2026-09-22 23:22:54
2026-09-22 06:56:00,CNC-02,M,296.00791762863827,310.7549392948527,1887.1772351584232,40.57557973654104,98.52257425901621,2.670464739769293,14.340667359429744,59.2684654523642,0,2026-09-22 23:22:54
2026-09-22 01:34:00,CNC-01,L,298.65343293057657,310.97357180087283,2595.100160668544,15.805957447090343,157.77276768222643,3.6359055261617255,7.741118542047766,52.99533397859171,0,2026-09-22 23:22:54
2026-09-22 16:43:00,CNC-01,L,299.29385072541595,314.270651936097,1846.4278122369722,42.85535014404387,145.6303185892374,2.756595408419376,14.880618927738412,48.333714010996,0,2026-09-22 23:22:54
2026-09-22 16:09:00,CNC-01,L,298.96246993508913,312.94249512823956,1727.6143363765395,39.64857717956761,96.77208162299858,2.509287469983821,12.867944666414553,53.17164860327231,0,2026-09-22 23:22:54
2026-09-22 09:32:00,CNC-03,H,295.8604131401376,310.5850927090597,1567.8500371741268,49.22094627312161,92.89740476243851,2.2843226852505896,14.505084695138619,60.79110500696618,0,2026-09-22 23:22:54
2026-09-22 00:39:35,CNC-02,M,298.5618886132589,311.2418940393939,2563.6732993310584,18.066216571937584,109.1897414658342,3.2724156454834117,8.512487435877352,52.13221247685363,0,2026-09-22 23:22:54
2026-09-22 09:06:00,CNC-01,L,296.17996097559694,310.3459268597961,1541.1488311653745,47.127683695682855,120.5466058488474,2.4788576049321134,13.378739433831432,53.805392058300285,0,2026-09-22 23:22:54
2026-09-22 13:59:00,CNC-01,L,298.04435884771925,312.0630102479935,1308.1328890418376,54.127175287923805,135.89004289713822,2.2150129417569033,13.178960412780347,55.17404693602359,0,2026-09-22 23:22:54
2026-09-22 19:35:00,CNC-03,H,299.55611440007027,312.16175687902734,2400.6240652034116,22.1590875626049,20.673526484826624,29.34015041370837,10.03268159864075,50.009547579121325,0,2026-09-22 23:22:54
2026-09-22 14:56:00,CNC-03,H,298.0613165791785,312.52434694296824,1474.3393327633696,48.66836733583541,127.10436857749954,2.2296001577825018,13.381488584262723,54.177681451641156,0,2026-09-22 23:22:54
2026-09-22 20:19:00,CNC-03,H,299.3405632246789,312.17202880256025,2409.794293901435,21.131340472094298,73.52080457973925,3.09030144177822,9.533985733267885,52.46940038805559,0,2026-09-22 23:22:54
2026-09-22 01:42:00,CNC-02,M,297.9263629887173,311.42018111527466,2647.8007563028605,20.139235317359798,174.60394539411882,3.605338455853534,9.832501974737575,52.25242480691517,0,2026-09-22 23:22:54
2026-09-22 02:16:00,CNC-02,M,297.5024707679624,310.9046822084981,2463.7524039943482,20.367095395158913,211.70635207929155,3.848033310992398,9.55282454686081,51.3600230722024,0,2026-09-22 23:22:54
2026-09-22 20:04:00,CNC-03,H,299.52386842873784,311.8358311624006,2405.831814867571,19.765299282120285,55.83573686238604,2.901121872830778,9.144333349597126,51.62610136926638,0,2026-09-22 23:22:54
2026-09-22 07:30:00,CNC-03,H,295.6384934111216,311.0747865012477,1795.5976623601769,46.58020828415294,165.35298349721958,2.590201093646274,15.50320697284684,61.474778066903994,0,2026-09-22 23:22:54
2026-09-22 10:39:00,CNC-02,M,296.39932705378334,311.7315229293957,1484.8968934977804,53.08538751243715,209.71591075124383,2.7705863756840685,14.861490864463336,55.77462851073787,0,2026-09-22 23:22:54
2026-09-22 02:29:00,CNC-01,L,298.25664787187094,310.91885912326103,2672.415098928449,16.38066608821491,218.18526235306268,4.184108567476826,8.275918935908358,54.33666825421515,0,2026-09-22 23:22:54
2026-09-22 13:15:00,CNC-03,H,24.06208978573119,39.26183890460078,1422.5206761328013,54.67229049774535,187.02985679155174,2.586195091178226,14.728422479396338,60.1318213263044,0,2026-09-22 23:22:54
2026-09-22 14:09:00,CNC-03,H,0.0,311.54327445757883,1562.8286659521502,,54.729183715945446,2.2431825756386563,13.45013126404767,56.483967644208676,0,2026-09-22 23:22:54
2026-09-22 09:32:00,CNC-02,M,296.42446798241815,310.63193193185606,1370.2552232694616,50.921275445925076,104.67127398402964,2.1686720251133647,13.168990683325754,53.700981254758574,0,2026-09-22 23:22:54
2026-09-21 23:37:00,CNC-03,H,299.07468799760846,309.95055619123127,2649.034400641,11.74242462573714,74.53607695597945,3.184119837466792,5.7498508472735965,48.40727636862118,1,2026-09-22 23:22:54
2026-09-22 16:25:00,CNC-02,M,299.390740060123,313.60958987275,1707.5305026837177,41.752303764763184,60.21732000507545,2.3594654752748365,13.24186248098081,52.2597081877264,0,2026-09-22 23:22:54
2026-09-22 04:13:00,CNC-01,L,296.9700684450348,310.14743217581054,2142.797617540759,26.52480668617563,120.02057641719094,2.9867114002109165,10.661735141495218,54.95053440937275,0,2026-09-22 23:22:54
2026-09-22 12:53:00,CNC-01,L,24.375851700481235,37.790188522533185,1445.3001855264372,46.59247690372508,31.747490691444632,2.161530401234756,12.344613008375381,56.31088023056483,0,2026-09-22 23:22:54
2026-09-22 21:47:00,CNC-03,H,299.8443782195063,313.0430176930179,2784.8950384355153,19.670811163777028,173.63526629470232,3.6955295624365347,10.324440471054082,47.49521930017392,0,2026-09-22 23:22:54
2026-09-22 12:54:00,CNC-01,L,24.419829819728363,38.20743085909538,1343.205306152876,51.025022807747405,33.347490691444634,1.9082583752847775,13.1127659594321,57.94769403801805,0,2026-09-22 23:22:54
2026-09-22 03:00:00,CNC-03,H,296.65267813144544,309.2258095277195,2461.5746270996283,20.76425216412042,74.00214058901292,3.0849552268462364,9.24695688717037,61.208303325327314,0,2026-09-22 23:22:54
2026-09-22 19:16:00,CNC-01,L,299.85728747187534,313.76437381160633,2338.290340049825,27.185414279926313,146.23498801016106,3.2343244888343534,12.096005229359536,51.1660314996163,0,2026-09-22 23:22:54
2026-09-22 00:30:00,CNC-01,L,298.94553326308505,310.6518901659098,2742.044906969135,13.825809504802345,89.2266991350753,3.379638859797538,7.127184388631434,51.50953307712751,0,2026-09-22 23:22:54
2026-09-22 12:17:00,CNC-03,H,296.7783214554998,310.6288503339515,1403.357015987432,48.983282477682216,95.4105698169066,2.0551059725931315,12.863632161705546,53.56448422862971,0,2026-09-22 23:22:54
2026-09-22 13:12:00,CNC-01,L,24.667295424062843,38.526258152243486,1273.9708005852153,52.92143082926474,61.902990250713806,1.9715803344093994,12.57753837493773,58.5871824579245,0,2026-09-22 23:22:54
2026-09-22 11:07:00,CNC-03,H,296.58050729734197,311.83559305431044,1371.2245485305723,56.895560694863725,241.87252063086066,2.9033449054611196,14.713109199676724,55.917655065718726,1,2026-09-22 23:22:54
2026-09-22 18:41:00,CNC-02,M,300.2098077685344,313.5889502483861,2203.582880905411,27.45791047336499,19.42246216805922,2.814879679110786,11.063568273507798,44.99894529048666,0,2026-09-22 23:22:54
2026-09-22 02:28:00,CNC-02,M,297.2763525111315,308.3533916951317,2756.8434758062076,12.500367655079847,6.628872184415832,3.1930938061189607,6.4666841054787225,55.243306208442114,0,2026-09-22 23:22:54
2026-09-22 21:23:00,CNC-02,M,299.9516253034949,312.10597806608547,2527.169999079268,17.57763574534983,7.795129719398586,2.982736303774981,8.159078515003772,52.23484003740983,0,2026-09-22 23:22:54
2026-09-22 01:05:00,CNC-03,H,298.39634558181893,311.1793841324523,2726.691497372507,17.228678372827776,168.23536917375628,3.538390362991193,8.91886787808833,54.26103295173881,0,2026-09-22 23:22:54
2026-09-22 14:55:00,CNC-02,M,298.69041578270856,313.65789045978056,1500.975688275025,51.12341745833193,141.33576858630116,2.2811539313044036,14.77937057353597,50.33074240260685,0,2026-09-22 23:22:54
2026-09-22 18:44:00,CNC-01,L,299.996630830529,314.2934838020431,2107.1010789012657,33.716127638657014,105.91756678325481,2.8326270900515644,13.285772838730296,51.44262935741114,0,2026-09-22 23:22:54
2026-09-22 09:48:00,CNC-03,H,295.7775619802783,310.6970021796188,1479.5488394776212,,117.83007592383173,2.1750074564404653,15.002067466895364,61.320791769570704,0,2026-09-22 23:22:54
2026-09-22 19:24:00,CNC-03,H,299.47675000245755,312.6471067461167,2259.540941633074,26.280295195128648,7.391818226491309,2.832251458424465,10.994558444028149,52.77205238289084,0,2026-09-22 23:22:54
2026-09-22 22:21:00,CNC-02,M,299.20980892776697,312.0608158127246,2563.352798485646,19.281207625869136,71.93712189678043,30.542884856741065,9.286144606764928,48.90035266603837,0,2026-09-22 23:22:54
2026-09-22 08:12:00,CNC-01,L,296.000724085568,309.507737928092,1473.0180151646657,43.54384943145718,39.17754510155416,2.1811359975877087,12.12834494742516,61.42354911171313,0,2026-09-22 23:22:54
2026-09-22 07:27:00,CNC-01,L,296.01726680822696,310.3051806361726,1889.9951383891996,37.51668522472425,172.75074520345566,29.086998349975357,13.366165867657182,57.11776315577333,0,2026-09-22 23:22:54
2026-09-22 18:33:00,CNC-01,L,299.6382319619106,313.34301106551794,2059.791983336144,31.973947712524634,91.78457962282818,2.736645752244844,12.402223143613483,51.193815885625774,0,2026-09-22 23:22:54
2026-09-22 21:59:00,CNC-01,L,299.2723860433373,312.3015420897512,2643.8284075749825,20.70239951634225,101.27466741932354,3.302457746229902,10.198864240304182,55.04558873074438,0,2026-09-22 23:22:54
2026-09-22 04:55:00,CNC-03,H,296.01491941390015,310.66321656955535,2193.48206473122,32.33151567647593,,3.5103703809808673,13.06392422768747,53.86931092787848,0,2026-09-22 23:22:54
2026-09-22 09:45:31,CNC-01,L,296.51574606304644,311.2679786055993,1567.9940895659915,47.24232741507301,183.86706274779698,2.753271276586729,13.987962733982782,58.09680304698425,0,2026-09-22 23:22:54
2026-09-22 08:14:00,CNC-03,H,295.4785155738074,310.5826341398411,1574.7777551205847,47.947510350195685,229.423134526916,2.9547196430015044,14.270159018903621,61.16382879758176,0,2026-09-22 23:22:54
2026-09-22 22:36:39,CNC-01,L,299.20974351843944,312.03542849543976,2578.3523585729135,18.895924215892947,143.62679154080624,3.4925479991104806,8.879011858025322,53.49805416537447,0,2026-09-22 23:22:54
2026-09-22 03:11:00,CNC-03,H,296.7720142352038,309.9264156578839,2547.63167836528,22.832833375397332,86.57654571556952,3.129692501095323,10.641883463835761,52.18328253035792,0,2026-09-22 23:22:54
2026-09-22 19:46:00,CNC-02,M,300.969718235089,314.98302251880966,2299.207057855766,27.57692785689444,100.31233193866994,3.0055680108183287,12.083994767366557,53.68820822771263,0,2026-09-22 23:22:54
2026-09-22 18:42:00,CNC-02,M,300.53426325395986,314.51988147215064,2152.629994750225,32.24226414183993,20.73924208754279,2.7573539029159226,13.015230248961027,49.970830121106026,0,2026-09-22 23:22:54
2026-09-22 04:51:00,CNC-01,L,302.4619734958907,309.9899900138563,2319.0207493609987,25.726526218602608,166.66183793584864,32.66262032581322,11.223553048069975,47.34421644149161,0,2026-09-22 23:22:54
2026-09-22 06:06:00,CNC-01,L,296.4051987662097,310.58746239343833,1866.2682530471964,39.70418531063256,60.48467674920642,2.4820112540149726,13.64463518594449,54.882099640835875,0,2026-09-22 23:22:54
2026-09-22 17:07:00,CNC-01,L,299.3563302024871,314.47471012245427,1921.339455961552,41.37538619429579,179.208454826767,3.016518622279864,14.844735556981156,55.983500998053756,0,2026-09-22 23:22:54
2026-09-22 05:00:00,CNC-03,H,296.2613270331176,311.42238774600816,2207.5300005014396,35.787288392505886,217.25689207058025,3.4910966883348875,14.52976998334122,62.759013438039595,0,2026-09-22 23:22:54
2026-09-22 19:27:00,CNC-02,M,300.9102077162016,315.35769200746057,2014.2121364152124,35.674427558098685,77.26860464398119,2.6617889827012413,13.691621188426266,48.39525917503937,0,2026-09-22 23:22:54
2026-09-22 11:38:00,CNC-03,H,296.6160910201815,310.58207185694835,1482.5048325550742,49.50692554589788,33.39895521101144,2.167901811043885,13.939455421092157,55.537670518913,0,2026-09-22 23:22:54
2026-09-22 01:13:00,CNC-03,H,297.99050675676887,310.30480973982634,2765.011940970775,16.28403021800062,176.84685274514877,3.6730649834082767,8.6449160861486,56.29330523103079,0,2026-09-22 23:22:54
2026-09-22 18:52:00,CNC-03,H,299.45383655476036,314.27034161357204,2214.9897498197274,33.14812183953519,207.1159468937004,3.4232864460483405,13.987173454119777,51.398643070861226,0,2026-09-22 23:22:54
2026-09-22 22:23:00,CNC-01,L,299.3095038029787,311.2149739545381,2602.06514412032,13.839901784318776,127.23614270675984,3.323756584814725,6.835375996981799,52.45211672498055,0,2026-09-22 23:22:54
2026-09-22 02:17:00,CNC-02,M,297.764019365507,311.7053382554859,2407.3985080976763,25.583254221691178,212.89478784045966,3.6835062622235086,11.8305080187016,57.14503909336356,0,2026-09-22 23:22:54
2026-09-22 12:01:00,CNC-03,H,296.86566824183666,311.02218579914904,1347.7996460434003,51.6667561482306,69.98508071501666,2.122993585490761,13.129315783801704,58.39974345987847,0,2026-09-22 23:22:54
2026-09-22 15:23:00,CNC-03,H,298.37500918702284,313.42685578626094,1774.6258165618306,44.64564010379252,167.6329471387003,2.721312378854394,14.836871235930326,56.0790136333331,0,2026-09-22 23:22:54
2026-09-22 13:57:00,CNC-03,H,297.54264589414197,311.5680137577855,1430.7457190399862,50.5184012432168,36.073143948402446,2.1609544201634,13.723770764824257,54.572714035128534,0,2026-09-22 23:22:54
2026-09-22 15:41:00,CNC-02,M,298.82998219402646,313.83956462146864,1735.458658711947,42.61916469784269,210.56094474114772,3.09346224961371,13.998946738927096,49.860247586683776,0,2026-09-22 23:22:54
2026-09-22 13:07:00,CNC-03,H,24.330800235902643,39.23340361667243,1387.7256101153916,55.899537323806896,174.39803800811873,2.390472082220828,14.26624102578116,59.51866419776797,0,2026-09-22 23:22:54
2026-09-22 17:45:00,CNC-03,H,26.258101316082104,40.79408255021849,2039.2451744584278,35.63326106696537,119.27340059448214,2.7232594914367314,13.780918783706284,53.1376766585122,0,2026-09-22 23:22:54
2026-09-22 14:54:00,CNC-02,M,298.5207505433084,313.39641766200896,1653.9189722368744,44.11600256229986,139.79855326814794,2.461667648751617,13.626156052619281,54.7955180975495,0,2026-09-22 23:22:54
2026-09-22 07:31:00,CNC-02,M,295.9846710689219,311.1727917548896,1801.113911927957,42.52942485146127,147.89723795791278,2.7438964901616836,14.296356497168764,59.72043736643872,0,2026-09-22 23:22:54
2026-09-22 22:59:00,CNC-02,M,299.4065725515592,312.6030245566532,2711.952056792201,,113.01026194686942,3.329867036346058,9.770256345323496,51.47190119153448,0,2026-09-22 23:22:54
2026-09-22 09:56:00,CNC-01,L,296.18217328988135,310.4470609632522,1305.3171431073806,53.07516449406857,197.94100815901925,2.587551965347751,12.85236913716655,57.856747414297914,0,2026-09-22 23:22:54
2026-09-22 07:38:00,CNC-03,H,295.7220059245068,310.3174029566338,1896.8761346347255,37.90334521211798,,2.868869494263394,13.563593625535791,61.22249038737389,0,2026-09-22 23:22:54
2026-09-22 09:40:00,CNC-01,L,296.15150232183504,310.87703906588143,1448.896888700433,51.963842987694704,173.09691674606339,2.6274445640218307,14.086418459356976,61.34507473724539,0,2026-09-22 23:22:54
2026-09-22 10:29:00,CNC-01,L,296.56502000251663,310.65095607853004,1396.9100145762973,733.9177659413813,31.290417358155658,1.9303356271633527,13.336234952763942,59.92049496938036,0,2026-09-22 23:22:54
2026-09-22 18:36:00,CNC-01,L,299.8408099687873,313.83157300984857,2088.770593322824,32.05250974938162,95.68657193716398,2.840614930792531,12.686866021423791,46.752448958887015,0,2026-09-22 23:22:54
2026-09-22 17:55:00,CNC-02,M,32.48896452233589,42.08363424984037,1985.4126763180882,41.38435673137084,184.95518093805816,3.1817930871118123,15.300020569407282,38.61222005548878,0,2026-09-22 23:22:54
2026-09-22 00:27:00,CNC-02,M,299.05507391717765,310.83143627437835,2796.365717580231,13.559043943432767,94.11526442863624,3.33786437526257,7.199840892648519,54.50268226479426,0,2026-09-22 23:22:54
2026-09-22 16:05:00,CNC-01,L,298.91917755428193,313.34674143581117,1703.328493880454,43.28267695173071,90.94171026685704,2.39833886470661,13.806720387135542,51.99235162049226,0,2026-09-22 23:22:54
2026-09-22 16:27:00,CNC-01,L,299.28780214965855,313.6753216200534,1694.4313457635594,41.34893846550465,122.757289539984,,12.490645102701826,57.57192550205091,0,2026-09-22 23:22:54
2026-09-22 15:38:00,CNC-03,H,298.2230750758644,312.8357317575841,1769.9959375502867,41.10508251745884,190.21210489647092,2.8728658247328,13.648820905792217,55.613338041579965,0,2026-09-22 23:22:54
2026-09-22 08:36:00,CNC-02,M,296.47969568602906,310.27719622809815,1807.0323810871253,38.443772734978616,19.36302254609844,2.4661873515835055,13.07975767728093,62.90116973993757,0,2026-09-22 23:22:54
2026-09-22 11:18:00,CNC-02,M,296.48413868008896,310.19136703348795,1331.439845533682,51.04016496899535,0.0,1.9757389504295904,12.760525019310649,53.08342068441141,0,2026-09-22 23:22:54
2026-09-22 07:43:00,CNC-02,M,296.0599312059249,310.8607941617509,1752.3491159245743,42.338152500749864,,2.7835351665564207,13.845978267517129,56.59886963081525,0,2026-09-22 23:22:54
2026-09-22 20:14:00,CNC-01,L,300.07950394845795,314.2658011412767,2308.1571468068482,28.184325318887446,216.50752033469908,3.835841021416498,11.907476848071502,50.402303701888044,0,2026-09-22 23:22:54
2026-09-22 19:43:00,CNC-01,L,299.7199377060008,314.1821694168634,2212.1368815527976,31.356684569321903,179.584232899985,3.388927071979832,12.902224125686104,54.55431371395106,0,2026-09-22 23:22:54
2026-09-22 12:49:00,CNC-01,L,24.322486509830753,37.98442377794851,1363.2529503992039,50.581570413846975,25.419190039436515,2.1147768692985003,12.618085173962237,59.45815192548711,0,2026-09-22 23:22:54
2026-09-22 16:15:00,CNC-01,L,299.09578467642325,313.1172256523491,1912.7862445198193,35.578128208757114,105.4523578221775,2.5428080092604195,12.73288131794296,49.8486759672389,0,2026-09-22 23:22:54
2026-09-22 00:56:00,CNC-03,H,,311.87853669001646,2720.9732876804937,21.097122391695677,158.59439092391094,3.564324154812906,10.774967368417022,58.882003149008,0,2026-09-22 23:22:54
2026-09-22 00:42:00,CNC-01,L,298.9457518347089,310.59530223385605,2665.0156659015806,13.613764051002507,101.98955054102551,3.38247017610087,7.070232107553102,47.95928235593067,0,2026-09-22 23:22:54
2026-09-22 01:58:00,CNC-03,H,303.51390584567457,309.5777486952817,2600.795067232366,18.546165354961623,5.420491175617361,3.1455273130246253,9.027465373606379,44.857854245410124,0,2026-09-22 23:22:54
2026-09-22 07:34:48,CNC-02,M,296.0074057624442,310.76706904757214,1787.886232528679,40.91688885548831,153.6115407395183,2.7695399332178217,13.831734868455905,53.112974160169784,0,2026-09-22 23:22:54
2026-09-22 04:00:00,CNC-03,H,296.2950545754951,309.4300318770162,2431.479995028232,21.899505784604756,143.64790141705933,3.185228751352002,10.077992596852747,60.80861198386326,0,2026-09-22 23:22:54
2026-09-21 23:32:00,CNC-01,L,299.2453200839013,309.7416308583898,2755.2860966464705,9.84569642295588,27.583897617692784,3.2234903747750665,4.932551946037437,54.665987122939256,1,2026-09-22 23:22:54
2026-09-22 11:35:00,CNC-03,H,296.56929720107007,309.8560922983762,1337.447990539329,48.149267837766914,28.6539996871145,2.026895084064308,12.115333968914406,57.36716651064669,0,2026-09-22 23:22:54
2026-09-22 18:09:00,CNC-01,L,26.501268960399898,40.641640089212785,1936.420285239759,36.21082731197843,60.43158048627132,2.547848822773397,12.84675909151819,51.844495121374145,0,2026-09-22 23:22:54
2026-09-22 02:50:00,CNC-01,L,297.8910900911655,310.2966167320373,2437.0992254469365,21.4842737480245,22.523237538525734,2.9762508338292846,9.872030594795675,50.324965584882676,0,2026-09-22 23:22:54
2026-09-22 16:13:00,CNC-03,H,298.5304840684077,313.84329525564357,1836.79494756629,43.89129031974747,241.70642511068584,3.3057813185565017,15.140568512247889,52.54897689277841,0,2026-09-22 23:22:54
2026-09-22 18:41:00,CNC-01,L,299.93305686814955,313.9220175318763,2114.0942003299997,31.093472117255903,102.09727668225322,2.725961212838526,12.554322501145657,47.433048020259974,0,2026-09-22 23:22:54
2026-09-22 22:38:00,CNC-03,H,299.3694221356434,312.9982504252386,2687.1628296513213,21.672791540108854,229.41031296046427,3.994387383696796,11.063927201940585,53.846163112694796,0,2026-09-22 23:22:54
2026-09-22 21:01:00,CNC-03,H,299.8199692548769,313.0373947100033,2458.909626827674,22.32398495761372,122.02036253528561,3.212827417913716,10.25549800256075,48.71849313031448,0,2026-09-22 23:22:54
2026-09-22 01:21:00,CNC-03,H,297.96209607113695,311.8472124238174,2597.346384038273,23.836973645377192,185.47929959859562,3.4593857769702114,11.730746935073732,55.87230967412999,0,2026-09-22 23:22:54
2026-09-22 14:14:00,CNC-03,H,297.78574838298164,311.88698755542845,1431.5855456415386,47.87837614300507,62.40522914487446,2.1022427223543994,13.081554155618102,54.76269432826636,0,2026-09-22 23:22:54
2026-09-22 05:43:00,CNC-01,L,296.7362195703342,310.16885873681014,2182.769319282286,29.44311734785654,29.865427128015902,2.873773146763032,11.943538140122621,56.27053938185607,0,2026-09-22 23:22:54
2026-09-22 18:20:00,CNC-01,L,26.796203846895935,40.01952193862155,2121.2883698321552,27.671987274540363,74.89478935625424,2.7766613423900393,10.963470644463836,52.1940745910342,0,2026-09-22 23:22:54
2026-09-22 19:25:00,CNC-01,L,300.00737906121464,314.67638863264557,2165.432229828312,35.01572852230194,157.36920975728782,3.155877083581234,14.179781177884735,55.91483043996851,0,2026-09-22 23:22:54
2026-09-22 03:32:00,CNC-02,M,296.925633508933,310.02180567199724,2317.5854156856235,24.007985871209787,79.97926552286157,2.9734619375183136,10.348103655267403,57.506690926941026,0,2026-09-22 23:22:54
2026-09-22 07:29:00,CNC-03,H,295.6914719364495,310.435711547683,1652.8072376786479,45.45619309846385,163.93960269338302,2.654068880335529,14.101095789951476,61.70213215905919,0,2026-09-22 23:22:54
2026-09-22 10:25:00,CNC-01,L,296.54660932479476,310.1359385028306,1474.2456030827143,46.09725997315764,25.022033767788766,2.1114589720818624,12.894912486420273,58.72318851036918,0,2026-09-22 23:22:54
2026-09-22 10:11:00,CNC-01,L,296.3137909547538,309.9079641628335,1459.9817511919891,46.071684572219574,3.0709953843813,2.0875677220051454,12.50923792731169,56.42864496574158,0,2026-09-22 23:22:54
2026-09-22 02:57:00,CNC-01,L,297.9333477321837,309.8144577373282,2482.7946287635705,17.920109769993587,30.596715175979227,3.0654163039264803,8.261720146117087,56.23062827385788,0,2026-09-22 23:22:54
2026-09-22 01:02:00,CNC-01,L,298.6791769076452,310.9423481536323,2771.9395469971346,15.149477030638423,123.44467908860352,3.415944235112299,7.741799892663675,51.54491134588107,0,2026-09-22 23:22:54
2026-09-22 02:42:00,CNC-01,L,297.9657185330801,310.4248637760877,2619.5989832963483,19.033928960632586,13.458576362144845,3.1439850607889306,9.66901277084697,53.004222048767595,0,2026-09-22 23:22:54
2026-09-22 15:28:00,CNC-01,L,298.712083598917,312.43628868814415,1551.7919093366413,43.78570914945877,36.1778011033908,22.120429511933512,12.90969225745856,50.26117340600104,0,2026-09-22 23:22:54
2026-09-22 07:12:00,CNC-01,L,296.1223569692764,311.1446384538439,1861.2369761410507,42.649346711280025,151.43977796294277,27.103340478365865,14.984101046595207,59.89925232324151,0,2026-09-22 23:22:54
2026-09-22 02:40:00,CNC-03,H,302.9481359190174,308.9407411566142,2661.474340814676,16.893368609823867,51.604703760099476,3.2522205892985894,8.461490153976959,47.11457332410422,0,2026-09-22 23:22:54
2026-09-22 08:30:00,CNC-03,H,295.715539215134,311.19369042339804,1513.0121716394208,52.208047097659936,253.451132083251,3.103678530261726,14.585358220061845,59.56787271585805,1,2026-09-22 23:22:54
2026-09-22 11:43:00,CNC-03,H,296.5692508279394,310.17744544453376,1381.02593187069,47.57077658153433,41.32776406771621,2.0375407073687986,12.36115176764087,59.237965977313536,0,2026-09-22 23:22:54
2026-09-22 00:30:00,CNC-02,M,298.6882990437447,309.98445574689805,2668.94317354861,11.446848082524244,97.3070203102918,3.1836089702345,5.874135715253699,54.89478304268985,1,2026-09-22 23:22:54
2026-09-22 08:01:00,CNC-02,M,296.1860237953502,310.92517023625555,1790.7005650241579,39.91996747951226,191.14117572441572,2.9610160772658443,13.465519194285228,,0,2026-09-22 23:22:54
2026-09-22 11:10:00,CNC-03,H,296.4160376123753,311.7430197238607,,55.4704165526326,246.631103211033,29.087387039066115,13.990510525333258,58.983117956651576,1,2026-09-22 23:22:54
2026-09-22 00:44:00,CNC-03,H,298.55012650885493,311.45529786264984,2684.2983198020643,19.1609280528492,145.83345385322832,3.4916371719823283,9.85896888658439,55.40325478545807,0,2026-09-22 23:22:54
2026-09-22 21:27:00,CNC-03,H,299.505354256687,313.10106993738765,2439.598014979159,23.750048516665075,151.30623802576065,3.2128992706064077,10.79920042491082,51.923549803019945,0,2026-09-22 23:22:54
2026-09-22 00:00:00,CNC-01,L,299.1530416294323,310.7546279976043,2765.7926170796186,13.752182432996218,,3.2750821205774296,7.350562500191164,55.236317986616406,0,2026-09-22 23:22:54
2026-09-22 10:01:00,CNC-03,H,296.3065072955706,310.72261957180376,1372.3869715086817,52.516878932636885,138.0872715547693,2.3167313201825808,13.41694011242783,56.81084048778381,0,2026-09-22 23:22:54
2026-09-22 22:16:00,CNC-03,H,299.28750800627296,312.6457835004806,2518.5276420684663,22.034080193583215,205.65655490956277,3.718816800099466,10.530348958423973,52.983334975079956,0,2026-09-22 23:22:54
2026-09-22 10:40:00,CNC-02,M,296.47006977300896,311.3598269877652,1403.1219254614339,51.66670778678661,211.3024391329305,2.8564190068897277,13.509481545055873,60.24537939607724,0,2026-09-22 23:22:54
2026-09-22 21:03:00,CNC-01,L,300.003286261998,312.3071025379417,2522.8382360831765,17.8291525362171,,3.12390891151556,8.237389926255572,53.49720932155874,0,2026-09-22 23:22:54
2026-09-22 21:27:00,CNC-02,M,299.90735665470845,312.184071594939,2600.8297229650466,18.818717277203092,12.238634567741148,3.1026831445401175,9.447555202419222,51.55852457739605,0,2026-09-22 23:22:54
2026-09-22 15:00:00,CNC-02,M,298.5550313057176,313.4977775324604,1698.2958895117697,44.807213425485905,148.89998362520663,2.6543235638279663,14.491157696570559,52.46572612763161,0,2026-09-22 23:22:54
2026-09-22 08:35:00,CNC-01,L,295.99300951392155,310.10468972570385,1457.5338600166465,46.37617106745466,73.40284409581523,2.175582005412276,12.564131266376725,64.1863528458153,0,2026-09-22 23:22:54
2026-09-22 19:11:00,CNC-02,M,300.64675384879763,314.64432288392123,2184.2241595042074,30.212025987176958,57.32530911252283,2.6655054967985183,12.166322553945422,52.33793125501076,0,2026-09-22 23:22:54
2026-09-22 12:37:00,CNC-02,M,23.57124233748715,38.13461113359239,1370.6888608481834,53.89746711469522,149.2230126820358,2.2907707611974883,13.62420060714409,55.52506677983213,0,2026-09-22 23:22:54
2026-09-22 17:08:00,CNC-03,H,298.7923397436342,313.33309227561,1951.7150319470438,37.325302482778895,68.39966545393645,2.5477702315135047,13.524779355467158,57.159976538419954,0,2026-09-22 23:22:54
2026-09-22 16:22:00,CNC-02,M,299.01108195354414,313.0638873020678,1845.4803126489037,35.86592167694706,55.85363501777824,2.5742273813576073,12.451580644907592,54.46658936991037,0,2026-09-22 23:22:54
2026-09-22 19:12:00,CNC-03,H,299.27957321810135,313.4987667891427,2234.347231686369,28.99242555038891,232.3649114882575,3.6620385565061566,12.202412266917246,54.190932275741545,0,2026-09-22 23:22:54
2026-09-22 15:12:00,CNC-02,M,298.7523721154409,313.8064103281145,1676.8668572410809,44.40202370768972,167.01622784779988,2.6449559611240665,14.000514716494783,48.06782489690542,0,2026-09-22 23:22:54
2026-09-22 16:26:00,CNC-03,H,298.8730476068234,312.4631644459844,1905.0808010318294,36.428965541104525,8.63790183786069,2.4901979277481594,12.975966202593868,50.769411429182036,0,2026-09-22 23:22:54
2026-09-22 22:32:00,CNC-01,L,299.0389830523881,311.3253567126205,2609.2949729831294,15.784521344230422,137.11829708672764,3.4445148725331416,7.902434067445979,50.5979443578193,0,2026-09-22 23:22:54
2026-09-22 14:00:00,CNC-01,L,297.902040677958,312.20513805665524,1403.6294109770276,50.612769534411115,137.46311219189886,2.345047750013563,13.527630864700235,55.55921718554669,0,2026-09-22 23:22:54
2026-09-22 22:06:00,CNC-02,M,299.68043714850074,311.8718229014865,2671.5102047257715,16.515820730299538,55.57263078290647,3.386123160986458,8.041588368868023,50.24755389648391,0,2026-09-22 23:22:54
2026-09-22 00:57:00,CNC-03,H,298.47959753503073,311.6152965412401,2767.883241367323,19.449462073477942,159.6350883587264,3.5654573765929785,10.116928321045204,50.81403644844564,0,2026-09-22 23:22:54
2026-09-22 11:15:00,CNC-03,H,296.41010319308674,312.113114714023,1347.023782159995,60.970418742579724,254.61299922866442,,15.187297638629175,52.87736346907284,1,2026-09-22 23:22:54
2026-09-22 13:25:00,CNC-02,M,24.298903020808098,38.07642695932998,1424.4662982558534,45.464255704887236,1.5834519607640005,2.0113584774982756,11.970207334511878,56.44309966304269,0,2026-09-22 23:22:54
2026-09-22 00:40:06,CNC-01,L,298.80575630289957,310.262158954679,2695.9255527337787,13.299780160243678,98.80196749274214,3.3816742317362043,6.799355839386133,53.47681843629023,0,2026-09-22 23:22:54
2026-09-22 17:14:00,CNC-03,H,298.7848434486211,312.54601110004927,1846.7833503238687,36.111416644867845,76.80482976352087,2.447525947925183,12.362544588770692,53.654359566621935,0,2026-09-22 23:22:54
2026-09-22 03:30:00,CNC-03,H,296.65539353184647,309.57348726927324,2411.8497747975152,23.43661936481254,108.55906696393977,3.081450417830452,10.420249988618684,53.91066973305805,0,2026-09-22 23:22:54
2026-09-22 17:23:00,CNC-02,M,31.97624723245815,40.97190313171183,1918.3784987457786,39.0405241950817,141.7933895543106,2.7921868450177536,14.110577802101442,40.318678067007895,0,2026-09-22 23:22:54
2026-09-22 10:33:00,CNC-03,H,296.39640259276985,310.77072530676,1383.857439867113,50.540139690965205,188.23468251368064,2.463406177700243,13.235683205752427,54.21017930353159,0,2026-09-22 23:22:54
2026-09-22 08:02:00,CNC-03,H,296.008488399758,310.70031931005764,1625.642199208773,44.43568111365732,211.82731098393438,2.9603179855712445,13.3958819492547,54.18727187050136,0,2026-09-22 23:22:54
2026-09-22 00:07:00,CNC-01,L,299.38129493671363,311.6710454785959,2645.378878022781,17.87443617611014,64.66501448149091,3.242810655936557,8.974590483865791,51.667249492459305,0,2026-09-22 23:22:54
2026-09-22 09:40:00,CNC-03,H,295.9686028331875,310.481054558464,1372.5463257197491,54.46873092143505,105.4042629289538,2.1119753018594434,13.919612842353734,58.53228248942657,0,2026-09-22 23:22:54
2026-09-22 12:40:00,CNC-02,M,24.07526495763824,39.30909510646842,1455.787958300849,53.81386901116391,153.992203659738,2.4434295756124444,14.757916847360764,58.002385105961714,0,2026-09-22 23:22:54
2026-09-22 09:07:00,CNC-02,M,295.9498758921195,309.71153708422844,1552.6000583249863,42.96752830583622,66.4208610757271,2.0941518606236538,12.595599624271422,64.03636447626491,0,2026-09-22 23:22:54
2026-09-22 16:24:00,CNC-03,H,298.68617005888314,312.477206202111,1694.7103889047905,41.81505531083811,5.778491059162247,2.319463362442061,13.524972049829612,55.47782365146833,0,2026-09-22 23:22:54
2026-09-22 06:50:00,CNC-01,L,296.1007993510165,310.9803129379896,2047.958404656435,38.663599459283574,120.52783794261904,2.7702887172664625,14.733207145674228,56.34513672739174,0,2026-09-22 23:22:54
2026-09-22 10:08:00,CNC-02,M,296.04460882693206,310.962473243998,1281.7083000318523,56.67328811558965,160.7808715838564,2.326460230173613,13.658239924027258,60.401387628741254,0,2026-09-22 23:22:54
2026-09-22 15:33:00,CNC-03,H,298.4745907370135,312.81716714171796,1768.5606184111684,,182.7262423509032,2.713564583378184,12.99400400233551,55.43912688009055,0,2026-09-22 23:22:54
2026-09-22 17:06:00,CNC-02,M,305.0667620975547,314.11737744759733,1864.6298269153633,41.891455417184886,118.33026710844375,2.5995402859653787,14.666950851166392,39.88223082314526,0,2026-09-22 23:22:54
2026-09-22 22:24:00,CNC-01,L,299.03585365519547,312.7043235122194,2623.685033893847,23.48218408177642,4912.052636844598,3.3862181280463157,11.563896445635162,54.5307033073121,0,2026-09-22 23:22:54
2026-09-22 17:03:00,CNC-01,L,299.42475339551754,314.2401532931347,1953.9410897315038,38.127412219068745,173.6297512467293,3.0837196605236357,14.199703122544546,54.19212070106661,0,2026-09-22 23:22:54
2026-09-22 06:35:00,CNC-03,H,295.9324966038427,310.83606006660057,1908.5875671518647,40.99941399930062,87.89212204462783,2.4965731477508277,14.63559023337992,54.90123736121168,0,2026-09-22 23:22:54
2026-09-22 00:38:00,CNC-02,M,298.67832069885515,310.5828788242822,2799.521100599976,13.974919512771802,105.91101398022477,3.2873721192082126,7.200188195735661,55.1758812086553,0,2026-09-22 23:22:54
2026-09-22 13:33:00,CNC-02,M,297.57836783426774,311.80540843433494,1410.1529365670847,51.069785405552,14.260518841860367,2.1195326438545496,13.630776711844286,53.240529064843344,0,2026-09-22 23:22:54
2026-09-22 16:04:00,CNC-01,L,298.72760844042904,313.1176328324842,1712.7760941452723,43.07396023302358,89.48285411079648,2.468480625304234,13.767524944192674,52.15827768042993,0,2026-09-22 23:22:54
2026-09-22 09:50:00,CNC-01,L,296.6353675560839,311.39853705760765,1556.4473999536067,46.72438058037979,188.50795290239756,2.699037548914255,13.505269371679088,59.69845093289246,0,2026-09-22 23:22:54
2026-09-22 18:24:00,CNC-02,M,27.003167075746376,42.71024233342678,1949.8297577327248,41.52798182686367,223.14399403366733,3.3818983413831103,15.281068413763153,51.13922192256037,0,2026-09-22 23:22:54
2026-09-22 07:10:00,CNC-03,H,295.90112416224287,310.08844471876034,1769.763602401756,39.53447481346719,136.87982807227897,2.6008418493182415,13.349211377736628,59.922346568926706,0,2026-09-22 23:22:54
2026-09-22 15:56:00,CNC-02,M,299.13756673121554,312.9728177658678,1716.325815263955,38.45604760635453,17.834713954140334,2.3995652824618814,12.452289244099179,49.60803193777688,0,2026-09-22 23:22:54
2026-09-22 16:11:00,CNC-02,M,299.0638887473548,313.1964617568314,1645.5524501227628,42.024518297566544,39.86064584939852,2.3096728395749206,12.983330037545578,50.13949224550626,0,2026-09-22 23:22:54
2026-09-22 22:02:00,CNC-03,H,299.31631358869475,313.2079262355503,2558.638249077869,24.325811414383033,190.35151160637884,3.54336680344177,11.8625629846074,58.71681769244658,0,2026-09-22 23:22:54
2026-09-22 10:17:00,CNC-02,M,296.45269218169847,311.6460481089253,1520.1255281479444,51.47239733625321,174.8376417441221,2.6008228590998312,14.748323046587547,53.25392248431048,0,2026-09-22 23:22:54
2026-09-22 06:24:00,CNC-02,M,296.1787193914196,309.86925900131064,2089.715755943335,30.590934653768585,54.62934433429192,2.7740359845877687,11.723472798441472,57.688525138653034,0,2026-09-22 23:22:54
2026-09-22 16:44:00,CNC-01,L,299.4410620350195,314.6853431884393,1789.566962699969,44.609043230666416,147.06790574111943,2.756665078936483,15.145976487261159,50.79822682679238,0,2026-09-22 23:22:54
2026-09-22 00:55:00,CNC-03,H,298.603011659954,311.2277309921825,2683.5630191048135,18.327568678927836,157.52457880156172,3.543843377306162,9.419354404535557,55.11281319804814,0,2026-09-22 23:22:54
2026-09-22 10:22:00,CNC-02,M,296.0393500670146,311.01585394348996,1339.7936239371509,57.07481629886876,182.77214666819293,2.421648541141781,14.0175800969703,58.43491768010008,0,2026-09-22 23:22:54
2026-09-22 21:00:00,CNC-02,M,299.9455991504035,314.63639289791803,2447.1125763795258,27.644309588896334,187.02133098439825,3.587499826253783,12.788385780559201,52.63286053107765,0,2026-09-22 23:22:54
2026-09-22 07:23:00,CNC-03,H,296.018579922557,310.213622414237,1907.6196339643418,36.42323578016769,155.19151420374556,2.749521504790054,13.093038053672931,61.73122158303344,0,2026-09-22 23:22:54
2026-09-22 21:18:00,CNC-01,L,299.65178734396517,313.3007358853127,2349.32462227578,27.619030335178252,56.114101639962534,2.932436988774989,12.234420663037174,53.09685647333667,0,2026-09-22 23:22:54
2026-09-22 19:48:00,CNC-03,H,299.9915771202539,312.42105860197154,2421.9966370860266,19.59359101839054,36.48555965085161,3.020767243288022,8.898122744328248,52.88721680779676,0,2026-09-22 23:22:54
2026-09-22 21:02:00,CNC-03,H,299.12873572290465,311.78545759538207,2578.316340929757,18.812515408055127,123.12506063647034,3.232092881660695,9.100197275094832,55.147853366432564,0,2026-09-22 23:22:54
2026-09-22 08:17:00,CNC-02,M,296.02880886656493,311.15804628355903,1602.149501574391,48.58530916935171,214.9371161895127,3.0248435632344215,14.248974232855048,58.73350441619005,0,2026-09-22 23:22:54
2026-09-22 09:37:00,CNC-02,M,296.3785864537539,311.108237766711,1442.094172086866,52.608786209069685,112.48272155189777,21.338817198699008,558.8613433167844,60.83494154710523,0,2026-09-22 23:22:54
2026-09-22 20:08:00,CNC-02,M,300.44375472979664,314.22010891664706,2399.20261184025,25.549789828169803,126.61730707326606,3.16435948643081,448.0313388638905,54.90453290297313,0,2026-09-22 23:22:54
2026-09-22 19:29:00,CNC-03,H,299.4040734860884,312.1260554265772,2473.798441255572,22.353838051591364,13.450878328550584,2.9455884148815277,10.487601225363177,52.09980756306785,0,2026-09-22 23:22:54
2026-09-22 23:03:00,CNC-01,L,298.95484001757666,311.63043885924515,2719.5607686594194,17.614364721202143,170.40761008626197,35.99101695735778,8.676735416069985,48.28220428984827,0,2026-09-22 23:22:54
2026-09-22 07:09:00,CNC-02,M,296.37991859829634,310.89675701082086,1933.9064492746518,37.60030821168813,116.77982785170467,2.6998902610037256,13.575041361546614,57.96932048884963,0,2026-09-22 23:22:54
2026-09-22 13:33:00,CNC-01,L,297.6344506964742,311.65067807987685,1492.3923643075018,46.056092818947675,95.09095598258502,2.2658366355612736,508.3555187017635,62.32368602475221,0,2026-09-22 23:22:54
2026-09-22 18:55:00,CNC-02,M,300.4830557140142,314.1365736771112,2309.041240763541,26.49467003976085,37.2202756139206,2.814432980118724,11.451092304479578,49.07708543019402,0,2026-09-22 23:22:54
2026-09-22 04:23:00,CNC-02,M,296.55813583616583,310.86251006126656,2469.477257121823,28.12591609984742,141.1411056216937,31.96313654923874,12.78493386989541,54.84080909219746,0,2026-09-22 23:22:54
2026-09-22 00:21:00,CNC-03,H,298.90159723345914,311.5204472513691,2633.621959461808,17.709317497011078,121.21076333888975,3.2482919615549966,8.868324262887837,50.897940737953604,0,2026-09-22 23:22:54
2026-09-22 16:52:00,CNC-02,M,305.0376214640098,313.84441249288653,1866.7086310095694,39.983983977899726,98.56876878219207,2.513620501173279,14.424885004682514,41.547447409060204,0,2026-09-22 23:22:54
2026-09-22 00:46:00,CNC-01,L,298.78755679089466,312.02802879626773,2556.387538700337,22.771271788386727,106.22946612723125,3.2255578871604307,10.859004784717422,57.39172096969344,0,2026-09-22 23:22:54
2026-09-22 03:00:00,CNC-02,M,297.21748758501656,309.75422941998806,2414.1827740999515,20.6797274079732,43.05192239393566,2.9771804874403616,9.507530951508105,54.204195369366005,0,2026-09-22 23:22:54
2026-09-22 18:50:00,CNC-03,H,299.33771974149437,313.4803997501002,2091.6172953321634,30.653557623914214,204.60096674048873,3.201298422762593,11.968472870952855,49.52145072930589,0,2026-09-22 23:22:54
2026-09-22 10:51:00,CNC-01,L,296.53805599541477,310.58488144856045,1337.3964645156288,51.72797241611587,66.05794528002488,1.8749461387441844,12.806403589555721,54.717609827254186,0,2026-09-22 23:22:54
2026-09-22 08:05:00,CNC-02,M,296.1498199865553,311.2478578026823,1656.9773254708211,45.984669419676436,197.0177191892753,2.8269945685777382,14.090992990781412,58.885995177528294,0,2026-09-22 23:22:54
2026-09-22 15:48:00,CNC-03,H,298.2504920106308,313.0355144102104,1626.0657424542514,44.497092836688125,205.05977854409414,2.8207427671340795,13.460148095325831,53.89044558081129,0,2026-09-22 23:22:54
2026-09-22 19:26:00,CNC-01,L,299.7849476122258,313.90009967134444,2327.1224750903975,27.845124341206002,158.5915502488614,3.1663847216780856,12.130359394283172,52.906728978869985,0,2026-09-22 23:22:54
2026-09-22 00:36:00,CNC-01,L,299.0479880526517,311.44781153518437,2647.623051470129,18.33053498782124,95.56010344098384,3.272545543218396,9.293631214732596,48.79048360811273,0,2026-09-22 23:22:54
2026-09-22 02:11:00,CNC-03,H,302.91852383240564,308.54517595089453,2709.2286863227996,14.369525238326112,19.43951587664694,3.2449430896390097,7.3931349099322174,48.84287824949906,0,2026-09-22 23:22:54
2026-09-22 17:14:00,CNC-01,L,298.9757028398731,313.26675803873786,1916.3135258975024,36.587870345750346,188.90744724098568,3.1650243270450296,12.90794687697934,50.68444457743389,0,2026-09-22 23:22:54
2026-09-22 05:41:00,CNC-03,H,296.0917803135197,310.0676779706407,2196.4275409094075,31.71465046058237,15.466002614685072,2.8278905887094563,13.241022963682495,58.78349216782879,0,2026-09-22 23:22:54
2026-09-22 08:00:00,CNC-01,L,296.2574071151638,309.8509481977653,1875.1320316208726,36.32039137645007,21.673988802593264,2.476944534305892,12.695869712490854,54.86796522201559,0,2026-09-22 23:22:54
2026-09-22 15:50:00,CNC-02,M,298.9123182878078,313.0226421076968,1720.801950419231,41.403316905929934,8.965101323349101,2.309160911885181,13.376794393453554,57.30534841746489,0,2026-09-22 23:22:54
2026-09-22 14:15:00,CNC-03,H,297.6423425007725,311.51860323578757,1477.0469064147587,,63.97453965324208,2.110363186148179,13.110340353667462,54.87379337418882,0,2026-09-22 23:22:54
2026-09-22 02:37:00,CNC-02,M,297.6985698075726,309.6103062702381,2640.099498262067,17.0466816106336,16.72564150889106,3.1786162946673326,8.45334200116065,56.24043386485184,0,2026-09-22 23:22:54
2026-09-22 16:29:00,CNC-02,M,299.22067280685735,313.5385748619202,1822.1368437415072,39.78547059988332,65.91460011529932,2.4245564176225236,13.449510190838666,54.99053573025803,0,2026-09-22 23:22:54
2026-09-22 01:55:00,CNC-03,H,303.3437603960637,308.2785931029799,2696.232984881777,12.409785384127279,2.102951980195507,3.2297311288825314,6.174056601162329,43.9037248877703,0,2026-09-22 23:22:54
2026-09-22 04:47:00,CNC-01,L,302.54343407129403,310.7021694515086,2252.4216800509544,29.434322830351473,161.71020415452568,31.715569789634227,12.223268271632676,45.09917662698035,0,2026-09-22 23:22:54
2026-09-22 02:35:00,CNC-02,M,297.0578428718171,308.9510661800808,2548.801353100417,17.798556093349333,14.499545370620938,3.136531841620982,8.270063512648267,57.371116064167886,0,2026-09-22 23:22:54
2026-09-22 15:36:00,CNC-02,M,298.9885423668091,313.60773007939645,1550.002040822093,45.34232397426155,203.25875715560701,2.959334661283327,13.39652668483055,53.88950259058195,0,2026-09-22 23:22:54
2026-09-22 06:25:00,CNC-03,H,295.7886079606331,309.63045156079414,1955.776192516561,34.445772663835186,74.14048465015871,2.6027702572217106,12.612656405293219,58.83514660397732,0,2026-09-22 23:22:54
2026-09-22 02:06:00,CNC-01,L,298.4749279682196,312.29606030192053,2519.5593141065174,,192.7032976729723,37.644154575988004,11.337482888884391,56.352355979591565,0,2026-09-22 23:22:54
2026-09-22 13:58:00,CNC-01,L,298.00192873722466,312.9068279843221,1416.1939820415985,54.3133705418859,134.29004289713822,2.2746890658434076,14.456272151209705,0.0,0,2026-09-22 23:22:54
2026-09-22 08:21:00,CNC-01,L,296.02770756678495,310.15315481795335,1737.0863921054317,42.592095940200345,52.559333809453946,2.322868545659766,14.00518938878196,55.106957622514635,0,2026-09-22 23:22:54
2026-09-22 16:45:00,CNC-03,H,299.01206239041795,312.69127544680566,1613.4456279607698,42.67112541949306,35.95254838163976,2.2618651416173603,12.680215350336118,56.451158793403316,0,2026-09-22 23:22:54
2026-09-21 23:22:00,CNC-03,H,299.38367767014745,310.8200859087475,2838.530788854618,12.16072482268944,58.41926032759778,3.313864267274462,6.600358927654989,49.101625285532705,0,2026-09-22 23:22:54
2026-09-22 14:53:00,CNC-02,M,298.5981073199794,313.5358527612703,1516.6130198381584,49.75193631190232,138.3094890624595,2.329990111772562,13.97904861715238,58.068416248180135,0,2026-09-22 23:22:54
2026-09-22 19:22:00,CNC-03,H,299.8385348126309,312.65641078912404,2280.8433023688413,25.17932718098487,4.912709655858862,2.840231402821586,10.926848430599781,50.93831837295998,0,2026-09-22 23:22:54
2026-09-22 00:54:00,CNC-02,M,298.35731861373495,309.9531217569183,2632.1200256165303,13.796916182229495,122.9972608430242,3.2733547779060115,6.6846823203949155,54.10378477535264,0,2026-09-22 23:22:54
2026-09-22 13:45:00,CNC-01,L,297.83479040857503,311.9803098149848,1346.3789000442441,50.94842418685032,114.0551475494733,2.122139711930699,12.575869344660818,56.83893060821541,0,2026-09-22 23:22:54
2026-09-22 07:55:00,CNC-01,L,296.082444285486,310.09927876430606,1801.3479160179377,41.10705397392437,14.46875794041885,2.3656287511978427,13.79583445145457,56.81090309879307,0,2026-09-22 23:22:54
2026-09-22 21:20:08,CNC-03,H,299.203932690692,312.53686142700604,2420.170045154654,23.624660258693325,144.49249208370415,3.2230044968178597,10.752079768881343,55.51084292454771,0,2026-09-22 23:22:54
2026-09-22 13:48:00,CNC-02,M,297.5010863084852,311.45131622501594,1478.5159950991351,46.792038557601,37.92332172422819,2.0166447681912927,12.939879084065971,56.40057501450017,0,2026-09-22 23:22:54
2026-09-22 02:52:00,CNC-02,M,297.50972186991396,310.19238241861734,2354.389161178952,22.527964623825024,33.83079993819182,2.8899702843676516,9.923638187379014,53.32464484478274,0,2026-09-22 23:22:54
2026-09-22 12:37:00,CNC-03,H,24.01274881260349,38.52474429350764,1417.764408322627,52.1426672344075,,2.2545133780719153,13.770867065282403,56.46108433670536,0,2026-09-22 23:22:54
2026-09-21 23:37:00,CNC-02,M,299.03602842232686,,2856.7820823771126,12.851943842323642,40.95425558964864,3.331407185062097,6.9338061051987205,53.61819829109749,0,2026-09-22 23:22:54
2026-09-22 09:53:00,CNC-01,L,296.3801813173414,310.9601738056181,1391.1352923921145,50.92241014319206,193.1951494096545,2.648266187639391,13.086048332480205,54.03879707287653,0,2026-09-22 23:22:54
2026-09-22 00:45:00,CNC-01,L,298.6409190261393,310.749874726675,2705.9449262192434,15.348437955625478,105.12215931995976,3.229694702996213,8.002750534380628,51.02875416148928,0,2026-09-22 23:22:54
2026-09-22 16:53:00,CNC-02,M,305.01690421473916,314.00701801401505,1802.9949207732518,43.27489486899286,99.99998913001679,2.416893859034648,14.907704429341543,40.27517266408636,0,2026-09-22 23:22:54
2026-09-22 13:52:00,CNC-02,M,298.00958853930285,312.1609360002133,,50.0215125791106,44.16546978701543,2.078836914609354,13.579027364049395,57.2747199498773,0,2026-09-22 23:22:54
2026-09-22 12:03:00,CNC-03,H,296.76927352186357,311.2651702207493,1490.99768988174,51.92787261219236,73.18508071501665,2.2346056110259553,14.43599646331986,57.235846498634146,0,2026-09-22 23:22:54
2026-09-22 12:14:00,CNC-03,H,297.04833988656895,311.8653427233272,1422.830994446225,55.698419129304526,90.63150129205879,2.120310498621368,14.772002519386639,59.14592429096341,0,2026-09-22 23:22:54
2026-09-22 19:02:00,CNC-03,H,299.6253067787404,314.2159838049072,2125.346904864978,33.07758826468127,219.80346043921068,3.3311609758204526,13.213822494414288,53.7197356589045,0,2026-09-22 23:22:54
2026-09-22 20:05:00,CNC-02,M,300.44646924073834,314.4912459068568,2474.6582316120735,25.51096736146314,123.06894542767925,3.246986254328654,11.747521419850953,52.608135828220504,0,2026-09-22 23:22:54
2026-09-22 17:22:00,CNC-01,L,26.31453119088286,41.43124893135149,1924.0303193063457,41.02181713517861,199.8857994841004,3.289995735031084,14.760010667942666,52.89054574538309,0,2026-09-22 23:22:54
2026-09-22 10:14:00,CNC-02,M,296.08099830425004,311.35019347558557,1458.2991982070434,53.50271507210147,170.10539757332802,2.502171851388415,14.64274329487651,60.17403251404984,0,2026-09-22 23:22:54
2026-09-22 11:19:00,CNC-02,M,296.727813426908,310.93801129298294,1425.9496983630522,,25.28589213599165,20.042314369121666,13.540358009837881,57.47638561238093,0,2026-09-22 23:22:54
2026-09-22 06:19:00,CNC-01,L,296.53661601437415,310.6316634867918,1903.2032578596968,35.69903816603697,77.96495765007525,2.5554553187552385,12.631984291891223,56.57710083620912,0,2026-09-22 23:22:54
2026-09-22 18:29:00,CNC-01,L,299.7721856811913,313.67731392417187,2092.7459246031535,31.901097682969915,86.64692868739984,2.781266661946592,12.32045234066901,51.12756794720454,0,2026-09-22 23:22:54
2026-09-22 20:11:00,CNC-02,M,300.44401872799267,314.85658715506617,2278.5594361346907,30.16554877491376,130.19569664326986,3.030101986379456,510.373137524197,51.25216588630239,0,2026-09-22 23:22:54
2026-09-22 14:52:00,CNC-01,L,298.3634191417826,313.6707257074278,1708.5245762896698,44.40602711248982,217.65349936101697,3.3761314380478287,14.123199010388392,55.03346838189315,0,2026-09-22 23:22:54
2026-09-22 16:54:00,CNC-01,L,299.4052709050494,314.09400849561735,1761.7416430544401,41.34098274364464,161.07790161599823,2.7239684914131677,13.58633849813579,49.8651959588675,0,2026-09-22 23:22:54
2026-09-22 13:36:00,CNC-02,M,297.7700936865651,311.932185022625,1377.0079422434148,52.579885043622426,19.060518841860368,2.0648085619090923,13.581424580661212,57.38892954499403,0,2026-09-22 23:22:54
2026-09-22 17:26:00,CNC-02,M,32.42578119515332,40.41213246090592,1938.8336067196121,33.29375603576075,145.90751812727618,2.8008581024081667,11.931422692101416,38.90765762907688,0,2026-09-22 23:22:54
2026-09-22 06:41:00,CNC-02,M,296.2364337813844,310.5103310876397,1836.8456614350314,38.15372008414565,77.72486525106929,2.5318960824795544,13.199883741059812,58.51562479092579,0,2026-09-22 23:22:54
2026-09-22 13:41:00,CNC-02,M,297.76277684338595,311.9343308738304,1356.0315535473676,51.96612643212037,26.949445785584366,1.9089555261574302,13.096024770376177,55.0059047413709,0,2026-09-22 23:22:54
2026-09-22 23:04:00,CNC-03,H,298.9653271670632,310.00366035210345,2702.8174718168443,13.567870275297873,2.078014598663274,3.2215330113985376,7.079683908106568,54.51315049869998,0,2026-09-22 23:22:54
2026-09-22 22:18:00,CNC-03,H,299.0232115225962,312.7063646070536,2550.455832430675,23.146998875106213,207.84717025184025,3.6120386243301223,11.099043263587403,51.65385111169436,0,2026-09-22 23:22:54
2026-09-22 11:49:00,CNC-01,L,296.855641735885,311.35008647407915,1323.9089306586488,54.09438013886805,157.87515930621097,2.4925572808886267,13.495338022410834,56.7836260517705,0,2026-09-22 23:22:54
2026-09-22 03:41:00,CNC-03,H,296.47612199052395,310.0696833639116,2442.413762121204,26.601099253518775,121.31009968320959,3.1122930465563488,12.141835237379352,55.02658854554545,0,2026-09-22 23:22:54
2026-09-22 00:54:00,CNC-01,L,298.86800618710635,310.6310422195442,2750.8977183515412,13.711636501045984,114.84400784831033,3.3421555252977977,6.894616047616077,53.20907902004885,0,2026-09-22 23:22:54
2026-09-22 15:32:00,CNC-01,L,298.6265707719169,312.94403138227096,1647.0467177354706,46.050398854996644,42.16028299079456,2.2739407524435546,14.180895308718496,60.295183306531335,0,2026-09-22 23:22:54
2026-09-22 12:55:07,CNC-02,M,24.12273501320925,39.55411287516165,1385.9004013420777,57.02688986095173,177.79110559813216,2.4282667891709764,14.573157754635295,56.16446943151755,0,2026-09-22 23:22:54
2026-09-22 15:24:00,CNC-01,L,298.3964580366439,311.7945097911247,1256.487115010608,49.880050028646046,30.178284390435348,1.9149733966671563,11.659799888476837,52.765841653944015,0,2026-09-22 23:22:54
2026-09-22 12:19:00,CNC-01,L,297.4018623785834,311.9978203309726,1455.0025023441174,48.54062878659103,205.5777661989026,2.9317356820179556,13.155719966552626,55.53690425603732,0,2026-09-22 23:22:54
2026-09-22 21:07:00,CNC-01,L,299.6269553987665,311.7362544014995,2492.837620885767,18.8565818859145,43.752162422304394,3.030121342048266,8.827960491633077,,0,2026-09-22 23:22:54
2026-09-22 07:50:00,CNC-03,H,295.70086056225875,309.8915637183444,1753.4023631456132,38.25426485191311,194.14418889783224,2.9006324488551956,12.615113128705048,58.22062480097297,0,2026-09-22 23:22:54
2026-09-22 03:26:00,CNC-03,H,296.54229531658086,309.8742131178393,2454.850519667619,24.49659416091426,103.95213893239688,3.0826742533399467,11.471399796327718,59.35234063227489,0,2026-09-22 23:22:54
2026-09-22 13:51:00,CNC-01,L,298.2331844542972,312.38164424430283,1457.4706792123409,48.75442247986027,123.4030184478669,2.2896423111141466,13.272026358285801,53.995963834605895,0,2026-09-22 23:22:54
2026-09-22 10:31:00,CNC-03,H,296.34854418709546,311.0110231108751,1545.6882085314485,47.46181737527859,185.07202802711106,2.5496058584587376,13.867863935935487,58.132681145826,0,2026-09-22 23:22:54
2026-09-22 00:05:00,CNC-01,L,298.94510102195164,311.6329470334736,2633.012646288055,18.679866007825535,62.50826004078676,3.1303098265403007,9.08762255002682,52.31386525406761,0,2026-09-22 23:22:54
2026-09-22 17:22:00,CNC-03,H,25.648273541765207,39.25658441405045,1780.5219195644722,35.91635886947671,87.81413744824785,2.458457628423356,12.038147046418498,53.9155051741105,0,2026-09-22 23:22:54
2026-09-22 10:08:00,CNC-03,H,296.3570015831359,311.29828925165725,1439.4105343240678,54.662904503980045,149.0244713026603,2.290536763611224,14.739496099596284,58.514454317104004,0,2026-09-22 23:22:54
2026-09-22 15:57:00,CNC-03,H,298.5879477432091,313.7746814429834,1616.6359396004514,46.59994286698386,218.39997299070967,3.030599357405284,13.9852234130543,54.87292253357768,0,2026-09-22 23:22:54
2026-09-22 06:34:00,CNC-03,H,295.8401688952736,309.7828996496376,1812.900584101756,38.4418524492428,86.5082857338483,2.518989660811633,13.069977019492597,61.36954431413024,0,2026-09-22 23:22:54
2026-09-22 12:30:00,CNC-01,L,23.95280219423239,38.68850969507179,1321.04018445039,54.41500981392539,223.08170495119987,3.0122670094936077,13.340981133463393,57.72578551534338,1,2026-09-22 23:22:54
2026-09-22 10:50:00,CNC-03,H,296.4142655469995,311.1062661811299,1413.9812130157295,50.14079357644999,215.0782164566612,2.703776278203592,13.356280745806691,55.879259088727466,0,2026-09-22 23:22:54
2026-09-22 01:57:00,CNC-01,L,298.4351406604313,312.1435719480432,2564.7676668895224,23.485743702727326,182.8386435288325,3.8047606808739043,11.278905574605057,53.31482653356059,0,2026-09-22 23:22:54
2026-09-22 03:42:00,CNC-03,H,296.5797451330139,309.9804655189368,2441.3579970580404,22.669866913679666,122.47525554672,3.105444226251585,10.490117470716976,58.45065065303473,0,2026-09-22 23:22:54
2026-09-22 06:28:00,CNC-02,M,296.2475959297711,309.9263971737468,1976.4959454826255,31.54975206814991,60.03158906202342,2.6007792693025733,11.721413175203987,54.316929756754455,0,2026-09-22 23:22:54
2026-09-22 01:03:00,CNC-01,L,298.8918542571794,310.60813662719494,2797.3651794034918,11.864173825690393,124.47467908860352,3.601727110386672,6.524802303787915,52.34051631230345,1,2026-09-22 23:22:54
2026-09-21 23:57:00,CNC-01,L,299.0085929821887,311.0738609092473,2718.88242852822,16.558373568381352,54.03790351925333,3.369975227163888,8.516935360291194,53.00970395147453,0,2026-09-22 23:22:54
2026-09-21 23:34:00,CNC-02,M,299.03427117003605,311.2508435738029,2782.7220487935674,16.580526971335384,37.842322619692716,3.293948791214213,8.419149770712725,54.36615097731425,0,2026-09-22 23:22:54
2026-09-22 15:18:00,CNC-03,H,298.2732188738152,313.6478290714038,1600.8721938295007,51.97213440285536,160.1503791767431,2.516897705767625,15.476538211242273,56.44950078705971,0,2026-09-22 23:22:54
2026-09-22 03:51:00,CNC-01,L,297.4096681723433,310.58591486956936,2285.906150597943,24.298849222341282,93.66772514877435,3.023667831946126,10.057506678293619,56.58147864128274,0,2026-09-22 23:22:54
2026-09-22 20:06:00,CNC-02,M,300.6438497333822,315.31626724624425,2534.0854478217,27.737867634669087,124.2223301033883,3.225549312060271,13.172161122708225,48.68160903833897,0,2026-09-22 23:22:54
2026-09-22 21:06:00,CNC-01,L,299.57007650628077,312.24714478045274,2508.5004732153357,22.059091557082873,42.6086114625235,3.0414441149072635,10.362355429841429,51.35311437137447,0,2026-09-22 23:22:54
2026-09-22 19:18:00,CNC-02,M,300.5122176961973,313.55502595806365,2348.7610872494756,22.78565662273031,66.05957318425658,2.8692850331275936,10.093123778054862,51.48841440267624,0,2026-09-22 23:22:54
2026-09-22 06:10:00,CNC-03,H,296.12517935510346,309.6360383792948,1887.2357397887818,33.63005889407998,53.88394791937451,2.46589264392809,11.878523182051312,53.7569406233701,0,2026-09-22 23:22:54
2026-09-22 06:36:00,CNC-03,H,296.1225369195771,309.7509091036347,1924.306949456736,34.52908070703993,89.26875312550766,2.513593403332654,12.703346704214237,57.15960125114473,0,2026-09-22 23:22:54
2026-09-22 22:16:00,CNC-01,L,299.1042445675081,311.74781154904736,2555.0842927108174,18.267343221402285,119.72206979229298,3.2415090815294083,8.492882487429211,53.26362835118311,0,2026-09-22 23:22:54
2026-09-22 03:48:00,CNC-01,L,297.53531711333187,310.7528467705305,2294.172263439051,24.395531091349543,90.01399894933822,2.9892559599670867,10.450991457246607,52.547175454782675,0,2026-09-22 23:22:54
2026-09-22 07:41:00,CNC-01,L,295.99504196692124,310.5617876377053,1654.7281578443042,43.858098362743185,192.9589403169305,2.9504123912756723,13.34146649189522,62.494009467050205,0,2026-09-22 23:22:54
2026-09-22 02:51:00,CNC-02,M,297.37173732201563,310.40805309144116,2455.30103343271,23.09162931247909,32.6357730579493,2.983986971915051,10.588239209810988,54.76578388462169,0,2026-09-22 23:22:54
2026-09-22 07:29:00,CNC-02,M,296.00090738384125,310.22485818379016,1867.3097922566753,36.031872666573385,145.01107649248974,2.70458899134239,12.53933526385919,55.592863677622496,0,2026-09-22 23:22:54
2026-09-22 16:08:00,CNC-01,L,299.14524961206934,313.4467576110661,1661.6918833391262,44.26986156291358,95.33499359562767,2.4639669216171667,13.53142416624454,52.98289773145244,0,2026-09-22 23:22:54
2026-09-22 00:50:00,CNC-01,L,298.78904872175156,311.1557883347062,2741.535527225015,16.581956701956123,110.51503853245777,3.385265473431565,8.108375527246812,53.16663491106422,0,2026-09-22 23:22:54
2026-09-22 10:47:00,CNC-03,H,296.58233420012414,311.792787183976,1461.0473653486183,51.9596222911914,210.31503180638916,2.783308352719703,14.169588210097253,59.63487116775483,0,2026-09-22 23:22:54
2026-09-22 02:52:00,CNC-01,L,297.8555650436898,310.3082536639754,2480.943534903823,20.930002998140107,24.847695689227855,30.2762172497305,9.74661287169181,54.10327515802931,0,2026-09-22 23:22:54
2026-09-22 21:51:00,CNC-01,L,299.46143991259646,311.6799205491904,2633.964161746917,17.74367976897113,92.50874096327917,3.299783422522533,8.532726689124594,51.26286478038359,0,2026-09-22 23:22:54
2026-09-22 21:28:00,CNC-02,M,300.0629301005435,312.7863489630741,2455.556761298626,21.288081165158566,13.377477585146984,3.060253227650062,9.939201670538445,55.606703284563835,0,2026-09-22 23:22:54
2026-09-22 19:38:00,CNC-02,M,300.6361323788011,314.7323103560549,2246.8429731931465,29.795902800653373,90.7294592101519,2.9451095916765575,12.484629676177303,49.22074311090744,0,2026-09-22 23:22:54
2026-09-22 18:18:00,CNC-01,L,26.548470441312816,40.25820435080885,2132.193957292593,31.325059210493027,72.33362262209566,2.809903991271871,12.466297636279556,55.71805461838392,0,2026-09-22 23:22:54
2026-09-22 22:15:28,CNC-03,H,299.3631374848386,311.5657224116957,2695.656428521996,14.423059591496074,204.5451102671102,3.662844039376289,7.082609385431384,50.6980700968991,0,2026-09-22 23:22:54
2026-09-22 20:52:00,CNC-03,H,299.46715564112895,311.5713790176277,2658.8414270477783,16.386216608056483,111.60997824574358,3.3094532895758673,8.220710289290748,50.695934479771026,0,2026-09-22 23:22:54
2026-09-22 16:34:38,CNC-03,H,298.5973885406082,312.6172384519621,1856.201951419861,38.17501756201756,20.21448401292211,2.4825340899946857,0.0,53.89105476551182,0,2026-09-22 23:22:54
2026-09-22 20:53:00,CNC-01,L,299.5057675996614,312.1948441878442,2549.6820068731945,22.032952024116994,27.787483462820912,3.127873940329435,10.350034215135333,50.91073884457416,0,2026-09-22 23:22:54
2026-09-22 01:10:00,CNC-02,M,298.0920339188503,310.29075109245775,2641.7695899882196,15.586963152890318,140.13360084454968,3.401368770571292,7.620342019171911,57.030789047454405,0,2026-09-22 23:22:54
2026-09-22 08:17:00,CNC-03,H,295.4013873635469,310.91638448645944,1753.8763363751525,46.43373703206012,233.86882419033242,3.287586139938763,15.382434819104612,57.61314339195904,0,2026-09-22 23:22:54
2026-09-22 22:36:00,CNC-02,M,299.8103095756978,312.4469212828411,2579.9867570609435,18.04118220612747,88.23025650412401,3.1925771036622277,8.674963195202551,51.54641996712721,0,2026-09-22 23:22:54
2026-09-22 09:28:00,CNC-01,L,296.26466556492073,310.9661926209332,1496.4131999325095,50.76388080846783,154.50362592991328,2.549530094791668,14.201355892914398,59.499813175176456,0,2026-09-22 23:22:54
2026-09-22 00:22:00,CNC-02,M,298.6180288748822,310.79047465403556,2828.4796719506608,15.770560668772697,88.83102293427417,3.295461347083023,8.291013919501182,58.90675823292352,0,2026-09-22 23:22:54
2026-09-22 10:09:00,CNC-01,L,296.3647556883404,309.8982999528332,1421.3979891255415,48.34141343490859,0.0,1.9986247843911227,12.747176354167554,56.57184087116949,0,2026-09-22 23:22:54
2026-09-22 00:40:00,CNC-01,L,298.74630743882454,311.0655979061571,2668.118351658105,17.15435020783258,99.86749507077835,33.01588518648795,8.821931766668287,57.328561731590455,0,2026-09-22 23:22:54
2026-09-22 22:30:00,CNC-01,L,299.29489101682844,312.1473470518546,2689.821170289785,18.008780157592145,134.86891318637157,3.497749651667509,9.38428506577424,54.72387330284594,0,2026-09-22 23:22:54
2026-09-22 03:24:00,CNC-02,M,296.4290871045525,309.07189646372404,2395.533964948792,22.028156981663596,70.63229002261079,2.9385132554019995,9.855961194941798,55.85344838251737,0,2026-09-22 23:22:54
2026-09-22 22:27:00,CNC-03,H,299.04811404535815,312.6624354171135,2600.9325026576953,22.281583343370276,217.65805903208673,3.8320032534736503,10.858131711142404,57.070375248652034,0,2026-09-22 23:22:54
2026-09-22 22:47:00,CNC-03,H,299.10555951865746,313.1559456362314,2738.3202323817864,22.43620511663068,239.06586448830654,4.21692376399517,11.54747468243729,51.31844221998884,0,2026-09-22 23:22:54
2026-09-22 11:02:00,CNC-01,L,296.6159505285788,310.9971679556811,1467.9417926541319,50.36426937074583,83.37496654142639,2.172665053599179,13.822681781642139,54.34584689315283,0,2026-09-22 23:22:54
2026-09-22 06:34:00,CNC-01,L,296.2838067303823,310.7296466243425,1926.1332049840264,38.09915772297622,98.40119574299821,2.6036165671884093,13.480228925384784,55.62958788980901,0,2026-09-22 23:22:54
2026-09-22 16:16:00,CNC-01,L,299.073242489764,313.73030122315686,1609.146080965408,47.12170065103084,106.95001598016964,2.34399300801422,14.096489163085716,52.0752384461469,0,2026-09-22 23:22:54
2026-09-22 17:46:00,CNC-02,M,32.43748032513298,41.05669672428871,2180.3662635547817,32.48399677128134,172.86629474191867,3.081962795183905,13.289664574598868,42.621468274886865,0,2026-09-22 23:22:54
2026-09-22 07:39:00,CNC-02,M,296.003459128386,310.66590936585936,1582.9566465065604,44.630751676800045,159.273763606034,2.5298025330759857,13.196286037973826,57.21361574519644,0,2026-09-22 23:22:54
2026-09-22 17:28:00,CNC-02,M,32.0586283925075,41.04225634104358,2055.53188121588,35.70453135536139,148.60363123124924,2.977336922973056,,40.761090905200525,0,2026-09-22 23:22:54
2026-09-22 03:34:00,CNC-03,H,296.6819638574753,310.00734294831415,2337.235987953636,24.190088598676706,113.23063553327088,3.0776115337483567,10.517940272864532,53.48988795752049,0,2026-09-22 23:22:54
2026-09-22 20:55:00,CNC-01,L,299.6728912052127,311.34975822987684,2677.664617544225,16.356683170977625,29.9913053779108,3.164676833825535,8.144117595283998,48.080256267616925,0,2026-09-22 23:22:54
2026-09-22 04:08:00,CNC-02,M,296.4253530070968,310.44290535373426,2264.33038944059,30.190000232161896,123.0782859684158,28.984646871139653,12.951186048369978,62.32984400903805,0,2026-09-22 23:22:54
2026-09-22 12:35:00,CNC-01,L,23.88946294840855,37.83210004134156,1436.3418156396624,52.03535976718818,3.1700924629012093,2.039693575467415,14.012931200816993,53.3852521506134,0,2026-09-22 23:22:54
2026-09-22 17:27:00,CNC-03,H,26.145021512253663,39.7925558121413,2070.4268321928516,30.696290190397193,94.6760495208456,2.7324159914257433,11.669882233162038,52.43182931051321,0,2026-09-22 23:22:54
2026-09-22 02:27:00,CNC-02,M,297.1820284844867,308.5495232471361,2635.086947563851,14.438756444481692,5.571650243545142,3.121247952448168,6.94860643713761,59.6178368659843,0,2026-09-22 23:22:54
2026-09-22 22:43:00,CNC-02,M,299.6292978561505,312.2976186180037,2603.1400809991933,16.797761641867258,95.78856185037579,,8.19426351577956,50.666094183845814,0,2026-09-22 23:22:54
2026-09-22 21:01:00,CNC-02,M,300.18256659018283,313.88077141785055,2528.3164436521856,20.92964872538714,188.16603288293018,3.6666659478314685,9.880418367214125,53.81661567640238,0,2026-09-22 23:22:54
2026-09-22 19:13:00,CNC-03,H,299.53615975361026,314.41728005376467,2117.3808576899196,33.93377459300967,233.66679486960916,3.5691427894542778,13.248001595445137,47.170711067102914,0,2026-09-22 23:22:54
2026-09-22 03:56:00,CNC-03,H,296.0528923865049,309.11304487942647,2400.1859640008233,22.06395211661269,138.9381082545697,3.2586640488315015,9.782307908624192,60.51764626631942,0,2026-09-22 23:22:54
2026-09-22 03:39:00,CNC-02,M,296.3973530486344,310.3189287983338,2351.049766040036,28.340876656094096,88.2231642865567,2.9874720572280142,12.536346933820877,55.224048853545625,0,2026-09-22 23:22:54
2026-09-22 13:29:00,CNC-02,M,24.308214406193258,38.24499938452209,1535.4406009782808,45.645768903234256,7.888027012002574,2.0990435780135788,13.038824488333608,54.51172881044207,0,2026-09-22 23:22:54
2026-09-22 21:33:00,CNC-03,H,299.2112534524361,312.713944034566,2355.71065311342,25.412571158637444,158.0766355964491,3.2001335267637137,11.080816161248762,51.994284230351845,0,2026-09-22 23:22:54
2026-09-22 13:45:00,CNC-02,M,297.63278109111724,311.6544791019888,1394.115279683185,49.92767731501694,33.20651097046874,1.9995277163587903,13.22802594354841,51.64236241455376,0,2026-09-22 23:22:54
2026-09-22 22:09:00,CNC-02,M,299.5556988569545,312.1815406538146,2596.3928329718747,17.082033144408232,58.8627880737665,3.1403275506573105,8.180138188353748,45.788750768314834,0,2026-09-22 23:22:54
2026-09-22 07:32:00,CNC-03,H,295.88989479281753,310.99529533667464,1751.891398681173,44.927420740075775,168.25852901149824,2.580975628166466,14.828722047428267,57.848358921720795,0,2026-09-22 23:22:54
2026-09-22 10:06:00,CNC-01,L,296.28848611667917,310.91831750856784,1482.8656790052933,48.44271032697899,213.61799716804086,3.1332166349822432,13.39960501130575,58.53454515527493,0,2026-09-22 23:22:54
2026-09-22 06:39:00,CNC-02,M,296.2254926318981,310.8297598916778,1904.478870898856,40.17978738350246,75.02282217490486,2.590750153612093,14.255232019240202,62.37848630858583,0,2026-09-22 23:22:54
2026-09-22 16:27:00,CNC-02,M,299.1628294808244,312.8154871848597,1610.9999488561334,40.295001893252135,63.07683287729775,2.2657410916667033,12.085211795122584,58.08260982790331,0,2026-09-22 23:22:54
2026-09-22 02:18:27,CNC-03,H,302.6915891773611,308.8379855137186,2402.8610380613654,19.36863914287064,27.266472753823223,2.9046265553638304,8.610153073795525,46.03660946064079,0,2026-09-22 23:22:54
2026-09-22 09:20:00,CNC-03,H,295.76283443802123,309.80896665207314,1457.0881585283516,48.27338430998288,74.51426870495972,2.0608913607785766,13.028115216819364,62.86309519251823,0,2026-09-22 23:22:54
2026-09-22 15:41:00,CNC-01,L,298.7209147873882,312.8430195411673,1542.9721907809253,44.97123699670825,55.55649403577785,2.2056317057133548,13.06888833048866,51.353938841680915,0,2026-09-22 23:22:54
2026-09-22 03:06:00,CNC-03,H,296.81912420596,309.6416702298247,2500.0017914007085,20.60008012344323,80.89316117414965,3.178520940731661,9.72023474714917,54.971222955949344,0,2026-09-22 23:22:54
2026-09-22 03:53:00,CNC-01,L,297.25182085952184,310.00883444477154,,21.316905873693567,96.04496182745464,3.0891735963857188,9.601465551401855,60.5170143503779,0,2026-09-22 23:22:54
2026-09-22 00:43:00,CNC-02,M,298.50005941238004,310.29122139050304,2736.0815996060733,14.346615371540274,111.37375116490232,3.2064573785387136,7.3769630754529185,50.933079784689916,0,2026-09-22 23:22:54
2026-09-22 09:29:00,CNC-03,H,295.87833545855,310.06915913761554,1496.7826153074684,47.1068096900484,88.3474861884389,2.3010450314817197,13.480536409333066,62.626084766343695,0,2026-09-22 23:22:54
2026-09-22 21:08:00,CNC-03,H,299.7049028562052,311.88674866430296,2510.447346301758,16.843951264031404,129.82190478171552,3.206421461627016,7.982163121596514,50.97136831983342,0,2026-09-22 23:22:54
2026-09-22 18:38:38,CNC-02,M,299.9523390536356,313.4088978562336,2075.185864461028,29.886152470497194,16.886947275408208,2.551640560223112,11.753684465776558,52.278837641943234,0,2026-09-22 23:22:54
2026-09-22 12:48:00,CNC-02,M,23.94483795269116,39.05938437627486,1503.6750254027447,51.14287719996612,166.67033957681303,2.5614806134936488,14.311390215844952,57.427019924135784,0,2026-09-22 23:22:54
2026-09-22 11:35:00,CNC-02,M,,310.38301000162085,1345.4842441991868,49.18433588468261,50.73411853437677,2.089611794915116,12.432104165260759,61.41408408292253,0,2026-09-22 23:22:54
2026-09-22 15:39:00,CNC-03,H,298.22847063111897,313.09326487431423,1584.541508086519,46.59305596067922,191.69406931254895,2.7419774457876125,13.852503788625416,54.93991770704223,0,2026-09-22 23:22:54
2026-09-22 09:18:00,CNC-02,M,296.1357993492748,310.62575217362865,1595.3914301015334,45.145716350595144,83.13346302900831,22.713451905067537,13.712484505807515,54.02881254935227,0,2026-09-22 23:22:54
2026-09-22 05:52:00,CNC-03,H,295.95434120162804,309.97707346851325,2012.6301444794015,35.37116501420086,29.884743476260066,2.562332311381938,13.223082712274886,59.40741391535092,0,2026-09-22 23:22:54
2026-09-22 21:20:00,CNC-02,M,299.7433025144505,311.81835441652606,2551.770871317715,16.679531039079038,4.498584862467501,3.0394851274196526,8.219708890554154,53.77912182551814,0,2026-09-22 23:22:54
2026-09-22 09:10:00,CNC-03,H,296.2863949920683,311.1965325914626,1777.954379205922,46.785215873555856,59.26730120525286,2.405922138744836,15.28724753807173,59.07587727222773,0,2026-09-22 23:22:54
2026-09-22 09:16:00,CNC-03,H,296.0768765916545,,1708.8859784382987,40.309314925848824,68.46427217389213,2.308971300238077,12.914961016256857,56.36139907769345,0,2026-09-22 23:22:54
2026-09-22 21:19:00,CNC-03,H,299.67615017837187,312.75434547712996,2414.0569753939785,23.629215143936843,142.22861859610754,3.2338207211708108,10.684468793948763,51.333397378900536,0,2026-09-22 23:22:54
2026-09-22 18:12:00,CNC-03,H,26.13636333418941,40.642250862257356,2084.3673708393726,33.946838130000856,155.3919616833361,29.138813937032932,13.212746035766173,54.30899904100105,0,2026-09-22 23:22:54
2026-09-22 01:47:00,CNC-01,L,298.62079161046086,310.94855410561314,2635.964776710546,16.205328189842913,171.81154178851293,3.6639627744656327,8.131008047590635,55.43835124769498,0,2026-09-22 23:22:54
2026-09-22 03:16:00,CNC-01,L,297.73748227715447,311.41021440143936,2418.193511523786,27.299896742202787,52.51137617254728,3.0172452795491713,12.233355521632271,56.90921920133129,0,2026-09-22 23:22:54
2026-09-22 11:26:00,CNC-01,L,296.75270185297046,311.41092068175243,1402.3142319526962,53.23318421113483,121.42256551907667,2.2375033585430075,13.90516168816597,54.15999336206284,0,2026-09-22 23:22:54
2026-09-22 16:55:00,CNC-01,L,299.28982906491063,313.9184480754355,1905.1137622389717,39.94073117766106,162.44717569424014,2.9192098108655293,14.214862702576772,52.662433079256985,0,2026-09-22 23:22:54
2026-09-22 03:08:00,CNC-03,H,296.5852872900861,308.96792744750337,2465.1371926238767,18.302607458548227,83.18362441233052,3.1014394408751342,8.46744165820865,57.15202669359449,0,2026-09-22 23:22:54
2026-09-22 22:28:00,CNC-01,L,299.03018628194627,311.9775436601249,2685.9238224113656,20.124793604280896,132.7068618767652,3.3714062850721684,10.117552218341842,57.41822311149057,0,2026-09-22 23:22:54
2026-09-22 08:04:00,CNC-02,M,296.0894738395938,310.8770614283973,1608.5834744017898,44.440137418535436,195.54676673038614,2.8337820125739768,13.375147526046913,59.27958176349852,0,2026-09-22 23:22:54
2026-09-22 18:30:00,CNC-01,L,299.8742640912531,313.5190730934992,2203.0149462491217,28.34617868047341,87.89607840274374,2.768733665621947,11.530305914524984,53.417381960529816,0,2026-09-22 23:22:54
2026-09-22 21:46:00,CNC-02,M,299.70137717749014,312.7125801421661,2521.45962568337,21.70402798101181,33.41522718663539,2.922035556166995,10.361029370160624,46.30110166425817,0,2026-09-22 23:22:54
2026-09-22 02:08:00,CNC-03,H,303.19179836631076,309.4524611356295,2574.4803450662284,19.037741589998163,16.173128070229218,3.1082882901983733,9.21802290227648,40.798251030246746,0,2026-09-22 23:22:54
2026-09-22 01:55:00,CNC-02,M,298.14159844388837,311.78766255726646,2636.7101146182044,22.33998681160249,188.60673732572633,3.6491955611563385,10.844541150794328,50.27054649815919,0,2026-09-22 23:22:54
2026-09-22 01:51:00,CNC-02,M,297.6310359157183,311.49839055396154,2537.790892646201,23.972253204820746,184.32032849351134,3.5568473685649176,11.195452233324696,55.99419645641992,0,2026-09-22 23:22:54
2026-09-22 07:28:00,CNC-02,M,296.1933918630275,311.1815482036067,1801.006584004033,42.289866814884526,143.6269900167919,2.77238264117037,14.198800870202344,50.54245064533397,0,2026-09-22 23:22:54
2026-09-22 16:23:00,CNC-01,L,299.17107448558033,313.120426264064,1880.0940503937043,35.87297071925121,117.04993161563043,2.6316872735195522,12.69008006715126,2154.3660600673193,0,2026-09-22 23:22:54
2026-09-22 04:33:00,CNC-02,M,296.35922887862705,310.92009426633314,2285.9854413316675,30.54104779439773,153.40371158415815,3.171979604759213,12.7863482802648,57.379347354994955,0,2026-09-22 23:22:54
2026-09-22 10:39:00,CNC-01,L,296.49519247304585,310.0714355369208,1436.5428594695004,45.46796880080399,47.082970153705,2.1431355475595004,11.984528088687902,58.37613246736767,0,2026-09-22 23:22:54
2026-09-22 00:40:00,CNC-02,M,298.63374516706057,311.16883084585606,2518.985929596765,19.110857370177968,108.08247367420904,3.123071497249203,9.248370392325066,51.81390708994769,0,2026-09-22 23:22:54
2026-09-22 11:11:00,CNC-02,M,296.65773906007024,310.66777530830905,1336.9012516092544,53.58774796099145,12.641378728269803,1.9623436218819965,13.313621689778216,54.950330633597126,0,2026-09-22 23:22:54
2026-09-22 12:12:00,CNC-02,M,297.03845466401776,311.5036544982016,1282.6461071401905,53.99800881424583,109.4314733719366,2.124615092260126,12.878329010421877,53.77529239733363,0,2026-09-22 23:22:54
2026-09-22 16:30:00,CNC-03,H,298.6671882829032,312.9267492018457,1815.07877450324,42.04068197001991,14.378372814274119,2.3445197806317672,14.083607499420053,50.71507738394572,0,2026-09-22 23:22:54
2026-09-22 19:54:00,CNC-03,H,299.79945691216744,313.0566864691488,2300.1930233264816,28.30766871117109,43.78716833366931,27.84739104130785,12.177566610844988,51.88873721658747,0,2026-09-22 23:22:54
2026-09-22 09:41:00,CNC-03,H,296.0206156304518,310.87756206304687,1511.6130436111137,49.14595113093511,106.96515474579996,2.2860998091213722,13.575327765872073,60.7705535301301,0,2026-09-22 23:22:54
2026-09-22 18:52:00,CNC-01,L,299.9293442677547,314.0803021024947,2100.613354983029,33.47492355676016,116.16810373153342,2.8805712933490573,13.198153323529072,51.05599021636344,0,2026-09-22 23:22:54
2026-09-22 03:39:00,CNC-01,L,297.7078813692789,310.25837298369856,2309.922450800338,22.471178690728344,79.3464839869964,2.999246602662374,9.843421024754257,53.187371636090305,0,2026-09-22 23:22:54
2026-09-22 07:08:00,CNC-01,L,295.96829535213203,310.8124103426517,1848.1987234936814,41.28268424782158,145.74880735349825,2.7566262602568594,14.191550350134023,52.35490696238063,0,2026-09-22 23:22:54
2026-09-22 12:14:00,CNC-01,L,297.11154694051794,312.11717867318004,1386.6307088783992,,197.6400900737668,2.744507496193254,14.08946512160424,54.85777768815119,0,2026-09-22 23:22:54
2026-09-22 04:32:00,CNC-02,M,295.9694060324568,310.4012189684809,2321.361156500844,29.777094978580077,152.17407802286112,3.1738410118648703,12.829141568529085,58.995361072450976,0,2026-09-22 23:22:54
2026-09-22 08:33:00,CNC-01,L,296.0172816799117,310.0198957328753,1744.5043427084577,41.10925673738132,70.34937838807376,23.93919793600454,13.50082690671416,57.066947770683235,0,2026-09-22 23:22:54
2026-09-22 11:43:00,CNC-02,M,296.44320205182646,310.349957851058,1350.4676183108377,47.3371610490901,63.42635985621102,1.9529364838732601,12.370437430025946,53.0495788797336,0,2026-09-22 23:22:54
2026-09-22 21:58:00,CNC-01,L,299.1324564516813,312.10331241417674,2522.043671386426,21.339665970110282,100.17301627831259,3.1185914987925214,9.996032923171713,54.12553014552037,0,2026-09-22 23:22:54
2026-09-22 13:38:00,CNC-01,L,297.98525828749814,312.3059744245727,1372.7682411420908,51.92695343223687,103.04296341373126,2.143036872224036,13.071845946656001,53.290449024260035,0,2026-09-22 23:22:54
2026-09-22 12:47:00,CNC-02,M,24.174803609202513,39.123662767558585,1464.4377452974045,50.23299302863816,165.09593718804044,,13.7534535683085,52.691287490235894,0,2026-09-22 23:22:54
2026-09-22 09:25:00,CNC-01,L,296.1717422601806,310.5479429039587,1599.4664045994703,43.50244387935418,149.76529571300588,2.4855961548253083,13.243757924791717,58.083205702037965,0,2026-09-22 23:22:54
2026-09-22 06:22:00,CNC-01,L,296.4662200550756,311.0136582901943,1919.5126263746427,40.03053475539372,82.09771170926899,2.6082720324940607,14.483083801427645,2189.136512577742,0,2026-09-22 23:22:54
2026-09-22 01:23:00,CNC-01,L,298.5164709832445,311.41459800347025,2678.9563672842637,19.139695733955143,146.02927440950964,35.71839482700096,9.29281466482012,53.21060818531838,0,2026-09-22 23:22:54
2026-09-22 16:07:00,CNC-01,L,298.90089074285504,313.90143512760955,1657.3727773742874,48.54097466690139,93.84447980951113,2.344890929953369,15.035185437635954,52.791688212145196,0,2026-09-22 23:22:54
2026-09-22 09:05:00,CNC-02,M,296.07494343525946,310.1980772487217,1574.1834295686624,44.80782896899143,63.33528349118411,2.255789222604405,13.287687952343992,56.69713325984938,0,2026-09-22 23:22:54
2026-09-22 19:07:00,CNC-01,L,299.50982561205757,313.90315431838263,2266.3984211626184,31.168785209900754,134.96560321660036,3.1083129514436116,13.138640450666292,53.79114322873153,0,2026-09-22 23:22:54
2026-09-22 21:48:00,CNC-03,H,299.35395394090966,311.48554298039176,2598.324915743178,15.367077291693741,174.7274797362882,3.4342451305672204,302.7079880640415,49.058540051412685,0,2026-09-22 23:22:54
2026-09-22 02:02:00,CNC-01,L,298.45903574759814,310.53546768312026,2624.1168112322393,16.156478933909494,188.24656611741136,3.770138234153822,8.359670633080935,54.59513540240753,0,2026-09-22 23:22:54
2026-09-22 19:35:00,CNC-01,L,299.8438486410251,314.30607506817165,2474.8832113862472,27.834447552357243,169.74782635160497,3.551089320056526,12.743557457110057,50.12352261751367,0,2026-09-22 23:22:54
2026-09-22 20:17:00,CNC-02,M,300.4782180734973,314.00335377224224,2559.144935884389,21.74115498366941,137.18135751511437,3.254122831545462,10.196379594922984,43.192629068176224,0,2026-09-22 23:22:54
2026-09-22 00:15:00,CNC-02,M,298.72032017465636,311.2286331098389,2700.288465387564,18.624182607053157,81.39501260527172,3.2933507121035452,9.530743855984491,56.19770078874381,0,2026-09-22 23:22:54
2026-09-22 22:46:00,CNC-01,L,299.05379202548056,311.0413614231885,2797.8955078090444,13.316301036657022,152.1117300281084,3.6683242682385946,7.154865551411787,51.946739472335395,0,2026-09-22 23:22:54
2026-09-22 16:11:00,CNC-03,H,298.82877581271083,314.1637666056163,1684.2338476504433,47.17438596915838,238.8413410729328,3.3276984619634367,14.733410606206046,48.9830122263131,0,2026-09-22 23:22:54
2026-09-22 13:35:00,CNC-02,M,297.8358814137088,311.7144577136266,1408.5844409281533,47.663582127972006,17.460518841860367,2.0336065005625676,12.601080887227631,60.54571704744588,0,2026-09-22 23:22:54
2026-09-22 09:36:00,CNC-03,H,295.961585003042,309.64969581106817,1452.506874973605,46.815853374174,99.09257002284689,2.2358537241570926,12.728211664209876,59.564285697736686,0,2026-09-22 23:22:54
2026-09-21 23:24:00,CNC-02,M,299.1741430832397,310.8634641837563,2680.5375605252016,15.72995176754027,27.15360409606308,3.4155264241479073,7.933963343810242,56.6119710466948,0,2026-09-22 23:22:54
2026-09-22 16:53:00,CNC-03,H,298.9484533682628,313.2233347459161,1836.703710980422,41.65217101184195,47.28462711531302,2.433875906770225,14.669410045130292,51.43420112310305,0,2026-09-22 23:22:54
2026-09-22 19:31:00,CNC-01,L,299.7265963724038,314.1196183451682,2333.9361153719624,28.542156937770574,164.78521067007034,0.0,12.414721163894255,53.16696850985769,0,2026-09-22 23:22:54
2026-09-22 13:13:25,CNC-03,H,24.17718506432601,39.258521366240245,1399.4628725405917,55.62860388106149,183.88642138976147,2.431448074114475,14.553989545951731,57.636803774560306,0,2026-09-22 23:22:54
2026-09-22 01:15:00,CNC-02,M,298.49586126509826,311.19506989867284,,17.608460569883693,145.55517849909452,3.634921681480556,8.889156631643534,53.916960641535034,0,2026-09-22 23:22:54
2026-09-22 18:10:00,CNC-01,L,26.531790979326615,40.204194091237525,2053.267909216443,31.531420802347046,61.7460757324524,2.6789949869593297,,53.99123511591825,0,2026-09-22 23:22:54
2026-09-22 03:46:00,CNC-03,H,296.5040420798021,309.94677655451284,2294.472436436906,26.34137926712006,127.16219432132135,84.80047048141833,11.441737130504043,56.459451890043084,0,2026-09-22 23:22:54
2026-09-22 11:04:00,CNC-03,H,296.50032531871466,312.43273102575563,1552.8623724636166,56.13249763781514,237.1490695707435,3.061755845588482,16.440762803888727,57.22018361190276,1,2026-09-22 23:22:54
2026-09-22 20:14:00,CNC-03,H,299.4153294405387,312.97399353363653,2353.147739830186,26.811993439586647,67.64015005123981,2.899356830437159,11.854887904068724,54.86436060620188,0,2026-09-22 23:22:54
2026-09-22 22:34:00,CNC-01,L,298.9735587653904,311.26259199228105,2633.6537307670983,16.600739698400325,139.25552407482093,3.455655439561588,8.07974415978497,55.891771672677756,0,2026-09-22 23:22:54
2026-09-22 17:40:00,CNC-01,L,26.408363423358423,40.080532705330825,1959.4496440138093,35.2967561052199,21.715736366890155,2.6006041131446924,12.865060344607897,53.688229896606245,0,2026-09-22 23:22:54
2026-09-22 11:58:00,CNC-03,H,296.806424335809,310.8310311974805,,50.33728617568075,65.18903708664932,2.0408668064878848,13.609400661352943,52.82846552450896,0,2026-09-22 23:22:54
2026-09-22 03:32:00,CNC-01,L,297.818256983918,311.1323185520961,2416.684608419837,23.81871754883955,71.12200542536459,2.9806139558081313,10.653442993287179,50.83565893835944,0,2026-09-22 23:22:54
2026-09-22 11:01:00,CNC-03,H,296.5473653319604,311.4694346453468,1412.021044164046,51.14112004313521,232.43254741847056,2.833834274097788,13.89563560587131,55.55681795211868,0,2026-09-22 23:22:54
2026-09-22 13:10:00,CNC-02,M,24.216990796097605,39.19522025173461,1557.5872488034775,47.55660946808811,201.48142409816285,2.8097660010459187,13.96894283963001,49.227814640231166,0,2026-09-22 23:22:54
2026-09-22 10:28:00,CNC-01,L,296.5365502132646,310.2212214450044,1385.397084270639,49.72466696464274,29.690417358155656,2.0371074501693034,12.868189226352511,62.499140984854975,0,2026-09-22 23:22:54
2026-09-22 04:35:00,CNC-01,L,302.52991511925916,310.0563766941763,2256.4035533332953,27.482609667728763,146.9327769306176,3.1195493941226844,11.613034678771958,46.33817340189919,0,2026-09-22 23:22:54
2026-09-22 15:11:00,CNC-02,M,298.63371373584533,313.51502603026603,1673.239978407124,43.850028935138944,165.54417218721167,2.5169322782895858,13.872183608532957,53.71422454308379,0,2026-09-22 23:22:54
2026-09-22 09:38:00,CNC-02,M,296.6321041429976,311.0940260790644,1507.8111263773135,46.41011860004808,114.00423975953713,2.2352087274589563,0.0,56.44573349233646,0,2026-09-22 23:22:54
2026-09-22 06:29:00,CNC-02,M,,309.8748178225177,1891.606303622883,33.36383034542128,61.39217770354988,2.3893872705054537,11.756419706459258,55.15014186252505,0,2026-09-22 23:22:54
2026-09-22 18:58:00,CNC-02,M,300.5254138393055,313.91950059785484,2259.072622393837,26.8128902662618,41.00437627579471,2.790209331216532,11.354505174261417,50.925733838988414,0,2026-09-22 23:22:54
2026-09-22 18:57:00,CNC-02,M,300.1874600114314,313.2124643311933,2218.4655207734695,25.871851526543,39.741670395808036,2.7894459053592073,11.040175871688309,49.694982123156684,0,2026-09-22 23:22:54
2026-09-22 06:05:00,CNC-01,L,296.20751124327853,309.7695443438307,1923.030268731971,33.61383172094255,59.07334878516523,2.453755187190208,11.899656194200448,60.044629027335084,0,2026-09-22 23:22:54
2026-09-22 07:49:00,CNC-01,L,296.08212009389416,309.70616360333855,1681.2107117316082,40.34649608193217,5.83496602931924,2.3845666743247667,12.91464081523724,53.3294554791161,0,2026-09-22 23:22:54
2026-09-22 01:53:00,CNC-03,H,303.54391961562357,309.13121125872095,2661.5149931973333,15.73479047311087,0.0,3.222610829001682,7.397798664940764,50.10895539835249,0,2026-09-22 23:22:54
2026-09-21 23:59:00,CNC-01,L,299.1058021362358,310.75501436241365,2741.6944473566787,15.1899600409402,56.17998031517193,3.251276276280363,7.926652977983459,54.323775095189426,0,2026-09-22 23:22:54
2026-09-22 15:18:00,CNC-02,M,298.47129212799337,313.89841936520094,1481.015814057169,54.647607792502015,176.2227897100807,2.638024911330118,15.545682813934093,53.33252807134118,0,2026-09-22 23:22:54
2026-09-22 12:30:00,CNC-02,M,24.08562489195606,38.829286737163045,1381.156516497241,53.212998742471086,138.1009324569013,2.200925196338437,13.98366808136752,58.312146286969295,0,2026-09-22 23:22:54
2026-09-22 07:31:00,CNC-03,H,295.6408568711104,310.0966985859486,1758.1820523666006,43.310772892387675,166.78497801761958,2.747057670849559,14.299229313740303,55.790930544887644,0,2026-09-22 23:22:54
2026-09-22 12:28:00,CNC-01,L,24.248365454474822,38.98454235150416,1376.1700720927113,53.80072443526981,219.89944360812697,3.1713534822125578,13.935624331586343,55.581185294051174,1,2026-09-22 23:22:54
2026-09-22 04:13:00,CNC-02,M,296.5048270640441,309.6360994180207,2374.1162510170125,22.225527488849103,129.03513775908445,3.1802932478116865,10.098823298941577,61.4101977241004,0,2026-09-22 23:22:54
2026-09-22 02:23:00,CNC-02,M,297.4819704317915,309.96888876920644,2497.064428487666,20.905986167188953,1.1271993357523769,2.972800631183539,9.58246481363813,52.63966099538773,0,2026-09-22 23:22:54
2026-09-22 22:13:00,CNC-02,M,299.3694315139864,312.47340979541633,2498.933872855728,21.23414267344096,63.27778927411675,3.1386596169451244,10.269510047100606,52.05186557880984,0,2026-09-22 23:22:54
2026-09-22 21:02:00,CNC-02,M,300.1369605255239,313.78539539652945,2458.9847967197097,22.085665909197594,189.32433918570095,3.5549425261271606,10.052701080330838,51.25327848998882,0,2026-09-22 23:22:54
2026-09-22 15:43:00,CNC-01,L,298.91884926043787,312.8444422201508,1740.0229646948683,40.840863306724295,58.47325679782475,2.416868690012295,13.022559436159822,50.033652844835366,0,2026-09-22 23:22:54
2026-09-22 04:15:00,CNC-03,H,296.371868261863,310.5963307661382,2316.4568277615076,29.212200926663197,161.70957185104086,3.1803955428032,12.600237191432655,60.45502051924639,0,2026-09-22 23:22:54
2026-09-22 01:45:00,CNC-01,L,298.2483527258954,311.3022429259443,2609.437963655488,20.000664094149144,169.640354520209,3.6876314864841424,9.780271508545297,52.43976028006671,0,2026-09-22 23:22:54
2026-09-22 02:19:00,CNC-01,L,298.08587785288836,311.2788680543188,2475.4635200898515,20.124307870584204,207.27828755375194,3.949502580278781,9.399526707664112,58.90260885374778,0,2026-09-22 23:22:54
2026-09-22 05:38:00,CNC-03,H,296.21560961036823,309.1132429573796,2140.3015083177083,27.601550853996255,11.522277273396575,2.785928050780691,11.042943322625081,58.89665313328199,0,2026-09-22 23:22:54
2026-09-22 21:09:00,CNC-03,H,299.2057367535566,312.7816765478815,2443.246148382391,24.646148453935105,130.9861894733433,3.175605370348809,11.186442232474484,54.19125814474116,0,2026-09-22 23:22:54
2026-09-22 13:30:00,CNC-02,M,24.350366979819796,38.26262050968643,1388.8415066623163,50.73595599873385,9.488027012002574,2.0994335785963667,13.203057270418915,50.260550612921506,0,2026-09-22 23:22:54
2026-09-22 22:07:00,CNC-01,L,299.5263018807767,312.3139064306822,2611.472560390902,19.62476042466683,110.00817262093689,3.1456152615161845,9.48341179250757,52.849047986810625,0,2026-09-22 23:22:54
2026-09-22 14:51:00,CNC-01,L,298.26165223460566,313.1716580623164,1501.988065844476,51.20179508270701,216.17749350987893,3.0465911367114202,14.48313959427011,56.72324443128685,1,2026-09-22 23:22:54
2026-09-22 09:33:00,CNC-03,H,296.03598322735934,310.23590734984884,1403.4119308504025,49.134149189689325,94.47677247692378,2.1552200152880387,12.762478985387396,58.025010530402916,0,2026-09-22 23:22:54
2026-09-22 10:34:00,CNC-02,M,296.2453731567475,310.6710539217,1361.1229326513742,50.17681964400101,201.85457100209084,2.739566671759415,12.65771432615079,58.32685327047589,0,2026-09-22 23:22:54
2026-09-22 03:15:00,CNC-02,M,296.8303124577015,309.96185762793993,2426.0637801502885,24.005326885195707,60.269430138898095,2.9452904046084316,11.002720885645306,57.30415185013404,0,2026-09-22 23:22:54
2026-09-22 01:58:00,CNC-02,M,297.6208265526629,311.8035945986725,2515.6741304056136,24.866916746900056,191.96546082785147,3.5712640678033925,11.900599592800901,53.16990973588997,0,2026-09-22 23:22:54
2026-09-22 15:40:00,CNC-01,L,298.95625493123316,312.88381279748717,1565.9740841674145,46.35654483214477,54.04364927062141,2.1386136456008473,13.64803621353423,53.15686427449605,0,2026-09-22 23:22:54
2026-09-22 17:51:00,CNC-03,H,26.32246965092702,40.408021899392566,1964.71110529373,34.09067217885773,127.41096108036368,2.6020853400052304,12.553702842923064,54.336908523358225,0,2026-09-22 23:22:54
2026-09-22 13:58:00,CNC-02,M,297.61172003084573,311.1013481105147,1431.8451660183403,46.42713999546174,53.52182400932412,2.0271588947683026,12.58593930214197,56.157775430949535,0,2026-09-22 23:22:54
2026-09-22 05:58:00,CNC-01,L,296.5714686730716,309.37516673890303,1975.821950504578,29.18532107422227,49.743228091730096,2.6253488214785423,10.49903873735925,52.869193246321814,0,2026-09-22 23:22:54
2026-09-22 19:15:00,CNC-01,L,299.9229165826873,313.4343120861285,2207.4046971105117,27.193074956821324,145.00912737687537,3.0822119420539877,11.166290631931004,50.159134995394055,0,2026-09-22 23:22:54
2026-09-22 20:12:00,CNC-02,M,300.62911374209057,314.64122606927367,2415.6392161786725,26.871841384591093,131.3838422674675,3.132495122311943,12.356549072711118,50.48986257672078,0,2026-09-22 23:22:54
2026-09-22 16:33:00,CNC-02,M,299.43663016806437,313.6670695671969,1946.7375835090606,35.57672426229514,71.60724820471495,2.602947877041651,13.189483719716518,50.55744474198686,0,2026-09-22 23:22:54
2026-09-22 21:04:00,CNC-02,M,299.9322655443914,313.34966292509404,2641.1384635761615,20.303866085552958,191.47918298845184,3.764103789570067,10.25777891427802,54.898578555972804,0,2026-09-22 23:22:54
2026-09-22 03:22:00,CNC-01,L,298.00286912831854,310.820873524129,2477.1270086308914,21.044564290618123,59.39011101979254,3.008762608515192,9.638645505628062,52.185563893897594,0,2026-09-22 23:22:54
2026-09-22 12:55:00,CNC-03,H,24.35658525138564,38.97141652375336,1370.2769339237177,53.363930328237224,155.53133010348924,2.1694228479435633,13.673850030764154,56.11145188448952,0,2026-09-22 23:22:54
2026-09-22 01:18:00,CNC-03,H,298.09595589322214,310.11738159736655,2783.19320252534,13.452351908106195,182.14204126483278,3.796087497657604,7.017774669789889,55.01757828329689,0,2026-09-22 23:22:54
2026-09-22 17:49:00,CNC-03,H,26.040978702760754,40.19305419082667,1958.9002567823786,35.60065734000726,124.69861544133705,2.716314343441628,13.155575491440766,54.95598076507349,0,2026-09-22 23:22:54
2026-09-22 05:37:00,CNC-03,H,296.27852856318555,309.33682953130284,2134.4518829353633,27.5587132757421,10.229547116993924,2.7092843182636797,11.030638681465636,57.063308239961884,0,2026-09-22 23:22:54
2026-09-22 03:25:00,CNC-02,M,296.70754206088526,309.32625572623783,2376.150828342174,21.99188886807015,71.81865950256777,2.9425469388507253,9.816611455565594,61.4990175728213,0,2026-09-22 23:22:54
2026-09-22 21:20:00,CNC-03,H,299.4562235297186,312.71696171708373,2453.2987153981735,22.079170764030426,143.35135109400505,3.182592300953806,10.075511719159387,50.15202602689227,0,2026-09-22 23:22:54
2026-09-22 00:58:00,CNC-02,M,298.34834203186614,311.95633638554153,2540.8991227531806,23.235523927574175,127.25995499906344,31.405933305639042,10.87715133615859,58.913575630265,0,2026-09-22 23:22:54
2026-09-22 18:13:00,CNC-01,L,26.661088151827187,40.657552468553206,1907.3601793599628,36.11373343784045,65.77138756205824,2.6016956533284628,13.063389182621012,51.528177344284884,0,2026-09-22 23:22:54
2026-09-22 08:32:00,CNC-01,L,296.2049057968493,310.4727958075061,1557.7915953131735,47.383937687610526,68.89086224910349,2.2268241641880797,13.93388128491099,60.957688403913934,0,2026-09-22 23:22:54
2026-09-22 15:08:00,CNC-01,L,298.3688815748648,312.1784178870923,1539.2541736056328,45.92078059395176,6.013493987524445,2.1061868579983956,13.162480786431317,53.7978593625626,0,2026-09-22 23:22:54
2026-09-22 15:48:00,CNC-01,L,298.6183772376625,313.0096776389351,1563.9505757025852,48.238219283208295,65.90571073505153,2.2729401253431014,14.218976558892544,53.09999138336744,0,2026-09-22 23:22:54
2026-09-22 06:30:00,CNC-01,L,296.14322554186305,310.4866246382073,2042.1269676863067,35.893682672276604,92.91106079757895,2.8032572117258647,,59.70675371464162,0,2026-09-22 23:22:54
2026-09-22 11:44:00,CNC-03,H,296.69648451692643,310.77956587467327,1352.5075140191207,52.48888596328376,42.92776406771621,2.0216371878985058,13.12811398826028,55.26425004806572,0,2026-09-22 23:22:54
2026-09-22 22:11:00,CNC-03,H,299.40839540968665,313.27814135654876,2789.780070301074,21.819582185757536,200.23847001379735,3.783365243565015,11.609306901828065,51.56862448611322,0,2026-09-22 23:22:54
2026-09-22 15:19:00,CNC-02,M,298.71449279853596,313.4651420116812,1529.662208918344,46.05854470051847,177.74500893766418,2.5990677103144506,13.253136513963362,55.87110546911654,0,2026-09-22 23:22:54
2026-09-22 00:24:17,CNC-03,H,298.9782680415896,310.62261702946995,2759.5803369488563,13.765484914666125,123.35646993443741,3.491829240034795,7.220963851440912,48.83705621144237,0,2026-09-22 23:22:54
2026-09-22 12:07:00,CNC-02,M,296.8374913431701,311.71950596906987,1490.5065415297536,53.24012278079733,101.47931265858527,2.252806283106503,14.807731849237687,60.95384387239726,0,2026-09-22 23:22:54
2026-09-22 08:21:00,CNC-02,M,295.9449825670339,311.18192087631485,1786.6614002145095,44.13800574204909,0.0,3.344687318738789,14.864160810622405,59.312885705543515,0,2026-09-22 23:22:54
2026-09-22 20:14:00,CNC-02,M,300.7780248358373,314.92803511756216,2390.0243127358463,26.793610368270592,133.73657347045184,86.09283592375877,12.072007334296163,50.93987135005949,0,2026-09-22 23:22:54
2026-09-22 00:24:00,CNC-01,L,298.84430009308784,310.35426314064705,2630.986214951214,13.435630671984764,82.83377136313936,3.2256248789223254,6.679544615532783,53.910029790478056,0,2026-09-22 23:22:54
2026-09-22 03:27:00,CNC-02,M,,310.12088040290934,2586.9466414074677,24.188475616693495,74.08904225710538,3.1629597017630657,11.905565272055094,55.4928147329953,0,2026-09-22 23:22:54
2026-09-22 12:13:00,CNC-01,L,297.43791706621715,312.0896651935563,1350.6897162379803,52.9065118999297,196.0400900737668,2.7909718451953784,13.125020037962493,54.66592835967668,0,2026-09-22 23:22:54
2026-09-22 13:23:00,CNC-02,M,24.405884848237065,,1419.4128997390592,55.227658485730146,222.10049363171686,2.9336743693074165,14.766520742110815,55.60869037857616,1,2026-09-22 23:22:54
2026-09-22 17:28:00,CNC-03,H,26.18708927074033,40.20207538480389,1922.4799035770238,35.478965944019734,96.06290672533775,2.5643139260602315,12.311795653710114,50.76020830567496,0,2026-09-22 23:22:54
2026-09-22 05:45:00,CNC-02,M,296.0439751694796,,2062.9504702171375,29.517759706877374,2.607443430983362,2.6299569262021185,11.528473482697704,64.42378806510158,0,2026-09-22 23:22:54
2026-09-22 06:53:00,CNC-02,M,295.8650979814432,310.11887050388486,1828.8860743641885,40.0314734915005,94.3681667602464,2.6287014608948605,13.827692477674518,60.08175242610156,0,2026-09-22 23:22:54
2026-09-22 10:32:00,CNC-02,M,296.37801691682944,312.1080779350681,1405.8015460926529,59.00794982924201,198.6726727860941,2.765061699810352,15.584564059431045,57.05244692918566,0,2026-09-22 23:22:54
2026-09-22 16:24:00,CNC-02,M,299.3521789188712,313.4397819067878,1645.6846216237568,42.29421849804767,58.75624424874434,2.3027281628750917,13.045191731240251,53.715075372387695,0,2026-09-22 23:22:54
2026-09-22 19:31:00,CNC-02,M,300.5411499642691,313.6692957231683,2348.4385016484143,22.323150955043637,82.07770842694418,2.9499728538060825,9.998393826010865,48.124267065689125,0,2026-09-22 23:22:54
2026-09-22 01:17:00,CNC-02,M,298.0437782239674,310.68505636316434,2596.3224283835675,18.505737872142138,147.72789563981652,3.4260418249699502,9.191632404739455,58.52963807822597,0,2026-09-22 23:22:54
2026-09-22 08:24:00,CNC-01,L,295.98086749788405,309.96450820202693,1651.50211972343,41.92857618494082,56.95215203814662,2.3288159553595134,13.064855498728884,57.80866652532436,0,2026-09-22 23:22:54
2026-09-22 22:20:00,CNC-01,L,299.1494909885832,311.96484822643765,2609.9600515459842,19.63269558156187,124.10416052874439,3.2559762776449084,9.730977296468367,54.1535002579257,0,2026-09-22 23:22:54
2026-09-22 02:20:00,CNC-02,M,297.3267979304341,312.00905404650126,2610.105807529078,26.298993833403074,216.25179284377302,3.8991454590686585,12.786447212930174,61.96592405364852,0,2026-09-22 23:22:54
2026-09-22 04:28:00,CNC-01,L,297.05947924889847,310.71292232926976,2197.971746781707,28.041162157344992,138.18044506911343,3.0069650526044147,11.56285530846067,55.87806936020436,0,2026-09-22 23:22:54
2026-09-22 17:15:00,CNC-01,L,299.4859988840314,314.3562304114132,1926.612860150907,39.310551937201964,190.29858131061584,3.1843855319250705,14.179745102604553,50.62115214249164,0,2026-09-22 23:22:54
2026-09-22 04:09:00,CNC-03,H,296.4468273157797,310.59340584279744,2288.5839039244684,30.035314061476033,154.43284714074625,3.002846209838384,12.723580156911739,58.595579415410796,0,2026-09-22 23:22:54
2026-09-22 20:12:00,CNC-03,H,299.4928712903589,312.184406858965,2316.0506430107644,23.12226823939759,65.26423471633571,2.7952636910006494,10.030314276995082,51.98095127553226,0,2026-09-22 23:22:54
2026-09-22 01:09:00,CNC-01,L,298.47706821799005,310.56214501541797,2784.4581047151955,15.503756108465593,131.02457890012667,3.4828560093413534,7.90790916482688,52.91772774250674,0,2026-09-22 23:22:54
2026-09-22 08:39:00,CNC-03,H,295.4863058708031,309.35165653854915,1545.1080495606368,45.50376062370259,11.96113208255679,2.1932299455110713,13.228282729883514,59.41120475601895,0,2026-09-22 23:22:54
2026-09-22 22:52:00,CNC-03,H,299.0751290868897,312.21653801133164,2603.865598720783,18.65930693220761,244.5496078658295,4.149686154706309,9.09775940302784,45.04910400801606,0,2026-09-22 23:22:54
2026-09-22 15:04:46,CNC-01,L,298.158852258623,311.67313228999154,1515.0669405111512,44.953814146198624,3.009841909621904,2.103607349827451,12.667792763701879,58.463153846593876,0,2026-09-22 23:22:54
2026-09-22 05:03:00,CNC-03,H,296.4194089912759,311.0020344326848,2203.1392663130337,31.34492443332596,221.08422606961403,3.4349571854756182,12.950331180378619,60.2912412873734,1,2026-09-22 23:22:54
2026-09-22 11:43:00,CNC-01,L,297.1479245883485,311.50921906098864,1341.986335182307,53.56702385510391,148.3282080856839,2.2383991918838007,13.57054892140657,53.22147225364711,0,2026-09-22 23:22:54
2026-09-22 03:13:00,CNC-01,L,297.97599527424074,311.09041195756987,40403.23011517667,25.50250327474132,49.010450595427834,2.917970128235355,11.157375519762939,58.36836725400618,0,2026-09-22 23:22:54
2026-09-22 06:04:00,CNC-01,L,296.5347399117771,310.6240430172172,2012.6870217674568,34.598034808761476,57.70184869518709,2.679501762876059,13.04905954761392,58.67810977177164,0,2026-09-22 23:22:54
2026-09-22 23:03:00,CNC-03,H,299.2209421361275,311.11222577762834,2753.8077038379543,16.342248392869738,1.0308971325980867,3.2692989273449387,8.403588494799129,55.01490909084736,0,2026-09-22 23:22:54
2026-09-22 07:31:00,CNC-01,L,296.1224149306155,311.21664159120536,1821.6827901928639,43.68230789209183,178.49749573828564,2.978930106652443,14.967332484817858,57.39892609311834,0,2026-09-22 23:22:54
2026-09-22 01:32:00,CNC-02,M,298.1399440771528,311.5829438710168,2681.263842672946,20.812888030184602,163.8420932803606,3.4862641600233215,10.352259928782006,54.16083938794547,0,2026-09-22 23:22:54
2026-09-22 09:15:00,CNC-01,L,296.2916610320174,311.3569106285256,1621.0391745751103,49.70204319179997,134.32565570656212,2.553841880304655,15.052339786534956,57.72894089317571,0,2026-09-22 23:22:54
2026-09-22 18:46:00,CNC-01,L,299.8464702014974,313.92917825640177,2084.601041185437,33.756512594412605,108.55201306011288,2.7703370885786414,13.261128396545223,50.38078636094551,0,2026-09-22 23:22:54
2026-09-22 13:23:00,CNC-01,L,24.48273709321512,38.58121958442206,1363.3365381940853,50.225854088804816,79.36027816786641,2.0391490725916728,12.864273144406956,55.45846905745757,0,2026-09-22 23:22:54
2026-09-22 09:44:00,CNC-01,L,296.69325368205074,311.8049209473003,1404.3819676877897,57.67270467377134,179.25934455412215,2.584273014143627,15.052771093455963,55.51979289764548,0,2026-09-22 23:22:54
2026-09-22 13:28:00,CNC-02,M,24.228449273287197,38.53447237657582,1465.7295695298183,50.27277602021409,6.337865079505579,2.1301547656963247,13.905126905043897,55.0807290340676,0,2026-09-22 23:22:54
2026-09-22 00:09:00,CNC-03,H,298.90049765372777,311.15884354195435,2695.526090152391,16.845078853687433,108.54109018482366,3.196220878961119,8.393870334128376,52.1277159541614,0,2026-09-22 23:22:54
2026-09-22 05:42:00,CNC-01,L,296.85190483810857,310.31564284055656,2056.542126589157,31.023532537671887,28.59607254501895,2.640575875190269,11.932883400433221,55.370719804385466,0,2026-09-22 23:22:54
2026-09-22 04:15:00,CNC-02,M,296.35421993880567,309.7294613696667,2368.492009369602,24.339761706765113,131.43021390091528,3.113847792973153,10.781947715690306,56.551486920600425,0,2026-09-22 23:22:54
2026-09-22 05:49:00,CNC-03,H,296.1247153069366,309.32921017277476,1979.082432454252,31.2267937705962,25.904552535865434,2.5124473027482557,11.461118203950752,60.22337015462349,0,2026-09-22 23:22:54
2026-09-22 09:37:00,CNC-03,H,296.0638210156904,311.1374529752493,1459.049999313469,53.57356895769727,100.66928941498726,2.1802313812955902,14.692359440054172,57.003033620268255,0,2026-09-22 23:22:54
2026-09-22 04:59:00,CNC-01,L,302.24214209940277,310.0618405850932,2308.6862640955796,27.61972037753382,176.68451242428284,3.3699966160612114,11.798854425615716,50.189790758618514,0,2026-09-22 23:22:54
2026-09-22 06:30:00,CNC-03,H,295.8624970040926,309.5660916620463,1919.6035628823295,34.06838439808705,80.90522412429978,2.5634073065320706,12.103476234470008,60.842427727737565,0,2026-09-22 23:22:54
2026-09-22 06:29:00,CNC-03,H,295.85054520222917,310.4666534239815,1908.0703720038948,40.86445615810763,79.54895147212328,2.4814380135369634,14.46927714671387,59.70963747166549,0,2026-09-22 23:22:54
2026-09-22 20:57:00,CNC-02,M,300.4636024020924,314.21383090020106,2399.6157387106978,22.605143574430073,183.55827513387814,3.45508348809495,10.303243944872523,47.85923519026588,0,2026-09-22 23:22:54
2026-09-22 04:02:00,CNC-02,M,296.3459641245512,309.9469382012403,2386.079405664504,25.7326237199928,115.76895692277938,2.859317140360297,11.38987829633021,57.88097580201505,0,2026-09-22 23:22:54
2026-09-22 12:33:30,CNC-03,H,24.09092402051442,38.47919881696794,1416.324317340085,51.862954128545724,122.26081033820442,2.210166857953501,13.797585746863287,54.39904487086183,0,2026-09-22 23:22:54
2026-09-22 06:44:00,CNC-02,M,295.9589348054687,309.64601446772485,1708.7135041933193,38.11010738493061,81.85712267366388,2.388462344520359,11.919903112573126,57.25346282758485,0,2026-09-22 23:22:54
2026-09-22 02:43:00,CNC-03,H,302.7554783540162,309.0470695855761,2548.1377293717374,20.430325167672954,54.9673158820924,3.181019802298478,9.821150235050439,45.08286422982425,0,2026-09-22 23:22:54
2026-09-22 21:10:00,CNC-03,H,299.38252967880663,312.25816097712504,2529.5375812663497,21.070068875194746,132.12127011221813,3.2471732830570783,10.067975180751304,54.24268043593822,0,2026-09-22 23:22:54
2026-09-22 17:56:00,CNC-01,L,26.574079603017708,40.0088875438351,2041.687706734792,31.69424980454795,43.08003279465198,2.5929366328376706,12.329895747000728,53.01947644830983,0,2026-09-22 23:22:54
2026-09-22 21:32:00,CNC-02,M,300.0124859930163,312.8262335830767,2526.0737116602304,20.112793753253317,0.0,3.099757756192768,9.573974055219077,51.971598318246194,0,2026-09-22 23:22:54
2026-09-22 10:14:00,CNC-01,L,296.30259284496304,309.8796938393586,1411.0971270759699,48.69273326525652,7.760375862210712,2.120362810108184,12.945506029451,55.39964589525958,0,2026-09-22 23:22:54
2026-09-22 00:11:00,CNC-01,L,299.2254686478987,310.89227463455904,2799.483969294552,14.631763893215725,69.01921405505638,3.3205033601849365,7.746970060472023,50.961741442574976,0,2026-09-22 23:22:54
2026-09-22 07:29:00,CNC-01,L,295.9153616155241,,1710.5933659410648,48.369930258908994,175.656328655096,2.7395469409574265,15.720531478079263,57.91643169581317,0,2026-09-22 23:22:54
2026-09-22 13:31:00,CNC-03,H,297.25421109620174,311.99067937770616,1480.3461272354414,49.757183943092585,212.29248679532108,2.7166564591270124,13.684681140873758,61.724796166665136,0,2026-09-22 23:22:54
2026-09-22 05:47:00,CNC-02,M,296.1924514960323,,2154.9687680199004,24.411970897563414,5.210065611661189,,9.834679372709031,,0,2026-09-22 23:22:54
2026-09-22 15:30:00,CNC-01,L,298.8298061485401,312.7630952433592,1658.1949077200866,40.833114800945594,39.17209083054059,2.3465624957970377,12.89184979646329,53.594137837719266,0,2026-09-22 23:22:54
2026-09-22 00:36:00,CNC-03,H,298.8300274997302,311.28568370158274,2572.2126104400054,17.486069253588227,137.23475218463042,3.2813451494110253,8.0651991453418,55.471108348108814,0,2026-09-22 23:22:54
2026-09-22 12:23:00,CNC-01,L,297.13596320823024,311.84303774062187,1313.4813125179696,53.5638543765189,211.9229871483882,2.9743355655666854,13.054011640367714,56.284761893442926,1,2026-09-22 23:22:54
2026-09-22 05:57:00,CNC-03,H,296.4866137093198,310.13241880612196,2092.2868687522987,31.192846825083702,36.46574818832254,2.6988743548207834,12.043007427638335,59.574227197967076,0,2026-09-22 23:22:54
2026-09-22 19:47:30,CNC-02,M,300.74251160081354,314.3896198929299,2176.6909569757513,29.11424839223733,103.98028404361656,2.8430581879028076,11.839310172627972,52.67847202516773,0,2026-09-22 23:22:54
2026-09-22 18:03:00,CNC-01,L,26.597880392580976,40.39460338180788,1982.2984250012794,34.518920734721675,52.43210252267453,2.6588820497283994,12.93518016195705,58.66750782605062,0,2026-09-22 23:22:54
2026-09-22 15:26:00,CNC-02,M,298.8362617575285,314.19601763180714,1603.2275167978362,48.975412985893286,188.32931192006976,2.7365783409003295,14.396162551703062,56.50937971452708,0,2026-09-22 23:22:54
2026-09-22 17:30:00,CNC-03,H,25.569743914648882,40.041386134670404,1953.3994350738112,38.3423116155416,98.78856028087382,2.604693042664953,13.877627272162595,54.71232562174558,0,2026-09-22 23:22:54
2026-09-22 16:36:00,CNC-01,L,299.4884470656792,313.8374365285129,1761.050190675906,40.70201837143231,135.67032564832226,2.7131329278128624,13.520334944265723,59.11602632676188,0,2026-09-22 23:22:54
2026-09-22 17:22:00,CNC-02,M,32.122070998439426,41.46518519920755,1800.2910980364345,44.868877077947545,140.4187059819062,2.574274886289412,15.232371363393844,40.66793043677097,0,2026-09-22 23:22:54
2026-09-22 04:40:00,CNC-01,L,302.6906319160377,311.73404972098007,2338.9294445281407,34.07875989953162,153.0737174110468,3.340602727848881,15.066684196951726,48.93243619841033,0,2026-09-22 23:22:54
2026-09-22 01:16:00,CNC-01,L,298.69816294219567,311.4678750743825,2634.497292316287,18.54192481446858,138.52258892063227,3.4675980263612383,8.94364467496787,56.214068220930756,0,2026-09-22 23:22:54
2026-09-22 19:03:00,CNC-03,H,299.56821960477157,314.41567666956837,2150.2976535508737,34.656956559934784,221.10164495903098,3.612281290226851,13.935386296550778,55.31187244396233,0,2026-09-22 23:22:54
2026-09-22 21:04:00,CNC-03,H,299.83989337441983,312.9006894983932,2514.8312247766744,21.573432836883406,125.34139143894102,3.1749194782298114,10.004188907770843,49.95851998134883,0,2026-09-22 23:22:54
2026-09-22 07:15:00,CNC-03,H,296.03884528629766,310.1405784087643,1830.0619260941164,38.30353148330016,143.92673715018447,2.5099083052683584,13.19778680069983,57.6733203327753,0,2026-09-22 23:22:54
2026-09-22 11:28:00,CNC-01,L,296.79399593075715,311.4438112183188,1525.2704454375346,49.89928379381941,124.56865558820523,2.3075274013606553,14.159325501822394,55.08974224076313,0,2026-09-22 23:22:54
2026-09-22 02:14:00,CNC-03,H,303.172587574453,309.0025789131852,2673.4217020221868,15.864339154110466,22.74560770337754,3.265735677516556,7.779305268682498,44.5175095733203,0,2026-09-22 23:22:54
2026-09-22 06:40:00,CNC-02,M,296.0029592587822,310.4288614799721,2139.7584677494865,34.69076342683729,76.34694222908455,2.7261940816166006,13.9955453785334,53.34647163973832,0,2026-09-22 23:22:54
2026-09-22 05:53:00,CNC-02,M,296.4337900926281,310.0231885049993,1977.4004472845882,35.18732971248207,13.088439444814272,2.4786274636956036,13.25706567691935,56.63578369921955,0,2026-09-22 23:22:54
2026-09-22 17:41:00,CNC-03,H,26.36341249094295,41.19240493416106,1895.1340831731773,40.25772097252496,113.81291821505155,2.6063032952591922,14.36168141712497,54.58389023038733,0,2026-09-22 23:22:54
2026-09-22 16:01:00,CNC-01,L,298.82675464030456,313.1497971474038,1845.789335936053,41.36963240282963,85.11815410944482,2.320239282375296,14.26848086346583,55.9510895758388,0,2026-09-22 23:22:54
2026-09-22 00:09:00,CNC-02,M,298.6412810244617,310.97972903857055,2646.6642823566917,17.278140413466613,75.0172595301358,3.2398305876581652,8.843994165748041,53.68332480867165,0,2026-09-22 23:22:54
2026-09-22 06:32:00,CNC-03,H,296.17097760135795,310.4138041820873,1768.7798517753208,42.511013047964965,83.68269615931881,2.3783783215666428,13.663346473658631,59.582943826181385,0,2026-09-22 23:22:54
2026-09-22 03:58:00,CNC-03,H,296.48506577877953,310.1020996721429,2389.2038306459144,25.106400637637652,141.28404305812637,3.185848138704718,11.295369632195447,55.59703547712146,0,2026-09-22 23:22:54
2026-09-22 17:07:00,CNC-03,H,298.85551071985475,313.6485133648348,1851.6194843092321,43.0495307145592,67.0465525059919,2.3897051080902942,15.138054003355117,53.313539029637354,0,2026-09-22 23:22:54
2026-09-22 17:50:00,CNC-03,H,26.146267551940866,40.49909168424807,1950.5860054656928,35.72958957861065,126.06145396064841,2.7687618573725703,13.034652526982947,54.02610363757763,0,2026-09-22 23:22:54
2026-09-22 07:09:00,CNC-01,L,295.8089223426325,310.61392335830055,1819.1382460889185,42.110017978748395,147.17462529758146,2.761039808657747,14.59917306449102,60.94854110977691,0,2026-09-22 23:22:54
2026-09-22 21:18:00,CNC-02,M,299.8189809389577,311.6590846076463,2527.9423134275808,15.685600358851477,2.2857954187871004,3.044445656184385,7.297639904350857,52.98517495542137,0,2026-09-22 23:22:54
2026-09-22 12:19:00,CNC-02,M,296.84232057186813,311.3252068985931,1324.059769909475,53.39338994090779,120.55498481572337,2.1202229608555294,13.493598296385679,61.74011451305907,0,2026-09-22 23:22:54
2026-09-22 05:02:00,CNC-03,H,295.924912223247,310.00150734954275,2068.4641415639016,31.140996867281494,219.82715826870862,3.3753703932026897,11.787369261314161,58.173401386204816,0,2026-09-22 23:22:54
2026-09-22 10:56:00,CNC-02,M,296.4637506590791,312.1363680740611,1559.5060740685667,52.10968221756217,236.5829521978717,3.221160728805573,15.097317778878466,59.59968236122848,1,2026-09-22 23:22:54
2026-09-22 20:16:24,CNC-01,L,,314.46772920180496,2331.4396793643364,29.303325018636603,218.91724233070875,3.9736101441854608,12.95699379482699,51.01744591405147,0,2026-09-22 23:22:54
2026-09-22 15:55:42,CNC-02,M,299.0703185000675,313.3933857451228,1601.4603365293553,43.510499983677825,16.372913091270867,2.1655557213499663,13.014039186327924,51.74752488059013,0,2026-09-22 23:22:54
2026-09-22 00:10:00,CNC-03,H,298.98101937390544,310.0299971618487,2852.511857415889,10.038032215884945,109.57109018482366,3.3922345874347157,5.623457757755449,52.358805450474925,1,2026-09-22 23:22:54
2026-09-22 04:52:50,CNC-03,H,296.16436261279574,310.7349212780412,2186.5047334299475,32.297678855466565,207.33805515105664,3.34393340875017,13.431511833535684,55.760317345386675,0,2026-09-22 23:22:54
2026-09-22 22:31:09,CNC-03,H,299.14165463087636,311.9247178437414,2722.365240994558,17.3605466876434,220.79966460034987,3.943141460089063,8.722482101262,50.317848752659145,0,2026-09-22 23:22:54
2026-09-22 17:55:00,CNC-03,H,26.092096404700158,40.117140451822365,1918.747417469832,34.83481207608251,132.66618331702773,2.7999786953344707,12.57880345409921,53.631363154553426,0,2026-09-22 23:22:54
2026-09-22 10:26:00,CNC-01,L,296.29603018473074,309.97420763187404,1448.6150116437068,46.62432512525185,26.569010231141494,2.067775143389993,12.554706514744028,54.75437593830118,0,2026-09-22 23:22:54
2026-09-22 23:00:00,CNC-02,M,299.23469985084535,312.15439403453576,2667.6641994714023,19.384848573519434,114.06938125134542,3.325904252794353,9.744253464662048,53.99318472931731,0,2026-09-22 23:22:54
2026-09-22 12:44:00,CNC-03,H,24.44183472709733,39.14902983227324,1445.7860900638534,52.02032929712325,138.1516750373061,2.3269478299816564,13.994517045372843,55.16549667311031,0,2026-09-22 23:22:54
2026-09-22 15:53:00,CNC-01,L,298.518635646612,312.3751801541873,1766.2333083411745,38.75605642565353,73.3679057903271,22.501617589572277,12.781490822284647,56.388371420873725,0,2026-09-22 23:22:54
2026-09-22 04:12:00,CNC-03,H,296.2644918313869,310.5648605926159,2305.6126155611187,29.447554609654727,158.08332145705137,3.1015834663707875,12.711157601456437,58.158204381873354,0,2026-09-22 23:22:54
2026-09-22 13:11:00,CNC-03,H,24.223291301570043,38.349693637175164,1329.9223980064987,51.05041391484639,180.73752621630453,23.923463750908493,,53.37904688495382,0,2026-09-22 23:22:54
2026-09-22 09:31:00,CNC-02,M,296.3697031645852,310.7083134714645,1473.3122344292747,48.71799054767461,103.09269629797367,2.2885260242362335,13.30007948280759,60.0230220733021,0,2026-09-22 23:22:54
2026-09-22 09:39:00,CNC-02,M,296.29985157012015,310.31773444868423,1326.2367071473661,48.37877687588829,115.5859122220753,2.127782722949966,11.92850641743548,60.618506231173455,0,2026-09-22 23:22:54
2026-09-22 04:54:00,CNC-01,L,302.3300614056627,311.091373768772,2252.8232928851367,33.00991450374335,170.49551148149524,3.3631046730366823,13.818774929442021,43.352566859586844,0,2026-09-22 23:22:54
2026-09-22 14:55:00,CNC-03,H,297.86215549105265,312.91317796540113,1436.4458213466478,53.78759397067524,125.54291011009362,2.1301002721637996,14.299141764923835,55.56447147724243,0,2026-09-22 23:22:54
2026-09-22 10:02:00,CNC-02,M,296.1873654941288,310.7800893456455,1394.3988567276235,51.9637183288501,,22.78538387700665,13.372135075536871,54.5516482301894,0,2026-09-22 23:22:54
2026-09-22 07:16:00,CNC-03,H,295.96975241470375,311.1284922309465,1775.5974050090151,45.05019008238961,145.36615551695607,25.871031159138347,15.275739358303783,56.86612987645006,0,2026-09-22 23:22:54
2026-09-22 22:28:00,CNC-02,M,299.7123668181656,311.9816860015384,2628.147088020244,15.592997404024313,79.5881211580274,3.2269216235476335,7.758284463511374,54.68819606660584,0,2026-09-22 23:22:54
2026-09-22 04:50:00,CNC-03,H,296.0408187361638,310.27001499233603,2181.820369541337,31.275729728758808,204.83313506367986,3.3107785413424167,13.035678269016348,54.68018968727539,0,2026-09-22 23:22:54
2026-09-22 14:52:00,CNC-02,M,298.363966769316,313.4536256200202,1471.787143409342,51.68172072732455,136.77152763592977,2.2283115554861377,14.1548465366274,55.68870960021904,0,2026-09-22 23:22:54
2026-09-22 02:30:00,CNC-01,L,298.2585018629323,310.3358173998909,2520.531412976727,18.615909520807985,0.0,3.0548051342302935,,56.65057268190935,0,2026-09-22 23:22:54
2026-09-22 15:57:00,CNC-02,M,299.4357664501359,313.32297874091233,1649.082278913417,41.77615394339717,19.32431356684135,2.231298484660745,13.031540304642657,47.395833107262774,0,2026-09-22 23:22:54
2026-09-22 00:32:00,CNC-02,M,298.7236057324406,309.91143953921664,2715.788428410412,11.45524371074654,99.48001691446946,31.96536121972408,5.735490573553822,56.055776187273764,1,2026-09-22 23:22:54
2026-09-22 02:30:00,CNC-02,M,297.4180113695155,309.7452942896153,2506.631826657973,20.64899365678105,8.894110496036697,3.2448648901718227,9.692259710609678,57.77802443834496,0,2026-09-22 23:22:54
2026-09-22 14:06:00,CNC-03,H,297.55729209446923,311.89772465050896,1554.4767589455362,48.08343622177725,50.090087354007586,2.246635079459048,13.779435460325333,56.28106433665253,0,2026-09-22 23:22:54
2026-09-22 17:06:00,CNC-03,H,299.0129279730058,313.5358940621393,1760.148933310382,43.624776508443205,65.64222560009145,2.445761518458613,14.094840864757975,54.589933705865924,0,2026-09-22 23:22:54
2026-09-22 08:39:00,CNC-01,L,296.17379458518354,310.64507016640084,1649.1118724686248,44.997258235809916,79.4707703024127,2.397135041060653,13.884790004446868,57.295985022448534,0,2026-09-22 23:22:54
2026-09-22 08:38:00,CNC-02,M,296.185867837386,310.43689955265387,1636.4145456833032,43.899635845913465,22.373120428908027,2.32659243845606,13.48869544991625,59.15733984995708,0,2026-09-22 23:22:54
2026-09-22 14:51:00,CNC-02,M,298.52525135536575,313.38346745779785,1582.9823806497225,47.93607699685869,135.23051638394878,23.5731190327936,14.083560374225696,51.69915543710947,0,2026-09-22 23:22:54
2026-09-22 07:25:00,CNC-02,M,296.0709821663564,310.94526068494224,1789.3976996167157,41.74366110464327,139.35433776713745,2.554241967758004,14.130568349928815,60.080859139823616,0,2026-09-22 23:22:54
2026-09-22 15:50:00,CNC-01,L,298.8444712873005,312.5529343979781,1432.6616473580743,47.46511947798555,68.88386619908376,2.0896370054643096,12.699106931610709,54.60025432706183,0,2026-09-22 23:22:54
2026-09-22 01:56:00,CNC-01,L,298.25042452532404,311.2937431578014,2662.6018826005375,18.314146834213325,181.71787211016417,3.7501440987297934,9.162863233869377,55.481978741886145,0,2026-09-22 23:22:54
2026-09-22 03:43:00,CNC-03,H,296.52713238269007,309.7891350953481,2407.3770804305273,22.838025226513473,123.64455658224944,3.086682243476514,10.361969721010665,54.400087058821995,0,2026-09-22 23:22:54
2026-09-22 09:58:00,CNC-03,H,295.95723021119676,310.9179388908406,1522.7444680116355,51.04740142849935,133.4095996550156,2.2536787083192427,14.50689283120048,57.29991171020134,0,2026-09-22 23:22:54
2026-09-22 11:04:00,CNC-02,M,296.3582536960539,309.94422941235274,1320.007164802743,47.491074431050556,1.6,1.9693407498368993,11.615891267889811,57.98372902926258,0,2026-09-22 23:22:54
2026-09-22 13:14:00,CNC-02,M,24.303520453148735,39.68373315868547,1343.5412419503805,56.89370011825607,207.8533846205157,2.801307604812847,14.432044084274693,56.00602316914932,0,2026-09-22 23:22:54
2026-09-22 09:46:00,CNC-01,L,296.5489764407628,311.5344971539879,1523.7254508791332,51.286839048785055,182.35733793770143,2.835942832730444,14.77069434626199,57.93407710536849,0,2026-09-22 23:22:54
2026-09-22 00:51:00,CNC-02,M,298.3933041776912,310.36325776960393,2794.0903160046187,15.235451211950775,119.78305828951622,3.479386290527961,8.017338581950067,55.45358205175803,0,2026-09-22 23:22:54
2026-09-21 23:50:00,CNC-02,M,298.8086764199264,310.6054483344962,2622.856669939443,15.36040267666472,54.808577400557134,3.2133792681421705,7.774396654623496,50.53464104986841,0,2026-09-22 23:22:54
2026-09-22 12:04:00,CNC-01,L,296.9588957059542,312.33245123619156,1500.6163404679128,53.139963213732244,181.7100316981111,2.6699123470768162,14.940405338078689,55.52861139720819,0,2026-09-22 23:22:54
2026-09-22 13:57:00,CNC-02,M,297.6500639194704,311.5150054638808,1421.8192100187932,47.254077367488264,51.96658115111419,2.0294078900068513,12.81611760801124,51.433179400303096,0,2026-09-22 23:22:54
2026-09-22 04:35:14,CNC-02,M,296.3754754409662,310.82473501098434,2413.3755523718264,28.629237847196567,154.6045376438144,3.2712282719651524,12.82915356698404,60.554942810735724,0,2026-09-22 23:22:54
2026-09-22 03:41:00,CNC-02,M,296.4672289456276,309.5215931795258,2397.4267269770125,22.826487593349096,90.61693049001923,2.9147639929336697,10.31489208389151,53.296199418120025,0,2026-09-22 23:22:54
2026-09-22 12:56:00,CNC-03,H,24.198826958794086,38.608271437480596,1346.3594178617227,52.78438173551039,157.12603416890923,2.262376770496128,13.38794958022224,58.39366581311907,0,2026-09-22 23:22:54
2026-09-22 15:16:00,CNC-02,M,298.29948930494714,313.900661567388,1560.3051508160627,52.52114614995129,173.17664786778462,2.7206022535636722,15.331732482966412,58.71363649185655,0,2026-09-22 23:22:54
2026-09-22 08:05:00,CNC-01,L,296.4836097517855,310.1767131366327,1662.3071379375565,41.46420508582955,28.960655265392163,2.2574799042471456,13.181697803201333,58.653458541468176,0,2026-09-22 23:22:54
2026-09-22 12:18:00,CNC-03,H,296.97728622121696,310.8164920953822,1321.7457927586127,48.94592671498592,97.0105698169066,2.004853073936589,12.15642590582378,56.54584160722945,0,2026-09-22 23:22:54
2026-09-22 06:38:00,CNC-03,H,295.8202082246786,310.2725733896361,1760.0994715078953,41.09749364796601,92.03571081051375,2.409213781561955,13.636345180233915,61.69210105274573,0,2026-09-22 23:22:54
2026-09-22 17:18:00,CNC-03,H,25.925707839006122,39.83689699063996,1819.6446654675387,37.74254969454206,82.2937496921491,2.463325167953374,12.511341500962377,46.68924469498073,0,2026-09-22 23:22:54
2026-09-21 23:55:00,CNC-02,M,298.7003756194744,310.56420529182225,2591.0198291141287,17.232679702547202,60.10057202849351,3.159987423399781,8.350925312714535,55.29396011761033,0,2026-09-22 23:22:54
2026-09-22 17:27:00,CNC-02,M,32.34131404681278,40.922454771414436,0.0,35.96873470706734,147.27108753327047,2.8679312367039924,13.33320079547546,42.46868969418906,0,2026-09-22 23:22:54
2026-09-22 12:33:00,CNC-01,L,24.352957965102235,37.853878582754476,1371.8953059620724,49.4748355317507,0.0,2.024199729554971,12.606880414524012,57.87438180326708,0,2026-09-22 23:22:54
2026-09-22 08:15:00,CNC-03,H,295.4574486645382,310.73912655285545,1654.851974376545,47.22487226333212,230.9049136730684,3.141774974562585,14.980833300048703,59.29580419762813,0,2026-09-22 23:22:54
2026-09-22 03:10:00,CNC-01,L,297.82986141556006,310.4625657525239,2471.9441761572807,21.56928294197534,45.42181601399723,3.096775324609966,10.153490739065024,53.076862433232336,0,2026-09-22 23:22:54
2026-09-22 20:19:00,CNC-02,M,300.5191848480989,314.632438690413,2302.2132755429316,28.05862976872927,139.59914533859316,3.1812248626789326,12.393886953165389,51.839793587980445,0,2026-09-22 23:22:54
2026-09-22 02:37:00,CNC-01,L,297.90641672557024,309.41251451865224,2506.8726432085205,17.545983269469716,7.830312355985603,3.0987269425493773,8.423481199945575,51.28591927960356,0,2026-09-22 23:22:54
2026-09-22 05:39:02,CNC-03,H,296.0820273465819,309.59331605478616,2068.111582054062,31.824056782602028,14.169465350920639,2.6861459641643246,12.293168316578841,58.383528946314954,0,2026-09-22 23:22:54
2026-09-22 01:57:00,CNC-02,M,298.100728951985,312.0370061143307,2527.0721775948246,25.2035071559419,190.81605696486253,3.648734088069509,11.824039927548172,55.297105581968,0,2026-09-22 23:22:54
2026-09-22 01:43:00,CNC-01,L,298.58496768510474,311.42557662462895,2815.719228521152,17.381040193014076,167.50790496829063,3.8573301020821944,9.169077098040203,51.24754128037067,0,2026-09-22 23:22:54
2026-09-22 15:34:00,CNC-02,M,298.71677786567113,314.36009549598185,1669.8254460313096,49.02191328981727,200.28916852653578,3.117428066631916,15.444472431223218,54.45415426928458,0,2026-09-22 23:22:54
2026-09-22 05:56:00,CNC-03,H,296.4120960167533,310.62792794944556,1970.805959315314,36.699349224282635,35.171750555554645,2.533836679584202,13.561906757964838,63.349423873108066,0,2026-09-22 23:22:54
2026-09-22 04:44:00,CNC-03,H,296.4724077825867,311.2205189239492,2163.529489317017,32.58303740411971,197.35198465536106,3.26493516647124,13.329492637889476,54.96372435825594,0,2026-09-22 23:22:54
2026-09-22 22:10:00,CNC-02,M,299.6167019551418,312.67877501407764,2581.521713481703,21.211950113860624,59.97961301031097,3.162033193423973,10.110730828267553,55.163623944072455,0,2026-09-22 23:22:54
2026-09-22 12:15:00,CNC-02,M,296.87724534444703,311.5623576917802,1440.9737479083203,48.982384585005484,114.17581078850218,2.213772489546073,13.123093298984443,56.48446984109545,0,2026-09-22 23:22:54
2026-09-22 12:44:00,CNC-02,M,24.06861152320664,38.645893361294895,1309.7472599518474,51.76652142515979,160.36289519348466,2.3658680828120384,12.88085999683777,59.032457230799594,0,2026-09-22 23:22:54
2026-09-22 01:42:00,CNC-03,H,297.8775986709488,311.06089751713694,2702.779252155695,18.49305244735393,208.29542077308227,3.8698439769728203,9.054311257014398,57.67685487929967,0,2026-09-22 23:22:54
2026-09-22 04:22:00,CNC-03,H,296.30792961138263,310.03909679102094,2359.6543644447447,25.491535939453353,170.2183317704451,3.1661813240567573,11.241001801200856,58.82573657746871,0,2026-09-22 23:22:54
2026-09-22 15:35:00,CNC-02,M,298.92648051489414,313.95369091527124,1681.8821167182111,43.84477513814278,201.77208945568526,2.991555354306127,13.581701815950149,53.87625633949932,0,2026-09-22 23:22:54
2026-09-22 04:42:00,CNC-03,H,296.24081979864576,310.45632800784233,2242.074618756111,30.232695129017348,194.860019395957,3.3468132058444358,12.948900017676175,54.35531780745156,0,2026-09-22 23:22:54
2026-09-22 02:45:00,CNC-01,L,298.0621132042389,310.1164376721203,2491.335012099365,19.26533659619445,16.894945135509694,3.0652882280424545,9.062583897439877,54.19672929917244,0,2026-09-22 23:22:54
2026-09-22 13:25:00,CNC-01,L,24.855411273462664,39.042837743163886,1347.523036297265,51.340340006519824,82.5602781678664,2.0560498712361834,12.95066811930004,48.89507788147666,0,2026-09-22 23:22:54
2026-09-22 01:45:00,CNC-03,H,303.58983012338877,311.260274348505,2661.672101087126,21.649779210978274,211.57915408767138,3.7565028404436758,10.868331172968631,47.32438735226313,0,2026-09-22 23:22:54
2026-09-22 19:54:00,CNC-02,M,300.74531110065726,314.5861144370172,2373.7993306603075,25.860243235409662,109.97920207120266,3.0659541846141165,11.36065322847484,48.394866522860646,0,2026-09-22 23:22:54
2026-09-22 06:13:00,CNC-03,H,296.0333757452838,309.6106731605486,2073.937528648611,32.04240517350403,57.87244052711532,2.6876683992288553,12.526461188404818,60.82463322922552,0,2026-09-22 23:22:54
2026-09-22 00:48:00,CNC-01,L,298.87312167526676,311.2172972390984,2692.0473977354536,18.335470712857827,108.36522352536406,3.418794654347319,9.133041775435856,54.63778604381851,0,2026-09-22 23:22:54
2026-09-22 11:45:00,CNC-03,H,296.7297895504958,310.67606365876935,1353.2264950377798,50.979374430419796,44.52776406771621,1.984924567102822,12.89598922347927,57.60985812512493,0,2026-09-22 23:22:54
2026-09-22 00:37:00,CNC-03,H,298.58153853517837,311.73514294997386,2519.3172674591797,21.922270557959102,138.3504136161009,32.58027168041528,10.208733773321454,52.621898163375164,0,2026-09-22 23:22:54
2026-09-22 16:00:00,CNC-01,L,299.0349873856772,313.0470454139136,1761.2467217638846,40.21184651204658,83.68317511329785,2.4992878991779306,13.423014179317343,51.79765196691402,0,2026-09-22 23:22:54
2026-09-22 00:08:00,CNC-03,H,298.9297247601368,,2812.4897230918814,11.282189680196748,107.4606849555901,3.4212558427137783,5.89846052061272,52.042133828298816,1,2026-09-22 23:22:54
2026-09-22 00:03:00,CNC-01,L,299.1533598922652,310.54917327534065,2715.5625577326905,12.166471747768135,60.36528489135274,3.1611814691456406,5.808685007491628,55.84643874786006,1,2026-09-22 23:22:54
2026-09-22 18:17:00,CNC-03,H,26.44380344390504,41.15720203746048,2070.452832752191,36.05633455413603,162.0121586561007,2.81342029257391,13.96377590376154,52.52284141568252,0,2026-09-22 23:22:54
2026-09-22 06:18:31,CNC-02,M,295.98434331981815,310.60578296033685,2041.0358705501453,37.48986144972475,47.88011194623141,2.5888686557096428,14.303759788257086,56.93433703090287,0,2026-09-22 23:22:54
2026-09-22 22:43:00,CNC-01,L,299.1050659883442,311.3789617175825,2730.2048021635387,15.06043330490148,148.94805452900667,3.5679891665623766,7.431184045902382,55.74266181968424,0,2026-09-22 23:22:54
2026-09-21 23:23:00,CNC-03,H,299.1992949124802,311.99495168771483,2712.7440541471356,19.02917300495572,59.499558915760055,3.278695879683726,9.649426868758859,52.6591859790783,0,2026-09-22 23:22:54
2026-09-22 20:04:00,CNC-01,L,299.95603367157145,313.5549964521423,2539.176728565449,22.07796860987092,204.55912303192684,3.975075763973927,10.697406861230904,52.30430003338045,0,2026-09-22 23:22:54
2026-09-22 02:16:44,CNC-03,H,302.96138254204516,309.4283038094913,2413.3069647256816,21.881412262962378,25.027484565926898,2.9534345499034775,9.798473959749522,42.0816186315105,0,2026-09-22 23:22:54
2026-09-22 19:32:00,CNC-01,L,299.8793749360358,313.74708807996154,2183.4225954391895,28.425991904990333,166.02564228409878,3.249016550343435,11.34886357235536,53.86314333782629,0,2026-09-22 23:22:54
2026-09-22 09:19:00,CNC-02,M,296.276978898214,311.0375041481997,1632.5408081333533,46.24704062074093,84.63209284632993,2.2941228182308766,14.446797690493264,54.32556840186843,0,2026-09-22 23:22:54
2026-09-22 10:27:00,CNC-01,L,296.65942256750503,310.18617881627586,1508.0540287729311,43.76315955935466,28.108789056916258,2.09976835887084,12.248032884989872,53.565952104772464,0,2026-09-22 23:22:54
2026-09-22 05:49:00,CNC-02,M,296.2035925344726,309.8746011665595,2059.733238046183,32.179643918942276,7.84755896443585,2.655450999209252,12.520381737684293,57.52397671166669,0,2026-09-22 23:22:54
2026-09-22 18:05:00,CNC-03,H,25.96518390005565,40.309137623053175,1942.8668434432864,34.89334784211677,146.13325480845367,2.8390048073587764,12.675802183765772,55.067326788573084,0,2026-09-22 23:22:54
2026-09-22 09:31:00,CNC-03,H,296.0569164551609,310.9776115233697,1584.3260745668572,50.15104761058545,91.39960101212102,2.2509159190763026,15.023499991636877,55.567334945212195,0,2026-09-22 23:22:54
2026-09-22 12:45:00,CNC-03,H,24.47074463204632,38.99537394335181,1332.5764766696834,54.64019104171099,139.7516750373061,2.2255740530423953,13.703635574670603,56.96705194526435,0,2026-09-22 23:22:54
2026-09-22 22:29:00,CNC-03,H,299.3996103985407,312.3545487681474,2674.8296922912036,18.151547943876515,219.74435061872745,3.711020474551486,9.108480846624538,50.184961578025295,0,2026-09-22 23:22:54
2026-09-22 09:50:00,CNC-03,H,295.6026170565773,310.2016704793717,1412.7259651730262,53.54675828406985,120.9877211806155,2.200535626458115,14.031628310792755,59.779549901684504,0,2026-09-22 23:22:54
2026-09-22 07:36:00,CNC-01,L,296.00433580905303,311.0027372885201,1561.4629175418163,48.94559233519154,185.7789343104947,2.8682650988122087,14.289919203262652,60.35764677722832,0,2026-09-22 23:22:54
2026-09-22 08:07:00,CNC-03,H,295.74313348033,310.7588090841593,1524.517761028335,49.112362427122875,219.13074578851013,2.789582692713823,13.977002767836975,60.19080477336645,0,2026-09-22 23:22:54
2026-09-22 19:04:00,CNC-01,L,299.96703914566547,312.98723901435415,2111.613708645964,26.366872263059395,131.2902124188796,2.9517428489729585,10.505837504482807,51.27914525113611,0,2026-09-22 23:22:54
2026-09-22 11:05:00,CNC-01,L,296.52328226751445,310.886680805288,1428.2547099226977,51.83848825802213,88.11019399784455,2.0986437506909166,13.720764997390864,61.83684985838903,0,2026-09-22 23:22:54
2026-09-22 11:28:00,CNC-02,M,296.43824598259124,310.3580897396907,1364.9077722620355,50.0502024468169,39.66120735767988,2.0751443737444,12.850077482910844,55.961113744531666,0,2026-09-22 23:22:54
2026-09-22 21:07:00,CNC-03,H,299.40559816360496,312.93659249331967,2565.509452938496,23.30351308597833,128.69142117257104,3.2718493237769253,11.01001057320654,58.122810641204495,0,2026-09-22 23:22:54
2026-09-22 09:41:28,CNC-03,H,5846.886600703436,310.14701968326773,1447.0560922444777,48.00452294729665,108.50541965088864,2.274418423121967,12.885320602551555,56.776259546600095,0,2026-09-22 23:22:54
2026-09-22 12:39:00,CNC-02,M,24.036103611674605,38.99817569225456,1466.3605698630756,51.827022903834546,152.39832726403833,2.4221192036015626,14.140288578948054,55.26710649426061,0,2026-09-22 23:22:54
2026-09-22 20:56:00,CNC-02,M,300.19679424700996,313.8356143700433,2404.410923054555,22.600244538922894,182.41553245279815,3.5048758712876453,10.159247137048524,51.466326938096174,0,2026-09-22 23:22:54
2026-09-22 12:10:00,CNC-02,M,296.67828953641333,311.2967927973174,1400.4875209781665,53.37126615499708,4065.612088685543,2.158357209418057,13.900899784657186,57.795667423536656,0,2026-09-22 23:22:54
2026-09-22 02:11:00,CNC-02,M,297.78393360781223,311.28097258316876,2567.520421915017,21.280095122219617,206.10700403504305,3.8408296840933995,10.113884667504335,59.1229149554026,0,2026-09-22 23:22:54
2026-09-22 15:28:00,CNC-03,H,298.25139140561436,312.81897042535456,1486.2934891259742,48.15846136212981,175.27926104699964,2.516672158072431,13.609329323474096,53.81941121204073,0,2026-09-22 23:22:54
2026-09-22 18:22:00,CNC-01,L,26.831267827416298,40.97750024729919,2070.58714136535,33.61827133985188,77.55966419077313,2.634974352440654,13.210678864552797,48.371909483860364,0,2026-09-22 23:22:54
2026-09-22 02:36:00,CNC-03,H,302.98943041247065,308.5694515729331,2494.5427530849943,15.730428535510255,47.12977593745601,3.084216894621974,7.599107570485509,40.483769121032545,0,2026-09-22 23:22:54
2026-09-22 11:39:00,CNC-01,L,296.9803226700885,312.13164892721625,1397.387956244574,56.63131899365203,141.94470203087806,2.414495459118315,14.52469881303472,60.88995542229337,0,2026-09-22 23:22:54
2026-09-22 04:31:00,CNC-01,L,302.51920452028935,310.1580557879099,2312.285196157535,25.56594597483292,141.8903088852749,3.150900427506273,10.994116989422178,44.8405443325583,0,2026-09-22 23:22:54
2026-09-22 17:53:00,CNC-02,M,32.25484135527279,40.3726649852274,2139.549748042,29.9332583231855,182.23330122996575,3.2826785649959556,11.89966465752978,44.14054487082817,0,2026-09-22 23:22:54
2026-09-22 16:44:00,CNC-03,H,298.83757092535865,312.5116856112131,1725.4595420894768,37.87719808840751,34.49278326633871,2.378291631717353,12.298681757310797,52.99268679914226,0,2026-09-22 23:22:54
2026-09-22 21:14:00,CNC-03,H,299.48073683770536,311.5777236510736,2614.7408716467285,14.709039328307847,136.64258538452847,3.399280851836259,7.20473126341838,52.62989517141324,0,2026-09-22 23:22:54
2026-09-22 06:45:00,CNC-02,M,296.36642804613194,311.09622469868907,1962.284367029056,38.8607604817945,83.23385506333268,2.7666938910013146,14.18416605430269,61.13040346286751,0,2026-09-22 23:22:54
2026-09-22 01:13:00,CNC-01,L,298.8982599823529,311.8714184550648,2614.488099282718,20.233008604168006,0.0,3.3969434970056214,10.008705878196205,53.482812698649795,0,2026-09-22 23:22:54
2026-09-22 19:17:00,CNC-03,H,299.5457489547257,313.5515238548881,2340.268727027709,28.318850103823976,238.53697109448484,3.758589572217637,12.127191149049269,54.210998918565885,0,2026-09-22 23:22:54
2026-09-22 19:10:00,CNC-02,M,300.6416228400573,314.9040117635514,2281.8558202079757,30.151492282801247,56.05409873497161,2.7763155898135548,12.872791501555042,51.112219330438776,0,2026-09-22 23:22:54
2026-09-22 01:59:00,CNC-02,M,298.04917349942826,312.11546698916317,2620.633605244672,24.218209750684053,193.07594485428572,35.58754769873149,11.60787356755817,56.02191680406869,0,2026-09-22 23:22:54
2026-09-22 09:18:00,CNC-01,L,296.29242534027,310.40206431680315,1488.7683557809096,45.5802006420282,138.95136210920836,2.3781723445878353,12.43798954711842,57.1757010970543,0,2026-09-22 23:22:54
2026-09-22 07:47:00,CNC-03,H,295.73074533333147,310.68149283663934,1746.1852194247824,44.558145598445414,189.7299271903414,2.795769137801873,14.423401730487162,55.18685368749047,0,2026-09-22 23:22:54
2026-09-22 20:09:00,CNC-03,H,299.8383055151895,313.0655661431177,2522.2814906466606,23.26980152077877,61.75477537101756,3.069426194468136,11.022332355241112,51.39976880677616,0,2026-09-22 23:22:54
2026-09-22 04:35:00,CNC-03,H,296.20770534415,310.8361414972554,2167.2426959475742,32.86337875708222,186.2710591232941,3.0970958155441455,13.1307375752477,56.01629090433481,0,2026-09-22 23:22:54
2026-09-22 18:38:00,CNC-01,L,299.66849840630437,313.06565949714894,2174.3063333675295,27.46751432222492,3760.2120319476803,2.8570391261477153,11.004017236682273,51.26496411559832,0,2026-09-22 23:22:54
2026-09-22 17:12:00,CNC-02,M,305.20000193870175,313.65987163275446,1818.5562866589676,38.85173881459197,126.68481142755483,25.84487370690693,13.16737224343092,44.626392581414244,0,2026-09-22 23:22:54
2026-09-22 19:06:00,CNC-02,M,300.1466802484904,313.60095616598403,2296.554839154364,26.21233838295331,51.043156831620344,2.8974241974882493,11.562045509992968,52.33160900383923,0,2026-09-22 23:22:54
2026-09-22 19:11:00,CNC-03,H,299.35892685401825,314.0461224359813,2203.37207053929,31.405480436975832,231.147741166582,3.481836491094255,13.20167029921323,53.96948244968321,0,2026-09-22 23:22:54
2026-09-22 19:30:00,CNC-03,H,299.56612776543994,312.7447043803494,2327.0238358094543,26.719438346155997,14.672880078762702,28.991208119579174,11.539312028766325,51.40626429455424,0,2026-09-22 23:22:54
2026-09-22 00:13:00,CNC-01,L,298.9049565151056,310.53793101976373,2656.4986258176987,13.82232713068094,71.12153205779381,3.2186399749634655,7.025721174198364,49.36205118587641,0,2026-09-22 23:22:54
2026-09-22 19:04:00,CNC-03,H,299.25550624558974,313.77107186856534,2129.5676162950313,32.63140235354198,222.36809881982617,3.5597854962315645,13.0494550823834,52.43626709625973,0,2026-09-22 23:22:54
2026-09-22 07:58:00,CNC-01,L,296.34676675313875,310.2655973271237,1686.3005544037464,42.28060836673183,18.858321701439834,2.4287894363485054,13.067104454485916,59.306936321352026,0,2026-09-22 23:22:54
2026-09-22 19:55:00,CNC-01,L,299.9797360517812,313.57210335361736,2421.761129218039,23.90894175318709,193.858545611093,3.580374453564311,10.823369670085762,53.314329620716194,0,2026-09-22 23:22:54
2026-09-22 20:07:00,CNC-02,M,300.56763216443,314.7534274278214,2517.6619700676497,25.87530827615325,125.38887591189814,3.2828555150097047,11.947676187939857,46.49200031623929,0,2026-09-22 23:22:54
2026-09-22 19:06:00,CNC-01,L,300.00590179891395,314.0671449646211,2296.9097343828494,29.569171036197645,133.71909695705799,3.193284688610636,12.716300054870896,52.75628328780988,0,2026-09-22 23:22:54
2026-09-22 06:02:00,CNC-03,H,296.24625011694104,310.1874586267196,2064.3348573648877,35.40571600245601,43.17623146479498,2.6610332391333693,13.776175884985708,63.26737915248879,0,2026-09-22 23:22:54
2026-09-22 13:05:00,CNC-02,M,24.040116315066257,39.22551441013252,1410.6451804873518,,193.64518694452187,2.6823013671932063,14.658338376864053,57.46549297573102,0,2026-09-22 23:22:54
2026-09-22 10:31:00,CNC-01,L,296.5016906651536,310.166021350629,1303.760896879671,51.55000756124017,34.44284805394489,1.9592807909127703,12.807672809329667,56.29979358496265,0,2026-09-22 23:22:54
2026-09-22 12:47:00,CNC-03,H,24.50127380679379,38.68595214417877,1367.0705666643066,51.72966616118861,142.90740818419678,2.214775672070448,12.820729817184638,52.40483827847199,0,2026-09-22 23:22:54
2026-09-22 02:32:00,CNC-03,H,302.9287634085253,308.86751483023914,2555.0918648881,17.138461386840124,42.683593820126006,3.004750644772233,8.108440232510203,45.09205365856679,0,2026-09-22 23:22:54
2026-09-22 10:00:00,CNC-03,H,296.11274613015786,310.4058114662359,1520.0539189674512,46.43782937959716,136.4872715547693,2.3299794794181765,13.217049048158245,60.6165323719182,0,2026-09-22 23:22:54
2026-09-22 16:20:00,CNC-02,M,299.2095018241479,313.6683283031767,1680.4600582591565,44.2360360701176,52.96505259109761,2.3110312715861534,14.003373650805678,56.010340512099916,0,2026-09-22 23:22:54
2026-09-22 15:48:30,CNC-03,H,298.16240670436633,313.02346902220086,1593.6751618176968,45.60795790688604,206.57172882023033,2.8391376233757715,13.475781273256933,53.49371470072866,0,2026-09-22 23:22:54
2026-09-22 06:48:00,CNC-03,H,295.76031638485256,310.1774977911945,1740.4620988174715,41.03673712024787,105.94171422045763,2.3947094946380143,13.441583312119253,58.192916592160046,0,2026-09-22 23:22:54
2026-09-22 07:16:00,CNC-02,M,296.1737160255313,311.0073548784614,1879.696981452351,37.82992533602215,126.52934712867648,2.5727888687447247,13.316918831540645,53.1011212010898,0,2026-09-22 23:22:54
2026-09-22 17:25:00,CNC-01,L,26.19781687873018,39.416232899335284,1926.441473921572,34.34652836692305,1.406909894943575,2.5916480024753454,12.276760612263539,50.22197303492416,0,2026-09-22 23:22:54
2026-09-22 12:49:00,CNC-02,M,23.94673397678025,38.931453331632326,1319.0830842320377,55.776838339994725,168.27033957681303,2.31015716875027,13.843656231748703,57.35242499956712,0,2026-09-22 23:22:54
2026-09-22 11:40:00,CNC-03,H,296.7534577591003,311.19774560671226,1585.5824372872064,49.552574774245535,36.54131152008102,2.2632949276228196,14.5448173751153,59.24140817981921,0,2026-09-22 23:22:54
2026-09-22 00:19:00,CNC-01,L,298.8999400225418,311.41169714874917,2639.7636439387643,17.544479654656985,77.5398493942748,3.181622728350144,8.833121932260825,50.1102805712382,0,2026-09-22 23:22:54
2026-09-22 04:36:00,CNC-03,H,296.5804189628915,,2281.7789371545236,28.542759689478594,187.5023224910555,3.289125206049614,12.236096714764393,55.70393521652259,0,2026-09-22 23:22:54
2026-09-22 04:09:00,CNC-02,M,296.346052287446,309.68399886310675,2327.9809795507344,25.23055189411555,124.26767874742625,3.024514322740402,11.054042054831438,59.059119148050385,0,2026-09-22 23:22:54
2026-09-22 05:45:14,CNC-02,M,296.23859465328684,309.4667103562338,2128.7235055438478,29.09603496475937,,2.744073610335256,11.514735832133452,56.918575001761575,0,2026-09-22 23:22:54
2026-09-22 06:41:00,CNC-03,H,296.0002226847792,310.03793866453645,1981.937588457044,35.65677412532972,96.13913542921982,2.6930687726137514,13.383731131320811,58.50616342113886,0,2026-09-22 23:22:54
2026-09-22 21:11:00,CNC-02,M,300.0864239368668,314.34892551539156,2377.755121673247,26.29017413410484,199.51910566306975,3.5786010418287297,11.994707587040999,48.99754956847308,0,2026-09-22 23:22:54
2026-09-22 10:42:00,CNC-03,H,296.7352878324759,312.1882795145852,1452.5667725664282,56.74654268580613,202.39972829401984,2.7085466235900886,15.307212613885246,59.81423887887254,0,2026-09-22 23:22:54
2026-09-22 03:14:00,CNC-02,M,297.03590515849817,309.7367212534559,2479.558279250264,21.390062918444592,59.094425848446676,3.0940797472061585,9.996482455095949,54.74894939373874,0,2026-09-22 23:22:54
2026-09-22 06:51:00,CNC-02,M,296.18269059671,310.09232783194585,1936.1947144897738,35.08070571103687,91.54803925789568,2.6337752225573956,12.72885054149965,61.82698944450939,0,2026-09-22 23:22:54
2026-09-22 04:58:00,CNC-03,H,296.28706029470504,310.0672370068559,2206.3484059535144,28.605995689451163,214.75809485729596,3.4057489947010584,11.825273184696396,57.96552617422049,0,2026-09-22 23:22:54
2026-09-22 09:47:00,CNC-03,H,295.82773092249755,310.0586729646749,1366.6999497924505,51.61838611565357,116.29498820514421,2.0774535445530957,13.106705941157578,59.18233151512783,0,2026-09-22 23:22:54
2026-09-22 13:51:00,CNC-02,M,297.688276774691,311.5157523569582,1414.6635510949611,46.07764665951227,42.591708700131264,2.0828000775769233,12.113910328701527,56.38845745236723,0,2026-09-22 23:22:54
2026-09-22 21:28:00,CNC-03,H,299.699449862849,313.2329014335241,2646.842051127723,21.601943673483802,152.388675765898,3.420865245885735,10.835927590603688,49.951260452047336,0,2026-09-22 23:22:54
2026-09-22 10:23:00,CNC-02,M,296.26381251806004,311.5558398579162,1368.9736265760978,55.61834866124625,184.35129902029558,2.5636514945259106,14.224872828959489,55.283148262738806,0,2026-09-22 23:22:54
2026-09-22 17:00:00,CNC-03,H,299.22505300895125,312.867327198548,1773.622721661169,37.005098605258404,57.13395455537774,2.4856287174777725,12.272577463619957,52.87933717050741,0,2026-09-22 23:22:54
2026-09-22 16:56:00,CNC-01,L,299.5968463250809,314.667967734106,1860.56897580556,42.695551712120206,163.86849417167494,2.8894583239480642,14.843473811679136,53.56835005669692,0,2026-09-22 23:22:54
2026-09-22 09:22:00,CNC-01,L,296.2117422858589,310.5774485553204,1407.1137609300952,50.21858578267936,145.16007914830865,2.2819143690380232,13.312548394115261,54.64021748940047,0,2026-09-22 23:22:54
2026-09-22 01:35:00,CNC-01,L,298.7146587662157,311.8648127248945,2698.630895384444,19.51991378854457,158.8448449808826,3.6367816383304414,9.588663432198022,54.890115233679616,0,2026-09-22 23:22:54
2026-09-22 10:07:00,CNC-01,L,296.4948735393453,311.137245780293,1372.5507192047603,51.56168589906669,215.20050125506407,2.9533208455815325,13.315916454339536,56.23416504846639,1,2026-09-22 23:22:54
2026-09-22 21:05:00,CNC-02,M,300.0288834737928,314.2765742323925,2570.481512289237,24.101419732867697,192.58211476684772,3.7478632633614577,11.428792986987329,51.218531617994664,0,2026-09-22 23:22:54
2026-09-22 10:53:00,CNC-02,M,296.4861730039171,312.1292175883424,1420.8100035316975,54.7173753641115,231.8618727327341,3.0561905261892277,14.315497233420468,59.10377460408858,1,2026-09-22 23:22:54
2026-09-22 12:01:00,CNC-01,L,297.32916519388573,312.15907883868766,1363.9509458395598,53.631172175247535,176.95399572371056,2.6800672883625323,13.822723250731153,59.24950620716636,0,2026-09-22 23:22:54
2026-09-22 00:50:37,CNC-01,L,298.6953788457316,311.65764030367785,2574.576734561495,20.687078479002295,111.63046982625416,3.340031532453345,9.856693404902048,52.789696881686076,0,2026-09-22 23:22:54
2026-09-22 04:30:51,CNC-03,H,296.2815421553327,310.32059166589437,2281.621067647804,27.256691013866263,182.62994853259488,3.201594898472427,11.554891894368781,55.91357953656501,0,2026-09-22 23:22:54
2026-09-22 19:39:00,CNC-01,L,299.8741885585173,313.78179096427124,2327.938093967917,27.142462565777024,174.6764119355451,3.4573203610239718,11.799584822418446,52.904076609258375,0,2026-09-22 23:22:54
2026-09-22 07:46:00,CNC-01,L,295.82691663360447,309.7538607312441,1841.9947424765535,39.85509541747922,1.4357520084501398,2.567221713416549,13.855950031144324,58.06633798641276,0,2026-09-22 23:22:54
2026-09-22 21:45:00,CNC-02,M,299.850349325615,311.4943348922655,2579.049651037607,14.255664882556623,32.28918889709305,3.0696525968865043,7.051622884860278,51.39832241495477,0,2026-09-22 23:22:54
2026-09-22 18:52:00,CNC-02,M,300.0034251069345,313.02896578839875,2174.175964801865,27.31947858708358,33.52123826979339,2.7512179713725526,10.969300662442416,54.34723837222273,0,2026-09-22 23:22:54
2026-09-22 01:01:00,CNC-03,H,298.5894112413145,311.38610619880154,2580.2379767582715,19.08154614533912,163.93938770692978,3.3464590574047897,9.152291803622532,56.09131664696848,0,2026-09-22 23:22:54
2026-09-22 03:43:00,CNC-01,L,297.7274443295728,310.34094723151713,2621.71649252039,19.03963617186396,84.04224054615919,3.1906499819280407,9.222545551881243,55.912285370298584,0,2026-09-22 23:22:54
2026-09-22 00:15:00,CNC-03,H,298.90722333303205,311.06808160169044,2716.667926512894,15.20035618912759,114.81167783339656,3.3012689408334275,7.534966255588304,55.0993934890327,0,2026-09-22 23:22:54
2026-09-22 13:55:00,CNC-02,M,297.7353839474942,312.0603513357043,1402.2579248767242,52.74420949087346,48.833721995754686,2.098183820418462,13.586301123575842,56.79516572520237,0,2026-09-22 23:22:54
2026-09-22 06:57:00,CNC-01,L,296.2409992146686,310.3192383740461,1932.4229229369132,35.85227746754331,130.32148293716872,2.6696278805554092,13.118486702087052,58.17859058908856,0,2026-09-22 23:22:54
2026-09-22 12:10:00,CNC-03,H,296.71276949256566,310.95778860476287,1410.6488199606372,51.208772952832526,84.2575667043367,2.016317202755655,13.507066420863099,56.94244062804997,0,2026-09-22 23:22:54
2026-09-21 23:33:00,CNC-01,L,299.143020005805,311.1378334237154,2746.6964599513353,16.127136625186743,28.667484844400164,3.187969693553919,8.347756006471979,55.124159141118184,0,2026-09-22 23:22:54
2026-09-22 15:43:00,CNC-02,M,298.78073512567266,314.5949780179982,1731.1678569015944,46.68483500787882,213.5010422808859,30.49526781716394,14.997525395363844,56.57171194675665,0,2026-09-22 23:22:54
2026-09-22 07:22:00,CNC-03,H,295.70374796519127,310.37350155918267,1947.8083234890069,38.49022520478999,153.8043623349557,2.7195613276190183,13.947744434509529,57.43580745767097,0,2026-09-22 23:22:54
2026-09-22 13:22:00,CNC-02,M,24.221015419540947,39.454227783695046,1380.5231195114168,53.061953525568946,220.53479573967573,2.882259730151733,13.936524542640436,57.992327468998006,0,2026-09-22 23:22:54
2026-09-22 22:21:00,CNC-01,L,299.5995821201356,311.4051170353416,2900.0,13.15525437761171,125.13416052874439,3.598934610917648,7.217943438609855,51.53492674677671,0,2026-09-22 23:22:54
2026-09-22 13:26:00,CNC-01,L,24.36528491955204,38.33929409520675,1343.4827000583382,52.551297717647635,84.15903664784967,58.86422947418285,12.85403960700971,56.470814513754654,0,2026-09-22 23:22:54
2026-09-22 01:47:00,CNC-03,H,303.471328175137,310.2830974173359,2541.8767310770754,17.189778788917188,213.80644260570105,3.6995702155293833,8.249942381801514,43.10566638850996,0,2026-09-22 23:22:54
2026-09-22 04:57:00,CNC-03,H,296.4358852291279,310.5862793782599,2223.887008478713,29.503200923552807,213.5249455303043,3.5423606692338234,12.40383952643599,54.95893053612297,0,2026-09-22 23:22:54
2026-09-22 18:01:00,CNC-03,H,26.16144764847786,40.39864432433626,1985.2538448522591,35.29969986522461,140.66196270577473,2.6589357773011812,13.210001949881898,52.5734342779086,0,2026-09-22 23:22:54
2026-09-22 01:16:00,CNC-03,H,298.053128418231,311.12266823790736,2533.889300806143,21.357075817025912,180.03105970460322,3.4157911097840286,10.07767044166576,55.372677258230325,0,2026-09-22 23:22:54
2026-09-22 05:59:00,CNC-03,H,296.13714327632937,310.0995149559132,2016.4189675663943,35.693671160108515,39.18621899584706,25.6546160463017,13.521303541054412,56.63411183190565,0,2026-09-22 23:22:54
2026-09-22 20:04:16,CNC-02,M,300.39460895115457,314.4218851975676,2524.4424379918432,25.777587797880784,121.90157847509712,3.1834188845305955,12.129055191477619,47.74777735259986,0,2026-09-22 23:22:54
2026-09-22 00:57:00,CNC-02,M,298.44815043544077,310.564034649742,2766.8494837953103,14.102564221145132,126.15213145598189,3.4476824387578766,7.553583599550645,51.48095981766509,0,2026-09-22 23:22:54
2026-09-22 22:53:32,CNC-02,M,299.2707221898118,311.88783614753606,2708.778268971435,16.216760553029484,106.57891457556761,3.281109040655291,8.06209396465628,51.311482480643456,0,2026-09-22 23:22:54
2026-09-22 01:34:00,CNC-03,H,297.8714877087403,310.3108589936675,2834.9426391429124,15.202943676500826,199.62685117151025,3.9206550214745213,8.031858580423252,56.3782175459006,0,2026-09-22 23:22:54
2026-09-22 13:50:00,CNC-03,H,297.531590384981,311.29966246885834,1341.2816301146916,52.80526599011328,25.141123809644263,2.1102361577399265,13.109641653100681,52.02677856315056,0,2026-09-22 23:22:54
2026-09-22 22:40:00,CNC-02,M,299.39819951881617,312.26778183785785,2605.755324339693,18.807442149481442,92.54569012356124,3.279825050485254,9.000069989873985,53.44711896999704,0,2026-09-22 23:22:54
2026-09-22 08:12:00,CNC-02,M,296.3061946099827,,1607.2845227286673,48.76140093689385,207.5021271184423,2.887462551800991,14.736954384358746,58.77522465930094,0,2026-09-22 23:22:54
2026-09-22 09:06:00,CNC-03,H,296.13386265085666,310.4281473064669,1537.3939518554666,48.19260519438687,53.18458088650966,2.1556912844670895,13.982641867300877,57.52610070011095,0,2026-09-22 23:22:54
2026-09-22 06:49:00,CNC-02,M,296.18800667782256,310.5753578876536,1750.0729470094318,41.2813378368733,88.76902887981944,2.3530307068846397,13.620863763127689,54.80620933055467,0,2026-09-22 23:22:54
2026-09-22 17:37:00,CNC-03,H,26.192899975736168,40.60656332781832,1984.1385529862735,36.46513651232738,108.31580829035595,2.6568387085009264,13.595429597564221,53.196445919195,0,2026-09-22 23:22:54
2026-09-22 07:14:00,CNC-01,L,296.0770950185658,310.20360878650075,1696.6350548382934,40.999082291658425,154.32195710656563,2.6695946317073487,13.051394717825419,53.42305496876565,0,2026-09-22 23:22:54
2026-09-22 08:10:00,CNC-03,H,295.54590549796325,311.2665758785722,1772.3343718669335,46.37484678063413,223.4651603569073,3.1573280341119028,15.168360508973063,60.78942999150867,0,2026-09-22 23:22:54
2026-09-22 09:46:00,CNC-02,M,296.20354547729903,310.6293486356006,1475.5148343134233,49.16372132230354,126.43134121873507,2.245054059462727,13.393809922336928,57.56848512182636,0,2026-09-22 23:22:54
2026-09-22 16:55:00,CNC-03,H,299.1212916633956,313.0968100689584,1796.9963738441918,38.53648689681869,50.14696222600828,2.5091406557942877,13.116140038664282,52.119407667311975,0,2026-09-22 23:22:54
2026-09-22 16:49:00,CNC-03,H,298.94966760867425,313.0724310250747,1851.5110555543301,38.27631817283705,41.67138164856935,2.4459358702170206,13.388948542694475,50.966917967382294,0,2026-09-22 23:22:54
2026-09-22 09:51:00,CNC-03,H,295.91564803482316,310.2500959892227,1421.9665068905674,51.892995776656896,122.5408458916387,2.2955139381972955,13.737060252508373,59.73485386129033,0,2026-09-22 23:22:54
2026-09-22 17:15:00,CNC-03,H,299.16264133966877,313.5833404162152,1960.062014064841,38.80723136096543,78.19521984831833,2.5695131558301108,14.277486699032766,51.97446454248412,0,2026-09-22 23:22:54
2026-09-22 04:38:00,CNC-02,M,296.13105638287857,310.1201510710085,2288.118865845668,27.400492534582384,159.47862193254352,3.080620689283798,11.820330837133808,58.81855039857095,0,2026-09-22 23:22:54
2026-09-22 15:44:11,CNC-03,H,298.3730589355262,314.0266848834026,1597.2564667466145,53.25004732348897,197.6662653530955,2.7177027266948275,15.985076214755365,53.077534513905476,0,2026-09-22 23:22:54
2026-09-22 07:30:00,CNC-01,L,296.0783115624647,310.65176484584947,1790.92144893811,39.62273256952403,177.0694647738388,2.9289337317722053,13.369136660628122,58.95934477538992,0,2026-09-22 23:22:54
2026-09-22 15:24:00,CNC-02,M,298.66414117289787,313.7303907912606,1621.3811164814974,45.16753548432635,185.26057242872335,2.7236206268449403,13.832735067291152,53.87574667163745,0,2026-09-22 23:22:54
2026-09-22 14:58:00,CNC-01,L,298.40277782817617,312.8050988790245,1432.833223320832,48.521725989376975,226.87868218565032,3.1707383396235556,13.19997162173373,51.97867879990728,1,2026-09-22 23:22:54
2026-09-22 03:14:00,CNC-01,L,297.64105197334175,310.8781081676563,2370.8238066349263,24.224155281834683,50.19881800975885,2.961828366976248,10.862458977995542,51.80542802714507,0,2026-09-22 23:22:54
2026-09-22 01:15:00,CNC-01,L,298.50772853601666,311.8333626176386,2733.643706868468,20.492399226910102,137.4205053647841,3.534077760154283,10.659773113008253,52.40042334372066,0,2026-09-22 23:22:54
2026-09-22 21:45:00,CNC-03,H,299.5780738984684,312.64959891360206,2564.207835161577,19.95240739498376,171.4069198548005,3.514355614618208,9.460723103837616,50.49314263397298,0,2026-09-22 23:22:54
2026-09-22 11:08:00,CNC-03,H,296.43985997913745,311.61299683509475,1372.7935299037986,55.397817802534135,,2.856894556476863,13.949716137805774,61.76383518003219,1,2026-09-22 23:22:54
2026-09-22 12:24:00,CNC-01,L,297.2245965921357,311.9459293658099,1376.7925349481768,51.580128597559295,213.52298714838818,3.014098916920054,13.311486434369433,53.629313694322214,1,2026-09-22 23:22:54
2026-09-22 12:26:00,CNC-02,M,23.944149244556115,38.06756323985684,1291.6704189070572,50.07260327417337,131.72573138449386,2.051571004386426,11.875359800522041,55.8430227041452,0,2026-09-22 23:22:54
2026-09-22 22:34:00,CNC-03,H,298.9988424422786,312.0409548127144,2647.560472053981,19.112604032199318,225.0433048581754,3.9229721349262556,9.506455161124004,53.93158574097503,0,2026-09-22 23:22:54
2026-09-22 01:53:00,CNC-02,M,298.22967151810013,310.72914274448766,2740.30149403972,16.887420684552158,186.46270954863905,3.801459828150755,8.665717187908543,56.1235876542001,0,2026-09-22 23:22:54
2026-09-22 16:00:00,CNC-02,M,299.18575437429496,313.5273787425333,1659.6600265882978,43.58512832997678,23.76110031080872,2.234992437999024,13.444243080279348,52.266858776909,0,2026-09-22 23:22:54
2026-09-22 22:49:00,CNC-01,L,298.9702898399874,312.5205219352045,2611.1846838815995,22.401347551087866,155.3966653677975,3.54267409732623,10.693230245582157,54.64191537790795,0,2026-09-22 23:22:54
2026-09-22 19:00:00,CNC-01,L,299.779673499324,313.53412700873577,2265.6102445649453,27.201977530566758,126.27089782488981,3.0315768003815875,11.407304176642501,51.66406495153146,0,2026-09-22 23:22:54
2026-09-22 22:51:08,CNC-03,H,299.02350789267,312.2162709854417,2733.864658784983,17.4859450505506,242.32437691466248,4.2022836933974475,9.252942775038731,45.13512792376587,0,2026-09-22 23:22:54
2026-09-22 11:56:00,CNC-03,H,296.97011164009655,311.062101864417,1421.6394938319004,50.53760849670203,62.01882697732694,2.101791952035563,13.346797111624339,60.898706354912385,0,2026-09-22 23:22:54
2026-09-22 09:23:00,CNC-03,H,296.0935946716854,310.26407215649044,1591.5843405295948,,79.12271062290212,2.3280246951716728,13.653391134504018,58.023585117646164,0,2026-09-22 23:22:54
2026-09-22 12:04:00,CNC-02,M,296.62768112162655,310.9791549124951,1359.7871090644296,51.44484022552985,96.769331528572,2.0899028372036583,12.892325972048575,59.438223609720154,0,2026-09-22 23:22:54
2026-09-22 14:48:00,CNC-03,H,298.1474218796314,312.6886294325073,1583.5761731023524,46.306510556064076,114.80171972427353,2.4088490681781924,13.824299685014907,54.92175257367222,0,2026-09-22 23:22:54
2026-09-22 21:54:00,CNC-01,L,299.5416121182693,311.91338867459376,2591.0708152724555,17.129960898416908,95.73857459741383,3.1388607586943604,8.4077501020411,51.85396369386971,0,2026-09-22 23:22:54
2026-09-22 02:21:00,CNC-03,H,302.9306226355908,309.52387691311895,2570.8071349410225,20.164614967495073,30.517446204468857,30.610476174047385,9.51880554489014,48.04943020742803,0,2026-09-22 23:22:54
2026-09-22 08:15:45,CNC-02,M,295.84565767647865,311.04516160751564,1579.2599785242828,48.770220898598026,213.45470586605913,3.051987372076108,14.440268171152066,56.91546375464642,0,2026-09-22 23:22:54
2026-09-22 04:35:00,CNC-02,M,296.52348151754467,311.1685396865102,2281.5591189442835,30.992207964937467,155.82484657626983,3.026311069915204,12.924476242458034,62.51052308559265,0,2026-09-22 23:22:54
2026-09-22 14:14:00,CNC-02,M,297.91635529629997,312.35552708958085,1594.0637965809613,45.94076458082965,78.35630362358889,2.329193818066374,13.256414723128913,56.313134925913296,0,2026-09-22 23:22:54
2026-09-22 16:02:00,CNC-03,H,298.65414484165336,313.5446915401701,1700.9170360459016,43.45696358448986,225.77659599341644,3.1402153239621606,13.913398561736644,57.05834862064485,0,2026-09-22 23:22:54
2026-09-22 01:29:00,CNC-01,L,298.8625713168228,310.82738790631004,2737.166021144663,12.946500672818958,152.35502523350505,3.6267101145475635,6.867000433441134,53.55970317211148,0,2026-09-22 23:22:54
2026-09-22 00:40:00,CNC-03,H,298.79403945826874,311.2268590922201,2679.238913322919,17.008281536904498,141.578843113974,33.49018972254539,8.19521311644211,51.966685635430416,0,2026-09-22 23:22:54
2026-09-22 10:36:00,CNC-03,H,296.7614687693885,311.6578377598428,1336.0182766155633,56.02190655532027,192.97476378679139,2.393979838862225,14.21114639630256,60.11703219189026,0,2026-09-22 23:22:54
2026-09-22 13:54:00,CNC-02,M,297.75780380592266,312.3280488172077,1612.298776174337,45.623995813379636,47.24784083199637,2.371107798499941,13.732127948804179,53.57417453949215,0,2026-09-22 23:22:54
2026-09-22 01:19:00,CNC-01,L,298.7378357905152,311.8712242239438,,21.322208628685278,141.74966942950786,3.3871558976602674,10.073642995591227,53.823030690420794,0,2026-09-22 23:22:54
2026-09-22 11:34:00,CNC-02,M,296.53017417810605,310.5645817885945,1378.4066631013166,50.44417757627203,49.13411853437677,2.070754392150637,13.086432292481593,55.492080789932096,0,2026-09-22 23:22:54
2026-09-22 08:31:00,CNC-01,L,296.2198848792172,310.39707913625114,1667.0237285926194,43.2737166449564,67.37779183573402,2.3413236407068405,13.581256876651112,64.79921997906615,0,2026-09-22 23:22:54
2026-09-22 14:09:00,CNC-02,M,297.9442013078823,312.44427949916906,1622.6690289793828,45.869363450093395,70.69330990508185,2.3307295753015516,13.769553755384136,54.78977469752277,0,2026-09-22 23:22:54
2026-09-22 01:18:00,CNC-02,M,298.18875224150764,310.5599587319968,2621.114565455433,15.827006114042934,148.796565671054,3.4600920817844263,7.832135278971828,55.306138944807095,0,2026-09-22 23:22:54
2026-09-22 00:06:00,CNC-03,H,299.01411187064855,311.0504102371362,2743.8559283429977,15.207690681615896,105.3893910044068,3.3525264526322047,7.747920138902649,58.340785006556544,0,2026-09-22 23:22:54
2026-09-22 00:50:00,CNC-02,M,298.382478782717,309.6822860895848,2821.5349453284543,11.362670676191204,118.75305828951622,3.4429057099421088,6.208459069427274,55.57405296539675,1,2026-09-22 23:22:54
2026-09-22 15:33:00,CNC-02,M,298.5854288956936,,1665.825218245622,43.05090803374637,198.79574227449015,2.933138117030864,13.582780405144584,50.32249891828007,0,2026-09-22 23:22:54
2026-09-22 17:29:00,CNC-03,H,26.09047282803772,40.15033220116976,1972.3890528417594,34.7791432743557,97.42176597158102,2.733785977921348,12.627123975063318,53.3248527693219,0,2026-09-22 23:22:54
2026-09-22 18:09:00,CNC-03,H,26.063095784193024,40.397660175206056,2085.534057216488,34.57872924347437,151.3992712658716,2.9347333598473844,13.47511953839797,51.523506148808615,0,2026-09-22 23:22:54
2026-09-22 03:50:00,CNC-02,M,296.74056709605543,310.07154385201954,2476.1689595072958,22.97851499117471,101.23998799983572,3.1821357451604544,10.62139199329469,58.20403558213657,0,2026-09-22 23:22:54
2026-09-22 08:13:00,CNC-02,M,295.9739367539923,311.28566206452865,1834.2010686414703,43.24058339349136,208.95418390861812,3.1190339824521787,14.929104798354107,55.06942493021871,0,2026-09-22 23:22:54
2026-09-22 21:06:00,CNC-03,H,299.50104313081755,312.5250046977756,2689.8496126296113,19.443689951621693,127.56279065442985,3.3199935889766845,9.656612842031974,48.94184906876053,0,2026-09-22 23:22:54
2026-09-22 14:13:00,CNC-01,L,298.21654969719555,312.7512769910494,1459.9539889622915,49.155835389320146,157.77579763893544,2.523171210463119,13.360775391920054,58.733302585036036,0,2026-09-22 23:22:54
2026-09-22 00:32:00,CNC-01,L,299.04927680022604,310.169652147557,2794.6479395102756,10.85543313274437,91.2866991350753,3.389942757737027,5.594571170820059,52.544730012599686,1,2026-09-22 23:22:54
2026-09-22 23:03:00,CNC-02,M,299.49735199032676,311.9085156351498,2767.4173246193122,14.024116757889516,117.32714115098766,3.404762088617421,7.026180901806502,53.88475327357065,0,2026-09-22 23:22:54
2026-09-22 01:16:00,CNC-02,M,298.4141146687621,311.2199270752766,2661.684487221113,18.219754994016284,146.62653562609165,3.3623906537289727,9.06482936967084,56.25013710040577,0,2026-09-22 23:22:54
2026-09-21 23:58:00,CNC-01,L,299.37062752505665,311.27604110298216,2610.6995066034046,15.89393313457089,55.12020370309818,3.181988297916612,7.5282723854440095,59.051243711895225,0,2026-09-22 23:22:54
2026-09-22 01:27:00,CNC-02,M,298.48021153269053,311.32907281006055,2667.6084959221007,18.14205396589793,158.45083726017364,34.57321956269304,9.188844863083544,51.67460451901266,0,2026-09-22 23:22:54
2026-09-22 16:43:00,CNC-02,M,304.9693361061085,312.95331156969513,1807.8261160797394,37.61286284180909,85.80424512884326,2.37880991482172,12.54617592344831,42.04443185441405,0,2026-09-22 23:22:54
2026-09-22 01:38:08,CNC-01,L,298.41198096896215,311.76967162624885,2569.3674813366283,21.71008094639892,160.98987139954542,3.517085941134685,10.226147718536227,55.34056969012943,0,2026-09-22 23:22:54
2026-09-22 11:57:00,CNC-02,M,296.74515454575686,311.2650915207273,1450.8459777540052,51.25489300514836,85.57369812534131,21.208434330653454,551.1823734366675,56.82519159956473,0,2026-09-22 23:22:54
2026-09-22 07:56:00,CNC-03,H,295.5560738418917,310.0593413480919,1582.9520869471537,43.8399712612526,203.0063317440824,2.7572046809328956,12.981863626035928,61.44762884145025,0,2026-09-22 23:22:54
2026-09-22 02:29:00,CNC-02,M,297.18082769310564,309.83731353713193,2432.21736840484,22.475238020674166,7.7640179202504,2.897506633406946,10.19531902644263,54.77662243894048,0,2026-09-22 23:22:54
2026-09-22 13:53:00,CNC-02,M,297.68140582590183,311.84988340996154,1471.3061415186926,48.40918507761862,45.72455186499799,2.086020412629439,13.480517534752464,56.298686381469054,0,2026-09-22 23:22:54
2026-09-22 22:06:00,CNC-03,H,299.434892328399,313.3347297160238,2378.078608334907,24.937222779176558,194.82078196675766,3.368252237635806,10.972019726523495,49.95756927214741,0,2026-09-22 23:22:54
2026-09-22 14:56:00,CNC-01,L,298.3021070455141,313.5042473700316,1520.271218932989,50.6302379587533,223.74642596106258,3.2648285305069242,14.674193740994754,58.27770580495745,1,2026-09-22 23:22:54
2026-09-22 15:26:39,CNC-03,H,298.11315361954826,312.7472615974374,1593.9604721277954,47.66622425553383,172.20339628697795,2.586907216374304,14.44377911381671,53.219907145427655,0,2026-09-22 23:22:54
2026-09-22 01:19:00,CNC-02,M,298.1649389897233,311.0277283678971,2635.4222675449078,18.73246734411623,149.86334055731706,3.478036377144737,9.135349867362514,51.094630753643514,0,2026-09-22 23:22:54
2026-09-22 08:37:00,CNC-02,M,295.96469893356806,309.9018734103969,1601.4950277740195,44.94744814071255,20.881367701943116,2.246502895118865,13.566142678370372,53.75721278939103,0,2026-09-22 23:22:54
2026-09-22 18:33:00,CNC-02,M,300.2264484359874,313.93822736818015,1955.0295501956082,33.59266200973266,9.178963499359181,2.621352718155717,12.246648298874886,50.192552100370406,0,2026-09-22 23:22:54
2026-09-21 23:26:00,CNC-02,M,299.069424638922,310.9197834190108,2620.697732259227,15.640630806396354,29.269991627432336,3.212317699599934,7.58823769505842,51.1363601867884,0,2026-09-22 23:22:54
2026-09-22 03:11:00,CNC-01,L,297.9378751289083,311.0306774876069,2467.862762274497,23.90389537573431,46.59292716072016,2.9728798514691883,11.202016578467346,52.93166512075624,0,2026-09-22 23:22:54
2026-09-22 11:40:00,CNC-02,M,296.81636691356806,311.1156523643591,1343.093081809321,54.692341105847845,58.70219326345838,20.147374488528857,13.67352392531505,54.63880077039791,0,2026-09-22 23:22:54
2026-09-22 22:08:00,CNC-02,M,299.8014488023723,312.46098111717436,2607.255889796702,18.05763624187909,57.772395699327454,3.168650482556246,8.742639726363958,48.14359675967766,0,2026-09-22 23:22:54
2026-09-22 21:50:00,CNC-01,L,299.5799611287876,311.6203220788437,2548.31722817239,16.53734556844529,91.40638120925567,3.1984132950309125,7.939466516346456,53.12269391462446,0,2026-09-22 23:22:54
2026-09-22 02:02:00,CNC-03,H,303.35114176934684,309.3440982209262,2599.362310839901,18.84050867279095,9.73476122200924,3.13882026581166,9.284532821616018,45.352287111226644,0,2026-09-22 23:22:54
2026-09-22 10:56:00,CNC-03,H,296.6232305288268,311.28399441511914,1310.846273562289,54.58469443490801,224.56387876746075,2.8153326693842673,13.287215630735924,55.49753386012664,0,2026-09-22 23:22:54
2026-09-22 19:10:00,CNC-03,H,299.64810181536734,314.6414725004481,2259.371290480092,33.84742390009647,229.88543661377022,3.5579003670881892,14.20161847289279,54.37535238906441,0,2026-09-22 23:22:54
2026-09-22 09:22:00,CNC-03,H,296.09278073381324,310.27119859797693,1497.0958872244087,48.155145243513225,77.61693638619273,2.0873075494174143,13.380065581417364,58.792028427621574,0,2026-09-22 23:22:54
2026-09-22 13:36:00,CNC-03,H,297.64599189517935,311.74076564616786,1461.9912661533604,51.2823134912763,3.10944903509488,2.183767731252099,14.222337432129134,53.916100350700106,0,2026-09-22 23:22:54
