ts,machine_id,type,air_temp_k,process_temp_k,rot_speed_rpm,torque_nm,tool_wear_min,vibration_mms,current_a,humidity_pct,machine_failure,collected_at
2026-10-04 02:08:00,CNC-03,H,297.91509734193437,310.90622430808963,2648.262365883898,19.074829748217645,202.0693788348218,3.7782780503380766,9.647065061993343,51.48105752395104,0,2026-10-04 23:42:43
2026-10-04 19:22:00,CNC-02,M,300.4081817265774,313.72350463672893,2237.139189382861,24.071360320574687,107.16730875333369,2.820432230613098,10.325101219453346,53.677378767213916,0,2026-10-04 23:42:43
2026-10-04 10:23:00,CNC-02,M,297.2840377730676,311.9583280646663,1445.5575291502141,51.14122013491021,173.8069322536244,2.625495693382003,13.646160571164847,57.903283351056004,0,2026-10-04 23:42:43
2026-10-04 15:08:00,CNC-01,L,,311.84462823470074,1474.216048806006,46.56714579691874,35.156041379289206,20.42550166110238,12.843658608955801,59.664615393880446,0,2026-10-04 23:42:43
2026-10-04 10:46:00,CNC-02,M,24.013231224686763,38.01401282002195,1402.750047830568,52.03811056670715,1.6,2.015576926788598,13.59739582896051,58.91869037017802,0,2026-10-04 23:42:43
2026-10-04 18:08:00,CNC-01,L,299.64590916617516,313.6300577499584,2057.423310835493,,72.81423104818502,2.6983472945016147,13.294447867208273,50.36872562591762,0,2026-10-04 23:42:43
2026-10-04 14:58:00,CNC-01,L,298.0837495566331,311.7912592517894,1512.6566907697047,45.746295628675355,19.975443821072425,2.1917213094917307,12.997259908662175,58.87023336068799,0,2026-10-04 23:42:43
2026-10-04 11:41:00,CNC-01,L,296.42439651016997,311.14783086601665,1363.3639262309073,54.551965914367806,150.25078675739238,2.4220597214911317,14.202378941268448,59.36511782631176,0,2026-10-04 23:42:43
2026-10-04 08:15:00,CNC-03,H,22.368723978992307,37.15326629000208,1712.1288059081348,42.78544235632058,199.2994624792691,2.8520689907497627,13.55989647735413,60.38200224312768,0,2026-10-04 23:42:43
2026-10-04 18:54:00,CNC-02,M,300.5214056080984,313.8617693664116,2289.278533319162,25.666053695483086,72.35941581923329,2.937111228419437,10.965270509521238,51.78923089964614,0,2026-10-04 23:42:43
2026-10-04 17:17:00,CNC-01,L,299.13451577739943,313.09404337585596,1957.8453132174402,36.15954514574956,4.089625199173788,2.6261137931476335,13.316690357554737,48.18236970344233,0,2026-10-04 23:42:43
2026-10-04 00:10:00,CNC-03,H,298.6588086770819,310.70706604365483,2738.711091324585,15.692315291795454,75.07085499948738,3.2638419876646565,7.967312063700364,51.297368603238446,0,2026-10-04 23:42:43
2026-10-04 04:49:00,CNC-01,L,296.55353019753187,311.1452702138769,2199.1870131489445,31.502208657612762,197.51444483665537,3.522928874158356,12.743495062867469,55.4762076868196,0,2026-10-04 23:42:43
2026-10-04 03:32:00,CNC-02,M,297.29127375490333,309.9183552051476,2550.4464799088846,20.728839645165355,25.33292298245671,3.12675305196056,9.81979864092828,58.89174258088151,0,2026-10-04 23:42:43
2026-10-04 15:14:00,CNC-03,H,303.5799050153574,311.19646685647825,1590.8023243769255,41.24900921389259,65.62511233529074,2.195712132152887,12.662089062958445,45.037396112224414,0,2026-10-04 23:42:43
2026-10-04 07:31:00,CNC-02,M,23.685388150403526,38.213815323566905,1780.7689897982427,40.10884957511964,118.15488928057448,2.4867958068263376,13.455124255794349,55.93284275697703,0,2026-10-04 23:42:43
2026-10-04 05:59:00,CNC-03,H,295.62658927746105,309.29458252265357,2095.072217004736,32.35489389502552,7.96046913377144,2.785998690233633,12.847424110927735,63.31689825595922,0,2026-10-04 23:42:43
2026-10-04 18:51:20,CNC-01,L,299.6971200613686,313.5100536822274,2289.748225823964,27.366079812615492,128.4793921814379,3.026874528160587,11.613158699167375,50.53445014768401,0,2026-10-04 23:42:43
2026-10-04 17:29:00,CNC-03,H,298.8474843502173,312.5445374843799,1959.4978690971934,34.024124223401444,34.51630940952539,2.607620748024167,12.467209200319918,53.85065001088654,0,2026-10-04 23:42:43
2026-10-04 05:51:00,CNC-02,M,296.49763059022916,310.84036283713004,2002.6515137830575,32.01353452797241,198.16123199418644,3.182014220957177,12.020177374261804,60.1671151598302,0,2026-10-04 23:42:43
2026-10-04 03:27:00,CNC-02,M,297.10731271550173,309.6474227439128,2444.2158035458233,20.731421058840898,19.504212295240343,2.9764488560085764,9.492454593040515,55.25644188445993,0,2026-10-04 23:42:43
2026-10-04 06:45:00,CNC-03,H,295.44546489496463,309.247498635857,1871.612976407702,35.232620049195184,70.26232554963008,2.489531771141352,12.34226118526581,65.53639538523639,0,2026-10-04 23:42:43
2026-10-04 07:29:00,CNC-02,M,23.461087823407297,38.30405115484342,1799.020441316701,41.544489988190485,115.30261614796851,2.5248378821284514,13.98510752189151,55.761639068536915,0,2026-10-04 23:42:43
2026-10-04 01:43:00,CNC-03,H,298.08326204771527,310.794524494634,2611.6517716883955,18.273977386846365,174.69647168418024,3.483951880290328,8.94321987868486,54.69478333910108,0,2026-10-04 23:42:43
2026-10-04 16:04:00,CNC-02,M,299.521335582246,313.7818925613114,1735.6170450351158,40.07707708544902,74.69028372053914,2.3792567943444176,12.909371872224176,54.75628175189801,0,2026-10-04 23:42:43
2026-10-04 17:03:00,CNC-01,L,299.3279597041027,314.09864698914816,1957.056765833981,37.592144458734275,202.83360005216483,3.2457522559683207,13.81658307630853,52.23956196590653,0,2026-10-04 23:42:43
2026-10-04 14:23:00,CNC-02,M,304.1384090569487,313.2460685363802,1390.8434368072103,55.27267149644843,136.58451916050257,2.232052376153666,14.127099104266978,40.33120105800006,0,2026-10-04 23:42:43
2026-10-04 05:24:00,CNC-03,H,295.87822687417304,310.4821401429272,2139.6606075584377,31.887569170840056,214.44335965722854,3.3854700965433673,13.037105016588486,63.64649647587548,0,2026-10-04 23:42:43
2026-10-04 15:10:00,CNC-03,H,303.7039168092176,312.23697832685895,1713.0896182683107,46.799198443928006,59.55265994368158,2.4022011692472596,15.120928754610716,49.09477403703454,0,2026-10-04 23:42:43
2026-10-04 07:38:00,CNC-01,L,22.269113832589426,37.26508366853869,1775.5814787951929,42.870073467916995,195.3552066808268,3.0742727384963096,14.46834879131093,55.03719746246981,0,2026-10-04 23:42:43
2026-10-04 04:30:00,CNC-02,M,296.77746484513636,309.6669167352534,2301.768166243338,23.720113926033886,94.76685142361579,2.943217511069067,10.122502406463695,58.13404342820947,0,2026-10-04 23:42:43
2026-10-04 19:17:00,CNC-01,L,299.63783354524605,314.5277747869416,2055.1382419997913,36.92291886597308,161.24430757899657,3.092772003514915,14.057081824465236,53.10608988940469,0,2026-10-04 23:42:43
2026-10-04 09:16:07,CNC-01,L,295.49213341049875,310.07707899515054,1607.8197605145042,46.67069765493447,121.27217267845728,2.423730245279929,14.020114394581535,60.625130997036706,0,2026-10-04 23:42:43
2026-10-04 22:53:07,CNC-03,H,298.4707247979057,311.2609036509417,2617.8444838231226,18.893415236893663,184.98483180123264,3.6358223509257117,9.4063380591385,50.13180813547039,0,2026-10-04 23:42:43
2026-10-04 04:43:00,CNC-02,M,296.8975452246231,310.973132301262,2191.005759079451,30.01116208580243,110.86324524165073,28.413161379387642,12.157802633633027,62.520999227492545,0,2026-10-04 23:42:43
2026-10-04 03:25:00,CNC-01,L,296.92667345053206,309.8876045165071,2438.7462797822827,21.788675317577738,96.4857317925298,3.0642250858521423,10.00197719741638,59.39333587717623,0,2026-10-04 23:42:43
2026-10-04 22:32:00,CNC-01,L,299.42049962647025,312.1463783544508,2684.291256215412,17.520301923684567,145.6013577369153,3.4944309249549113,8.443550063129383,57.90280575541654,0,2026-10-04 23:42:43
2026-10-04 00:13:00,CNC-03,H,298.792889126679,311.3977243155937,2699.5334381275757,19.331211840728923,78.2373788935374,3.2533885591717366,9.946040580795364,51.68011029683522,0,2026-10-04 23:42:43
2026-10-04 14:56:06,CNC-01,L,298.31781726232504,312.11939447437805,1550.9789806578926,45.199283279374605,16.838589956551527,2.0992796366921507,13.44082742417615,53.08019080273921,0,2026-10-04 23:42:43
2026-10-04 02:35:00,CNC-02,M,297.8741404701164,311.2146748439422,2495.213387678032,22.30734460812712,203.28285354837533,3.7710218378942946,10.318469566617841,57.44710879786087,0,2026-10-04 23:42:43
2026-10-04 14:30:00,CNC-01,L,303.13805660514714,311.7164377019279,1422.8245674397829,52.34661460412685,177.31534139881435,2.7630538352912577,13.912089926346995,49.317366436159524,0,2026-10-04 23:42:43
2026-10-04 01:47:00,CNC-03,H,298.0966306665217,311.06453009111925,2813.824621668223,17.396973500029585,179.0215024302335,3.66557921924705,8.972078222558517,48.228145554479426,0,2026-10-04 23:42:43
2026-10-04 16:18:00,CNC-02,M,299.4807511535634,314.4565248098886,1700.0617448089465,46.93439842162709,95.05823793471548,2.3835260134662093,15.047197480849887,53.42870595585008,0,2026-10-04 23:42:43
2026-10-04 03:52:00,CNC-02,M,297.1768393152955,,2507.3186928389196,22.05563439628104,48.900143650499075,3.0320985821438127,10.636837598862808,57.49499825772921,0,2026-10-04 23:42:43
2026-10-04 19:02:00,CNC-03,H,299.37411148509375,313.4135615973228,2210.901770947293,29.94343081308308,156.31268455733203,2.907598910291975,12.214323987594648,54.148954404708675,0,2026-10-04 23:42:43
2026-10-04 14:07:00,CNC-03,H,303.29953699013873,311.769601647479,1385.0080043488156,49.718740234587464,238.43121721430688,2.9443492301990717,13.20123041683492,44.793737735617256,0,2026-10-04 23:42:43
2026-10-04 16:06:00,CNC-03,H,298.6114142261117,313.79856462754117,1871.87101367145,42.93149914691779,142.74323368944914,26.041494699148206,15.289575496038498,51.12198837267581,0,2026-10-04 23:42:43
2026-10-04 10:27:00,CNC-03,H,22.571155822670676,36.961925581869764,1329.8454845882106,54.643118155024766,133.32501699305124,2.1446791465850152,13.45222232327668,56.81647517814917,0,2026-10-04 23:42:43
2026-10-04 21:00:00,CNC-02,M,300.18811063352103,314.96377395567634,2442.8014912367244,27.707702707771315,223.24816735035262,3.8267714314429333,12.616385224567336,55.33899210089912,0,2026-10-04 23:42:43
2026-10-04 22:33:00,CNC-02,M,300.203662240664,312.7765399500128,2739.6285692765105,15.932224881599883,85.82547342351097,3.339900918458407,8.246123183367704,48.97501923256599,0,2026-10-04 23:42:43
2026-10-04 22:44:00,CNC-03,H,298.48139490446414,311.2976964212347,2678.5366038713883,19.715570951513406,175.44750860993318,3.4854281000485936,9.968310081722171,55.28353641014173,0,2026-10-04 23:42:43
2026-10-04 19:50:00,CNC-02,M,300.5085312124446,314.42214853062166,2328.066403509607,25.12799134315796,141.3612170902585,3.2359855832233153,10.978271674907116,50.79671063258956,0,2026-10-04 23:42:43
2026-10-04 18:23:00,CNC-01,L,299.6501416304167,313.00711547268656,2135.412948269852,27.831153836961334,92.3412879346516,2.817813844228172,11.027219243090949,51.69778999394569,0,2026-10-04 23:42:43
2026-10-04 15:51:00,CNC-01,L,298.64047714125405,312.76447537826283,1555.3389012464604,45.23315374580581,99.3215899258055,2.2813725439985486,13.251727810267543,53.444517138406276,0,2026-10-04 23:42:43
2026-10-04 10:54:00,CNC-03,H,23.158253455375075,37.92905662017483,1428.8714645695363,52.969611046557795,176.06924997323122,2.50395623011877,14.367305079736091,56.6382451935019,0,2026-10-04 23:42:43
2026-10-04 06:42:00,CNC-03,H,295.6639053055189,309.39060427521343,1780.2429070895325,,66.10996700217098,2.4354010260172942,12.553133615450903,60.72045235384021,0,2026-10-04 23:42:43
2026-10-04 03:46:00,CNC-01,L,296.6475678827785,310.04265149953176,2413.6831719137554,23.32510967937594,121.13460157168169,3.1642454520066914,10.360913277948423,56.81294970378445,0,2026-10-04 23:42:43
2026-10-04 00:57:00,CNC-02,M,298.643998827072,311.64188146783806,2626.064666890495,21.708855908451003,96.68018887320675,3.1518995283070876,10.927795988201158,54.340930366668076,0,2026-10-04 23:42:43
2026-10-04 11:12:00,CNC-01,L,23.055603467761955,37.600441740917404,1303.3882479098993,53.67192779275678,104.16938251679949,2.0519546596601623,12.996946438919803,57.589230774624106,0,2026-10-04 23:42:43
2026-10-04 18:02:00,CNC-02,M,300.0973168280779,313.2434922797869,1963.458597918538,30.593730185147653,5.389576997199753,2.5607664236198806,11.140160969960194,51.34728437811276,0,2026-10-04 23:42:43
2026-10-04 05:54:00,CNC-02,M,296.802105525486,311.1616033433825,2078.801156952414,32.88901584716431,202.1089703540932,3.318951079496033,12.442028254569097,60.17824978291121,0,2026-10-04 23:42:43
2026-10-04 19:31:00,CNC-01,L,299.74367186643195,314.2632791301416,2122.098984680274,33.58411231414533,178.58267380759287,3.317854445939285,13.57522753725528,55.07940486802281,0,2026-10-04 23:42:43
2026-10-04 23:18:00,CNC-03,H,298.2267778394128,311.296110647502,2691.17263350477,18.32479473744781,211.78200744372324,3.6828559736422775,9.427618139270662,52.35557935579506,0,2026-10-04 23:42:43
2026-10-04 12:53:00,CNC-02,M,297.8671533366805,312.63849757912897,1364.189896178756,51.383744717863166,202.87286848879236,2.7559850387619282,12.974421258194322,53.99063868469993,0,2026-10-04 23:42:43
2026-10-04 20:58:00,CNC-02,M,300.38199247470743,314.55371652220816,2542.5453054329723,22.919429083396924,220.94859135792328,3.8346910219142205,10.686832293524962,51.44876154776821,0,2026-10-04 23:42:43
2026-10-04 10:01:00,CNC-02,M,297.0870551916,311.2087956900813,1326.9521630183424,48.55689142792775,139.1778213087775,2.165593486179997,12.132935377743058,60.093586687646344,0,2026-10-04 23:42:43
2026-10-04 07:25:00,CNC-02,M,23.51186358974786,37.54762124065553,1755.484109513809,37.95906852643704,109.57897744603947,2.349419385735301,12.5129629002767,55.02485526852004,0,2026-10-04 23:42:43
2026-10-04 01:09:00,CNC-02,M,298.25224819056115,310.89634215146896,2683.6058365304752,18.142855741099396,109.45181100634748,3.3972288900685097,9.05035531225977,50.88983414828708,0,2026-10-04 23:42:43
2026-10-04 11:59:00,CNC-03,H,296.8278898435679,310.7690250642015,1348.9826596669004,52.18702151069479,36.468735833508575,2.0479379403960936,13.061062807621042,59.20843540311699,0,2026-10-04 23:42:43
2026-10-04 07:19:00,CNC-03,H,295.76937663462274,310.3598983312853,1811.1678009307884,41.459387612942066,118.22073152287602,2.534752451018272,14.282959457659905,59.952226449599934,0,2026-10-04 23:42:43
2026-10-04 09:06:00,CNC-02,M,296.877874099349,310.691347957158,1560.6044403771605,43.11920905831214,54.12974297611798,2.1162248616895214,12.98551237062969,58.01609401179742,0,2026-10-04 23:42:43
2026-10-04 09:15:00,CNC-02,M,296.9049731141846,311.34221786982437,1473.111113181591,51.080072925699966,68.0065681890747,2.1834837903314237,13.863971720173682,62.01662338612822,0,2026-10-04 23:42:43
2026-10-04 02:15:00,CNC-01,L,297.5682901469832,308.77107842681625,2686.423154198807,13.143059740091068,17.594879382425987,3.230365256447559,6.424251539843077,62.61923217391076,0,2026-10-04 23:42:43
2026-10-04 00:07:00,CNC-03,H,298.85914271027883,311.1261825361229,2799.3226417483,16.3440116028029,71.88389912133418,3.286722986086923,8.684255020459501,54.28017911710188,0,2026-10-04 23:42:43
2026-10-04 01:52:00,CNC-02,M,298.1884604973415,311.0415754611613,2629.1562590911767,18.289212253161338,155.83087611415536,3.506938002303792,8.959986435202502,55.99616947170527,0,2026-10-04 23:42:43
2026-10-04 19:47:00,CNC-01,L,299.80642505560996,313.5511181850644,2341.2052103953515,24.346496978497537,198.17585839862434,3.7831991415386823,10.947498870451684,51.7455780697542,0,2026-10-04 23:42:43
2026-10-04 15:04:00,CNC-02,M,298.94951667613765,313.8467388179004,1488.9076930687463,47.58558076453957,199.41870773505732,2.845913524482179,12.914218139869366,53.12812962028353,0,2026-10-04 23:42:43
2026-10-04 05:12:00,CNC-01,L,296.1402172221093,310.6456664994208,2194.3381631224697,31.48780819580257,226.70889018382044,3.8958321200454162,13.13875074966973,59.19024924082949,0,2026-10-04 23:42:43
2026-10-04 12:06:00,CNC-02,M,297.7331849990026,312.0349782739019,1386.3350751749422,50.64444706445016,128.1813748148087,2.2216325976058307,13.15362348592489,56.3665406383884,0,2026-10-04 23:42:43
2026-10-04 21:06:00,CNC-01,L,299.1754606594508,311.5358034350473,2543.575757208749,19.94396607817405,50.78948836859766,3.1288014027887665,9.612141558797472,50.66936623632381,0,2026-10-04 23:42:43
2026-10-04 09:34:00,CNC-03,H,295.705604280365,309.8404830422643,1541.2114211602727,45.118081536684485,50.67604352466921,2.2090663348572686,13.14277999930387,59.015168153028384,0,2026-10-04 23:42:43
2026-10-04 16:52:00,CNC-03,H,298.67509295569516,313.91524175932943,1852.6277254384813,42.80224371921264,208.5031484594341,3.1755762869160638,14.669116302765314,48.783319724932284,0,2026-10-04 23:42:43
2026-10-04 09:10:00,CNC-02,M,296.6474487302058,310.75815924577336,1584.8798406800133,44.85862034534776,60.28205535379816,2.2931756419505587,13.447115269839706,55.8782754149975,0,2026-10-04 23:42:43
2026-10-04 14:41:00,CNC-02,M,304.08430368203,313.29824123273664,1576.2429202401634,47.903779909913325,164.29178963951716,2.593600564715064,13.908115056180094,45.08184104317162,0,2026-10-04 23:42:43
2026-10-04 03:28:00,CNC-01,L,296.9669402837032,309.70157728439784,2578.9925961817785,20.14605196074773,99.99716891020428,3.2198106452924016,9.707192795319665,62.962897942715756,0,2026-10-04 23:42:43
2026-10-04 18:57:00,CNC-01,L,299.53615053622997,313.8986149414146,2079.2955119354942,34.30554154723398,136.2146623745035,2.9172716641072345,13.383482978889678,51.932216076593804,0,2026-10-04 23:42:43
2026-10-04 02:22:00,CNC-01,L,297.3210096683204,308.8487847095912,2701.488527800543,14.62224930987444,25.35391201477189,3.278461686016279,7.592336379266978,51.69696955771801,0,2026-10-04 23:42:43
2026-10-04 03:20:00,CNC-01,L,297.01798220636346,309.7431012622476,2519.8993254803972,20.866059312111766,90.59593647955504,3.019896397602701,10.072888265369556,58.02988596511216,0,2026-10-04 23:42:43
2026-10-04 11:20:00,CNC-02,M,24.144643961441147,38.41617074056643,1432.625992254182,50.66234095972303,55.18848710608907,20.00013301918793,13.768628852653906,53.79600082032693,0,2026-10-04 23:42:43
2026-10-04 05:23:00,CNC-01,L,296.27175657298403,309.5876330131357,2084.606994103932,30.40046780919008,11.578153746769953,2.5532596686336766,12.056873311259249,54.70184855510845,0,2026-10-04 23:42:43
2026-10-04 23:26:00,CNC-01,L,298.6426366313231,309.7291125776914,2653.907178592712,12.29075789654776,7.6059877004329985,3.10526078524841,6.460322921020998,52.28752341703411,1,2026-10-04 23:42:43
2026-10-04 02:42:00,CNC-01,L,297.46911494530895,309.0705595107837,2448.672981157808,15.637990091758642,47.43286091902266,2.9900130330552286,7.374923487569199,58.577612349102935,0,2026-10-04 23:42:43
2026-10-04 02:07:00,CNC-03,H,297.89773676277224,311.03456067523126,2588.9527574560634,18.68584230547581,200.9817006095895,3.6801956188346776,8.981730195608629,53.40647999234787,0,2026-10-04 23:42:43
2026-10-04 18:41:05,CNC-01,L,299.5651263407869,313.0530176529293,2111.0829883140555,29.509883543718406,,2.799074122383859,11.521688432675935,52.39022522511061,0,2026-10-04 23:42:43
2026-10-04 08:12:00,CNC-01,L,22.337179114967398,36.090151853177304,1639.720654028099,41.35310458763469,26.310558140090087,2.2752267865462183,12.594254922164286,62.096740664814284,0,2026-10-04 23:42:43
2026-10-04 23:03:00,CNC-03,H,298.49817676127714,312.0393623307302,2715.22420749861,21.37422194287101,195.71080465215965,3.7265438727586058,11.033589099852849,52.64200911238623,0,2026-10-04 23:42:43
2026-10-04 07:21:00,CNC-03,H,295.55127676421336,310.0238218094881,1697.0259063563706,,121.07804698292301,2.421951567929129,13.292422881819482,62.146786922280185,0,2026-10-04 23:42:43
2026-10-04 09:20:37,CNC-03,H,295.8239289504779,310.0766270531361,1587.6513976959159,46.919943047955854,30.588769643111057,2.1671882345576585,13.761619535187068,54.8079987899202,0,2026-10-04 23:42:43
2026-10-04 21:38:00,CNC-01,L,299.24212533743685,311.60577306755954,2636.566758978824,17.97930643154706,86.64550794451038,3.158838397374415,8.91427677110566,48.78315292241795,0,2026-10-04 23:42:43
2026-10-04 11:55:00,CNC-01,L,296.6241148961302,310.93242440361945,1312.5206792751726,51.4820515852193,172.51493537724326,2.5908495133532576,12.840435428306868,57.376816702870414,0,2026-10-04 23:42:43
2026-10-04 09:52:00,CNC-02,M,296.9555590728765,311.73434723405796,1567.6796973333026,47.287920265772684,125.18876767036754,2.3619824557915847,13.703684874896888,55.3343769721349,0,2026-10-04 23:42:43
2026-10-04 06:04:00,CNC-02,M,296.5933362672177,311.5044207173969,2098.2051977165274,34.314686908874165,215.2867622068181,3.554475180728742,13.304196130688132,53.112574623698066,0,2026-10-04 23:42:43
2026-10-04 04:12:00,CNC-02,M,297.4030816009399,310.4518951917383,2480.926576557596,22.401350932850466,72.87183098189048,3.175375308371259,10.132469217482475,57.19749808753443,0,2026-10-04 23:42:43
2026-10-04 04:04:00,CNC-03,H,296.77425812404715,309.94295761321683,2315.9573863696137,25.14405578843462,114.92049272696299,2.980560642529594,10.733580172269221,53.09032096717531,0,2026-10-04 23:42:43
2026-10-04 02:18:00,CNC-03,H,297.6112796200255,311.79253290828046,2479.724404276933,26.338919840800298,213.0140573604597,3.617073728036125,12.504517228317543,57.13231426759678,0,2026-10-04 23:42:43
2026-10-04 21:31:00,CNC-02,M,300.5475971625411,312.8478775465397,2624.0044015477097,16.64494086505313,17.90300927920902,30.19121062670176,8.211996440147315,54.91238622414672,0,2026-10-04 23:42:43
2026-10-04 19:30:00,CNC-01,L,299.71352717414265,313.7230136457315,2265.4200984358795,29.042644415917714,177.30421968794332,3.428466554468359,12.28063298401955,50.74518990116141,0,2026-10-04 23:42:43
2026-10-04 04:50:00,CNC-02,M,296.5584521121735,310.8120036431188,79714.65104723605,35.41269904516109,119.69184697248936,2.760979509389909,13.482267566061774,57.60641329156144,0,2026-10-04 23:42:43
2026-10-04 16:31:00,CNC-01,L,299.0435959928017,314.0337644593478,1780.2503422258117,43.80455895888366,157.52478965124212,2.7340741633590087,14.412029378029766,49.40102615772133,0,2026-10-04 23:42:43
2026-10-04 05:00:00,CNC-01,L,296.2199205086043,5942.607146231692,2206.5786628544506,29.582220677641764,211.4223543046866,3.6760030848118554,12.175471135566715,59.653189142120816,0,2026-10-04 23:42:43
2026-10-04 14:43:00,CNC-02,M,304.03565003948825,313.2022832338416,1577.038783123239,47.743208228617675,167.366858110717,2.5562458928927034,14.04521781322234,41.59517008078184,0,2026-10-04 23:42:43
2026-10-04 03:25:00,CNC-03,H,297.2388909735964,310.329818224955,2472.95344798445,23.34800366493779,68.42319377272023,3.037160716195968,10.949354412881414,57.59826962457539,0,2026-10-04 23:42:43
2026-10-04 03:01:00,CNC-01,L,296.9009391473176,309.4063996022605,2511.4330617964565,19.46583582190165,68.93060739827324,3.190467994541155,9.055659614699659,62.94370687248295,0,2026-10-04 23:42:43
2026-10-04 23:16:00,CNC-02,M,299.9207796390666,313.16943071959145,2584.300951809012,19.674384331659564,131.64038946407993,3.3808367349721875,9.3964470584192,50.83172386642992,0,2026-10-04 23:42:43
2026-10-04 03:00:00,CNC-02,M,297.4991950286587,311.84376213580305,2468.6730830918355,27.17261667754727,231.29107278536196,3.9849198264276753,12.247131549913359,60.20676920148816,0,2026-10-04 23:42:43
2026-10-04 15:09:00,CNC-03,H,303.59218983793994,311.99457573037665,1519.5670562806483,48.346249151794694,58.08675948977509,2.2026066528020856,13.629499936483288,45.43407278521784,0,2026-10-04 23:42:43
2026-10-04 03:33:00,CNC-02,M,296.9843228210111,310.16964009816553,2410.406601785717,24.34315545620022,26.500208689246712,2.9438708022111983,10.911325863853653,57.02799659921169,0,2026-10-04 23:42:43
2026-10-04 02:50:00,CNC-03,H,297.84275859152797,309.2260365952703,2615.8513079457707,14.038589665632715,28.032962171591187,3.1608128558752777,6.8621137376510495,57.999915853949105,0,2026-10-04 23:42:43
2026-10-04 05:16:00,CNC-03,H,295.79137401757856,310.22435586562545,2188.02614682291,31.64192292229091,204.08969139176764,3.26992488121566,13.068794578102162,57.01429694089412,0,2026-10-04 23:42:43
2026-10-04 02:09:00,CNC-02,M,298.0538977720484,310.7324272701113,2676.4492045498146,17.55719016005663,174.49439014795328,3.62684411930023,8.832530522845806,57.565616433698594,0,2026-10-04 23:42:43
2026-10-04 06:59:00,CNC-03,H,295.71896884963076,310.76025365829395,1981.690813582373,40.560736440409315,89.9458564783185,2.5593821620993076,14.913022741114554,63.30144931826933,0,2026-10-04 23:42:43
2026-10-04 10:57:00,CNC-01,L,23.35465722620137,37.519576810616854,1385.4501191371469,,80.49494285274382,2.117860042283725,12.756401909406996,62.30828024682849,0,2026-10-04 23:42:43
2026-10-04 18:41:00,CNC-03,H,298.888060161294,312.9755445715562,1949.8694670422196,34.410592579419784,129.8821772647928,2.7802057511259854,12.716233569684798,52.27273819242423,0,2026-10-04 23:42:43
2026-10-04 16:53:00,CNC-01,L,299.1436122225817,313.9212281166619,1879.8984952918508,39.85478645602526,188.8596375034876,,14.202173022129916,54.87555859262696,0,2026-10-04 23:42:43
2026-10-04 01:04:00,CNC-01,L,298.61045423305893,311.4718109743184,2756.1210465881113,18.641686378701834,133.68504658213328,3.4788529160280297,9.648492578262115,53.53159676806787,0,2026-10-04 23:42:43
2026-10-04 12:54:00,CNC-02,M,298.14723728139865,313.1887106702676,1337.6334456306924,54.2051558518047,204.46863638356106,25.339964071980837,13.612326952487974,55.114026648874145,0,2026-10-04 23:42:43
2026-10-04 22:54:00,CNC-01,L,298.9681364208085,311.9470857514331,2595.277595953605,19.73793190673797,169.52252585520444,3.6251189956834846,9.659198785519944,52.012230955273594,0,2026-10-04 23:42:43
2026-10-04 14:36:00,CNC-02,M,304.225544168757,313.6632062863723,1567.234900899755,50.05431244763795,156.5989362294662,2.6006324947345836,14.728337207671279,43.644193181141844,0,2026-10-04 23:42:43
2026-10-04 12:24:00,CNC-02,M,297.7134071898756,312.2166044896102,1298.5136407940659,55.208405217773105,156.86439196192654,2.275144894938813,13.45954688773286,57.75970760147887,0,2026-10-04 23:42:43
2026-10-04 20:44:00,CNC-02,M,300.45803331848873,314.692575460749,2332.715591875469,27.349415392559298,204.90509404830703,3.6727702245482265,11.59493261268215,49.106746991532646,0,2026-10-04 23:42:43
2026-10-04 02:43:00,CNC-01,L,297.5602188643365,310.34751290656436,2373.017530768484,23.66415079898511,48.6095317846863,3.042509310561753,10.702464255200185,52.00833223916929,0,2026-10-04 23:42:43
2026-10-04 18:11:25,CNC-03,H,298.93845829240155,312.9236363949789,2079.5989854152613,32.87308374376123,89.55853805228301,2.7621195264318112,12.661586582090894,52.21543731187326,0,2026-10-04 23:42:43
2026-10-03 23:52:00,CNC-02,M,299.19692409053727,310.531356657647,2686.94022270602,0.0,27.57696300464427,3.2250550863732523,7.132251229017829,54.47460077628165,0,2026-10-04 23:42:43
2026-10-04 02:52:00,CNC-03,H,297.3425538497737,308.70680326633726,2571.9390323448606,13.530184837329834,30.321761850447743,3.130247200601134,6.3732315457333035,56.60385900821166,0,2026-10-04 23:42:43
2026-10-04 21:19:00,CNC-01,L,298.6705426742705,311.1662172555179,2535.5900057774325,19.967638703698288,65.50757409135076,2.9730918687521046,9.459178117185207,53.92892662334862,0,2026-10-04 23:42:43
2026-10-04 05:15:00,CNC-02,M,296.41597872601045,311.20212808223823,2206.0265302844546,32.764272002342935,151.5504896368653,3.0377266981093825,13.601847627686858,54.81546043259337,0,2026-10-04 23:42:43
2026-10-04 12:52:00,CNC-02,M,297.8253880903503,313.1115862375332,1359.5736839966848,56.02082057662781,201.27286848879237,2.7157189933034394,14.36691408867664,58.29470125468512,0,2026-10-04 23:42:43
2026-10-04 10:15:00,CNC-02,M,296.9619489534915,310.89117809632194,1457.0688582532987,44.53325952022077,161.1910600387783,2.4862333098692,11.859270637042641,56.752362230903096,0,2026-10-04 23:42:43
2026-10-04 06:00:00,CNC-03,H,295.96998201230815,308.7800397491667,1990.9478326454077,29.10511798781619,9.289802738910764,2.621204723822675,10.883725252082558,59.21001810674123,0,2026-10-04 23:42:43
2026-10-04 12:39:00,CNC-03,H,296.8435450191043,310.6097262879224,1276.09253291898,50.237346988683775,99.66897234878732,2.001449889270607,11.979694339979796,0.0,0,2026-10-04 23:42:43
2026-10-04 03:15:00,CNC-01,L,296.95955019965527,310.4981137243579,2598.217760908541,23.254271239325448,84.80683749595192,3.2869175214212785,11.514860150731144,59.31117584168726,0,2026-10-04 23:42:43
2026-10-04 09:53:00,CNC-01,L,295.5848055300293,310.4872557729824,1483.2752642035655,50.82537103619912,179.7819755551974,2.7358225302593904,14.222781177371047,57.59825431834161,0,2026-10-04 23:42:43
2026-10-04 21:41:00,CNC-02,M,300.34471791698644,312.84619363460916,2608.731617841476,18.91644854292388,29.20863355047941,3.167968662491397,9.121640669483408,49.512420912693194,0,2026-10-04 23:42:43
2026-10-04 09:52:00,CNC-03,H,295.89801484535303,310.18341122366076,1444.0254268142758,51.32584010250266,78.5439650602711,2.147510827969806,14.047425427098483,59.050232599817086,0,2026-10-04 23:42:43
2026-10-04 12:43:00,CNC-03,H,296.84102034124925,311.3821999044961,1450.6114407014713,53.32219831279795,106.04088832849042,2.2259306409674786,14.49763182923157,57.19135721922837,0,2026-10-04 23:42:43
2026-10-04 06:13:00,CNC-03,H,295.6948562078796,309.1201751103076,1939.7771174897568,33.23940233735892,26.8263095627818,2.512804669055662,12.207596600123168,55.57080525264892,0,2026-10-04 23:42:43
2026-10-04 11:03:20,CNC-02,M,24.51122798802487,38.8069148074311,1569.518536966706,45.06180445021562,28.32061992708596,2.3140883680459114,13.067607255037313,53.94066818244877,0,2026-10-04 23:42:43
2026-10-04 07:15:00,CNC-03,H,295.9399549221222,311.13392731025164,1910.3910757976398,42.473851939012185,112.40779435416626,2.6081499031204305,15.066092297093371,56.06386680562972,0,2026-10-04 23:42:43
2026-10-04 12:43:00,CNC-02,M,297.9689557025831,313.11834625219416,1418.235468720979,53.66300927348327,186.96239093945218,2.6146303744003103,14.214835616739778,54.7912980176993,0,2026-10-04 23:42:43
2026-10-04 04:37:00,CNC-02,M,297.11295233512595,311.2562943908815,2277.1511575786367,29.34595037861346,103.39752911420933,2.938349529810846,12.249422768358041,51.786159407802565,0,2026-10-04 23:42:43
2026-10-04 09:57:00,CNC-03,H,295.72571629834397,310.09603647152176,1590.197590365414,45.12717739259097,86.27945716949554,2.3024181516717865,13.556166295029165,58.86642002946313,0,2026-10-04 23:42:43
2026-10-04 19:06:00,CNC-01,L,,313.5643643977644,2354.142569773035,26.600615803385043,147.49639360537734,3.2580022764314136,11.556342973956795,51.34604368171255,0,2026-10-04 23:42:43
2026-10-04 08:15:00,CNC-01,L,22.554721887843755,36.232937024981425,1593.2928497559226,40.57543329342219,30.788739469551466,2.2009845035129305,12.019228768572448,55.79818727396137,0,2026-10-04 23:42:43
2026-10-04 01:05:00,CNC-03,H,298.15347955205436,310.79922517018224,2733.9376634268206,17.243224626651195,133.77798578633164,3.513706691913302,9.069033440805622,55.428156668682846,0,2026-10-04 23:42:43
2026-10-04 16:42:00,CNC-03,H,298.49496604551143,313.81784353905164,1648.315780517673,49.107004249081555,194.4418025827964,2.661458680561814,15.251895099554394,53.602273201315455,0,2026-10-04 23:42:43
2026-10-04 10:51:00,CNC-01,L,23.034473760986316,36.49245564764351,1259.9114952417642,51.097553781609136,70.96270063435468,1.9450062758083142,12.018011172311274,62.35256736444789,0,2026-10-04 23:42:43
2026-10-04 20:05:00,CNC-01,L,299.5380156961508,313.6072615414634,2547.6700375256737,24.62702474304794,219.58729525754904,4.152897335176501,11.676631601809591,51.849540658400585,0,2026-10-04 23:42:43
2026-10-04 19:05:00,CNC-01,L,299.85530690686375,313.90628072075987,2167.1815011159765,29.610944761410302,146.26901839092983,3.0137099140452666,12.147104277272492,47.59290379370304,0,2026-10-04 23:42:43
2026-10-03 23:52:00,CNC-03,H,298.8966434966186,310.2781354972224,2717.1951636151157,13.49818770866138,56.04264878907535,3.2223637073569593,6.889315596708263,52.69737817378828,0,2026-10-04 23:42:43
2026-10-04 06:24:00,CNC-02,M,296.88071883049275,310.7074537222014,1974.8850772196909,36.02582015238998,24.35984965699797,2.6724730671591157,13.332095748708078,57.26807810437955,0,2026-10-04 23:42:43
2026-10-04 16:40:00,CNC-01,L,299.04282150045873,314.2818034659291,1801.0257540541497,45.48080927709227,170.36278182450988,2.8874172827037876,15.296786726156302,50.42492103005138,0,2026-10-04 23:42:43
2026-10-04 18:24:00,CNC-02,M,300.31276813723434,314.323752998809,2192.552908648608,31.080816803864657,34.260287098533084,2.765787670589023,12.671026906476893,54.895437854174865,0,2026-10-04 23:42:43
2026-10-04 03:02:00,CNC-01,L,297.03445742495325,309.94315048015994,2454.9326889670356,22.12509135733591,70.10307739148729,3.1108131532551853,10.198224122004559,53.860870499812464,0,2026-10-04 23:42:43
2026-10-04 13:32:00,CNC-02,M,298.24315116263335,312.1311091143356,1369.5292158293867,48.29041387053981,56.88136454320567,2.0763292041730876,12.382225690440976,54.620952927864124,0,2026-10-04 23:42:43
2026-10-04 13:14:00,CNC-01,L,297.29145703145156,310.8735254424894,1397.83416830009,47.50816343908591,58.50793080426912,2.1389659242333092,12.140005266636557,56.98890686218669,0,2026-10-04 23:42:43
2026-10-04 21:29:00,CNC-01,L,299.0211132036913,310.3154686670578,2793.2875175800264,11.42523311824982,76.61386579622388,3.361316115859647,6.055507574147465,58.7205159401731,1,2026-10-04 23:42:43
2026-10-04 11:16:00,CNC-02,M,24.082691111422037,37.93179808471359,1348.8376461999478,51.47081599683573,48.89401129473955,2.15197598101662,12.87845523753206,55.310919774165114,0,2026-10-04 23:42:43
2026-10-04 20:46:00,CNC-01,L,299.1966978906132,311.56052866235,2555.7411421951047,19.816622764014,27.826824063652705,3.034865133838364,9.513560274040117,59.12964126536358,0,2026-10-04 23:42:43
2026-10-04 16:34:00,CNC-02,M,299.75646748485457,314.49575994405654,1756.460162151075,41.29413476869939,118.16796530581759,2.595824297939355,13.602974408597728,49.496011727859994,0,2026-10-04 23:42:43
2026-10-04 10:53:00,CNC-03,H,23.05225722600403,38.06233978322496,1566.4122442732535,50.37978927250478,174.4983394820851,2.5330752241461765,14.711030102388557,59.82230854021775,0,2026-10-04 23:42:43
2026-10-04 03:01:00,CNC-03,H,297.31631607024605,309.97465399717623,2478.0998866385125,20.542811768381455,40.59336724724039,2.991925493977259,9.219411367298619,55.89245896289575,0,2026-10-04 23:42:43
2026-10-04 22:39:00,CNC-02,M,300.17718656309734,313.2274501930029,2669.0447612162407,19.28579897221802,92.24775095843577,3.195052849641432,9.62424406475164,52.059941370741846,0,2026-10-04 23:42:43
2026-10-04 00:47:00,CNC-01,L,298.6287573683892,311.44115810635583,2599.865839990497,19.482943046445754,115.57140450947068,3.3159006940097333,9.35920577533515,50.59668941266858,0,2026-10-04 23:42:43
2026-10-04 12:28:00,CNC-03,H,296.8887118538109,310.857712161354,1470.228922599339,48.90427004376875,82.26495770839588,2.2088835831417897,13.402426125214484,57.65158294292762,0,2026-10-04 23:42:43
2026-10-04 04:50:17,CNC-03,H,296.058788881881,309.84144989473737,2364.5505823692447,25.637557368925542,169.86542913583702,3.2361038259600803,11.515198876940461,56.30871130437315,0,2026-10-04 23:42:43
2026-10-04 00:02:00,CNC-01,L,298.84898920552916,310.73212317962634,2744.4940508896466,15.093699089676655,67.71227569643924,3.25164536533271,7.788719581564916,59.25223681895683,0,2026-10-04 23:42:43
2026-10-04 14:13:00,CNC-01,L,303.2440404956317,312.2425053170682,1611.9028556121982,47.102181105225505,150.94662923407353,2.6126443648104822,14.41334701814707,41.727340481405236,0,2026-10-04 23:42:43
2026-10-04 12:07:00,CNC-03,H,297.01487243999304,310.41951478648133,1317.7504261307868,48.26596508032079,49.00783112186937,19.924344830043164,11.939048927995156,58.616459240814144,0,2026-10-04 23:42:43
2026-10-04 19:28:00,CNC-01,L,299.80804911309997,313.51114029232434,2324.3839192408373,26.23313306354371,174.85502993778735,3.397583270176649,11.322085472201069,53.0112596784471,0,2026-10-04 23:42:43
2026-10-04 06:55:00,CNC-03,H,295.66250060664845,309.8195057688117,1975.0306023945432,35.829537935226455,84.36665197536009,2.633739485293429,13.200874984940596,56.142439944229245,0,2026-10-04 23:42:43
2026-10-04 01:06:00,CNC-01,L,298.27399524443814,310.49860361380365,2668.6689315322283,16.202382777115794,135.81105225995643,33.31965661520371,8.327180549758719,52.80460144121322,0,2026-10-04 23:42:43
2026-10-04 08:09:00,CNC-01,L,22.46272181197247,36.44526700827481,1752.9780402563001,40.797649509434166,21.921808537589463,2.4524287677722136,13.360110639443533,61.52617400661521,0,2026-10-04 23:42:43
2026-10-04 03:12:00,CNC-01,L,296.8908157580025,309.95328644609555,2565.132030533844,21.81564209853294,81.40211585345938,3.1537853947569148,10.586494373584653,57.043087369765814,0,2026-10-04 23:42:43
2026-10-04 05:07:00,CNC-01,L,296.0844243576895,310.4995313600166,2198.7719165978956,31.27841523869247,220.3713371832844,3.712672216838507,12.702656294459269,60.62311480385289,0,2026-10-04 23:42:43
2026-10-04 01:34:00,CNC-03,H,297.9604113097025,310.3235360600759,2826.395218186707,454.8411193534557,164.8968337799867,3.674931620828281,7.981645084865841,50.70897085856836,0,2026-10-04 23:42:43
2026-10-04 05:50:00,CNC-03,H,295.89401421985946,,2088.3478354612025,37.61427073243073,248.19234736425216,3.6489902534909513,14.675983940815176,59.7175217164379,0,2026-10-04 23:42:43
2026-10-04 19:18:00,CNC-01,L,299.59159595679574,313.7005132058421,2368.785222246106,28.406447436810524,162.47013485362805,3.431050351918208,12.581161827260125,57.43950565059307,0,2026-10-04 23:42:43
2026-10-04 09:08:00,CNC-02,M,296.92926323267767,311.4159526876649,1631.0329035482139,45.51220002701188,57.25317013096058,2.275815885605039,13.997631622600133,58.08443816863558,0,2026-10-04 23:42:43
2026-10-04 18:12:00,CNC-01,L,299.752305983358,313.3802904129139,2130.0703718437026,30.174797276551708,78.0493160982921,2.745610595399722,11.793996897829992,48.0821445333031,0,2026-10-04 23:42:43
2026-10-04 03:13:00,CNC-01,L,,309.57964059535306,,19.547713089770458,82.53569721920582,3.1613941997385235,8.968570710080254,55.511211576806225,0,2026-10-04 23:42:43
2026-10-04 04:31:00,CNC-03,H,296.3804903182594,0.0,2248.2746679012416,30.74006899197211,147.85909415633404,3.067883386973383,12.995615006823128,62.16242524985534,0,2026-10-04 23:42:43
2026-10-04 22:37:00,CNC-01,L,299.0840009790391,311.8175143252171,2713.44552095903,17.732200896716275,150.94777731716434,3.6690610660374436,8.88652171055515,56.533984428710866,0,2026-10-04 23:42:43
2026-10-04 23:16:00,CNC-01,L,298.81702415883285,311.77352191172974,2766.222831110204,18.24078995363993,192.8716464553039,3.9615983058317616,9.198546988608452,54.36859558792564,0,2026-10-04 23:42:43
2026-10-04 17:20:00,CNC-02,M,300.0909144159933,315.52401499961013,1949.5000447078855,40.41566123312625,182.71335864515163,2.9871825679229844,14.987311521660265,53.10746292555032,0,2026-10-04 23:42:43
2026-10-04 02:08:00,CNC-02,M,298.17326545837545,311.45557011536215,2655.9971338240503,19.721953914690243,173.40200328568176,3.5814232762751104,9.710444271810097,54.95113108113682,0,2026-10-04 23:42:43
2026-10-03 23:54:51,CNC-01,L,298.82590702574475,310.7795588128117,2781.9457388950073,15.018535859154246,60.32056370539533,3.3417483000683914,7.844235722128987,57.148770796337395,0,2026-10-04 23:42:43
2026-10-04 13:53:00,CNC-03,H,297.8917479256717,312.7224270669348,1419.0221394492212,51.28042928022556,216.57176415640376,2.7310176381412608,13.29169205626428,55.783562656440886,0,2026-10-04 23:42:43
2026-10-04 19:40:00,CNC-03,H,299.000056604093,313.2267682477816,2422.0651421591224,25.98235426604606,203.2611947414707,3.5925889528787778,11.707895010492301,50.63982663810299,0,2026-10-04 23:42:43
2026-10-04 00:46:00,CNC-01,L,298.3820597214387,310.661463502364,2720.7250364398024,16.140845503123995,,3.3313373924813217,8.0950329114733,54.05624445789043,0,2026-10-04 23:42:43
2026-10-04 05:08:00,CNC-02,M,296.35744021832323,311.1009988022163,2185.3566145355567,33.6359408190517,142.45581731848088,3.0023259736002075,13.714340446029636,60.76546780889454,0,2026-10-04 23:42:43
2026-10-04 14:27:00,CNC-01,L,303.38097562417414,312.12829401644876,1456.3249824010002,52.1916540857005,172.61251860670131,2.5284391577455048,14.16334602906119,43.47861999086795,0,2026-10-04 23:42:43
2026-10-04 02:55:00,CNC-03,H,297.64984900593544,309.19557979861963,2484.7639247415404,,33.770480755213946,3.0042560960276967,7.829708534661215,54.99957854613367,0,2026-10-04 23:42:43
2026-10-04 21:25:09,CNC-01,L,299.1865977774126,312.1986937909174,2483.839933557426,22.750213639024917,73.3944419442306,3.050555422040647,10.672870010340281,51.012060671586944,0,2026-10-04 23:42:43
2026-10-04 11:24:00,CNC-02,M,24.380909492338276,38.89316715153478,1416.80929335911,53.62177553983342,61.54450154833628,2.0445248704133405,14.12323105902049,55.36635877515023,0,2026-10-04 23:42:43
2026-10-04 08:06:00,CNC-03,H,22.53796748206139,37.176261311947314,1615.0891105011553,43.19529164154313,186.0774520964189,2.740198220820536,12.931185835804852,54.91494216512214,0,2026-10-04 23:42:43
2026-10-04 17:11:00,CNC-01,L,299.20885910195904,314.1845695260598,1815.4357256758765,41.29669873495137,213.98891364602315,3.3487726151436887,14.008251432031669,55.32049796914805,0,2026-10-04 23:42:43
2026-10-04 06:02:00,CNC-02,M,296.4436457298765,311.1288326046072,2181.894935425659,33.257761168772745,212.64177047402413,3.4713398071693518,13.410311869087678,56.877293109918114,0,2026-10-04 23:42:43
2026-10-04 08:59:00,CNC-01,L,295.4261698334781,309.2831250921504,1638.7069693524918,41.035591726512614,96.56658607879069,2.4591008142550455,12.559822813764226,62.39279539075045,0,2026-10-04 23:42:43
2026-10-04 03:46:00,CNC-02,M,297.0312770695139,309.3221637894105,2429.267681362151,,41.812026258222815,2.9733665366510724,9.104645711928452,55.361267103656026,0,2026-10-04 23:42:43
2026-10-04 15:17:00,CNC-01,L,298.37063151283706,312.8560498177264,1638.2390146024109,46.24414086149313,48.71839075354817,2.2135661800199737,14.431822575071267,55.36482853551624,0,2026-10-04 23:42:43
2026-10-04 10:19:00,CNC-03,H,295.82044369050686,310.4472160584194,1464.5608012013054,53.07229022060078,120.7344501511783,2.2385438124192008,14.460477064165268,56.32631598630869,0,2026-10-04 23:42:43
2026-10-04 18:04:00,CNC-03,H,299.0489767717686,312.61495497183176,1889.8795770372485,32.62496716198176,81.56082124046306,2.5138222976905715,11.665363783423956,48.63811544364783,0,2026-10-04 23:42:43
2026-10-04 10:15:00,CNC-03,H,295.58924382135064,310.1157884085449,1369.4224009197214,52.394621763446345,114.49860039742701,2.121531491963456,13.376501108416974,58.528174533558605,0,2026-10-04 23:42:43
2026-10-03 23:46:00,CNC-01,L,299.01263724480634,310.0622688994884,2797.6225535826293,10.703809218255047,50.86790726806706,3.3131934546821737,5.656281481727416,56.083725985339186,1,2026-10-04 23:42:43
2026-10-04 10:59:00,CNC-02,M,24.077566362867856,38.4206469433376,1403.7130377739963,51.0432954670936,22.06603345838328,2.0885168030116437,13.471603522795553,55.401197715252074,0,2026-10-04 23:42:43
2026-10-04 12:55:00,CNC-01,L,296.8967872104827,310.49824659365646,1331.4423799893577,48.771648631969136,28.429873499778335,2.0029778253571777,12.22685997836082,59.41826376404391,0,2026-10-04 23:42:43
2026-10-04 13:07:51,CNC-01,L,296.7776932414724,310.5011067873055,1353.088594833408,50.353780260885706,49.03055332692645,2.133331061613834,13.058226165488803,58.29678112925434,0,2026-10-04 23:42:43
2026-10-04 04:32:35,CNC-01,L,296.6969979186079,310.73009110681545,2120.3719159991656,30.97020251717192,176.272914266237,3.237365539842857,12.49870397984335,50.8408983456506,0,2026-10-04 23:42:43
2026-10-04 01:02:00,CNC-01,L,298.29153677748775,311.0966950965692,2738.4681874640874,18.155211626121904,131.57219269466415,3.4957109443801437,9.192493266854886,52.30905681229606,0,2026-10-04 23:42:43
2026-10-04 18:09:00,CNC-01,L,299.7937241740461,312.92765608939743,2062.849600118116,29.405982042942192,74.11799960263781,2.642592427754424,11.28317834825204,50.07034465845545,0,2026-10-04 23:42:43
2026-10-04 06:09:00,CNC-03,H,295.6745291320399,309.59157363739655,2031.087675624298,35.31451424826774,21.340048339025945,2.521820165701295,13.67513451986963,61.262722195911685,0,2026-10-04 23:42:43
2026-10-04 01:49:00,CNC-01,L,298.15323881946966,310.97776864559364,2576.275435930701,18.360624164723305,182.2221761155475,3.777414351107653,8.948298184533686,57.464748731233406,0,2026-10-04 23:42:43
2026-10-04 09:58:00,CNC-03,H,295.8424371997547,310.0038209236597,1333.2932652717543,51.338338538376235,87.86489013095581,2.0483321281743643,12.905258036877127,62.515293944113836,0,2026-10-04 23:42:43
2026-10-04 09:19:00,CNC-02,M,296.6542683648176,310.3873004219608,1484.9567280825368,43.34054535603427,74.14186262564151,2.0955486809602615,11.660800317297916,56.74868851179285,0,2026-10-04 23:42:43
2026-10-04 02:52:00,CNC-01,L,297.1084404576058,308.8602825872781,2545.431489941389,15.62835854158524,58.717500415263395,3.153702631824272,7.444289913554745,52.98830978487129,0,2026-10-04 23:42:43
2026-10-04 08:17:00,CNC-02,M,23.800326256732205,38.1364569018898,1545.4591461819907,44.45545727446971,185.6244958267913,2.5776244726239645,13.089925151542992,55.21585384433268,0,2026-10-04 23:42:43
2026-10-04 03:04:00,CNC-02,M,297.54703397340785,312.07561402794516,2440.655014529431,28.12729231039414,235.82754236039762,4.013949034269601,12.916954333509107,59.64957071616059,0,2026-10-04 23:42:43
2026-10-04 21:17:00,CNC-02,M,300.41411550404104,313.5392364154891,2479.163221966066,23.052745553880236,2.3040157239864154,3.00798265791966,10.633560462692119,46.857675812123546,0,2026-10-04 23:42:43
2026-10-04 11:23:00,CNC-02,M,23.895245324797997,37.66371460900774,1338.1127337915025,48.29864637479978,59.97045957001718,2.01589985788456,12.074763791571286,58.46433371836785,0,2026-10-04 23:42:43
2026-10-04 22:40:00,CNC-03,H,298.38765581389947,311.7050639531599,2504.1528627034345,22.91003409651106,171.234415127393,3.317342139060971,10.627930448911014,53.097887833403,0,2026-10-04 23:42:43
2026-10-04 15:31:00,CNC-01,L,298.64925982698907,312.8957244935433,1546.0813734351414,47.19000184375737,69.64604258662844,2.1455635745155943,13.521572100689133,52.396718818229196,0,2026-10-04 23:42:43
2026-10-04 08:02:00,CNC-03,H,22.163311685786255,36.62412024311499,1634.338641121266,43.83879525559584,180.19954730269714,2.753528811769656,13.49268130698192,58.65041235623797,0,2026-10-04 23:42:43
2026-10-04 20:50:00,CNC-02,M,300.4379582233855,314.23400083748487,2515.4859394650825,22.55546561054462,211.75508769572568,37.18203419445295,10.698545046035008,55.03364659589388,0,2026-10-04 23:42:43
2026-10-04 15:56:00,CNC-02,M,299.5687165375576,313.7993849021561,1702.4617939837096,41.43497575753663,62.90288430524741,2.318940614052814,13.231679326573396,49.58739321136179,0,2026-10-04 23:42:43
2026-10-04 20:07:00,CNC-02,M,300.7312024410969,314.02351460118297,2483.3717240228134,21.58560859963361,161.6124172038981,3.4151248873266087,9.951799599644067,45.395046443522105,0,2026-10-04 23:42:43
2026-10-04 11:04:00,CNC-01,L,22.872673226735344,36.8962517328776,1328.1707551876164,50.92526611560094,91.40290094114505,1.9547716965214694,12.347278486926545,59.41091880790435,0,2026-10-04 23:42:43
2026-10-04 11:38:00,CNC-02,M,297.4420714719878,311.7085259861856,1346.8281554054172,51.85481780811046,83.72046211268571,2.035709736382112,13.040792501379075,59.63455143187498,0,2026-10-04 23:42:43
2026-10-04 17:22:00,CNC-01,L,299.2255856984095,312.2595193502318,2025.482984794985,29.157573678180462,10.836723408563728,2.6026085208169927,11.174667496239808,52.52439201474226,0,2026-10-04 23:42:43
2026-10-04 17:26:14,CNC-02,M,299.9377440906334,315.4478648078935,1918.6165889261488,41.03134620369668,192.32537386174587,3.0421372415241197,14.66099128195544,48.165274778896524,0,2026-10-04 23:42:43
2026-10-04 02:21:00,CNC-03,H,297.4688196121649,311.01271396258664,2505.6437898772815,23.24677918634175,216.33592082328656,3.6562191014393757,10.814113449205156,52.40917460508949,0,2026-10-04 23:42:43
2026-10-04 11:06:00,CNC-02,M,23.994452341478336,37.84293684765265,1309.3561049201287,47.97678060810808,33.083034736426875,2.100420198751726,11.852436578200393,60.73852106844238,0,2026-10-04 23:42:43
2026-10-04 03:55:00,CNC-01,L,296.534055147237,310.015262395421,2432.2197637408194,23.68732441471118,131.7152660208681,3.220546321046683,10.90048763546029,58.219360196724814,0,2026-10-04 23:42:43
2026-10-04 18:28:00,CNC-02,M,300.22749279534423,314.1287067200318,2178.4171529873247,29.79637497749063,39.38921894682954,2.7370554397434255,12.10147846629856,49.111304859173316,0,2026-10-04 23:42:43
2026-10-04 07:09:00,CNC-03,H,295.82726606285576,309.0986341593982,1802.1158916781876,32.19305219363375,103.92837378902612,2.547298845956464,10.980032201602997,56.738020311422325,0,2026-10-04 23:42:43
2026-10-04 01:51:00,CNC-01,L,298.0667735020279,312.1389879686493,2585.761191313166,25.390447251052322,184.4827331791378,36.137191524126344,12.253387588807406,56.464957870970856,0,2026-10-04 23:42:43
2026-10-04 14:02:51,CNC-03,H,303.2975581396779,312.5059764289751,1522.8702332810772,49.84493779802906,232.15913930229507,2.9916682458811086,14.037682467375078,45.95744980878484,0,2026-10-04 23:42:43
2026-10-04 14:30:00,CNC-02,M,304.36518915882266,313.2225903977534,1455.7393165188798,51.63372904684939,147.35454412731536,2.4067775409132004,14.10061334765412,43.93520015177168,0,2026-10-04 23:42:43
2026-10-04 18:59:00,CNC-02,M,300.54007447570996,314.7239286841886,2217.377766739342,30.040893395710942,78.68192588454413,2.7381670453086144,12.539749882104665,47.128641910265856,0,2026-10-04 23:42:43
2026-10-04 23:13:00,CNC-02,M,299.5844622664685,311.98131758334466,2610.665605720088,16.259743886436105,128.3898978066051,3.364577060212253,7.967516168750279,53.99664955759005,0,2026-10-04 23:42:43
2026-10-04 05:11:00,CNC-03,H,296.4297116800815,310.47785578986054,2228.3310867739187,29.41133957732635,197.77047155841174,3.308337513951701,12.054224368081885,60.22729663249774,0,2026-10-04 23:42:43
2026-10-04 05:57:00,CNC-01,L,296.0319265909746,309.1790386991816,2097.6969384927147,29.011193381557444,55.86563981931622,2.663948573200167,11.605051546175273,60.67111181300707,0,2026-10-04 23:42:43
2026-10-04 19:14:00,CNC-03,H,299.0541615036038,313.15612022696,2251.0982871711767,29.928142259387062,171.18666782671926,3.0645564749618788,12.685387154247705,52.283430820951175,0,2026-10-04 23:42:43
2026-10-04 09:12:00,CNC-02,M,296.8437824795542,310.52751933466993,1459.65855157048,44.870852733532104,63.37245212838426,2.0594219538025893,12.293110250889521,52.87355581043494,0,2026-10-04 23:42:43
2026-10-04 08:05:14,CNC-02,M,23.786818037305352,38.952228930192575,1696.112900546018,46.65287777986803,166.39164566255354,2.7546140831738604,14.89669389552462,57.383261028285844,0,2026-10-04 23:42:43
2026-10-04 02:57:00,CNC-01,L,296.85278251352116,309.4076268684701,2525.755646848452,19.758413046159855,64.46149829846624,31.033308803579665,9.335318156687826,57.23551546224831,0,2026-10-04 23:42:43
2026-10-04 04:08:00,CNC-03,H,296.61691560435236,309.758735535862,2372.394138895896,23.71647744199048,119.65533008092068,3.042028652005977,10.365800693282228,56.164282485975185,0,2026-10-04 23:42:43
2026-10-04 10:47:00,CNC-02,M,23.96437330962948,37.47175704992958,1498.213928395117,45.16564913911404,3.1486951447244276,2.159910090331551,12.65904898456145,59.1145648539192,0,2026-10-04 23:42:43
2026-10-04 16:53:00,CNC-02,M,299.6493580725648,314.6917846018331,1898.5865901743114,39.91547214973809,145.0291814902219,2.6864394183131615,14.231399700682315,53.41737883725699,0,2026-10-04 23:42:43
2026-10-04 18:31:00,CNC-03,H,299.0804579963078,313.16402964358366,2085.252878879892,32.3580839338201,116.9707724042755,2.7818511831724595,12.69220648288548,51.269865321239614,0,2026-10-04 23:42:43
2026-10-04 14:35:00,CNC-02,M,303.91757922572543,312.72506644623377,1417.273250827303,48.679548039192014,155.05609645782434,2.3601041112144934,12.835559784457383,41.691050043156984,0,2026-10-04 23:42:43
2026-10-04 18:46:00,CNC-01,L,299.4672347752843,314.0008950100482,2265.0206673339344,32.504907122091076,122.07311406069769,3.068985444533732,13.488296731430108,57.63440928370858,0,2026-10-04 23:42:43
2026-10-04 04:32:00,CNC-02,M,297.25062348111,310.7372116269081,2461.4760221208167,23.694360452482172,97.17105408514986,3.0390606831621834,11.241820601938379,57.62036752206046,0,2026-10-04 23:42:43
2026-10-04 11:10:00,CNC-02,M,24.180247038076573,38.61180169127573,1380.5835686551563,52.21075097532906,39.442594608077755,2.0130859555373766,13.264652556686455,56.986597888587376,0,2026-10-04 23:42:43
2026-10-04 12:09:00,CNC-02,M,297.81312099702706,5972.96183658677,1323.8996255291574,53.319031194513606,132.98137481480867,2.1796429693161925,13.082140413141037,53.9912013920255,0,2026-10-04 23:42:43
2026-10-04 23:13:00,CNC-03,H,298.4615941909406,311.5385402995284,2680.3914143649367,18.300524785490666,206.48886032608493,3.8498691794842563,9.05887681502713,55.52331016062152,0,2026-10-04 23:42:43
2026-10-04 08:02:00,CNC-02,M,23.297713610818107,38.31669277679043,1594.2296286312744,47.096567797151096,163.4543765942423,2.542667191559219,14.18936770205337,57.375871511789704,0,2026-10-04 23:42:43
2026-10-04 14:40:00,CNC-01,L,297.97012601944687,312.67413357518916,1551.579145302858,49.31521825122492,192.77735189861698,2.8360492182701,14.160008999049138,51.46102988015431,0,2026-10-04 23:42:43
2026-10-04 02:15:00,CNC-02,M,298.3053173322333,311.60044649469967,2641.190266748638,20.77706554041921,181.11996165035043,3.5707047917644013,10.399149384983257,58.60085216542444,0,2026-10-04 23:42:43
2026-10-04 10:30:00,CNC-02,M,24.01567549605187,39.05001561259468,1417.8833456517887,52.2990388960247,184.86009861354913,2.653317218862487,13.809938141884679,55.7004018088807,0,2026-10-04 23:42:43
2026-10-04 09:52:09,CNC-01,L,295.70858508834124,310.5282533163656,1503.1907538402538,50.75228139405712,176.66175339374203,2.773002426139155,14.198455580354196,61.565548847135545,0,2026-10-04 23:42:43
2026-10-04 16:30:00,CNC-02,M,299.2991530134919,314.0583301892007,1925.837646186451,38.51259785483856,112.41229036691179,2.6870616313214097,14.013847075481918,51.38775759210376,0,2026-10-04 23:42:43
2026-10-04 12:21:00,CNC-01,L,296.5028872893062,,1329.1802384340674,57.65469287944485,213.76866149355678,2.946434304661533,14.274305004400489,56.35608756269991,1,2026-10-04 23:42:43
2026-10-04 20:25:00,CNC-03,H,298.69685756017043,311.3503602753165,2452.166700745025,21.575449899929286,21.007540228588976,29.5860505582768,9.695258706710343,58.51397105596283,0,2026-10-04 23:42:43
2026-10-04 12:22:00,CNC-02,M,297.65181956323136,312.76712628395643,1367.605721915535,54.93112170277038,153.66439196192655,2.3192040478014104,14.360402426941297,53.3944551785716,0,2026-10-04 23:42:43
2026-10-04 15:24:00,CNC-02,M,299.08205427105725,313.3025580070735,1596.7903758932832,44.619344996499876,15.155309050045156,2.1349237501185616,13.342466542028285,53.12714247742942,0,2026-10-04 23:42:43
2026-10-04 02:02:00,CNC-01,L,298.0270733531445,309.7355738563219,2577.9496739068486,17.225386939450615,3.267164091549825,3.1440120087150367,8.105614199676806,57.09555559663199,0,2026-10-04 23:42:43
2026-10-04 06:31:00,CNC-03,H,295.62056105737906,309.1566818289582,1906.0231388713114,34.22590850632073,51.10141376381395,2.6221642142619195,12.032411695722642,0.0,0,2026-10-04 23:42:43
2026-10-04 22:46:00,CNC-02,M,300.0022360101037,313.38606228193163,2670.708926765638,20.8691371644597,99.77800131420138,3.239726150520225,10.691675788129592,48.52296499167057,0,2026-10-04 23:42:43
2026-10-04 05:25:00,CNC-01,L,296.17109485268094,310.01211032217986,2184.1724879160174,31.360377329428584,14.167161667020473,2.7190557124974584,12.791936224719903,57.97136772663489,0,2026-10-04 23:42:43
2026-10-04 23:21:00,CNC-01,L,298.76402975566725,310.2427760243601,2643.1668005178694,14.625710781390467,2.1860947726241617,3.213654295420655,7.50473119161198,56.99332419238087,0,2026-10-04 23:42:43
2026-10-04 05:52:00,CNC-03,H,295.9235157297577,310.9550456353192,2040.186530460439,36.76388343409951,250.84678971267317,3.79063325993878,14.336730333451548,58.57051617864691,0,2026-10-04 23:42:43
2026-10-03 23:45:00,CNC-02,M,299.27663459221003,310.93483061525075,2619.277137842506,16.516413137904188,20.0485621733628,3.1725458104000532,8.20650781936819,51.7625058601196,0,2026-10-04 23:42:43
2026-10-04 13:35:00,CNC-02,M,298.1411502856565,313.41742282998365,1629.5341661827629,51.19558846603864,61.60684622957642,2.2618321924764704,15.664865947916457,53.60002509780023,0,2026-10-04 23:42:43
2026-10-04 09:09:00,CNC-03,H,295.48487155585485,309.1603658219627,1593.4552576687888,43.618192626620484,12.184141201864374,2.233731899560382,12.844230227386804,60.63424287132724,0,2026-10-04 23:42:43
2026-10-04 19:11:00,CNC-01,L,299.73720127493846,314.2819298361281,2271.4710589737306,32.781912390173915,153.6946273787747,3.1775689838178653,13.921865982378481,55.44111198370497,0,2026-10-04 23:42:43
2026-10-04 20:59:00,CNC-01,L,298.9608135399519,311.687847275379,2391.6023236444325,21.097670822891377,42.733513539360516,2.959008969829804,9.467476203959455,54.62525832442117,0,2026-10-04 23:42:43
2026-10-04 09:59:00,CNC-03,H,295.91263429265604,310.0315330885949,1538.4471789140066,45.60237663104487,89.41539753451437,2.2787935792061766,13.134850797206807,59.72386527980605,0,2026-10-04 23:42:43
2026-10-04 20:51:00,CNC-02,M,300.4009348913257,315.19616470443884,2448.1835729858894,27.152211410072017,212.9201914734122,3.8421180798664363,12.559201818945368,50.18243547533139,0,2026-10-04 23:42:43
2026-10-04 20:39:00,CNC-03,H,299.0899542073865,312.25872073907993,2670.512383457132,22.417979723612127,37.012097951426426,3.14051760548135,10.973469040368114,53.01795859217182,0,2026-10-04 23:42:43
2026-10-04 06:21:00,CNC-02,M,296.62535509606346,310.7021051602555,1994.979674790448,35.521470356789976,20.263690116931006,2.651047505215703,13.281968728279686,56.9914929508863,0,2026-10-04 23:42:43
2026-10-04 03:06:00,CNC-02,M,297.58867086098024,311.2885692675912,2389.594870261483,24.225452244182545,238.11449667257136,4.010952075857457,11.051071639966024,,0,2026-10-04 23:42:43
2026-10-04 12:52:00,CNC-01,L,296.72668566943395,310.4147875660995,1523.805117807752,45.177074243103135,23.67508378509002,2.128610708594797,12.942777823350879,57.72114017515608,0,2026-10-04 23:42:43
2026-10-04 11:28:00,CNC-01,L,22.91225949129415,36.84669872795547,1288.6025534989435,51.507777793281306,129.5250013174513,2.161929292576053,12.109409536274267,59.008260008729735,0,2026-10-04 23:42:43
2026-10-04 08:59:00,CNC-02,M,296.7119559624059,311.5294619787815,1693.10817444141,45.84301433012827,43.49640561633466,,14.463324915078749,60.41664689384817,0,2026-10-04 23:42:43
2026-10-04 10:49:00,CNC-03,H,23.16163451211787,37.55559708971941,1426.9481204761203,48.95878068843424,168.20252154196265,2.4601347696674054,12.932018786204408,55.14608913911389,0,2026-10-04 23:42:43
2026-10-04 19:23:00,CNC-02,M,300.3977057080055,314.0640022432981,2418.370215974839,24.411782173596478,108.37074325660517,3.1663904405866523,10.962457079957833,51.14846099237112,0,2026-10-04 23:42:43
2026-10-04 13:14:00,CNC-02,M,298.32209222385615,312.49814360800195,1386.9950018071286,51.42379403046109,28.556871937960885,2.0831265042736242,13.483014253753781,57.44168937245384,0,2026-10-04 23:42:43
2026-10-04 05:56:00,CNC-03,H,296.02540103112835,309.07833771467534,2040.4534148113278,29.53807840707644,3.974325714258231,2.574434856177892,11.29733676285312,58.77143249817469,0,2026-10-04 23:42:43
2026-10-04 22:57:13,CNC-02,M,299.8204006221914,312.3611116005061,2729.7290319965905,16.003705884236776,112.33719550496693,3.3484587854239938,7.978985291058348,52.19846487026395,0,2026-10-04 23:42:43
2026-10-04 09:14:00,CNC-03,H,295.5152051474566,308.8720962492048,1420.6893199410754,44.83995671562664,19.845402347463548,2.120236770666354,11.82652266740988,59.03283624592892,0,2026-10-04 23:42:43
2026-10-04 06:28:00,CNC-02,M,296.59517760901207,310.31113226193577,2016.2521652669277,32.86561679549334,29.819063117720994,2.533435927298367,12.327487256666371,56.519904381755566,0,2026-10-04 23:42:43
2026-10-04 09:02:00,CNC-01,L,295.471156471286,310.1000685423974,1525.027181503532,49.29199294165142,101.18925928938563,2.230613520534197,13.885213180303452,60.02760521406286,0,2026-10-04 23:42:43
2026-10-04 00:05:39,CNC-01,L,298.5842316092279,309.9952574635766,2715.2843439016747,12.35985551121075,71.97435621246777,3.3284175005624523,6.436436761752159,,0,2026-10-04 23:42:43
2026-10-04 04:03:00,CNC-03,H,296.5862721036694,310.25448326954773,2319.919735667203,27.49289807567503,113.69887901030678,3.019960238126014,11.946244201779194,57.87972562572053,0,2026-10-04 23:42:43
2026-10-04 09:51:00,CNC-03,H,295.79256283900213,310.5309259685382,1690.0051422565448,46.20365411223528,76.96842044675088,2.348885223166255,14.43749169776033,59.63544465395317,0,2026-10-04 23:42:43
2026-10-04 11:51:00,CNC-02,M,297.2257405484804,311.72500354601345,1423.6543451184557,49.54423279117926,104.3152315836667,2.171634260007705,12.91539313449045,59.23198711471555,0,2026-10-04 23:42:43
2026-10-04 01:56:00,CNC-02,M,298.1666158530767,,2629.471724662926,16.215374726168733,160.1880745391523,3.378055176322379,7.961099932155804,52.85259481027262,0,2026-10-04 23:42:43
2026-10-04 21:40:00,CNC-02,M,300.1123710892858,312.4485968230307,2568.3969154896345,17.559357312236127,28.111892490345557,3.0375167179285496,8.335871375172157,52.88972267599515,0,2026-10-04 23:42:43
2026-10-04 01:20:00,CNC-03,H,297.9304978480554,310.40842409365155,2753.9539293038924,16.209666072738624,149.8799965907523,3.521730018985075,8.289983450841268,52.06831950739905,0,2026-10-04 23:42:43
2026-10-04 16:14:00,CNC-03,H,298.5169084501461,313.45317040607733,1671.0270696548816,44.74386267026712,154.25254237844743,2.544971595533642,13.70275519315337,51.652146228130775,0,2026-10-04 23:42:43
2026-10-04 09:44:00,CNC-03,H,295.6505960817966,309.75345637697274,1474.1461926790528,46.84994832746192,66.11252580493877,2.030544127447664,12.951060822911659,57.79320685714069,0,2026-10-04 23:42:43
2026-10-03 23:44:00,CNC-01,L,299.0489112066853,310.5042887185429,2748.614485130327,13.55110671896674,48.774989867293094,3.3120086733930556,7.065607778957677,53.841355466797765,0,2026-10-04 23:42:43
2026-10-04 11:16:00,CNC-03,H,23.14439604719678,38.236934403817884,1485.4423113322694,51.98711059711735,210.90116643888717,2.734464817023112,14.301309661317822,56.16086399067523,0,2026-10-04 23:42:43
2026-10-04 11:45:00,CNC-03,H,296.6175330457993,309.8674371281394,1295.809376458098,47.56801024343732,14.195620728204334,1.7757246912031064,11.35663438286204,57.85210778596379,0,2026-10-04 23:42:43
2026-10-04 22:43:00,CNC-03,H,298.44064080742595,311.7825538985988,2736.101700888706,20.087204930937336,174.35257440829818,3.6814783042456853,10.240040694737637,53.199339046027355,0,2026-10-04 23:42:43
2026-10-04 07:56:00,CNC-03,H,22.73879222675845,37.520360954199646,1731.4585231710466,42.556330561929045,171.43929244320856,2.685204100032111,13.913447679015855,59.06970379841077,0,2026-10-04 23:42:43
2026-10-04 02:50:00,CNC-01,L,297.0568378950249,309.8553825547639,2473.7719802306824,22.607362036267013,56.47266651982057,29.27518240549101,10.817260738185219,48.82251727122994,0,2026-10-04 23:42:43
2026-10-04 01:29:00,CNC-02,M,298.16601065749285,310.0603170083946,2771.562918526278,14.50173954680725,130.95295375693593,3.4482816644778422,7.463145294802246,55.20506781929703,0,2026-10-04 23:42:43
2026-10-04 05:01:00,CNC-03,H,295.9679172667983,310.2472452402512,2168.8430399014837,29.105004384834825,184.99491366153498,3.176355303934367,12.0105442149763,59.65812795591952,0,2026-10-04 23:42:43
2026-10-04 07:16:00,CNC-01,L,295.5433999984238,310.3756587660261,1860.8123268941197,40.59366194598757,164.0190961974772,2.888073370641662,14.19303661024568,55.49590699434968,0,2026-10-04 23:42:43
2026-10-04 09:48:00,CNC-01,L,296.0207708792631,311.142106092096,1490.9796104260133,52.455514474330855,172.1084868805821,2.646207424609117,14.671331221540608,59.89999728133187,0,2026-10-04 23:42:43
2026-10-04 19:50:00,CNC-03,H,299.0846071125232,312.99746454965174,2329.9185135347734,26.843907224932053,215.42757329479483,3.453088470414217,11.634334560009652,51.2701847771561,0,2026-10-04 23:42:43
2026-10-04 16:28:00,CNC-02,M,,313.45134875996087,1676.693104000914,39.83714323625279,109.54363406916399,2.4301801548777013,12.4740697145625,47.55458829709531,0,2026-10-04 23:42:43
2026-10-04 03:24:59,CNC-01,L,296.7518112546326,310.3564812576195,2474.6964512330583,25.907494844772707,95.30805927703379,3.088834562610269,12.078604735009135,60.892980052637434,0,2026-10-04 23:42:43
2026-10-04 19:03:00,CNC-02,M,300.43193720379213,314.0751755903338,2134.2794747830685,28.916672996493133,83.64629026473202,2.754392492484548,11.74539968152171,46.85281229973521,0,2026-10-04 23:42:43
2026-10-04 01:11:00,CNC-01,L,298.16257161759853,311.0107483047663,2741.0362596129967,18.42797061939654,141.14179313679116,3.542125201355108,9.243381322207195,55.103263794341224,0,2026-10-04 23:42:43
2026-10-04 00:40:00,CNC-03,H,298.2642810950908,310.6127616528251,2631.2543162739653,16.292289494486994,107.18009875992388,3.296539678401445,7.860403776862815,53.761658252647905,0,2026-10-04 23:42:43
2026-10-04 11:25:00,CNC-01,L,23.196278703585506,37.23821139530702,1491.0937119617136,45.434937385416845,124.73213003117802,2.29538519225621,12.584537095508185,62.49374474340797,0,2026-10-04 23:42:43
2026-10-04 14:53:00,CNC-03,H,303.53675652297716,311.34344436959685,1538.608315992552,44.76160257283739,33.82478173439226,2.1059896098253996,12.806724306969974,45.50792498081034,0,2026-10-04 23:42:43
2026-10-04 08:18:00,CNC-01,L,22.18526652734073,35.92940078968218,1770.3398157467923,38.87915206175275,35.267984199879635,2.3375140025944643,12.69883761411652,60.5071996352694,0,2026-10-04 23:42:43
2026-10-04 00:42:00,CNC-01,L,298.4459339127644,310.68434857831215,2743.037684247324,16.099887427165502,110.23685215463655,3.423399882121948,8.28629730170918,54.80658470667254,0,2026-10-04 23:42:43
2026-10-04 15:21:00,CNC-02,M,299.39575551089274,313.06247770587447,1510.1220584877153,42.42044225985881,10.597087790149157,2.122765219966479,11.766525446983437,52.699651015076235,0,2026-10-04 23:42:43
2026-10-04 16:15:00,CNC-03,H,298.85662757024545,313.92666712971044,1718.5148493368001,45.91954259553156,155.72166664642538,2.6653766261664757,14.611187365424666,51.60138925860109,0,2026-10-04 23:42:43
2026-10-04 04:34:00,CNC-02,M,296.8114833072495,311.08089655960686,2344.298262867708,30.206824693881057,99.65812767618489,2.9400459789084414,13.29877932806524,60.15401320447964,0,2026-10-04 23:42:43
2026-10-04 10:32:00,CNC-03,H,22.986716503037655,37.51158192129793,1375.9349328021876,51.96780900712309,141.2785486541959,2.284769861202236,13.314619518399864,58.847179019895506,0,2026-10-04 23:42:43
2026-10-04 02:32:00,CNC-01,L,297.42692551982384,308.9501883107149,2575.903064486504,13.982028688020726,36.31039608732375,3.0658501356857606,6.432836417612314,54.84437636696528,0,2026-10-04 23:42:43
2026-10-04 11:05:00,CNC-02,M,24.145821363921925,38.35721342415053,1512.325739001777,48.39739681284243,31.483034736426877,2.069195571700673,13.651762587704512,56.23834014701864,0,2026-10-04 23:42:43
2026-10-04 05:26:34,CNC-02,M,296.4770163547536,310.7668948059633,2340.0216214944567,29.88277614181057,166.75764776162328,3.2154669978154065,13.21771481210882,61.46321996753973,0,2026-10-04 23:42:43
2026-10-04 03:31:00,CNC-03,H,296.8066028088873,308.84678430145414,2389.265978600059,19.260051805258026,75.41995771353851,2.8923583355084674,8.439785324879605,53.295282805380126,0,2026-10-04 23:42:43
2026-10-04 01:32:00,CNC-03,H,297.94544822428645,311.11799466462674,2602.9899792952597,19.83584377415313,162.75309978963276,3.3782436147908053,9.769592882991384,56.10667786915939,0,2026-10-04 23:42:43
2026-10-04 13:04:27,CNC-02,M,298.34930364876357,312.26219852513964,1357.607688893729,52.15570931201411,12.73634283142181,1.980887382229291,13.340533628967087,55.03680513868304,0,2026-10-04 23:42:43
2026-10-04 22:51:00,CNC-02,M,299.97427441417096,,2795.0242779056475,11.253510341067292,104.99820754908892,3.4680076439398575,5.784698762601639,49.41702485646347,1,2026-10-04 23:42:43
2026-10-04 22:48:00,CNC-02,M,300.021178826986,312.61479005169554,2743.1309679500396,15.926300597431416,101.83800131420138,3.4059967615459787,8.223427589904302,50.77218057525546,0,2026-10-04 23:42:43
2026-10-04 03:42:00,CNC-01,L,296.46251623613045,310.05243519470434,2431.155651350898,26.125716903904152,116.45903234866785,3.1881663579375252,11.757745561606978,60.84031796515568,0,2026-10-04 23:42:43
2026-10-04 12:12:26,CNC-01,L,296.6150822709021,311.0482041175289,1361.9611189208595,51.73190586438861,197.91195095699229,2.863959083258996,13.254466761260288,60.553986675471336,0,2026-10-04 23:42:43
2026-10-04 20:44:00,CNC-03,H,298.81209169033883,310.4145071362719,2683.90688880287,15.117897257711855,42.76721311855775,3.1866408016402095,7.6020075348333185,53.18426365886134,0,2026-10-04 23:42:43
2026-10-04 02:31:00,CNC-02,M,297.8336727055192,311.17181529655363,2586.862045403179,21.06090121378697,198.79264003445493,3.766351977953073,10.113906289644023,50.786000437316176,0,2026-10-04 23:42:43
2026-10-04 22:57:00,CNC-01,L,299.1207254309273,311.28634062072285,2770.1937235523783,14.60262487336099,172.74365173921746,3.729340749756216,7.681947739088588,52.993330815957584,0,2026-10-04 23:42:43
2026-10-04 12:02:27,CNC-02,M,297.56353999514295,312.0997824056729,1473.7604292400638,49.28602722015904,120.19035004286518,2.289502588954078,13.470878328382526,57.89435895156112,0,2026-10-04 23:42:43
2026-10-04 20:41:00,CNC-03,H,298.85400155487287,311.36149631631696,2366.144722810261,21.572677728358983,39.329351206711735,2.9008423895063182,9.709868274231662,50.46073749981341,0,2026-10-04 23:42:43
2026-10-04 06:00:00,CNC-01,L,295.89444516379723,309.2366970539052,2160.722117347767,29.11070735935361,59.83067240491024,2.699872559619248,11.81462227081734,,0,2026-10-04 23:42:43
2026-10-04 18:05:00,CNC-02,M,300.11647259915867,313.5325718648362,2146.0023678442562,28.93818490918058,9.39569162859987,2.691652794226497,11.764124475606764,50.15820923389681,0,2026-10-04 23:42:43
2026-10-04 04:34:00,CNC-03,H,296.6876250464035,310.6015556693161,2346.0372492656456,27.06394501329902,151.48212872400237,3.097141821442463,11.802210133087906,58.70251248961996,0,2026-10-04 23:42:43
2026-10-04 04:21:00,CNC-03,H,296.4112499856345,310.6265972960876,2355.494133091054,29.360158948578647,135.49592557884264,3.12137991036404,12.931493786178907,58.23472540034249,0,2026-10-04 23:42:43
2026-10-04 09:16:00,CNC-03,H,295.60350888279913,309.64097402888297,1585.6096274602726,45.978476722398675,22.860286636386892,2.288559591226775,13.463011112208529,60.11809708221421,0,2026-10-04 23:42:43
2026-10-04 20:19:00,CNC-03,H,298.891975284096,311.1097912179697,2416.2903462407244,19.81828032830074,13.994687069372699,2.9477636700511933,9.074406891377201,53.22391612247639,0,2026-10-04 23:42:43
2026-10-03 23:51:00,CNC-03,H,298.9852084720698,311.6139876110751,2738.693222037964,18.828439023134816,54.98264015588064,3.184865732101473,9.767326146119068,56.19490467131433,0,2026-10-04 23:42:43
2026-10-04 22:32:00,CNC-02,M,300.30166414531595,313.5080658005151,2545.163127393708,21.038406105793744,84.78302732904237,30.06732437645609,9.981452625348535,52.837286209704814,0,2026-10-04 23:42:43
2026-10-04 05:59:00,CNC-02,M,296.3045867810067,311.4384031028546,2025.734291925733,37.48829134547776,208.76386626427822,3.315046396134264,14.355239563164348,56.675511444762904,0,2026-10-04 23:42:43
2026-10-04 00:00:00,CNC-01,L,298.86961901348997,311.0899818174997,2787.4281877795383,16.892515513510034,65.60750238449286,3.3344644730454034,8.800509528097495,51.94950179158998,0,2026-10-04 23:42:43
2026-10-04 09:00:00,CNC-01,L,295.35880718697626,309.1961991244877,1455.4176993772298,46.50994922672986,98.09973180947961,,12.653961195580738,57.602110899049535,0,2026-10-04 23:42:43
2026-10-04 22:53:00,CNC-01,L,299.04576631131704,311.95685078559035,2568.02320168987,20.548088816603087,168.44723233194537,3.5569148216843645,9.732239927105756,53.12434720365216,0,2026-10-04 23:42:43
2026-10-04 10:31:00,CNC-02,M,23.945993518898263,38.74096149776716,1438.6968791887698,50.25199207121744,186.43423471937746,2.58192961865286,13.551171079567327,58.826027451659975,0,2026-10-04 23:42:43
2026-10-04 05:36:00,CNC-01,L,296.6673197561371,309.92864231187986,2088.010040605813,29.655193042981725,28.48232510504286,2.7023971548283243,11.559779993877678,57.72023040150551,0,2026-10-04 23:42:43
2026-10-04 20:23:00,CNC-01,L,299.4011097718808,311.57470600596605,2453.197300036743,20.256393087488775,1.163310907455139,3.013041835132541,9.545025169013883,54.394139780471214,0,2026-10-04 23:42:43
2026-10-04 15:20:00,CNC-03,H,303.70112597773,311.8017004129143,1491.5853250703558,47.595248419911414,74.67281395090174,2.1589652298457414,13.215604981466505,42.01376656166802,0,2026-10-04 23:42:43
2026-10-04 22:24:00,CNC-02,M,300.25327164539516,312.43612364079996,2791.6182657221334,14.183728889961811,76.01764854456444,3.3239346725225865,7.458935232733052,50.6060545857665,0,2026-10-04 23:42:43
2026-10-04 13:23:00,CNC-02,M,298.1280137951659,311.90898893129156,1454.81353431117,46.07170811120995,42.75025426544774,2.16565914249427,12.70740540103942,53.9335586388419,0,2026-10-04 23:42:43
2026-10-04 03:40:00,CNC-01,L,296.47065421633926,310.2894035116662,2436.7449918823963,26.683928624007567,114.07606455033846,3.1478712360903294,12.102139667207824,59.26136888114529,0,2026-10-04 23:42:43
2026-10-04 07:09:00,CNC-01,L,295.7272773801279,310.3136940814261,1748.4596948406388,42.95900594221847,154.2143818405472,2.688846344989958,13.882538682481279,63.04187959565021,0,2026-10-04 23:42:43
2026-10-04 13:26:00,CNC-01,L,297.18719208605177,311.44088215542047,1439.6184796597224,50.40471738258073,77.44877589977015,2.0390533726770608,13.63536959758793,59.645276401938204,0,2026-10-04 23:42:43
2026-10-04 21:30:00,CNC-02,M,300.2614544557929,311.82711941934645,2735.945306900367,12.206937056247593,16.80153290239613,3.2898970995912373,6.30658644830952,54.03781637531908,1,2026-10-04 23:42:43
2026-10-04 19:42:00,CNC-02,M,300.4030948873555,314.60268671749793,2219.460741353717,29.059684011486986,131.72301166060421,2.982843333592424,12.266864116618493,49.03514552370211,0,2026-10-04 23:42:43
2026-10-04 12:17:00,CNC-02,M,297.55427425933374,312.0547587710937,1418.5405100227395,51.03936751953003,145.69761783855125,2.1251726729157734,13.475828690995048,52.09589048031346,0,2026-10-04 23:42:43
2026-10-04 03:22:00,CNC-01,L,296.93457709763925,310.43848845145396,2555.117292534614,24.209364150273103,92.92099636460408,3.1253628807581535,11.395397415078365,55.74357429432351,0,2026-10-04 23:42:43
2026-10-04 00:41:00,CNC-02,M,298.8262780488406,310.76144565597536,2684.536417787145,,79.69826553145091,3.290024846398798,8.062004753295305,56.30284910220405,0,2026-10-04 23:42:43
2026-10-04 21:14:00,CNC-03,H,298.9098757563435,311.89399786900844,,22.302248938327367,76.56799425821539,3.059977435365278,10.488414899549138,53.609534545521456,0,2026-10-04 23:42:43
2026-10-04 01:40:00,CNC-02,M,297.9818532189295,310.91716171774306,2693.9390907004426,18.560473699714368,142.70575990237913,3.4705517513852895,9.460638436320158,56.63702702785512,0,2026-10-04 23:42:43
2026-10-04 05:23:00,CNC-02,M,296.6170229902814,310.68317884634916,2136.8462414573787,30.658315373060738,161.69857129023808,3.090611601837938,12.084977205178802,58.16458131120695,0,2026-10-04 23:42:43
2026-10-04 14:42:00,CNC-01,L,298.01467146018103,312.816042158594,1517.5448731539416,48.47362477445571,195.87106864515042,2.8196970058145587,13.913799000876738,59.29442748961958,0,2026-10-04 23:42:43
2026-10-04 13:40:00,CNC-03,H,297.5172747499829,312.8315670444188,1504.117897364018,53.53184727212098,196.24775500007684,2.6578922967644925,15.062358320122,58.372899481257036,0,2026-10-04 23:42:43
2026-10-04 18:58:00,CNC-01,L,299.7850006760787,313.5597579160554,2189.5346836611884,28.042936982063097,137.45781970565926,3.0487714092984683,11.349007429763319,48.739025140679104,0,2026-10-04 23:42:43
2026-10-04 19:26:00,CNC-02,M,300.52280348043416,314.1837297879433,2387.6625503828236,23.937125199764235,112.00692873560239,3.042748575814396,10.29527192806464,54.20871704519088,0,2026-10-04 23:42:43
2026-10-04 14:40:00,CNC-02,M,303.76484838121536,313.0271433774005,1474.5022959782295,51.01163989065765,162.77546257209622,2.494606654780524,14.042697771465052,47.06014135804594,0,2026-10-04 23:42:43
2026-10-04 21:24:00,CNC-03,H,298.9483148211684,311.35576134904727,2463.4099714638596,18.943346492504457,87.8472571346067,0.0,8.87959754344235,56.839603695109474,0,2026-10-04 23:42:43
2026-10-04 13:34:00,CNC-03,H,297.62862381073694,312.6175111079252,1377.9126232627518,55.457697525217874,186.8394605932598,2.442557029316717,14.270062889846672,57.025068875491144,0,2026-10-04 23:42:43
2026-10-04 14:40:00,CNC-03,H,303.42884677741944,311.14871497106543,1578.5926792534926,44.925875099379525,14.047249595074023,2.258970205496664,13.180940428881039,38.45349639431437,0,2026-10-04 23:42:43
2026-10-04 00:33:00,CNC-01,L,298.7615521168074,310.2774980052543,2812.4265456465932,12.625751665979127,100.50837126183346,3.4538676275320674,6.5258259932569835,54.33860366406881,0,2026-10-04 23:42:43
2026-10-04 18:51:00,CNC-02,M,,313.19556698480363,2116.643751581905,24.858282901990997,68.66998215582193,2.764180060748491,9.617362366100668,50.88915957179028,0,2026-10-04 23:42:43
2026-10-04 11:00:34,CNC-03,H,23.201754679330918,37.86117452656919,1263.5056059663004,57.542421308692624,187.2113552157707,2.3224957730087916,13.573506231637072,57.25663277481138,0,2026-10-04 23:42:43
2026-10-04 15:13:00,CNC-01,L,297.9481155441095,311.4376220418155,1474.6281757140898,43.47368363842162,42.68625367437172,2.152378175542704,11.804832271127166,56.8750233493702,0,2026-10-04 23:42:43
2026-10-04 22:36:00,CNC-02,M,300.22627650221955,313.3650075979474,2652.320820836842,19.98959833083876,89.07640921049142,3.2188864043768395,10.010238637308358,51.3776485052331,0,2026-10-04 23:42:43
2026-10-04 22:34:00,CNC-01,L,299.27280213498483,312.07404191578325,2738.862700604003,18.640201797559335,147.72103673513502,35.20201436246191,9.461326621038403,54.10571165880256,0,2026-10-04 23:42:43
2026-10-04 19:49:00,CNC-03,H,298.7362173612552,312.5912985418083,2349.6644342005543,25.740605181534676,214.1897433193642,3.5890053983318393,11.361988574052281,1051.8328972523714,0,2026-10-04 23:42:43
2026-10-04 07:42:00,CNC-01,L,22.439167027209805,37.209466731743476,1833.9028855149954,39.03517755285154,201.13349490516237,3.1473795159257154,13.554066906846419,54.6495577464438,0,2026-10-04 23:42:43
2026-10-04 20:40:00,CNC-02,M,300.3450932112172,314.5541017975452,2516.0893505648087,24.34349335032922,200.2693043956106,3.7375135056748254,11.314860413049324,51.97062163347555,0,2026-10-04 23:42:43
2026-10-04 14:11:00,CNC-02,M,303.9427512970122,312.3991310667996,1626.6216137033157,44.4431442449476,117.85161404937537,2.308131572517632,13.653058431501266,42.39303841410408,0,2026-10-04 23:42:43
2026-10-04 07:03:00,CNC-03,H,295.46703139904196,309.9370424298871,1777.5643300721295,41.95492863479803,95.66077506367813,2.5151439272959797,14.072239216189994,61.77930148324721,0,2026-10-04 23:42:43
2026-10-04 18:54:21,CNC-01,L,299.6369650794673,313.90772429935276,2066.636502671737,34.101498059934,133.630288801348,2.922343553206495,13.114991567764731,53.7771721380895,0,2026-10-04 23:42:43
2026-10-04 17:12:00,CNC-01,L,298.9445728269218,314.11816291762864,1823.687934540728,44.13299512699002,215.40625122993492,3.4634479885347016,14.89821474129873,54.62723017730071,0,2026-10-04 23:42:43
2026-10-04 02:24:00,CNC-01,L,297.46307493293193,309.0594937110166,2657.1768548066907,14.875256813376774,27.454900177688437,3.2526996660599785,7.0772355794800665,52.41227907760929,0,2026-10-04 23:42:43
2026-10-04 09:41:00,CNC-01,L,295.4205907717162,310.2698822675752,1515.9027878885809,50.04156450274974,161.32373852128234,2.5826121836083247,14.147217583168924,62.99227942065972,0,2026-10-04 23:42:43
2026-10-04 07:46:00,CNC-02,M,23.614404683444832,38.24439162542194,1638.3862005730846,44.032263804084145,139.84643027744073,2.530609308138796,13.533687049709055,57.76020959519806,0,2026-10-04 23:42:43
2026-10-04 06:53:00,CNC-01,L,295.8074572670044,309.9484223149465,1873.3847719268504,36.63863478258659,131.823028102315,2.729496594261571,12.952423135409168,61.24920593732236,0,2026-10-04 23:42:43
2026-10-04 08:11:00,CNC-03,H,22.347953583373055,36.98807046080759,1610.4013789586281,44.6124547818148,193.39606082471897,2.6286111977190223,13.341142856768444,57.17962727938892,0,2026-10-04 23:42:43
2026-10-04 04:55:00,CNC-02,M,296.8257847969486,310.9446168076535,2148.2668643029006,31.701127705076722,125.9743944590248,2.872948359762565,12.487635235555793,54.48215042806173,0,2026-10-04 23:42:43
2026-10-04 12:33:00,CNC-03,H,296.7486955854926,311.11533256395273,1447.7838682668257,51.58373523220936,90.16247554121132,2.129382435870888,13.835418765511912,58.5642209630695,0,2026-10-04 23:42:43
2026-10-04 19:46:00,CNC-03,H,299.21062970474446,313.2075593329291,2216.2351016104117,28.244505859976904,210.57988469627819,3.4281921412825005,11.84767261105309,47.79624180904477,0,2026-10-04 23:42:43
2026-10-04 03:49:42,CNC-03,H,296.6614765806726,309.8006868557108,2501.6285501973393,22.012060128268423,99.20982884914208,3.057840019036172,10.283902755188896,55.146529440270136,0,2026-10-04 23:42:43
2026-10-04 14:54:00,CNC-03,H,303.2348709788056,311.1261631964448,1431.5157200941844,50.76005471121055,35.400619579968165,2.0153208103692815,13.555291385621734,47.59198998055847,0,2026-10-04 23:42:43
2026-10-04 19:15:00,CNC-01,L,299.92903758570156,313.9202005011659,2179.6036020255483,30.301275379484483,158.703746106804,3.1416867762986853,,45.008017154122946,0,2026-10-04 23:42:43
2026-10-04 23:19:00,CNC-03,H,298.41872164848894,311.4662159816883,2772.14308187283,17.425357648804784,212.84375080217606,4.028706020470242,8.80877375293337,53.48529780769705,0,2026-10-04 23:42:43
2026-10-04 13:49:00,CNC-02,M,298.31203698122084,312.58094199838274,1314.3034903843547,51.90756285690222,83.53748591844426,1.9768379429218577,12.422709092867185,57.046739795109865,0,2026-10-04 23:42:43
2026-10-04 15:52:00,CNC-03,H,298.59457869158416,313.08050505818403,1552.907272127056,47.919454937476836,122.25194063632563,2.290737581035098,13.806262874624556,52.24330724982497,0,2026-10-04 23:42:43
2026-10-04 07:45:00,CNC-02,M,23.371591463335733,38.05308311288894,1684.6881110938766,45.29031621492972,138.3667956206427,2.390804147137805,14.238866717052957,56.97706163582785,0,2026-10-04 23:42:43
2026-10-04 17:05:00,CNC-03,H,298.76935580825574,312.5585639287872,1816.1606767144137,38.83461979059573,1.3954672663338896,2.417689851328974,13.081016734797815,53.66266669837293,0,2026-10-04 23:42:43
2026-10-04 22:37:00,CNC-03,H,298.5848242859498,312.0355300055491,2573.87769626113,22.86729259475078,167.97581010111924,3.485958204716081,10.787717674210239,53.83082563230978,0,2026-10-04 23:42:43
2026-10-04 00:55:00,CNC-01,L,298.5723896601309,311.75799303560694,2598.5714312770924,20.861985600424394,124.00305351359171,31.833983293385725,10.4486152593268,56.002570727997444,0,2026-10-04 23:42:43
2026-10-04 04:51:00,CNC-03,H,296.251191818361,310.3895769952763,2245.5163827453007,30.627582017859645,172.3411925129437,3.114738806667022,12.948911211065742,59.675551882681255,0,2026-10-04 23:42:43
2026-10-04 22:53:00,CNC-02,M,299.9514761643334,313.37043879324557,2633.5695944561226,20.664140060341065,107.13231255658249,3.2187645968766336,10.091405206616983,49.18046287214627,0,2026-10-04 23:42:43
2026-10-04 00:43:00,CNC-01,L,298.65748434355663,310.79985969680524,2753.722210015224,15.235120741995377,111.26685215463655,3.369091845122031,8.017290515297871,51.79150054597043,0,2026-10-04 23:42:43
2026-10-04 14:22:00,CNC-03,H,303.1336373960309,311.71962658788163,1384.5153135692767,50.14233326903486,261.6551242711613,3.155167844294558,12.873979899805526,42.86322854666995,1,2026-10-04 23:42:43
2026-10-04 15:04:00,CNC-03,H,303.46590214216985,311.9425814035155,1618.115566809959,48.97381799435894,50.49093419492955,2.198335593883312,14.859958875301814,46.683673001253716,0,2026-10-04 23:42:43
2026-10-04 08:16:00,CNC-02,M,23.491571136114544,38.60374922402826,1789.0214127530442,43.26636606502793,184.13317348769746,2.891827777735453,14.619494473480737,59.92179242522134,0,2026-10-04 23:42:43
2026-10-04 17:07:00,CNC-01,L,299.34712379447035,314.4087389638814,1883.8972778859759,41.52718906396534,208.4205523098294,3.360965363720329,14.591804472391622,52.50870704252046,0,2026-10-04 23:42:43
2026-10-04 03:18:00,CNC-01,L,296.5896388056043,309.57034229471805,2502.6589976628015,22.18034377498759,88.25864112154478,3.1086259417290183,10.427159695361087,56.4601201375294,0,2026-10-04 23:42:43
2026-10-04 06:30:00,CNC-01,L,296.01157483758885,309.92768840371286,2080.9321701600743,32.503545067632245,100.22279651014854,2.711152721556877,12.419598379507772,58.481085594661096,0,2026-10-04 23:42:43
2026-10-04 03:54:00,CNC-02,M,297.2242029187955,310.8806878426929,2433.608519875319,26.43808110860339,51.28910432419988,3.0825205349647242,12.08042513418488,56.677746258611194,0,2026-10-04 23:42:43
2026-10-04 16:30:00,CNC-01,L,299.1413234794125,313.45703242367,1859.6801249431776,36.723029163297305,156.10470792281853,2.900958698333896,12.662701900509122,57.84907916294065,0,2026-10-04 23:42:43
2026-10-04 13:29:00,CNC-02,M,298.2518758867786,313.0223621258776,1654.2595796756234,47.094268132694154,52.183429457122116,2.247327077637031,14.409454113746659,54.12249077637511,0,2026-10-04 23:42:43
2026-10-04 10:14:00,CNC-01,L,,309.2797485619677,1492.527565910164,45.90052524939547,12.465798014308326,2.0793374620919836,12.80039977103278,59.15165071728089,0,2026-10-04 23:42:43
2026-10-04 07:54:00,CNC-01,L,22.27152197232334,36.06246423275837,1658.5167162876342,42.540575771333046,0.0,2.2737509860742424,13.611754849204512,59.602732043755076,0,2026-10-04 23:42:43
2026-10-04 13:20:00,CNC-02,M,298.23270341396716,312.16018680308457,1379.8269759399886,52.61209733081521,38.00069922889107,1.9884770571134052,13.317641808217823,55.78391328114562,0,2026-10-04 23:42:43
2026-10-04 01:04:00,CNC-03,H,298.42813067008115,310.9484627518885,2583.582136562004,18.032578544897966,132.7472958934871,3.2812256058126326,8.5962287365835,55.316948331268684,0,2026-10-04 23:42:43
2026-10-04 04:44:00,CNC-02,M,296.8942350221188,310.1228173439414,2104.1948356817247,26.774018147610924,112.13202806246206,2.7969123159014107,10.76241642983928,58.43978004863114,0,2026-10-04 23:42:43
2026-10-04 15:02:00,CNC-03,H,303.6338771170961,311.21941772443,1571.7447393770058,42.51208552242579,47.467340600903114,2.2832578411650704,12.287070359665275,46.30349563757916,0,2026-10-04 23:42:43
2026-10-04 23:19:11,CNC-02,M,299.8780134056417,313.1776663349326,2800.992686748034,18.3278354215938,135.9074933974587,3.525392326110671,9.858851804983562,53.107248215806045,0,2026-10-04 23:42:43
2026-10-04 15:01:00,CNC-01,L,298.29220983524755,311.85379841080817,1523.995639175278,45.33537748080347,24.571640561266317,2.199871177145672,12.702803920279523,54.26888926741754,0,2026-10-04 23:42:43
2026-10-04 04:41:00,CNC-03,H,296.51331885336407,310.90936579929206,2335.2686761952,30.79727450469195,160.06902030837955,3.2005476510059268,13.243704140982674,57.3371540978421,0,2026-10-04 23:42:43
2026-10-04 20:01:00,CNC-01,L,299.5909014940496,313.6336094541809,2407.8599415894237,26.35287972199221,214.89243256603035,3.9805399199226175,11.991189070086769,56.39238917109359,0,2026-10-04 23:42:43
2026-10-04 02:32:00,CNC-02,M,297.703801062186,311.0629918072911,2454.2210721580727,21.9436987075075,199.95616098526992,3.613594027566749,10.02879969688148,55.375195964826254,0,2026-10-04 23:42:43
2026-10-04 22:51:00,CNC-01,L,299.33082664531565,311.6646322012244,2619.817717100488,16.725921049790664,166.22407420428203,3.693744729401422,7.836930693650741,53.845520807257216,0,2026-10-04 23:42:43
2026-10-04 06:55:00,CNC-02,M,296.6191158842345,310.5373061635232,1812.145226120333,37.41206459436959,67.18469714400022,2.479841376898948,12.369240131481074,58.06462950832048,0,2026-10-04 23:42:43
2026-10-04 05:08:51,CNC-02,M,296.7446773597625,310.9286326518237,2205.0768224376843,31.691833259427682,143.7252934550824,3.1466450682822567,13.214663879040275,56.478350151422994,0,2026-10-04 23:42:43
2026-10-04 09:54:00,CNC-02,M,296.9457825513803,311.445615893974,1626.8785164544774,45.55312336017488,128.22698928126877,2.443262960144514,13.853966525236093,56.863751643416535,0,2026-10-04 23:42:43
2026-10-04 14:04:00,CNC-02,M,303.906940649355,312.75051596522,1487.4189185465789,50.103917104582294,106.94759619396723,2.282963960888666,13.915181712973766,43.96586506012932,0,2026-10-04 23:42:43
2026-10-04 18:39:30,CNC-01,L,299.5993740622955,313.08487606866623,2173.879013190053,28.39679799651443,115.67436824197785,2.806800878705321,11.459938833333677,53.77543670264384,0,2026-10-04 23:42:43
2026-10-04 12:54:00,CNC-03,H,297.23540284065984,311.4931836219384,1403.6837430200792,48.58465380001777,123.5208593163396,2.1457123866342815,12.739611791888272,54.04455050559548,0,2026-10-04 23:42:43
2026-10-04 04:16:01,CNC-03,H,296.6830919163076,310.4837169814034,2278.8098118959615,,130.6051825042048,2.987806630306235,12.222054076663857,57.42051977714535,0,2026-10-04 23:42:43
2026-10-04 05:31:00,CNC-03,H,295.91022619975666,310.5967635180812,2061.0676594358397,33.33654808076589,223.50751614381164,3.330296084553884,12.958817858158044,59.71930417228912,1,2026-10-04 23:42:43
2026-10-04 17:13:00,CNC-03,H,298.7025853728722,312.34260119004574,1918.0084148907195,36.26277352096282,12.58076395581547,2.542066673042969,12.997026981515,48.84510613697361,0,2026-10-04 23:42:43
2026-10-04 16:04:00,CNC-01,L,298.6413211163962,313.1790120099358,1646.3034613667319,43.49917664888921,118.4611239914686,2.4746269456859733,13.300213106873072,52.04507479048336,0,2026-10-04 23:42:43
2026-10-04 07:37:00,CNC-01,L,22.41382173976342,37.62301608899821,1739.4389190074317,44.89767186412821,193.90956730163802,3.0383083610763166,14.552127872034323,54.932412980996816,0,2026-10-04 23:42:43
2026-10-04 16:26:00,CNC-02,M,299.5315068623108,314.1653326734851,1719.4854877627831,42.682634553621654,106.64628561275757,2.367891304109801,13.767670375755081,55.47805700705961,0,2026-10-04 23:42:43
2026-10-04 01:21:00,CNC-03,H,298.3014259511229,309.84840855728874,2778.6390395221724,12.497895468668819,150.9110369924226,3.548984365807838,6.619379712685274,51.96388190925711,0,2026-10-04 23:42:43
2026-10-04 21:33:00,CNC-02,M,300.47372334695757,313.27048430083073,2375.8547316646723,22.34958474807246,20.20134230556305,2.9593224940330187,10.124204459071105,49.911901002534556,0,2026-10-04 23:42:43
2026-10-04 00:54:00,CNC-03,H,298.1427568658212,,2588.5955100345377,15.979291003792568,122.1282828514909,32.325731437699744,7.892243540716296,56.24043231995122,0,2026-10-04 23:42:43
2026-10-04 13:42:00,CNC-01,L,297.08369348270435,311.20978695741786,1344.138941846555,53.31274537683101,102.45985433806962,2.2278494892959384,13.38733314632923,60.83275800027479,0,2026-10-04 23:42:43
2026-10-04 01:13:00,CNC-01,L,298.5873892989874,310.48186873172506,2693.1687042638546,14.038044576452226,143.25866169087845,3.5745978391206745,7.17597456607749,54.615104209891385,0,2026-10-04 23:42:43
2026-10-04 23:00:00,CNC-01,L,299.45435259430195,312.17524322390733,2535.5775003267154,18.553118953313156,175.9593325127602,3.6114966922435916,8.662362116436228,52.255210727522346,0,2026-10-04 23:42:43
2026-10-04 15:50:00,CNC-01,L,298.4398179812173,312.5417595229179,1651.7752202094753,42.032506319541675,97.80764854624009,2.2591723276333204,12.986497694022912,55.782552529125695,0,2026-10-04 23:42:43
2026-10-04 23:15:00,CNC-01,L,299.03497747872893,312.13891993384874,2659.7856492414207,19.60493521559405,191.81344048495833,3.918951349286385,9.773491631420391,55.708839629562,0,2026-10-04 23:42:43
2026-10-04 04:53:00,CNC-02,M,9170.512506641267,311.2798018065094,2012.2688822339956,35.12306149577447,123.46762722569845,2.810233196164716,13.372030231693921,58.937819103424886,0,2026-10-04 23:42:43
2026-10-04 07:31:00,CNC-03,H,22.241601185809486,36.741014444593816,1785.513827985009,40.38639610079968,135.33065730921112,2.5030205562647265,13.35848757607977,58.61511980583923,0,2026-10-04 23:42:43
2026-10-04 20:55:00,CNC-03,H,298.84456014399507,311.04480797057903,2393.1235689875584,20.21377883078212,55.342273363412495,3.005725456448199,9.213056850535555,54.39172980467686,0,2026-10-04 23:42:43
2026-10-04 03:11:00,CNC-03,H,297.432582442861,309.43712864142464,2643.9007903261886,15.614431920250642,52.11094573716758,3.2016331870007457,7.51383533506806,59.17097778035131,0,2026-10-04 23:42:43
2026-10-04 05:30:00,CNC-02,M,296.4143564396743,310.8966122587558,2150.755150032857,32.58058247713167,170.59873501925222,3.2012993425419993,12.936995196005327,53.67628959171114,0,2026-10-04 23:42:43
2026-10-04 17:24:00,CNC-02,M,299.9078838513129,314.3242976669851,1928.2497193053273,34.35830469515688,188.18800686726408,2.942496723116634,12.315770439724028,47.90516670055801,0,2026-10-04 23:42:43
2026-10-04 09:13:00,CNC-03,H,295.8296868149498,309.1970589601155,1539.0885609969496,42.166206458786064,18.288981406908896,21.3053877136432,12.077050495528596,58.241769972331284,0,2026-10-04 23:42:43
2026-10-04 19:55:20,CNC-03,H,298.97056869518536,313.72515117153154,2333.0295176058944,0.0,220.28611931522283,3.553251243607858,12.98705392007474,50.73186913379689,0,2026-10-04 23:42:43
2026-10-04 17:20:00,CNC-01,L,299.32542617885247,313.06432924659754,2004.1419304216438,34.53957710016767,8.173132900259148,2.6955818878742037,12.752643750972249,50.14657643898729,0,2026-10-04 23:42:43
2026-10-04 23:01:00,CNC-01,L,299.03669686439036,311.4887688293704,2767.776360941551,15.527973765719693,177.0251448248526,3.867419965553768,8.159058117119896,53.82948142108572,0,2026-10-04 23:42:43
2026-10-04 04:14:00,CNC-03,H,296.29638909959317,310.02903115513175,2547.3298788449792,24.825111577485824,126.8723318173215,3.1558213359285228,11.847355160219736,56.97258714406485,0,2026-10-04 23:42:43
2026-10-04 07:50:00,CNC-03,H,22.516930857905265,37.411537643170334,1766.181690219415,44.05086413533536,162.85432034891463,2.6341255424015304,14.541235031201555,59.961090498352796,0,2026-10-04 23:42:43
2026-10-04 20:25:00,CNC-02,M,300.4818748144357,313.834390227221,2482.3987872915263,611.1175124013324,182.79756956045964,3.4283748967007135,9.473335984394602,52.60812398917533,0,2026-10-04 23:42:43
2026-10-04 05:22:00,CNC-01,L,296.3209569013665,309.33388627179505,2029.460012352525,29.996970364030755,10.273944867362227,2.6960144330278117,11.61261542398414,57.70125251988392,0,2026-10-04 23:42:43
2026-10-04 11:26:00,CNC-03,H,23.32917600335776,37.81691041175878,1316.3347278935569,52.248842236221755,226.83345673787866,2.7577140288837723,12.540346765007287,55.96654854533466,0,2026-10-04 23:42:43
2026-10-04 07:02:00,CNC-02,M,296.7637238254498,310.8791781684622,1982.2713243995115,35.46460341417639,76.9915554667608,2.5568730543932277,12.95775196514017,56.870858427193824,0,2026-10-04 23:42:43
2026-10-04 22:38:00,CNC-03,H,298.4566684320854,311.1688113221802,2722.6025717247244,17.24809102065723,169.02775136157206,3.638597223403885,8.801392935040447,52.79486880898094,0,2026-10-04 23:42:43
2026-10-04 05:06:00,CNC-02,M,296.7049725528419,310.7521249093258,2273.346615586585,27.765617124569125,139.90051283068433,3.0746168930090576,11.824606231220393,62.905373071145405,0,2026-10-04 23:42:43
2026-10-04 14:45:00,CNC-03,H,303.0008347875766,311.1573434490647,1770.707361602523,41.70103017234957,21.694757014609635,2.356502580924453,14.049871582376099,44.38654059223415,0,2026-10-04 23:42:43
2026-10-04 02:01:00,CNC-02,M,297.7679107345551,310.31676433321593,2643.2336908681204,16.300603015309918,165.7011810203622,3.5154386661275083,8.17361551521233,55.00804409240327,0,2026-10-04 23:42:43
2026-10-04 18:00:00,CNC-02,M,299.77341235177425,313.2852582303979,1765.0475915559996,35.08077989563996,2.7295944957174276,2.3823627733620105,11.666278529988817,52.649714637549735,0,2026-10-04 23:42:43
2026-10-04 04:56:00,CNC-02,M,296.9269853814761,310.0548518178955,2307.2984813064545,24.269126117352258,127.22302096685868,3.2415506309691757,10.425029613119166,58.797835044585796,0,2026-10-04 23:42:43
2026-10-04 06:18:00,CNC-01,L,296.03024624465746,310.00179751645027,2001.999290110938,33.796211591497155,83.99829496498336,2.6993839692271644,12.825887901260883,55.21171721882079,0,2026-10-04 23:42:43
2026-10-04 11:05:00,CNC-03,H,23.165704643197614,38.15285764449038,1344.3784480263844,56.23828246938358,193.53294315246157,2.3892345793582748,13.861872905023866,58.802294135959805,0,2026-10-04 23:42:43
2026-10-04 19:36:00,CNC-03,H,298.75551629276174,312.65599732266185,2362.2138233531755,26.90519528268262,198.40738916124184,3.404094449968682,12.130947659449305,52.83832414266202,0,2026-10-04 23:42:43
2026-10-04 06:09:00,CNC-02,M,296.63117068203167,310.2267915521562,1929.3782701446012,33.673624683001115,4.030787465872487,2.4449186273940726,12.198593920220661,59.18681142971218,0,2026-10-04 23:42:43
2026-10-04 15:27:00,CNC-03,H,303.8235008485689,312.2472631054208,1613.7376686379798,45.850545487332774,85.07288594194615,,13.783217276149339,47.6474793814829,0,2026-10-04 23:42:43
2026-10-04 03:26:00,CNC-01,L,296.8474337673031,310.3560109090787,2352.612760688639,25.33169860477276,97.67566998423905,3.019527775698054,11.131337406936934,54.74712959165497,0,2026-10-04 23:42:43
2026-10-04 18:50:00,CNC-02,M,300.4267174575741,313.8055808940248,2294.3875791518085,24.56215250257703,67.36270785547808,2.9057048385649598,10.44872822356183,49.35621352228702,0,2026-10-04 23:42:43
2026-10-04 22:46:00,CNC-01,L,299.12663382988706,312.67711401464425,2480.004518677572,23.940288571008374,160.74732008616192,3.353107430331225,11.084887484045224,54.86021328885445,0,2026-10-04 23:42:43
2026-10-04 19:27:00,CNC-01,L,299.6370025367014,313.706285248234,2148.4561773890587,31.19670443813889,173.64756033171395,3.2949957448102083,12.738451860292084,51.32270355921724,0,2026-10-04 23:42:43
2026-10-04 04:27:00,CNC-01,L,296.74556628655733,311.3557843063297,2239.498509160446,32.27920083835336,170.1797999631887,3.317365269963289,13.577836956619445,59.2617512631743,0,2026-10-04 23:42:43
2026-10-04 05:37:00,CNC-02,M,296.52628781402757,311.0740836909271,2199.7485388922983,31.677982751962418,179.70550457600905,3.161701229712848,13.045497461763983,57.93608312103658,0,2026-10-04 23:42:43
2026-10-04 01:03:00,CNC-03,H,298.38370477145304,310.36952834534236,2671.937934294538,14.566093349155603,131.64055068915238,3.303145079587724,7.343100708088221,54.87904152602663,0,2026-10-04 23:42:43
2026-10-04 11:18:00,CNC-03,H,23.27165044224722,37.89136109924169,1466.5189046843939,48.815915534728404,214.06678785500395,2.859613131791748,13.323591036245725,59.469208992695435,0,2026-10-04 23:42:43
2026-10-04 22:56:00,CNC-03,H,298.3796754663938,310.6222433169621,2796.145377413254,14.05748351246788,188.18990245409918,3.6651730899437203,7.564486040779472,54.420732183635884,0,2026-10-04 23:42:43
2026-10-04 15:01:00,CNC-03,H,303.21403560509674,311.05273326326056,1624.0283360397573,41.226974343175925,45.96103521406983,2.2092783669847424,12.56045735464856,45.521882872854256,0,2026-10-04 23:42:43
2026-10-04 13:01:00,CNC-03,H,296.9362569719956,311.2930176394597,1357.2332221740344,52.48322171006992,134.57356372163696,2.1819500637366254,13.20401124906112,61.31702653189045,0,2026-10-04 23:42:43
2026-10-04 18:14:00,CNC-02,M,,313.1749428938019,2042.5196665091355,27.34593799865785,21.387865666846395,2.629802550682455,10.610822294757025,47.6175864042422,0,2026-10-04 23:42:43
2026-10-04 23:07:00,CNC-02,M,299.9260601909374,312.69573091773793,2550.283441813587,19.027641525740137,122.02118292606448,3.212521959720233,8.98166337684059,55.97902974572504,0,2026-10-04 23:42:43
2026-10-04 05:48:00,CNC-01,L,296.19412789102915,310.27277833955617,2157.0240187595564,34.653263968075386,44.0090986382993,2.6923375627108186,14.05951846272172,60.37907257317809,0,2026-10-04 23:42:43
2026-10-04 15:21:00,CNC-01,L,298.59682716397134,312.2094692570721,1658.7225746896083,41.736886879503906,54.69736754363356,2.4535062828004612,13.230757573856296,56.18243175714863,0,2026-10-04 23:42:43
2026-10-04 14:28:00,CNC-01,L,303.4099259781851,311.73853089906464,1522.6645730509902,44.251507392698095,174.15583418431834,26.337886325475896,12.69679622789302,43.78952259923832,0,2026-10-04 23:42:43
2026-10-04 23:03:00,CNC-02,M,299.964600366057,312.95645280154145,2680.50937092296,18.574760218410603,117.68124143082201,3.395055645333874,9.455281399182228,46.88104922190873,0,2026-10-04 23:42:43
2026-10-04 16:56:00,CNC-01,L,298.9945811794292,314.7998239894621,1998.1151803585894,42.67234057117656,193.05002022171573,3.270564114392812,15.72948164747908,53.88754741529389,0,2026-10-04 23:42:43
2026-10-04 12:14:00,CNC-01,L,296.77493201041506,311.7413098738254,1350.5110385351256,54.83866724079744,202.60863449477742,2.8247199214955767,13.89758131745162,59.43447760292831,1,2026-10-04 23:42:43
2026-10-04 20:54:00,CNC-01,L,299.1436772837083,311.01600726396344,2542.3934825679394,17.509930321481125,37.09964114907601,3.1318175531399306,8.606845297038364,54.48616064726308,0,2026-10-04 23:42:43
2026-10-04 20:59:00,CNC-02,M,300.2711254785884,314.6073360554847,2525.03454734558,24.467481083446298,222.07717133271365,3.8743663581178645,11.67472380416964,47.91118887422397,0,2026-10-04 23:42:43
2026-10-04 15:53:00,CNC-02,M,299.23272878356437,314.24389207715853,1640.2173750331056,46.53751508321519,58.456044479766376,2.2434334197343233,14.29444002955793,52.18966589127084,0,2026-10-04 23:42:43
2026-10-04 18:24:00,CNC-01,L,299.71410308278405,313.31433198755224,1919.0849857323524,33.71041400721211,93.70223357435901,2.5481343303173367,12.158415476746043,53.98336100497906,0,2026-10-04 23:42:43
2026-10-04 12:57:00,CNC-01,L,296.89970773155056,310.5020230153579,1289.8534793750025,51.33631084380031,31.56291323981334,1.9129031894301778,12.181577833102295,57.21286046313085,0,2026-10-04 23:42:43
2026-10-04 11:56:00,CNC-02,M,297.44252588939094,311.8162295914571,1354.492567336716,,112.25265888370156,2.040658048421859,12.921214742966683,57.34089679774511,0,2026-10-04 23:42:43
2026-10-04 23:04:00,CNC-01,L,298.7246278875962,312.04932475893315,2756.329261520422,19.445501119880618,180.20678564539054,3.859734799812619,9.992424098104532,52.462345450428856,0,2026-10-04 23:42:43
2026-10-04 01:36:00,CNC-01,L,298.3436330035391,311.0027492503611,2767.390519726132,16.822759574337457,167.96783614882972,3.826321923309764,8.609915006082652,52.42848981366021,0,2026-10-04 23:42:43
2026-10-04 07:58:00,CNC-03,H,22.599580272763717,37.37222833380059,1679.644598079497,44.324115235812606,174.4112964997497,2.6818743738409347,13.759533851284226,61.16799012496844,0,2026-10-04 23:42:43
2026-10-04 13:17:00,CNC-03,H,297.58399938307474,312.4808658137003,1344.632304749134,55.60747244130513,159.88193809642706,2.25153140425478,14.052223631005129,56.17733091881823,0,2026-10-04 23:42:43
2026-10-04 03:09:00,CNC-02,M,297.6280986282829,311.7716787766207,2457.522520969048,25.001788684591602,241.5792629794188,4.219951120406925,11.524661442292953,55.90837194369249,0,2026-10-04 23:42:43
2026-10-04 05:38:00,CNC-01,L,296.09446647003745,309.728116432238,2153.3391625515114,30.660585527385233,31.07430401899295,2.7567188582645668,12.217750754086287,60.98963655140844,0,2026-10-04 23:42:43
2026-10-04 14:30:00,CNC-03,H,303.0492113835514,311.5379565556232,1329.1210185543368,50.77214887901119,274.13164385350865,3.3351643212223325,12.724677456161087,44.2278575360988,1,2026-10-04 23:42:43
2026-10-04 05:05:00,CNC-02,M,296.82167281501944,310.44342915355253,2142.1192748963645,30.253991983282706,138.6520917788408,2.882804795222413,12.100575145930465,55.92944793370279,0,2026-10-04 23:42:43
2026-10-04 11:25:00,CNC-02,M,23.995514144374624,37.9745553971984,1410.203058797521,48.11266598219349,63.11541560743983,2.0623568245063497,12.573190989173245,53.94577339732078,0,2026-10-04 23:42:43
2026-10-04 17:00:00,CNC-03,H,298.6022218891808,314.0152948669927,1902.6222483689917,42.85267897191653,219.8159706313319,3.1746684732792514,14.938338256561513,51.787654248422555,0,2026-10-04 23:42:43
2026-10-04 22:59:06,CNC-03,H,298.5294792837069,311.3385854192387,2683.8340230905205,18.1961743396251,190.31805209943306,3.6498842752820027,9.231428792573896,52.94550394605013,0,2026-10-04 23:42:43
2026-10-04 15:57:00,CNC-02,M,299.6349326796029,314.26925615611617,1778.9918269357925,42.51070265571593,64.33158067333616,2.365463367650716,13.956393894111798,53.74769159609617,0,2026-10-04 23:42:43
2026-10-04 20:24:00,CNC-01,L,299.3896050250682,310.9309235982037,2421.076741138984,16.416476224810772,2.310745886254451,3.1352925294028964,6.9592692117288095,51.04769270677557,0,2026-10-04 23:42:43
2026-10-04 19:52:00,CNC-02,M,300.2420501487026,314.1814005566744,2391.855795106189,26.237347081665717,143.80420505793518,3.086397790264389,11.569827677977786,50.24887895453046,0,2026-10-04 23:42:43
2026-10-04 03:09:00,CNC-01,L,296.8829772127523,308.99798145563204,2584.252481058668,16.79881560321227,77.97656945188147,3.216019671368373,8.072834546701644,59.585011830128686,0,2026-10-04 23:42:43
2026-10-04 18:33:00,CNC-02,M,300.5374116880639,313.74389111973363,2277.8389777099715,26.535867780154085,45.7237175633065,2.962120097454269,11.482612330226386,46.626709702783174,0,2026-10-04 23:42:43
2026-10-04 08:08:00,CNC-01,L,22.32123450998523,36.16921954778081,1654.3217694121774,41.37795679299097,20.45499456488838,2.3494758077062423,13.125077854256396,58.415075133426015,0,2026-10-04 23:42:43
2026-10-04 19:53:00,CNC-01,L,299.457002509287,313.7778893963716,2502.5082394163874,26.568669359233922,205.2939447199523,3.832776515185896,12.37161760113304,54.21926514615495,0,2026-10-04 23:42:43
2026-10-04 16:57:00,CNC-03,H,298.4687591603754,313.745939108566,1779.5477497272095,43.95750091958005,215.56833277523197,3.093332235201871,14.519597771996983,55.51115323808946,0,2026-10-04 23:42:43
2026-10-04 18:21:00,CNC-03,H,299.0882163609142,313.2479596631536,2167.7043791764363,32.31079337211904,104.04429876164787,2.702418993438322,13.232397502628602,54.470634020732405,0,2026-10-04 23:42:43
2026-10-04 02:46:00,CNC-02,M,298.0043860125708,311.8654561882656,2616.9482527536875,23.955117208235816,215.6487349794543,3.9482912338928133,11.984479034074857,54.79826243373121,0,2026-10-04 23:42:43
2026-10-04 09:04:00,CNC-02,M,296.5676613523465,311.02472984809253,1565.2434277207392,49.01014032973581,51.09907604568313,2.2728360535125747,14.327077727591327,60.36133392535596,0,2026-10-04 23:42:43
2026-10-04 02:33:00,CNC-01,L,297.65020998729256,309.6595569629825,2528.826758835618,18.23326309247002,37.43707769426504,3.0660798829698535,8.690421185225118,56.75994536312332,0,2026-10-04 23:42:43
2026-10-04 18:13:00,CNC-02,M,300.2689080432844,314.1291135794694,1912.3629249607939,35.99974243157646,20.08688162742757,2.5438937917972533,12.795549741782146,50.62430980024727,0,2026-10-04 23:42:43
2026-10-04 15:47:00,CNC-01,L,298.5010014573245,312.79515287408617,1683.2707525539536,42.730375614902925,93.42014889717319,2.4360647733907697,13.527278079907976,56.21090312891184,0,2026-10-04 23:42:43
2026-10-04 00:05:31,CNC-02,M,298.8632484804089,309.8785354140775,2706.4108791770313,11.585358078828266,41.33595054794192,3.2398641149599103,5.779255025767832,50.96792807384088,1,2026-10-04 23:42:43
2026-10-04 16:37:00,CNC-02,M,299.4710558439319,313.75979146798795,1719.0536933888638,37.93402506957575,122.39726578228073,2.3910168696777605,12.30275802520523,53.61305692729613,0,2026-10-04 23:42:43
2026-10-04 10:12:00,CNC-03,H,295.749333562826,310.2648995149059,1476.7642050924921,51.24133631021831,109.82701950921196,2.2575330958664237,14.29512437279954,55.30917440273058,0,2026-10-04 23:42:43
2026-10-04 05:59:00,CNC-01,L,295.9196062595635,309.0276049115755,2022.6555999357863,29.274653533960787,58.54852161845707,2.661715852193666,11.252440169720439,58.052165941504825,0,2026-10-04 23:42:43
2026-10-04 14:29:00,CNC-01,L,303.292118055021,,1409.1326987746143,50.46451714496088,175.75427119859643,2.579207760304498,13.41157137424734,41.69643451121862,0,2026-10-04 23:42:43
2026-10-04 21:10:00,CNC-01,L,299.30471854437826,311.76081608248194,2519.918637321629,19.89127499872463,55.30404842689151,3.0302811512514816,9.478710727014963,52.230851110241304,0,2026-10-04 23:42:43
2026-10-04 20:15:00,CNC-01,L,299.49130008057995,314.27810353415083,2383.3048596723456,31.9747404166364,231.4568639736651,4.190592500859992,14.32597700629983,55.962233245205724,0,2026-10-04 23:42:43
2026-10-04 15:33:00,CNC-02,M,299.3215751532012,0.0,1620.340191824529,41.20589887662,28.56121716144562,2.257040764276366,12.592856822371925,50.26663941342199,0,2026-10-04 23:42:43
2026-10-04 03:56:00,CNC-03,H,296.80902353369027,310.2031214529677,2313.6286587367345,26.616624250808197,105.15823056067082,2.964215885471982,11.431439173792755,58.14980619802653,0,2026-10-04 23:42:43
2026-10-04 17:00:00,CNC-02,M,299.59732835445936,314.08799372147945,1802.6194362894234,37.433446066202855,154.9583424792671,2.7726670928940695,12.643482421390743,52.98464057779904,0,2026-10-04 23:42:43
2026-10-04 23:20:00,CNC-03,H,298.5480473865288,311.46475322453193,2666.004469401083,16.802003533568804,213.9235294354989,3.8963603077554927,8.328295233113,54.28671229840072,0,2026-10-04 23:42:43
2026-10-04 17:30:00,CNC-03,H,298.8841123670139,313.0774996846519,1845.0027760531862,41.3177228661788,35.936978324294614,2.453918785815434,14.25543768084997,53.21338153820354,0,2026-10-04 23:42:43
2026-10-04 20:57:00,CNC-01,L,299.20195364890947,311.83090887671295,2489.508037674589,20.98545079920967,40.457852832253735,3.035931431497582,9.842643558969222,52.544674225873905,0,2026-10-04 23:42:43
2026-10-04 17:17:00,CNC-03,H,298.85873318072277,312.11318188113313,1936.3293689549837,34.54852368802753,18.08830936639896,2.6088880563081176,12.725994529420174,,0,2026-10-04 23:42:43
2026-10-04 19:48:00,CNC-01,L,299.6049635539218,313.14222641219936,2492.781947413895,22.357219790153458,199.35321306855974,3.7605435626656094,10.440115374587815,52.90395923200543,0,2026-10-04 23:42:43
2026-10-04 10:05:00,CNC-01,L,295.8522255818837,310.7599054534513,1407.4649566269961,52.13881010733825,198.66755732686354,2.7626915164216514,13.743108615587174,57.53089824328299,0,2026-10-04 23:42:43
2026-10-04 14:46:00,CNC-01,L,298.1104267923825,311.48842748198007,1484.3334043494986,45.26845444796771,1.5537132580995614,2.110434635630172,12.58273560070265,54.58559328237501,0,2026-10-04 23:42:43
2026-10-04 23:12:00,CNC-02,M,299.6601213949918,311.63350416765167,2739.888197667695,13.72645169388128,127.30946466024629,3.4427490056116716,7.002473262224363,47.90475320417879,0,2026-10-04 23:42:43
2026-10-04 00:01:00,CNC-01,L,298.6207289971865,310.2763763834466,2668.0168304552176,15.812728912336105,66.68227569643923,3.2472065934687655,7.754426558457659,55.673137101668004,0,2026-10-04 23:42:43
2026-10-04 08:16:00,CNC-01,L,22.39276545518453,36.63635570416659,1473.4864337062443,49.00116529536916,32.35413226226169,2.0427512776436645,13.219499384657507,60.103392852861624,0,2026-10-04 23:42:43
2026-10-04 07:14:00,CNC-01,L,295.44594423186663,310.14386107958177,1731.070399238005,44.0397261288472,161.23026732142037,26.664650702069554,13.955277885713054,59.759810886000295,0,2026-10-04 23:42:43
2026-10-04 03:35:00,CNC-02,M,297.4838897340276,310.82005812634156,2453.4302097779346,25.422375011383576,28.844804458425724,3.0443984612645285,11.829519925935676,56.25953489743021,0,2026-10-04 23:42:43
2026-10-04 02:22:00,CNC-03,H,297.6444666671878,311.4570296379153,2569.714733903554,23.33279773262895,217.44999258428456,3.899643000847915,11.200989650882912,55.4486447029784,0,2026-10-04 23:42:43
2026-10-04 18:49:22,CNC-02,M,300.51161941596706,314.0690785420154,2146.0781639844463,27.476468197686557,64.92521795532059,2.9390520759885512,11.051265283539028,51.688508343872954,0,2026-10-04 23:42:43
2026-10-04 19:02:00,CNC-01,L,299.5225532413635,313.8602749322646,2157.6444918147317,31.969805664433316,142.4988220453663,3.0164196072433045,12.802461664201273,48.749700182792864,0,2026-10-04 23:42:43
2026-10-04 04:20:00,CNC-01,L,296.46983155264246,309.694702356187,2327.9199196517375,23.514117996753146,161.61936967019392,3.294407293620197,10.366390721148383,57.994548675942916,0,2026-10-04 23:42:43
2026-10-04 03:50:00,CNC-02,M,297.0453886286974,309.464542511284,2365.7439839101744,646.794533268564,46.589126347642775,2.9732498708344286,9.352480204876342,57.108165614406474,0,2026-10-04 23:42:43
2026-10-04 11:04:00,CNC-03,H,23.365175786841917,37.54237860288157,1252.3799607096657,51.65267898555672,191.93294315246158,2.2990171944652493,12.220957567314978,60.83652386122863,0,2026-10-04 23:42:43
2026-10-04 04:02:00,CNC-03,H,296.61150999924706,309.7595311007964,2392.8932889059806,24.166557097479988,112.48339088603036,2.95513676368139,10.66056330140904,57.32608377570924,0,2026-10-04 23:42:43
2026-10-04 13:41:00,CNC-03,H,297.22145492974494,312.61862154659065,1475.573902121399,57.744024663991,197.8206565765339,2.582300380610515,15.748625829455106,53.544823615177854,0,2026-10-04 23:42:43
2026-10-04 19:35:00,CNC-02,M,300.2718660327704,314.51380560458574,2333.3805428024375,28.299580911675214,123.10396211125125,3.150816168652026,12.445734116913314,56.066185025150034,0,2026-10-04 23:42:43
2026-10-04 21:19:36,CNC-01,L,299.04194644337286,311.47426977862267,2586.79540856419,18.210722115443467,66.62731195582333,3.135256695248609,8.928813857988521,54.57371388504814,0,2026-10-04 23:42:43
2026-10-04 07:11:00,CNC-03,H,0.0,309.7034733220114,2005.0087294914965,35.84664772831214,106.72948327577787,2.698571446081211,13.526271125592647,56.79228069454172,0,2026-10-04 23:42:43
2026-10-04 02:41:00,CNC-01,L,297.3885537633988,310.3129497514604,2510.7105792740895,21.751982947225606,46.29390074762756,3.030037846331336,10.096779149667636,52.82466274747123,0,2026-10-04 23:42:43
2026-10-04 08:02:00,CNC-01,L,22.597090902594744,36.56322080241205,1704.5629967181103,44.00233582762149,11.652300936511185,2.4150338896999335,13.941620479669112,61.22284422441983,0,2026-10-04 23:42:43
2026-10-04 18:45:00,CNC-03,H,298.96498780280467,313.88406179888165,2186.559707855667,35.94550735549129,135.03516526382208,3.002848622715639,14.84829463756104,58.922158045524505,0,2026-10-04 23:42:43
2026-10-04 12:21:58,CNC-03,H,296.87602041548996,311.18916063730643,1421.5807664959057,51.33114112447586,71.24418678884027,2.0350177901587223,13.999384133226672,55.416203296321406,0,2026-10-04 23:42:43
2026-10-04 15:28:00,CNC-01,L,298.47953053313086,312.9970769812758,1690.8568434315212,45.13043064388395,65.12046840018786,2.344564958766844,14.337478077991955,51.12465107891348,0,2026-10-04 23:42:43
2026-10-04 14:06:00,CNC-01,L,303.3206917026488,311.47570803737403,1369.736575336436,48.8311285147049,140.02621030064876,2.2859914832891293,12.698561733814538,49.837921817144995,1,2026-10-04 23:42:43
2026-10-04 01:00:00,CNC-03,H,298.0121143124382,310.81656049330013,2646.1712476419534,18.005970903520293,128.50699158369605,3.228789943591289,8.90889115085038,53.080384262486305,0,2026-10-04 23:42:43
2026-10-04 16:10:00,CNC-03,H,298.81465516308816,313.40865960235413,1675.1064737388228,43.3657458974412,148.5430070514915,2.507251988494424,13.61957040366535,56.33882149235454,0,2026-10-04 23:42:43
2026-10-04 01:56:00,CNC-01,L,297.80831637327225,310.9085033301776,2602.8007795032945,20.3714996906881,189.94951020343927,3.8316336705983165,9.841052250246548,51.56732376919988,0,2026-10-04 23:42:43
2026-10-04 03:59:00,CNC-01,L,296.58615096922847,310.68765243254205,2376.252650268367,26.88898199852644,136.4226502823902,30.726381786182095,11.908236686884203,54.56920738735563,0,2026-10-04 23:42:43
2026-10-04 19:11:00,CNC-02,M,300.3865283369715,314.4820110425923,2274.001910950919,29.75282142677747,93.6012639411543,2.8129100980259514,12.601741814827436,49.18644699579758,0,2026-10-04 23:42:43
2026-10-04 01:33:00,CNC-02,M,298.41152581150163,311.1149407600976,2778.0385238682256,17.213500804777112,135.17636429574856,3.53755393371815,8.983908380568348,60.24027552112467,0,2026-10-04 23:42:43
2026-10-04 10:42:00,CNC-02,M,23.90997511310178,38.7724393240448,1420.8873336979027,50.288505154734324,203.85811968684564,2.7400193469964513,13.306203739677384,54.70201217658434,0,2026-10-04 23:42:43
2026-10-04 00:41:00,CNC-03,H,298.50170223506626,310.20443530489615,2761.133721059555,13.312914319462024,108.21603169527076,3.429527031455789,6.817871957096141,52.870356586888484,0,2026-10-04 23:42:43
2026-10-04 01:18:00,CNC-02,M,298.5686639755046,311.2407082920427,2701.6403259720514,18.450931673674603,119.1290956537719,3.4141978836444205,9.398216189837072,53.012444215313636,0,2026-10-04 23:42:43
2026-10-04 18:03:00,CNC-02,M,300.04575368606623,313.3407953462264,2066.2395484091794,29.74329989300029,6.720854546258427,2.605800981289794,11.472202930903434,46.23065897356115,0,2026-10-04 23:42:43
2026-10-04 11:56:05,CNC-03,H,296.6163428766953,310.4571173198898,1317.658380588437,51.54314348793089,30.08201477409909,2.048958504442246,12.750695379440558,59.79883319070508,0,2026-10-04 23:42:43
2026-10-04 23:09:00,CNC-02,M,299.8190939455911,312.9408754524854,2751.882392878334,17.577942549019888,124.16096160028557,3.457703441430703,9.20230023977214,51.2202593123002,0,2026-10-04 23:42:43
2026-10-04 18:01:00,CNC-03,H,298.8439462971001,312.43081856514084,2048.558147251041,31.616666141173027,77.52976067932109,2.632201682763378,12.133011525425557,52.51009121627823,0,2026-10-04 23:42:43
2026-10-04 11:21:00,CNC-03,H,23.187686113988264,38.494312133010396,1381.9776426077897,55.583288583605004,218.86573017298758,2.8002628962146607,14.490704547164627,59.506835224499795,0,2026-10-04 23:42:43
2026-10-04 18:06:00,CNC-02,M,299.88921752196154,314.2053061739317,1810.2286853186963,39.928491465011135,10.786845918317635,2.466236958409783,13.517136376912903,54.049802197216074,0,2026-10-04 23:42:43
2026-10-04 17:22:00,CNC-02,M,300.0247811644899,315.14078889461524,1978.3010482320376,39.24903275568853,185.42520453471255,30.650683488843153,14.33139896639477,54.90107307127759,0,2026-10-04 23:42:43
2026-10-04 10:22:00,CNC-02,M,297.2096829600044,311.8671650502971,1354.005886915546,53.11114923557205,172.21625437456842,2.435530409960104,13.451038155314091,55.95278152700402,0,2026-10-04 23:42:43
2026-10-04 11:47:00,CNC-03,H,296.8013840964375,310.70267663495486,1434.582408560709,49.16585643500915,17.377296794879975,2.0844831578463165,13.081988119102514,59.64897525841221,0,2026-10-04 23:42:43
2026-10-04 09:48:00,CNC-03,H,295.70300152632626,309.6690832318232,1520.078141262938,46.80810765066189,72.32267339103316,2.1744572073004877,13.241184699548471,55.98779147106442,0,2026-10-04 23:42:43
2026-10-04 10:50:00,CNC-01,L,22.712634956778572,36.350225126117095,1375.2926687304005,48.46588117883327,69.37321380929852,2.0317399953756956,12.449405174327856,59.713840343455736,0,2026-10-04 23:42:43
2026-10-04 18:00:00,CNC-01,L,299.52139986080016,313.57020538537677,2034.4544360980033,35.18041371440205,62.25012962142631,2.5823169759695244,13.417336227789944,54.533775494455206,0,2026-10-04 23:42:43
2026-10-04 12:02:00,CNC-01,L,296.3394243830983,311.1400454508532,1344.1538596031237,57.830423597777596,183.63172224704925,2.6288481180440226,14.406584065848577,53.00714080450387,0,2026-10-04 23:42:43
2026-10-04 15:28:00,CNC-02,M,299.13393633983685,313.506959194029,1670.965833893571,43.54833291094704,21.06223740722006,2.342677044615758,13.669672568760314,53.793599023072304,0,2026-10-04 23:42:43
2026-10-04 20:05:00,CNC-02,M,300.1975702257103,313.9814308720662,2492.276143271666,25.417961148327826,159.2328180566173,3.44001678511206,11.877937092345656,47.32733515067488,0,2026-10-04 23:42:43
2026-10-04 12:56:00,CNC-03,H,297.0369142885542,311.1468398244704,56870.16159188171,48.66828519627157,126.65571817382482,2.2397425939101394,13.346387432429765,55.153733666888144,0,2026-10-04 23:42:43
2026-10-04 16:20:00,CNC-02,M,299.3862563225651,314.3219772309321,1740.586858405057,44.616093514800156,97.96882609690094,2.4451612955217965,14.518217284404956,51.7631170264987,0,2026-10-04 23:42:43
2026-10-04 01:33:00,CNC-01,L,298.3721403480382,311.60061699595656,2473.148466496002,22.74197960060876,164.65993159539101,3.4489069849164156,10.319546558170071,52.201407353331184,0,2026-10-04 23:42:43
2026-10-04 11:12:00,CNC-02,M,24.072901558277238,37.99087483937234,0.0,48.243649233859585,42.589070504083004,2.1627437501585205,13.288785971715301,57.56542716778323,0,2026-10-04 23:42:43
2026-10-04 00:55:46,CNC-03,H,298.3890113777299,311.41159736848647,2696.277587818279,18.744811860598865,123.21462525028399,33.49410522284487,9.436445193384516,55.3064036904407,0,2026-10-04 23:42:43
2026-10-04 09:20:00,CNC-01,L,295.9158376046038,309.69080851263504,1507.5155334079643,43.8627933737728,128.8780447038232,2.3457885599152135,12.183731196897448,58.02393461550678,0,2026-10-04 23:42:43
2026-10-04 21:03:00,CNC-02,M,300.5461210063273,315.00943043212857,2545.5269738647517,23.585732750253083,226.6894404703821,4.047757605976484,11.399687651409605,46.567190332935,0,2026-10-04 23:42:43
2026-10-04 07:31:32,CNC-02,M,23.65795101059672,38.14113278044647,1686.954216259472,43.71682051336004,119.60402901016222,2.556461867209603,14.044957528906803,56.51611156666143,0,2026-10-04 23:42:43
2026-10-04 20:09:00,CNC-02,M,300.4829133771924,314.43479494694645,2431.571432280201,24.527650182824125,163.9513530408914,3.3409478632887186,11.035093476080668,50.69783176839585,0,2026-10-04 23:42:43
2026-10-04 16:14:00,CNC-01,L,298.7796753448042,313.0796684281855,1514.159615832943,47.44602579980207,133.18074807262343,23.35597545290709,13.465786261266546,53.115755267314015,0,2026-10-04 23:42:43
2026-10-04 20:47:00,CNC-02,M,300.28289840928176,314.0898324223579,2523.1008464332294,23.08720298576414,208.30013224050256,3.782065771022254,10.94395108676028,,0,2026-10-04 23:42:43
2026-10-04 02:53:00,CNC-03,H,297.3927948254897,309.0149231150232,2497.3779574209752,16.2051260624942,31.476568379724,2.921884642826151,7.612752245588241,56.98293256769181,0,2026-10-04 23:42:43
2026-10-04 12:58:00,CNC-03,H,297.28455399420153,311.68875904898385,1465.6227071598655,51.2047352901396,129.8135440912275,2.2113883939336043,14.374098910593078,60.89009227666785,0,2026-10-04 23:42:43
2026-10-04 12:10:00,CNC-02,M,297.5632872460905,311.85899373625904,1320.2867127650456,50.57129962472737,134.58137481480867,2.159629891871787,12.46484559955145,58.251288087922724,0,2026-10-04 23:42:43
2026-10-04 10:32:00,CNC-01,L,22.78834653941692,36.354096180836336,1390.4164332555779,46.655507197038006,40.90220245266584,2.129205317146504,11.949648228033272,60.876402425310076,0,2026-10-04 23:42:43
2026-10-04 10:51:00,CNC-03,H,23.04587433562733,37.65171279148291,1334.1132662648986,55.01965997292845,171.40252154196264,2.2359277023581674,13.60483000154847,57.699403469288995,0,2026-10-04 23:42:43
2026-10-04 02:02:00,CNC-03,H,297.6826834719388,310.64059267039136,2632.0265247860743,18.240618327183853,195.4477447916836,3.661657326162294,8.891600966369513,53.25960042128991,0,2026-10-04 23:42:43
2026-10-04 10:52:00,CNC-03,H,22.786895456719208,37.84723465798419,1458.597393774497,55.22461009901301,172.97152015475936,2.576017295641332,15.056089756223892,56.953619364716104,0,2026-10-04 23:42:43
2026-10-04 22:45:00,CNC-01,L,299.18399169712353,313.75394745026585,2490.229837098833,28.95392443648684,159.62079028516933,3.4590165691498864,13.52591871218494,56.163135341915236,0,2026-10-04 23:42:43
2026-10-04 12:36:00,CNC-03,H,296.6643789715819,310.79929452449176,1427.4939702292877,49.02882613919081,94.91769630589275,2.2194227726957374,13.120751759431739,60.74450228032904,0,2026-10-04 23:42:43
2026-10-04 03:35:00,CNC-01,L,296.70643429758815,310.2241315174662,2369.1163346605736,26.032138811468368,108.2752588107989,3.1792330848654515,11.378457218786943,57.95176773446947,0,2026-10-04 23:42:43
2026-10-04 12:00:00,CNC-02,M,297.47702042516823,311.65356693392397,1295.698973023666,53.18126959983829,118.61824770566784,2.0242241524220317,12.75024912423021,54.089036952574475,0,2026-10-04 23:42:43
2026-10-04 06:24:00,CNC-01,L,295.95830340373976,309.81309178091124,2021.9519081505957,32.561216080082794,92.08759534831168,2.7270399755625214,12.258839636376523,58.92700804496663,0,2026-10-04 23:42:43
2026-10-04 14:18:00,CNC-02,M,304.0911373236623,,1478.8710000622675,49.55650738269044,128.82699802731503,2.247170480456702,13.494706800244288,47.84000528775201,0,2026-10-04 23:42:43
2026-10-03 23:49:58,CNC-03,H,298.80839454219944,310.6550145910458,2799.519461068809,15.396182203588488,53.90147732429985,3.253564398459509,8.163680912658657,54.2344580900698,0,2026-10-04 23:42:43
2026-10-04 22:26:00,CNC-01,L,299.0081197762183,311.46381874609284,2743.422126113647,17.6646329201895,139.06727973611547,3.565605867954171,9.053740875247676,49.7446862214386,0,2026-10-04 23:42:43
2026-10-04 15:32:00,CNC-02,M,299.242513090798,313.4312681147419,1652.4035858452364,43.85670937461941,27.072458764945843,2.3359613912619532,13.894413158537471,54.906674089307316,0,2026-10-04 23:42:43
2026-10-04 23:25:00,CNC-03,H,298.7030430764036,312.15011644610166,2638.860484577198,20.44352197469395,219.28951917102697,38.11355731831286,9.95630583533786,53.87178672795331,0,2026-10-04 23:42:43
2026-10-04 05:46:00,CNC-03,H,295.9119984466233,310.9215546244477,2180.414821855346,34.98604965076197,242.96412494280932,3.699854138761353,14.164147877116898,57.7073370875068,0,2026-10-04 23:42:43
2026-10-04 17:32:00,CNC-02,M,299.71342690678557,315.03940087405965,1983.9471238722276,38.598667532116096,199.2014579049191,3.1474422829537416,14.32228523786651,50.80433318182403,0,2026-10-04 23:42:43
2026-10-04 16:42:00,CNC-02,M,299.6188072527783,314.9830526470945,1766.485409185392,45.71775042807383,129.53291119593268,2.5991577354580357,15.1009964041677,51.4226412079123,0,2026-10-04 23:42:43
2026-10-04 20:20:00,CNC-03,H,299.03610893064103,311.353738951626,2407.062510748179,20.024542501775365,15.178895401118437,2.932351747121844,9.19021566414204,53.08661358082808,0,2026-10-04 23:42:43
2026-10-04 09:41:00,CNC-02,M,296.5105926153828,310.86310370737505,1465.834286901069,49.04395223903915,108.29712426315866,2.178748220487943,13.449800862675778,58.227574305617324,0,2026-10-04 23:42:43
2026-10-04 06:19:00,CNC-03,H,295.7944151386073,309.7279365409329,2034.3003414623993,33.66905032123963,34.91309383943909,2.611639333565798,12.68427245196655,56.92437355015004,0,2026-10-04 23:42:43
2026-10-04 16:24:00,CNC-01,L,299.153816424924,314.37559362690695,1791.0847334976424,45.14448679080656,147.59212910473735,2.719307799528046,15.242172779499624,53.52732217278019,0,2026-10-04 23:42:43
2026-10-04 06:38:00,CNC-01,L,295.97740107178953,309.5575140521195,1876.9563161557267,34.87100249498936,111.23265162409182,2.7156260509983525,12.06845104695689,59.459083784732606,0,2026-10-04 23:42:43
2026-10-04 04:33:00,CNC-01,L,296.68933016744,310.7086814136121,2242.6685559734456,29.646382911182123,177.50101780558356,3.368338693498102,12.43932978766731,58.01304021903792,0,2026-10-04 23:42:43
2026-10-04 20:40:00,CNC-03,H,299.0049137480474,312.08279789528507,2490.7993556594774,23.472766428242974,38.1793626638772,3.1688561061869542,10.777590522195032,50.316749776743,0,2026-10-04 23:42:43
2026-10-04 12:41:00,CNC-03,H,297.097015354626,311.1283606953625,1315.3260921390915,52.0226574607424,102.86897234878731,2.0137524233952435,12.72857344256826,56.143297738031485,0,2026-10-04 23:42:43
2026-10-04 11:33:00,CNC-03,H,296.8184268387218,312.4447088775415,1446.1545932472075,55.7420937900947,237.96542020139844,3.0189162313484617,15.35146818569516,54.306848183108656,1,2026-10-04 23:42:43
2026-10-04 02:25:00,CNC-01,L,297.289429545561,309.1284640759705,2635.8730027624333,16.856782534441777,28.533019525680995,3.240595160536561,8.124347184658587,55.619122016189486,0,2026-10-04 23:42:43
2026-10-04 03:01:00,CNC-02,M,,311.3868119775394,2560.635370782681,21.816391353005617,232.41219933511863,4.041736735659569,10.562743050513104,56.43144616384321,0,2026-10-04 23:42:43
2026-10-04 19:31:00,CNC-02,M,300.51175493824945,314.4159229988886,2194.1228348470495,27.95637563606995,118.23913928584307,2.9418874436414573,11.58123452658996,51.945736608493924,0,2026-10-04 23:42:43
2026-10-04 11:14:00,CNC-03,H,23.009544588893732,38.00587991341985,1502.700759892064,50.72152775475681,207.76981623238228,2.6231178395383603,14.158441158196036,52.85538498724995,0,2026-10-04 23:42:43
2026-10-04 00:04:00,CNC-01,L,298.7075571920917,310.0648261759767,2759.8009070531903,13.260996711953883,69.81598599649703,3.3635493319797414,6.764656775210427,51.69619176727892,0,2026-10-04 23:42:43
2026-10-04 22:37:36,CNC-01,L,299.0606173608868,312.20264632420697,2791.877143338384,18.175428834540675,153.10269544010345,3.7587693188322104,9.591952738147802,,0,2026-10-04 23:42:43
2026-10-04 16:07:00,CNC-02,M,299.4666759953748,313.735960507346,1649.7652220051266,44.10779664862016,79.10118398246907,2.4399378681946557,13.721526089163842,56.55771734431639,0,2026-10-04 23:42:43
2026-10-04 03:14:00,CNC-03,H,297.68460677374486,310.4176815118742,2363.1149757787784,23.529599281225607,55.65937908933667,2.926713263899573,10.367193593503723,57.59910766758718,0,2026-10-04 23:42:43
2026-10-04 12:05:00,CNC-01,L,296.51728669641443,311.098273328941,1363.2812629097684,51.83285333576638,188.4199711488315,2.7674024781074964,13.399394672681904,61.33343099526001,0,2026-10-04 23:42:43
2026-10-04 06:27:00,CNC-01,L,295.96158194335953,309.5036125530482,1940.1952071907265,33.20592629406285,96.17586589996063,2.6036491398645754,12.158834918339728,55.268466919416475,0,2026-10-04 23:42:43
2026-10-04 06:47:00,CNC-01,L,295.8988461414863,310.23407250952766,1878.2497613995795,37.91482821446167,123.49561409858674,2.6419760898595936,13.164641409928173,65.34875007755886,0,2026-10-04 23:42:43
2026-10-04 04:24:00,CNC-01,L,296.48164837755314,310.67347453227643,2443.5422453490387,26.887873754570872,166.48925526827128,3.4763007167256395,12.266625930939796,59.74869543895075,0,2026-10-04 23:42:43
2026-10-04 03:21:00,CNC-01,L,297.17677111521226,310.0920322934282,2334.6427265353614,23.433042220350014,91.77979384871428,2.9222830046688557,10.088081025522417,51.00342835118589,0,2026-10-04 23:42:43
2026-10-04 02:36:00,CNC-03,H,297.60829107629456,309.29106255149964,2722.1398661171693,15.437457106452179,12.221886186299367,3.327988510558644,7.999612235984029,51.73113547397084,0,2026-10-04 23:42:43
2026-10-04 06:15:00,CNC-03,H,295.4844283230833,308.3514496204147,1939.8560112817775,30.353549869197046,29.543199148433942,2.548692579603536,11.278233002631303,60.14684202850025,0,2026-10-04 23:42:43
2026-10-04 00:50:00,CNC-01,L,298.6428301059668,311.6741298182896,2841.578911616685,18.179750883522885,118.71626379465324,3.4986573458098973,9.674693868590188,54.57093926169248,0,2026-10-04 23:42:43
2026-10-04 16:21:00,CNC-03,H,298.7544001602497,313.17712190328484,1722.854237355578,41.575324610027735,164.48480012453558,2.652616885633897,13.156755172600654,54.26214337470132,0,2026-10-04 23:42:43
2026-10-04 07:22:00,CNC-03,H,295.9286411867694,310.4085424139314,1817.4030960291068,40.069200781602056,122.500916854105,2.4434195575955564,13.466807922709915,55.14895225512431,0,2026-10-04 23:42:43
2026-10-04 20:05:56,CNC-01,L,299.48750010020257,313.5615399876706,2477.700825466485,25.824387392718577,220.77238929468686,4.069103299453107,12.032311563762773,50.9851512260479,0,2026-10-04 23:42:43
2026-10-04 04:02:00,CNC-02,M,296.9949664713071,310.5169589536569,2331.4973449812023,26.901566748742326,60.91495151189457,2.9181559478406545,11.859281444296222,52.80106568474683,0,2026-10-04 23:42:43
2026-10-04 02:20:00,CNC-03,H,297.6986823379922,310.8963628210059,2735.621235534361,18.215226172624153,215.19675264591842,3.97567071531555,110.42034194351609,59.15075226539494,0,2026-10-04 23:42:43
2026-10-04 06:37:00,CNC-03,H,295.69953959100644,309.87214191335033,1880.634799750024,39.83004105044556,59.25023268586444,24.596342124951665,13.956953243709743,61.94173400100977,0,2026-10-04 23:42:43
2026-10-04 21:34:48,CNC-03,H,298.73294172024686,310.72092486779337,2614.6910946124963,17.300612542447837,100.18733263545145,3.2879724125989167,8.561463544129847,49.72617635274079,0,2026-10-04 23:42:43
2026-10-04 11:13:00,CNC-01,L,22.899752662669528,37.266299595956355,1375.1988908472454,52.399214704230936,105.7654050436913,2.129786887598609,13.598721848210342,59.338127205493706,0,2026-10-04 23:42:43
2026-10-04 14:41:00,CNC-01,L,297.73706712075483,312.45034469131787,1478.7432426975872,48.835524461385646,194.32666884973565,2.9576867587120987,13.647401437765343,53.11272042525996,0,2026-10-04 23:42:43
2026-10-04 00:08:55,CNC-01,L,298.8880144708071,310.68452372231644,2537.356442918569,17.223388126180275,75.14036885320661,3.1221995122637036,8.367292377901272,56.59950599640922,0,2026-10-04 23:42:43
2026-10-04 18:33:00,CNC-03,H,299.1971607944879,313.14745300433316,2015.8394194077162,33.783700186833215,119.54211720363432,2.740308427912968,12.791847066812839,51.310299785500014,0,2026-10-04 23:42:43
2026-10-04 19:57:00,CNC-02,M,300.4653740827657,314.10167673309314,2469.716950177237,23.10451970278798,149.72423595327962,3.158920996119164,10.991794887615054,49.3147213993186,0,2026-10-04 23:42:43
2026-10-04 02:26:07,CNC-03,H,297.85651550699095,309.1095647013931,2586.803633028341,15.458739533307135,1.0898782883532816,3.11319621854928,7.550424510122154,53.213846241008085,0,2026-10-04 23:42:43
2026-10-04 16:36:00,CNC-01,L,299.0585531597527,313.31344178958545,,35.391438067365584,164.62129755624542,3.024064248819713,12.34490183130875,54.91040432333519,0,2026-10-04 23:42:43
2026-10-04 17:16:00,CNC-01,L,299.16860821557964,312.5432428144587,1835.4286858399994,35.81354457326091,2.728800170558559,2.4342920141252318,12.341134893131601,54.878509626901845,0,2026-10-04 23:42:43
2026-10-04 20:17:00,CNC-02,M,300.40979513539645,314.40022834515975,2422.2465736129316,25.399885714898247,173.32646383727422,3.3826388954223567,11.246225286187997,48.244328854920845,0,2026-10-04 23:42:43
2026-10-04 16:07:00,CNC-01,L,298.5337090412432,312.35031469375207,1683.005380614398,40.07738439483551,122.88173344767212,2.5391708537638573,12.931934159448314,53.38076040296174,0,2026-10-04 23:42:43
2026-10-04 16:23:00,CNC-03,H,298.747302230289,313.461160896617,1627.9848267486932,46.294994072175115,167.40942668587817,2.5380742707212116,13.982686772650444,53.92091234628878,0,2026-10-04 23:42:43
2026-10-04 12:42:00,CNC-01,L,297.1103334612137,310.7472954162588,1504.1216710580184,46.76948303271354,7.882008732262828,2.135853368355687,13.169165756221393,59.321800693092314,0,2026-10-04 23:42:43
2026-10-04 15:46:00,CNC-03,H,298.4259723877277,312.9983787391292,1588.3500779620008,46.10871743871505,113.3167822016538,2.256232429517905,13.650787458947459,52.715121154062345,0,2026-10-04 23:42:43
2026-10-04 04:53:00,CNC-01,L,296.1835760597257,310.1028599265536,2240.3163591373095,29.05494119769789,202.5284032450149,3.618852973396571,12.03276589573555,55.64268337785443,0,2026-10-04 23:42:43
2026-10-04 14:00:00,CNC-02,M,304.0673967469211,312.6973032913468,1423.9857378060635,51.55857072712534,100.73044299767298,2.1227396038206745,13.577628498322795,40.88359422252796,0,2026-10-04 23:42:43
2026-10-04 01:35:00,CNC-03,H,298.1360145552182,310.71595829499597,2639.6460114770075,16.928068888464487,165.97920604832908,3.477781741845501,8.469930844781189,,0,2026-10-04 23:42:43
2026-10-04 07:35:00,CNC-03,H,22.37894813073092,36.59450346745979,1799.9070792733994,38.55791133275768,141.07223245335305,2.595998407434608,12.999038437537102,61.52887993615918,0,2026-10-04 23:42:43
2026-10-04 12:02:00,CNC-03,H,297.1647312350326,311.5326959083059,1537.6404073278493,48.79970497685375,41.13094048213334,2.164604753317566,14.070455865536248,53.24129791524696,0,2026-10-04 23:42:43
2026-10-04 17:35:00,CNC-01,L,299.2102048658002,313.0789759781555,2081.1588872734046,34.38174448552056,28.566465468671637,2.7674540997817276,13.466517158398245,57.54625617002584,0,2026-10-04 23:42:43
2026-10-04 22:41:00,CNC-02,M,300.1918246989608,313.10534715838554,2596.4604657206764,19.747207708586163,94.39645168728075,3.160080786261077,9.632063630413304,48.37967796658325,0,2026-10-04 23:42:43
2026-10-04 01:44:00,CNC-02,M,298.02216776029724,310.94032731967314,2817.6284559328474,17.71796996214183,147.13746069564243,3.726729079518025,9.306677004102271,55.83057201056443,0,2026-10-04 23:42:43
2026-10-04 19:01:00,CNC-02,M,300.48678847066594,314.5092009289733,2330.410096806509,28.90209319852026,81.12003895731627,2.9174182728295177,12.748887920209746,54.28491357233003,0,2026-10-04 23:42:43
2026-10-04 13:45:00,CNC-02,M,297.94380051367943,312.52325181543404,1468.934557692941,51.514322621074044,77.21790796786988,2.203580128583751,14.009631923145994,54.56462145088487,0,2026-10-04 23:42:43
2026-10-04 08:03:00,CNC-03,H,22.57186306138061,36.97568195770805,1704.8468062168647,41.67436607800501,181.63726431919176,2.7598470931194634,13.252789213910022,56.24777034050323,0,2026-10-04 23:42:43
2026-10-04 04:42:00,CNC-01,L,296.27621676796406,310.59531871942664,2304.7240443344735,27.946091377994037,188.88019679442004,3.648084921071763,12.160522621864848,0.0,0,2026-10-04 23:42:43
2026-10-04 02:16:00,CNC-03,H,297.81113465387693,310.99831445384655,2632.9020849454164,20.11270366177161,210.7572354520237,3.7623498999669764,10.326336723171345,56.28496553197577,0,2026-10-04 23:42:43
2026-10-04 12:26:00,CNC-03,H,296.66984785051574,310.83841946932614,1503.1955638645245,46.17033760872159,79.12816402285641,2.138296396591957,13.210135449575105,56.10937538911392,0,2026-10-04 23:42:43
2026-10-04 00:34:00,CNC-01,L,298.8300496898084,311.37820659930986,2720.655803252257,18.848770170786743,101.58528225941143,3.3863565729966423,9.2126445406515,51.660171248649455,0,2026-10-04 23:42:43
2026-10-04 21:21:00,CNC-02,M,300.4522527537315,313.07600437628344,2434.1110871620467,20.75885105773675,6.8375873587154015,,9.526876749517934,51.1342449881319,0,2026-10-04 23:42:43
2026-10-04 09:29:00,CNC-01,L,295.559827836517,309.9444764036896,1439.3567409694397,50.60697736574673,142.70350534681265,2.361125251963158,13.816521511964744,64.5658436564193,0,2026-10-04 23:42:43
2026-10-03 23:49:00,CNC-02,M,298.70186135814373,310.27030592188476,2660.626330883501,14.701864045067953,24.34732967871595,3.1717983658179345,7.3756021153869495,57.22884972645431,0,2026-10-04 23:42:43
2026-10-04 04:05:00,CNC-03,H,296.55555003191694,310.28023664045435,2258.6128375322046,28.81223032503139,116.14415216898995,2.994572300694505,12.541313289840216,58.119647086678455,0,2026-10-04 23:42:43
2026-10-04 10:18:58,CNC-02,M,296.9661238934898,312.1675955659254,1479.0857847726577,53.07521963898732,165.90308247419117,2.502291677158363,15.013513561789814,56.027652329508726,0,2026-10-04 23:42:43
2026-10-04 21:31:00,CNC-03,H,298.76503233515695,312.2061052291127,2535.9268243133447,24.431312314505014,95.74381598712417,3.174878054421344,11.559430924370597,56.53691088612808,0,2026-10-04 23:42:43
2026-10-04 09:35:00,CNC-01,L,295.72715310620316,311.04222396341515,1439.4007665245297,55.636604753796014,151.98587977202905,2.352909888555789,14.977323308024634,57.639900887392294,0,2026-10-04 23:42:43
2026-10-04 09:32:00,CNC-01,L,295.7332401833671,311.03568462066903,1478.409412385115,56.79850709539365,147.30170965043382,2.3802666829501,15.647719302917123,64.00780338737971,0,2026-10-04 23:42:43
2026-10-04 12:08:00,CNC-01,L,296.63906538097774,311.72904429478876,1391.014723146327,52.7592665279126,193.17388559085018,2.731967609961207,13.71325999511234,54.733736137575086,0,2026-10-04 23:42:43
2026-10-04 17:10:00,CNC-02,M,299.95818402179646,315.7180031690176,1914.129001359872,42.92253985001174,168.92275142232768,2.913008643424916,15.40851540568492,53.21242649267253,0,2026-10-04 23:42:43
2026-10-04 16:35:00,CNC-02,M,299.31875874109585,313.8614143167614,1860.9560422024429,38.26615741408439,119.58879715697827,2.607215517904664,13.440676369057007,54.69329661103001,0,2026-10-04 23:42:43
2026-10-04 09:06:00,CNC-03,H,295.5899180312563,308.9589647114665,1498.7036407297303,43.87191758641082,7.628588757690891,2.0793196870498387,12.104994995806404,60.7809619381225,0,2026-10-04 23:42:43
2026-10-04 00:10:00,CNC-01,L,298.842580196542,310.7326122946475,2739.963115075925,15.31132659223254,76.17036885320661,3.2150821846733795,7.715613339835406,54.41216518561725,0,2026-10-04 23:42:43
2026-10-04 20:49:00,CNC-02,M,300.40448677189363,314.64151773562526,2391.522803473277,25.636410928848033,210.60624505568316,3.657618216328454,11.38654598444147,51.20919036979343,0,2026-10-04 23:42:43
2026-10-04 07:06:00,CNC-02,M,296.855701089853,311.0326261047763,1835.3249420051504,38.893776605635246,82.61527194466947,2.453646450185593,13.177693986195282,56.38713389198496,0,2026-10-04 23:42:43
2026-10-04 10:48:00,CNC-03,H,22.691946157818734,37.503318208956614,1367.5961514583157,54.05771261209277,166.63252429779442,22.527519193660076,14.066939281776722,59.78691852364703,0,2026-10-04 23:42:43
2026-10-04 15:10:00,CNC-02,M,298.9020647594357,314.1287642809283,1612.7458254776886,47.987447458322954,208.43307179170685,2.9385055793208044,14.639407046619617,57.14586866641432,0,2026-10-04 23:42:43
2026-10-04 04:36:00,CNC-02,M,296.8184614145855,310.54739840269366,2228.886467823034,29.12808936848343,102.1339456555194,2.946676799134703,12.0206691672818,58.74334996405331,0,2026-10-04 23:42:43
2026-10-04 16:44:00,CNC-01,L,299.0788412786419,313.39665331723444,1602.356937959248,43.06020517119095,176.11494372464398,2.791656924871233,12.565116529477953,49.96155026793622,0,2026-10-04 23:42:43
2026-10-04 16:13:58,CNC-03,H,298.58921857017475,312.87540291233836,1777.3554410669299,39.06260887876283,152.81570721984636,2.5711607457370795,12.943740191843295,51.96705755974643,0,2026-10-04 23:42:43
2026-10-04 15:52:00,CNC-01,L,298.63266356339784,312.7366461052667,1556.0035648443068,44.682310595550064,100.8478450060428,2.28065498308651,12.829425427158494,56.03898981569692,0,2026-10-04 23:42:43
2026-10-04 17:25:00,CNC-01,L,299.5551886071985,312.8701786285637,2027.6632887733388,32.2242893596282,14.950691529250017,2.5015978068652003,12.027979567058868,52.609596726333834,0,2026-10-04 23:42:43
2026-10-04 10:19:00,CNC-01,L,296.2414002042902,310.02739160455,1379.8550967433046,49.80497161380718,20.294176465330235,2.066418162188979,12.663413769185718,62.914991936389775,0,2026-10-04 23:42:43
2026-10-04 02:45:00,CNC-02,M,298.06221375411843,311.69891542137196,2528.417607247569,22.321464185503892,214.5030238090462,3.7919015447124105,10.475807901260012,53.98284560871792,0,2026-10-04 23:42:43
2026-10-04 05:53:00,CNC-02,M,296.6727213605455,311.9684843585876,2035.6761131756812,38.262058904066016,200.81651958650005,3.229173278587243,14.873244374542478,55.51082652234017,0,2026-10-04 23:42:43
2026-10-04 20:19:00,CNC-02,M,300.6421555991994,314.2448411815284,2323.5024154302946,23.790555089567984,175.72555970017763,3.275476846273556,10.261780769879202,51.16108519114124,0,2026-10-04 23:42:43
2026-10-04 03:37:00,CNC-02,M,297.3078935376704,309.73109240952135,2358.509981122729,22.157938013072584,31.184260592440122,2.903247321001539,9.589635059388343,52.454995266876296,0,2026-10-04 23:42:43
2026-10-04 01:10:00,CNC-03,H,298.2015278684496,311.0326398070543,2737.9236129179753,17.94615576100419,139.15016364523274,3.4698937542467347,9.196015454554956,55.077785541511,0,2026-10-04 23:42:43
2026-10-04 20:21:00,CNC-03,H,298.96464992163703,311.66449739667286,2461.972828932096,22.10622368779892,16.357227686621247,3.0911937683656214,10.204007967925024,53.118185549847134,0,2026-10-04 23:42:43
2026-10-04 16:24:00,CNC-02,M,299.2747389417077,313.6339271122093,1682.070382622879,41.517645863686965,103.76728850713174,2.34294575201705,13.09701960910508,54.874689495367655,0,2026-10-04 23:42:43
2026-10-04 16:38:00,CNC-01,L,299.24687175146477,314.0104968262044,1826.6349542223597,40.5343496549861,167.45898418509302,2.9294355486276364,14.000758955142864,51.12347453471273,0,2026-10-04 23:42:43
2026-10-04 07:52:00,CNC-01,L,22.42342696580357,37.27710880131701,1732.5701442679367,42.93093774955973,215.566371574788,3.3558739742001182,13.993749117387681,59.09948121378095,0,2026-10-04 23:42:43
2026-10-04 04:31:08,CNC-01,L,296.35371768196734,310.4976727587323,2393.638484538412,26.815229612805055,174.97928456449705,3.5085960882443037,11.929711693443931,60.94034635861529,0,2026-10-04 23:42:43
2026-10-04 07:02:00,CNC-01,L,295.93295680135634,310.5079033641037,1930.9234580990278,39.62676377042093,144.31641110842864,2.803065078781984,14.260200233680642,54.92737754616416,0,2026-10-04 23:42:43
2026-10-04 20:37:00,CNC-02,M,300.4469971707276,314.4541055249474,2427.7267850444787,23.89811565880698,196.7803703597881,3.5699212529375903,10.858795391815423,48.032500840859115,0,2026-10-04 23:42:43
2026-10-03 23:45:00,CNC-01,L,298.90625867153557,309.9447031320638,2781.509060303617,11.618467131569219,49.837907268067056,3.2398063217431257,6.0152283797379145,52.68170933416567,1,2026-10-04 23:42:43
2026-10-04 01:05:00,CNC-01,L,298.4215126571101,311.10289814935885,2726.5985478561984,17.82909033904218,134.73103212450587,3.4686373899263603,9.27116938190156,54.02446656803851,0,2026-10-04 23:42:43
2026-10-04 20:56:00,CNC-01,L,299.5724101411616,312.34516203010753,2525.348343108901,21.30738921359356,39.31523345826168,3.172044255950769,10.218990924030727,51.37448468011475,0,2026-10-04 23:42:43
2026-10-04 10:53:00,CNC-01,L,23.038284399852444,37.55877872317774,1388.7492595277,53.648058185442125,74.16270063435466,2.0606052800013206,14.003553361110669,57.99277212445778,0,2026-10-04 23:42:43
2026-10-04 06:14:00,CNC-03,H,295.65868124204655,309.35750597926335,2064.0551944183894,33.89784305642822,28.19272163452683,2.611730312582584,13.146162460649247,58.811953696544826,0,2026-10-04 23:42:43
2026-10-04 10:18:00,CNC-03,H,295.93912454037417,310.3041164787356,1426.0382525746397,50.07185453339214,119.16538558424548,2.160563033530331,13.311261336666226,55.32763383760559,0,2026-10-04 23:42:43
2026-10-03 23:48:00,CNC-02,M,298.9889304273733,310.94471983316146,2643.3342857590883,17.15868103949713,23.281049672302245,3.1978206011964105,8.53011680247252,54.965837320185294,0,2026-10-04 23:42:43
2026-10-04 18:53:00,CNC-03,H,299.0554466546188,312.69052222033304,2272.436112919652,26.658221965093563,145.08920690733774,3.1311442476854747,11.369257336402834,53.91862235286264,0,2026-10-04 23:42:43
2026-10-04 22:44:00,CNC-02,M,300.09322903442296,312.4879598046877,2800.2945895378894,14.647598545663849,97.55157727337917,3.236348428463727,7.734748203454538,48.28766413341157,0,2026-10-04 23:42:43
2026-10-04 01:35:00,CNC-02,M,298.224343147082,310.4654870787368,2525.9973278876596,16.848448283304904,,3.2460607443084943,7.947474313667996,57.78244472345172,0,2026-10-04 23:42:43
2026-10-04 14:59:00,CNC-02,M,298.9654046076116,313.79394459117157,1521.0173531298262,47.52512606098985,191.78233010625482,2.605655299322034,13.476613501414764,53.796237766346124,0,2026-10-04 23:42:43
2026-10-04 12:30:00,CNC-02,M,297.5623332976208,312.2782195235312,1363.6585434352587,53.40502178853995,166.4270071006595,2.364252741449305,13.501420221057462,50.677686509585754,0,2026-10-04 23:42:43
2026-10-04 19:37:00,CNC-01,L,299.6436053234129,313.7435055710431,2401.965536811422,27.434012603799264,186.06576007400582,3.5753290594184124,12.281877665170919,52.26191228809788,0,2026-10-04 23:42:43
2026-10-04 11:19:00,CNC-01,L,22.889170873882392,37.1411309707085,1355.8444892919347,51.10048472406108,115.24620473166924,2.128297113820988,12.584659724916254,61.03535206934637,0,2026-10-04 23:42:43
2026-10-04 10:02:00,CNC-03,H,295.8965116290303,310.2422111736569,1417.758399231382,51.056677257109996,94.13930034480123,2.2145144902592984,13.367721109838476,56.9326150891164,0,2026-10-04 23:42:43
2026-10-04 08:00:00,CNC-03,H,22.483390280116225,37.66980545376873,1800.558689314898,43.71126561906362,177.27020213798178,2.7949390534948892,14.82629762294979,56.87675338655701,0,2026-10-04 23:42:43
2026-10-04 00:57:00,CNC-01,L,298.47757147655176,310.97623647067957,2610.6454115516863,17.547014827514683,126.15846526121776,3.2724825049891044,8.414206239338265,53.99044217830866,0,2026-10-04 23:42:43
2026-10-04 19:37:00,CNC-02,M,300.15075034737686,314.2842372762855,2316.628469419432,27.92378287066256,125.62699148322774,3.137460627792206,11.938121825819023,52.5216229426257,0,2026-10-04 23:42:43
2026-10-04 07:33:00,CNC-03,H,22.339063580646837,37.59725556649704,1873.461093902762,42.82813714005781,138.2099184163122,2.6144852186729,14.93041715428698,62.20005099109647,0,2026-10-04 23:42:43
2026-10-04 06:30:00,CNC-03,H,295.5616464758853,309.3967360207836,1921.534172834845,36.141394630728,49.73705655991518,2.5735426398121866,13.05237812980335,54.76690990552939,0,2026-10-04 23:42:43
2026-10-04 20:43:00,CNC-03,H,298.8523336312632,311.2647517979688,2416.4668267833986,20.688500315707714,41.66775790393631,2.9564349754277823,9.277779398308017,52.04085306012338,0,2026-10-04 23:42:43
2026-10-04 14:06:00,CNC-02,M,303.84726167281286,311.6543289177326,1306.6828464616747,48.37562634526387,110.05057223251784,2.1144739095940475,11.671349700430072,39.36535711817187,1,2026-10-04 23:42:43
2026-10-04 02:44:00,CNC-01,L,296.9389098288173,309.68154042203736,2561.235980989186,20.307450101032792,49.722435474254645,3.1420224911891244,9.563415804003343,59.40222651099104,0,2026-10-04 23:42:43
2026-10-04 09:00:00,CNC-02,M,296.6257007889449,310.8041031924123,1617.0989206897486,44.27413063185036,45.006715444517326,2.2135741628434853,13.73785725761059,57.07216279837113,0,2026-10-04 23:42:43
2026-10-04 15:35:00,CNC-03,H,298.30897565615606,312.4401739248024,1602.8938236400122,43.60765646407453,97.00202456825093,2.415565377279055,13.119050698147218,49.074805324100154,0,2026-10-04 23:42:43
2026-10-04 00:13:00,CNC-01,L,298.64656445047956,310.32733746298317,2750.7527365368223,15.39077642225745,79.34379265075378,3.340242981331215,7.968015051517802,56.09354051264181,0,2026-10-04 23:42:43
2026-10-04 06:07:00,CNC-03,H,295.74145493620034,309.13461393444425,1949.3798110193861,34.05952333180909,18.612148248100613,2.4151509906941007,12.52285682260638,59.372283795629905,0,2026-10-04 23:42:43
2026-10-04 01:39:00,CNC-03,H,297.83331207712666,310.14446648925536,2652.153188237991,16.265292736720788,170.3671634424316,3.472867521394162,8.125700914396933,53.09753331033658,0,2026-10-04 23:42:43
2026-10-04 06:39:00,CNC-03,H,295.60520630829524,309.0947445559327,2024.5845864735572,32.69086831149715,61.92669686543079,2.6736873830576338,12.62841001249506,55.72009238268296,0,2026-10-04 23:42:43
2026-10-04 11:47:00,CNC-01,L,296.3113173773936,310.3401471364992,1303.4881196307488,50.543505524655146,159.77538301488448,2.2924812715081497,12.36423126554702,57.0183978770298,0,2026-10-04 23:42:43
2026-10-04 18:52:00,CNC-03,H,298.69039246498676,312.61878095230736,2291.1129235342705,27.787753575761982,143.86127061081353,3.052308931099465,11.877539373801083,54.35271440076979,0,2026-10-04 23:42:43
2026-10-04 04:58:00,CNC-01,L,295.9178857683449,310.58184963976623,2076.974138160265,33.920003880147604,208.83483901959937,3.5831730670460815,13.061070485693898,56.39333196993382,0,2026-10-04 23:42:43
2026-10-04 21:15:00,CNC-01,L,298.98429648038245,312.51222819797135,2522.6446086224873,24.83009858985769,61.03581058841986,3.1302264823953077,11.74013943776182,50.010530331836264,0,2026-10-04 23:42:43
2026-10-04 14:20:00,CNC-03,H,303.11116286676014,312.3889060452284,1334.1362732230994,56.691376091900416,258.5385139361172,3.1503803121283407,14.034250703330487,42.696995855359205,1,2026-10-04 23:42:43
2026-10-04 05:03:00,CNC-02,M,296.9189218645481,311.46107570981866,2049.5173027229102,34.95463393248142,136.0819441676571,2.8088546677490096,13.294042113367446,54.191812110405145,0,2026-10-04 23:42:43
2026-10-04 09:54:00,CNC-03,H,295.80395460767306,310.2656911985317,1521.885986158599,47.55090098050136,81.65126318483632,2.2375807860711037,13.654013118076465,60.0281890078113,0,2026-10-04 23:42:43
2026-10-04 17:22:00,CNC-03,H,298.8040550966246,313.2516813416471,1871.7343174881867,41.31512813342035,24.97253231285507,2.5550893530843846,14.380734685182283,53.875268907523655,0,2026-10-04 23:42:43
2026-10-04 18:21:00,CNC-02,M,300.44796182169193,313.9929672674153,2075.628459936398,29.526123100947526,30.434019689261657,2.5619743614746198,11.41445529468036,50.89114255781572,0,2026-10-04 23:42:43
2026-10-04 21:14:00,CNC-02,M,300.33217092899775,314.82489350992927,2487.3342413375244,24.50422630932142,239.1325339250496,4.121006049518168,11.487671814049905,53.5082733502322,0,2026-10-04 23:42:43
2026-10-03 23:47:00,CNC-03,H,299.0470344532206,310.9185095464178,2818.3047908521444,14.558096283120959,50.76726649063693,3.370421147143778,7.3545420564741475,54.379125073852016,0,2026-10-04 23:42:43
2026-10-04 16:47:00,CNC-03,H,298.63452106530394,313.6124114642549,1860.0654016512922,42.065909718046676,201.50714397570786,3.018621563663125,14.63255949976501,52.56340943045823,0,2026-10-04 23:42:43
2026-10-04 06:56:00,CNC-02,M,296.37541904127414,311.04755464262104,1938.9193060708824,39.002263228463114,68.57682858896142,2.4842780978513317,14.061898129137887,57.925120721817756,0,2026-10-04 23:42:43
2026-10-04 12:26:00,CNC-02,M,297.78116773964956,312.6466152167156,1420.1932493869458,53.57552359940519,160.04843843404944,2.490659797667704,14.147861320033003,54.548908824547986,0,2026-10-04 23:42:43
2026-10-04 12:12:00,CNC-01,L,296.9770873003642,311.7951712836741,1432.7103409434042,52.402482855465884,199.49185708213025,2.855828504936428,13.981944452357496,62.205649963739596,0,2026-10-04 23:42:43
2026-10-04 11:26:00,CNC-01,L,23.11644597797897,37.413262207649154,1225.7231741410428,54.395940292102246,126.33213003117801,2.137189884584098,12.520209571141072,57.8041211347199,0,2026-10-04 23:42:43
2026-10-04 05:33:00,CNC-01,L,296.1594724574502,309.70682967073424,2047.1550329208808,33.30459150370357,24.604351650145574,2.617005597691316,12.947167862143766,59.77277790875694,0,2026-10-04 23:42:43
2026-10-04 02:48:00,CNC-01,L,297.17447639050135,309.7391430678092,2321.8688668430427,21.46294239990018,54.24974863045907,2.982623675480162,9.320729756088483,60.5336074143662,0,2026-10-04 23:42:43
2026-10-04 20:46:00,CNC-03,H,299.0343671607805,311.6229346191778,2622.648186257518,19.71951705662742,45.021069011658334,32.05768859997314,9.702989278992732,52.849619930035765,0,2026-10-04 23:42:43
2026-10-04 14:13:00,CNC-02,M,303.61718289632563,312.6437263582531,1393.7948438256835,54.90777792645369,120.95842275350823,2.176654166635523,14.213227308783322,43.21312428558383,0,2026-10-04 23:42:43
2026-10-04 20:18:00,CNC-03,H,298.8760751152328,311.2959825743272,2448.148194813366,21.06394621599918,12.830541668482603,3.0487353631148424,9.82651216185979,56.212018673383426,0,2026-10-04 23:42:43
2026-10-04 09:19:00,CNC-03,H,295.7244041620026,309.7084319963971,1469.952265058274,48.27144447141363,27.473886069968465,2.135516322207651,13.187607378315581,60.664128495908415,0,2026-10-04 23:42:43
2026-10-04 01:50:00,CNC-01,L,297.7960740566092,311.66583210743227,2510.272640015202,24.2440710563686,183.36761886623438,3.6293591624682584,11.436189236766504,60.38152519500093,0,2026-10-04 23:42:43
2026-10-04 18:38:46,CNC-02,M,300.3138249558233,313.82975504805785,2089.2527121557055,28.86413687818183,,2.606747270190165,11.352576020266557,47.69192686235747,0,2026-10-04 23:42:43
2026-10-04 07:05:00,CNC-02,M,296.7767109743443,311.5743443782115,1789.7833209438297,42.75118047136497,81.2056898495232,2.3703432890501293,14.26253113183913,60.17733952218872,0,2026-10-04 23:42:43
2026-10-04 21:42:00,CNC-03,H,299.1216356089939,312.54390768929704,2682.2941324427725,22.257641252940267,107.96002731851726,3.271202461025534,11.185118607427162,54.6529597357165,0,2026-10-04 23:42:43
2026-10-04 21:18:00,CNC-02,M,299.9392086442054,311.54480389498616,2494.300954689151,14.187555199340434,3.422442891721266,3.0782002946175733,6.529894873323976,53.21015103398556,0,2026-10-04 23:42:43
2026-10-04 10:38:00,CNC-01,L,23.006523007750673,36.8557935375955,1499.929321541752,46.71790562308766,50.30958097130271,2.1043241979185936,13.389849313901296,57.739587842967836,0,2026-10-04 23:42:43
2026-10-04 03:53:00,CNC-03,H,296.42665715581126,309.8422515329766,2339.1012462509434,25.204845985683736,101.56392067985257,2.9841520786976017,10.943011566614631,60.299975540758645,0,2026-10-04 23:42:43
2026-10-04 15:11:00,CNC-01,L,298.23637415054395,312.4504760997385,1628.8121590015464,46.010972452561724,39.66688699627601,2.240788414077507,13.770868252282687,,0,2026-10-04 23:42:43
2026-10-04 12:55:00,CNC-02,M,298.0013892704196,312.9153144249066,1317.4805213708491,54.01653508468439,206.06863638356106,2.743868621665446,13.351402502309263,58.69593455489507,0,2026-10-04 23:42:43
2026-10-04 04:25:00,CNC-03,H,296.153280654718,310.5105027200136,2255.3107937966147,31.901166807812977,140.3946132217571,3.068247040750398,13.239328923948571,59.2317127160193,0,2026-10-04 23:42:43
2026-10-04 15:26:00,CNC-01,L,298.46099130189384,312.6238870103862,1524.6051543765138,45.6987473293009,62.15906387158385,2.0952275715388953,12.889547733656816,53.0107383438555,0,2026-10-04 23:42:43
2026-10-04 21:15:00,CNC-03,H,298.5236606706222,311.15831992811945,2577.0940737559117,19.01893171222408,77.68017582414046,30.03639789074088,8.939437046517414,55.38833548386899,0,2026-10-04 23:42:43
2026-10-04 16:51:00,CNC-02,M,299.5960450596722,314.4520866545309,1840.5396554389527,40.311787356254754,142.16993908873155,2.7076453697552476,13.979456736073178,52.23140436299127,0,2026-10-04 23:42:43
2026-10-04 04:39:00,CNC-01,L,296.3391852976823,310.9577082621904,2146.7022117635447,33.535188358050085,185.07238468825676,3.330801467127954,13.526550199629511,58.60837010527659,0,2026-10-04 23:42:43
2026-10-04 17:08:00,CNC-01,L,299.3056626623475,313.8351778531396,1934.8255080067258,35.385464647187334,209.79144651576436,3.4097545281551658,12.771610446974263,53.537807947235706,0,2026-10-04 23:42:43
2026-10-04 20:08:00,CNC-01,L,299.4145283471607,312.8854572881128,2465.6903664977062,22.470661746385737,223.09775490957503,4.1434391567535265,10.636257506118573,53.54138444157149,0,2026-10-04 23:42:43
2026-10-04 23:06:00,CNC-03,H,298.3405717145139,310.46411564613675,2644.4304958862895,15.421367692825724,198.90739366498022,3.65533446437741,7.672652828994641,54.21283024856999,0,2026-10-04 23:42:43
2026-10-04 04:24:00,CNC-02,M,296.90315636550014,310.66478955685193,2280.061665580673,27.359411644915312,87.4773152070164,2.8702424886297115,11.561886552013407,51.25608637551328,0,2026-10-04 23:42:43
2026-10-04 16:43:00,CNC-01,L,299.32581254040514,314.61718141231313,1836.710369931292,44.02641965238552,174.6438622027648,3.0176292839658387,15.14045208163721,52.377035414817776,0,2026-10-04 23:42:43
2026-10-04 07:15:41,CNC-03,H,295.7103521096964,310.68497834066,1672.7500406062443,47.11137271596994,115.36159592454892,2.3787968657200684,14.706898963558745,60.78926155428849,0,2026-10-04 23:42:43
2026-10-04 18:18:00,CNC-03,H,298.9244331527969,313.21841521927604,1886.5719391539155,38.34340721336562,100.15032438361102,2.542950030332091,13.632956810175243,51.77343610524327,0,2026-10-04 23:42:43
2026-10-04 20:41:00,CNC-01,L,299.45373422050073,311.55515876335704,2448.3630095469707,18.61933172374933,22.106631103495584,2.8303445427293985,8.658402176283678,51.428713129189575,0,2026-10-04 23:42:43
2026-10-04 02:56:00,CNC-01,L,297.1177501254152,310.2103646403761,2449.112319097903,23.767875570373846,63.35143198355017,3.1400005472927233,11.007597421233172,55.65579019289678,0,2026-10-04 23:42:43
2026-10-04 09:38:00,CNC-02,M,296.8707054308938,311.5996345879357,1533.0867722345765,48.88651030368074,103.60889641772879,2.304424489482431,13.917234911969555,59.490108997149996,0,2026-10-04 23:42:43
2026-10-04 20:20:00,CNC-01,L,299.3965633675842,312.8914227582876,2486.2174098977116,22.97037244869636,237.31906733319477,4.293470867232197,10.763876526464783,53.08863963793251,0,2026-10-04 23:42:43
2026-10-04 03:32:00,CNC-01,L,296.7897290877806,310.6005209510335,2371.5566749396985,27.99738846082763,104.72145864124596,2.9600762041721165,12.350950359644497,58.21086953830744,0,2026-10-04 23:42:43
2026-10-04 00:42:00,CNC-03,H,298.2338454803433,310.02902169761154,,14.208314369414706,109.24603169527076,3.429731154409854,7.329769625968411,50.9213492663608,0,2026-10-04 23:42:43
2026-10-04 20:51:00,CNC-01,L,299.15816147981354,312.0888506741329,2512.5374287466625,23.17659545056509,33.64835798221983,3.039239870628196,10.744535535865584,50.44636420474744,0,2026-10-04 23:42:43
2026-10-04 15:00:00,CNC-03,H,303.2406882711992,310.99404109634173,1620.0550771879189,42.16742013133998,44.48929735058333,2.2991785100813753,12.949777824101018,46.70568582837068,0,2026-10-04 23:42:43
2026-10-04 06:15:00,CNC-01,L,295.94724399111925,310.08920949525645,2025.51546387206,34.71723739279811,79.97017505876997,2.5596570559010097,13.079839295977312,53.99257881799184,0,2026-10-04 23:42:43
2026-10-04 03:39:00,CNC-01,L,296.55187243574704,309.6848800295127,2450.565296822475,22.878895872376386,112.90194873026262,3.1461974650074147,10.406138523185495,55.717610503511466,0,2026-10-04 23:42:43
2026-10-04 04:53:00,CNC-03,H,296.0293768846233,309.2976220129988,2179.2366745173927,24.687208134737475,174.8948673388125,3.031262400837486,10.037948325749399,57.43536292090509,0,2026-10-04 23:42:43
2026-10-04 07:57:00,CNC-02,M,23.61807533728171,38.85600643986936,1756.5394201277234,42.89003217423282,155.9182065297121,2.673233083088767,13.858762308601545,57.698008168688965,0,2026-10-04 23:42:43
2026-10-04 20:04:28,CNC-02,M,300.2302448615074,313.94456927465455,2154.385082783369,26.959792148821304,158.05512079312257,3.043684377824634,10.857043780131947,49.50136344230465,0,2026-10-04 23:42:43
2026-10-04 13:52:00,CNC-03,H,297.28884562781786,312.51233118632274,1511.465765518408,52.496929232902865,,2.8082115250160404,14.941083943367271,58.29227236564323,0,2026-10-04 23:42:43
2026-10-04 19:13:00,CNC-02,M,300.4255375627155,314.798326928691,2045.105245085836,33.170458797803796,96.14918496921241,26.09757581143998,12.65904603408774,48.626225063237,0,2026-10-04 23:42:43
2026-10-04 19:08:00,CNC-01,L,299.6065918679499,313.3486858476649,2308.927579658344,27.756103799011314,149.974963536803,3.2502266491269727,11.808349356018853,49.306182032529165,0,2026-10-04 23:42:43
2026-10-04 22:52:00,CNC-03,H,298.4944498233439,310.84632047135176,2771.9357856757833,16.482091117846995,183.91961413107504,3.7103808100702063,8.718300485419038,52.60670154924655,0,2026-10-04 23:42:43
2026-10-04 01:36:17,CNC-02,M,298.35290271982365,311.6532844313548,2686.99164430199,21.387058546012813,138.38436103896942,3.432416285559191,10.845422886073083,53.76371515032141,0,2026-10-04 23:42:43
2026-10-04 03:47:00,CNC-02,M,297.02959639552364,309.35866800154497,2423.3853036112214,21.285430865291985,43.00194483929478,3.0535030279107005,9.566797428336855,54.93842480372638,0,2026-10-04 23:42:43
2026-10-04 01:02:00,CNC-02,M,298.2092251865743,310.4313264095151,2754.1903896132467,17.237739711693436,101.96434508757261,3.3515266781925317,8.707715883101024,52.491290121686674,0,2026-10-04 23:42:43
2026-10-04 14:52:00,CNC-02,M,304.1374189612375,313.3902689698605,1575.0931403708653,49.747254824128134,181.15357947452728,2.722988193402905,14.724557443102933,41.03840882475711,0,2026-10-04 23:42:43
2026-10-04 06:05:00,CNC-01,L,295.98644843653165,309.2922379921255,1936.2113317649746,31.713315447412175,66.50260913183331,2.5739939875786297,11.425644651737482,58.84106718649514,0,2026-10-04 23:42:43
2026-10-04 06:45:00,CNC-02,M,296.53263285290336,310.46724858301343,1843.964236042504,36.7989345934481,53.30966595314717,2.389623684375735,12.92186504637387,52.317621709736365,0,2026-10-04 23:42:43
2026-10-04 16:17:51,CNC-01,L,298.6510717141239,313.185830009891,1908.9892875481253,37.23527256635998,140.3165780279379,2.7536957556252717,13.384439323000876,50.57295271446939,0,2026-10-04 23:42:43
2026-10-04 13:17:00,CNC-01,L,297.37906961325945,311.3950804711448,1366.2983106529239,49.42050098186798,63.27807019314688,2.117955478899077,13.00665748202102,55.524382065829535,0,2026-10-04 23:42:43
2026-10-04 12:51:00,CNC-03,H,296.88970836632234,311.4708072599996,1457.2544362457645,51.59915077006748,0.0,2.208289393787327,13.998162348234313,55.802823694752504,0,2026-10-04 23:42:43
2026-10-04 18:34:00,CNC-03,H,299.08130422052375,313.27239133387286,2216.301196073085,31.387097027871953,120.80903411980793,2.902601498734154,13.323105966207727,49.59805507662523,0,2026-10-04 23:42:43
2026-10-04 07:26:00,CNC-03,H,22.563735593743957,37.095885284367,1708.5038150584223,41.82839255249662,128.1879843226398,2.4273337598302223,13.425562080964403,63.200798510932884,0,2026-10-04 23:42:43
2026-10-04 20:38:00,CNC-03,H,298.84378507284026,311.3700508443557,2651.4897047933214,19.653811895692805,35.90371613175452,3.1235728601646993,9.853710591808161,56.78499481405436,0,2026-10-04 23:42:43
2026-10-04 16:06:00,CNC-01,L,298.80343113236654,313.44703771475616,1609.8417982726605,48.01270258301639,121.44335823078434,2.408585199252475,14.539023635188524,54.3887889520698,0,2026-10-04 23:42:43
2026-10-04 22:52:00,CNC-01,L,298.9805343488348,312.7736502692608,2559.5100198545992,24.120928999118334,167.3596141425028,3.5301756329917087,11.409646138838921,55.45794717462487,0,2026-10-04 23:42:43
2026-10-04 02:29:00,CNC-01,L,297.16283570475156,309.32631309079267,2552.80062789609,19.129908412859397,32.994833173818286,3.132851887207095,9.035063860785046,56.47841004688721,0,2026-10-04 23:42:43
2026-10-03 23:56:00,CNC-01,L,298.82913628845364,310.9803312756561,2618.88697861602,17.032056382224802,61.41981495345473,3.0912552548746004,8.210967628866111,51.21858665616199,0,2026-10-04 23:42:43
2026-10-04 21:37:00,CNC-01,L,299.20382172576564,311.59050589231725,2541.6722660546084,18.19732314563238,85.55210239007685,3.1413718227453136,8.71084044549982,54.30814941604591,0,2026-10-04 23:42:43
2026-10-04 01:58:00,CNC-03,H,298.0389106511094,312.3166630280182,2530.6337053875864,25.728128967342453,191.0644723799473,3.6341316797700127,12.405238551858423,54.862848620846336,0,2026-10-04 23:42:43
2026-10-04 07:35:00,CNC-01,L,22.180724489737713,38.003737795593565,1814.2908088615939,46.90121032537084,191.0621063706556,3.1415616076941855,15.918671610402942,57.08209050890317,0,2026-10-04 23:42:43
2026-10-04 06:20:00,CNC-02,M,296.32784162464384,309.1354830741375,1941.9950483610476,29.506392900404656,18.898388519580863,2.559013111912022,10.80759033827617,56.54941540660761,0,2026-10-04 23:42:43
2026-10-04 17:58:00,CNC-03,H,299.3026278533164,313.5766768812185,2090.168634624718,35.25256773577973,73.61928700933231,2.6782414684533826,13.620882258535927,51.186643861880206,0,2026-10-04 23:42:43
2026-10-04 08:01:00,CNC-02,M,23.653859424339146,38.515737912339205,1558.8311802581175,48.02340149050724,161.97914814917294,2.4971249932589803,14.046469553939813,54.0891446721556,0,2026-10-04 23:42:43
2026-10-04 22:35:00,CNC-03,H,298.5308141576034,311.43394869321463,2761.6930076958315,17.763067029705258,165.75264610813224,3.655601606629152,8.929996121318558,51.78756757302828,0,2026-10-04 23:42:43
2026-10-04 16:44:00,CNC-03,H,298.67645648708685,313.9841017658569,1786.752506342281,44.26812558864263,197.336189503624,2.9562814851537644,14.63679049545185,53.90520031689263,0,2026-10-04 23:42:43
2026-10-04 23:01:00,CNC-03,H,298.3262879398676,311.35985159516855,2721.212680293726,18.794457116826017,193.5229621495745,3.5734977464386137,9.711249116669627,55.84844700287676,0,2026-10-04 23:42:43
2026-10-04 10:24:00,CNC-02,M,23.788638880630344,38.70189122954645,1374.3442480845113,53.15336990226447,175.36434451120186,2.3330409573486413,13.343905683207893,51.79984755665998,0,2026-10-04 23:42:43
2026-10-04 19:21:00,CNC-01,L,299.6826183569552,313.87336296266335,2207.232030444958,29.41386138532969,166.2319255798961,31.850719837993932,12.387157634152835,46.96742381313383,0,2026-10-04 23:42:43
2026-10-04 22:26:00,CNC-02,M,300.24124044635664,313.3923126877304,2656.9398034242768,20.198753472872582,78.25744179728389,3.1253987298830364,9.927963157213908,54.09718602807106,0,2026-10-04 23:42:43
2026-10-04 01:11:41,CNC-01,L,,310.3015471584925,2710.7708187089875,14.764911157727123,142.19996232553373,3.5474461393619445,7.5274624166879684,54.087424421829276,0,2026-10-04 23:42:43
2026-10-04 18:42:00,CNC-03,H,299.0476022891444,313.867021919893,2087.6204923591004,37.21591915832619,131.17022505072828,2.851892478774731,14.789358811193173,51.266318747865995,0,2026-10-04 23:42:43
2026-10-04 17:14:00,CNC-03,H,298.4923832353956,312.0561640219693,2012.2855163779961,32.63182357421139,13.962251699610338,2.7127869991605116,12.505862907970826,54.058898376487384,0,2026-10-04 23:42:43
2026-10-04 19:02:00,CNC-02,M,300.50589603374124,314.4807531761801,2146.864846279842,30.686108993204556,82.36389869505578,2.854365872277843,12.284045260727146,49.61125068332643,0,2026-10-04 23:42:43
2026-10-04 11:16:00,CNC-01,L,22.843513345442886,36.816484501347134,1378.3722560892365,50.5421332862729,110.48073853161104,2.178867987454548,13.069471752928921,56.79130258661188,0,2026-10-04 23:42:43
2026-10-04 03:45:00,CNC-01,L,296.8783920401344,310.7666350130378,2387.5648623375123,26.244265423451502,119.96389458252763,,11.775762264155592,52.791669697667515,0,2026-10-04 23:42:43
2026-10-04 10:35:00,CNC-03,H,22.54320524805786,36.72957460570581,1395.5205679559415,48.864227999384944,146.02675731022418,2.221360876896574,12.962986028808347,57.966068909678825,0,2026-10-04 23:42:43
2026-10-04 18:59:00,CNC-03,H,298.94805158768077,313.04841154658936,2262.664516966753,29.73406786793965,152.54656060250917,3.113367379362319,12.600843375418984,55.38608961502167,0,2026-10-04 23:42:43
2026-10-04 07:18:00,CNC-01,L,295.44331221298205,309.92264018424993,1837.4441584629606,39.0322903153489,166.87290213851404,2.86637659751409,13.864762398334047,60.47614443505687,0,2026-10-04 23:42:43
2026-10-04 20:38:00,CNC-02,M,300.60332907191906,315.17687014560613,2512.438299689409,25.41182276263187,197.93821460164548,3.753710339421848,11.860779915973708,50.31549124430768,0,2026-10-04 23:42:43
2026-10-04 11:11:00,CNC-01,L,22.903261959250415,37.14490728870038,1368.4425573841604,52.00172814505338,102.5693825167995,2.120303554368187,13.372215420729386,59.84084331436363,0,2026-10-04 23:42:43
2026-10-04 07:07:00,CNC-01,L,295.492856981133,310.05581094131867,1885.4807716276161,37.67816990049028,151.37546786798865,2.827536846023006,13.194970141373622,55.36782578949421,0,2026-10-04 23:42:43
2026-10-04 14:45:00,CNC-01,L,0.0,311.2329557136248,1519.2881005923734,42.170207995601444,0.0,2.1669044522128327,11.924904167592638,54.634163730877866,0,2026-10-04 23:42:43
2026-10-04 00:08:00,CNC-02,M,299.02182402506867,311.6894249951589,2607.406868964847,19.568142851243216,44.57140187602318,3.1377830279234953,9.457412274197516,46.84216600080825,0,2026-10-04 23:42:43
2026-10-04 16:29:00,CNC-03,H,298.5589854582012,313.37036722791277,1617.0537958687207,47.07265815226478,176.07873773819992,2.5440350243990673,14.233294346582769,55.933742380777325,0,2026-10-04 23:42:43
2026-10-04 16:09:00,CNC-01,L,298.49499829219235,312.7027829316206,1845.8564635727635,39.03126382897475,125.78264388910132,2.628310438440215,13.314783824296878,56.95314410962407,0,2026-10-04 23:42:43
2026-10-04 09:23:00,CNC-02,M,296.79598673431093,310.53489109602197,1549.5002372702259,42.82345508952235,80.33318210607088,2.2298868158242082,12.329842848986381,56.04235579370628,0,2026-10-04 23:42:43
2026-10-04 23:13:00,CNC-01,L,298.77263616446743,311.1646647133054,2631.391042069207,16.629207910212877,189.7306014488043,3.8716223884125234,8.109955015633089,51.523675173796676,0,2026-10-04 23:42:43
2026-10-04 16:33:00,CNC-01,L,298.7302293901466,313.2401733070799,1847.3864864444606,39.98054519055387,160.39106255161943,2.8690962993501152,13.970871291076138,53.091804439345964,0,2026-10-04 23:42:43
2026-10-04 02:14:00,CNC-03,H,297.55748352799196,310.4605513907241,2668.263148869662,17.70378205055477,208.55486306807484,3.8303934960007187,8.983924714797844,54.46539719567238,0,2026-10-04 23:42:43
2026-10-04 05:30:00,CNC-01,L,296.05929930255,309.9427196532573,2076.29589554711,34.46772728638547,20.694287059284978,2.734822966780833,13.223371756181916,56.26553822637035,0,2026-10-04 23:42:43
2026-10-04 07:40:00,CNC-02,M,23.50712413522723,37.90213257516501,1920.787087207422,36.63658113034759,131.04657028492392,2.716071890276604,13.091618347485547,55.61301906097934,0,2026-10-04 23:42:43
2026-10-04 03:03:00,CNC-02,M,297.6090445155527,311.09160542738874,2569.6208537131083,21.25386216063346,234.64888718056113,4.153169941610572,10.164354621344732,57.65538994088516,0,2026-10-04 23:42:43
2026-10-04 21:39:00,CNC-01,L,299.0463621885792,311.57560720175775,2608.002190966224,18.946477567609477,87.75228183795353,3.159448567268319,9.406247288689585,48.6037647924643,0,2026-10-04 23:42:43
2026-10-04 15:04:00,CNC-01,L,298.1874153967699,311.93596413901867,1497.4968540027344,46.21312490311869,29.097523908807563,2.1720260922639625,13.064465956973484,56.16087575650369,0,2026-10-04 23:42:43
2026-10-04 00:59:00,CNC-03,H,297.9694477640665,310.2457761620783,2725.1084914864737,15.852834743532991,127.42237391481966,3.3409709517584183,8.321708935175613,58.45900431957154,0,2026-10-04 23:42:43
2026-10-04 17:06:00,CNC-03,H,298.7738160074213,312.51325227267745,1887.4770704106588,37.938410765450406,2.8182303921852356,2.435223041285963,13.367716471455235,54.60241133415296,0,2026-10-04 23:42:43
2026-10-04 10:04:00,CNC-02,M,296.8723607560582,311.67938597873854,1600.6487408567084,46.856041060298075,143.8596957563447,2.4319193332857654,14.132171366554667,55.772062440016484,0,2026-10-04 23:42:43
2026-10-04 05:42:00,CNC-02,M,296.8490951835052,311.93288888396756,1961.1905468033328,39.2464671253897,186.31150395290746,3.204037005495208,14.541356618747342,55.84068326013123,0,2026-10-04 23:42:43
2026-10-04 00:44:00,CNC-02,M,298.8566620769365,310.93686046649407,2801.0011947042167,14.937604676718687,82.86588168867162,3.3582862502211164,7.960516929648136,57.90467755087027,0,2026-10-04 23:42:43
2026-10-04 17:04:00,CNC-02,M,299.7478676283948,314.5023038337824,1901.1053506700043,38.44830448140671,160.482578320296,2.757671609040138,13.768104359048676,51.48975474015503,0,2026-10-04 23:42:43
2026-10-04 02:12:00,CNC-01,L,297.6243821026803,309.3081583215038,2607.0074625259317,16.958205759348417,14.324972970054917,3.2449002064537504,8.03526678395207,58.079633364061614,0,2026-10-04 23:42:43
2026-10-04 04:16:00,CNC-03,H,296.3625819496558,310.66650998005474,2388.223342643275,27.765720840665427,129.36965797648887,3.0704836352339075,144.94415777874042,57.97370717310282,0,2026-10-04 23:42:43
2026-10-04 18:39:00,CNC-03,H,299.1188423119293,313.18295005408055,,30.87499568438264,127.27132655822342,2.8741570306357627,12.24004432898109,48.864137626806624,0,2026-10-04 23:42:43
2026-10-04 01:11:00,CNC-03,H,298.3159915606489,311.6801579309388,2593.769489545253,23.295345091750733,140.2761817244564,3.2477771408827434,11.35823941504846,54.614273599735036,0,2026-10-04 23:42:43
2026-10-04 11:48:00,CNC-03,H,296.6254068986091,309.8820809886898,1357.89407078379,46.44572246336216,18.977296794879976,1.8678826235027268,11.84308946595633,55.92725152439368,0,2026-10-04 23:42:43
2026-10-04 05:25:00,CNC-02,M,296.3895097846903,310.61532676996995,2103.987499876756,31.972625967968064,164.27317606912428,3.1448978287182516,12.772531558172847,61.35505598851183,0,2026-10-04 23:42:43
2026-10-04 09:44:00,CNC-02,M,296.8924120920526,311.9637710790554,1448.7604484638696,54.04698766941139,112.9503547731817,2.146335486566924,14.675963567242949,54.62334508125513,0,2026-10-04 23:42:43
2026-10-04 06:51:00,CNC-02,M,296.6527541255399,311.3068287466004,2031.8831202403658,37.09989256238669,61.61522893295967,2.6083419036153095,14.201479477678767,58.64762000896226,0,2026-10-04 23:42:43
2026-10-04 00:08:00,CNC-03,H,298.74341029762854,309.63015420390263,2761.933083316652,10.2146735384977,72.94153017535915,3.3217284585382396,,56.10050790756364,1,2026-10-04 23:42:43
2026-10-04 15:06:00,CNC-01,L,298.3020551127903,312.4019406232341,1497.6855498826437,47.374979169682405,32.13064272876993,2.2867580520068937,13.261133954721474,58.150397890933455,0,2026-10-04 23:42:43
2026-10-04 08:04:18,CNC-01,L,22.28804175267186,35.67465728277671,1799.205693648897,36.073773618935824,13.078348119077198,23.91130594398923,12.200704653239374,59.342151086125064,0,2026-10-04 23:42:43
2026-10-04 02:16:00,CNC-01,L,297.535131306431,310.3680585336521,2547.6787218638055,22.64302971361672,18.719216299874134,3.0017901566690557,10.749048954632254,54.44069320793581,0,2026-10-04 23:42:43
2026-10-04 19:27:00,CNC-03,H,299.1555527637726,314.20843087753263,2213.9398213028717,34.40370786233236,187.3831042197633,3.236824298875298,14.44394477943413,49.98754849592933,0,2026-10-04 23:42:43
2026-10-03 23:44:00,CNC-02,M,299.06598779450553,311.14832869081454,2737.352371993781,15.567736388961627,18.96644609992739,3.2505857752643657,7.884937314819292,50.05265199237659,0,2026-10-04 23:42:43
2026-10-04 12:51:00,CNC-02,M,298.2308168485384,313.6467561427877,1366.4851041991062,57.445678553062386,199.6764783351404,2.6031329303603994,14.640199475172794,54.097616672865506,0,2026-10-04 23:42:43
2026-10-04 07:33:00,CNC-01,L,22.589080135519623,37.434562715661,1816.4217631493677,41.23003294221314,188.21246574801253,30.643462212127456,13.936129743382871,62.443243104966626,0,2026-10-04 23:42:43
2026-10-04 06:10:00,CNC-03,H,295.88475031278756,310.4704781416491,1958.8066943277802,39.821072570766205,22.737044927542502,2.5657801513494696,14.615694033011213,56.01093751408084,0,2026-10-04 23:42:43
2026-10-04 03:34:00,CNC-02,M,297.5438515165876,310.185353738829,2542.7150634850996,20.872173661921966,27.67234748692845,3.138485959653018,9.648883874107858,53.38030586729999,0,2026-10-04 23:42:43
2026-10-04 07:41:00,CNC-02,M,23.692356245361168,38.40843297022133,1624.5023511066777,47.09600246994667,132.5486254699394,2.4935490260793514,14.209575241351226,54.846932170489715,0,2026-10-04 23:42:43
2026-10-04 05:37:00,CNC-03,H,296.18797482798783,311.0176725176834,2040.8138194234016,35.061982798081814,231.26662174111374,3.4914527217741274,13.537599784455251,63.18983380759311,0,2026-10-04 23:42:43
2026-10-04 04:50:00,CNC-01,L,296.0872083459057,309.8375495854824,2150.029712804698,29.232821389311827,198.77311772898884,3.5507574167111176,11.849529236907632,54.73268087087456,0,2026-10-04 23:42:43
2026-10-04 01:19:00,CNC-02,M,298.3468579975216,310.91793736865895,2601.872011464971,19.106711140133093,120.23176857995355,3.267257748694818,9.213941484452661,53.87699241164211,0,2026-10-04 23:42:43
2026-10-04 01:17:00,CNC-01,L,298.52689312248043,310.5903425468373,2624.5790617224784,15.843058935287486,147.4930476037779,3.4709224469157465,7.838884643096253,56.65080944504245,0,2026-10-04 23:42:43
2026-10-04 11:50:00,CNC-02,M,297.4637832544794,311.40191023384557,1360.3333881597177,48.485416219631304,102.7465981053123,2.0678388227541546,12.635993200788038,55.65042587398904,0,2026-10-04 23:42:43
2026-10-04 04:29:00,CNC-02,M,297.16118416988536,310.1564857151663,2390.1253194994906,23.28057696493483,93.52669215762465,3.040468189332571,10.51854378357664,58.13642425484571,0,2026-10-04 23:42:43
2026-10-04 22:28:00,CNC-02,M,300.31818000415296,312.11841621298055,2727.8368417456422,13.849456221096244,80.37100816418472,3.2389940483495634,6.961762052056596,49.330037250554014,0,2026-10-04 23:42:43
2026-10-04 16:11:00,CNC-01,L,298.8019454657765,313.17073173073567,1626.0402613127724,43.76917445683036,128.7657755220381,2.5235940078748547,13.380818334452561,53.806708429759404,0,2026-10-04 23:42:43
2026-10-04 05:57:32,CNC-01,L,295.71879322984023,309.836892928908,,34.909527910962794,57.22689299589561,2.662667375286175,13.325820178808334,59.755514672919745,0,2026-10-04 23:42:43
2026-10-04 15:54:00,CNC-03,H,298.48090099313845,312.748668975477,1493.6610023561889,47.88864616028557,125.26397643383578,2.302716980243551,13.290796197708726,54.77121628402017,0,2026-10-04 23:42:43
2026-10-04 20:51:00,CNC-03,H,298.8878196371148,310.47227438521276,2572.5818114838385,15.277514596170153,50.715934993402925,3.0355738342788547,7.349407071647298,50.0220627248135,0,2026-10-04 23:42:43
2026-10-04 03:45:00,CNC-03,H,296.5629554558049,309.09664208800723,2319.628614367705,22.2042401210771,91.99781550252014,3.026131643300756,9.716729321456677,62.20097661164072,0,2026-10-04 23:42:43
2026-10-04 15:35:00,CNC-02,M,299.2600458722927,313.8492931670439,1750.1074980073665,43.277260507160044,31.532215786407715,2.319638452981358,13.982454669571968,53.66365895118589,0,2026-10-04 23:42:43
2026-10-04 04:38:00,CNC-02,M,296.9205531965705,310.4807916255744,2250.294765036534,27.18454131943113,104.6269769502625,2.882224678470646,11.548359244116163,59.73758473893779,0,2026-10-04 23:42:43
2026-10-04 04:35:00,CNC-01,L,296.4980990882649,311.22668980551293,2164.2356449976533,34.08570460049556,180.0974841640682,3.275117499730198,13.976335764921757,60.22246904688208,0,2026-10-04 23:42:43
2026-10-04 02:37:00,CNC-03,H,297.536858348909,309.7845715030707,2488.4662908755013,19.57854662474065,13.366382839870298,2.989492679695771,8.972237439003667,55.60713897961823,0,2026-10-04 23:42:43
2026-10-04 19:36:00,CNC-02,M,300.02314137506863,314.3899034751015,2204.8311950706725,31.204935183374097,124.38760087586012,3.0222616667599187,12.55816079275198,52.46446021234843,0,2026-10-04 23:42:43
2026-10-04 12:53:00,CNC-01,L,297.21898241947736,310.9783850608614,1406.6714187313287,49.57507156445053,25.275083785090022,2.0629843821251588,13.24021042067144,55.64611994076323,0,2026-10-04 23:42:43
2026-10-04 12:32:00,CNC-01,L,296.7817864809533,311.2065623304035,1369.6334643763585,49.55702032369325,231.18606978041686,3.2702373555771134,12.484810829948005,58.81093771341045,1,2026-10-04 23:42:43
2026-10-04 13:37:00,CNC-02,M,298.1303555746439,312.54708474753505,1588.4384259322007,45.77632278178829,64.69525966346092,2.254653156817053,13.603152034515807,53.81688597028979,0,2026-10-04 23:42:43
2026-10-04 04:05:00,CNC-01,L,296.4465700722504,310.70073857392293,2317.961584352199,28.49063535966122,143.5694961905062,3.1587420323175195,12.601369544417352,52.78242579827349,0,2026-10-04 23:42:43
2026-10-04 18:11:00,CNC-02,M,300.09568269460067,313.6329237491678,2068.619337667224,30.863833002872386,17.37300592202023,2.574631227578463,11.677097423952755,52.52135677220792,0,2026-10-04 23:42:43
2026-10-04 04:21:00,CNC-01,L,296.4076115847369,310.18998262803325,2307.6735591013385,25.963644716882897,162.82282042037787,3.3634887691714757,11.317606317580536,57.684539569380554,0,2026-10-04 23:42:43
2026-10-04 16:22:00,CNC-01,L,298.9073743541371,313.21082635488375,1868.0163430795328,37.122381472510774,144.68341920883995,2.746599924058425,12.660461506974709,55.668821691453275,0,2026-10-04 23:42:43
2026-10-04 14:14:00,CNC-02,M,303.7494738366897,312.523652879135,1497.2668321253366,47.86308295557673,122.51338084238199,2.4397169622428696,13.481408878721158,47.11314917724135,0,2026-10-04 23:42:43
2026-10-04 19:16:00,CNC-01,L,299.59361691121387,313.63293560243085,2230.9757516605277,29.264740130427203,159.9348363954275,3.2736567404406722,12.165314989953087,51.57922560750896,0,2026-10-04 23:42:43
2026-10-04 03:54:00,CNC-03,H,296.7857837484527,309.86157122007904,2301.749614104353,24.68370462200001,102.77304292596561,28.67674437894273,10.572199773072004,58.52164536700848,0,2026-10-04 23:42:43
2026-10-03 23:47:00,CNC-02,M,299.35957427456185,310.9302824633765,2696.8682051725673,15.054146587765164,22.20256219334879,3.2203690231414672,7.743073055110061,51.352127424821035,0,2026-10-04 23:42:43
2026-10-04 12:16:00,CNC-02,M,297.5837792156228,311.960380839199,1323.5563084009198,52.33279829898394,144.11312637851037,2.23388714462878,13.047326664026722,58.74600279286218,0,2026-10-04 23:42:43
2026-10-04 06:35:00,CNC-03,H,295.7953190940651,309.7259399350594,1992.265521165618,,56.545224025683744,2.5535660982417894,12.252136707604098,61.87056110448448,0,2026-10-04 23:42:43
2026-10-04 09:45:00,CNC-02,M,296.54716866004276,311.33640890973516,1588.1380505680438,47.77990197282466,114.45438611849876,2.3153565088656385,14.279786072260505,52.61144882838659,0,2026-10-04 23:42:43
2026-10-04 02:06:00,CNC-01,L,297.59133771673527,309.77451722120924,2660.778840557711,17.631461098181145,7.625860353037796,3.2344607854399774,8.845908432209631,57.355722723111526,0,2026-10-04 23:42:43
2026-10-04 02:56:00,CNC-03,H,297.65465292128283,310.34050920249337,2469.0303673714016,21.386973503468315,34.92299096960119,3.012290092897601,9.923856222389912,52.445097182396026,0,2026-10-04 23:42:43
2026-10-04 12:42:00,CNC-03,H,296.8438396826884,310.9894049517673,1332.9896221045956,51.87528428369582,104.4689723487873,2.0347871572968925,13.17444719414824,55.00085791634815,0,2026-10-04 23:42:43
2026-10-04 19:54:00,CNC-02,M,300.280124290158,314.2077881008825,2431.1821647518473,0.0,146.18983678740827,3.207086386529161,11.94392584768474,54.28830212479597,0,2026-10-04 23:42:43
2026-10-04 00:11:00,CNC-03,H,298.98072155551574,311.30953275237755,2789.719392738085,16.530813747900194,76.10085499948738,3.3157675627748215,8.834310608470936,50.62766989650512,0,2026-10-04 23:42:43
2026-10-04 06:17:00,CNC-02,M,296.8662562255634,310.150820424076,1937.2661170605522,31.272820691617618,14.898136195574288,2.584636468565447,11.561370916759861,60.34744598076725,0,2026-10-04 23:42:43
2026-10-04 21:41:00,CNC-01,L,299.0370116878605,311.7406260318532,2594.2906092365934,19.413463278062085,89.95218459622328,3.1318966033484283,9.573854182312777,50.84757358058661,0,2026-10-04 23:42:43
2026-10-04 03:49:00,CNC-01,L,296.57693138256764,309.6709092473113,2385.24112251632,24.181307680062098,124.66002751485028,3.175585923796788,10.590718810161365,57.04182753004658,0,2026-10-04 23:42:43
2026-10-04 00:55:00,CNC-02,M,298.6675541975616,310.6764349044253,2633.0714234217385,14.885524151493243,94.54591616680004,3.2817164981280964,7.330829650034682,50.628945008146076,0,2026-10-04 23:42:43
2026-10-04 10:14:00,CNC-03,H,295.88141607504986,310.42701919863043,1494.6912961965152,49.71113619007166,112.89860039742702,2.2832165277634915,14.030134581656638,55.96750077604729,0,2026-10-04 23:42:43
2026-10-04 07:40:00,CNC-01,L,22.28102616062756,36.86374676192787,1670.83352902998,41.43751321380408,198.24957837638462,2.9921672988928845,13.048627312564676,58.12201048173947,0,2026-10-04 23:42:43
2026-10-04 17:59:00,CNC-03,H,298.7335360774016,312.3403152244621,2214.0642390909425,28.943760522793347,74.89118682938569,2.7452566177313,11.733960701669234,48.260109704008514,0,2026-10-04 23:42:43
2026-10-04 09:50:00,CNC-02,M,297.0775230108818,311.41000164008705,1549.6234263840597,45.18923477025316,122.11484483376034,2.320202392923283,12.995272238903425,53.41313537417838,0,2026-10-04 23:42:43
2026-10-04 17:24:00,CNC-01,L,299.60588156534055,313.40512126079307,1893.5094935081092,35.97104531916537,13.602839918227655,2.435671807821602,12.55592813902371,55.93559190171699,0,2026-10-04 23:42:43
2026-10-04 19:27:00,CNC-02,M,300.3376515686947,314.27072038416975,2165.8224496981516,28.9537928129297,113.25002848684271,2.9302832547168025,11.81014756964804,45.03447891159899,0,2026-10-04 23:42:43
2026-10-04 18:19:00,CNC-03,H,299.09504337504865,313.1456937777855,2005.426512816293,32.82974551909982,101.48138713626936,2.662949296330192,12.316635679731627,50.47012560802854,0,2026-10-04 23:42:43
2026-10-04 05:45:00,CNC-03,H,295.8895334223532,310.61815396002356,2024.4006367173163,35.203146616056145,241.67798077797278,34.87170604219214,13.53715323093832,55.40687070275049,0,2026-10-04 23:42:43
2026-10-04 18:32:00,CNC-01,L,299.8177761684474,313.4378576165713,2158.9899003427977,28.466269899814648,104.19241373208821,2.8218322512399534,11.266586593935184,55.30316752489149,0,2026-10-04 23:42:43
2026-10-04 20:25:00,CNC-01,L,299.44462649629554,311.91241725499583,2546.7214706201753,19.521201593873908,3.4618540930071138,3.0948584050269785,9.340879514309462,47.668767987746484,0,2026-10-04 23:42:43
2026-10-04 16:37:00,CNC-01,L,299.2753084181506,314.40675641159487,1847.3279404528575,43.592607133580785,166.04307728866863,2.9645573525307913,15.182591626546282,53.38566986831937,0,2026-10-04 23:42:43
2026-10-04 12:15:00,CNC-03,H,296.9392951621004,310.6259735296254,1337.3231138386311,52.72415039402388,61.73106199734452,2.0422437897379595,13.182642300972406,56.450885548009026,0,2026-10-04 23:42:43
2026-10-04 03:23:00,CNC-02,M,297.5540894411635,309.4814492818833,2544.5746710561043,18.064281934139924,14.89755516683463,30.109642816143765,8.733899475386638,51.36603357033432,0,2026-10-04 23:42:43
2026-10-04 07:45:00,CNC-01,L,22.59075565679194,37.9133624405963,1781.8786144743983,44.86650710778137,205.4915686635057,3.1970928939981924,14.7446819486545,63.65107308401165,0,2026-10-04 23:42:43
2026-10-04 06:05:00,CNC-02,M,296.52017054466035,311.3425193483774,1882.9666569572444,37.6896285942901,216.64491215115635,3.2685281673524393,13.407041460147532,,0,2026-10-04 23:42:43
2026-10-04 03:33:00,CNC-01,L,296.573378233158,310.1520734554539,2476.8241374857544,25.05000642055536,105.88932712885233,3.0567815985631266,11.508490456688932,57.75283325775901,0,2026-10-04 23:42:43
2026-10-04 13:57:00,CNC-02,M,303.7574001452089,312.1608482211155,1357.1641285425385,51.43297198802953,96.04453227045252,1.920263070505577,12.859037923901694,45.95767799526813,1,2026-10-04 23:42:43
2026-10-04 17:21:00,CNC-02,M,300.2597790652784,315.14964289505616,1972.2178947181942,36.212752529246515,184.07210127900694,3.029512235806586,13.592952754659857,48.244365599678105,0,2026-10-04 23:42:43
2026-10-04 12:47:51,CNC-01,L,296.9866941356555,311.19867631581155,1549.9986053164039,47.77425735066738,18.974470448711017,2.2297144700467944,13.866868345649976,59.068960812295586,0,2026-10-04 23:42:43
2026-10-04 16:39:42,CNC-01,L,299.345386217848,314.17373858913345,1722.7359299492912,43.5960867316149,168.91609866702854,28.213050777989515,14.157920030343874,50.138468094314604,0,2026-10-04 23:42:43
2026-10-04 14:06:00,CNC-03,H,303.047201162722,312.3192799660638,1532.94227560296,50.723031630144824,236.84609879229504,3.082547811354875,14.43638194161726,44.854690281569724,0,2026-10-04 23:42:43
2026-10-04 06:55:00,CNC-01,L,295.60204648166643,310.03070540568035,1967.6061988978965,36.48077066881722,134.54871320063918,2.795611942897814,13.405790913541523,54.981288199415275,0,2026-10-04 23:42:43
2026-10-04 13:32:00,CNC-03,H,297.2472918280406,311.85745473050963,1353.0280500960869,53.2991155991985,183.6394605932598,2.442028205091564,13.357876746106163,53.60502737027027,0,2026-10-04 23:42:43
2026-10-04 13:10:00,CNC-02,M,297.9597126936863,311.5782761963043,1350.6530896567688,49.664662609147,22.263699852254387,2.002240444806761,12.693502132214295,53.57025966918415,0,2026-10-04 23:42:43
2026-10-04 14:12:00,CNC-01,L,303.0892348243394,311.61450981437645,1478.6575023317191,46.84524994483317,149.45681143684592,43.65856188559508,13.054884305379014,43.74375310400502,0,2026-10-04 23:42:43
2026-10-04 21:22:00,CNC-03,H,298.83684033856997,312.7263286695793,2516.601212729122,26.352187258388167,85.64177163162358,3.1610328202709246,12.379190607031532,52.03814194044789,0,2026-10-04 23:42:43
2026-10-04 00:01:00,CNC-02,M,298.9773902518044,310.40348739191074,2581.191527852725,,37.11291206208007,3.156188364344069,7.6882873326726475,53.830098715325256,0,2026-10-04 23:42:43
2026-10-04 02:42:00,CNC-02,M,297.99220827868834,311.8436025822503,2571.906044437821,22.76208017572682,211.04430943302734,3.7574674773959464,11.067854807894044,56.17915543198369,0,2026-10-04 23:42:43
2026-10-04 04:55:00,CNC-03,H,295.96842254493174,310.59717603800755,2225.5748910016746,32.53672198380838,177.37852920060402,3.209660873139959,13.592410511463726,59.04543866085306,0,2026-10-04 23:42:43
2026-10-04 21:15:00,CNC-02,M,300.32636928546157,312.3683962472433,2577.9439280626702,17.863885585542977,0.0,3.1516623722526305,8.451797365983737,48.95011766720695,0,2026-10-04 23:42:43
2026-10-04 09:18:00,CNC-03,H,295.53810332122566,308.66275447204293,1438.978644302191,43.40841844983134,25.931951353985006,2.11681611605933,11.59682307121872,53.840981319489764,0,2026-10-04 23:42:43
2026-10-04 15:42:00,CNC-01,L,298.4579156107789,312.487083848585,1748.4126480380776,40.492696315427196,86.019768462075,2.4150343427204928,13.2759458663455,53.518088851877145,0,2026-10-04 23:42:43
2026-10-04 01:22:00,CNC-02,M,298.4271964461618,311.51661593216056,2652.659573143485,20.47730866103172,123.47012779847134,3.3087127103530665,10.116700828099328,49.70084404669344,0,2026-10-04 23:42:43
2026-10-04 21:23:00,CNC-01,L,299.1805188463207,311.3651256183528,2617.906168801467,16.53256179791728,69.93413841433525,3.2104319373410193,8.168175514412944,50.31396899647661,0,2026-10-04 23:42:43
2026-10-04 09:33:00,CNC-01,L,295.62694271670904,310.2352778342085,1415.839345294443,51.55720882199495,148.8735979000925,2.4060145986089534,13.415643678728983,60.937457934176955,0,2026-10-04 23:42:43
2026-10-04 03:20:02,CNC-02,M,297.338928526672,309.9221917319252,2501.1856620432877,21.437798715495163,12.58716048132236,3.0944532223756998,9.977471450566105,54.96666619252337,0,2026-10-04 23:42:43
2026-10-04 12:49:00,CNC-03,H,296.90746245316103,311.6972953419558,1406.5390057540124,0.0,115.57954871734798,2.154887739010646,14.36294769548419,58.59633861194925,0,2026-10-04 23:42:43
2026-10-04 04:41:00,CNC-01,L,296.4241684987882,310.97530550949335,2113.9053140448423,34.273662695567644,187.64432411447544,3.4456228955134702,13.72218645585344,56.634646983480096,0,2026-10-04 23:42:43
2026-10-04 18:24:03,CNC-03,H,299.19381348155116,312.94791188847273,2179.8377600047597,28.955747655036173,109.284425833147,2.8387517389601102,11.978957328931058,50.13744480270361,0,2026-10-04 23:42:43
2026-10-04 23:23:00,CNC-01,L,298.8398612177767,310.75087909485273,2669.5474201281863,17.438459191055447,4.386855961770127,3.1553614352146315,101.33476593231632,54.82460696421985,0,2026-10-04 23:42:43
2026-10-04 19:06:00,CNC-03,H,298.983347080909,313.3545061841063,2228.720843341808,30.26266430061056,161.3893366675376,3.032503468598114,12.752879576524753,56.71183081759334,0,2026-10-04 23:42:43
2026-10-04 18:42:00,CNC-02,M,300.15439834977866,313.4198075260832,2455.861093074027,25.485729406370503,57.16281968394262,3.0811184449300217,11.69798641699826,51.904891844752186,0,2026-10-04 23:42:43
2026-10-04 00:12:05,CNC-02,M,298.6735723058718,311.489458974017,2609.766169009437,20.16259019912699,49.936357075075136,3.120362517691442,9.9677544208322,50.710601430031126,0,2026-10-04 23:42:43
2026-10-04 06:12:00,CNC-01,L,296.11937387721997,309.8033672349777,2029.333284424155,32.89077741451277,75.96876464972885,2.6222530162915416,12.312651014212753,55.12307499561965,0,2026-10-04 23:42:43
2026-10-04 09:30:00,CNC-03,H,295.6478216516779,309.3822923632909,1312.255574256551,49.98951731514687,44.52071982132933,2.0280205064990082,12.354168166476509,59.73490457318072,0,2026-10-04 23:42:43
2026-10-04 18:30:00,CNC-03,H,299.0789779727905,312.47245776164846,2153.728743860825,27.893332073265263,115.65808470142697,2.8735034041107466,11.215764826583927,51.817574700725274,0,2026-10-04 23:42:43
2026-10-04 16:34:00,CNC-01,L,299.11441418508855,313.5875008108329,1808.0204613174142,39.10680047618449,161.79793857998163,2.789935369162344,13.36047100583121,52.77764062802173,0,2026-10-04 23:42:43
2026-10-04 13:59:00,CNC-03,H,302.97937050911105,312.09055905566726,1584.1646315331839,47.2779477851532,225.9647744646662,3.0330439330777423,13.964543164240036,42.454168845017605,0,2026-10-04 23:42:43
2026-10-04 13:20:00,CNC-01,L,297.2776721574317,311.6038760925248,1412.5843694673617,50.98917617132802,67.98302211179349,2.0421337450258377,13.641708325158168,55.671888096562974,0,2026-10-04 23:42:43
2026-10-04 11:35:00,CNC-03,H,296.3949517806543,312.19340978788284,1425.239704828737,56.9975752028,241.16057995008123,3.019016914518334,15.13369112894493,61.14249523535683,1,2026-10-04 23:42:43
2026-10-04 14:28:00,CNC-03,H,303.02923708518205,312.2562735849779,1523.471255926464,50.31036111659263,270.9530853500095,3.3820887057342532,14.561817580196813,47.78977589009278,1,2026-10-04 23:42:43
2026-10-04 00:00:00,CNC-02,M,298.91572054867436,310.35155153354845,2767.605320311262,12.633694429757192,36.02748601422754,3.3444872839011652,6.271406468950413,51.536324134830906,0,2026-10-04 23:42:43
2026-10-04 21:25:00,CNC-03,H,298.679866660128,311.3193809668899,2503.891938982472,19.15983462527332,88.98464027802427,3.143526196838386,9.153939210460926,54.92362277231722,0,2026-10-04 23:42:43
2026-10-04 02:34:00,CNC-01,L,297.67442360661573,310.01423258390327,2519.353560574642,19.25156210662125,38.56307355465721,3.1274739323379763,9.26402050691627,55.77602474767711,0,2026-10-04 23:42:43
2026-10-04 19:29:00,CNC-01,L,299.7079802973871,314.1847941494247,2310.3916519286745,31.651257239653855,176.07983644800694,3.2178436841932494,13.395864673717119,55.64787759512602,0,2026-10-04 23:42:43
2026-10-04 19:17:00,CNC-02,M,300.65005825514254,314.70088036382117,2384.6917005471073,26.797595247210538,101.0212739043855,3.0799479089481325,12.093463115010948,51.866570503938995,0,2026-10-04 23:42:43
2026-10-04 23:14:00,CNC-01,L,298.72756078815115,311.500533831514,2870.8870113373787,15.978672209440235,190.7606014488043,3.8903423906645616,8.403930827745107,54.247889974011635,0,2026-10-04 23:42:43
2026-10-04 05:29:00,CNC-03,H,296.1848525786151,310.94671244313895,2122.5634949319983,35.04357486270328,220.9810027708271,3.4183558528564464,13.92913871097271,63.402977338906034,0,2026-10-04 23:42:43
2026-10-04 07:51:00,CNC-01,L,22.438985681857275,37.500049762155015,1837.041026414265,42.53839320358607,214.10609476911972,3.4657100546563657,14.207042500151525,58.461815584590994,0,2026-10-04 23:42:43
2026-10-04 21:24:00,CNC-02,M,300.48260730384146,313.2342225238906,2473.3387609919646,21.356050631254412,10.22880010547923,2.9728650548359496,9.98236451823779,56.72849834307663,0,2026-10-04 23:42:43
2026-10-04 19:39:00,CNC-03,H,299.16835975494666,313.1469626934794,2317.045459133299,27.089006409723602,202.0793226534002,3.504876723435974,11.906558395289437,47.75932156151573,0,2026-10-04 23:42:43
2026-10-04 13:48:00,CNC-02,M,298.5537243434095,313.0250752678762,1364.0227788057628,52.402704709947855,81.94058510676088,2.0298662850109768,13.286703445727387,54.79028836230107,0,2026-10-04 23:42:43
2026-10-04 15:55:00,CNC-03,H,298.43901331129945,312.8876130634816,1740.3430964202578,42.92664446911304,126.72775938537335,2.6258049555016227,14.25161151508031,55.33111041736611,0,2026-10-04 23:42:43
2026-10-04 06:46:00,CNC-02,M,296.3989874371674,310.99002101674364,1957.0909984242899,38.74576726307186,54.669757832266235,2.61823848221732,14.193304626214308,55.27884523491554,0,2026-10-04 23:42:43
2026-10-04 07:36:00,CNC-02,M,23.46782228174243,38.24031305545532,1889.8612215343037,38.97783425663776,125.34967005458978,2.651167577520131,,59.23137479575056,0,2026-10-04 23:42:43
2026-10-04 21:44:00,CNC-01,L,299.0309684042632,311.51079901782174,2608.047918156917,19.143728826040395,,3.2974316440250293,9.474077965943522,48.50239825011889,0,2026-10-04 23:42:43
2026-10-04 16:43:00,CNC-03,H,298.702989204325,313.4629503742936,1781.5036539843195,42.48571530825501,195.89806247477713,2.8573452887319766,14.062142528245147,53.49427305463939,0,2026-10-04 23:42:43
2026-10-04 15:44:00,CNC-02,M,299.44735553506774,313.8461354157113,1607.1364363679997,47.01432153235433,45.076934353229866,2.2579415089938486,14.336633929239524,49.76329515432335,0,2026-10-04 23:42:43
2026-10-04 02:19:00,CNC-01,L,297.35278493422675,308.773988420056,2612.3494877082776,13.864042403852729,22.07115808092403,3.23968718365047,6.807382021458939,54.379864899834544,0,2026-10-04 23:42:43
2026-10-04 21:10:00,CNC-03,H,299.13708655780005,311.77957320658066,2485.059746788436,20.657538066376674,72.08190848284357,3.0757440473484676,9.46173421690098,51.704007175853235,0,2026-10-04 23:42:43
2026-10-04 01:39:00,CNC-02,M,298.11065860634017,310.40275962703004,2708.6259393207242,16.433848461051987,141.64161706861842,3.527955525833132,8.267670584235313,52.83277929096039,0,2026-10-04 23:42:43
2026-10-04 21:12:53,CNC-02,M,300.5580478427096,314.5845318638125,2587.2739517073783,21.583292487897364,237.99125637793423,4.1778303972624515,10.418215117156324,51.1028925042653,0,2026-10-04 23:42:43
2026-10-04 22:38:00,CNC-02,M,300.05080618489484,311.58317684267416,2770.00043031431,11.26737583844589,91.17285159692702,3.469873901151753,5.585064455361647,53.2867891559945,1,2026-10-04 23:42:43
2026-10-04 04:30:39,CNC-01,L,296.43097518850027,311.1319466123613,2294.911807574772,31.226323286630976,173.8028932000952,3.288881701987376,13.503499625073257,58.43821918996851,0,2026-10-04 23:42:43
2026-10-04 06:41:00,CNC-02,M,296.7419554771814,310.86244656372344,2091.751624630905,33.11850020770864,47.79278151553308,2.6745115019241243,12.828884590940174,56.38268569317191,0,2026-10-04 23:42:43
2026-10-04 16:36:27,CNC-03,H,298.5195384117865,313.3579593198008,1817.0275880089355,41.41920676501887,184.61716694834635,2.977834019718652,14.230672133054181,57.41211089505755,0,2026-10-04 23:42:43
2026-10-04 00:52:00,CNC-01,L,298.4885663825875,310.36878382745596,2668.405868389064,14.557343417278318,120.82318270774219,3.4253055665640706,7.331693578084886,55.068612730144345,0,2026-10-04 23:42:43
2026-10-04 06:56:00,CNC-01,L,,310.31295250013824,1786.6837685193257,40.9838892289364,135.9703996319428,2.646508619059426,13.575939929170861,59.627347290057536,0,2026-10-04 23:42:43
2026-10-04 04:51:00,CNC-02,M,296.8962477604939,309.94031077777055,2336.503452363641,23.769268142494,120.90756749131792,3.068773867020773,10.220039304890888,59.35990740122059,0,2026-10-04 23:42:43
2026-10-04 00:58:00,CNC-02,M,298.791716829379,310.69380938600614,2752.624159689334,14.669664920264536,97.72799624400648,3.2785163307826135,7.637034517771193,49.153305143659814,0,2026-10-04 23:42:43
2026-10-04 10:33:00,CNC-02,M,23.99454691665443,38.58740579913234,1324.9292898420622,53.190081878489764,189.58949889963264,2.466508700136874,13.43397493069261,56.24993009253025,0,2026-10-04 23:42:43
2026-10-04 21:43:00,CNC-03,H,298.9551294846734,311.0762955939824,2661.957185556032,16.736869530223988,109.0542471606319,3.314896964749252,8.454938428984498,55.128092828100485,0,2026-10-04 23:42:43
2026-10-04 19:29:00,CNC-03,H,299.0526213352998,313.1087852415043,2334.9434013421946,27.005446165264804,2821.4383045136324,3.301824730735348,11.88215300069916,50.694408576390906,0,2026-10-04 23:42:43
2026-10-04 08:58:00,CNC-03,H,295.4498914146169,311.0857889150569,1709.455153068256,47.41897965710022,263.82876798382733,3.5716677112286965,15.053871944144145,60.37373052472518,0,2026-10-04 23:42:43
2026-10-04 13:44:00,CNC-02,M,298.29499497152415,312.34574566525765,1520.9577544003039,44.52561362426208,75.65742115269698,2.184955974706879,12.584453642656975,54.53094442837731,0,2026-10-04 23:42:43
2026-10-04 18:44:00,CNC-03,H,299.0362360840905,313.2718808837001,2136.951859673248,31.047399552886294,133.73957974446452,28.262694956381416,12.322094768783831,54.96970664129021,0,2026-10-04 23:42:43
2026-10-04 11:56:00,CNC-01,L,296.61892315643917,311.38935482442224,1441.8106197704035,52.41862850155229,174.07296157643754,2.6750381631804756,14.004010060044003,55.59986814482873,0,2026-10-04 23:42:43
2026-10-04 04:30:00,CNC-03,H,296.0871124122657,310.09319629078857,2202.096188307196,30.21074124152039,146.60179069823536,3.0011309845714385,12.285386940246456,60.59177369974512,0,2026-10-04 23:42:43
2026-10-04 13:23:00,CNC-03,H,297.47176093523296,312.1220497938488,1415.128034129976,51.1545643696297,169.41980669404566,2.3371624467461842,13.648138448279083,54.33865323301691,0,2026-10-04 23:42:43
2026-10-04 03:48:00,CNC-01,L,296.7779530446825,310.7445402991864,2472.2949435346363,26.31242213649713,123.47615656840965,3.2568174045242113,12.030443756309193,57.24904904185946,0,2026-10-04 23:42:43
2026-10-04 01:16:00,CNC-02,M,298.38218022834565,310.87280081538034,2515.383962432299,18.552423721178748,117.02228121398285,3.0651443869342536,8.8726896916972,51.601919933111915,0,2026-10-04 23:42:43
2026-10-04 14:31:00,CNC-02,M,303.86275722104483,312.5117429117131,1382.6365883219466,,148.9319385330165,2.281646879885933,13.339151578500704,41.86770886399937,0,2026-10-04 23:42:43
2026-10-04 20:00:00,CNC-01,L,299.885540604436,314.005251557183,2301.9745788261193,27.23116199070996,213.72033641893194,3.828155522530715,11.563612777449908,49.55125353428456,0,2026-10-04 23:42:43
2026-10-04 09:09:00,CNC-01,L,295.55343210647976,,1576.627145897812,45.768269141520776,112.06818162831621,2.358335614988613,13.570252412674808,59.11912413588287,0,2026-10-04 23:42:43
2026-10-04 19:21:00,CNC-02,M,300.4000995318188,314.4152382712373,2458.1860512555004,25.728823544840576,105.94840361548809,3.0564454501107727,12.092543125494297,52.929061680152365,0,2026-10-04 23:42:43
2026-10-04 10:28:00,CNC-03,H,22.600694281069764,37.3305334204498,1414.0414825735052,52.76889360770134,134.90776004469205,2.291734241487626,14.107014267263668,59.90815563312504,0,2026-10-04 23:42:43
2026-10-04 07:16:21,CNC-01,L,295.354275972446,309.66053344778436,1744.9777739991766,40.26994091762389,165.4580499126311,2.855249839326618,12.9375554509169,61.32937242936698,0,2026-10-04 23:42:43
2026-10-04 22:34:00,CNC-02,M,300.2093639474191,312.60970208768254,2683.8617033297483,16.30884619808922,86.8937189832775,3.222750675944365,,54.21103654905583,0,2026-10-04 23:42:43
2026-10-04 07:25:00,CNC-01,L,22.46826079121439,37.19092356869987,1941.7657276359084,38.968858446454284,176.78476353100626,3.033362250799819,14.260652860137737,61.483752793136716,0,2026-10-04 23:42:43
2026-10-04 09:16:00,CNC-02,M,296.7826401866652,310.4195025559106,1474.2501931071506,43.90541142886275,69.54055515102966,2.1480341417035653,12.449496752643821,54.040001445323554,0,2026-10-04 23:42:43
2026-10-04 06:19:00,CNC-01,L,296.4628134438819,310.36669939435313,1953.8504656342643,34.06394821092933,85.35899205423705,2.639860704931361,12.122718006591926,57.36461153024992,0,2026-10-04 23:42:43
2026-10-04 15:43:00,CNC-02,M,299.3843349929268,314.1075890268073,1674.2252401132769,45.52736426548408,43.576741122904245,2.327102885273605,14.324558509068453,57.86780167734961,0,2026-10-04 23:42:43
2026-10-04 15:59:00,CNC-02,M,299.1088076312568,313.38728844275715,1715.4106503328762,41.00196002929664,67.30014677082072,2.378772881510582,13.133041485647249,52.02572889400989,0,2026-10-04 23:42:43
2026-10-04 08:15:00,CNC-02,M,23.586235627236476,38.791048691292985,1547.5892958517582,50.32784190958458,182.69571959090447,2.705451936474977,14.479776034884654,60.20766740969135,0,2026-10-04 23:42:43
2026-10-04 09:42:00,CNC-03,H,295.5646207214909,309.37013536312685,1480.2102560705248,45.213241302207464,63.057247630826474,2.1236847723194106,12.600702808719678,61.84235735601536,0,2026-10-04 23:42:43
2026-10-04 16:52:00,CNC-02,M,299.5426601352068,314.74103646809334,1664.187054668192,46.75777744864427,143.63102182581238,2.4972970191877075,14.571829943597553,49.93909452026697,0,2026-10-04 23:42:43
2026-10-04 14:21:00,CNC-03,H,303.01726109877256,311.7786861637581,1458.8853318555175,49.11827901010749,260.07962550768093,3.2181533238831523,13.761987991092175,49.19773618175404,0,2026-10-04 23:42:43
2026-10-04 07:41:52,CNC-03,H,22.48927611282909,37.07516990583912,1734.2047024847072,43.47076157288658,151.1248417390876,25.120257759222966,14.107389397340457,58.600346745648075,0,2026-10-04 23:42:43
2026-10-04 13:18:00,CNC-03,H,297.13012721597795,311.6018307955018,1400.1320910297973,51.32550969840709,161.47951570316994,2.4438178782885824,13.436207260949484,53.980497867115695,0,2026-10-04 23:42:43
2026-10-04 12:24:00,CNC-01,L,296.83487555173207,311.8076307814824,1448.1569161393759,51.63082643247433,218.51443636614374,31.61642816061633,13.82492860994915,55.44163546292241,1,2026-10-04 23:42:43
2026-10-04 12:06:00,CNC-03,H,296.6277491391737,310.13856474130694,1261.0128808313698,51.620373953107176,47.422348911591165,1.94759295914777,12.018988104308017,60.839290404446885,0,2026-10-04 23:42:43
2026-10-04 05:11:00,CNC-01,L,296.28082099447846,311.5507345703117,2021.9460602294864,38.78980924397961,225.44628405078075,3.71958539964883,14.685864111973691,60.06271351476766,0,2026-10-04 23:42:43
2026-10-04 19:39:00,CNC-02,M,300.3837666612472,314.86336540740723,2344.1547199062893,30.05053273679999,128.03717534576992,3.1552319632905492,13.276976065758753,50.543953189363116,0,2026-10-04 23:42:43
2026-10-04 16:05:00,CNC-01,L,298.5936461451131,313.1233637015439,1703.2582927777528,42.96762010879927,119.94136725639372,2.525881374669427,13.469398043919824,61.768885446114766,0,2026-10-04 23:42:43
2026-10-04 10:18:00,CNC-01,L,295.94876262908946,309.63451736769235,1465.2378294758291,47.27632859311633,18.694176465330234,2.181271383544988,12.852416809446597,59.61733293355604,0,2026-10-04 23:42:43
2026-10-04 04:05:42,CNC-03,H,296.5076989440019,310.33078016327596,2331.0312607354485,28.58033035504984,117.31768588460288,30.38875226488309,12.478191615381098,1161.5399679241134,0,2026-10-04 23:42:43
2026-10-04 14:29:00,CNC-03,H,303.19479244537143,312.68141938696795,1382.7446578801905,56.999940587359035,272.5530853500095,3.3047396318654823,14.812845913348092,40.24327362044014,1,2026-10-04 23:42:43
2026-10-04 06:43:00,CNC-02,M,296.579187455778,311.0068390262764,1844.2294639385013,40.90216003519827,50.533512015234656,2.611677065531074,13.9101169817194,57.7156967952495,0,2026-10-04 23:42:43
2026-10-04 05:18:00,CNC-02,M,296.80675261397005,311.5264125902644,2126.336112592516,33.7628298515009,155.370065201818,2.987140387477322,13.43603811085556,58.51705310154146,0,2026-10-04 23:42:43
2026-10-04 18:34:00,CNC-01,L,299.64514806971,313.8877237124967,2035.7756965963288,35.412574319688616,106.74548726127435,2.7438454943063437,13.478482662556896,49.6056126971431,0,2026-10-04 23:42:43
2026-10-04 05:08:00,CNC-03,H,296.2056890671523,310.4999969702228,2278.9363646268744,29.573179134320657,194.0163407475469,3.2920136407688028,12.348445456336666,52.78430211967328,0,2026-10-04 23:42:43
2026-10-04 14:56:00,CNC-03,H,303.2205638204731,311.23959043089957,1602.101858829539,46.40298580899588,38.43232465311574,2.255757036931247,14.002770246484921,44.070184073659334,0,2026-10-04 23:42:43
2026-10-04 03:12:00,CNC-03,H,297.5522907914016,310.4638823936902,2421.631245080932,23.021263374780315,53.2916863133198,3.0290228674564683,10.441784989348484,61.07438333209225,0,2026-10-04 23:42:43
2026-10-04 04:25:56,CNC-03,H,296.7804077384001,311.3744571592433,2221.4987263280404,32.183349417871845,142.87906455314808,3.0784103754823815,13.537387879318233,59.00573193588787,0,2026-10-04 23:42:43
2026-10-04 04:04:00,CNC-02,M,297.1947840669298,310.6068218472358,2337.684385166953,27.001896720755774,63.28075963155701,2.9480295335979143,11.715572414101887,57.44493986748409,0,2026-10-04 23:42:43
2026-10-04 09:58:00,CNC-01,L,295.5904675343866,310.7625563674807,1483.567870286427,52.3802456113353,187.62984754782303,2.747751604122548,14.402693862554464,63.02224473398556,0,2026-10-04 23:42:43
2026-10-04 09:54:00,CNC-01,L,295.7144624785951,310.18255875159343,1421.5270964199574,50.262382541272636,181.32938071738187,2.6576921059393324,13.455941705209312,55.77861370510202,0,2026-10-04 23:42:43
2026-10-04 07:37:00,CNC-03,H,22.200729061130346,36.9050221076464,1611.039719100087,46.846616116066286,143.91466182643194,2.45446970787916,13.995649367889179,59.01338571208731,0,2026-10-04 23:42:43
2026-10-04 16:57:27,CNC-01,L,299.21681934233794,313.7030457525844,1811.0225995004691,38.60887200032782,195.86215011057226,3.1623586569837423,12.786140309556338,51.09774158574551,0,2026-10-04 23:42:43
2026-10-04 16:31:00,CNC-03,H,298.44712414621426,313.768126045852,1835.577269219621,44.34724567398001,178.91792637368007,2.804513427761154,15.054947942544457,54.144321826392364,0,2026-10-04 23:42:43
2026-10-04 00:32:00,CNC-03,H,298.475036452749,310.47769984696544,106069.99481912643,15.72362326799497,98.5685550961041,3.2741811301837114,8.192586861400136,55.039474237273,0,2026-10-04 23:42:43
2026-10-04 13:38:00,CNC-03,H,297.441087226076,312.0338494856462,1442.337675152699,50.24195163685047,193.1316768851151,2.5874472765224494,13.611765616698367,55.49723131793032,0,2026-10-04 23:42:43
2026-10-04 14:48:00,CNC-03,H,303.62226713528935,311.92771603236264,1574.0458866962765,47.827483284766146,26.234875632482563,2.251608134979029,14.168120495670726,46.55499847734494,0,2026-10-04 23:42:43
2026-10-04 16:40:00,CNC-03,H,298.73396697769925,313.85689106557567,1847.6470475380381,42.22257529429547,191.52712748692798,2.985668755810893,14.503932088636743,55.505274770344485,0,2026-10-04 23:42:43
2026-10-04 15:59:00,CNC-03,H,298.53081930061234,312.8571967021241,1630.5916839016531,45.26289770056111,132.6458385954118,2.3421744866723713,14.007626864306,53.80745592758645,0,2026-10-04 23:42:43
2026-10-04 12:41:00,CNC-01,L,296.64245575732957,310.26269740269544,1362.9877575571275,50.75303953763328,6.335462468309686,2.108659082167962,13.058494550008596,60.10487099653019,0,2026-10-04 23:42:43
2026-10-04 12:38:00,CNC-01,L,296.8822475675045,310.5483113714075,1405.1162574248651,48.27127603009019,1.6,1.8980233762353906,12.432371600397929,57.969868675554125,0,2026-10-04 23:42:43
2026-10-04 16:46:00,CNC-01,L,299.17630149944733,313.94812883187313,1696.6431758292981,43.015395679552434,178.98267628928028,2.960299062722438,13.915199421113602,50.20873099897191,0,2026-10-04 23:42:43
2026-10-04 07:14:00,CNC-02,M,296.3421586000169,311.1717431007065,1765.9104584027555,42.98224171938269,93.85314135973263,2.45679767282831,14.376193938151404,60.066352393155256,0,2026-10-04 23:42:43
2026-10-04 03:57:00,CNC-03,H,296.5710780341723,310.39449839725654,2263.918995976939,27.47395102037762,106.40467699963865,2.8197901086397534,11.681995682620702,57.934928218561915,0,2026-10-04 23:42:43
2026-10-04 11:53:00,CNC-02,M,297.46286823330047,312.20294599566796,1379.7682914474726,52.77349095968234,107.47050967375264,2.1991368657082253,13.711541593272793,57.81216972314834,0,2026-10-04 23:42:43
2026-10-04 04:13:00,CNC-02,M,9182.299119787664,311.0155411087528,2345.5070162207217,28.987470474451094,74.10053498257909,3.017502213728665,12.713208167071441,59.51213805046585,0,2026-10-04 23:42:43
2026-10-04 17:07:00,CNC-03,H,298.6688497878292,311.9644615149446,1950.8574449585828,32.82652477060866,4.196436205678394,2.4387467537262304,11.963570940992913,57.29267431198442,0,2026-10-04 23:42:43
2026-10-04 19:54:00,CNC-01,L,299.31887651835905,313.51644936525935,2408.670677697083,26.961810140892428,206.47189447559916,3.7310653342945788,12.061819741902351,52.67333705285386,0,2026-10-04 23:42:43
2026-10-04 13:15:00,CNC-03,H,297.3353697315649,311.91086854951715,1443.6065263818637,52.24410768973565,156.68193809642707,2.3301454032335545,14.176800467395658,60.32258242391588,0,2026-10-04 23:42:43
2026-10-04 20:53:00,CNC-01,L,299.35877337304345,311.9056042420257,2450.4724716825976,,35.97904329891814,3.1418684905721626,9.41042814942827,50.540277356843305,0,2026-10-04 23:42:43
2026-10-04 06:16:00,CNC-01,L,295.75884167918946,309.48829959246774,1975.6651442921627,33.87662780072591,81.3317640044028,2.616758088469744,12.294155520184619,61.834797696070595,0,2026-10-04 23:42:43
2026-10-04 04:11:00,CNC-03,H,296.69017135138455,311.29068721190384,2326.9848906934567,31.0947597185745,123.3095023451881,2.933227956114863,13.530352585462195,54.13204962592289,0,2026-10-04 23:42:43
2026-10-04 19:18:35,CNC-02,M,300.48452824757396,315.3407507099631,2135.6253255341717,35.78314411219432,102.31686486163568,2.828682333274352,14.334365192823673,48.10222284386069,0,2026-10-04 23:42:43
2026-10-04 00:02:00,CNC-02,M,298.9407708858221,310.4463743769448,2702.9230338446846,13.751853210859585,38.19475453697443,3.2554734990436787,7.200989745030947,55.184439916144285,0,2026-10-04 23:42:43
2026-10-04 13:06:00,CNC-02,M,298.04512613912704,311.68417500192066,1331.7670847969596,50.562774384800804,15.927403541087692,2.024169632793507,12.433180591774354,52.63215305797817,0,2026-10-04 23:42:43
2026-10-04 10:11:00,CNC-03,H,295.3841521647411,309.1050419128764,1326.6352263287708,49.18776305138038,108.25573630536714,2.055894168682933,11.888183682381715,59.99361906542389,0,2026-10-04 23:42:43
2026-10-04 11:07:00,CNC-01,L,,37.10179972247329,1370.0712750688033,51.20691424270458,96.16938251679952,2.1420106526612686,12.956668816276025,59.25762438638795,0,2026-10-04 23:42:43
2026-10-04 11:34:00,CNC-02,M,297.5803248222278,311.8602546004423,1293.0574751683826,53.97951464441058,77.3483200319071,2.0853305882317317,13.27027597644612,59.44196133666996,0,2026-10-04 23:42:43
2026-10-04 00:07:00,CNC-02,M,298.75104451449147,311.02803568988827,2642.00104568329,18.531318610667054,43.480049082855864,3.3253092228982575,9.270596613501922,54.64122261591801,0,2026-10-04 23:42:43
2026-10-04 06:33:00,CNC-03,H,295.58113061128336,310.00214400413904,1936.6148437053357,38.85718757271012,53.8248405775777,2.5177160061085155,13.949118863466644,59.22906487550344,0,2026-10-04 23:42:43
2026-10-04 07:21:00,CNC-01,L,295.6205878999578,310.6519293312469,1820.9855818190235,42.43315910267417,171.14305408761913,2.9196740531930057,14.41391420302822,57.74915206926673,0,2026-10-04 23:42:43
2026-10-04 03:29:00,CNC-02,M,297.4923247598832,310.4786932697963,2448.2249527500185,23.380634647669424,21.83296070072955,2.9891411411875892,10.502322679906147,57.21808447883934,0,2026-10-04 23:42:43
2026-10-04 20:08:49,CNC-03,H,298.67347447737353,311.2213167894636,2374.1228802278397,21.66336385349272,1.1957865656630395,2.952894369081698,9.642244857864965,56.759849199888436,0,2026-10-04 23:42:43
2026-10-04 12:19:00,CNC-01,L,296.83075118371806,311.5509878189948,1325.441434740782,54.75782338885522,210.57333422318038,2.840277794815624,13.429831575265979,56.43128987203908,1,2026-10-04 23:42:43
2026-10-04 13:55:00,CNC-02,M,303.9256054602851,312.62560601668923,1511.1450319451067,50.52379489773461,92.88097721780068,,14.419969647981526,50.851548279200045,0,2026-10-04 23:42:43
2026-10-04 16:49:00,CNC-02,M,299.7411522190907,314.37269955743596,1815.4539804999756,39.683664659932354,139.3975299153506,2.725408739567375,,50.86157380154667,0,2026-10-04 23:42:43
2026-10-04 04:37:00,CNC-01,L,296.6626602135355,,2163.5462455585825,30.63382897679281,182.53231607234457,3.3687645643480226,12.393807063125108,57.49889825106689,0,2026-10-04 23:42:43
2026-10-04 13:05:00,CNC-02,M,298.3630365628413,312.5696726626882,1434.4803525960283,52.00775419951561,14.327403541087692,1.984316062999136,14.099685091545572,51.717231312870965,0,2026-10-04 23:42:43
2026-10-04 15:15:00,CNC-03,H,303.3978998486686,311.5504888748097,1691.3326903789794,43.10411495860469,67.10436233589135,2.349766566898038,13.471136329638153,47.72655487535566,0,2026-10-04 23:42:43
2026-10-04 02:15:00,CNC-03,H,297.81912177844424,311.14343695127417,2626.3244484464876,20.457940768898606,209.6525910956984,36.39701830546203,10.04248793388006,52.142076874057636,0,2026-10-04 23:42:43
2026-10-04 17:06:00,CNC-01,L,299.1671647818361,314.275451412384,1935.070177102296,39.33117975435119,207.0082674598152,3.402157292681082,14.187279547016452,50.964102815679034,0,2026-10-04 23:42:43
2026-10-04 10:36:00,CNC-03,H,22.397248203327536,37.254454194750906,1584.965709929957,48.40715456226353,147.55725710562888,2.4323293392487253,14.430094133856892,59.258490194751495,0,2026-10-04 23:42:43
2026-10-04 01:06:00,CNC-03,H,298.29293809438036,310.94924902582125,2760.92385266749,16.915042013710803,134.83059252600555,3.4277652525010773,8.849054356668335,50.602532836631674,0,2026-10-04 23:42:43
2026-10-04 20:17:00,CNC-03,H,299.0814807013937,311.0657331811573,2478.1779749609145,18.530005287302025,11.660710319429956,3.0488518498453545,8.51572211681627,54.94099372556066,0,2026-10-04 23:42:43
2026-10-04 07:23:00,CNC-02,M,296.5835381636775,311.08573951568434,1981.4990904461122,36.74798452539328,106.72992817163285,2.7631791265560217,13.87656454040324,53.834796137639614,0,2026-10-04 23:42:43
2026-10-04 01:37:00,CNC-01,L,298.25632508952975,311.1456391648145,2774.00595576021,17.365759008879433,169.0073737628527,3.702837877809632,9.159001558706553,50.16016531962645,0,2026-10-04 23:42:43
2026-10-04 17:25:26,CNC-03,H,299.0080719087737,312.8652113729919,1858.5153420279291,39.15318558068657,27.688824506640085,2.4017750687489148,13.517952918522234,53.79711451364895,0,2026-10-04 23:42:43
2026-10-03 23:49:00,CNC-01,L,299.11036538442596,310.36812501753616,2731.664272794909,13.00463339898144,54.02552979319272,3.308237316703106,6.651015484025997,52.994920431289316,0,2026-10-04 23:42:43
2026-10-04 19:55:27,CNC-02,M,300.4082269759203,314.37630170738805,2332.6938919593795,26.217807678678724,148.58364917025978,3.0652200933949754,0.0,50.061307444470856,0,2026-10-04 23:42:43
2026-10-04 01:41:00,CNC-03,H,297.6924174443862,310.58622074825695,2671.2931452571997,17.004483683165724,172.53855501941948,3.457383572408826,8.566054886554497,53.69241901798971,0,2026-10-04 23:42:43
2026-10-04 16:08:00,CNC-01,L,298.6215293184766,312.9326813232382,1614.2169301537795,42.246440097337626,124.36600495505067,2.335200766086967,12.626700742074542,51.034767396599634,0,2026-10-04 23:42:43
2026-10-04 10:51:00,CNC-02,M,24.074131793241463,37.62503817300808,1508.7360531779734,43.852654517052926,9.409949143195943,2.19166278249066,12.10403034797061,59.17850687327547,0,2026-10-04 23:42:43
2026-10-04 22:26:00,CNC-03,H,298.5651388019289,312.1487882738713,2609.4323052896443,22.06219184814942,156.1793194868091,3.3704691376356193,10.71169524944996,57.87452508162356,0,2026-10-04 23:42:43
2026-10-04 09:08:00,CNC-01,L,295.35488346495674,309.65900433320274,1409.3819331045186,49.105620768703304,110.5356564089831,2.2606480149602075,12.990752379570756,61.52276683455683,0,2026-10-04 23:42:43
2026-10-04 13:32:00,CNC-01,L,297.318922221615,311.9115606128712,1523.1047267542922,50.60038823774294,86.9055001082396,2.2194879780498034,14.593910539372306,53.234166093814295,0,2026-10-04 23:42:43
2026-10-04 03:58:00,CNC-01,L,296.5743088692158,309.7264570870244,2365.865808382728,23.12579999317386,135.2472952144071,3.081247282682022,10.212375577697003,52.53893882963506,0,2026-10-04 23:42:43
2026-10-04 06:58:00,CNC-03,H,295.3335957392405,309.9883985357213,1806.9715481301316,42.629741957311666,88.58562993167303,2.505173552659982,14.403471917972734,62.04272285037692,0,2026-10-04 23:42:43
2026-10-04 00:58:00,CNC-01,L,298.5619220632236,311.1215835022685,2757.0123894248995,16.939295144998173,127.21102776780268,3.5239782562876507,8.91143304471041,55.01631109843104,0,2026-10-04 23:42:43
2026-10-04 03:17:00,CNC-02,M,297.2609579640071,309.07202080291086,2375.009256020891,18.105361251185368,7.982165754023389,2.9990173523573933,8.030791887633965,58.642816624925736,0,2026-10-04 23:42:43
2026-10-04 06:32:00,CNC-01,L,296.0630988135402,310.0431918127752,1944.8172667749875,34.656983803498555,102.9290986419513,2.6717791339430543,12.169232198335836,57.88684437569591,0,2026-10-04 23:42:43
2026-10-04 03:30:00,CNC-02,M,297.50228457927716,310.0816427055325,2468.3115834858154,22.63777473808598,23.010134820226927,3.1004786069413326,10.343393296922134,57.141540123617084,0,2026-10-04 23:42:43
2026-10-04 13:43:00,CNC-02,M,298.2028814089369,312.67196187920774,1481.7604238511205,49.640067930510014,74.13207441998281,2.10345019138547,14.108408998138588,55.96193849823543,0,2026-10-04 23:42:43
2026-10-03 23:49:00,CNC-03,H,298.9703829643641,310.5299722529185,2751.3931433778503,14.325799893450204,52.871477324299846,3.245006613299688,7.400468799676586,55.61703347906631,0,2026-10-04 23:42:43
2026-10-04 05:15:00,CNC-01,L,296.1928827624262,308.8070804621064,2152.611039130744,26.028412478993697,1.287112915163974,2.6753493757260336,10.370278494671256,60.81774501936315,0,2026-10-04 23:42:43
2026-10-04 01:24:00,CNC-03,H,297.79111869394393,309.8933405171391,2819.632335866976,14.77565533078923,154.10721925238133,3.619207631340593,7.832968955760611,55.148604833087326,0,2026-10-04 23:42:43
2026-10-04 20:17:00,CNC-01,L,299.31762506817165,312.671806786371,2357.4637909688117,22.78891802965758,233.82986662973178,4.079460617266798,10.047929019197262,49.63210291310094,0,2026-10-04 23:42:43
2026-10-04 11:41:00,CNC-03,H,296.47040646967884,309.863210223231,1331.2498828215898,49.383043697187915,7.93333682059934,2.005799879653723,12.166968837034165,55.49813458420595,0,2026-10-04 23:42:43
2026-10-04 04:20:00,CNC-02,M,297.1296412677615,309.75713453717964,2504.006182008772,20.750577898529787,82.55582505745635,2.9386182588569154,9.791911752277398,52.8688466231173,0,2026-10-04 23:42:43
2026-10-04 12:56:00,CNC-01,L,296.955655055288,311.0087261745635,1506.3573896782227,47.46765370288473,29.96393728042813,2.217097407197882,13.647601191604593,56.621170710287345,0,2026-10-04 23:42:43
2026-10-04 12:18:00,CNC-03,H,296.7836097661607,311.0001229339032,1433.2456093929522,52.01705410138345,66.51166587296214,2.1769856635882094,14.137874906577228,58.016666970648274,0,2026-10-04 23:42:43
2026-10-04 00:50:00,CNC-02,M,298.34404155007917,310.24361086939416,2723.809436884621,15.140794944381861,89.24297421672854,3.2539721699651727,7.791577576366394,52.66478977148287,0,2026-10-04 23:42:43
2026-10-04 11:02:00,CNC-01,L,22.612206861135974,36.283296366641025,1451.128731156668,46.05766409334171,88.20290094114506,2.1728656819351904,12.609248163533604,55.817828094691016,0,2026-10-04 23:42:43
2026-10-04 10:00:00,CNC-02,M,296.9672076907326,311.99627338828884,1529.854693080415,50.76481090229758,137.5829114018216,2.4173534290075547,14.512719768435247,55.4213672330431,0,2026-10-04 23:42:43
2026-10-04 13:47:00,CNC-03,H,297.1079340469036,311.81531751953514,1450.2273365015662,49.36457229021581,207.22405641332148,2.6777625658482167,13.418097130975154,54.93449531806902,0,2026-10-04 23:42:43
2026-10-03 23:53:00,CNC-03,H,298.94108736335767,310.9185754790267,2651.565852383205,16.024552663503137,57.118905076974855,3.2482823873800095,7.916141140527465,56.6369904537895,0,2026-10-04 23:42:43
2026-10-04 07:11:00,CNC-01,L,295.60948378482846,310.36434592918096,1944.18370392673,37.93592076479354,156.97933782165,28.093718232158007,13.802748269218082,55.040269432272986,0,2026-10-04 23:42:43
2026-10-04 03:36:00,CNC-02,M,297.2491850420967,309.95227927535745,2459.717209845138,20.95287486584636,29.986074536036558,2.999536331061596,9.663524192712654,56.81951982782854,0,2026-10-04 23:42:43
2026-10-04 05:40:00,CNC-01,L,296.179974359938,309.45849178977716,2155.2370923768026,27.39433879116993,33.611146839878344,2.6980795326728138,11.172835361337652,58.15002475072321,0,2026-10-04 23:42:43
2026-10-04 08:04:00,CNC-01,L,22.35276386101856,36.11355919663572,1664.5408501571728,42.6104453737108,14.553592782209373,2.216060666575413,13.320844742548458,56.691722014489315,0,2026-10-04 23:42:43
2026-10-04 15:45:00,CNC-03,H,298.3825600880354,312.8688062452842,1574.381157314754,46.60302830497562,111.82429464733843,2.2887993529665653,13.782351837640721,51.63396694616545,0,2026-10-04 23:42:43
2026-10-04 22:25:00,CNC-02,M,299.9557630001006,313.0717473713758,2564.3514472300085,20.501398506599077,77.15170309662804,3.223051010058833,9.940144417300814,50.145907222439064,0,2026-10-04 23:42:43
2026-10-04 16:09:00,CNC-03,H,298.36812123228293,313.24071889257453,1833.248796627619,42.159648292897295,147.06143912810668,2.7059146704163672,14.491456092989624,52.2415912618317,0,2026-10-04 23:42:43
2026-10-04 07:36:00,CNC-01,L,22.370006279316385,37.78664746216026,1906.956838119364,42.51334054162902,192.463971183133,3.231979993859309,15.093098523312923,58.58610425044011,0,2026-10-04 23:42:43
2026-10-04 09:03:00,CNC-03,H,295.5491908437388,309.39342730759324,1633.4569268205482,43.306984311533874,3.0069625181494386,2.2286398932035025,13.053027789947567,63.51600189270678,0,2026-10-04 23:42:43
2026-10-04 09:26:00,CNC-03,H,295.57083156800206,309.76255240061647,1562.1295294307229,47.11452472868019,38.285542181063,2.2681994091750854,13.601200933048684,59.93909770743117,0,2026-10-04 23:42:43
2026-10-04 02:34:00,CNC-02,M,298.22582928027094,311.800580610469,2737.6443024497066,19.802969743653662,202.14012817963564,3.9793910626310143,10.012265793141989,56.89724080298635,0,2026-10-04 23:42:43
2026-10-04 10:42:00,CNC-03,H,23.18348177664143,37.164076116461956,1408.765334681721,47.21877797865634,157.060510680024,2.37631458264292,12.77442224363985,58.081784043207726,0,2026-10-04 23:42:43
2026-10-04 03:41:00,CNC-02,M,297.1373095801505,310.1353728769308,2271.6260793299925,25.97841072006674,35.92460389640758,2.8759547007586033,11.07370446761869,56.99614307799953,0,2026-10-04 23:42:43
2026-10-04 12:22:00,CNC-03,H,296.35717019291945,310.52398229445527,1497.3199367717016,47.5125547073697,72.79407097396493,2.1321601330222677,13.512043823826467,56.03929612012814,0,2026-10-04 23:42:43
2026-10-04 10:15:58,CNC-02,M,297.39865469515,312.50240157858735,1464.3696509457861,53.1822475555135,162.77819717091515,2.388419686487096,14.561048266425098,53.42717876543353,0,2026-10-04 23:42:43
2026-10-04 18:29:00,CNC-02,M,300.20775156483796,313.5718085005427,2149.8100672727974,27.183137269200202,40.64738634342491,2.713388556101931,10.932613213296388,49.93998981547575,0,2026-10-04 23:42:43
2026-10-04 08:12:00,CNC-02,M,23.666726421660996,38.57804324510903,1498.5822434647525,48.603882344551444,178.1503126893465,2.648897126321353,13.74918310959518,51.67731289201317,0,2026-10-04 23:42:43
2026-10-04 17:32:00,CNC-03,H,298.8017085622604,312.29273204751917,1980.6575976830009,32.36803790092516,38.67675702298422,2.5454056248919517,11.837462151458018,50.103649971730384,0,2026-10-04 23:42:43
2026-10-04 20:42:00,CNC-02,M,300.50131287397875,315.0118394448819,2344.524117771374,28.428792405523033,202.53971230145382,3.570926448207589,12.720007187224686,50.87062860850752,0,2026-10-04 23:42:43
2026-10-04 20:10:00,CNC-03,H,298.87924010399905,310.98423572171805,2456.3858714410544,19.86427345603877,3.532006494066975,3.1286996232096285,9.094916717567589,56.13906685267263,0,2026-10-04 23:42:43
2026-10-04 06:22:00,CNC-02,M,296.50185103885457,310.41709624406576,1916.775052783148,35.3236281662927,21.643281856244723,2.5588839453572443,12.58037811642372,57.18016844437987,0,2026-10-04 23:42:43
2026-10-04 15:25:00,CNC-02,M,299.2649135144374,313.1515942654966,1673.3948608321807,39.193271598114485,16.59852598446238,2.2437045258788975,12.553969129736322,49.34349107952878,0,2026-10-04 23:42:43
2026-10-04 00:48:00,CNC-02,M,298.6008591597302,310.0549781414152,2692.296850965952,13.668148367092494,87.15284124156176,3.2759992718669073,6.972706583760849,50.910637042779705,0,2026-10-04 23:42:43
2026-10-04 11:31:00,CNC-01,L,296.293685862178,309.9175105931072,1252.4267317684362,47.7504069691798,134.3250013174513,2.2221366772984528,11.129582395402293,60.29878013707623,0,2026-10-04 23:42:43
2026-10-04 12:40:39,CNC-02,M,297.9193373719314,312.68212191251916,1422.405912112849,49.368579254223235,183.79768342537798,2.719980552214516,13.266313185849121,57.25226509341068,0,2026-10-04 23:42:43
2026-10-04 21:12:00,CNC-01,L,299.13063035328076,310.67899196104446,2628.5296473035332,14.302389106869636,57.54130240182995,3.089633253448983,6.955384442717014,53.617475566547746,0,2026-10-04 23:42:43
2026-10-04 11:08:00,CNC-03,H,23.265560585170704,37.90458076779049,1408.2887959443208,51.47590341145164,198.29607029303625,2.640330981114981,13.628853057914363,59.1184185251974,0,2026-10-04 23:42:43
2026-10-04 21:13:00,CNC-03,H,298.8992940773673,311.59940872260177,2568.7179973366133,20.820980950682113,75.4271151421614,3.054040404607811,10.25335306177268,50.34658014816396,0,2026-10-04 23:42:43
2026-10-04 05:31:00,CNC-02,M,296.55333879059395,311.14979758455814,1894.847328269156,38.93033116731563,171.95126925628216,2.7820555953746324,13.778659491674425,58.090078004436016,0,2026-10-04 23:42:43
2026-10-04 01:55:26,CNC-02,M,298.08533119382946,311.18454763102153,2691.485122861873,18.861085577203262,158.0114329183593,3.553176153876442,9.7810606835486,53.71214554956843,0,2026-10-04 23:42:43
2026-10-04 02:08:00,CNC-01,L,297.80901801582337,310.1900919617503,2425.058027003977,20.652159685401646,9.886478718174414,2.9864061886399926,9.399983439978076,58.19257985125649,0,2026-10-04 23:42:43
2026-10-04 20:09:00,CNC-03,H,299.05437765045946,311.5589232513393,2446.200203380606,20.42239557395993,2.3628846672913832,3.071170372004901,9.21915119064433,52.41567116241446,0,2026-10-04 23:42:43
2026-10-04 10:41:00,CNC-01,L,23.04041183938972,36.73326716078117,1354.2694677723239,50.69105618473165,55.072988626378226,2.0538919574819476,12.695143686405277,59.54648014432084,0,2026-10-04 23:42:43
2026-10-04 02:06:00,CNC-02,M,298.0102426086309,310.4099027443634,2644.6459693081224,15.956911464487254,171.16835474054446,3.5025517933642156,7.796297348389931,54.22246117988756,0,2026-10-04 23:42:43
2026-10-04 02:45:00,CNC-01,L,297.17417084327764,309.0565882207225,2670.6629892962255,16.20377888259759,50.80167990518596,3.231124146540251,8.173481804951019,60.41364805591749,0,2026-10-04 23:42:43
2026-10-04 19:30:00,CNC-03,H,298.88874958124046,312.8807662765106,2311.204936129228,27.952408522665092,191.10146246580274,3.2586662855188915,11.86794389199734,54.93598329227173,0,2026-10-04 23:42:43
2026-10-04 09:46:00,CNC-02,M,296.693603310356,311.1977145720201,1633.2821542280728,44.0430315059089,115.95205667668193,2.2730156209219947,13.321909364750162,58.28404871005998,0,2026-10-04 23:42:43
2026-10-04 02:36:00,CNC-02,M,298.08653098440993,310.9410751894669,2773.9109348167563,18.119037894438733,204.35570434005805,3.898677993155303,9.620604632734006,60.412044943192626,0,2026-10-04 23:42:43
2026-10-04 02:30:00,CNC-01,L,297.3293886624131,309.3522269307171,2552.6316259496807,17.88061458184144,34.1118358711053,3.090600032452124,8.309543273090563,55.33361210976134,0,2026-10-04 23:42:43
2026-10-04 04:44:00,CNC-01,L,296.37405430154865,310.6700750301289,2343.8971111264427,29.688511883232863,191.32323649870432,3.6751412443329636,12.971132133194592,62.099824993491275,0,2026-10-04 23:42:43
2026-10-04 06:08:00,CNC-03,H,295.4613540926823,309.10634388829254,1791.3411502567797,37.94906225424393,20.01624521496174,2.408079082278031,12.690940016450798,61.288644695757526,0,2026-10-04 23:42:43
2026-10-04 09:02:00,CNC-03,H,295.61070200483505,309.3000061372658,1628.3111200360036,43.356237635506574,1.5012445313955314,2.3156995827597666,13.253840982500513,63.87406911322077,0,2026-10-04 23:42:43
2026-10-04 21:42:00,CNC-02,M,299.89324229082183,312.22108177623574,2647.2547893967558,17.737248209663292,30.268542732542656,31.610182764765682,8.947495151275843,55.01415653183507,0,2026-10-04 23:42:43
2026-10-04 16:31:00,CNC-02,M,299.36770190106944,314.9300790349636,1706.4362642006395,49.35110475512742,113.8930181560967,23.72477966120073,15.851812390068092,52.81580181107602,0,2026-10-04 23:42:43
2026-10-04 06:21:00,CNC-01,L,296.28451909481157,311.0443303547783,1970.79204762216,38.728454070931186,88.08303680742175,2.646050363910688,14.250735789593495,56.73626505054979,0,2026-10-04 23:42:43
2026-10-04 16:56:00,CNC-02,M,299.8299064768231,314.73639008682176,1875.4385501773245,38.48712490609266,149.282724220867,2.7955435754196594,13.572792957748261,51.93421111135726,0,2026-10-04 23:42:43
2026-10-04 14:08:15,CNC-02,M,304.156806039788,313.2232696722234,1431.1202565671433,51.99616683320836,111.63463829905162,21.156739711462944,13.735079919816137,43.66879502987794,0,2026-10-04 23:42:43
2026-10-04 01:07:00,CNC-01,L,298.3199210565774,310.6645828378597,2881.112375845043,14.677677196886025,136.84105225995643,3.636867717561748,7.973046468505681,57.04776893474419,0,2026-10-04 23:42:43
2026-10-04 14:51:49,CNC-02,M,304.0882327388002,313.2416883752322,1421.1789256565778,53.130185236329204,182.73501334657817,2.5449607600273785,14.009967643367586,46.033054792536724,0,2026-10-04 23:42:43
2026-10-04 01:41:00,CNC-01,L,298.019616256474,311.06520867684554,2671.2817502807466,19.972324036115346,173.31163126594632,3.6719159349753627,10.000342827189602,54.785050157029254,0,2026-10-04 23:42:43
2026-10-04 06:01:33,CNC-03,H,295.7332577366232,309.40139302400075,1936.1815159316388,35.374064640165834,10.626468413628453,2.430301441220177,12.854182771458637,60.073724064841755,0,2026-10-04 23:42:43
2026-10-04 22:51:00,CNC-03,H,298.62539976333363,311.54357912981067,,17.281548854214694,182.8435552173448,3.8280870899092196,8.81787940945712,54.39269307861689,0,2026-10-04 23:42:43
2026-10-03 23:56:00,CNC-02,M,298.73396021591356,309.9206297877743,2687.5055509946815,12.372975627161928,31.821112216687254,3.169105926161778,6.354400331195638,53.38027302321611,1,2026-10-04 23:42:43
2026-10-04 04:48:00,CNC-02,M,296.69952252770474,310.8086461311208,2213.8695399335224,30.185868731992294,117.11825565521107,2.975365584626503,,58.877534949415555,0,2026-10-04 23:42:43
2026-10-04 14:24:00,CNC-01,L,303.272872414763,312.4477567249281,1453.668682528955,54.23880053797445,168.00731281191395,2.7263999404554644,14.824984310307482,48.65637003117334,0,2026-10-04 23:42:43
2026-10-04 16:23:00,CNC-01,L,298.8394456906362,313.8282570328566,1724.9303305576998,44.669283506661415,146.15441559745764,2.6937203216274193,14.52368185599671,52.32617550499057,0,2026-10-04 23:42:43
2026-10-04 22:27:00,CNC-03,H,298.79033344998425,311.77393080688694,2728.7733029958704,18.450158519655556,157.21952850886524,3.546997333800923,9.248500094003807,52.361623556425606,0,2026-10-04 23:42:43
2026-10-04 18:54:00,CNC-01,L,299.73343636335056,313.9084046746326,2154.635152784951,32.04211469335619,132.31375331886227,3.085292364609992,12.843433166848564,53.27882210006355,0,2026-10-04 23:42:43
2026-10-04 17:28:00,CNC-01,L,299.4408200610558,313.0869665804918,1936.724494670442,34.768238605762306,19.08964484672595,2.5220639715706596,12.485353511815518,54.28067158020062,0,2026-10-04 23:42:43
2026-10-04 07:39:00,CNC-01,L,22.365673109840827,37.53456835834584,1798.600464450076,44.601944055748014,196.7837712526478,3.191529578046368,15.240686182924541,61.74297713180347,0,2026-10-04 23:42:43
2026-10-04 16:59:00,CNC-02,M,299.84867187625645,315.01127526961545,1932.6319032244678,39.700459156920815,153.54861524004195,27.324460887813338,14.366079856893366,48.60029642521204,0,2026-10-04 23:42:43
2026-10-04 23:25:34,CNC-01,L,298.8558882610441,311.0703762310082,2728.825929663909,18.124650376841945,8.635987700432999,3.2092757700371277,9.491764813906778,57.31609793828102,0,2026-10-04 23:42:43
2026-10-04 10:54:00,CNC-02,M,24.00658974298409,37.79723666868517,1357.8499629963474,50.0787172468853,14.138297950935748,2.0535571659316942,12.789304239658193,59.086610970479335,0,2026-10-04 23:42:43
2026-10-04 18:26:00,CNC-02,M,300.24823631466023,314.2564555435432,2137.4368504425734,32.37838575509212,36.85508354402998,2.6872037582551873,13.01408924398711,48.646875876678024,0,2026-10-04 23:42:43
2026-10-04 21:45:00,CNC-01,L,299.0968813266723,312.58182315121286,2492.530711332184,24.90469829984936,94.41219974141445,3.042667159899761,11.600501053082168,53.747583170165626,0,2026-10-04 23:42:43
2026-10-04 22:50:00,CNC-01,L,298.9653630251168,312.7776951716915,2585.917175585142,24.27631730083559,165.1255204034689,3.604604916119597,11.478761767222611,51.109322925535864,0,2026-10-04 23:42:43
2026-10-04 05:57:00,CNC-03,H,295.62007336625703,308.708914688697,2086.259768220839,29.48776633158856,5.285489722841705,2.6357978190858407,11.545756754711686,60.0532575694423,0,2026-10-04 23:42:43
2026-10-04 16:49:00,CNC-01,L,299.35479714574956,314.18856335170415,2092.654986500458,36.020898013382826,183.20792624839538,3.3708141964779195,14.148108113635535,50.92153998661191,0,2026-10-04 23:42:43
2026-10-04 17:34:00,CNC-02,M,300.1857832835839,315.32363697364224,1922.716140859518,37.695987542573214,201.96379231204585,3.1884357495255253,13.636062934132651,51.47943583976385,0,2026-10-04 23:42:43
2026-10-04 00:46:00,CNC-03,H,297.96106493650916,309.482904402705,2656.5681155199886,13.441159765996431,113.53634646739957,3.2735088669078944,6.667707143568175,58.05703339589592,0,2026-10-04 23:42:43
2026-10-04 17:14:41,CNC-01,L,299.34458936180306,313.10094957669173,2046.300081363754,33.6118630532603,1.339084059036749,2.613152290364259,12.906593473147314,51.94743946174731,0,2026-10-04 23:42:43
2026-10-04 17:10:00,CNC-03,H,298.7369704566376,312.29518126389814,2037.779884398244,33.30330711727751,8.36527999785857,2.756461360025206,12.895279009373612,55.19030176177915,0,2026-10-04 23:42:43
2026-10-04 13:07:00,CNC-01,L,297.2029351513072,311.2611364817871,1367.1772798251968,53.43877066026029,47.44291636518487,2.0574461735210545,13.865085945164557,50.58758592491533,0,2026-10-04 23:42:43
2026-10-04 14:39:00,CNC-03,H,303.61272691754704,310.94278834472806,1277.6480007294017,50.702051776871265,12.524261664487785,1.84704646040325,12.082489045294574,46.48285502875054,1,2026-10-04 23:42:43
2026-10-04 00:51:00,CNC-03,H,298.2839015181228,310.3798473434101,2764.314633271626,14.832249692508992,118.92351467660573,3.3274947860200643,7.43628626056785,52.40043128551238,0,2026-10-04 23:42:43
2026-10-04 04:03:00,CNC-02,M,296.73470292305177,309.39291890385437,2457.165909374089,21.104301612650836,62.07472263322379,3.0499270369034037,9.882498294906961,53.759112354898996,0,2026-10-04 23:42:43
2026-10-04 18:26:00,CNC-01,L,299.60861798149074,313.4917407057869,2144.2415626733173,30.586339649546996,96.3675579620329,2.832820246045447,12.352194897642464,52.53019258167107,0,2026-10-04 23:42:43
2026-10-04 15:05:00,CNC-01,L,298.4281175526781,312.1911444063842,1648.1581668685442,41.804809965559514,30.602811920728037,2.2657477099255767,13.036911570129513,55.46947275750945,0,2026-10-04 23:42:43
2026-10-04 17:58:00,CNC-02,M,300.3254736896933,314.52804733092677,1977.2202824938086,35.967715129002976,0.0,2.6242774187231452,13.312212951680518,52.5282504175583,0,2026-10-04 23:42:43
2026-10-04 10:40:00,CNC-03,H,23.020307525736314,37.63906253104693,1383.382405468273,54.067837296068845,153.9078104575826,23.020309572174455,14.194159187545807,57.914161954844595,0,2026-10-04 23:42:43
2026-10-04 00:59:00,CNC-01,L,298.59680006292973,,2499.948294122298,24.441222497681082,128.36727698106975,3.2969834367052453,11.637592113089394,48.75430797352831,0,2026-10-04 23:42:43
2026-10-04 16:38:00,CNC-03,H,298.8356141071324,313.53768521249765,1845.4623354189519,40.858203040110055,188.78590171918907,2.938880166212402,14.116230955099264,55.46186712484731,0,2026-10-04 23:42:43
2026-10-04 05:58:00,CNC-03,H,296.025036574826,309.5223357880793,1998.7369423386,33.12921817960297,6.631708876503959,2.4598414950114065,12.230764480191798,1104.3985842273057,0,2026-10-04 23:42:43
2026-10-04 11:58:00,CNC-01,L,296.73921145072296,311.27125802116484,1330.3079662802518,53.616902729416594,177.27013051086757,2.5757256529710517,13.140398714783373,58.294915238594335,0,2026-10-04 23:42:43
2026-10-04 01:51:00,CNC-02,M,298.41785921937327,311.1437633440432,2654.8796270947123,16.891856060635092,154.75191203451075,3.5535814425616694,8.270281356727844,55.95256709591844,0,2026-10-04 23:42:43
2026-10-04 01:26:00,CNC-01,L,298.15089636646127,,2584.6865168497284,23.512510045903753,157.10423144614933,3.5737036319111417,11.388498986727933,56.952358291678166,0,2026-10-04 23:42:43
2026-10-04 12:21:00,CNC-02,M,297.5286134390993,312.0260844354083,1364.24082937993,51.32862086129115,152.06439196192656,2.3095142019882284,13.051280265576107,52.85130486977114,0,2026-10-04 23:42:43
2026-10-04 01:12:00,CNC-03,H,297.9907164792873,309.76930836843223,2697.9797641509717,14.139371305724593,141.31778333851972,3.377621846581686,7.182883049685054,55.819444023667835,0,2026-10-04 23:42:43
2026-10-04 09:24:00,CNC-03,H,295.56384115240184,309.0465129820794,1526.470531223964,42.69005114208561,35.251025147658005,2.24837706199014,12.159764590462949,61.09732889100442,0,2026-10-04 23:42:43
2026-10-04 19:40:00,CNC-02,M,300.2456578125697,313.4701746562785,2348.869549428637,21.986861325523073,129.211128271912,3.072833225303858,9.873896032150972,51.38568608932313,0,2026-10-04 23:42:43
2026-10-04 12:40:00,CNC-02,M,298.1107038374307,312.78460646048416,1458.290019647882,48.26981881372569,182.2058439944848,2.586497373787619,12.841473532943258,57.925357653371236,0,2026-10-04 23:42:43
2026-10-04 14:49:00,CNC-02,M,304.2110391795582,313.3770322576905,1570.8858149095631,47.83123257145206,176.5848113973689,2.7012904357379677,13.953880563075144,44.87498451208693,0,2026-10-04 23:42:43
2026-10-04 06:47:00,CNC-02,M,296.6040085724229,309.87510470105167,1925.8043620248725,31.24093527334181,56.03688319741731,2.637419173257774,11.34843970085062,56.74208799544103,0,2026-10-04 23:42:43
2026-10-04 04:38:00,CNC-01,L,296.4792549816313,310.72974708012913,2225.223381504402,29.198999707693837,183.79068566598977,3.57456698543096,12.18618807045735,56.46717739072133,0,2026-10-04 23:42:43
2026-10-04 04:14:00,CNC-02,M,296.90761362205865,309.72377105544945,2405.768419759793,22.982107923087842,75.29944491597185,2.912479498709067,10.247102868649991,56.20594742007076,0,2026-10-04 23:42:43
2026-10-04 11:53:00,CNC-03,H,296.6244831912925,310.4688142143577,1325.6475557981996,51.315185310700514,26.894212941050338,2.068022450491558,12.73877343737292,53.92788572118494,0,2026-10-04 23:42:43
2026-10-04 09:36:00,CNC-02,M,296.7170217754067,310.89182652371744,1583.1642410667207,43.0847290193984,100.49355295590419,2.2758142272830164,13.027840560974699,58.516588749311154,0,2026-10-04 23:42:43
2026-10-04 05:55:00,CNC-01,L,296.01864435129016,309.3846627113982,2043.1147826624579,0.0,53.23384648713879,2.6001911287689405,11.728829970547853,62.60259151386569,0,2026-10-04 23:42:43
2026-10-04 02:07:00,CNC-02,M,298.2958792787773,312.6904236026886,2481.4481770292095,,172.3220723402566,3.4148679189497564,12.838818124362055,55.593988139412524,0,2026-10-04 23:42:43
2026-10-04 03:41:00,CNC-01,L,296.56466324224243,309.74741699751075,2332.7625435484006,23.38044993996125,115.2663202598073,2.9958085428518118,9.97933056061404,57.84883354407368,0,2026-10-04 23:42:43
2026-10-04 17:02:00,CNC-03,H,298.6802502974853,313.9454713840868,1880.8409137722201,40.82895790439212,222.6220992138244,3.1917225320890403,14.314520398406913,57.444495714403146,0,2026-10-04 23:42:43
2026-10-04 17:02:00,CNC-01,L,299.28485025123257,314.58167610472844,1865.86442476713,42.43926732911852,201.4590038331296,3.4017392088675233,,52.84376087096336,0,2026-10-04 23:42:43
2026-10-04 05:06:00,CNC-03,H,296.1598962112063,311.49653870996076,2167.7577589159655,36.65650685124476,191.51414919433896,3.1635078798120246,14.71078804254711,55.942987344636606,0,2026-10-04 23:42:43
2026-10-04 21:09:00,CNC-02,M,300.27658415608823,314.37166889435207,2451.8797184737678,24.22258243790552,233.4660787643487,4.004507454374746,11.214074960940378,53.2197481374192,0,2026-10-04 23:42:43
2026-10-04 15:44:00,CNC-01,L,298.5380330827387,312.5243052407556,1722.3101597540717,41.44515711521986,88.94540424166385,2.4512853198029974,13.35320137511093,53.01310770538224,0,2026-10-04 23:42:43
2026-10-04 15:25:44,CNC-02,M,299.16024472959225,313.1925369842289,1609.643416967274,41.456945585237925,19.584297614337974,2.2445439461915675,12.565400365981725,53.99284235469531,0,2026-10-04 23:42:43
2026-10-04 15:32:00,CNC-01,L,298.45892098835685,312.4636586194198,1538.926059185054,47.18809678136437,71.15336426825642,2.292082721453895,13.647745750490017,54.533694581736526,0,2026-10-04 23:42:43
2026-10-04 22:55:00,CNC-03,H,298.3203869660542,311.23420721127985,2622.413540166283,18.762755158747765,187.14443553926822,3.5699663081307156,9.051136276391112,57.41270996329666,0,2026-10-04 23:42:43
2026-10-04 18:16:00,CNC-02,M,300.11908899790853,313.86200655332533,2177.700700232375,29.78581423139064,23.969707178053284,2.821955644227382,11.92925707785969,57.45373224643604,0,2026-10-04 23:42:43
2026-10-04 20:36:00,CNC-03,H,299.0332331914759,311.0285593324162,2563.648048818907,17.89061322975644,,3.112558667399937,8.689350685951192,55.010477889570495,0,2026-10-04 23:42:43
2026-10-04 09:52:00,CNC-01,L,296.0510813457068,310.7888067453753,1450.51149606563,51.80783501788406,178.22897541837213,2.6062727803824126,14.343189560163605,61.361952010908624,0,2026-10-04 23:42:43
2026-10-04 05:20:00,CNC-01,L,,309.52885288831516,2043.7218501235536,32.89089103647625,7.672789002646903,2.59742088347659,12.510637585649722,58.37733051345143,0,2026-10-04 23:42:43
2026-10-04 09:01:00,CNC-01,L,295.518517832474,309.9736458815984,1491.2053700471126,49.179498357009464,99.66688699899012,2.2907096672891933,13.57259574451907,55.14596645675405,0,2026-10-04 23:42:43
2026-10-04 06:25:00,CNC-03,H,295.62864842138873,310.06405983021773,1977.3751833876577,37.62652602288973,42.92771894318446,2.6006656151964647,14.066160791444696,57.5417784853475,0,2026-10-04 23:42:43
2026-10-04 05:35:00,CNC-02,M,296.9683786812768,311.2210972128964,2142.689048981293,31.32833178646301,177.10239043888026,3.236489437920009,12.546874114608062,53.36280629424455,0,2026-10-04 23:42:43
2026-10-04 20:49:00,CNC-03,H,298.7525676707219,311.71701205551375,2468.3385763423694,22.923590000770346,48.43755549976446,3.0090577976523094,10.45048826540185,56.43501558727484,0,2026-10-04 23:42:43
2026-10-04 16:06:00,CNC-02,M,299.38102334041815,313.6921930342286,1683.7470707452424,42.52385678190904,77.62320970061785,2.416976903387123,13.316740557199193,51.04629185306783,0,2026-10-04 23:42:43
2026-10-04 07:44:00,CNC-01,L,22.359884006850223,37.093240811788746,1622.7831968737669,43.65820156184503,204.05277883827546,3.0496524615881024,13.084350781020447,60.040764111139964,0,2026-10-04 23:42:43
2026-10-04 06:36:00,CNC-01,L,296.24015762363695,310.66565114501475,1958.0409830198178,37.099780906501664,108.43328148605447,2.610116139618411,13.566191692454007,59.35484432054794,0,2026-10-04 23:42:43
2026-10-04 07:53:00,CNC-01,L,22.361824386664296,37.34729163757504,1640.1513393184775,45.63933978940888,217.03252824354604,3.261063857457977,14.190143493757645,62.439137471253346,0,2026-10-04 23:42:43
2026-10-04 13:08:00,CNC-02,M,297.9586486035501,311.4998643533368,1396.484620228084,46.47811516385383,19.099586509196122,2.0055715503918816,12.279179789194972,55.658606442733856,0,2026-10-04 23:42:43
2026-10-04 15:07:00,CNC-01,L,297.9236557013193,312.92218876316446,1722.0922477330284,47.298522040214706,33.63234541775257,2.48699091876871,15.24339542948928,58.475271052136556,0,2026-10-04 23:42:43
2026-10-04 16:57:00,CNC-02,M,299.7842935510368,315.4668541271982,1831.4649407535276,46.831163242101304,150.71332145915503,2.7468480263336983,16.16968460411377,49.526041887496895,0,2026-10-04 23:42:43
2026-10-04 01:17:00,CNC-02,M,298.1856894025155,310.30658647563826,2788.224861805904,15.090202758919578,118.05795411880185,3.461182061513201,7.6322162320955345,52.847801156789,0,2026-10-04 23:42:43
2026-10-04 05:14:00,CNC-03,H,296.23051219459336,310.5372290050913,2249.067095778985,30.01115609081095,201.58005604290554,3.3835094403007457,12.658042937798186,58.964588254214185,0,2026-10-04 23:42:43
2026-10-04 13:10:00,CNC-03,H,297.27271108855814,311.4879523117263,1297.3846145292014,52.133702238013754,148.79245554264023,2.2195291249674134,12.699353047480376,,0,2026-10-04 23:42:43
2026-10-04 19:28:00,CNC-02,M,300.2436897181812,314.36549712655255,2288.963816130558,28.337312801178648,114.49474463153572,3.1184036420633627,12.032972971449151,54.19815413734139,0,2026-10-04 23:42:43
2026-10-04 20:50:00,CNC-03,H,298.845087854392,311.73647851961147,2443.6287894518155,22.960779500040317,49.60218499369312,3.014968615182314,10.62951277470773,53.28572112668374,0,2026-10-04 23:42:43
2026-10-04 17:23:00,CNC-03,H,298.7321108176878,312.3169226279634,1924.5197442049684,35.84335918398287,26.32488678582835,2.559208332561675,12.832732695971965,54.00982455367265,0,2026-10-04 23:42:43
2026-10-04 10:04:00,CNC-03,H,295.7855293439324,310.0839454216009,1351.91209875443,54.52103849231555,97.33930034480122,2.2176113150644863,13.697002459506313,60.421729698561464,0,2026-10-04 23:42:43
2026-10-04 20:48:00,CNC-02,M,300.46503648423186,314.6590168514624,2565.2902682179842,23.66675781962098,209.42962676628147,3.774905025366728,11.536818599143547,49.777589730474666,0,2026-10-04 23:42:43
2026-10-04 06:37:00,CNC-02,M,296.55226604599665,310.6262254617785,1962.0836086992927,36.729152580517834,42.241610249407024,2.5397991615737867,13.263571910421842,58.61766784540453,0,2026-10-04 23:42:43
2026-10-04 23:11:00,CNC-03,H,298.41062579692294,311.2909225079612,2766.140591710976,17.409986778861413,204.31603149014228,39.0424977641499,9.042923018198106,53.799156554405954,0,2026-10-04 23:42:43
2026-10-04 22:43:00,CNC-02,M,300.1057550914033,312.1530696622116,2688.6858059243787,14.87825284529346,96.52157727337917,3.3104542537536323,7.417208631711795,51.79040766619987,0,2026-10-04 23:42:43
2026-10-04 10:00:00,CNC-01,L,295.73662350556,310.5710199419261,1421.5172239463034,52.87892619054596,190.80560056973925,2.6221654436244046,14.007185933719855,56.07666582269542,0,2026-10-04 23:42:43
2026-10-04 00:40:00,CNC-01,L,298.3471201221525,311.31040966385467,2567.6156422964036,20.750599775777196,108.12035563143738,3.2811708961414308,10.09711152387814,53.74699961696329,0,2026-10-04 23:42:43
2026-10-04 01:34:00,CNC-02,M,298.4887674359572,311.4264872100598,2702.4990946085227,19.141864040465506,136.21221956117196,3.4267254881663205,9.556798231874803,56.68493886123973,0,2026-10-04 23:42:43
2026-10-04 21:43:00,CNC-02,M,300.38311985101024,312.5984772290312,2530.9502846852774,16.990875737067505,31.401093954615927,3.0610000236178716,8.086231787213631,52.39476955150811,0,2026-10-04 23:42:43
2026-10-04 14:32:00,CNC-02,M,304.2237976588524,312.2575240682933,1356.2701493804877,47.59959382073645,150.50898205636668,2.3347355166742902,11.613908986700327,43.66421852047888,1,2026-10-04 23:42:43
2026-10-04 11:23:00,CNC-01,L,23.055309596169025,37.62817084242943,1415.6224952534542,52.756185623384496,121.64488827116712,2.2480399017408335,14.145596257165696,56.655210182565135,0,2026-10-04 23:42:43
2026-10-04 11:20:00,CNC-03,H,23.32282573673166,38.23600981137565,1350.559378196456,54.197026426298436,217.2657301729876,2.691569283909959,13.559720789203423,58.65859759440665,0,2026-10-04 23:42:43
2026-10-04 06:04:00,CNC-01,L,295.82532070477515,309.68140996924745,2080.820754315417,33.79978336868069,65.18107154767405,2.655747826068679,13.310581298323374,60.32320030301168,0,2026-10-04 23:42:43
2026-10-04 13:59:00,CNC-01,L,303.11173825316286,311.3129783623037,1475.9796873606465,48.29948225426625,129.02897853420234,2.3418217710566447,13.1625053437219,48.07145040513826,0,2026-10-04 23:42:43
2026-10-04 16:17:00,CNC-01,L,299.0108313511244,313.55122497681043,1662.1768160462002,41.91934446344757,137.5017333892001,2.5503815544082213,12.923271584481835,52.21482979803838,0,2026-10-04 23:42:43
2026-10-04 23:22:00,CNC-02,M,299.7501342343669,313.1383124590032,2684.2394156646383,19.99724334767304,138.03617661181227,3.3683487263718166,10.121968167184011,49.9340807501027,0,2026-10-04 23:42:43
2026-10-04 21:32:00,CNC-01,L,,311.38665910943894,2634.922836591205,19.03678262438493,79.99878706108994,3.162481588121439,9.426218294062132,53.863286623775345,0,2026-10-04 23:42:43
2026-10-04 07:46:00,CNC-03,H,22.394286637186667,36.88723033615855,1603.5137673855152,44.9611327181773,156.9980020115269,2.5163715854231086,13.689589979869206,66.20142513872548,0,2026-10-04 23:42:43
2026-10-04 12:29:00,CNC-03,H,296.93744122096615,311.11291198228827,1544.5119667714157,45.313194675541354,83.80390613066454,2.272070965066375,13.009714654268452,55.495998472439396,0,2026-10-04 23:42:43
2026-10-04 16:53:00,CNC-03,H,298.5964830359991,313.5873153295998,1845.0347803545014,0.0,209.90522134003368,3.117248711123396,,55.78195147294127,0,2026-10-04 23:42:43
2026-10-04 07:44:00,CNC-02,M,23.462017736597886,38.28573122468663,1715.2133700977695,43.77734746292894,136.89115875177762,2.5849906671831038,14.017702642176506,62.68546119095038,0,2026-10-04 23:42:43
2026-10-04 05:07:00,CNC-03,H,296.3603699257446,310.92677108405945,2181.0467789159943,32.0724579605788,192.77144041949126,3.10701990201154,13.071176121106227,58.313307419749215,0,2026-10-04 23:42:43
2026-10-04 11:27:00,CNC-03,H,23.282922607872024,37.95108480301826,1406.5857475351145,52.093619329194645,228.42193378761002,2.8287546622697444,13.590653227481914,59.03685689449371,0,2026-10-04 23:42:43
2026-10-04 03:26:00,CNC-03,H,297.03374327784235,309.7514318279073,2369.5852316420664,21.30595148872294,69.59409336147596,2.971476461891934,9.11111207301305,59.320206887319756,0,2026-10-04 23:42:43
2026-10-04 18:45:00,CNC-02,M,300.6359320144474,314.62185675371944,2098.45634318176,30.916782806414293,61.04152473594113,2.6659138579214265,12.08142835953569,52.13362135548143,0,2026-10-04 23:42:43
2026-10-04 19:24:00,CNC-03,H,299.24832249706776,313.9044383584483,2132.142795878053,34.34623457738237,183.66224004617,3.138634757017697,13.673214352633899,54.964041007308175,0,2026-10-04 23:42:43
2026-10-04 03:11:00,CNC-02,M,297.8507431023387,310.7061933462442,2373.6520972517374,25.11442169725318,1.1750503916540873,2.938696437745845,11.209196210762093,54.88512322965366,0,2026-10-04 23:42:43
2026-10-04 06:14:00,CNC-02,M,296.63180233780406,310.73712871698075,1937.170903069606,37.28237823144832,10.801479801182094,2.490392882422198,13.377960419937162,57.741324129882656,0,2026-10-04 23:42:43
2026-10-04 09:49:00,CNC-01,L,295.69148877514294,310.7007629152243,1640.3559133322015,46.91612658640966,173.58246364115243,2.743742898087962,14.5191141658592,59.73825102272856,0,2026-10-04 23:42:43
2026-10-04 02:38:00,CNC-01,L,297.3777084048607,309.33976878711553,2641.743190887287,15.785864152089841,42.95506057351983,3.0906735956125364,7.780111071823327,54.35349069564065,0,2026-10-04 23:42:43
2026-10-04 05:18:00,CNC-01,L,295.97257053660854,309.06629841702556,2203.500494838364,28.108047801393926,5.11325284890165,2.8152161565955987,11.772079501849408,62.75579746559402,0,2026-10-04 23:42:43
2026-10-04 17:07:55,CNC-02,M,299.7276646581867,314.51423183776546,1879.9552537480367,39.81138649273699,166.11461304558514,2.8679752005389565,14.455497828593453,50.88301963176035,0,2026-10-04 23:42:43
2026-10-04 04:46:00,CNC-02,M,297.06647768473846,310.6070977499389,2343.803439638572,0.0,114.59846306423277,3.0645241866724064,11.242399690614349,57.078654913221484,0,2026-10-04 23:42:43
2026-10-04 02:28:00,CNC-01,L,297.4205188596548,309.7703279049087,2575.861179715144,19.225990362064614,31.88619756673663,29.8230158435909,9.096859050774174,53.84920936988047,0,2026-10-04 23:42:43
2026-10-04 19:16:00,CNC-03,H,298.90590945869985,313.2306791891607,2245.9904674649315,29.852401429507587,173.6657608193234,3.210374046463196,12.65717756119588,50.87326397219442,0,2026-10-04 23:42:43
2026-10-04 12:33:00,CNC-02,M,297.84302421154456,312.42521898581816,1428.3742615390884,48.675602488411116,171.1470094398657,2.4816795234548357,13.029414362859168,49.31957663226868,0,2026-10-04 23:42:43
2026-10-04 10:48:00,CNC-02,M,23.888725924253436,37.52173840622527,1391.785497198636,48.37230092096329,4.736102711146179,2.0822460861958874,12.540680498805022,57.63755944277618,0,2026-10-04 23:42:43
2026-10-04 10:10:00,CNC-02,M,296.9064276270574,310.471933856188,1334.539909519944,45.09226360524024,153.28097434739104,2.2382365807659226,11.06364831332837,57.60840876483141,0,2026-10-04 23:42:43
2026-10-04 02:16:00,CNC-02,M,298.35743453329013,311.2247192209521,2512.9673197026823,18.710410501956673,182.23554231165897,3.49712085111953,8.771554702604055,55.322552082971924,0,2026-10-04 23:42:43
2026-10-04 06:22:00,CNC-01,L,295.83475740020157,310.11717425105303,2020.171907364005,34.6700907761993,89.44423758931123,2.684076258833076,13.169699669559622,60.29611358262021,0,2026-10-04 23:42:43
2026-10-04 10:20:18,CNC-02,M,297.06090371397437,312.1274677963207,1439.327045913688,52.63585252856048,169.03684637836847,2.5763921123686995,14.131765954707772,55.01938745451966,0,2026-10-04 23:42:43
2026-10-04 07:45:00,CNC-03,H,22.37210340631202,37.06855052939375,1754.301137246744,41.19668530961111,155.50038472311843,2.6863071963627716,13.453035167761737,61.37569371797752,0,2026-10-04 23:42:43
2026-10-04 12:46:00,CNC-02,M,297.78333780035365,313.421313380128,1404.4709712991823,56.944851955409874,191.70534431585384,2.573384961430236,14.937362779793101,53.799405980180154,0,2026-10-04 23:42:43
2026-10-04 07:26:00,CNC-02,M,23.77360419445165,38.532350395457115,1842.6768954580746,41.84915421532782,111.0121271430521,2.6667954853398377,14.433071979749148,58.141507187131985,0,2026-10-04 23:42:43
2026-10-04 12:37:00,CNC-02,M,297.97877793361897,313.23001750401835,1425.4117139397,51.14922979562792,177.50986329487685,2.4110245081047434,13.658461760469987,56.04965213203657,0,2026-10-04 23:42:43
2026-10-04 07:28:00,CNC-03,H,22.43292173617101,37.413401418531805,1979.0038978801986,40.226049588945486,130.9954249111027,2.7798776293170255,15.075500899244313,57.280795247815156,0,2026-10-04 23:42:43
2026-10-04 14:44:00,CNC-02,M,304.1186395478936,313.34218422647655,1581.752922290655,49.95965020401349,168.89377098441298,2.606233144412516,14.849594230505769,49.000811741558614,0,2026-10-04 23:42:43
2026-10-04 14:34:00,CNC-02,M,304.02102024433486,313.18311461330075,1644.2488178385775,46.95611600457038,153.52263406774927,2.572309322920588,14.400050420622524,45.80119257138248,0,2026-10-04 23:42:43
2026-10-04 18:08:03,CNC-03,H,298.75513463645035,312.5973073125964,,32.98136436580785,88.2400767150801,2.6753880438190616,12.453142783831266,50.98212664416062,0,2026-10-04 23:42:43
2026-10-04 02:28:00,CNC-02,M,298.0006487325632,311.9123645712425,2418.8596154328893,25.494097673335492,195.48151584855796,3.611304414219646,11.383710374604846,54.6059191558189,0,2026-10-04 23:42:43
2026-10-04 20:57:00,CNC-03,H,298.9878728696047,311.1682981776156,2625.282013999193,16.8016053651526,57.5469403673694,3.246056498259162,8.461600788193083,49.38580520601989,0,2026-10-04 23:42:43
2026-10-04 04:24:00,CNC-03,H,296.4722277733099,309.82990724526866,2317.391076024638,24.92054517927112,139.14038675889662,29.76700069178523,10.636561291047327,60.10313112784994,0,2026-10-04 23:42:43
2026-10-04 18:57:00,CNC-03,H,299.04633285706774,312.5851556422063,2306.261263655771,26.138880621142746,150.09300735729988,3.056155282065757,11.122953814787918,53.34623223294522,0,2026-10-04 23:42:43
2026-10-04 18:19:00,CNC-01,L,299.85963524581,313.6565993053453,2002.7785156547181,33.23319572103886,87.23102254997063,2.599298107736445,12.57972444579923,53.425726277905426,0,2026-10-04 23:42:43
2026-10-04 19:48:00,CNC-02,M,300.30632408113297,313.7294227729954,2326.8262648138407,22.907686099930704,139.00386694470544,3.019621182121353,10.11142789801926,49.17286831203667,0,2026-10-04 23:42:43
2026-10-04 20:15:00,CNC-02,M,300.6070886989613,314.2422774762664,2529.8716802234358,21.82262002383479,170.97237025544817,3.5107387123210483,10.293782574505892,53.51352513419306,0,2026-10-04 23:42:43
2026-10-04 10:09:00,CNC-01,L,,310.05366357520234,1610.3675802796602,45.84506455373353,4.632221503735644,2.070844642014335,13.89066840483348,60.3733829451066,0,2026-10-04 23:42:43
2026-10-04 15:38:00,CNC-03,H,298.1797869349881,312.4707005567296,1596.7723828210721,45.06509060583721,101.46345025646721,2.2351210597602953,13.478365806398992,54.956573043982424,0,2026-10-04 23:42:43
2026-10-04 06:49:00,CNC-01,L,295.94571036345275,310.5064975003507,1943.4259611724217,36.726803799337674,126.25365485339316,2.7260417505033048,13.21072686571873,58.19396767947205,0,2026-10-04 23:42:43
2026-10-04 04:57:00,CNC-01,L,296.2591093543532,311.0810161934272,0.0,35.447187631579304,207.53339739046405,3.5854785201474884,14.29962218270429,60.789110607765146,0,2026-10-04 23:42:43
2026-10-04 03:21:00,CNC-03,H,297.1089859400899,310.0768371153661,2469.0551825060884,23.82572976838822,63.772558457985255,3.1181198280107796,10.776764373517128,55.986504791862046,0,2026-10-04 23:42:43
2026-10-04 06:21:00,CNC-03,H,295.78822007894394,308.6325863790231,2110.258279466931,27.043782321749013,37.593008901672505,2.6234740265470045,10.687330165873878,56.3295642147711,0,2026-10-04 23:42:43
2026-10-04 14:58:00,CNC-03,H,303.6839829110357,311.45105038109364,1599.0176609635807,42.99826037489493,41.49439595995226,2.2734004017666583,12.958158214889275,45.199519010687084,0,2026-10-04 23:42:43
2026-10-04 16:34:00,CNC-03,H,298.71513655505134,313.98432144983474,1786.2826117239379,45.16859069116603,183.20752793460625,2.806098594918725,15.03447582162588,54.791660240843925,0,2026-10-04 23:42:43
2026-10-04 11:03:00,CNC-03,H,23.076391726033876,37.37188915840403,1282.3864444337346,52.92841794198538,190.33294315246158,2.501221144138897,12.688419409155497,59.57338755868533,0,2026-10-04 23:42:43
2026-10-04 02:01:00,CNC-03,H,297.9905500552237,311.057562025823,2614.454322824168,18.12262901409281,194.37356108325918,3.684173778981902,9.023292085318282,54.01230320258642,0,2026-10-04 23:42:43
2026-10-04 01:11:00,CNC-02,M,298.6685974702375,310.9580257780567,2717.445884386184,17.022973851154735,111.57447152220794,3.4424632255889676,8.554546775423416,58.29104377132697,0,2026-10-04 23:42:43
2026-10-04 14:31:00,CNC-01,L,303.1797688568287,312.0957822548421,1597.4333701277992,47.48636435329867,178.84564508330746,2.888051514714894,14.229490187979646,43.751117860276565,0,2026-10-04 23:42:43
2026-10-04 18:47:00,CNC-02,M,300.2288399965168,314.3749527066847,2024.8926823328572,32.72574979623136,63.6743316215438,2.715722908469877,12.40024079945318,51.83940780092522,0,2026-10-04 23:42:43
2026-10-04 20:47:00,CNC-03,H,299.00511501498755,310.9622563549446,2449.3960893896574,18.00580583444134,46.17294078832814,3.001823116779941,8.065184334576566,53.373983420552584,0,2026-10-04 23:42:43
2026-10-04 08:16:00,CNC-03,H,22.34096382979459,36.588080548321784,1681.6338011743767,40.30255262274567,200.7412721609967,2.7786202739021,12.725659865612595,61.97044462496703,0,2026-10-04 23:42:43
2026-10-04 20:47:00,CNC-01,L,299.39207648713773,311.4219304569211,2385.450664817872,19.141675060976873,29.009410585815903,2.848249102388116,8.279898851385122,50.405097879355985,0,2026-10-04 23:42:43
2026-10-04 07:43:00,CNC-02,M,23.563512384775265,38.599846439386795,1777.0566007930356,44.38885840830102,135.43096731923313,2.5968678855907124,14.80876236679693,61.042523354219284,0,2026-10-04 23:42:43
2026-10-04 14:10:00,CNC-02,M,304.04997620160105,312.40247111415863,1328.2259275776935,52.45681146285186,116.34865661196584,2.065878475211219,13.219638614777354,39.04923573539065,1,2026-10-04 23:42:43
2026-10-04 14:16:00,CNC-03,H,303.1371577136011,312.06581249374733,1398.0141700031538,51.62534705225296,252.36423864112712,3.187911502297842,13.821564545538598,45.326720232094296,1,2026-10-04 23:42:43
2026-10-03 23:57:00,CNC-02,M,299.10089643951846,310.6427491985824,2646.0924443850517,14.734385792170274,32.89967394014689,3.096894411775591,7.097315221705921,55.62442860271924,0,2026-10-04 23:42:43
2026-10-04 01:18:00,CNC-01,L,298.25101790647045,310.98127094205773,2663.1307545911413,17.978557162489967,148.5601681961277,3.480644754294568,8.819207539377656,51.75333071805575,0,2026-10-04 23:42:43
2026-10-04 17:02:04,CNC-02,M,299.93517816223306,315.07491444504575,1860.29336323746,41.25087974694524,159.09359108412698,2.8146938173590654,14.245062707917446,54.09426597777246,0,2026-10-04 23:42:43
2026-10-04 20:13:00,CNC-02,M,300.3403125928329,314.23649722674503,2330.759686056228,26.67367786454415,168.6375272539332,3.2933964470268995,11.5261304979739,55.76846510197032,0,2026-10-04 23:42:43
2026-10-04 19:45:00,CNC-02,M,300.57830207314544,314.52415794891834,2159.6234988403166,28.367966451691917,135.3901336512422,2.9458988719739594,11.376690439800685,50.545735412982985,0,2026-10-04 23:42:43
2026-10-04 13:39:00,CNC-01,L,297.1899495928259,311.6904239911064,1277.6776315020215,57.81004315041554,97.78777650009489,2.1395567641684687,13.753856581087708,53.14833833094895,0,2026-10-04 23:42:43
2026-10-04 07:46:00,CNC-01,L,22.398110682745084,37.17232574551713,1798.4960655413852,41.27825383754507,206.9201253318908,3.42286839488906,13.739609281206944,63.45465203658776,0,2026-10-04 23:42:43
2026-10-04 19:57:00,CNC-01,L,299.39725516037333,,2438.9611424777363,26.82479073375937,210.07731063510616,3.970612824382989,12.060471400438558,56.50595947091453,0,2026-10-04 23:42:43
2026-10-04 00:48:00,CNC-01,L,298.43553933046445,310.5377331985839,2743.516712580219,15.955860296169655,116.63879962778859,3.4563705877344137,8.154251568326034,52.95476910698825,0,2026-10-04 23:42:43
2026-10-04 19:08:00,CNC-02,M,300.25085860821275,314.036342117849,2294.6216395864662,27.92646078028833,89.90722766959396,2.94114988229769,12.062802784331469,50.70317601039078,0,2026-10-04 23:42:43
2026-10-04 17:33:00,CNC-01,L,299.02578763452436,312.77606007744885,2004.788751385643,34.633317646821034,25.850828501448913,2.6063759423633326,12.960692292276326,53.58843805962252,0,2026-10-04 23:42:43
2026-10-04 09:15:00,CNC-03,H,295.67134722877444,310.1499503082251,1617.7760776553794,47.378639200520645,21.35614318898815,2.2914362947348517,14.557565433757063,59.42693996816221,0,2026-10-04 23:42:43
2026-10-04 09:06:00,CNC-01,L,295.4377389843198,309.8242467891651,1452.6531075049472,48.889059878581094,107.39515251034749,2.2958662072792544,13.383800634466267,62.082734385522585,0,2026-10-04 23:42:43
2026-10-04 06:02:00,CNC-01,L,296.11703737278344,309.2126040988447,1967.8426388284736,29.994662010334054,62.52348266630488,24.65802517553786,11.10623049084864,56.36474250667645,0,2026-10-04 23:42:43
2026-10-04 13:35:47,CNC-02,M,297.94774772921,312.23868358664754,1522.1555160704156,47.91375880679499,63.16293417761864,2.18657681349928,13.554101889949875,52.161486857879595,0,2026-10-04 23:42:43
2026-10-04 01:25:00,CNC-02,M,298.11130272430375,310.95458953717014,2760.6858047395476,17.96289345854763,126.71756628625693,3.545495439795892,9.209794515890843,56.06288501303185,0,2026-10-04 23:42:43
2026-10-04 19:19:00,CNC-03,H,298.725116063437,312.64753257858155,2268.9934401971923,28.2437820092378,177.3623998423091,3.1395903250354253,11.840890102204234,50.33098102658497,0,2026-10-04 23:42:43
2026-10-04 22:48:00,CNC-03,H,298.23468116614146,311.0653739027934,2660.0253521143322,18.652873394383217,179.66851616234774,3.663541129606599,9.038378405649276,56.67184792396445,0,2026-10-04 23:42:43
2026-10-04 09:46:00,CNC-01,L,295.906153949147,310.84292868679745,1457.797391233927,52.81274039837933,169.017709475389,,14.341622088278632,58.84582123138011,0,2026-10-04 23:42:43
2026-10-04 04:46:00,CNC-01,L,296.53265862229097,311.47560723592153,2275.370007347779,33.79161089481265,193.74064213619806,3.4587143261994675,14.102364512489075,56.89500672827581,0,2026-10-04 23:42:43
2026-10-04 08:00:00,CNC-01,L,22.477152641675502,36.44728967522087,1808.3904899968588,39.434006125371376,8.675704175419414,2.4717980291145363,13.662439764152177,66.65339814973098,0,2026-10-04 23:42:43
2026-10-04 16:20:00,CNC-01,L,298.79984291831835,313.52776410317324,1742.6205674720563,42.01371112616586,141.76522249295368,2.684342932478583,13.641569011037099,55.74248001209916,0,2026-10-04 23:42:43
2026-10-04 12:46:00,CNC-03,H,297.04130395290076,311.25044476482384,1365.95461318078,51.44495895164377,110.81373559046112,2.170683189643592,13.155650175554012,60.2831353872116,0,2026-10-04 23:42:43
2026-10-04 01:55:00,CNC-03,H,297.98116607213507,310.4075248411954,2670.308175896328,15.41480027551912,187.77599188071005,3.630671517752669,7.900918718777327,54.80325063560021,0,2026-10-04 23:42:43
2026-10-04 18:06:00,CNC-03,H,298.9965682806098,312.2548964688862,2075.381464332205,28.96700748152484,84.28766473202418,2.5829782819918945,11.347478741042389,52.193544941258075,0,2026-10-04 23:42:43
2026-10-04 07:44:00,CNC-03,H,22.580818720577668,37.27133311747912,1684.387975207022,45.19814972924976,154.0650018821197,2.421846426982616,14.365827375286353,56.86039372470097,0,2026-10-04 23:42:43
2026-10-04 23:24:00,CNC-01,L,298.9864354780563,310.38253950490054,2764.280503557124,13.923501114823498,5.4522309110190585,3.308895187786931,7.25761684466161,55.39260149507809,0,2026-10-04 23:42:43
2026-10-04 04:10:00,CNC-02,M,297.0965168405633,311.03099768581717,2405.7159864017763,28.658328977154447,70.50317076328948,2.910790366697978,12.842291665287211,61.46941500290706,0,2026-10-04 23:42:43
2026-10-04 22:42:00,CNC-03,H,298.35062590250567,310.7470131800605,2792.7077994374517,14.703581906327031,173.294415127393,3.564166741932183,7.773853486876621,55.67246503648841,0,2026-10-04 23:42:43
2026-10-04 00:05:00,CNC-03,H,299.1585188533725,311.59608625266196,2732.636695762198,17.22540301722571,69.81089398634131,3.2578337822613963,8.725249722048577,50.576083725741114,0,2026-10-04 23:42:43
2026-10-04 16:01:00,CNC-01,L,298.67820866663203,312.88629017841504,1669.0927601365784,,114.05544211064102,2.4553310945975277,13.409933155896189,52.068927573412815,0,2026-10-04 23:42:43
2026-10-04 10:39:19,CNC-02,M,23.854428887397944,38.7672740365299,1376.3993014758767,52.15637047821874,199.11445266045496,2.6793341952983956,13.628464810816897,56.68009371477944,0,2026-10-04 23:42:43
2026-10-04 11:01:00,CNC-02,M,24.08656449390071,38.0518760645744,1349.8257327579488,51.48778407085687,25.22033947250362,2.0113452549824022,13.046312262663161,60.675172135773714,0,2026-10-04 23:42:43
2026-10-04 09:37:00,CNC-03,H,295.4902566358637,309.7131921307454,1490.8136248940418,47.77261323786611,55.29472952094601,2.1306746854680143,13.402226352048515,58.77995705656764,0,2026-10-04 23:42:43
2026-10-04 12:28:00,CNC-01,L,296.76349004359366,311.6144917388639,1351.7903323991784,53.106061789289214,224.88288303856058,3.146366849956716,13.466954460955098,60.10238799912932,1,2026-10-04 23:42:43
2026-10-04 05:23:00,CNC-03,H,296.07136402436055,310.8404832034602,2021.8836321796148,35.99726538763598,213.1499136011423,3.2558927230769275,13.85556674425009,58.555331751885014,0,2026-10-04 23:42:43
2026-10-04 11:33:00,CNC-02,M,297.6725369437755,311.8114427145528,1396.2054038204703,48.17663518403268,75.75495084049264,2.1259328091265965,12.337602647388605,52.93632855578291,0,2026-10-04 23:42:43
2026-10-04 09:11:00,CNC-03,H,295.3642294527965,309.60465616965354,1554.1809149278924,50.03270229203776,15.220029684747768,2.2027608358695727,14.555713014616197,61.541045163355776,0,2026-10-04 23:42:43
2026-10-04 03:34:00,CNC-01,L,296.44793163222363,310.0094799053742,2403.97565235563,24.673237812321915,107.08318932942275,3.101504133109507,11.29427125464441,57.161600548805474,0,2026-10-04 23:42:43
2026-10-04 09:34:00,CNC-02,M,296.83003548788776,310.7266533588104,1554.1585038220023,42.41680782866763,97.41440257817017,2.2793602661364707,12.083139824433859,56.4740249919396,0,2026-10-04 23:42:43
2026-10-04 04:26:00,CNC-02,M,296.85858128398206,310.05872619783685,2430.026323627059,23.78256352737848,89.90142923168605,3.1583483695786594,10.708865778517223,61.15752072801912,0,2026-10-04 23:42:43
2026-10-04 09:25:00,CNC-02,M,296.89877553526725,311.25752362457575,1469.1790991827731,49.05661869600562,83.4245706813343,2.195409211456527,13.234765926158257,57.42979392337402,0,2026-10-04 23:42:43
2026-10-04 14:57:00,CNC-03,H,303.44023442579737,311.16519766484976,1439.9415038225338,47.57477802528768,39.979997736067645,2.098138371707679,12.526228795483876,47.092058095380565,0,2026-10-04 23:42:43
2026-10-04 14:46:00,CNC-03,H,303.46023604848,311.1247660750243,1594.1333395676058,42.842471410745226,23.203658409693723,2.2422995208525607,12.982325162058798,43.380260258380396,0,2026-10-04 23:42:43
2026-10-04 06:11:00,CNC-01,L,296.0363427601396,310.5924691091865,1986.4477999489227,39.54056701382196,74.6274226480362,2.6528834427112864,14.70136133990619,53.27829985446815,0,2026-10-04 23:42:43
2026-10-04 11:53:00,CNC-01,L,296.6777252934311,310.73894282535946,1289.7736875104092,51.66233410290715,169.34736368338477,2.402217099336838,12.369907934947358,57.161464411597606,0,2026-10-04 23:42:43
2026-10-04 12:44:00,CNC-01,L,296.9108445960775,310.4282757658452,1325.8613532812585,48.37588146492938,11.078118073285466,1.9354862172400829,12.092795338058396,56.08044221446159,0,2026-10-04 23:42:43
2026-10-04 02:57:00,CNC-03,H,,310.0914115527702,2390.845277017699,22.34469478996482,36.06061450896568,2.965391407530387,10.015877127440154,55.83820321049386,0,2026-10-04 23:42:43
2026-10-04 20:20:00,CNC-02,M,300.2788623465757,314.9586834646613,2381.2709812910857,0.0,176.9243844461472,3.4454765191835937,12.877764839931448,48.6323809502171,0,2026-10-04 23:42:43
2026-10-04 13:42:00,CNC-03,H,297.29865662597444,312.27267145465504,1538.3238115361185,49.192129049554616,199.34731798241648,27.703009290408403,13.946150182094224,57.06053714208312,0,2026-10-04 23:42:43
2026-10-04 10:28:00,CNC-01,L,22.7327689641578,36.4479696832081,,49.42654311592635,34.5653164459944,2.0923476043159126,12.885694925880465,59.334880660510805,0,2026-10-04 23:42:43
2026-10-04 15:58:00,CNC-01,L,298.81308309054583,313.3903216109213,1800.0366963944653,41.36039978268058,109.70432767604028,2.521748508216727,14.057917406565885,50.65114327982835,0,2026-10-04 23:42:43
2026-10-04 03:42:00,CNC-02,M,296.8974331359442,310.011809944058,2358.424345972206,25.538791797983396,37.119915584090485,2.915906648234793,11.020770438209091,58.76124154452317,0,2026-10-04 23:42:43
2026-10-04 01:42:00,CNC-01,L,298.18044837696425,311.353651426734,2561.414652190116,21.04993445117657,174.46079142765282,3.6401773244730813,9.984925268765762,50.01081280115452,0,2026-10-04 23:42:43
2026-10-04 18:45:00,CNC-01,L,299.6279264739926,313.45511603980617,2214.307331597553,28.8484574518568,120.80636788444966,2.8666259789756245,11.64473243180714,52.41575100531069,0,2026-10-04 23:42:43
2026-10-04 21:30:00,CNC-03,H,298.8258221369474,312.2764791224048,2602.4868007814416,23.31142520753571,94.60628574172627,3.1569738584875773,11.116190688657959,55.32614348105474,0,2026-10-04 23:42:43
2026-10-04 21:08:00,CNC-01,L,299.3005786872268,311.9990984535185,2351.0584293624797,22.34280875301005,0.0,2.926370792705931,9.58858764222157,50.17886414803651,0,2026-10-04 23:42:43
2026-10-04 11:45:00,CNC-01,L,296.50878542131164,311.4310798985525,1394.9076406983763,54.29252139594819,156.60939583226576,2.4473423986319434,14.074286341988937,60.800082236301144,0,2026-10-04 23:42:43
2026-10-04 01:48:00,CNC-01,L,298.1845277876655,311.60822230450606,2637.528018866308,20.7633556416523,181.12785795632914,36.74831122197127,10.437926631271642,52.91712534968314,0,2026-10-04 23:42:43
2026-10-04 02:18:00,CNC-02,M,297.9109383028956,311.0866562422445,2548.026468137735,21.375861398229056,184.37653613041041,3.617136445957206,9.999683293800862,53.05383865052163,0,2026-10-04 23:42:43
2026-10-04 13:00:00,CNC-01,L,296.76221106473855,310.5494931089586,1434.1591238147494,48.75743474675913,36.33253561853319,2.0511008771581505,13.001081693846265,57.03502936212379,0,2026-10-04 23:42:43
2026-10-04 16:02:00,CNC-01,L,298.742104188445,312.62402495752696,1690.4827100562989,39.786344389396355,115.50662170781978,2.498263459929353,12.476633010129966,54.37598918919595,0,2026-10-04 23:42:43
2026-10-04 02:03:00,CNC-01,L,298.023081418682,309.4821390080471,2573.0036873199115,14.971019340943919,4.359363292430836,3.0749901548653273,7.099227605829095,56.099452322112136,0,2026-10-04 23:42:43
2026-10-04 14:22:00,CNC-02,M,303.9079008764439,312.39412391214563,1555.1844150653878,47.2002755962915,134.99213329075224,2.42030492010601,13.834840421765396,41.148000990219714,0,2026-10-04 23:42:43
2026-10-04 19:32:00,CNC-03,H,298.95092006119063,313.17994662630434,2318.3446091938745,29.08608185825408,193.5339127452249,33.61776817959175,12.650391320734155,50.67051022811299,0,2026-10-04 23:42:43
2026-10-04 10:34:00,CNC-01,L,23.178582450955787,37.31595763621914,1461.1199230323948,49.36973376988117,44.070915502405995,2.0838160746947856,13.485364564003282,54.046249172620854,0,2026-10-04 23:42:43
2026-10-04 14:19:00,CNC-03,H,303.25343991233444,312.69882359475787,1396.9692342166932,54.695667500146,256.95824723898266,3.1551048695536728,14.325076272994652,48.079097460995676,1,2026-10-04 23:42:43
2026-10-04 06:44:00,CNC-01,L,295.7642422409984,309.95115019302006,2013.4996519920776,36.05975801621435,119.38453043195018,2.765770924875546,13.728777516676933,61.46089606829755,0,2026-10-04 23:42:43
2026-10-04 22:29:00,CNC-03,H,298.88258254991626,311.2357249406334,2731.8713298721996,16.378713709705995,159.3511648069824,3.4965688462145366,8.120293771166256,52.39436247198784,0,2026-10-04 23:42:43
2026-10-04 16:18:39,CNC-02,M,299.4839085196402,314.59027132780915,1772.8010189587005,44.214849570642464,96.51338971741625,2.449086361096536,14.744793446966208,51.28085208040013,0,2026-10-04 23:42:43
2026-10-04 04:54:00,CNC-02,M,297.1075601009808,311.1063882225074,2249.1741673117463,30.59099126157047,124.71221433931957,2.975289869947552,13.003189999219131,57.87721344367903,0,2026-10-04 23:42:43
2026-10-03 23:43:00,CNC-03,H,298.91373698332507,,2773.1256702576884,13.059658938827546,46.5419089201546,3.4168841570112827,6.7399014753609165,50.698297719539546,0,2026-10-04 23:42:43
2026-10-04 19:34:00,CNC-02,M,300.3903371320744,314.4337868383065,2369.1428374889615,27.27803835565614,121.89484352054507,3.048278391832965,11.839765529222875,51.42181901791387,0,2026-10-04 23:42:43
2026-10-04 15:20:00,CNC-01,L,298.46179771872664,312.77922951552193,1778.49007823255,41.50506999764486,53.218155385655145,2.4573604289252793,14.08294623615154,52.6754517429882,0,2026-10-04 23:42:43
2026-10-04 18:23:00,CNC-03,H,299.04525567377584,313.7479079830086,2045.7625704505672,36.664887151794396,106.69337343552179,2.746589055062555,13.760853315454016,53.377231892394754,0,2026-10-04 23:42:43
2026-10-04 22:49:00,CNC-01,L,299.0045268374205,312.0492706564754,2625.9922759340084,19.338974046501182,163.982839437353,3.6076845705806906,9.538822765450682,52.176094256430744,0,2026-10-04 23:42:43
2026-10-04 05:11:00,CNC-02,M,296.6615481061364,,2142.6456672338145,30.019534149819712,146.34204577831377,3.122842952348667,11.77628956895133,55.47998184053368,0,2026-10-04 23:42:43
2026-10-04 06:30:00,CNC-02,M,296.79396807119844,309.94644636532564,2019.8955700088125,31.1452864467135,,2.585111854426718,11.97420333820801,55.744167250676334,0,2026-10-04 23:42:43
2026-10-04 12:29:00,CNC-01,L,296.7364917261691,311.50043949289727,1349.0426252276914,52.8013036465705,226.48288303856057,31.536648027344757,13.383258135833165,58.990817695735586,1,2026-10-04 23:42:43
2026-10-04 03:40:00,CNC-03,H,296.97730621878367,310.1249026685231,2405.140280921102,24.205560181421333,86.05850001735196,2.985784620482416,10.706922909820912,57.222547742395584,0,2026-10-04 23:42:43
2026-10-04 09:30:00,CNC-01,L,295.65819428609854,309.7259397603271,1546.7724669960712,43.97275414800503,144.21744555116655,2.4368529780240196,12.777083561296664,60.793232500377854,0,2026-10-04 23:42:43
2026-10-04 23:02:00,CNC-02,M,300.0341111435857,312.8131635066929,2791.515461680478,17.31928575886079,116.6214481904314,33.669379184052296,8.940279571492297,50.61256685303643,0,2026-10-04 23:42:43
2026-10-04 15:17:00,CNC-03,H,303.59832524285946,311.9151929140549,1614.349447342052,45.44589110536055,70.1852188836962,22.519242767243316,13.801730036788932,44.43799697282961,0,2026-10-04 23:42:43
2026-10-04 17:28:00,CNC-03,H,298.8209967833059,312.76105424468955,1975.6859707238593,35.86883685800574,33.127188920944924,2.6267924684171424,13.016100253731649,55.40438379500691,0,2026-10-04 23:42:43
2026-10-04 01:14:00,CNC-02,M,298.39684692664105,311.33066867310424,2641.5503710143903,19.40804596705763,114.82843380087927,3.3461853715823526,9.779821441976456,55.57540065655048,0,2026-10-04 23:42:43
2026-10-04 17:19:00,CNC-03,H,298.8091237119747,312.44054137297337,1933.9350424553752,34.44303947328829,20.810988341866018,2.5160523661125676,12.308134139268923,53.95839180281722,0,2026-10-04 23:42:43
2026-10-04 11:42:00,CNC-03,H,296.3804500806191,310.06708079294293,1370.522226881875,48.060296161421284,9.53333682059934,1.9723016469144201,12.234345387839362,58.75512656899152,0,2026-10-04 23:42:43
2026-10-04 10:33:00,CNC-03,H,22.392486598784558,36.891005385974665,1427.9101410574754,49.32361493900904,142.84470173505906,2.312677062843999,13.427278790867396,59.978982229349285,0,2026-10-04 23:42:43
2026-10-04 09:16:00,CNC-01,L,295.80298025404653,310.1487482161502,1359.130388652795,53.09801737483162,122.86559293829836,22.077936540100932,13.362471867359256,63.20470966870348,0,2026-10-04 23:42:43
2026-10-04 20:22:47,CNC-02,M,300.37971058492866,314.2388384585567,2393.3807491898638,24.46762223190645,,3.414239716690097,11.22285087893478,49.91385178241244,0,2026-10-04 23:42:43
2026-10-04 12:46:00,CNC-01,L,296.83279781467127,310.5149241873061,1352.5082897324994,49.924794292452646,14.275830221618184,2.0635997017295336,12.54251979391018,58.33886946885901,0,2026-10-04 23:42:43
2026-10-04 03:53:00,CNC-02,M,297.05033055116905,309.90283004645727,2426.416313274735,21.544209050113448,50.070474189522685,3.071109660027821,9.818187867172652,52.31777678125196,0,2026-10-04 23:42:43
2026-10-04 03:50:00,CNC-01,L,296.76902093444886,309.4089711771026,2379.0016766441963,20.76380640427554,125.80959036183913,3.094219012491001,9.14191774613016,56.3581511541913,0,2026-10-04 23:42:43
2026-10-04 14:33:00,CNC-01,L,303.41647052050104,312.14934335829895,1391.4268494125988,54.21259106831425,181.99052969301164,2.5745821459391265,14.25657022881741,42.95868468529201,0,2026-10-04 23:42:43
2026-10-04 10:28:00,CNC-02,M,23.98917238676927,38.654130553249274,1404.5030382622106,50.067660461356844,181.66009861354914,2.5537042981939777,13.602668405042417,56.63772439605119,0,2026-10-04 23:42:43
2026-10-04 10:22:00,CNC-01,L,295.7055149473991,309.5707216457331,1467.0996023700047,48.246150575106206,25.03919034484914,2.2206373472546197,13.335456882361365,62.36716525310526,0,2026-10-04 23:42:43
2026-10-04 15:36:00,CNC-03,H,298.45276742920095,312.7684691191473,1621.6723749655193,45.23408142435238,98.50595323160778,2.201308583578091,13.725134360694126,53.991316323173365,0,2026-10-04 23:42:43
2026-10-04 03:52:00,CNC-03,H,296.87803109810017,,2445.495696373809,21.760740744521833,0.0,3.0626123240709293,9.82384707384998,60.011387895019254,0,2026-10-04 23:42:43
2026-10-04 14:09:00,CNC-01,L,302.99113308395886,311.65444786294603,1347.7281208155925,55.830126975991824,144.76387606936845,2.392578738868783,14.001812429534613,44.50854878578509,0,2026-10-04 23:42:43
2026-10-04 18:23:00,CNC-02,M,300.329035294261,314.0653797858037,,28.77100281155983,32.976472011885825,2.7767525987490935,11.46753029379508,54.206401570258464,0,2026-10-04 23:42:43
2026-10-04 07:08:00,CNC-02,M,296.66147812778206,310.75409071946996,2083.025372115278,33.078958038114976,85.34576396692232,27.04002443196689,12.825021870176942,58.21129923773398,0,2026-10-04 23:42:43
2026-10-04 12:34:00,CNC-01,L,296.70403793160506,311.9903284220621,1460.164448037004,51.76233149241247,234.37008798449156,32.584805425702115,13.759849439416545,55.99168206548367,1,2026-10-04 23:42:43
2026-10-04 11:24:00,CNC-01,L,22.88997111615629,37.307939199002135,1520.3131953549419,46.76491128982373,123.17493960719933,2.233184673681521,13.234729540871346,53.3477483819384,0,2026-10-04 23:42:43
2026-10-04 01:27:00,CNC-03,H,297.8440696202084,309.6735838822698,2774.536845154426,12.345803978033594,157.2425458861024,3.599275666008428,6.312738465944931,57.50673757551731,0,2026-10-04 23:42:43
2026-10-04 15:21:00,CNC-03,H,303.643815440567,311.99343683290545,1689.3985876220668,44.442712687350216,76.1381446783707,2.421568092129859,14.128792469561814,46.125851249544944,0,2026-10-04 23:42:43
2026-10-04 19:57:00,CNC-03,H,298.6949852754793,313.268612452177,2382.195276897962,29.07363715932814,223.82034168963952,3.738352574179032,12.945457214428027,50.12741149613346,0,2026-10-04 23:42:43
2026-10-04 13:48:00,CNC-03,H,297.4698676600266,312.23574950211145,1495.9498944675563,50.36124146104453,208.7742819729816,2.8226137973932715,14.35212876187013,54.10327833016595,0,2026-10-04 23:42:43
2026-10-04 00:07:00,CNC-01,L,298.7542561024943,310.5022531157019,2812.2830997091096,14.385289570054253,73.00435621246777,3.4013221544595433,7.704040540610226,56.87452841786765,0,2026-10-04 23:42:43
2026-10-04 12:10:00,CNC-03,H,296.8216580808603,310.6006932105684,1335.8823793494169,50.28669246678705,53.79053328392105,2.0929076057555935,12.491504920748257,56.21950798126515,0,2026-10-04 23:42:43
2026-10-04 14:58:00,CNC-02,M,299.21577145172444,314.1277646055642,1589.3180459119255,44.99853405402102,190.2778243539574,2.7992003838320496,13.33317871380992,53.18957407258809,0,2026-10-04 23:42:43
2026-10-04 06:35:00,CNC-01,L,295.9270406995846,309.9061832495902,2035.6323051147037,33.39282884088354,107.0670100061298,2.776885880006744,12.782167077645305,61.96990627176584,0,2026-10-04 23:42:43
2026-10-04 10:39:00,CNC-01,L,23.145115681026027,36.825795132779035,1326.395131721607,49.07370892911474,51.89861733860835,1.9668836964996035,12.044299765169823,62.202632345303776,0,2026-10-04 23:42:43
2026-10-04 22:42:00,CNC-01,L,299.3060662655486,311.4436284517013,2642.9706452580917,15.112005332291144,156.3581199173575,3.4677893918666087,7.429602758200328,54.43025643251742,0,2026-10-04 23:42:43
2026-10-04 15:20:00,CNC-02,M,299.2048302355393,313.38507445188714,1690.2327724398915,43.81233940270485,9.080325907918846,2.344953964125287,13.885098362779281,54.08474679238953,0,2026-10-04 23:42:43
2026-10-04 12:37:00,CNC-03,H,297.06226385712944,311.2583170377093,1300.3082082605483,54.83817054053466,96.51769630589274,2.00815108574395,13.459623846093567,55.447917544761914,0,2026-10-04 23:42:43
2026-10-03 23:45:00,CNC-03,H,299.1901259968061,310.47410986081195,2759.0421940821116,13.082524745992206,48.69113040398301,3.3702861537243285,6.633083985300297,48.81657609480153,0,2026-10-04 23:42:43
2026-10-04 03:57:00,CNC-02,M,297.0810744725123,309.159154603198,2313.7665641012018,19.486702634975003,54.88345384308993,2.855935498259405,8.326087344986881,56.88212368660909,0,2026-10-04 23:42:43
2026-10-04 01:45:00,CNC-02,M,298.09028856604755,311.4300923043771,2547.43685543528,21.761879882442866,148.2600973787963,3.3664129315345304,10.523087968418492,51.27113481853923,0,2026-10-04 23:42:43
2026-10-04 11:06:00,CNC-03,H,23.269046875992444,38.31471263063435,1383.1978665403926,56.06951975412856,,2.546895862727066,14.685189478044105,57.52480561802557,0,2026-10-04 23:42:43
2026-10-04 21:29:00,CNC-02,M,300.27175783918614,312.25518900629385,,17.027633497469694,15.77153290239613,3.092307846393184,8.012570524434867,52.72244317633011,0,2026-10-04 23:42:43
2026-10-04 20:19:00,CNC-01,L,299.04057052884826,312.6534138177371,2532.338691391674,21.598593153993495,236.1969491273533,4.419820215455568,10.217595779842464,56.56092083191265,0,2026-10-04 23:42:43
2026-10-04 00:38:00,CNC-03,H,298.3218106087496,310.6300539016107,2660.6730137475265,16.612869402459655,105.03115254187878,3.375932646038754,8.425885703129484,52.41730415275389,0,2026-10-04 23:42:43
2026-10-04 15:50:00,CNC-02,M,299.5937500048581,313.7829401570396,1534.8228357444411,45.09946889080409,53.93832435426534,2.2726561341762794,12.964923528504539,51.869116150506386,0,2026-10-04 23:42:43
2026-10-04 14:44:00,CNC-03,H,303.4169533392155,310.8906272060493,1484.484147238336,43.57392403144829,20.20218647202079,2.1756434172483377,11.96365027074028,45.95920798157205,0,2026-10-04 23:42:43
2026-10-04 11:02:00,CNC-03,H,22.814907884652825,37.930469888490734,1574.3305983871662,51.09276980061557,188.7329431524616,2.6846949334195918,15.098293290034333,57.25812643929051,0,2026-10-04 23:42:43
2026-10-04 12:35:00,CNC-02,M,297.6234489230381,312.80804540099825,1412.2865361563393,53.52174249137902,174.3395124629755,2.522612784723183,13.61842635080753,55.376316325690716,0,2026-10-04 23:42:43
2026-10-04 05:06:00,CNC-01,L,296.3273288406205,309.7416294546725,2281.360801306021,24.568622429236413,219.10687778092495,3.756595818424405,10.595964047599482,61.900260616932584,0,2026-10-04 23:42:43
2026-10-04 17:01:00,CNC-02,M,299.84956763479164,314.7327585132721,2041.2616901323536,37.64760654667066,156.29431409106536,2.9749732722392768,14.531500002537904,52.36934959731134,0,2026-10-04 23:42:43
2026-10-04 21:27:00,CNC-02,M,300.42038658021846,313.17765689142743,2425.73426931206,20.9274143396333,13.524037556410331,3.006902237568226,9.715625231050508,52.78896078216008,0,2026-10-04 23:42:43
2026-10-04 09:57:00,CNC-02,M,296.823377964585,311.4377278205183,1372.216270073954,52.445660337454655,132.8984351619393,2.1590780647097665,13.324764336928208,52.239823669227775,0,2026-10-04 23:42:43
2026-10-04 19:15:00,CNC-02,M,300.4640387713524,314.8812960334147,2199.3764154785385,32.67832311051255,98.6119562828933,2.7845589427015347,13.593417661658188,52.072841288064446,0,2026-10-04 23:42:43
2026-10-04 10:44:00,CNC-02,M,23.719947064624876,38.577241340824116,1408.631145295635,49.86157659658077,206.96658155410674,2.7850259208054373,13.025447569850021,57.32269399152909,0,2026-10-04 23:42:43
2026-10-04 06:03:00,CNC-02,M,296.7826950568692,312.293753415518,2075.1568362650173,39.09176108752489,213.9777619572022,3.4940196395290446,15.074601932434913,57.363007040394024,0,2026-10-04 23:42:43
2026-10-04 10:58:00,CNC-02,M,23.877957764785037,37.58745070860613,1459.1226635049916,46.040699258498286,20.47842759081314,2.150172757261049,12.60364556844993,58.365685958215444,0,2026-10-04 23:42:43
2026-10-04 01:31:00,CNC-01,L,298.00477095669515,311.3703450595498,2643.3347764277437,20.991394803266886,162.46398360077862,3.575333907389598,10.075173770174619,53.55206172567084,0,2026-10-04 23:42:43
2026-10-04 13:35:00,CNC-01,L,297.12767113417243,311.70360379466695,1540.2169323166227,49.74817137840679,91.55133467608894,2.187657491124336,14.523197175674488,56.39948083042257,0,2026-10-04 23:42:43
2026-10-04 11:22:00,CNC-01,L,23.156717313407853,37.17817796018028,1380.0906908450474,47.95976804846018,120.04488827116712,2.197132224164522,12.344839444484574,59.21098016790741,0,2026-10-04 23:42:43
2026-10-04 03:18:00,CNC-02,M,297.4552339235128,309.49197530896987,2497.9470037150554,19.05246383647558,9.116356024712504,3.119970437702373,8.815202373373406,53.11748276348314,0,2026-10-04 23:42:43
2026-10-04 01:30:00,CNC-02,M,298.2678252003509,310.43544624477926,2693.6034498254467,14.793650641668329,132.01619926378893,3.3901395189516235,7.489923065867063,52.86272906772515,0,2026-10-04 23:42:43
2026-10-04 07:10:00,CNC-01,L,295.7243927236842,309.7797672487091,1869.5788501366728,33.69395536290978,155.59708851321258,2.9191736054635684,11.70687498236004,62.66906762257888,0,2026-10-04 23:42:43
2026-10-04 21:44:00,CNC-02,M,300.3700965089928,312.8159798172318,2555.182901267955,18.485421651650086,32.521626366238,3.1314419401498776,8.7523372677382,53.58670873824101,0,2026-10-04 23:42:43
2026-10-04 11:44:00,CNC-01,L,296.502036016462,311.1580011393837,1410.145955431324,51.84617345188706,155.00939583226577,2.4257943649352605,13.879381523306744,54.01935305037058,0,2026-10-04 23:42:43
2026-10-04 12:00:00,CNC-01,L,296.71061405680615,311.4175044099734,1392.1206455648394,52.05951443477244,180.43172224704927,2.5751123914071012,13.725941655545764,60.79839279113364,0,2026-10-04 23:42:43
2026-10-04 14:09:00,CNC-02,M,303.85315469884154,312.6043749767218,1464.6463021379902,51.08425153949034,114.74865661196584,2.2050866310851878,13.932989282346604,46.66129527092331,0,2026-10-04 23:42:43
2026-10-04 00:54:00,CNC-02,M,298.4714963099134,310.9761808919486,2715.5567652817576,18.34033205288849,93.47022318282997,3.3410531939055246,9.195590455506546,55.807153870204345,0,2026-10-04 23:42:43
2026-10-04 03:08:00,CNC-01,L,297.047445632265,310.10994557343105,2503.185325972393,22.781279706167652,76.86434869965554,3.17023309872836,10.713568236578402,55.69811302304419,0,2026-10-04 23:42:43
2026-10-04 19:14:00,CNC-02,M,300.2830920736955,314.21151534729626,2416.8502215913227,26.608410391449446,97.34709877073188,3.0595988644322816,11.992052210367335,49.418355319746304,0,2026-10-04 23:42:43
2026-10-04 04:59:00,CNC-02,M,296.7996257688908,,2344.0908336007747,28.061359033257197,130.98462142034492,3.0334929154127686,12.493636230726677,63.04102463322929,0,2026-10-04 23:42:43
2026-10-03 23:57:00,CNC-03,H,298.78861892774205,310.1986554606706,2706.841714180055,12.715702891102833,61.36560124167384,3.2629351924932606,6.492433953624505,52.74692708931017,0,2026-10-04 23:42:43
2026-10-04 15:07:00,CNC-02,M,298.90724082076,313.82685848084895,1487.373069654444,49.916101077797535,203.9198989941104,2.9060978418619396,13.919805660135436,54.57880323264332,0,2026-10-04 23:42:43
2026-10-04 09:32:00,CNC-02,M,296.5219301204383,311.07500078550646,1443.1841946491186,51.00959645073805,94.34589789079149,2.159739407217751,13.684586627184837,58.742998138037684,0,2026-10-04 23:42:43
2026-10-04 01:30:00,CNC-01,L,298.4560245099296,310.87007041468365,2756.856466733797,16.168711180738455,161.3660864115623,3.750155107603713,8.397135369417422,58.2800132780233,0,2026-10-04 23:42:43
2026-10-04 07:20:00,CNC-02,M,296.5857989748195,310.0729246485832,1725.65477321956,37.228908378434,102.48487561414674,2.4215847938527433,12.034549983652587,58.82781045765014,0,2026-10-04 23:42:43
2026-10-04 19:49:00,CNC-01,L,299.591303338006,313.9904200156103,2383.9218966109693,26.878796548607568,200.5608999055391,3.7420663617562213,11.947889323894309,56.31405231241746,0,2026-10-04 23:42:43
2026-10-04 21:01:00,CNC-02,M,300.3319675804647,315.5024048464388,2431.4045250450404,29.907275131228552,224.4133886974774,3.8411192767617313,13.513054723377818,52.91700873373523,0,2026-10-04 23:42:43
2026-10-04 19:39:07,CNC-01,L,299.6655563096253,313.7116825441501,2314.637419687891,26.85886102722796,188.47688098413113,3.5291827463612195,11.674322485285648,51.65750358675086,0,2026-10-04 23:42:43
2026-10-04 13:25:00,CNC-02,M,298.2235592618473,312.531704286333,1348.3542703216176,53.35574098144472,45.93005552933372,2.0489255393429318,13.455527513321426,57.63679058306438,0,2026-10-04 23:42:43
2026-10-04 07:51:00,CNC-03,H,22.484323156951803,37.05706222281157,1707.954971862962,43.289651498248894,164.30437284462775,2.6924044406176946,13.905288526409505,57.5606554778905,0,2026-10-04 23:42:43
2026-10-04 18:14:00,CNC-01,L,299.69291562374246,313.80780405816876,2097.022823055015,33.00843390857292,80.66387361855705,2.6580550425958323,13.157251757022877,51.36808391655514,0,2026-10-04 23:42:43
2026-10-04 01:37:03,CNC-02,M,297.99476101082035,311.26746586511575,2656.773542571672,21.061787806428605,139.47942342536246,3.3231978799162345,10.393895985259707,53.35281919517671,0,2026-10-04 23:42:43
2026-10-04 12:31:00,CNC-02,M,297.74629846654153,312.60702037270005,1376.0537170243028,52.97090520787633,168.0270071006595,2.4688909640777883,13.322228918982212,54.73162847515867,0,2026-10-04 23:42:43
2026-10-04 12:28:00,CNC-02,M,297.6650296643065,312.18868040650506,1399.9066866562237,51.336285785066316,163.24843843404943,2.484458285824876,13.428788700696039,55.41934929042512,0,2026-10-04 23:42:43
2026-10-04 02:41:00,CNC-02,M,298.3301482764583,312.4471259266374,2544.5822693822756,25.24377242729717,209.9346128451582,3.7949841104817956,12.228596533169348,54.822887031436885,0,2026-10-04 23:42:43
2026-10-04 10:49:00,CNC-01,L,22.901699524434036,37.223637153041636,1417.4460964314803,52.45759598273261,67.78697576823467,2.0214999625327894,13.825389626307492,60.251566803566845,0,2026-10-04 23:42:43
2026-10-04 16:32:00,CNC-02,M,299.28140049967976,313.4251806921471,1772.458029533613,38.87590002690102,115.31572952876833,2.4769446700130273,12.89566429763664,55.18299218395903,0,2026-10-04 23:42:43
2026-10-04 09:32:00,CNC-03,H,295.4451038739993,309.4830741740996,1462.270238636965,47.78885474971353,47.627699583698714,2.234205922981717,13.094894025338002,59.23772801359695,0,2026-10-04 23:42:43
2026-10-04 00:04:00,CNC-02,M,298.70388604068893,310.77316675830366,2620.9443088049834,18.009861760302815,40.305778360567395,3.1955332972405635,8.814283178056463,51.98334434918493,0,2026-10-04 23:42:43
2026-10-04 11:17:00,CNC-03,H,23.11915941899491,37.841382402004115,1336.5715695095435,53.86025725425144,212.50116643888717,2.5498695448405484,13.50262993990531,56.09649271546137,0,2026-10-04 23:42:43
2026-10-04 12:40:00,CNC-03,H,296.9286874765045,310.80179502603403,1305.9335556802039,52.97299375078733,101.26897234878732,18.880682343476142,13.000155346198314,54.879905147103656,0,2026-10-04 23:42:43
2026-10-04 20:37:00,CNC-01,L,299.41832689899593,312.4690360089328,2318.054114416608,25.595975507118876,17.490544183956292,2.8601953547385186,11.01194977996172,52.58087661813506,0,2026-10-04 23:42:43
2026-10-04 21:37:00,CNC-03,H,298.70752214867866,311.50240986538785,2573.9477797527015,21.241924067551754,102.40324968190976,3.119197433286452,10.295917418706383,53.033518118977746,0,2026-10-04 23:42:43
2026-10-04 03:36:00,CNC-01,L,296.8720358349365,310.0434495704537,2390.4439443209603,23.09271319418613,109.4798991081996,3.0950856117731056,10.332291930854266,59.27209624317612,0,2026-10-04 23:42:43
2026-10-04 06:38:00,CNC-03,H,295.53903982527487,308.8086761404449,1954.3758195791943,31.63383795526493,60.58964677703558,2.5534184688842907,11.637944203870582,59.13898759148542,0,2026-10-04 23:42:43
2026-10-04 06:05:00,CNC-03,H,295.7021143170196,309.18559451093296,2001.9284380588142,33.36199926900586,15.927440069430151,2.6461007402614616,12.078767745621676,60.52605489866286,0,2026-10-04 23:42:43
2026-10-04 13:56:00,CNC-01,L,302.6765281609785,311.00461908964985,1568.3615909773134,46.11898972384962,124.35515042838968,2.4127731676525532,13.594215298249912,47.77264900747591,0,2026-10-04 23:42:43
2026-10-04 05:14:00,CNC-01,L,296.38213177326975,309.6428640606549,2167.439835406239,28.86026176682085,0.0,26.194075863195096,11.790113705696406,54.252752621826964,0,2026-10-04 23:42:43
2026-10-04 16:45:00,CNC-01,L,299.32876454074193,314.46363510546604,1847.07905615914,42.50524563314047,177.5427163721386,2.9873591543364415,14.830375656342945,50.47871625233993,0,2026-10-04 23:42:43
2026-10-04 18:27:00,CNC-02,M,300.08868660633397,313.6212938620565,2301.318286156332,27.40109946580529,38.0991557230029,2.8615950810958224,12.107043173978798,0.0,0,2026-10-04 23:42:43
2026-10-04 02:58:00,CNC-03,H,297.52025303313695,309.5419586767648,2463.318239906938,18.26468080940149,37.17385459196842,3.0007089394377875,8.070581509011506,62.12405243321664,0,2026-10-04 23:42:43
2026-10-04 13:27:00,CNC-02,M,298.34531222719994,312.74440242965306,1517.8594375500218,48.876724647292704,49.07266372670685,2.12422188279705,,51.19016618457837,0,2026-10-04 23:42:43
2026-10-04 20:39:00,CNC-01,L,299.50140475775476,311.93156420047166,2350.864293648215,21.450664481225356,19.852610437719793,2.9926730311959866,9.444798030171839,50.92210925961829,0,2026-10-04 23:42:43
2026-10-04 11:27:00,CNC-02,M,23.754131604163376,38.074479671145525,1435.61752553424,49.944079742691216,66.28649813349543,0.0,13.266687031440297,60.161989817721675,0,2026-10-04 23:42:43
2026-10-04 13:51:00,CNC-02,M,298.0178434788801,312.12075466470844,1471.440151311204,46.441909877799546,86.6575738221783,20.68533594826689,12.669873841247204,53.31295990957667,0,2026-10-04 23:42:43
2026-10-04 04:28:00,CNC-01,L,296.47308291569897,309.7060262359709,2425.2881732966366,23.019148134460742,171.3726530223101,3.494438810079156,10.626978781717721,56.55601528802558,0,2026-10-04 23:42:43
2026-10-04 09:18:00,CNC-02,M,296.6746673214767,310.76919043400886,1556.4610840185762,45.466054093720516,72.59823484920595,2.151768274748413,13.389845508586516,1162.9496813472806,0,2026-10-04 23:42:43
2026-10-04 18:38:00,CNC-02,M,300.5563723595018,314.0323314284927,2213.980170505487,27.403056411473358,52.14349217849532,2.934125361637933,11.202950842915348,48.9659279377645,0,2026-10-04 23:42:43
2026-10-04 15:15:00,CNC-02,M,299.1909449061998,312.73549516922844,1494.3027449489698,42.58255529335475,1.5274060429356506,2.191733666180559,11.760234092243119,53.548961282232796,0,2026-10-04 23:42:43
2026-10-04 08:07:00,CNC-02,M,23.44636140839532,38.539900712222845,1813.6042291986555,43.50148888271275,170.72337148811926,2.79105122307774,14.773048931288805,61.23002835622044,0,2026-10-04 23:42:43
2026-10-03 23:53:00,CNC-01,L,299.07910238592945,311.15479055860544,2717.524886013558,16.740112888565797,58.24809161017512,3.383446738495297,8.52802427970504,56.12359911404207,0,2026-10-04 23:42:43
2026-10-04 05:40:00,CNC-02,M,296.6801556842912,311.3445028186576,2017.5074772144276,34.903781178161495,183.61582292426695,3.1240750014294485,13.155198696223524,57.97464962919256,0,2026-10-04 23:42:43
2026-10-04 14:33:00,CNC-02,M,304.071678436211,313.1446583220074,1585.4635489133955,47.92174172652743,152.03111417892987,23.875504615807817,14.445720793650136,45.689437169583954,0,2026-10-04 23:42:43
2026-10-04 01:07:00,CNC-03,H,297.9087688007323,310.7269987245407,2766.4356021105737,17.371747829484406,135.88583596528616,3.450569352152315,9.265885929759145,56.378547864190665,0,2026-10-04 23:42:43
2026-10-04 07:55:00,CNC-02,M,23.70225339023449,38.31279734101139,1674.4708266425573,43.21579242626746,152.9558038573811,2.6189794956383365,13.400489362803171,58.98246691141909,0,2026-10-04 23:42:43
2026-10-04 11:14:00,CNC-02,M,23.850386545958372,37.78756441069038,1404.1972346172843,50.58099886690476,45.75676708349439,2.033962230576497,13.436007427849637,53.42441521215248,0,2026-10-04 23:42:43
2026-10-04 19:59:00,CNC-03,H,298.72369042039185,313.2215572151105,2525.991723116425,25.976120619597477,226.14527586846935,3.7811821889340957,12.570363443051122,53.900797520296784,0,2026-10-04 23:42:43
2026-10-04 13:03:00,CNC-02,M,298.24938031552665,311.496335545196,1359.7101770577524,45.169852102718565,11.13634283142181,2.0009400550350844,11.183634385354441,52.01427750271692,0,2026-10-04 23:42:43
2026-10-04 04:09:00,CNC-01,L,296.4633499462152,310.3384109087699,2318.599450732832,27.97585947289927,148.3889704520466,3.1696320587458326,12.14491561968025,55.35796554353835,0,2026-10-04 23:42:43
2026-10-04 00:37:00,CNC-03,H,298.16279983915643,309.5143406440744,2823.6276653251693,10.537766565342869,103.94115587581302,3.494200460226061,5.469143577647738,55.23113362985697,1,2026-10-04 23:42:43
2026-10-04 07:15:00,CNC-02,M,296.60205452876767,310.39042168551333,1655.5457574448978,40.23139058725791,95.30112485053279,2.3741463845693165,12.488791127928742,57.878966956830915,0,2026-10-04 23:42:43
2026-10-04 21:19:00,CNC-02,M,300.5027327653158,312.918079896078,2547.592335080234,19.75043091535933,4.529697980379344,3.005208233050035,9.40850152542446,49.35974479945877,0,2026-10-04 23:42:43
2026-10-04 01:04:00,CNC-02,M,298.16686399505215,310.1713760957316,2702.068492688765,15.799702533942108,104.11497032306964,3.3997854441156874,8.143083009215504,57.21933072238172,0,2026-10-04 23:42:43
2026-10-04 02:14:00,CNC-01,L,297.7788299859553,308.7267426392429,0.0,12.20174259821258,16.523914077737903,3.3022026846021055,6.054921721739787,58.61093314507978,1,2026-10-04 23:42:43
2026-10-04 17:03:00,CNC-03,H,298.733440140771,313.58972895281687,2055.393397094157,35.668985635184285,223.93550611288848,3.360239537173834,13.47754139715112,55.04228053827698,0,2026-10-04 23:42:43
2026-10-04 18:28:00,CNC-01,L,299.714204575349,313.5792141366016,2210.9964608108917,29.31292413031072,98.94317178628023,2.7703475070854053,11.859181139401729,51.64473641243082,0,2026-10-04 23:42:43
2026-10-04 18:08:00,CNC-02,M,300.06594444907,313.0730820869748,2183.267728467721,25.367857676406505,13.434009529666524,2.6142882371184277,10.214920486931364,49.06566911960494,0,2026-10-04 23:42:43
2026-10-04 16:11:00,CNC-03,H,298.36342939833884,313.10012315130353,1776.7326464327139,42.35961293308522,149.97976264116787,2.6974194949410775,14.196314129551038,55.63052940152306,0,2026-10-04 23:42:43
2026-10-04 06:06:00,CNC-02,M,296.85439210281515,310.4175231085939,1997.5706233995506,33.05049202870408,0.0,2.5525197519920195,12.288415356640918,58.569099360632734,0,2026-10-04 23:42:43
2026-10-04 03:15:00,CNC-02,M,297.30599770310283,309.91549610880264,2593.4810464448324,20.11653143873993,5.680319828677095,3.1845261075704254,9.784715178726007,57.21869905824996,0,2026-10-04 23:42:43
2026-10-04 09:01:00,CNC-02,M,296.8280074883962,310.43860272168837,1551.2986604691446,40.581257697260625,46.51836697505093,2.242738352784983,11.561692154369856,53.693565822141906,0,2026-10-04 23:42:43
2026-10-04 05:43:00,CNC-01,L,296.021493831602,309.3556359480094,2101.042150493169,30.41473517224358,37.50638363663447,2.7743669821936936,11.704985743185992,62.559334496841274,0,2026-10-04 23:42:43
2026-10-04 05:50:00,CNC-02,M,296.721825860398,311.6087162734296,2069.181716590193,35.2518505859928,196.80156906896474,3.146160483520169,13.847569067000652,55.10332481038718,0,2026-10-04 23:42:43
2026-10-04 14:43:00,CNC-03,H,303.37308133610776,311.2145002774151,1529.6438437739614,47.447609324774746,18.66686993290015,2.248485155271249,13.568968368843407,42.18894695515758,0,2026-10-04 23:42:43
2026-10-04 18:47:00,CNC-01,L,299.97639920322325,313.33163785010953,2107.247421240625,28.15641921992202,123.34751612620676,28.216339358502776,11.064477648776348,51.78711300186133,0,2026-10-04 23:42:43
2026-10-04 19:12:00,CNC-02,M,300.52553050615865,315.01647275148724,2195.103739625939,31.916886173252674,94.86261956943153,2.718775355795581,13.185043847983138,51.980698981141515,0,2026-10-04 23:42:43
2026-10-04 06:46:00,CNC-03,H,295.6984323432812,309.903353361213,1839.9669636470492,39.1664420505759,71.70148248739915,2.380413710304274,13.369442398437286,60.42001839248923,0,2026-10-04 23:42:43
2026-10-04 21:00:00,CNC-01,L,299.13224534283415,312.3607089250654,2395.118144662018,24.902305755491998,43.918301002486416,2.8967884126524774,11.181939856965014,53.211326477530015,0,2026-10-04 23:42:43
2026-10-04 06:37:00,CNC-01,L,296.13558618363686,310.52685867767036,1843.0545949605773,40.161355733094,109.8317754781752,2.562885901350019,13.95722993075537,60.52549803728616,0,2026-10-04 23:42:43
2026-10-04 04:47:00,CNC-03,H,296.33647714051665,310.904422202894,2147.641658415389,33.44561626606443,167.45552420279532,3.1757312063999983,13.562882700171993,57.872255086693634,0,2026-10-04 23:42:43
2026-10-04 04:27:00,CNC-02,M,296.98619257549956,310.614631589809,2292.638013771728,27.438317050647367,91.13726622661312,2.810860534868315,12.016679712729188,56.59120174370698,0,2026-10-04 23:42:43
2026-10-04 02:31:00,CNC-01,L,297.26540778990585,309.8771039353367,2659.0174810665553,18.82991613830598,35.23171461150316,3.196067243610666,9.567356552795712,54.2533646727207,0,2026-10-04 23:42:43
2026-10-04 00:35:00,CNC-03,H,298.63656414692855,310.97014947338266,2742.9351117686065,18.062753704593067,101.81491434618374,3.262357472596697,9.144915059165788,57.07692379182914,0,2026-10-04 23:42:43
2026-10-04 22:45:00,CNC-03,H,298.3445716466325,310.85799234984336,2715.8315190255257,16.496212380981092,176.49369687930835,3.543125964561634,8.482692405256007,57.941189059148336,0,2026-10-04 23:42:43
2026-10-04 21:31:00,CNC-01,L,298.93743473955624,311.3203339835743,2416.420954349897,20.543099063863725,78.92353614751448,2.93732435159118,9.383675830097648,56.15636131043472,0,2026-10-04 23:42:43
2026-10-04 21:37:00,CNC-02,M,300.2992083840408,311.7722529734222,2657.5887985887302,13.413649964745968,24.710079623880983,3.251419427008037,6.740330188948207,48.1820355904658,0,2026-10-04 23:42:43
2026-10-04 11:43:36,CNC-03,H,296.84649178910763,310.443433964785,1619.0377687168025,42.16152581124334,12.595620728204334,2.2854551896528084,12.670890249598289,60.218154943658966,0,2026-10-04 23:42:43
2026-10-04 16:32:00,CNC-01,L,299.29700134526064,314.27282042751784,1753.3214933235915,43.59524902383694,158.95351319966605,2.713705842804561,14.242248168631884,50.81953598849359,0,2026-10-04 23:42:43
2026-10-03 23:59:00,CNC-02,M,298.9861161908948,311.1591493118453,2679.081340289302,,34.99670904585247,3.240149431378985,8.627882088850564,54.30532295716166,0,2026-10-04 23:42:43
2026-10-04 15:40:00,CNC-02,M,299.262988307761,313.72320533485066,1716.0071284031658,44.097555666767555,39.1102672514786,2.38725520424896,13.79695960209394,46.51187747244905,0,2026-10-04 23:42:43
2026-10-04 00:37:00,CNC-02,M,298.5514447951984,310.55485786655703,2623.1613920188133,16.12989215102366,75.40603685320025,3.125914283781808,7.8703352161880735,53.79970052674647,0,2026-10-04 23:42:43
2026-10-04 03:11:00,CNC-01,L,296.87582206644623,310.076731503509,2549.492326701529,22.99968009409712,80.2782367397607,3.2261418509134354,10.746634556978194,56.65997752697457,0,2026-10-04 23:42:43
2026-10-04 11:47:00,CNC-02,M,297.673729303899,311.75676123848143,1438.0891597501131,46.827930864225436,97.9981963253076,2.1941758186014537,12.644662830717786,56.84036983683695,0,2026-10-04 23:42:43
2026-10-04 17:13:00,CNC-02,M,299.90802380047296,314.6989962631641,1837.9648790933174,40.374751501048074,173.11143177761488,2.838330080314053,14.321532297481717,56.54616555955233,0,2026-10-04 23:42:43
2026-10-04 07:29:00,CNC-03,H,22.49796370336088,36.80232680578115,1667.0011827249302,42.38305243405854,132.45938486383417,2.477389626341503,13.287159715079142,55.380840192368765,0,2026-10-04 23:42:43
2026-10-04 14:55:00,CNC-02,M,304.07186999100014,312.8284354710655,1538.1626965543092,47.956645526048945,185.79145573636106,2.6867571126824674,14.057349769211784,42.56956935331841,0,2026-10-04 23:42:43
2026-10-04 07:27:00,CNC-03,H,22.45842700627503,37.036032313886324,1829.574557337809,41.8296045339213,129.62201715504685,2.579136420336131,14.307757082830392,58.07240564519539,0,2026-10-04 23:42:43
2026-10-04 10:43:00,CNC-01,L,23.24591066978627,37.45445170368214,1469.3009521766169,48.299209390698344,58.197106766800516,2.2121108848297797,13.518392907304616,57.35366904446761,0,2026-10-04 23:42:43
2026-10-04 03:47:00,CNC-03,H,296.9336396725922,309.91335237826286,2334.259943160619,23.433413014490004,94.3997380181466,2.9596160222758416,10.301446308749412,56.077307594388074,0,2026-10-04 23:42:43
2026-10-04 13:19:00,CNC-02,M,298.1911427296623,311.9810477756692,1536.9192729299712,42.34892133595067,36.40069922889107,2.1035661973481177,12.051539891141438,58.71854111859598,0,2026-10-04 23:42:43
2026-10-04 04:02:00,CNC-01,L,296.38674843479146,309.54189445003976,2337.5616695320778,23.067651719033435,139.97921471411766,3.1688123378151443,10.031662252993996,61.89123444422229,0,2026-10-04 23:42:43
2026-10-04 05:50:00,CNC-01,L,295.83972816477,310.00039374116204,2168.7968349039843,33.66559924059916,46.5883315299285,2.8489526136161256,13.846501451610283,59.709777231275936,0,2026-10-04 23:42:43
2026-10-04 14:39:00,CNC-01,L,303.3831883829885,312.1374047035133,1452.2929989718707,50.840207754951585,191.25930030780268,2.76235402941259,13.713872693227056,50.87322672251568,0,2026-10-04 23:42:43
2026-10-04 05:45:00,CNC-01,L,296.03874484575175,308.9613358994871,2095.1622800416976,27.433283458109265,40.08098280313739,2.6502368841692534,10.644580754001375,63.33305934913016,0,2026-10-04 23:42:43
2026-10-04 11:18:00,CNC-01,L,22.91257264153097,36.56694469384058,1347.4178175710808,48.4284556314383,113.64620473166924,2.226204606780278,12.204193600723235,58.70865789447019,0,2026-10-04 23:42:43
2026-10-04 09:33:00,CNC-02,M,296.9104135485132,311.22907778497756,1418.3250861941485,50.0067219945353,95.92302404168471,2.1351723514843766,13.289746803780998,58.02423183164551,0,2026-10-04 23:42:43
2026-10-04 07:05:34,CNC-03,H,,310.18749034112574,1925.8927645044828,39.481252169804584,99.80524223749475,2.6028748165690794,14.287162835965267,56.03175216258199,0,2026-10-04 23:42:43
2026-10-04 08:10:00,CNC-03,H,22.304237223086147,37.273955055803754,1618.7460102136736,47.70330201465364,191.90657681892546,2.7512625229117744,14.528092810500564,63.07017003031849,0,2026-10-04 23:42:43
2026-10-04 18:37:00,CNC-01,L,299.8750919506324,313.6589510048034,2105.61019550285,31.192313401332143,110.54667508395752,2.8503610852130565,12.202143757579684,50.84764425611019,0,2026-10-04 23:42:43
2026-10-04 01:23:00,CNC-01,L,298.44248013349466,312.2551603692327,2532.465739528212,24.418686031327518,153.81792339531745,3.483825500303665,11.652335146359473,52.849939323070345,0,2026-10-04 23:42:43
2026-10-04 21:22:00,CNC-02,M,300.5870000408531,313.2651338506296,2500.0466214759995,20.23496330259027,7.984684699710725,3.0766594167216113,9.603616340675748,51.75733437713547,0,2026-10-04 23:42:43
2026-10-04 19:20:00,CNC-02,M,300.2838298230246,314.2525044096004,2375.272505887247,26.80774642463634,104.7584121642966,3.0012273825854963,11.944592435891227,50.80196796313672,0,2026-10-04 23:42:43
2026-10-04 02:44:00,CNC-02,M,298.11794002409096,312.25197036487805,2573.3259520851634,24.596792547398042,213.37612906115208,3.919402425644531,11.87999262611481,53.521850673613734,0,2026-10-04 23:42:43
2026-10-04 16:19:00,CNC-03,H,298.4763926244875,313.09112618480515,1519.7111324984487,48.43109435569307,161.59845838617534,2.3984373990250747,13.681931856254506,55.16327591703227,0,2026-10-04 23:42:43
2026-10-04 21:41:00,CNC-03,H,298.886557370208,311.1324713418798,2547.0903057721766,17.320320334705315,106.84707575242966,3.2120696643984967,8.407764052475923,56.61342190801757,0,2026-10-04 23:42:43
2026-10-04 17:01:00,CNC-03,H,298.64575311669455,314.1670394935539,1928.8952224714385,42.190418672301156,221.20985742330728,3.181399144948366,,57.61552365145652,0,2026-10-04 23:42:43
2026-10-04 19:59:00,CNC-02,M,300.50472641786087,315.42742245728397,2374.726352590057,30.39438712865179,152.12189703033252,3.159575172858163,13.200911100812023,46.70558527809505,0,2026-10-04 23:42:43
2026-10-04 07:21:00,CNC-02,M,296.6135575954994,310.557050390575,1660.4824055412707,38.890781546664684,103.92461154239119,2.3475384430929767,11.831414356282105,53.49152541567482,0,2026-10-04 23:42:43
2026-10-04 07:38:00,CNC-03,H,,37.52732704019036,1760.704407256945,44.127819217383305,145.33499990288826,2.5707423563057525,14.678155859815202,54.91605857424643,0,2026-10-04 23:42:43
2026-10-04 19:24:00,CNC-01,L,299.58433058622734,314.0210302990513,2157.403111560172,32.97504977549398,169.91438339161908,3.3113762236949436,13.406784695286076,52.18746544682824,0,2026-10-04 23:42:43
2026-10-04 12:19:00,CNC-03,H,296.46531448333263,310.49182482469894,1398.8625021912646,49.247992835906814,68.08729409280332,2.169553738378215,13.060897145907315,59.99939710712135,0,2026-10-04 23:42:43
2026-10-04 10:36:01,CNC-02,M,23.778494484672592,38.838895282793885,1436.9444975520291,50.65778661944856,192.77741231584312,2.6196873260320794,13.79301750475431,57.01856411447963,0,2026-10-04 23:42:43
2026-10-04 13:13:00,CNC-03,H,296.9999226349669,311.9154920646413,1406.8313364423777,54.95271794208348,153.52732739614757,2.305473748223779,14.506371531209178,57.939615247054164,0,2026-10-04 23:42:43
2026-10-04 21:16:00,CNC-03,H,298.81323783615045,312.428943630577,2563.0740505423914,23.92693589583994,78.82224172135882,3.0721138594526876,11.29114480660816,53.49756655326898,0,2026-10-04 23:42:43
2026-10-04 06:29:00,CNC-03,H,296.04570214689784,310.2109300316717,2034.650530178433,35.44545407874111,48.35618033972473,2.603327780590284,13.486151652156897,59.00412673431326,0,2026-10-04 23:42:43
2026-10-04 07:07:00,CNC-03,H,295.6238162019219,309.6893177707712,1979.191766121489,35.316257509049656,101.16870560995613,2.605645728926491,13.259365766516904,56.72354606869835,0,2026-10-04 23:42:43
2026-10-04 09:39:00,CNC-01,L,295.7864141458268,310.33773076556236,1403.3747732360791,51.73886391428231,158.23225073134375,2.514654371388512,13.581095624210116,59.66233068525073,0,2026-10-04 23:42:43
2026-10-04 11:15:00,CNC-02,M,23.99350210835064,38.69555133387479,1516.3321884558322,51.47638838066101,47.29401129473955,2.1413946362303515,14.686722355403305,56.34999605435046,0,2026-10-04 23:42:43
2026-10-04 07:18:00,CNC-03,H,295.5958676481423,310.5625129504779,1768.4828962068568,44.172484662334476,116.81674243337866,2.395674525915569,14.628859905143472,59.14502138812827,0,2026-10-04 23:42:43
2026-10-04 06:00:00,CNC-02,M,9165.545234792855,311.092414251699,2002.009381760718,34.29749134674777,210.11021072359605,3.378991584097669,12.893842926641804,51.960713905146484,0,2026-10-04 23:42:43
2026-10-04 18:13:00,CNC-03,H,298.95201684335615,312.8565512994608,2092.0383943964557,32.51717738825878,93.5245686299761,2.7192245340475063,12.96847935352456,54.652156431705166,0,2026-10-04 23:42:43
2026-10-04 01:48:00,CNC-03,H,298.26188675151934,310.82091729595965,2697.02109049067,15.65851234428161,180.09032566782946,3.6355400935953885,8.172868040520468,53.03857951041782,0,2026-10-04 23:42:43
2026-10-04 16:07:00,CNC-03,H,298.3634233895358,313.0619031017054,1724.7366464516272,43.69976913346391,144.21997530423369,2.5807753364377906,14.190882491057044,51.64142296102055,0,2026-10-04 23:42:43
2026-10-04 09:27:00,CNC-02,M,296.7541868314964,310.71734033745145,1359.7057840414575,50.08088245245342,86.54717962922611,2.14540015704788,12.840795093213208,55.62196768384727,0,2026-10-04 23:42:43
2026-10-04 13:22:00,CNC-01,L,297.29548700471514,311.72636097858884,1423.3054729716182,52.33275694467395,71.1397671087421,2.0978254465769206,13.851126371996292,55.4740344728607,0,2026-10-04 23:42:43
2026-10-04 17:01:00,CNC-01,L,299.14478197464354,314.0303371041171,1782.4728375243692,41.876806652971936,200.04659240508056,3.1364044102068527,13.917903457615585,51.200733411082105,0,2026-10-04 23:42:43
2026-10-04 06:36:00,CNC-02,M,296.58254314980223,310.04334753245143,1940.0182897914854,33.01861902235239,40.86985537706552,2.5171413147537915,12.239658865442374,52.84180431858434,0,2026-10-04 23:42:43
2026-10-04 11:57:00,CNC-02,M,297.40942238149165,312.2171127818434,1441.447163809377,51.711444532580416,113.85265888370155,20.621776241164074,13.903781875042402,57.12187731691913,0,2026-10-04 23:42:43
2026-10-04 19:38:00,CNC-01,L,299.8065137847386,313.6027277373655,2365.6021980173027,24.820526845024542,187.2648834252888,3.5770109223376454,11.201815049230278,52.619635654103156,0,2026-10-04 23:42:43
2026-10-04 18:12:00,CNC-02,M,300.0872408594959,314.4980432784314,2062.417277475764,37.29423938985826,18.703631634229257,2.6208411385726254,14.513865040712604,56.745895328118586,0,2026-10-04 23:42:43
2026-10-04 18:28:00,CNC-03,H,299.29463572495746,313.33573557761275,2208.3384514097866,30.42106003905805,113.09860511408958,2.9090244795380418,12.48266746796584,46.018801510413354,0,2026-10-04 23:42:43
2026-10-04 16:08:00,CNC-03,H,298.66394976378643,313.53240672628897,1800.8439463525997,42.40036796609735,145.6496218653448,2.6539992972841517,13.865983260337595,54.731119120683566,0,2026-10-04 23:42:43
2026-10-04 21:08:00,CNC-03,H,298.94137607564085,311.34946042725375,2546.774966462368,18.253617219369044,69.8439398464312,3.1508730300744614,8.627976761513994,52.96558822460647,0,2026-10-04 23:42:43
2026-10-04 16:47:00,CNC-02,M,299.6494306825799,314.7678310633784,1868.4592220637476,41.7386650897927,136.5544196544197,2.7167494868170055,14.75944346534086,56.00412038736003,0,2026-10-04 23:42:43
2026-10-04 15:11:00,CNC-02,M,298.94648786296574,314.13981071542617,1574.1256388552404,49.54508608383196,209.9547187302018,3.0992287666041105,14.73539145704638,53.788437730666445,0,2026-10-04 23:42:43
2026-10-04 20:44:00,CNC-01,L,299.42173369059515,311.1516582527974,2561.7959720918875,16.708652680048356,25.490388858987355,3.0651074762189476,8.121146169528723,55.42786789195495,0,2026-10-04 23:42:43
2026-10-04 09:37:00,CNC-01,L,295.8990104512284,310.96007296064465,1461.4980483069974,53.49495343231818,155.09728516862322,2.5426557643349823,14.736448565435712,63.105584520199514,0,2026-10-04 23:42:43
2026-10-04 12:58:47,CNC-02,M,298.0034483598833,311.84986966622546,1389.6012835140345,49.00556868810344,4.772301208375993,2.058888192926119,12.729274909684415,54.620909926484224,0,2026-10-04 23:42:43
2026-10-04 13:54:00,CNC-03,H,297.6600865093805,312.4598449590284,1461.0813613982803,50.306179335618125,218.14823028077677,2.7448775018613922,13.680652742818408,54.63108167341528,0,2026-10-04 23:42:43
2026-10-04 19:00:00,CNC-03,H,299.07322182885537,313.3288422053883,2072.370089224962,33.22323635094351,153.8299463773249,2.8843355689791936,12.92018290733544,55.63682926850229,0,2026-10-04 23:42:43
2026-10-04 15:51:00,CNC-02,M,299.4730515624627,313.95656392472483,1608.4523094691929,46.12859858561147,55.46199364792485,2.2686702941326837,13.776864040765451,49.61371130918057,0,2026-10-04 23:42:43
2026-10-04 14:36:00,CNC-01,L,303.6250787742925,311.8200752662801,1507.393782702248,45.173329673328965,186.59791551607046,2.763013373986124,12.817386359105633,39.485438690169126,0,2026-10-04 23:42:43
2026-10-04 19:46:00,CNC-01,L,299.7036618103187,314.2527216139136,2249.9451496862293,32.01968308174129,196.9823303453275,3.576600250414713,13.466555232588233,49.749814399775204,0,2026-10-04 23:42:43
2026-10-04 05:48:00,CNC-02,M,296.62178981566205,311.8538472865942,2035.0476106747356,37.827889456265645,194.16404140058563,3.2186658246787823,14.424653585286693,57.439229464887845,0,2026-10-04 23:42:43
2026-10-04 18:44:00,CNC-02,M,300.53289250366214,314.4632254323184,2153.1954237205423,29.518144327447327,59.74784251275195,2.7529103740492085,12.037851504779105,47.44056701742319,0,2026-10-04 23:42:43
2026-10-04 05:22:12,CNC-03,H,295.8463830773825,310.57054154077156,2169.231963234814,32.34481230891928,211.82381830536636,3.3185314943498114,13.178662783237106,59.665543510947366,0,2026-10-04 23:42:43
2026-10-04 22:29:00,CNC-01,L,299.49271629436015,312.30638407532035,2649.167120361204,18.77565075603519,142.40443369359008,3.4927337109696888,9.184393346533419,48.93617328270007,0,2026-10-04 23:42:43
2026-10-04 11:17:00,CNC-02,M,24.26326392504916,38.78034230167964,1588.768883075058,48.35265563010809,50.42135652802757,2.248047089391989,14.687179931841202,53.71397372018702,0,2026-10-04 23:42:43
2026-10-04 08:11:00,CNC-01,L,22.217852175463122,36.142679012689314,1698.695733925445,42.774633744184825,24.83640332949836,2.2964898694658995,13.557090200878019,56.90430487328859,0,2026-10-04 23:42:43
2026-10-04 09:05:00,CNC-03,H,295.4860373493838,309.36529915413985,1442.6964143452756,49.24542200589619,6.1022604289923,2.118184480913001,13.306216572897704,63.086047738011956,0,2026-10-04 23:42:43
2026-10-04 22:57:00,CNC-03,H,298.53182214270885,311.3260661210942,2740.452686776258,16.63030818561989,189.22345217584106,3.666855312771629,8.733558358275392,57.758143893566356,0,2026-10-04 23:42:43
2026-10-04 13:36:00,CNC-03,H,297.0340736148055,311.55500388987195,1369.0119236855978,51.622722296557804,190.004032108013,2.330451544238988,13.301071352256457,54.36351827289549,0,2026-10-04 23:42:43
2026-10-04 02:41:00,CNC-03,H,297.6043375577955,309.6307040537973,2751.5855207955856,16.185466014310435,17.87060615765455,3.2336397245923454,8.059097004468574,59.434985085541776,0,2026-10-04 23:42:43
2026-10-04 08:05:36,CNC-01,L,22.295822208729135,36.43788707452501,1633.5239100578324,45.22080090637921,18.993895812691598,2.36780312118405,14.04599289393395,55.73854463998632,0,2026-10-04 23:42:43
2026-10-04 11:39:00,CNC-02,M,297.3835779672699,311.27130749348004,1356.7463369896586,48.45226673853209,85.30348314009723,2.1173757269289184,12.384985827655047,55.295151976208565,0,2026-10-04 23:42:43
2026-10-04 12:59:00,CNC-03,H,297.2750629573799,311.5451898473295,1427.4574476847633,50.628313797928236,131.37356372163697,2.246617221435411,13.331494924678116,57.705110268531946,0,2026-10-04 23:42:43
2026-10-04 16:16:00,CNC-03,H,298.799288927368,313.9650091341836,1770.2134185221316,43.64039926976178,157.16128704053526,2.731280074480655,14.665640190922877,53.97880259542045,0,2026-10-04 23:42:43
2026-10-04 22:55:00,CNC-01,L,298.9130193625426,311.8332862109459,2801.7451001524037,18.016927100793833,170.55444311223718,3.812527235936629,9.415638166096478,53.21055363617549,0,2026-10-04 23:42:43
2026-10-04 11:36:00,CNC-01,L,296.4075834729137,310.5201529411996,1282.0027078601292,53.185972170153796,142.31112724128766,2.2286695575732915,12.676577330851583,61.16519198603992,0,2026-10-04 23:42:43
2026-10-04 05:17:00,CNC-03,H,296.14849515494865,310.6754862702347,2093.759970166873,33.01481639110518,205.36632513155828,31.862376398186463,12.838991310754981,65.48057158481308,0,2026-10-04 23:42:43
2026-10-04 13:46:00,CNC-01,L,297.49288728893123,311.7149841630947,1513.612739367395,47.739700919427044,108.68204150026014,2.2585999663532546,13.293293051857054,52.32573516491803,0,2026-10-04 23:42:43
2026-10-04 21:01:00,CNC-03,H,298.8922215094853,311.4327677902143,2444.799494707235,20.58499255193092,61.991228090945086,2.997320309933736,9.480541771742155,54.74112769764779,0,2026-10-04 23:42:43
2026-10-04 09:49:00,CNC-03,H,295.45353979288717,309.72446309284743,1423.8136450154602,53.06002676815504,73.90447131285109,2.127638572060896,14.07906355896948,56.289809146896694,0,2026-10-04 23:42:43
2026-10-04 13:33:00,CNC-01,L,297.2354647537958,311.36438022619296,1410.8655905122016,48.616360402220224,88.46990981603676,2.1895790023848245,12.94893231771705,53.03574634927878,0,2026-10-04 23:42:43
2026-10-04 01:46:00,CNC-03,H,297.7109432712619,310.7377216278471,2645.5858240693915,19.408879176857557,177.98818258712018,3.3944492731719977,9.864969683252113,57.063809945964294,0,2026-10-04 23:42:43
2026-10-04 01:29:00,CNC-03,H,298.19009340014736,311.9402090280894,2515.4715224462147,24.453704227301813,159.44557889060368,3.35704176721263,11.664445147283597,54.334758079595396,0,2026-10-04 23:42:43
2026-10-04 22:25:00,CNC-01,L,299.21225924406707,312.35759507046464,2603.2001092123655,21.489518289440824,138.01326545116802,3.5246415116860654,10.365404079800506,53.589632760695714,0,2026-10-04 23:42:43
2026-10-04 11:34:00,CNC-03,H,296.5043341973082,311.2180843325015,1324.2322735729388,51.77861115598358,239.56542020139844,2.995207088019558,12.898164315368208,58.438044475389106,0,2026-10-04 23:42:43
2026-10-04 06:52:00,CNC-01,L,295.9916310087133,310.23886851059393,1830.9449503470987,37.58953948946865,130.42187053875512,2.537255418084037,12.840420505480608,62.278871179000646,0,2026-10-04 23:42:43
2026-10-04 01:01:00,CNC-03,H,298.0321702347121,310.11057650516585,2767.1373759432267,,129.53699158369605,3.4455358118067374,7.0903416056839985,58.34372653145171,0,2026-10-04 23:42:43
2026-10-04 18:41:00,CNC-02,M,300.51726889245947,314.27906403662206,2229.5694406945527,29.385275238625383,55.95766334673977,2.777242672685974,12.26549492699245,53.28852042963278,0,2026-10-04 23:42:43
2026-10-04 01:38:00,CNC-03,H,297.86488904542057,311.3937427500984,2569.1295284049993,21.822946582307267,169.27916828017516,3.4679372360088525,10.314693674847238,57.07611628770525,0,2026-10-04 23:42:43
2026-10-04 11:36:00,CNC-03,H,296.58111012757814,309.88759608275745,1326.7560471547736,47.15717234379791,0.0,2.0577310728915186,11.614455427860577,60.70565976754203,0,2026-10-04 23:42:43
2026-10-04 23:25:00,CNC-02,M,299.9209968576457,312.54714564765226,2671.3781104916493,16.25307012703412,141.26844050994444,3.3620421287390063,8.108097248156648,55.30385829245977,0,2026-10-04 23:42:43
2026-10-04 11:05:00,CNC-01,L,22.885436874491916,36.85110733624089,1427.439625231264,48.814471411979746,92.99863337882272,2.2419120338632017,12.833267515145888,62.446834091730906,0,2026-10-04 23:42:43
2026-10-04 19:20:00,CNC-03,H,299.08401087638885,313.7124288641538,2145.859579179512,33.44473229301866,178.6271042011894,3.144196807755065,13.73276691230295,52.25460688729314,0,2026-10-04 23:42:43
2026-10-04 12:40:00,CNC-01,L,296.7547919506632,310.27587211430745,1361.6232807517802,48.26421549183549,4.735462468309686,1.9831155848244293,12.39262042790734,58.94468352604271,0,2026-10-04 23:42:43
2026-10-04 02:38:00,CNC-02,M,298.27043008674605,311.40745443492784,2630.142784413158,18.497983076558953,206.51882448446307,3.8917483545271225,9.111989059740992,50.437480284148,0,2026-10-04 23:42:43
2026-10-03 23:42:00,CNC-03,H,299.1462821190766,311.2834352389565,2608.945712623359,18.145171194145952,45.47013523642172,3.232560703098551,8.71147929673533,58.781017132962845,0,2026-10-04 23:42:43
2026-10-04 12:32:00,CNC-02,M,297.8087605516144,312.5519457789854,1462.6991536950727,48.9577529925607,169.57861006287933,2.5412874091807343,13.470129965533381,54.81838533514312,0,2026-10-04 23:42:43
2026-10-04 14:18:00,CNC-03,H,303.0456573020147,312.4489135404266,1544.8721232445641,50.11721755231813,255.39161276159297,3.2209882543188546,14.289470236967006,43.68376169181668,0,2026-10-04 23:42:43
2026-10-04 21:08:00,CNC-02,M,300.51302000173064,315.3597534411086,2493.4157027474866,27.282247891321074,232.315363381009,4.061657384218568,12.542393004170362,52.35438964146717,0,2026-10-04 23:42:43
2026-10-04 07:01:00,CNC-01,L,295.6628815781201,310.2492288905216,1868.802506971651,39.62720437600624,142.9514602305286,2.699481333153199,13.582204628297605,1111.2596147297595,0,2026-10-04 23:42:43
2026-10-04 09:42:00,CNC-02,M,296.6735734138217,311.16442256390724,1447.105097640103,49.54802750778485,109.88452645702307,2.2693757026296946,13.25593829736332,60.96834216693759,0,2026-10-04 23:42:43
2026-10-04 00:56:00,CNC-02,M,298.68375918454643,310.64978369433686,2691.8786901230537,,95.57591616680004,3.297393969244647,7.474878712995844,54.43179349249359,0,2026-10-04 23:42:43
2026-10-04 16:49:00,CNC-03,H,298.3399396663545,313.07376949155815,1864.1472753101714,39.78242669134708,204.31249662380594,3.020535389816862,13.889055061805648,45.633084668087264,0,2026-10-04 23:42:43
2026-10-04 01:44:00,CNC-01,L,298.20565934255706,311.5178397050518,2564.660951507413,21.872150722600523,176.62686505490728,3.622964605451519,10.445874953601486,50.18917379677053,0,2026-10-04 23:42:43
2026-10-04 16:10:00,CNC-02,M,299.0702997948151,313.51446636907497,1770.2115647259704,39.398015126831275,83.44750442510332,2.4859647652632244,13.044532796104168,54.38300608020468,0,2026-10-04 23:42:43
2026-10-04 12:55:00,CNC-03,H,297.22600691413066,311.5991903972323,1492.9987886382678,48.056997529761986,125.05571817382483,2.361554395042651,13.368008262974898,57.01158121445371,0,2026-10-04 23:42:43
2026-10-04 15:47:00,CNC-02,M,299.6179598938783,313.55190309458953,1669.352142967582,39.68208770190623,49.5085482461835,2.345934981425255,12.601231640248454,56.86424888951913,0,2026-10-04 23:42:43
2026-10-04 18:47:00,CNC-03,H,299.17743804980165,313.06104382767825,2226.8894792945894,28.6173211325394,137.5640588167131,2.9226569450470117,11.869765819091409,49.84776958525478,0,2026-10-04 23:42:43
2026-10-04 01:55:00,CNC-01,L,298.10052364081537,311.2381193141325,2653.6290937677963,19.800164988131936,188.86730567619236,3.861726111781473,9.762799855811663,53.31063992084897,0,2026-10-04 23:42:43
2026-10-04 00:49:00,CNC-03,H,298.16597771487966,310.73146430279115,2563.172218805387,18.739538623134614,116.78909796385653,3.120417740033492,8.935724010885245,56.712075975570315,0,2026-10-04 23:42:43
2026-10-04 12:10:00,CNC-01,L,296.79111545686146,311.21122000733726,1341.8095396543126,53.3149751270154,196.3119509569923,2.697284132167587,13.24380658520934,51.86852075752352,0,2026-10-04 23:42:43
2026-10-04 05:45:00,CNC-02,M,296.8468041508095,312.0314004193118,2034.2269863261602,38.32673416892018,190.23994098130845,3.120420518798142,14.514576507897106,56.94391645817715,0,2026-10-04 23:42:43
2026-10-04 02:44:00,CNC-03,H,297.6774706708806,310.05222166256914,2607.6418574058657,17.798233715678673,21.293953860549518,3.1225314300581104,8.511744067289708,53.89879295065232,0,2026-10-04 23:42:43
2026-10-04 04:11:00,CNC-01,L,296.38434310286266,309.5517148075913,2256.9536047991223,24.19990501559479,150.75863491439762,3.111467800550799,10.449618620376134,58.250890409061554,0,2026-10-04 23:42:43
2026-10-04 15:16:00,CNC-03,H,303.47519834091116,311.6092177514587,1464.7732496900662,49.23535752607818,68.66180805036873,2.1492961320605595,13.549176354809392,46.46424658738934,0,2026-10-04 23:42:43
2026-10-04 15:03:00,CNC-02,M,298.92971807842497,314.41816131625404,1617.927560929958,49.15410535566408,197.89409976842185,2.846075300551665,15.013835015178746,53.03585667017195,0,2026-10-04 23:42:43
2026-10-04 08:05:00,CNC-01,L,22.26797624707234,35.62379092362363,1509.2078873780217,41.621258448015524,16.07562874735285,2.122586040070825,11.625712114768623,56.547254960319584,0,2026-10-04 23:42:43
2026-10-04 15:06:00,CNC-02,M,298.76568596123695,314.69622894308026,1641.3865796975647,49.84380219444545,202.39068807906844,52.6535254065254,15.47372751251626,54.64944410632658,0,2026-10-04 23:42:43
2026-10-04 19:33:00,CNC-01,L,299.74065723338686,314.05300105205674,2162.697567404239,31.897375832169633,181.13540534084703,3.4117357324664033,13.267330752537084,50.20598964837052,0,2026-10-04 23:42:43
2026-10-04 08:17:00,CNC-01,L,22.26380455665776,36.012060608363186,1652.9790359985386,41.70569611428967,33.828973479815765,2.255666823522529,12.912598460569237,62.80695950720086,0,2026-10-04 23:42:43
2026-10-04 19:18:00,CNC-03,H,298.84158796457416,312.7506009335312,2281.9829204332827,27.23400362939804,176.1392722321984,3.2006438559294637,11.492586794173672,55.859762564525305,0,2026-10-04 23:42:43
2026-10-04 17:32:00,CNC-01,L,299.4330629937095,313.04398327346627,1904.9929806354573,34.576667882326156,24.50818665469446,2.5115031221866357,12.300888243218774,50.782669031082655,0,2026-10-04 23:42:43
2026-10-04 22:43:00,CNC-01,L,299.17446443602245,311.5623031947396,2721.56999822826,15.67311184545579,157.39819688841598,3.620259917435501,7.8355015909149985,53.13407172866387,0,2026-10-04 23:42:43
2026-10-04 19:55:00,CNC-03,H,298.74720940128486,312.07650759839754,2406.8807585150535,22.053918363152096,221.45630601892677,3.685929891384063,9.916812880059638,54.90899966960838,0,2026-10-04 23:42:43
2026-10-04 07:48:00,CNC-01,L,22.66413557158978,37.75185807185676,1788.528430208069,44.09904305699881,209.77704140077665,3.352130648302917,14.772035331730912,58.839391835077905,0,2026-10-04 23:42:43
2026-10-04 02:11:00,CNC-01,L,297.6623618871037,309.6738479231739,2599.7661373242986,18.37648104488723,13.21259516507475,3.084824564091467,9.01875272686822,59.78672340672731,0,2026-10-04 23:42:43
2026-10-04 03:29:00,CNC-03,H,296.95375860819615,309.6875374862315,2395.559847223512,21.707063374285127,73.08506749034719,2.949779532193328,9.822277044249981,58.74858093926066,0,2026-10-04 23:42:43
2026-10-04 09:55:00,CNC-01,L,295.7025610345108,310.38186196083836,1343.4158358502323,55.33962166750358,182.92938071738186,2.5691820912020824,13.749462042055073,59.43810708934106,0,2026-10-04 23:42:43
2026-10-04 11:58:00,CNC-02,M,297.6583990023533,312.1315507829435,1346.3572867337525,53.269816472091904,115.4491844328787,21.143245073556205,13.60391945252576,52.94779299664266,0,2026-10-04 23:42:43
2026-10-04 05:27:00,CNC-01,L,296.0872243398349,308.6056623768764,2014.444947866587,27.31360016595064,16.791039591800555,2.6238268835052914,10.090769910743182,57.852673597602426,0,2026-10-04 23:42:43
2026-10-04 02:13:00,CNC-03,H,297.86672505266927,310.66065890712116,2680.139362221835,16.967195898753516,207.470755347495,3.7813031708044686,8.416232576717762,57.81651852454699,0,2026-10-04 23:42:43
2026-10-04 02:49:00,CNC-02,M,297.91243146295614,311.1028195786503,2706.45380998256,17.981237421999896,218.93693740416134,4.056092112975025,9.029048798012651,57.492774534996265,0,2026-10-04 23:42:43
2026-10-04 00:34:00,CNC-02,M,298.82261482476997,310.34187144616845,2807.8238473604174,13.595195548399065,72.2563458312032,33.05782213383388,7.055385114468207,54.75708180437676,0,2026-10-04 23:42:43
2026-10-04 03:46:00,CNC-03,H,296.5706382380255,310.1010498792278,2303.1657621235317,25.557588986626953,93.2267722068551,2.9287515499527994,11.174791012997959,60.386172796400075,0,2026-10-04 23:42:43
2026-10-04 08:06:00,CNC-01,L,22.34888598981496,36.73486105109589,1785.5233658431166,43.29594039383324,17.51810423727761,2.408177922566412,14.566062553328857,61.14202015679939,0,2026-10-04 23:42:43
2026-10-04 22:41:00,CNC-01,L,299.2261060624954,312.12982264660087,2604.879803474614,19.206917506923887,155.28681128657527,3.5242718243567697,9.276430067190365,55.76657600162058,0,2026-10-04 23:42:43
2026-10-04 11:14:00,CNC-01,L,23.007140633867607,37.76517810318421,1521.5736218410973,49.750991653875566,107.30962986806037,2.2616339253350652,14.098899133356593,60.53703555090711,0,2026-10-04 23:42:43
2026-10-04 09:25:00,CNC-03,H,295.555074266699,309.2461380072637,1575.381829451714,42.78988746975067,36.77273487547219,2.225828313437921,12.77982491755334,59.119552643779556,0,2026-10-04 23:42:43
2026-10-04 23:08:00,CNC-03,H,298.16224178244516,311.18979574501833,2551.168382786222,19.18886938056274,201.1298968685045,3.634375404615506,9.095278140249624,55.35298034795761,0,2026-10-04 23:42:43
2026-10-04 21:28:00,CNC-02,M,300.46233373065763,312.3530065960467,2571.4625424692736,14.568554242995667,14.6390388040811,3.1714164377647114,7.100020460477465,57.50004094492625,0,2026-10-04 23:42:43
2026-10-04 07:52:00,CNC-02,M,23.615380660107746,38.18192339594748,1690.6505618960946,42.520895417675376,148.54196620186173,2.542945729692766,13.4964824692648,57.720156207736984,0,2026-10-04 23:42:43
2026-10-04 12:00:00,CNC-03,H,296.8737251643046,310.5631225314136,1458.6456998086956,47.811011534571264,38.037552695590094,365.35007789361157,13.080515070806301,58.21155931078233,0,2026-10-04 23:42:43
2026-10-04 00:12:00,CNC-03,H,298.7960059133789,310.4963737592122,2702.3767103982245,14.59932642035217,77.15859625387853,3.225804677523269,7.416073919748053,53.89451738794948,0,2026-10-04 23:42:43
2026-10-04 16:23:00,CNC-02,M,299.3320647375934,314.1873056320774,1764.4349216817218,43.63998941798062,102.29477694824892,2.410302975913375,14.560224960925778,57.91627245748554,0,2026-10-04 23:42:43
2026-10-04 20:42:00,CNC-01,L,299.20685930254024,5958.618084030154,2448.676586287969,18.671397059917695,23.240937469963036,2.98448327193712,8.535149717685362,52.481124603344895,0,2026-10-04 23:42:43
2026-10-04 06:07:00,CNC-01,L,295.7759378912037,309.63640674078914,1916.6224529660585,35.25388640996361,69.2029122158098,2.535672857185146,12.439142637139781,65.02258203357636,0,2026-10-04 23:42:43
2026-10-04 04:48:00,CNC-03,H,296.4787011692383,310.88890253813213,2292.0709568914854,29.90002873221163,168.6723993041592,3.1238004920808513,12.89508077382655,55.72879037738527,0,2026-10-04 23:42:43
2026-10-04 04:26:00,CNC-01,L,296.32595481123803,310.37114793681144,2278.259196295863,28.584320418536734,168.94608032904412,3.373686182164436,12.196688235126054,55.246088894343,0,2026-10-04 23:42:43
2026-10-04 09:28:00,CNC-03,H,295.5844866467803,309.49971560022345,1476.1207008582132,48.08341392806123,41.396993514428544,2.147746158445499,13.24009697355593,60.70395854791821,0,2026-10-04 23:42:43
2026-10-04 21:33:00,CNC-03,H,298.52413718188484,311.10387265352875,2522.685943491575,18.350731320162737,97.98403920218492,3.174517084980467,8.631937108107437,57.75615594300482,0,2026-10-04 23:42:43
2026-10-04 14:50:00,CNC-01,L,298.16928578117654,311.6723580018254,1406.7518390057842,47.8892558392887,7.7315100188793675,2.0749191708333847,12.307177754020636,51.13862087472371,0,2026-10-04 23:42:43
2026-10-04 12:08:00,CNC-02,M,297.6688043957032,312.0655124082015,1368.3846217279317,51.53894284892772,131.38137481480868,2.085594669096244,13.1204796671765,55.20577549065049,0,2026-10-04 23:42:43
2026-10-04 14:07:00,CNC-01,L,302.9650640547475,311.547453769691,1355.2425094913144,55.16336153582251,141.61449990179764,2.248696658405101,13.827352169427835,46.59685404690092,1,2026-10-04 23:42:43
2026-10-04 04:06:00,CNC-01,L,296.4801608844669,310.08557549042933,2427.757753892319,25.321031724495413,144.76297632931937,3.38284147422822,11.373744419449404,59.671354972282714,0,2026-10-04 23:42:43
2026-10-04 17:19:00,CNC-02,M,300.00480663248476,314.7132590547818,1854.7520509016788,37.93519673229461,181.3072655671717,2.9434190869660464,13.072812633292457,47.16100114246322,0,2026-10-04 23:42:43
2026-10-04 12:44:00,CNC-02,M,297.8997969003571,312.9047172603499,1414.7954606155088,51.020453319411274,188.56239093945217,2.618387395000083,13.473458708882927,51.34319217194556,0,2026-10-04 23:42:43
2026-10-04 06:22:00,CNC-03,H,295.8058719812634,309.52354991173223,2082.270438758875,32.21154748658569,38.92092374844157,2.7141250291509116,12.453216362975386,59.32371457600825,0,2026-10-04 23:42:43
2026-10-04 15:24:00,CNC-03,H,303.617427766459,312.3625449096451,1667.9562073427178,48.26079737357191,80.59782901509632,2.3112282285744277,15.050744387914413,45.81151438311119,0,2026-10-04 23:42:43
2026-10-04 05:54:00,CNC-01,L,296.2188276919277,309.3569709998278,2054.851109374611,28.757629875592396,51.90078347348528,2.5793426112905418,11.169463275046487,60.525719337112086,0,2026-10-04 23:42:43
2026-10-04 21:19:00,CNC-03,H,298.88176921397076,311.73910991981984,2508.407278873535,21.746581249487726,82.26075632509317,3.1563620231911917,10.193486702968558,49.432489830511685,0,2026-10-04 23:42:43
2026-10-04 14:23:00,CNC-03,H,303.04883688613717,312.96831820740545,1470.5258079847777,56.49864812378312,263.2137948080132,3.2203259509914255,15.780561377600293,46.63658417396332,1,2026-10-04 23:42:43
2026-10-04 13:38:00,CNC-02,M,298.08652654072006,312.4726060271915,1378.251427665098,52.189420551572525,66.29525966346091,1.9889133435966848,13.410678018527738,58.3359477491055,0,2026-10-04 23:42:43
2026-10-04 14:05:00,CNC-03,H,303.3357663570028,312.0606379349334,1347.2963173506962,53.474843634694,235.30199725500847,2.8178125947875214,13.287428713016087,45.575997609633085,0,2026-10-04 23:42:43
2026-10-04 22:25:00,CNC-03,H,298.68730742470126,311.41762595252584,2751.498568485834,17.812064423689456,155.07104367930563,3.5894224813606757,9.205216103995264,49.567101083577484,0,2026-10-04 23:42:43
2026-10-04 19:13:00,CNC-03,H,299.14240171382147,313.18745641849785,2271.5107237399657,29.172462468199118,168.71665314993885,3.080160174358914,12.578969090942467,55.459178605100725,0,2026-10-04 23:42:43
2026-10-04 01:42:00,CNC-02,M,298.15940168555375,310.9039108958044,2458.902253347186,19.800679570916458,144.96115472988038,3.287274757083578,9.280220397542612,52.39616803601607,0,2026-10-04 23:42:43
2026-10-04 15:09:00,CNC-02,M,298.94965951836684,313.35587624322244,1581.686467021102,42.26388715457188,206.93955712528432,2.9307255077323235,12.378086507682458,56.963840405853226,0,2026-10-04 23:42:43
2026-10-04 05:13:00,CNC-01,L,295.94141705630204,310.48026629866473,2223.0996442908768,31.27469787659182,227.95981111073212,3.919190258381542,13.184057532045669,59.0624030023196,0,2026-10-04 23:42:43
2026-10-04 13:33:00,CNC-02,M,298.06185202080854,312.9550838913554,1458.8946110800912,53.9200543125289,,2.1650420114453883,14.77697046588706,53.62474693651705,0,2026-10-04 23:42:43
2026-10-04 05:39:00,CNC-01,L,296.03236477676126,309.28979460367054,2227.9682090562487,27.586774768772873,32.32760728265981,2.9161595264276854,11.690202197330073,56.959190588986985,0,2026-10-04 23:42:43
2026-10-04 10:18:22,CNC-03,H,295.8371347834017,310.3589024728343,1413.6909729719362,51.09091102703531,117.63412129127954,2.1482381895057316,13.708249098742566,56.25860759022984,0,2026-10-04 23:42:43
2026-10-04 14:59:00,CNC-03,H,303.6874746729506,311.58070143331736,1690.3497569088395,41.8830089822165,42.98103719028121,2.3320390719746045,13.43272766472154,40.82185392834951,0,2026-10-04 23:42:43
2026-10-04 20:16:00,CNC-01,L,299.6225181890423,313.3763537164135,2328.4504693686963,25.752526798882936,232.65981053553534,4.181975387303826,11.058429265680182,46.52201519636143,0,2026-10-04 23:42:43
2026-10-04 13:40:00,CNC-02,M,298.01598619556336,312.3191224388905,1325.473384722973,52.26624057861038,69.45901993330874,2.053915904481578,12.838686957101409,56.82992682708908,0,2026-10-04 23:42:43
2026-10-04 16:16:00,CNC-01,L,298.64302503020997,312.91648246473954,1840.4341169439526,38.83141871531316,136.0503532571559,2.7019716646346366,13.22462838514716,51.45795736484591,0,2026-10-04 23:42:43
2026-10-04 07:50:00,CNC-01,L,22.479757372923018,37.595361905206744,1783.1560746743235,43.58810079832376,212.6802011564656,3.454814507632516,14.59222996572657,60.54617081576111,0,2026-10-04 23:42:43
2026-10-04 03:06:00,CNC-01,L,297.00743280115717,310.082480414421,2471.0899116098217,23.954538553464143,74.61467112162252,3.1498986307035053,10.887276490003677,58.029897313338864,0,2026-10-04 23:42:43
2026-10-04 16:21:00,CNC-01,L,299.072819483621,314.05427126810054,1594.3030153372981,48.78392060149064,143.26935193285874,2.553230906722304,,55.58443959005693,0,2026-10-04 23:42:43
2026-10-04 01:36:00,CNC-03,H,298.15146386431996,311.407552909562,2606.6392692830727,20.46679861598451,167.07377488439533,3.4249594538730532,10.085536447734393,55.78216706382661,0,2026-10-04 23:42:43
2026-10-04 04:45:00,CNC-03,H,296.311721099965,310.15142735438184,2412.638013313245,25.261395014228665,164.8909007405793,3.2644263098964164,11.264167961563212,60.40272105612263,0,2026-10-04 23:42:43
2026-10-04 01:58:00,CNC-01,L,297.86639550382614,312.0044992510028,2542.6012593577584,26.383534328047823,192.2307709025992,3.761238383157848,12.370310475108806,60.51198397276896,0,2026-10-04 23:42:43
2026-10-04 12:07:00,CNC-02,M,297.5242383188496,311.7136773695614,1401.3429290974368,48.05231620268584,129.7813748148087,2.163750091384422,12.676664476399093,54.927372826280624,0,2026-10-04 23:42:43
2026-10-04 15:55:00,CNC-01,L,298.784133334119,313.15763717147104,1745.2309281671432,42.26385124206966,105.30496699186743,2.5418116933046493,13.528253889911198,53.546355759233236,0,2026-10-04 23:42:43
2026-10-04 19:30:31,CNC-01,L,299.6628198821702,313.7713596808029,2213.2936590649856,29.789149172390626,179.82900949333057,3.268867067111093,12.212489727999811,51.34978347956927,0,2026-10-04 23:42:43
2026-10-04 06:06:00,CNC-01,L,295.77904921332384,309.26398565632155,1943.7316564623668,32.81425979529745,67.85443562096057,2.649380829466426,11.814606256638376,60.784884853924865,0,2026-10-04 23:42:43
2026-10-04 11:15:00,CNC-03,H,22.956999124788922,,1384.580758280943,52.30688637681225,209.33689916381635,2.5385251355610343,13.529850785361267,52.31188116839391,0,2026-10-04 23:42:43
2026-10-04 01:37:00,CNC-03,H,298.0644834356411,311.0234971318453,2588.056544668661,19.2620294106054,168.16802093317338,3.4896626995806317,9.45536135578067,54.4169312513871,0,2026-10-04 23:42:43
2026-10-04 09:30:00,CNC-02,M,296.70755390662356,310.73393607769316,1364.9560407348802,47.67618101027688,91.2581388827035,2.096250450775326,12.228178050608758,57.81474197474496,0,2026-10-04 23:42:43
2026-10-04 07:56:00,CNC-01,L,22.485367252846117,36.435740430852036,1748.5577358008397,41.488544476805615,2.891521162267084,2.3200257681356593,13.534139985856154,59.72373903790026,0,2026-10-04 23:42:43
2026-10-04 19:10:00,CNC-01,L,299.85753739009493,313.4611989522036,2266.718560025917,28.0878240320834,152.43117083255663,3.2799512507057624,11.609862518130866,47.6267605885624,0,2026-10-04 23:42:43
2026-10-04 18:11:39,CNC-03,H,298.8599515856982,313.2026199100978,2023.9066968577233,35.0350798324878,90.91514082058029,2.619609658882052,13.274542676106886,55.318848845178806,0,2026-10-04 23:42:43
2026-10-04 17:17:00,CNC-02,M,299.82802176081145,314.72733575315533,1765.513565353188,41.44078129208613,178.60304944764067,2.646439210039946,13.661129701444214,48.022975116752434,0,2026-10-04 23:42:43
2026-10-04 11:06:00,CNC-01,L,23.10384286572912,37.12110336408233,1383.991010718906,49.02258032477572,94.57495693266364,2.0801239493846855,12.671414721238444,55.64955347435289,0,2026-10-04 23:42:43
2026-10-04 09:46:00,CNC-03,H,295.6048537864405,309.6146755131923,1425.1201977748585,48.663995769332416,69.24297634178285,2.013123717422869,12.847521330957658,54.87930188458898,0,2026-10-04 23:42:43
2026-10-04 09:50:00,CNC-01,L,295.5888511740845,310.5747325622099,1549.6098191065603,48.46222233658299,175.09934062924108,2.829026601514277,14.15033296848765,57.72180985256827,0,2026-10-04 23:42:43
2026-10-04 17:35:00,CNC-03,H,299.012598623358,313.6911626383094,1981.3962563310545,40.18162535950131,42.69331625778161,2.5626792589131315,15.108209179431338,54.94706585759885,0,2026-10-04 23:42:43
2026-10-04 15:10:00,CNC-01,L,298.2952903003907,312.3003728446018,1701.7076114753831,43.819777594149585,38.165276390048355,2.3851683476181176,13.827942360426869,58.23672371084788,0,2026-10-04 23:42:43
2026-10-04 10:12:00,CNC-02,M,297.1781240548661,312.3223295343814,1358.7721961980922,55.75324417031312,156.46897846847088,2.223435462017815,13.995289125217239,52.98239183946659,0,2026-10-04 23:42:43
2026-10-04 07:12:00,CNC-02,M,296.89231968502656,311.66175630781487,1809.0467971424541,42.72966193926465,91.05554721391003,2.4684707297064485,14.281288760315928,56.651851484595056,0,2026-10-04 23:42:43
2026-10-04 21:13:00,CNC-01,L,298.93731513562136,311.3819728406782,2367.714539571357,21.790044712553136,58.74589518702404,2.870021494081757,9.792126196583757,50.18880513979722,0,2026-10-04 23:42:43
2026-10-04 10:25:00,CNC-02,M,23.811776205787226,39.27506275845957,1420.611720075192,56.117337826020425,176.95895409567103,2.400459719892845,14.686196554718949,55.452825149326856,0,2026-10-04 23:42:43
2026-10-04 18:15:00,CNC-02,M,300.46957805709087,313.5722018451146,2146.6363440717346,26.631562933452464,22.665922251733992,2.826474045154309,10.69438951199027,54.01567446780142,0,2026-10-04 23:42:43
2026-10-04 06:54:00,CNC-03,H,295.6863490928042,309.9215035292494,1830.1230266951109,39.818850987347986,82.99417254946778,2.4256487417040415,13.64240305978429,50.30463749502049,0,2026-10-04 23:42:43
2026-10-04 19:47:00,CNC-02,M,300.2739157447691,314.98923525144284,2337.6367058536734,30.91203600577617,137.8122633554843,3.1879720060000234,13.39773351828122,48.711032914968435,0,2026-10-04 23:42:43
2026-10-04 00:46:00,CNC-02,M,298.6064613869487,310.95387226202996,2601.2413537281855,18.28848083768067,85.03206554287331,3.108107409866119,8.927270086076339,52.63181053980972,0,2026-10-04 23:42:43
2026-10-04 19:53:00,CNC-03,H,298.6836856318889,312.8853589608304,2292.084910623569,28.494058357006256,219.0655378612619,3.6659630840381694,12.058196026809984,58.321871749942645,0,2026-10-04 23:42:43
2026-10-04 00:36:00,CNC-01,L,298.63530519468134,311.0168146391407,2586.7864980222244,19.01215680152123,103.78262230485562,3.2599900895374647,9.259858698937549,54.410881917835276,0,2026-10-04 23:42:43
2026-10-04 05:21:00,CNC-01,L,296.45621463837955,309.77052337899306,2236.127116886004,28.68778464697938,8.940982482884671,2.7030272532510957,12.060803975662374,56.585667733603536,0,2026-10-04 23:42:43
2026-10-04 12:50:00,CNC-01,L,296.7639121158282,310.0808568526262,1332.360286954579,47.07726320830999,20.57447044871102,1.9786007529721503,11.570784108412175,53.399109253333336,0,2026-10-04 23:42:43
2026-10-04 17:31:00,CNC-02,M,300.0995788217831,315.0793003238278,1850.3763987501202,38.13861628711054,197.84419619582988,3.1079781177700694,13.078546350439924,52.81722793880729,0,2026-10-04 23:42:43
2026-10-04 10:01:00,CNC-03,H,295.719937197295,310.06737287829066,1516.0809655553448,47.92830382550491,92.54653021051766,2.1187574949705237,13.51199085245221,61.929189613918,0,2026-10-04 23:42:43
2026-10-04 15:07:00,CNC-03,H,303.78459564356547,311.58233328677693,1573.5672932026785,44.47538900320285,55.0173334778952,2.244449699622816,12.95391225149679,39.24873070100956,0,2026-10-04 23:42:43
2026-10-04 21:25:00,CNC-02,M,300.3946375937978,312.20624447830494,2804.802507520806,13.472310948706056,11.289397979675527,3.491799412748678,,52.926088716472,0,2026-10-04 23:42:43
2026-10-04 05:54:43,CNC-03,H,296.03410657532095,309.5941672747627,2183.5701016969783,31.438991385076466,1.2922388028487228,2.6356865270894203,13.081456681915403,58.35107081312323,0,2026-10-04 23:42:43
2026-10-04 19:09:00,CNC-03,H,299.49964279517735,313.05910376312096,2304.698306532863,25.446842253339653,165.0411097985299,3.1487697234256413,11.030846542893462,46.54305331831995,0,2026-10-04 23:42:43
2026-10-04 02:47:00,CNC-01,L,297.322534436585,309.9817833815688,2592.9747387380107,18.795845995436636,53.064061943513515,3.1227472222222934,9.167660988815312,56.93564370818218,0,2026-10-04 23:42:43
2026-10-04 06:31:00,CNC-01,L,295.59382011376096,309.7098825565542,2137.443477137946,32.79622457769464,101.54238766966061,2.8103853786052166,13.113888510381146,55.6819103695553,0,2026-10-04 23:42:43
2026-10-04 18:27:00,CNC-03,H,299.0164671201619,312.4843595585554,2141.9956459738373,29.82826474474578,111.82344877962247,2.7830996304620568,11.880879646227184,54.64666699880486,0,2026-10-04 23:42:43
2026-10-04 01:53:00,CNC-01,L,298.04244108276635,311.2546721434154,2721.6290490152,19.305572777653236,186.66341681842525,3.855406890228756,10.022606793265853,53.43176196240491,0,2026-10-04 23:42:43
2026-10-04 16:22:00,CNC-02,M,299.68260552161576,314.63426098377045,1790.500235328764,44.22855521330995,100.85657969477181,24.858060356634194,14.99210931540933,49.84961214776762,0,2026-10-04 23:42:43
2026-10-04 14:11:00,CNC-03,H,302.84664952049883,312.21392744881996,1499.0168049870606,52.57977945356538,244.65431180495486,3.0896188344129474,14.775580720214217,46.69440919911909,0,2026-10-04 23:42:43
2026-10-04 10:37:00,CNC-02,M,24.21567451578909,39.403896469420715,1389.9354151578793,53.230779524869206,195.9774123158431,25.501989524026197,13.891257646432484,62.95186960270682,0,2026-10-04 23:42:43
2026-10-04 09:07:00,CNC-02,M,296.442043482669,310.17109541513236,1342.0507771493437,49.43967285803976,55.72974297611798,2.047822790773443,12.297278493166969,60.25712035633609,0,2026-10-04 23:42:43
2026-10-04 03:43:00,CNC-01,L,296.6697870123153,309.71231139669413,2510.298954151116,22.673400086841664,117.58898442723769,3.288686408786643,10.691079334075086,53.69332575869161,0,2026-10-04 23:42:43
2026-10-04 00:40:00,CNC-02,M,298.4744875614734,310.9583477362211,2754.48248295042,16.55041321784919,78.63318188697635,3.271084110958351,8.580385529081836,54.32600990429066,0,2026-10-04 23:42:43
2026-10-04 10:59:00,CNC-01,L,22.82439837227605,37.36956260184388,1506.7414199407392,49.25801263126959,83.591572088164,2.1587434242223122,13.885336250905045,59.29759538094819,0,2026-10-04 23:42:43
2026-10-04 03:39:00,CNC-02,M,297.21115291114273,310.14727006770903,2452.985034722677,23.50352295600992,33.517823002385626,3.0684962539904825,11.02225251366545,56.55476658832081,0,2026-10-04 23:42:43
2026-10-04 12:02:00,CNC-02,M,297.61888836149325,312.3376474436843,1392.5204411199563,53.10113094226601,121.79035004286517,2.190536700242282,13.960246095677736,58.56759120740652,0,2026-10-04 23:42:43
2026-10-04 23:11:00,CNC-02,M,299.7390593658716,312.3830089002053,2726.6697870608755,16.475153122362602,126.26968640812845,3.438736127031415,8.43828870706026,52.85243392987133,0,2026-10-04 23:42:43
2026-10-04 16:11:00,CNC-02,M,299.6675514178491,314.19888678426537,1786.8517493600154,41.452235803017615,84.89703065277467,2.45684023999636,13.8305716428752,52.14032191839777,0,2026-10-04 23:42:43
2026-10-03 23:59:00,CNC-01,L,298.91365212454906,310.6436565115763,2648.9724301635547,14.477510331348372,64.5678261595856,3.2323950116872946,7.100045696271911,54.35875017681057,0,2026-10-04 23:42:43
2026-10-04 23:27:00,CNC-02,M,299.8515969711016,312.34317344609383,2780.489733743942,15.46552318276061,143.37015729272446,3.5363493980892367,8.073758021911596,52.370555889058735,0,2026-10-04 23:42:43
2026-10-04 10:12:00,CNC-01,L,295.8320410695319,309.0993996932684,1400.6258298779262,47.12017083845142,9.333468681416898,2.0616977816753517,12.490212523215405,56.52929144107346,0,2026-10-04 23:42:43
2026-10-04 14:36:00,CNC-03,H,303.4603511061149,311.3313939015581,1574.9893223095648,45.41098326743666,7.788946690751052,2.179286458743887,13.357948274709283,45.3588459287186,0,2026-10-04 23:42:43
2026-10-04 05:19:00,CNC-03,H,296.01778344544357,311.0910979815557,2058.016927509096,38.36014278463751,207.95497627438797,3.3248015049548867,14.94856944955274,56.946859250497255,0,2026-10-04 23:42:43
2026-10-04 20:22:00,CNC-01,L,299.3576509813514,312.33101962357233,2337.067260960164,24.259457189610124,0.0,2.9483074769489392,10.494801326054299,58.62233246059002,0,2026-10-04 23:42:43
2026-10-04 16:15:00,CNC-01,L,298.68599555782856,313.181412119057,1794.5564411233333,40.87714819640815,134.60816822648368,2.5680071157749143,13.959694159169901,51.22031587098244,0,2026-10-04 23:42:43
2026-10-04 04:46:00,CNC-03,H,296.1795813479722,310.0449733414562,2172.154552471258,28.111773864249816,166.1674158519809,2.9917511683467586,11.37349270281602,62.21063706447515,0,2026-10-04 23:42:43
2026-10-04 05:32:00,CNC-02,M,296.74887774688693,311.4772176995546,2183.440287547772,33.44212551586683,173.25499903016333,3.2600565445738727,13.587790517925194,59.776098701767935,0,2026-10-04 23:42:43
2026-10-04 11:43:00,CNC-03,H,296.78066112606524,310.7288215423308,1488.2664956182698,,11.0896386272196,2.135297419917484,13.842203724766872,58.35717713221455,0,2026-10-04 23:42:43
2026-10-04 18:02:00,CNC-01,L,299.5591056350766,313.30315368501397,2089.725106114038,32.13065249230666,64.85429538824118,2.58421954054702,12.235182368198114,54.99335356621632,0,2026-10-04 23:42:43
2026-10-04 12:23:00,CNC-03,H,296.8292297851064,311.0742607539658,1383.1651565456214,51.53138425252121,74.39407097396493,2.058956499327981,13.515549690341887,56.773601411189134,0,2026-10-04 23:42:43
2026-10-04 23:08:00,CNC-02,M,299.68903201536614,313.58992780486875,2632.267762714594,22.655777820032053,123.10301792218148,3.376624319957566,11.104972240102017,53.61987880355361,0,2026-10-04 23:42:43
2026-10-04 11:46:00,CNC-01,L,296.30169343955544,311.210988843543,1444.2841822780156,52.88410844135858,158.1753830148845,2.43351746081724,13.942193350611056,54.13406553739945,0,2026-10-04 23:42:43
2026-10-04 15:05:00,CNC-03,H,303.72142052548264,311.6114658517117,1708.61111116615,40.51409580212722,51.956685434003575,2.4633981619674,13.073632861986965,44.171406010450326,0,2026-10-04 23:42:43
2026-10-03 23:53:00,CNC-02,M,298.90613995033357,309.8940925107565,2676.202751745525,11.605222975606312,28.649718281173158,3.1457122961124266,6.034573377112646,50.26017874433598,1,2026-10-04 23:42:43
2026-10-04 09:22:00,CNC-02,M,296.7913509060118,310.86025363426194,1351.565223987144,52.475520650392944,78.81061499832647,2.0418319546384707,13.236679987899796,59.46414127059206,0,2026-10-04 23:42:43
2026-10-04 18:49:00,CNC-02,M,300.32125302278035,314.3678598315014,2332.1626311109453,27.498359280930938,66.15146818681337,2.8719615361427024,11.999765266577047,50.65109861747987,0,2026-10-04 23:42:43
2026-10-04 04:15:00,CNC-01,L,296.5380396004942,309.97219797095414,2288.138264805047,26.138925398095594,155.59230215059617,3.2054040116957845,11.25151097666099,57.44305552887645,0,2026-10-04 23:42:43
2026-10-04 09:36:00,CNC-03,H,295.3220302522385,309.01074796368925,1498.341856206203,44.84115635982068,53.73947544426596,2.2241321001535748,12.490161724623244,64.92682049009659,0,2026-10-04 23:42:43
2026-10-04 21:20:00,CNC-03,H,9236.281932852593,310.1832291844213,2592.9878137805827,13.512031845227689,83.35891405672739,3.246951197784127,6.645208317370569,54.52896766638942,0,2026-10-04 23:42:43
2026-10-04 01:49:00,CNC-03,H,297.7878151839816,311.0254990133333,2593.1094223135024,21.50211556515763,181.18609072953166,3.4415387822691548,10.377877886374128,55.076628197679376,0,2026-10-04 23:42:43
2026-10-04 16:05:00,CNC-02,M,299.1755376412039,313.96711686949544,1658.1347880792507,45.437117100645786,76.16068501499008,2.3635683261602636,14.389965476265372,52.760345885794216,0,2026-10-04 23:42:43
2026-10-04 23:26:00,CNC-02,M,299.6074183079187,312.62529258226925,2672.6041821385775,17.902108259962702,142.34015729272446,3.3636392450772443,9.096530730079866,50.46013995388143,0,2026-10-04 23:42:43
2026-10-04 19:05:00,CNC-03,H,298.92991357669337,312.78389540647373,2125.2153508831857,29.101827489037287,160.13305597698147,2.9610171110833794,11.301893472371232,55.66707163007842,0,2026-10-04 23:42:43
2026-10-04 10:21:00,CNC-02,M,297.20856952899334,312.3758426353544,1494.9811639601448,51.49823397214157,170.61625437456843,2.6936149617711083,14.479555303429988,60.82249552947797,0,2026-10-04 23:42:43
2026-10-04 13:00:00,CNC-03,H,297.3217482524739,311.29555813936184,1253.9669911932178,52.31391095336762,132.97356372163696,2.160323946956654,12.34492636969523,53.75150902848664,0,2026-10-04 23:42:43
2026-10-04 10:26:00,CNC-01,L,22.872786518906366,36.32759770786208,1311.7901748589868,48.053384672178105,31.380037171997028,1.9659592733774398,11.865955773046059,56.670156965730065,0,2026-10-04 23:42:43
2026-10-04 07:31:12,CNC-03,H,22.428258559703067,36.86914379664967,1791.4609511924978,42.110024752710586,,2.525060152157901,13.997501706210652,57.0144669186769,0,2026-10-04 23:42:43
2026-10-04 01:14:00,CNC-01,L,298.37394570613077,310.6374840374394,2685.6442818069822,15.268418956400154,144.3393526895521,3.5252598941299795,7.710553297028906,51.95081758758179,0,2026-10-04 23:42:43
2026-10-04 21:00:00,CNC-03,H,298.7201063129051,310.7640058990441,2585.7993285865487,16.215057338106483,60.85076198889483,3.1551059711588305,7.9810776365363525,54.89662155612628,0,2026-10-04 23:42:43
2026-10-04 16:17:00,CNC-03,H,298.50466677714894,313.1595986167047,1762.3960623383741,42.31850032685372,158.57767488104798,2.6299335862946838,14.050682567906877,56.263574431312826,0,2026-10-04 23:42:43
2026-10-04 18:53:00,CNC-01,L,299.90428479295724,313.4152393285135,2309.1279037868385,26.97959278430004,131.02064809896973,29.928031702782413,11.78473399499208,49.47055286168089,0,2026-10-04 23:42:43
2026-10-04 13:43:00,CNC-03,H,297.4502125706731,311.89231895802476,1367.3967889124806,51.69985142015702,200.93945499909827,2.639549917876659,12.963307285874908,55.59957574362129,0,2026-10-04 23:42:43
2026-10-04 18:43:00,CNC-02,M,300.47476524976804,313.91165505136763,2073.703625347667,29.457045824457676,58.469516037140565,2.6462326216534877,11.308572064434813,49.87068339985901,0,2026-10-04 23:42:43
2026-10-04 14:21:00,CNC-01,L,303.23003734169095,311.45241284473315,1503.7324382273127,44.141318037931725,163.37121498515063,24.077906015293546,12.515058502062432,50.116436863033094,0,2026-10-04 23:42:43
2026-10-04 11:13:00,CNC-02,M,24.171955905875507,38.340509859681845,1465.2966089842828,48.063421724139566,44.1660892076833,2.113878542683207,13.190400413350254,57.062826346178916,0,2026-10-04 23:42:43
2026-10-04 01:15:00,CNC-01,L,298.28857245988587,310.816721086059,2810.450560317282,15.615684333839951,145.38077011702083,3.6204112895618885,8.152007893046033,52.99045641913807,0,2026-10-04 23:42:43
2026-10-04 03:07:00,CNC-01,L,296.79075310915533,308.6935886045844,2624.9209020804747,15.777220597903256,75.72098571280385,3.146922303215958,,54.669423372753954,0,2026-10-04 23:42:43
2026-10-04 07:35:00,CNC-02,M,23.32214613522774,38.01114778667312,1686.6602488533943,44.02600190604938,123.95481070645165,2.4798943142846,13.769063973768851,59.641872747620525,0,2026-10-04 23:42:43
2026-10-04 05:58:00,CNC-02,M,296.6114916596369,311.70576729076845,2048.946978506765,35.89340042493827,207.4355009638718,3.3142910127344485,13.697862160380145,57.19391711570314,0,2026-10-04 23:42:43
2026-10-04 19:43:00,CNC-01,L,299.37397368544043,313.60695139281813,2287.6939910273486,28.53810758741801,193.39507817190926,3.588438466201396,12.262948118548618,51.13975148679597,0,2026-10-04 23:42:43
2026-10-04 21:33:00,CNC-01,L,299.1169495289452,311.90144699912634,2531.6120422037666,21.425087421109318,81.14509345927156,3.20668555843783,10.05605718117063,51.18806550371434,0,2026-10-04 23:42:43
2026-10-04 05:10:00,CNC-01,L,296.2987901635556,310.70289619498766,2398.8592000653603,27.64393902852274,224.1132131146566,38.918210094611084,12.154027144821391,57.02921426515416,0,2026-10-04 23:42:43
2026-10-04 11:21:00,CNC-02,M,24.362090083371186,38.1320593811036,1296.2836215915277,51.098314217508616,56.78848710608907,1.94328944848174,12.218863076335891,61.19243563576211,0,2026-10-04 23:42:43
2026-10-04 19:25:00,CNC-01,L,299.65952720431414,313.86279205028677,2234.0922055025185,30.365182866372017,171.15394533124004,3.3368359227190205,12.771649630829941,52.00656913533106,0,2026-10-04 23:42:43
2026-10-04 05:02:00,CNC-03,H,296.43389739905115,310.6347588519039,1972.3774495586852,34.16358707912474,186.34042653252422,3.0049609413086564,12.60156853101319,58.60467772545568,0,2026-10-04 23:42:43
2026-10-04 01:10:00,CNC-01,L,298.09221454200343,310.9058769747291,2714.2614301252574,18.63486938279821,140.07218108655113,3.6431511717453047,9.30836641669083,53.06009814816214,0,2026-10-04 23:42:43
2026-10-04 17:25:00,CNC-02,M,300.1642902186316,315.8861915753946,1847.7594356075451,45.31753405948307,189.60603325076227,3.033910217117558,15.67738858450619,50.47239863086441,0,2026-10-04 23:42:43
2026-10-04 00:38:00,CNC-02,M,298.7394671306629,310.4068012859516,2650.518462596225,14.6412145299489,76.47051401039715,3.3173859122311624,7.250890033598687,50.80525198816109,0,2026-10-04 23:42:43
2026-10-04 20:00:00,CNC-03,H,298.91746797073836,313.0905616264576,2226.6376552950196,27.720774689836258,227.3694415581659,3.5422890006030197,11.480978987779924,53.940119351550074,0,2026-10-04 23:42:43
2026-10-04 13:05:00,CNC-03,H,297.21164894593903,311.67499763956954,1317.1594864334243,54.924713993736276,140.83903850790145,2.164723820132758,13.530857845026915,56.640576490300816,0,2026-10-04 23:42:43
2026-10-04 20:13:26,CNC-01,L,299.26088558920924,314.25835262016193,2398.879426008245,30.867042570822626,230.24221304677522,4.0901251812770125,14.050219831546865,52.888543177861095,0,2026-10-04 23:42:43
2026-10-04 22:59:00,CNC-01,L,298.9032326129698,312.30839021516493,2725.5534503281447,0.0,174.8451379312194,3.807667049215226,9.843203372243593,49.64523879941994,0,2026-10-04 23:42:43
2026-10-04 01:08:00,CNC-02,M,298.3137389499356,310.41760677035694,2697.8720434382008,,108.36501501024213,33.90917713271055,7.698685837941614,54.35853629865849,0,2026-10-04 23:42:43
2026-10-04 12:15:00,CNC-02,M,297.7818111969167,312.0610051811301,1304.3473526074101,50.49595692789545,142.51312637851038,2.205445290977827,12.220283787523638,51.615551101787815,0,2026-10-04 23:42:43
2026-10-04 21:12:00,CNC-02,M,300.4013953619294,314.5825321056293,2611.6552761331986,23.4813013326336,236.88471967898286,4.20695675673717,11.531546485020137,53.33821353023616,0,2026-10-04 23:42:43
2026-10-04 05:10:00,CNC-02,M,296.85082624891794,311.2764371164633,2014.9627320152053,36.34320690646871,145.04107746732393,2.8283028501069554,13.731134149795487,54.8488709503423,0,2026-10-04 23:42:43
2026-10-04 11:54:00,CNC-03,H,296.7139345645431,310.51780540207284,1413.4814435639976,50.44546533086174,28.4833583018033,2.1562466721859423,13.41470963530504,56.21813911965348,0,2026-10-04 23:42:43
2026-10-03 23:51:00,CNC-01,L,299.04267257291286,310.34819306406314,2785.455133618736,12.63151581727296,56.130171942831794,3.332771048376777,6.769494269222202,54.21054904262594,0,2026-10-04 23:42:43
2026-10-04 12:49:00,CNC-02,M,298.11474277274783,312.811922459061,1320.0369805081828,51.68080526234982,196.49486707867365,2.5759097909160276,13.037767714621001,55.96026579445457,0,2026-10-04 23:42:43
2026-10-04 20:37:00,CNC-03,H,299.0741248921989,311.915729886688,2421.8628815254697,23.162968297944463,34.824148910203526,2.9386188655539836,10.690604745161645,56.74719235003551,0,2026-10-04 23:42:43
2026-10-04 21:34:00,CNC-03,H,298.75262197877976,311.965615332601,2553.842959628394,22.427795870952632,99.09522872423663,3.0639354130956913,10.808100834317003,53.66273625475966,0,2026-10-04 23:42:43
2026-10-04 09:11:00,CNC-02,M,296.651231035892,310.7899147182631,1452.37444282254,48.554000631176294,61.82671305230866,2.219766244428322,13.374935901731709,62.65681686585177,0,2026-10-04 23:42:43
2026-10-04 08:05:00,CNC-02,M,23.72326467952911,39.02386058635011,1802.1209886488862,43.92878732864279,167.8501025821933,2.8738209532073395,14.873560620054372,54.297264718679415,0,2026-10-04 23:42:43
2026-10-04 01:13:00,CNC-03,H,298.1368568176548,310.0837157234558,2718.1302100942594,13.834016169258637,142.37184252463175,3.42326482114279,6.886466394881269,55.860646353433545,0,2026-10-04 23:42:43
2026-10-04 04:49:00,CNC-02,M,296.830810290039,310.67298156872965,2203.85056071696,29.26366053650547,118.37843767277185,2.882865010314236,12.152846924265313,58.53739687101765,0,2026-10-04 23:42:43
2026-10-04 13:27:00,CNC-01,L,297.1398173785244,311.5596728626313,1452.6991728695139,49.15925677325366,79.01272101852838,2.1718492811599552,13.631900520344487,59.25849438605875,0,2026-10-04 23:42:43
2026-10-04 23:20:12,CNC-02,M,299.9123144765674,312.88681790867594,2697.5674364251067,18.02018838643112,134.87210216176797,3.4851675513778724,8.826748435647831,54.86778916993262,0,2026-10-04 23:42:43
2026-10-04 09:10:00,CNC-01,L,295.51345695673183,309.5373713351587,1451.9241377466021,49.35016675313302,113.60750378449816,2.203697502209881,13.458016926710794,58.10688494055565,0,2026-10-04 23:42:43
2026-10-04 22:28:00,CNC-03,H,298.2038841061211,310.68666906170915,2633.0770208926606,16.56037106000014,158.29270522550533,3.5241050381708967,8.268140635488814,55.868819335080744,0,2026-10-04 23:42:43
2026-10-04 06:10:00,CNC-01,L,295.93143475643956,,1954.9654747970117,37.77922895742092,73.27889121264279,2.5469305801528748,13.7644511280171,58.21458092061488,0,2026-10-04 23:42:43
2026-10-04 09:38:00,CNC-01,L,295.77905372488544,310.5874050564987,1380.959087083194,54.65194154676936,156.67549425044396,2.4821019218695217,14.435392193408655,56.82012793842179,0,2026-10-04 23:42:43
2026-10-04 14:27:00,CNC-03,H,303.04113297827536,311.9769735435599,1437.6347982848836,50.51627866982234,269.41584093620725,3.4045346902802245,,43.098714538095635,1,2026-10-04 23:42:43
2026-10-04 07:47:00,CNC-01,L,22.332673441908582,37.0039372446704,1870.4356069747685,37.922799029596646,208.31905733415977,3.3632375169856754,13.170973472274726,58.97935660253462,0,2026-10-04 23:42:43
2026-10-04 02:05:00,CNC-02,M,298.0378302300537,311.584543235642,2651.976769010237,21.703996793651058,170.11268133116351,3.4992455699617317,10.700258481919475,55.77514512582408,0,2026-10-04 23:42:43
2026-10-04 14:47:00,CNC-01,L,298.044139039012,311.3537915068554,1446.0114794416495,44.60226629753983,3.09616042483888,2.057177226518047,11.929321853890176,54.68621122084552,0,2026-10-04 23:42:43
2026-10-04 06:42:00,CNC-02,M,296.79681639280096,311.1680697963283,2075.2479167273127,36.066658577455186,49.11322482355999,2.6820914226112627,13.962253542052567,63.60548942314489,0,2026-10-04 23:42:43
2026-10-04 10:25:00,CNC-03,H,,36.76091266723495,1332.6051542588423,52.73843768848547,130.13459147690148,2.2838003316442164,,60.81831317240624,0,2026-10-04 23:42:43
2026-10-04 22:27:00,CNC-01,L,299.32678904264355,312.0254541441615,2554.938932928136,18.557428098939997,140.17807137337863,3.4328959289673335,8.880384652664059,51.6903612371266,0,2026-10-04 23:42:43
2026-10-04 01:31:00,CNC-02,M,298.08916877268507,310.498342654238,2759.7991898536116,16.094116090481997,133.07034413917347,3.4526516430714547,8.333008612982203,58.53349131895435,0,2026-10-04 23:42:43
2026-10-04 18:20:00,CNC-02,M,299.98743691539505,313.3038061917471,2044.4559350652803,27.55603554373213,29.129261126433892,2.630774293436816,10.438742679368698,51.00925514144922,0,2026-10-04 23:42:43
2026-10-04 18:22:00,CNC-02,M,300.37674282846166,314.0154249872772,2188.374662507312,28.438650184101803,31.695660740872206,2.819519664389638,11.609025437140025,48.24176567979892,0,2026-10-04 23:42:43
2026-10-04 22:41:00,CNC-03,H,298.62551774698323,311.38057275528627,2777.5765091102644,16.727444086838354,172.264415127393,3.6409412282604197,8.49517956284154,55.73920359107311,0,2026-10-04 23:42:43
2026-10-04 03:22:00,CNC-02,M,297.5188253959265,,2415.435545066511,19.96592595232265,13.747439367381606,2.9562881999768034,9.159181809191002,55.539875019492236,0,2026-10-04 23:42:43
2026-10-04 18:09:00,CNC-02,M,300.0881710157656,313.3113516148954,2022.6453573505314,28.898625572863956,14.743835051325256,2.721765297712595,10.941556024882368,49.802231765434115,0,2026-10-04 23:42:43
2026-10-04 13:29:00,CNC-03,H,297.3379104977652,311.82302941340606,1370.6137164469635,52.89348348997842,178.89041584338852,2.3232163824396324,13.766627178204432,55.01594212049895,0,2026-10-04 23:42:43
2026-10-04 21:32:00,CNC-03,H,298.64956066899066,310.85117250271645,2605.0010504282277,16.68661002683163,96.8601306063457,3.23478299373682,8.502904977961563,51.85170305920275,0,2026-10-04 23:42:43
2026-10-04 14:01:37,CNC-02,M,303.9617468096145,312.6169219494535,1501.775527596895,48.930008517805604,105.39814843184936,2.263448043834106,13.486458811868044,44.411266298539125,0,2026-10-04 23:42:43
2026-10-04 06:29:00,CNC-02,M,297.0809942374425,311.2849229371711,1833.2897919827676,38.14886361666614,31.219617650364558,2.4593181531548245,13.20002084457055,56.8787514017971,0,2026-10-04 23:42:43
2026-10-04 02:24:00,CNC-03,H,297.9620544289141,311.2029803667986,2503.639734322784,21.50588898692448,219.7564408057709,3.7183936534721687,9.986912806025911,52.74892781020873,0,2026-10-04 23:42:43
2026-10-04 13:45:00,CNC-03,H,297.6134010673214,312.63430254411196,1467.2953384226196,52.76787526222546,204.0937174163314,2.6250065550855277,14.724055184572682,53.12521895552287,0,2026-10-04 23:42:43
2026-10-04 16:46:00,CNC-02,M,299.6530028067593,314.0503990030599,1828.2917260590184,36.74848403952268,135.1500336364791,2.679936917689196,12.441159190302859,49.390794645331546,0,2026-10-04 23:42:43
2026-10-04 15:45:00,CNC-02,M,299.60128337893985,313.58924554875637,1797.942587219121,38.03052698841643,46.506826628191476,2.3754384237090105,12.673840341994861,48.98216300238452,0,2026-10-04 23:42:43
2026-10-04 16:44:00,CNC-02,M,299.7038484060219,314.58176016998425,2049.036940664927,38.295446226011414,132.28877504297805,2.829931079111964,14.532917868631925,52.07734002934494,0,2026-10-04 23:42:43
2026-10-04 07:38:00,CNC-02,M,23.616929911209525,38.65794079615233,1640.7223196959815,47.77697793608945,128.2078646479661,2.389448053083102,14.316997439219728,63.60834572535098,0,2026-10-04 23:42:43
2026-10-04 06:25:00,CNC-02,M,296.84036598967566,310.11957752665916,2068.7589896145323,29.90007817773517,25.677275432711813,2.755509093958755,11.318280334936206,61.41865000623639,0,2026-10-04 23:42:43
2026-10-04 04:16:00,CNC-01,L,296.3029231216192,309.5025503111031,2381.6229965154557,22.836518046237867,156.77416325402223,3.2848834196040255,10.361054026007784,56.98353195406325,0,2026-10-04 23:42:43
2026-10-04 19:41:00,CNC-03,H,298.9771619073187,313.25355290778634,2231.8184603989334,28.58652504639553,204.48972692799023,3.344095482212103,11.849175373323696,53.41589281726876,0,2026-10-04 23:42:43
2026-10-04 03:00:00,CNC-03,H,297.6060196436198,310.21541538431336,2627.895339603821,19.83185338364223,39.44948110970616,3.005381813825202,9.756464834595155,57.50399983195829,0,2026-10-04 23:42:43
2026-10-04 09:21:00,CNC-01,L,295.3155435795402,310.16870333889676,1531.1079216323717,48.1328536223331,130.40159773071534,2.288241205520866,13.880603447380976,55.36393222519898,0,2026-10-04 23:42:43
2026-10-04 01:01:00,CNC-01,L,298.6170205335255,310.47097383486306,2695.512771436476,14.843914849493078,130.50622115793934,3.4272640025567256,7.597971521752842,50.90172100415386,0,2026-10-04 23:42:43
2026-10-04 15:41:00,CNC-01,L,298.7145695919078,312.5615440122912,1667.6814664564665,41.51305644451037,84.57405200402381,2.31391294361976,12.75474259154253,52.47796757196377,0,2026-10-04 23:42:43
2026-10-04 22:56:00,CNC-02,M,299.873678187586,312.85437911728377,2831.474392804987,17.423528966358212,110.25153841286638,3.5205800211399447,9.202582792690869,48.725400925653986,0,2026-10-04 23:42:43
2026-10-04 18:35:00,CNC-03,H,299.36329712191593,313.3966658809649,2149.7267742491294,32.05507014999431,122.1092696194692,2.913321135467873,12.90547374624821,53.64386744776787,0,2026-10-04 23:42:43
2026-10-04 16:51:00,CNC-03,H,298.6044043943263,313.241608979521,1908.2568029461202,36.28046702559114,207.0932473060638,3.0546638885162647,13.03711155397581,54.370549504743515,0,2026-10-04 23:42:43
2026-10-04 05:39:00,CNC-03,H,295.9544639104326,310.5369943829899,2127.7433849503045,33.091774525837344,233.83696200500088,34.46200953841642,13.162617771415539,59.960646858923724,0,2026-10-04 23:42:43
2026-10-04 11:00:00,CNC-01,L,22.575770998957353,37.47664566732095,1640.8564057076323,48.34453022150766,85.10321914090235,2.339216503102983,14.920599223648528,64.95427770109384,0,2026-10-04 23:42:43
2026-10-04 02:09:00,CNC-03,H,297.61652854639567,310.0912645416129,2883.414227940681,13.688202661221172,203.0993788348218,4.026589228596249,7.547294728328736,55.56960947840187,0,2026-10-04 23:42:43
2026-10-04 18:31:00,CNC-02,M,300.32619887422743,313.93164946646635,2030.2498921899873,31.180445957091653,43.2253140434255,2.7349510944179025,11.820190078003666,53.43214024790184,0,2026-10-04 23:42:43
2026-10-04 13:34:00,CNC-01,L,297.35612180728924,311.6857438695581,1533.6041075196267,48.693410217231346,90.00262380082359,2.2374627917395924,14.1255373729995,59.47572377903601,0,2026-10-04 23:42:43
2026-10-04 15:48:00,CNC-03,H,298.41404362355684,312.39721470122396,1543.3397584684442,43.58228826540757,116.31680261461182,2.285433033467797,12.651679702591178,48.766978233027444,0,2026-10-04 23:42:43
2026-10-04 12:23:00,CNC-01,L,296.673403104792,311.2500413562633,1392.29226984296,50.53808110678092,216.93810219457234,3.0650565069529434,13.08885324894357,53.74062109257475,0,2026-10-04 23:42:43
2026-10-04 19:10:00,CNC-03,H,299.21118639808464,313.0643165749419,2204.816648235635,28.80656347042626,166.2878852912449,3.0145141667526025,11.782832474387629,53.341603693554646,0,2026-10-04 23:42:43
2026-10-04 05:44:00,CNC-01,L,296.33550178561933,310.2489592833726,2250.042008388206,29.463190802816662,38.7741858005988,2.7859140843753134,12.28897101003415,59.760203332700975,0,2026-10-04 23:42:43
2026-10-04 03:16:00,CNC-01,L,296.82895275985453,310.60562564894434,2453.3148379897348,26.39586197852321,85.98056880756792,3.004859887983286,12.13643710275789,54.645075417799916,0,2026-10-04 23:42:43
2026-10-04 01:23:00,CNC-03,H,298.3058319408318,309.92036272163506,2720.883800841815,12.987783714522806,153.07721925238133,3.436212644454713,6.687713762281824,56.58996547283375,0,2026-10-04 23:42:43
2026-10-04 15:26:00,CNC-03,H,303.4850994121218,311.62143077160505,1608.3643019841052,46.43962076513265,83.5679945870075,2.4569980878645916,13.947126045805213,47.42424509246007,0,2026-10-04 23:42:43
2026-10-04 04:15:00,CNC-02,M,,310.2727218148155,2376.4534746006766,27.425338806030666,76.51854293227544,3.007890385912906,12.13966750547465,56.730741296409505,0,2026-10-04 23:42:43
2026-10-04 14:53:00,CNC-01,L,298.2665885340874,311.8149723587367,1713.5289590889645,40.00535185416565,12.278433626676188,2.2146422341748693,12.820533466621745,60.81248147140764,0,2026-10-04 23:42:43
2026-10-04 14:44:00,CNC-01,L,298.2025379109513,312.9573547349725,1562.2464536702578,49.91718876996968,198.86212347535275,2.9616092632394864,14.570630007174303,55.462473131856335,0,2026-10-04 23:42:43
2026-10-04 12:59:00,CNC-01,L,296.9739652671973,310.3434216476241,1314.1357145822096,50.097801981058524,34.75776885195538,1.9762414202317442,12.136373164370134,56.3260380397617,0,2026-10-04 23:42:43
2026-10-04 20:38:00,CNC-01,L,299.306848964619,312.2253913879595,2418.5552195867913,24.84044846414384,18.667445530380824,3.1330840355494547,11.433459966506238,56.905533228578875,0,2026-10-04 23:42:43
2026-10-04 12:04:00,CNC-01,L,296.4834360688494,310.8209236068889,1332.414791312825,50.73325355955902,186.8246260895377,2.767017410692291,12.82535759818805,55.157034492131984,0,2026-10-04 23:42:43
2026-10-04 09:54:47,CNC-03,H,295.824787843183,310.46400945052744,1554.2712750268681,49.50426757594961,83.20510520759282,2.2442898165980107,14.515615283284863,60.73940597429871,0,2026-10-04 23:42:43
2026-10-04 00:03:00,CNC-03,H,298.8655876362821,310.747003798043,2707.9239805627317,14.859438651385382,67.67417484689027,3.2780944368654046,7.507788302751065,56.74095894409954,0,2026-10-04 23:42:43
2026-10-04 12:16:00,CNC-01,L,296.66381841162195,311.56070398516147,1318.8156644644318,57.08576628402501,205.7733342231804,2.8531467354946916,14.235872655926832,56.02039553815177,1,2026-10-04 23:42:43
2026-10-04 03:59:22,CNC-02,M,296.9194650907189,310.6655489528493,2445.8502494596296,27.257972105051124,56.074417610440996,3.0677737409910435,12.631064594041526,58.20328149147784,0,2026-10-04 23:42:43
2026-10-04 07:12:00,CNC-01,L,295.46286981591044,310.0230653678877,1815.6856979890326,40.540425488335224,158.38208793977103,2.8390635916599996,13.09184997303962,66.12535547911854,0,2026-10-04 23:42:43
2026-10-04 19:01:00,CNC-03,H,299.0757904179457,313.13340300071496,2185.1562653891283,31.057616528286008,155.05787566636147,3.063237603018662,12.717249806690507,51.183199613261266,0,2026-10-04 23:42:43
2026-10-04 14:02:00,CNC-01,L,303.0663105453861,311.88782460289485,1451.8414468018295,51.407953764766255,133.78754055761695,2.4399203706425774,13.863292068002224,45.86408922790017,0,2026-10-04 23:42:43
2026-10-04 09:57:00,CNC-01,L,295.8442328921079,310.67544071518773,1414.4978277589942,52.26823779672749,186.05703080731388,2.766132895943784,13.745822707859912,62.81074686080796,0,2026-10-04 23:42:43
2026-10-04 15:45:00,CNC-01,L,298.3826148825352,312.6614912114615,1508.1139865652835,49.042784022149476,90.46678603116611,2.3083324136187,13.87259189739232,51.639395755723115,0,2026-10-04 23:42:43
2026-10-04 13:28:00,CNC-02,M,298.29143106035673,312.2724885389389,1407.8902728163973,49.15021242938525,50.6503697377735,2.0358376367568205,13.232930718575396,56.71943081800017,0,2026-10-04 23:42:43
2026-10-04 20:02:00,CNC-03,H,298.9692440540908,313.3086477785743,2211.0305846306246,29.305470447181023,229.84551041469103,3.494306011473837,12.096543970271076,53.399642984534275,0,2026-10-04 23:42:43
2026-10-04 20:54:00,CNC-03,H,298.75267850212845,311.4042286913271,2579.956557242948,20.3876919249989,54.16478052469954,3.2525872508079043,10.069489740139389,54.05457196956989,0,2026-10-04 23:42:43
2026-10-04 04:43:00,CNC-03,H,296.35974331354856,309.6869863838891,2418.4456795180054,22.596847157014814,162.40438776960627,31.837429148458753,9.944681803822872,53.623694006489956,0,2026-10-04 23:42:43
2026-10-04 23:15:00,CNC-03,H,298.29224947248593,311.14325034250595,2568.2601068017193,18.560840920361446,208.66031586483766,3.6737527062234863,8.711876978023453,53.30817698407904,0,2026-10-04 23:42:43
2026-10-04 11:30:00,CNC-02,M,24.165509076783394,38.22504002877656,1450.9899619679536,48.3333660286884,70.9966354199595,2.152861264878921,13.200201796955426,55.40738435969121,0,2026-10-04 23:42:43
2026-10-04 10:10:00,CNC-01,L,295.5421183389406,309.0415659989571,1433.2178331752764,47.76560710763681,6.211463561512851,2.0920883950655647,12.965692202429599,58.66551525006831,0,2026-10-04 23:42:43
2026-10-04 16:14:00,CNC-02,M,299.54243133866174,314.0516873505692,1818.9795088111862,39.73773417523276,89.17411664499723,2.4544666237098762,13.28101953766152,49.638636045098764,0,2026-10-04 23:42:43
2026-10-04 14:32:00,CNC-03,H,303.134775139063,310.46071985249415,1408.643658310414,44.750920886350734,1.578497993112033,2.064583334881287,11.897732954504567,49.47235632839493,0,2026-10-04 23:42:43
2026-10-04 13:29:00,CNC-01,L,297.1380372833557,311.19041655148595,1333.4841738614111,52.831793300704724,82.16571749874576,2.089138961828373,13.380093779045541,59.725956103372106,0,2026-10-04 23:42:43
2026-10-04 09:40:00,CNC-02,M,296.8862637231358,311.45166697513423,1525.2197108289472,47.75168677750871,106.71593456806755,2.3125089502599288,13.730236474257483,55.10928048467595,0,2026-10-04 23:42:43
2026-10-04 10:34:00,CNC-03,H,22.632292117734266,36.8869143777693,1363.1473957288974,50.101602092176776,144.44470173505906,2.261089959124755,12.902439112825526,54.76808564231335,0,2026-10-04 23:42:43
2026-10-04 19:33:00,CNC-02,M,300.4946748148649,314.16429044634054,2238.887853075671,26.85962047713261,120.70012625327422,2.9820668878576635,11.299865919943835,49.668633037880355,0,2026-10-04 23:42:43
2026-10-04 22:34:00,CNC-03,H,298.48328840374774,311.0335646725388,2714.572889123,16.22878793652668,164.69070139895962,3.6303527408226817,8.167188347544341,53.412348027456254,0,2026-10-04 23:42:43
2026-10-04 18:51:00,CNC-03,H,298.9856862517998,313.7479006544674,2366.8819856301634,33.34978374370566,142.63179364311702,3.1297807997931617,15.010545266605304,51.255672330395,0,2026-10-04 23:42:43
2026-10-04 05:51:00,CNC-03,H,295.6258946959833,311.39857263896613,2147.238797881153,38.25898980866158,249.4916210865786,3.7552814017697824,15.663586064308504,59.37824450609591,0,2026-10-04 23:42:43
2026-10-04 23:22:00,CNC-01,L,298.6870663308845,310.7170829996658,2603.6112668606147,18.58150468682253,3.2866029346379957,3.1933477065935736,9.006262637933801,51.72877228146294,0,2026-10-04 23:42:43
2026-10-04 03:34:00,CNC-03,H,296.8123438185326,310.2599962733862,2485.9624361082106,23.64759786563985,79.00918384103971,2.9738965941025155,11.1089938806546,54.81364633688554,0,2026-10-04 23:42:43
2026-10-04 07:52:00,CNC-03,H,22.316252245417502,37.1367215107922,1723.5793163460407,45.63670626208008,165.74880643999387,2.6695254416061878,14.861136075550933,58.07890817789826,0,2026-10-04 23:42:43
2026-10-04 20:13:00,CNC-01,L,299.45274329845637,313.6104083342146,2421.532293199438,25.755639297119707,229.0578095293688,4.2757422985215,11.706643930617965,54.122105088061,0,2026-10-04 23:42:43
2026-10-04 05:48:00,CNC-03,H,295.8966618600822,311.2265739981677,2056.5290933861515,37.95857969420704,245.59244473381966,3.679661915208725,14.670935016590049,57.023871148504696,0,2026-10-04 23:42:43
2026-10-04 18:56:00,CNC-02,M,300.68739590021056,315.38655433642515,1993.970648069932,37.6246032911818,74.97714071758065,2.736799781608882,14.143990365877258,49.43809133890557,0,2026-10-04 23:42:43
2026-10-04 05:26:00,CNC-02,M,296.36714144998007,310.2790014571538,2121.3394352389546,30.115546043550296,165.5226817036584,3.1041662235718666,11.875055469670004,57.74937849511905,0,2026-10-04 23:42:43
2026-10-04 13:30:00,CNC-02,M,298.0444336825685,311.820201553006,1496.2199757728868,42.96415924345604,53.738740763405644,2.062799611219479,11.86243601306544,56.02793713772418,0,2026-10-04 23:42:43
2026-10-04 13:12:00,CNC-02,M,297.94355215724823,311.9397137838804,1459.6749962806275,47.887586150183715,25.395301152333925,2.0516712855604715,13.20236773203002,55.88152506799758,0,2026-10-04 23:42:43
2026-10-04 12:36:00,CNC-01,L,296.99366238442155,311.7267030511952,1309.3545461084532,53.80428368409413,237.55354545168623,3.35669748810947,13.133323307888004,54.75708989592584,1,2026-10-04 23:42:43
2026-10-04 05:49:00,CNC-01,L,296.04925236451686,309.13831159280704,2084.7743257997836,29.210395076152928,45.3135896266194,2.6526704542885216,11.364936406454987,58.12980763265655,0,2026-10-04 23:42:43
2026-10-04 09:58:00,CNC-02,M,297.1642195451414,311.1560443205275,1268.447545398535,51.00838894320226,134.49843516193928,2.148512709400576,12.4630912069665,58.4852104288311,0,2026-10-04 23:42:43
2026-10-04 07:09:00,CNC-02,M,296.6831028101525,310.7128846846463,1630.2420166013496,40.71183001108613,86.82566750227744,2.3784596862681098,12.59764090023683,61.74068843272959,0,2026-10-04 23:42:43
2026-10-04 07:04:50,CNC-01,L,295.7700198563976,309.94687424155484,1895.0488079099678,37.81355517702314,148.56123466027003,28.581360047579228,13.202031589684914,59.47667143817912,0,2026-10-04 23:42:43
2026-10-04 14:18:00,CNC-01,L,303.477314320733,312.23841034017715,1473.3839381607586,50.286455812260215,158.74960264520183,2.4525845379544844,13.902501153810599,42.606377461887526,0,2026-10-04 23:42:43
2026-10-04 09:05:00,CNC-01,L,295.4559802166385,309.6628772992919,1460.4933827078091,47.2894010517024,105.82338944268601,2.166291068029328,12.877580276489681,59.81040085791057,0,2026-10-04 23:42:43
2026-10-04 01:16:00,CNC-03,H,298.1333231948557,310.91833498689056,2601.8994736071354,18.849976171434538,145.62076535945954,3.300207120528048,9.232209468101155,58.1261415567065,0,2026-10-04 23:42:43
2026-10-04 00:00:00,CNC-03,H,298.888550874489,310.306637628003,2772.7118145928866,11.800259276392268,64.52691560320233,3.3207116702250037,6.353909203627619,53.13295847468231,1,2026-10-04 23:42:43
2026-10-04 06:16:00,CNC-03,H,295.9230463331217,309.6123565137071,2031.2126502912483,34.4397414846158,30.880252970646634,2.6309346404194818,,55.74689030799735,0,2026-10-04 23:42:43
2026-10-04 21:02:00,CNC-02,M,300.1409455393684,314.80633992807986,2424.747551407627,28.010674933953023,225.5635895027852,3.9098644027818765,13.024788913648669,52.53172566925308,0,2026-10-04 23:42:43
2026-10-04 02:25:00,CNC-02,M,298.21104292202637,310.91454512891664,2550.1181470320994,17.867927996782917,192.0671936370523,3.584576933868666,0.0,54.11351151709623,0,2026-10-04 23:42:43
2026-10-04 10:26:00,CNC-03,H,22.842091703491747,37.86585734067842,1430.9683235108153,54.454024727375774,131.72501699305124,2.2539846653311857,14.606060187703806,57.631447091348626,0,2026-10-04 23:42:43
2026-10-04 10:08:00,CNC-03,H,295.6408000362666,309.93713495779554,1404.3548185763875,51.467573395112005,103.60831485597524,2.139759311175949,13.246740022030616,59.4172861532703,0,2026-10-04 23:42:43
2026-10-04 18:39:00,CNC-02,M,300.4444442327927,314.34239432467086,2126.821785267287,30.117193890472578,53.42416048795401,2.7542831305375097,11.890583525842858,52.699399490434516,0,2026-10-04 23:42:43
2026-10-04 18:07:00,CNC-01,L,299.6709755989044,312.79564204519386,1974.9826670160737,,71.49808188615945,2.5751175988391,10.970038296589335,49.566896349550476,0,2026-10-04 23:42:43
2026-10-04 04:19:00,CNC-01,L,296.6559880849213,309.901403302977,2435.5178084848685,22.716780689120863,160.42204295927033,3.429697751639244,10.419216650507224,52.61110576222856,0,2026-10-04 23:42:43
2026-10-04 01:00:35,CNC-02,M,298.15662630618885,311.0269010966358,2645.91879065936,19.806186607296937,100.91063967855575,3.32244364981153,9.767567597727583,58.47095379388525,0,2026-10-04 23:42:43
2026-10-04 14:03:00,CNC-01,L,303.0180698262373,311.0165611540773,1349.932828260827,50.51048659978687,135.36473293539865,2.301659854298174,,48.40464347792312,1,2026-10-04 23:42:43
2026-10-04 07:30:00,CNC-01,L,22.469437899265245,36.95619480792658,1762.7975485933475,38.852677775570285,183.89934364558152,2.9968947528759595,13.075697538261503,61.44839217430824,0,2026-10-04 23:42:43
2026-10-04 02:29:00,CNC-02,M,298.07862332469557,311.8260262878421,2669.051608651539,22.171510366223085,196.57845081172755,3.8230106268041357,10.964323845708366,55.579743535892426,0,2026-10-04 23:42:43
2026-10-04 19:07:00,CNC-01,L,299.88074945255323,313.8132476329269,2233.1337198614697,29.991826034451748,148.7353322375275,3.09299480095925,12.301182095318973,51.68164825791569,0,2026-10-04 23:42:43
2026-10-04 19:08:00,CNC-03,H,299.1505907146111,312.48723546604543,2256.013252398352,24.24221967163065,163.82915240417753,3.0778723071303484,10.227163330225258,54.07599553500685,0,2026-10-04 23:42:43
2026-10-04 13:28:00,CNC-03,H,297.5288786080016,312.1976861719036,1405.3414213147564,50.998204833602315,177.3031012113789,2.443015110144138,13.334475671881103,51.91973091557705,0,2026-10-04 23:42:43
2026-10-04 03:52:00,CNC-01,L,296.72972976067,310.28238087566393,2481.087213553794,24.454647987721135,128.18976225813327,3.2254857203586513,11.454422674612596,56.336437403133324,0,2026-10-04 23:42:43
2026-10-04 01:30:00,CNC-03,H,297.978057666397,310.68381315914564,2588.9814459818563,18.20203158418679,160.55334077928265,3.404709452840504,8.571461165558125,52.62492101225915,0,2026-10-04 23:42:43
2026-10-04 15:13:00,CNC-02,M,299.0020724932802,314.7865895514715,1626.8489664867818,50.03383620537374,213.02752711681262,2.9895565368823824,14.861724055451647,56.55459281070554,0,2026-10-04 23:42:43
2026-10-04 07:27:00,CNC-01,L,22.482837416988502,37.33686919342642,1748.8889095678755,43.44834941058803,179.59712212866532,2.8794618015728997,14.282131545571522,56.39634228839526,0,2026-10-04 23:42:43
2026-10-04 05:47:00,CNC-02,M,296.6364116295562,311.56629587887403,2076.1422276478575,35.39597838262699,192.82458168457921,3.2084624949470673,13.621998095991918,58.71278034221058,0,2026-10-04 23:42:43
2026-10-04 06:08:00,CNC-02,M,296.6655422088413,310.1398690467221,1977.632989552309,32.113359078919714,2.6826866242982668,2.5693311491863056,11.607227414764873,56.65172164941129,0,2026-10-04 23:42:43
2026-10-04 19:58:00,CNC-01,L,299.393240989245,314.7795959352245,2265.2208062162013,35.88550310074885,211.31580413943493,3.7827755772013965,15.222114315665836,55.728339586325454,0,2026-10-04 23:42:43
2026-10-04 07:18:00,CNC-02,M,296.54968766823265,310.84416547577973,1733.0807702325076,39.94400110123205,99.59737642281405,24.361262952148742,12.769454083388982,52.95378238963878,0,2026-10-04 23:42:43
2026-10-04 21:12:00,CNC-03,H,298.95710644473854,311.5804724769271,2502.777494948797,20.378203240220735,74.3143817798675,3.1197471538211285,9.397984112378118,56.07374256080446,0,2026-10-04 23:42:43
2026-10-04 11:28:00,CNC-03,H,23.5076439545536,38.99701408004523,1418.5963600807684,56.468133618715626,230.02193378761,2.8369345030224777,15.172053131738277,55.99201161144769,0,2026-10-04 23:42:43
2026-10-04 05:51:00,CNC-01,L,295.87741457799206,309.84188914405206,2080.8725539888956,32.39196277515864,47.9175845555924,2.6865283717757396,12.743992911026725,53.950371943433055,0,2026-10-04 23:42:43
2026-10-04 10:03:00,CNC-01,L,295.6918831638257,310.5809423577946,1452.7424641304397,50.7711613334291,195.54607468303058,2.882667151008508,13.958678965254284,59.294987003865074,0,2026-10-04 23:42:43
2026-10-04 11:30:00,CNC-03,H,296.63154625215617,311.48584150387944,1366.7313220288713,52.506919993316366,233.20673003191231,2.7884943016727113,13.156719313260876,53.981605813458025,0,2026-10-04 23:42:43
2026-10-04 14:23:00,CNC-01,L,303.3239331242842,312.06302866001744,1598.3419605027652,46.604530389125365,166.4294630893458,2.6755665857711315,13.621319485158399,42.15895635149229,0,2026-10-04 23:42:43
2026-10-04 05:53:00,CNC-01,L,296.1428734905148,309.9047012517999,2022.4846257226855,33.57596165580757,50.616794366554096,2.633990002031813,12.675892551522715,57.30561070464322,0,2026-10-04 23:42:43
2026-10-04 18:03:00,CNC-01,L,299.95719603914137,313.9847672592133,2073.5370142735505,33.93215895074884,66.20313545585925,2.7359848607827537,13.121355783915035,56.046191554015245,0,2026-10-04 23:42:43
2026-10-04 03:27:00,CNC-01,L,296.6377589764303,310.1590247716406,2306.9936726604815,26.853972739218722,98.86218094087727,2.973824442862939,11.714383083604773,57.72020046005734,0,2026-10-04 23:42:43
2026-10-04 14:46:00,CNC-02,M,304.1059059013596,312.8789437810507,1548.9957941303896,48.958835161838834,171.97377989971082,2.5429170824404252,14.194378763710963,41.06699352858973,0,2026-10-04 23:42:43
2026-10-04 17:35:00,CNC-02,M,300.20977161962094,314.36744778832934,2070.791840203439,30.029741977947573,203.28890698620316,3.3146555402392566,12.003561936670287,54.3029321814186,0,2026-10-04 23:42:43
2026-10-04 10:47:00,CNC-01,L,23.010987039339284,36.70401497673123,1332.3643167781202,49.84258639683657,64.58697576823468,2.009497713925494,12.11060090475424,56.32338686338271,0,2026-10-04 23:42:43
2026-10-04 22:59:00,CNC-03,H,298.36743483661957,311.68741203449883,2677.953816974051,20.954444570562686,191.4122479331918,3.6125099876235685,10.43682695212857,53.425016778583846,0,2026-10-04 23:42:43
2026-10-04 10:49:00,CNC-02,M,23.994748323340616,37.736451859029444,1517.7860465981908,44.69678901770529,6.26639597008005,2.1333714962900237,12.540137469232373,57.30810475257864,0,2026-10-04 23:42:43
2026-10-04 13:03:00,CNC-01,L,296.9044742861684,310.453532372233,1304.2947969638083,50.3225795036877,41.04856791134174,1.9443569965149419,12.143606545045044,56.37634251813956,0,2026-10-04 23:42:43
2026-10-04 18:15:00,CNC-01,L,299.82336149890006,313.90152907122376,2052.376133903433,34.938102215537434,81.98046788406644,2.8301960302206255,13.442059009126009,48.36467996651053,0,2026-10-04 23:42:43
2026-10-04 16:25:00,CNC-01,L,299.0577803694393,313.5972944969031,1704.1557235520288,44.394228126054166,149.0578920392994,2.7059380660292147,14.167163142214257,50.8386129781613,0,2026-10-04 23:42:43
2026-10-04 10:23:00,CNC-03,H,295.70573478863616,309.77082146484173,1476.6011297295886,44.00194485217885,127.01161622223418,2.2621165286474025,12.025893898890654,58.7121557571137,0,2026-10-04 23:42:43
2026-10-04 23:18:00,CNC-02,M,299.94802540738175,312.47180616078487,2754.467160367182,15.139628729872166,133.82608994647524,3.4719782847654903,7.774146015954994,51.16421791295854,0,2026-10-04 23:42:43
2026-10-04 20:07:00,CNC-01,L,299.4298250208581,313.2139435695548,2401.1630549359147,24.05757176535542,221.94650667348293,3.968902663018496,10.902903405970681,49.9544160221019,0,2026-10-04 23:42:43
2026-10-04 16:27:00,CNC-02,M,299.6149511475672,314.8142520766963,1772.128896654167,45.330058190441406,108.10361694005569,2.5279197973013416,15.002792150667721,48.896987065556054,0,2026-10-04 23:42:43
2026-10-04 07:19:00,CNC-02,M,296.8704937176054,311.30367063268733,1714.7721988963317,43.10325281327487,101.05614547817753,2.5158359654733844,13.764665823903888,56.38164958817717,0,2026-10-04 23:42:43
2026-10-04 14:17:56,CNC-02,M,303.8912854990819,312.39967271933966,1492.3792688680887,47.84133580851945,130.36392350554294,2.348757841581891,13.286506468722067,43.767195023217134,0,2026-10-04 23:42:43
2026-10-04 06:47:43,CNC-01,L,295.865941729762,310.2512997721981,1854.2282928682632,37.37487751547727,124.89540627512383,2.6004667846245773,13.206572244918823,58.50800755166693,0,2026-10-04 23:42:43
2026-10-04 18:10:09,CNC-01,L,299.66903913139305,313.53192673998205,2042.8790467363888,32.69340872091044,75.44403132604681,2.8055412810357243,12.412962676318394,52.11577139546148,0,2026-10-04 23:42:43
2026-10-04 21:02:00,CNC-01,L,299.21100234700594,311.8197025331272,2384.156419564887,21.58573678486858,46.2296523931224,2.9671839970923326,9.692835375275905,56.61616569950543,0,2026-10-04 23:42:43
2026-10-04 16:28:00,CNC-03,H,298.6838641864554,313.88560287688813,1934.918059186916,41.29169478335247,174.60901662797835,2.929923573545407,14.646026483505542,56.26059641575423,0,2026-10-04 23:42:43
2026-10-04 05:34:00,CNC-01,L,296.1846180269671,309.8056419918409,2267.5016596336113,31.12599424125887,25.868578097838142,2.833863452825005,13.14237332384033,58.49932194957436,0,2026-10-04 23:42:43
2026-10-04 10:24:00,CNC-03,H,22.40933607305061,36.770271343766694,1518.096695657154,47.271701879031994,128.53459147690148,2.4246523322752362,13.502498029583693,59.094078116326166,0,2026-10-04 23:42:43
2026-10-04 00:53:00,CNC-01,L,298.3407825566489,310.75632960533443,2719.236672402494,16.787392532902924,121.87407072824534,3.453453343633448,8.721027430426863,52.021241485307065,0,2026-10-04 23:42:43
2026-10-04 23:07:00,CNC-01,L,298.97964275581273,312.08404208706236,2708.2971787329766,18.50389280284766,183.43242131984215,3.7188735316544914,9.4027407953227,52.70140753545195,0,2026-10-04 23:42:43
2026-10-04 16:03:00,CNC-03,H,298.56002936865156,312.9434331603744,1700.0660066473415,42.02290485561485,138.46581261771794,2.5597682745578583,13.116006283942498,55.547208437403775,0,2026-10-04 23:42:43
2026-10-04 10:56:00,CNC-03,H,23.05842867118281,37.46479626843586,1298.7678822445505,51.57899053494326,179.2525005231123,2.2065031780132265,12.46066346058527,60.745379054059754,0,2026-10-04 23:42:43
2026-10-04 13:04:00,CNC-01,L,296.8128051325385,310.7064320883584,1361.5361817476496,51.324493097873784,42.64856791134174,2.1098050310585195,12.882421105241718,55.99340406518222,0,2026-10-04 23:42:43
2026-10-04 13:00:00,CNC-02,M,298.3953129876522,312.53900118532033,1425.5894359718015,48.91258035269962,6.363447138381314,2.155304023259378,13.318334990274113,53.99068946491728,0,2026-10-04 23:42:43
2026-10-04 16:15:00,CNC-02,M,299.2860490171423,313.8353160857641,1850.4069398145975,41.205178839127264,90.6174628930964,2.4897025663424768,14.3597901475376,52.0106520475598,0,2026-10-04 23:42:43
2026-10-04 01:53:00,CNC-03,H,297.96664289788777,310.9367461013397,2648.0029162150677,19.37197051817096,185.54945524073113,3.5330724296403675,9.390584384163258,52.60907837527379,0,2026-10-04 23:42:43
2026-10-03 23:50:00,CNC-01,L,298.87354773896374,310.0981380249019,2721.3205426389763,12.384355435849539,55.10017194283179,3.265982786392109,6.303990553850993,56.543095097537694,0,2026-10-04 23:42:43
2026-10-04 18:05:00,CNC-01,L,299.8283522226176,313.07861999669154,2098.481686404296,28.698474643874953,68.86549473402076,2.670586663004692,11.57247008138993,52.19806913655343,0,2026-10-04 23:42:43
2026-10-04 10:27:00,CNC-01,L,22.831391822586625,36.19633888276604,1349.9409757410842,47.52531326028201,32.980037171997026,2.0301122151783053,12.084032610572342,58.49476326655177,0,2026-10-04 23:42:43
2026-10-04 01:59:00,CNC-03,H,297.755226843154,311.0983515772662,2667.4740632677003,19.842270275857132,192.13447640793618,3.6151782837638238,9.888109620727848,56.64092825650714,0,2026-10-04 23:42:43
2026-10-04 13:12:00,CNC-01,L,297.2545987576517,311.4342749293169,1389.0927410867016,52.49515828921689,55.388756026738555,2.038866917012062,13.60940256008065,57.88081070080137,0,2026-10-04 23:42:43
2026-10-04 09:36:29,CNC-03,H,295.4055979358906,309.4274650792867,1643.89431010201,44.20927056820882,52.18130796670991,2.2050684963675695,13.31848618726787,63.890952611723144,0,2026-10-04 23:42:43
2026-10-04 13:22:00,CNC-03,H,,311.9020145342709,1307.0237461120464,53.700346475345356,167.83815029705454,2.299589794389474,13.042467856455673,56.74427878177433,0,2026-10-04 23:42:43
2026-10-04 11:46:00,CNC-03,H,296.7527559392322,310.6250467692175,1424.614251929136,51.14488383504051,15.777296794879975,2.1175386629294324,13.690879776703495,55.87624830896949,0,2026-10-04 23:42:43
2026-10-04 02:12:00,CNC-02,M,298.2675134398219,312.10924765365735,2506.6939457591534,25.596102577415316,177.8388703796277,34.440059387384586,12.007231167640862,56.019692939949024,0,2026-10-04 23:42:43
2026-10-04 21:23:00,CNC-02,M,300.3718614983223,312.08258865556786,2648.264359200661,14.871144502410974,9.077652791607234,3.272093230250194,7.402905719105115,50.21556656303437,0,2026-10-04 23:42:43
2026-10-04 01:29:00,CNC-01,L,298.1364251086087,310.35853132027194,2662.461728418213,15.929064003898517,160.31237344968517,3.6689850241683732,8.01531359557477,57.94051979838956,0,2026-10-04 23:42:43
2026-10-04 16:02:00,CNC-02,M,299.5446602339585,313.74299578534436,1726.3670126499787,41.73065993215627,71.77115691408574,2.3891351922443076,13.342352871922754,54.75487962917733,0,2026-10-04 23:42:43
2026-10-04 16:00:00,CNC-03,H,298.7022786020066,313.1181528686186,1722.327717663884,42.12230323216633,134.10393193325825,2.521023340559179,13.448710020883528,56.97158510601495,0,2026-10-04 23:42:43
2026-10-04 17:02:00,CNC-02,M,,314.9619436182608,1939.225534131849,40.601704455971465,157.6789427515616,2.817076591650326,14.894993169701705,56.40473846385015,0,2026-10-04 23:42:43
2026-10-04 08:12:00,CNC-03,H,22.385006803163378,37.44447779611414,1569.4712060082236,49.45754416552109,194.9170023708244,26.084858117258893,14.349981974185566,58.972052696815744,0,2026-10-04 23:42:43
2026-10-04 06:23:00,CNC-03,H,295.6528501621725,309.25075225749,2018.8515272513198,34.08967978739257,40.26730025032745,2.583737081062203,12.946155992311379,58.460838045673306,0,2026-10-04 23:42:43
2026-10-04 23:15:00,CNC-02,M,299.72724138729365,313.0432609269941,2723.531059330998,19.86004413038808,130.517082175088,3.488612124032247,10.071912450008824,47.34578975028964,0,2026-10-04 23:42:43
2026-10-04 10:55:00,CNC-01,L,23.08864198462203,37.32215630891318,1390.9806821980367,52.55773947215449,77.3222759516745,2.0493750541875446,13.525283055486263,56.33585846443098,0,2026-10-04 23:42:43
2026-10-04 03:49:00,CNC-03,H,,310.0230706140171,2243.9128791112435,26.187264444545786,96.8640488002467,2.6700358175740795,11.192538031031463,57.27459144652089,0,2026-10-04 23:42:43
2026-10-04 02:04:00,CNC-02,M,297.9295304720613,310.70041682789065,2523.861689868472,19.02184001843873,,3.401721908981617,9.055844019985742,57.79132849842646,0,2026-10-04 23:42:43
2026-10-04 16:41:00,CNC-02,M,299.7086340146972,314.898767838886,1874.87090263536,42.388644688181415,128.0728245194893,2.6523455173741355,14.564069451544121,54.01543466303246,0,2026-10-04 23:42:43
2026-10-04 05:08:00,CNC-01,L,296.2184227462659,310.44989564360026,2460.182953094264,26.019607813936123,221.5558745056135,4.130983892766478,11.885342324151186,61.22124369732089,0,2026-10-04 23:42:43
2026-10-04 03:32:00,CNC-03,H,296.9493034373625,310.852467072381,2310.1096909927724,29.503178625287024,76.63671050863077,2.8516772811086337,12.952280718365518,52.22741956584017,0,2026-10-04 23:42:43
2026-10-04 02:43:00,CNC-03,H,297.7168259654947,309.88133768559396,2402.7946777092616,19.59584415675403,20.19606843893264,2.951848227610492,9.086827802663912,57.51053791949937,0,2026-10-04 23:42:43
2026-10-04 05:31:00,CNC-01,L,295.9461043951543,309.01008348736224,2083.3367675251357,29.347900731047147,21.97770205918318,2.664891047880084,11.39818922553031,56.37987916738161,0,2026-10-04 23:42:43
2026-10-04 01:32:00,CNC-02,M,298.1927607209314,310.9395762524817,2676.5434957432853,17.624928559918285,134.12783891830682,3.4969277570052344,8.782056755095125,56.6490049216338,0,2026-10-04 23:42:43
2026-10-04 07:43:00,CNC-03,H,22.61844078979692,37.266215631517355,1725.6326626725593,42.63372473856257,152.58984995536193,2.5330639215402257,13.825112295582633,63.08904565081243,0,2026-10-04 23:42:43
2026-10-04 20:11:00,CNC-03,H,298.9995861671687,311.97186746048993,2378.960502106031,24.46149325475846,4.712296761993053,2.9831839871046646,10.939341369653269,54.39023457376752,0,2026-10-04 23:42:43
2026-10-04 19:55:00,CNC-02,M,300.2111770823573,314.19060972620747,2336.77719598892,25.179443970334795,147.37766229100143,3.155515562860736,10.973405124481905,51.98621209535017,0,2026-10-04 23:42:43
2026-10-04 07:22:00,CNC-02,M,296.7834691010117,310.93418167458276,1789.061887820403,40.104008364289676,105.33608983621988,2.411543935579533,13.43924902301534,58.09415425561069,0,2026-10-04 23:42:43
2026-10-04 15:49:00,CNC-03,H,298.6322316322373,313.0501360410975,1643.2588784286604,45.61133820814316,117.78830666684698,2.472264534317732,14.086928129533012,50.20261610992206,0,2026-10-04 23:42:43
2026-10-04 15:33:00,CNC-01,L,298.4590787115847,313.0995864260119,1587.4317424841483,48.184485114229616,72.64006221960119,22.177665569448745,14.270840551934814,52.4007187645039,0,2026-10-04 23:42:43
2026-10-04 11:56:00,CNC-03,H,296.7077168818673,310.2966781329021,1367.69914827081,50.21256866190494,31.68201477409909,2.0066910679575574,12.883477634920748,55.572667348510876,0,2026-10-04 23:42:43
2026-10-04 09:38:00,CNC-03,H,295.2721478499483,309.3134232559396,1482.7166726563426,45.76400427897231,56.831305976443254,2.1043424789605574,12.716118143056768,57.37912979367523,0,2026-10-04 23:42:43
2026-10-04 02:21:00,CNC-02,M,298.0961304032667,311.1331827213575,2647.114066201204,19.374578959298088,187.7041245876733,3.704297328402705,9.481468864435564,54.4999917888077,0,2026-10-04 23:42:43
2026-10-04 12:51:00,CNC-01,L,296.85574881453744,310.9851977417544,1495.4111357693985,47.65154976533824,22.15660513754828,2.095110796810167,13.484346112136967,59.997279131835676,0,2026-10-04 23:42:43
2026-10-04 10:05:00,CNC-02,M,297.13415537394434,311.5777179734326,1318.1960441822941,52.297837964235015,145.4596957563447,2.173646564902754,13.114141390102917,56.83535218024309,0,2026-10-04 23:42:43
2026-10-04 10:45:00,CNC-01,L,22.982896533510313,36.98142988447978,1348.691925261026,52.649095492269815,61.3917099158386,2.022634986954817,13.059054134974435,60.801114617079264,0,2026-10-04 23:42:43
2026-10-04 23:20:00,CNC-01,L,298.76155635182,311.15330137629246,2584.715559521513,19.322057799855152,1.099764256760248,3.129857885558261,9.242296239437723,52.62845788664596,0,2026-10-04 23:42:43
2026-10-04 19:45:00,CNC-01,L,299.51790818320984,313.26033597862113,2435.36380352759,23.345979237151944,195.7379390939527,3.718523928274372,10.384175948620145,51.70159654317484,0,2026-10-04 23:42:43
2026-10-04 13:09:00,CNC-01,L,297.0198531057086,311.0392781926105,1438.6575472371499,49.17145829845309,752.204965054695,2.0825281145539614,13.18917764327154,,0,2026-10-04 23:42:43
2026-10-04 17:00:00,CNC-01,L,298.9045898625765,313.60257149116507,1875.8520773168054,38.304019856341135,198.62704463684705,3.35547072097757,13.75550693304446,52.71174426578419,0,2026-10-04 23:42:43
2026-10-04 05:57:00,CNC-02,M,296.64765582786214,311.28415051180735,1932.706151756585,34.841678122168254,206.1022413227374,3.1874991851415504,12.427335626584352,58.88081310500722,0,2026-10-04 23:42:43
2026-10-04 05:24:00,CNC-01,L,296.23739954164336,309.129457994695,2116.9551135885163,28.100107434909805,12.880697241235959,2.7949323931957735,11.061454398768568,51.93482670357222,0,2026-10-04 23:42:43
2026-10-04 10:56:00,CNC-02,M,24.224005691324237,38.301271243782935,1375.184133605469,50.860956823514876,17.3167506018802,2.0401894094657345,13.136889078281555,54.70550016697659,0,2026-10-04 23:42:43
2026-10-04 20:52:00,CNC-01,L,299.4097548519626,312.0984921261602,2506.226398830282,21.58767450852937,34.797996818405835,3.1112757838024843,10.0853542599645,52.97851827456652,0,2026-10-04 23:42:43
2026-10-04 01:47:00,CNC-01,L,298.15903296432276,311.79671312854686,2595.1844557622157,22.320984811550083,180.02135877471537,3.734104655029804,10.729592133973043,51.895723605067154,0,2026-10-04 23:42:43
2026-10-04 15:18:00,CNC-03,H,303.66170480800207,311.989775465849,1655.1128453959377,44.50951196855622,71.6524340261366,2.2293256499334007,13.700220913877905,43.455075143602365,0,2026-10-04 23:42:43
2026-10-04 12:45:00,CNC-03,H,297.0679673216294,311.57451499880494,1423.9509405625627,52.392198033153825,109.21373559046113,0.0,14.052371969601362,60.66321772787663,0,2026-10-04 23:42:43
2026-10-04 10:35:00,CNC-01,L,22.96945640460092,36.880961948018694,1374.9888716643934,50.157196804170816,45.648477136642114,2.140781104728566,12.674812404260202,59.25653978377683,0,2026-10-04 23:42:43
2026-10-04 07:53:00,CNC-02,M,23.377064627218374,37.78692845966373,1789.7702966335837,40.60379816279233,149.98890192842634,2.6430818501593563,13.48734556331285,61.8711407395048,0,2026-10-04 23:42:43
2026-10-04 12:22:00,CNC-01,L,296.8253156744666,311.72008158231205,1369.5881470915222,54.41794135272539,215.36866149355677,3.0705629822242124,13.936582027164267,57.311510645853836,1,2026-10-04 23:42:43
2026-10-04 06:38:00,CNC-02,M,296.7682665229448,310.9589493820213,1841.7911396519535,39.34655948873025,43.66721366905952,2.3771654270159646,13.561511438218686,55.179215434893976,0,2026-10-04 23:42:43
2026-10-04 13:31:00,CNC-02,M,298.41462410228473,312.6411873723968,1416.6509978121244,51.99752717449193,55.31291866977145,2.0797853482898834,13.764075456596325,51.89779395643782,0,2026-10-04 23:42:43
2026-10-04 20:56:00,CNC-03,H,298.875016925385,311.2682972560735,2501.387427922305,19.656301400927436,56.470752020258786,3.1258812810884,9.090554583588037,53.5816805658435,0,2026-10-04 23:42:43
2026-10-04 13:53:00,CNC-01,L,302.9226501195989,311.2846502977457,1448.2951255913108,50.10233575983924,119.68976492963914,2.3284690572086966,13.370155846613937,44.33520456889435,0,2026-10-04 23:42:43
2026-10-04 00:56:00,CNC-01,L,298.50866692688726,310.94411470674027,2768.6550194245697,17.005352501940756,,3.50440964596699,8.732735022281075,54.016870498557026,0,2026-10-04 23:42:43
2026-10-04 22:35:00,CNC-01,L,298.8985180304842,311.6139270159843,2751.1064718807493,17.586187059166292,148.7762941094332,3.7190539393222095,9.149404960758636,55.69092131439603,0,2026-10-04 23:42:43
2026-10-04 07:17:00,CNC-02,M,296.5134210096497,310.6342563958247,1839.3391984584398,37.207190794224424,98.1394565421979,2.5528816444810265,12.834848584845298,56.53629505639855,0,2026-10-04 23:42:43
2026-10-04 09:41:00,CNC-03,H,295.66312191191236,309.62868688501845,1372.1870612209946,51.64177744268727,61.520013491496464,2.1149308262626887,13.557914473201926,60.19293029355383,0,2026-10-04 23:42:43
2026-10-04 01:56:00,CNC-03,H,297.92954596167965,310.84015803580115,2853.365965260072,17.196819705841936,188.81900834652296,3.7640579976635835,9.141737853609882,55.521632286539,0,2026-10-04 23:42:43
2026-10-03 23:58:00,CNC-01,L,298.53531856135965,309.9882556287288,2607.137776765979,13.17384505633557,63.51517325887359,3.1066640310423614,6.418199592989801,55.19620238533306,0,2026-10-04 23:42:43
2026-10-04 12:35:00,CNC-01,L,296.8009862724556,312.47855443998253,1405.2988634225826,55.83163562891497,235.956322274327,3.446087033062898,14.529075778453548,57.92864634442308,1,2026-10-04 23:42:43
2026-10-04 06:26:00,CNC-02,M,296.78356684673093,310.832864304786,1792.5797681469473,39.70822394120116,27.08336510574676,2.2806005004454666,13.337092014708858,55.715243999020586,0,2026-10-04 23:42:43
2026-10-04 07:59:00,CNC-01,L,22.321879425190843,36.02525773934565,1654.4056024063918,41.65334510002907,7.259891416891481,2.4241027561298902,12.870565268504055,59.56533069638787,0,2026-10-04 23:42:43
2026-10-04 22:33:00,CNC-01,L,299.2066726557679,312.2048659093848,2688.8702674842984,20.1293533906584,146.6806779047448,3.4990550772378617,10.308717989728526,55.23972301315479,0,2026-10-04 23:42:43
2026-10-04 04:42:00,CNC-02,M,297.16230853481284,310.9369963656861,2320.6571417218147,26.581340297944234,109.5909356501869,3.0284924590903075,11.545611830206795,56.760960575093044,0,2026-10-04 23:42:43
2026-10-04 16:41:00,CNC-01,L,299.13859827869175,314.2401109103063,1793.3618279655682,43.73873393638182,171.77921739611273,,14.40035893800209,53.474261580744134,0,2026-10-04 23:42:43
2026-10-04 13:03:00,CNC-03,H,297.1314330885218,311.344006708951,1351.4512470391687,51.563183766277874,137.72892610091046,2.254885457859184,13.236300723591606,59.55081619647409,0,2026-10-04 23:42:43
2026-10-04 03:03:16,CNC-01,L,296.664277221557,309.2574955799618,2487.6537376408783,20.92883010617474,71.24723296574395,3.0821282679579416,9.916171897808315,54.96584894037907,0,2026-10-04 23:42:43
2026-10-04 04:36:00,CNC-03,H,296.6046237271663,310.39945879047644,2445.2922798762997,26.838191570092388,153.8711671683479,3.2110053095657243,12.511262274457808,60.797848757659935,0,2026-10-04 23:42:43
2026-10-04 16:01:00,CNC-02,M,299.1978145929012,313.7209756246596,1615.0742572186593,46.301225064554444,70.31886283223632,2.301342541743526,13.719013034480906,54.816713481344074,0,2026-10-04 23:42:43
2026-10-04 05:05:00,CNC-03,H,295.9975176588417,310.2387287205547,2230.578825289643,30.419834283795065,190.20333402645656,3.18765239988007,12.601966039508515,64.53774022172864,0,2026-10-04 23:42:43
2026-10-04 18:46:00,CNC-02,M,300.5037254365037,314.57904348968265,2105.61311468456,32.50281589184099,62.345583929506425,2.753491547147624,12.809580912153764,48.07070981523387,0,2026-10-04 23:42:43
2026-10-04 15:32:00,CNC-03,H,298.11934641218517,312.90814139654424,1802.3209740400184,44.61154944138654,92.48521541135352,2.4623810367118093,14.984677862057213,51.05423947254934,0,2026-10-04 23:42:43
2026-10-04 14:20:00,CNC-02,M,303.7286757235904,312.82825045748854,1615.9356975129658,49.309202162706846,131.8754192865412,2.3973629977513427,14.954763040958762,45.86074078391854,0,2026-10-04 23:42:43
2026-10-04 11:50:00,CNC-03,H,296.505459599243,309.8284111395828,1327.3037040142858,48.19606478160366,22.094212941050333,1.9809215701655747,11.761708024516297,55.71280162436479,0,2026-10-04 23:42:43
2026-10-04 01:20:00,CNC-02,M,298.1829725765231,309.91694494494243,0.0,14.203183899201015,121.30086541242088,3.418503726733111,7.083314850644444,52.09129531466125,0,2026-10-04 23:42:43
2026-10-04 11:58:00,CNC-03,H,296.92056149147567,310.67726528393786,1337.2723964147472,51.100016366509884,34.86873583350857,2.036539812666134,12.85589744643785,58.754871633915265,0,2026-10-04 23:42:43
2026-10-04 06:33:00,CNC-01,L,295.8355495906163,310.2586542630029,1861.7818257881192,40.35915918851042,104.3145439703014,2.5919857828788953,14.022766849468505,60.29318657365257,0,2026-10-04 23:42:43
2026-10-04 00:10:21,CNC-02,M,298.81976408103185,310.20967876823323,2654.7183671379903,14.085812614085192,45.6484566702711,3.186393867150856,7.06698754241387,57.49895936679023,0,2026-10-04 23:42:43
2026-10-04 17:04:00,CNC-01,L,299.18905817403424,314.46525716653093,1802.416002369258,43.76971841408319,204.27376411967364,3.26606732202018,,45.81405391019857,0,2026-10-04 23:42:43
2026-10-04 06:50:00,CNC-01,L,295.7562248127737,310.29574992468446,1935.8426184366967,38.37588411646332,127.62532110738658,2.7044001166272857,13.768713917785986,62.5279885810515,0,2026-10-04 23:42:43
2026-10-04 21:43:00,CNC-01,L,298.9944982001905,311.416367959144,2581.5096987395273,19.50095471040929,92.14031146430592,3.247845083694772,9.497337764524225,53.59258389788594,0,2026-10-04 23:42:43
2026-10-04 02:59:00,CNC-03,H,297.39147846146557,309.5436952608617,2472.4244139912566,19.442048519895057,38.32483155039402,3.0448091346445665,9.125084619115825,54.39496110925017,0,2026-10-04 23:42:43
2026-10-04 23:18:00,CNC-01,L,299.0900440897218,311.15514616316136,2550.5675388750874,15.199521015348642,195.02257772288073,3.813461268245931,7.1383312694027765,53.73288764885235,0,2026-10-04 23:42:43
2026-10-04 15:43:00,CNC-01,L,298.7021722038177,313.07006064457653,1635.1025201212522,44.831353365486706,87.48673699829621,2.3493982333419603,13.667636003581048,51.002906126728995,0,2026-10-04 23:42:43
2026-10-04 11:32:00,CNC-03,H,296.5050522284485,311.6732479858635,1392.2922297809946,53.88705921881388,236.40243467822137,2.8494703612996584,14.202177297366035,57.241389446718195,0,2026-10-04 23:42:43
2026-10-04 05:52:00,CNC-02,M,296.7590587186682,311.52512682406393,2124.902754967411,31.821618186059727,199.47382524365383,3.3647669159653937,12.623064567580517,55.28077746382198,0,2026-10-04 23:42:43
2026-10-04 01:41:20,CNC-03,H,298.24458736296265,310.60438599811783,2584.636255047822,17.271217021623073,171.44755159869374,3.4739699387973118,8.509697783665656,47.77497205805376,0,2026-10-04 23:42:43
2026-10-04 16:50:00,CNC-02,M,299.90623377742185,314.5052086641207,1960.7436648940024,36.11606679639686,140.75797377272494,2.7408833927133145,13.31636565116126,54.98915109437839,0,2026-10-04 23:42:43
2026-10-04 02:53:00,CNC-01,L,296.9528539578168,309.57480026361344,2576.822483210896,18.987342727501687,59.83465105649547,3.062531754592815,9.207395843377444,0.0,0,2026-10-04 23:42:43
2026-10-04 20:55:00,CNC-01,L,299.28847703293457,311.1970020873424,2702.1082013101277,15.789941550158076,38.170575462144434,3.1318571491985407,7.9023023332981985,55.12535556157349,0,2026-10-04 23:42:43
2026-10-04 13:51:00,CNC-01,L,297.27806970453844,311.1307799787128,1325.5639083216229,50.38071444786282,116.56759569985842,2.1229400429905816,12.470989178598373,53.904212284593186,0,2026-10-04 23:42:43
2026-10-04 05:53:00,CNC-03,H,295.689131707304,308.5567316112204,2021.1245649405193,28.69259438251028,0.0,2.5794167283427343,10.61281649514762,55.347481149023054,0,2026-10-04 23:42:43
2026-10-04 17:26:00,CNC-01,L,299.26433699812543,312.624855932929,1987.68135913572,32.17660825971243,16.300510194526897,2.565999835812364,11.878118974737744,49.49318278999486,0,2026-10-04 23:42:43
2026-10-04 05:46:00,CNC-01,L,296.05579950037395,309.4460056358229,2046.6418959688842,31.281261946353816,41.402697881176806,2.5304745537647055,12.086962803528682,59.8229998196147,0,2026-10-04 23:42:43
2026-10-04 02:54:00,CNC-03,H,297.3192691143102,309.3600824856919,2447.8654173897785,19.14004713044175,32.61735094261302,2.949660911200877,8.910481234808358,57.68132424355524,0,2026-10-04 23:42:43
2026-10-04 18:38:00,CNC-01,L,299.7114184082529,313.948505746197,2173.0637795047523,32.262579949644795,111.8181822809935,2.8540470837133896,13.130196044847311,58.499741982384485,0,2026-10-04 23:42:43
2026-10-04 16:05:00,CNC-03,H,298.7211145181322,313.32777447947353,1683.1582049455621,43.99134705568296,141.31969754104395,2.4885283659805237,13.922994722431694,53.483897805875486,0,2026-10-04 23:42:43
2026-10-04 19:13:00,CNC-01,L,299.6831892928905,313.5243487720304,2302.162397522943,26.922258222252935,156.17856553430195,3.2268183880746544,11.456858544472427,51.66899946246697,0,2026-10-04 23:42:43
2026-10-04 10:48:46,CNC-01,L,23.072406747273874,37.14923591600996,1328.754909800178,54.51636704783355,66.18697576823467,1.9505057926498353,13.472784776040978,56.18195907536089,0,2026-10-04 23:42:43
2026-10-04 15:18:00,CNC-01,L,298.3297323241703,312.30115814417957,1505.6370684465865,46.7991661288105,50.252762682475385,2.225140873608346,13.19734451020777,55.750344329723546,0,2026-10-04 23:42:43
2026-10-04 22:29:00,CNC-02,M,300.0821837042064,313.56528774884,2484.7570485812917,22.364336842533692,81.53354631620215,30.747729217856616,10.339988839426042,54.525874293407234,0,2026-10-04 23:42:43
2026-10-04 18:58:00,CNC-03,H,299.18777099377496,312.9183927790238,2331.6381994007147,26.60762633136186,151.30449896513366,3.0973988771925556,11.54352590352049,50.15603853109894,0,2026-10-04 23:42:43
2026-10-04 20:23:00,CNC-03,H,298.7691222976773,311.8028967739359,2257.258223869288,25.381499780922773,18.717894584809773,2.8820609036282727,10.73040974783671,53.49466565987815,0,2026-10-04 23:42:43
2026-10-04 03:45:00,CNC-02,M,297.15335302017445,310.1761045631678,2345.423005982026,24.11507525714814,40.64741268272887,2.9138042465631457,10.740528306736408,56.63823994952421,0,2026-10-04 23:42:43
2026-10-04 15:58:00,CNC-03,H,298.752923968821,313.409243072834,1661.2418649677136,45.717851465493425,131.1564436060037,2.5857519696171694,14.188843279491916,53.21130348498407,0,2026-10-04 23:42:43
2026-10-04 06:55:37,CNC-03,H,295.50545702923125,309.64651458328234,1812.335213835949,38.469594741854436,85.77746240024369,2.501997680813589,13.149129785075578,61.46501814481516,0,2026-10-04 23:42:43
2026-10-04 15:38:00,CNC-02,M,299.4545614986083,5996.919876299566,1498.3086853264458,45.39252488816365,36.16223232125584,2.0806695976517546,12.726787420466298,53.37968260740597,0,2026-10-04 23:42:43
2026-10-04 16:37:00,CNC-03,H,298.52540579704873,0.0,1992.1171588109764,36.39522553091542,187.38363013878174,2.975035586429443,13.673848404459823,55.26581472798524,0,2026-10-04 23:42:43
2026-10-04 11:46:00,CNC-02,M,297.5978050627461,311.6628104792885,1371.1243008775227,50.36309248453779,96.43898454389516,2.1375605318548834,12.685822533169395,56.29101517941763,0,2026-10-04 23:42:43
2026-10-04 08:14:00,CNC-03,H,22.35797394709124,37.01059001021338,1600.8777018859525,46.49621487730538,197.85644830774757,2.7743454236925085,14.048976915110146,60.217781619425175,0,2026-10-04 23:42:43
2026-10-04 15:42:00,CNC-02,M,299.466894401557,313.67180914999295,1519.3036630877104,45.40737220118592,42.122219613718606,2.2072472989070424,12.771735082234935,49.45858459927502,0,2026-10-04 23:42:43
2026-10-04 05:25:00,CNC-03,H,296.0181322509007,310.37828729496715,2192.220655321024,30.365656935620407,215.74381734315494,3.5156221773287797,12.420201441731903,53.43796337011189,0,2026-10-04 23:42:43
2026-10-04 11:38:00,CNC-01,L,296.30556504350966,310.947362014446,1359.6644628853321,54.950980525689104,145.51112724128765,2.363010845135176,14.092424446463665,59.994783416692215,0,2026-10-04 23:42:43
2026-10-04 01:23:00,CNC-02,M,298.2932100499135,311.31854912030207,2557.533475398307,20.794026378367207,124.59607692385495,3.213781275209747,9.938504464157942,49.77140147014362,0,2026-10-04 23:42:43
2026-10-04 10:19:00,CNC-02,M,296.9079225193112,311.90993485280507,1433.7133250099034,52.20284319270493,167.45790127241085,2.443298198062573,14.198967364317452,57.58043401221602,0,2026-10-04 23:42:43
2026-10-04 04:43:00,CNC-01,L,296.10150191521035,310.55161153821786,2295.686878791167,30.31024676916418,190.12054291666252,3.576073678134857,12.730465762198902,59.409365774129725,0,2026-10-04 23:42:43
2026-10-04 15:34:00,CNC-01,L,298.7141593181009,312.7091077793921,1667.811584450564,40.98737117262044,74.12572810501298,2.2895685866118893,12.76231761393235,51.904625477101085,0,2026-10-04 23:42:43
2026-10-04 01:21:00,CNC-01,L,298.6250557983252,310.4065556307827,2794.8343391201583,13.687506444507337,151.67063435970238,3.6640329859840066,7.283578153939136,52.297910116694034,0,2026-10-04 23:42:43
2026-10-04 13:36:00,CNC-01,L,297.0786464705944,310.36312857820474,1506.6436588531444,39.188932978541274,93.0478077403625,2.2813028483688873,11.012363125688248,57.88061347991847,0,2026-10-04 23:42:43
2026-10-04 07:56:00,CNC-02,M,23.50739136005234,37.86786520656074,1536.616131529903,43.81837674190989,154.46919483446817,2.477180132841383,12.626581067384665,58.48248585099283,0,2026-10-04 23:42:43
2026-10-04 02:24:40,CNC-01,L,297.3566899669162,309.2793961824741,2552.634321406805,17.2324847172181,29.632245415529386,3.001375179106397,8.00692968370066,58.19038053432945,0,2026-10-04 23:42:43
2026-10-04 02:11:00,CNC-02,M,298.13055621340516,311.5304851583671,2690.041691224329,21.17082408617558,176.69130966085504,36.586630158015296,10.841972543121368,52.59518917597521,0,2026-10-04 23:42:43
2026-10-04 16:22:00,CNC-03,H,298.64241939604307,313.5474653890553,1789.2168979020996,43.210783489993474,165.9240915923138,2.7190692117240505,14.315308415270337,50.35813020978916,0,2026-10-04 23:42:43
2026-10-04 09:09:00,CNC-02,M,296.6118033927213,310.88994634078796,1564.114500534226,46.08482809269589,58.77152897944118,2.239319594102053,13.270960240758864,55.38758500010288,0,2026-10-04 23:42:43
2026-10-04 05:02:00,CNC-02,M,296.7999219558639,311.20733234104773,2214.989731887849,32.028488325942874,134.76780076081536,3.0223687810818918,13.431068969422386,57.35006090571975,0,2026-10-04 23:42:43
2026-10-04 15:54:00,CNC-02,M,299.476779075668,313.77148698699614,1534.1720123857679,45.887917223131204,59.96693670396314,20.414038304381254,13.332335030176221,50.343458762171025,0,2026-10-04 23:42:43
2026-10-04 18:32:00,CNC-02,M,300.15302828167887,313.54362659611235,2314.6601669518723,25.232370687105746,44.458319453367416,2.778107083969281,11.124883125518197,46.92693832005849,0,2026-10-04 23:42:43
2026-10-04 02:20:00,CNC-01,L,297.37616593663506,308.99160011797585,2634.054744786803,15.316987103813402,23.156539604106708,3.1903426378594104,7.549273016801575,56.402747541887656,0,2026-10-04 23:42:43
2026-10-04 19:42:00,CNC-03,H,298.9040516181098,,2369.8890789607617,29.9913173369857,205.68724118453298,3.4495800096071227,13.30454693274662,56.351477228943494,0,2026-10-04 23:42:43
2026-10-04 00:03:00,CNC-02,M,298.75637433284743,310.0965375695255,2687.994814523169,13.357101992218585,39.25237016063363,3.297401469482755,6.71918155866552,56.188566674337245,0,2026-10-04 23:42:43
2026-10-04 07:14:00,CNC-03,H,295.31227156664045,310.34870274026446,1742.716146617942,46.91129998219074,111.00496183456264,2.4692637930176757,15.499054370247832,56.88233879951127,0,2026-10-04 23:42:43
2026-10-04 14:19:00,CNC-01,L,303.2963805040027,311.7473698866691,1429.9513982626754,50.052846340421304,160.31413141416184,2.446992434421594,13.217209833308228,46.40907487016391,0,2026-10-04 23:42:43
2026-10-04 07:41:00,CNC-01,L,22.425788985891927,37.82724914661213,1782.3388881360327,45.721015433929715,199.7076425273335,3.144277967678495,15.096028301710412,56.28399952461383,0,2026-10-04 23:42:43
2026-10-04 09:43:00,CNC-03,H,295.30037659300575,309.4203047062569,1534.8867532164916,45.26619966592789,64.57876098989267,2.2473905092264146,12.89983902996805,57.42527959140922,0,2026-10-04 23:42:43
2026-10-03 23:43:00,CNC-02,M,299.2545559815244,310.80143091138666,2555.601472042418,15.368176719773402,17.88877608448314,2.9611356396982313,7.054864254586378,56.28485862515368,0,2026-10-04 23:42:43
2026-10-04 22:39:00,CNC-03,H,298.365294983037,310.5663472440405,2787.4278459692196,15.41612873446488,170.07617394675725,3.650548915298261,8.189937531840371,52.85944347913642,0,2026-10-04 23:42:43
2026-10-04 19:47:00,CNC-03,H,298.9186989661443,313.0957530225949,2337.9199331076875,27.194746881316902,211.78714891376495,3.5842001798669796,11.746417372012557,52.2782685365875,0,2026-10-04 23:42:43
2026-10-04 04:37:00,CNC-03,H,296.7283030344525,311.02073039238195,2183.9447040953323,32.61256397680383,155.11367459122195,,13.331266184532941,58.044320433635114,0,2026-10-04 23:42:43
2026-10-04 16:27:00,CNC-01,L,299.1634165734063,314.1232551105523,1960.1788717656452,40.93049490566717,151.92132749161203,2.854637645842007,14.910638102135552,54.018687780012904,0,2026-10-04 23:42:43
2026-10-04 04:55:00,CNC-01,L,296.23246090686047,311.3005943717831,2294.192859280067,32.83344379593837,205.0133493974884,3.6057964418063824,14.207116960369145,58.15424871440305,0,2026-10-04 23:42:43
2026-10-04 15:35:00,CNC-01,L,298.32391869967256,312.58609999353416,1453.5037865957715,50.03512779127385,75.68830916446356,2.1481318516313284,13.512384729659635,53.93807832356111,0,2026-10-04 23:42:43
2026-10-04 04:01:00,CNC-01,L,296.5072192445883,309.2111221245149,2476.635943916968,19.432362518283956,138.78718253853052,3.2966802937345783,8.96220857190852,56.84067105187955,0,2026-10-04 23:42:43
2026-10-04 14:01:00,CNC-03,H,302.98075398921327,311.6783819847543,1394.2729797782522,50.99148219741375,229.0636892176487,2.9141270200005196,13.260057424518594,48.71097736978272,0,2026-10-04 23:42:43
2026-10-03 23:47:00,CNC-01,L,299.4370310504222,310.89711615475335,2710.474193270407,14.274462895776052,51.92044748870599,3.25109699914114,7.252647951637773,54.87095996850103,0,2026-10-04 23:42:43
2026-10-04 02:13:00,CNC-01,L,297.67613256684683,309.11580905383664,2532.601777212283,14.915513778269386,15.436477665918378,3.041414692154019,7.287195992104171,56.38715079657424,0,2026-10-04 23:42:43
2026-10-04 10:09:00,CNC-03,H,295.8034957018394,310.4675800579802,1567.3270082217712,48.44619707581739,105.11259940585606,22.290248437556134,14.105581016509955,59.46964503435519,0,2026-10-04 23:42:43
2026-10-04 19:55:00,CNC-01,L,299.6369631043539,313.3473971588973,2365.7018596327644,23.6383470187177,207.67336969178177,3.8602463131186666,10.487478702433313,47.83787178590802,0,2026-10-04 23:42:43
2026-10-04 14:52:00,CNC-03,H,303.61476743834413,311.49542572526985,1564.4569095777354,45.95573653162769,32.306713108665726,2.065396197574664,13.777219392731979,43.41559397091876,0,2026-10-04 23:42:43
2026-10-04 00:47:00,CNC-02,M,298.73674002851476,311.33955931382803,2693.8648770186214,18.304882228099416,86.11610693799379,32.338282008272124,9.255663202918605,52.57699094593057,0,2026-10-04 23:42:43
2026-10-04 11:33:00,CNC-01,L,295.92765592031395,310.18913427779233,1349.6320276465285,51.47763419713425,137.51405936749714,2.285554464420766,13.11765474624316,62.971206287017395,0,2026-10-04 23:42:43
2026-10-04 16:39:00,CNC-02,M,299.42399362473844,314.4231743106878,1806.3021901772822,42.230411352134624,125.22968059503664,2.466731755423753,14.294669991319513,55.810007442516174,0,2026-10-04 23:42:43
2026-10-04 03:18:00,CNC-03,H,297.0975639242946,,2426.808816261047,20.8565878615582,60.30335032134682,3.020793962956365,9.516405667388947,60.94102039032509,0,2026-10-04 23:42:43
2026-10-04 12:38:00,CNC-03,H,296.8251501448621,0.0,1454.115837732924,51.540253349946866,98.06897234878733,21.133165913448646,13.806543810845026,56.9879294763183,0,2026-10-04 23:42:43
2026-10-04 18:02:00,CNC-03,H,299.2592176890051,313.11434818165964,2059.19734180257,32.93475531448583,78.8608579140443,2.7159257747148424,12.533412151691701,54.539654227598916,0,2026-10-04 23:42:43
2026-10-04 05:13:00,CNC-03,H,296.1975175351296,309.9808935875464,2162.166441424554,28.78688038873554,200.32773980547347,3.215489996425534,11.688528620160255,64.2900817024797,0,2026-10-04 23:42:43
2026-10-04 04:25:00,CNC-02,M,296.8011103574804,310.2605464526358,2354.2598337676477,24.66864483596515,88.68979400346542,3.0294594512428046,10.764209807652918,55.82772472826052,0,2026-10-04 23:42:43
2026-10-04 11:19:00,CNC-03,H,23.03236407898953,37.31049427893123,1326.2306452235869,53.20138772423436,215.6657301729876,2.65404474284685,13.330868144786182,63.40576847003694,0,2026-10-04 23:42:43
2026-10-04 13:05:00,CNC-01,L,297.0415944830595,310.75001900273645,1356.1193202987897,50.416286820471775,44.248567911341745,2.033692294880137,12.784351536730773,56.1453577649559,0,2026-10-04 23:42:43
2026-10-04 05:12:00,CNC-03,H,295.94528336958047,310.79660435712873,2129.45543584475,34.15003250868783,199.0568113030872,3.2704414996952833,13.35041504926919,58.71077823788471,0,2026-10-04 23:42:43
2026-10-04 05:17:00,CNC-01,L,296.2126791191799,310.06012960963136,2138.0925759414386,33.206180930250895,3.8745692148182327,2.730146579616129,13.079266330045444,60.08372408465756,0,2026-10-04 23:42:43
2026-10-04 12:38:00,CNC-02,M,297.88529801680863,312.899651399955,1437.8932120846584,50.795239418851004,179.05600252193267,2.5551223597290917,13.547984752322357,54.945787671513585,0,2026-10-04 23:42:43
2026-10-04 18:56:00,CNC-01,L,299.75457724593025,313.6228659598654,2182.159338415003,29.382411973368153,134.89927474804006,3.0093465611266086,12.062360596789883,54.63924503011315,0,2026-10-04 23:42:43
2026-10-04 13:54:00,CNC-02,M,303.70263170844606,312.32063763948815,1569.6309329773821,46.77139107941476,91.34062311700507,2.3644058542208684,13.631126159912197,47.346536579539475,0,2026-10-04 23:42:43
2026-10-04 05:56:00,CNC-01,L,295.7536195712875,309.5987260955111,2131.839138050785,32.89636611693853,54.55099914986038,2.6887474333123,13.19926637592315,58.75049330484185,0,2026-10-04 23:42:43
2026-10-04 00:50:00,CNC-03,H,298.1995297061602,310.83279904656837,2641.708254974255,18.563833744714422,117.86591709519388,3.262861963412009,9.113299279065442,52.14505208778713,0,2026-10-04 23:42:43
2026-10-04 07:11:00,CNC-02,M,296.60449104690144,310.3537817354515,1777.1112815263625,36.49648870142981,89.6256231521533,2.463677452004358,12.160440085434889,56.940260973684516,0,2026-10-04 23:42:43
2026-10-04 01:54:00,CNC-03,H,297.7966535482524,311.83256370192277,2467.375487351795,25.562988386954952,186.7133989873775,3.415119033110466,12.131122689367395,55.340106746498236,0,2026-10-04 23:42:43
2026-10-04 16:12:00,CNC-01,L,298.8552904506722,313.1714492930816,1673.8591251437726,43.103434612318694,130.23697112026102,2.557412577237616,13.664322539506962,57.86577588972295,0,2026-10-04 23:42:43
2026-10-04 02:30:00,CNC-02,M,298.1540326375929,311.8961391659554,2586.3556304296235,22.252933797389538,197.6862638178633,36.734944835057156,10.667127818661939,54.868015311473854,0,2026-10-04 23:42:43
2026-10-04 21:28:00,CNC-01,L,298.83113664691456,310.367549489012,2579.1352335065944,15.608103363786064,75.58123449082821,3.2317237924873967,7.521074486298418,58.747480305554156,0,2026-10-04 23:42:43
2026-10-04 01:55:00,CNC-02,M,298.0931745296895,310.75904498417185,2640.1082395107164,17.554636287262724,159.10177565309084,3.5409585655806666,8.636086817694,53.461137992640076,0,2026-10-04 23:42:43
2026-10-04 19:38:00,CNC-03,H,299.09928349756467,313.1984983928999,2334.381112011778,27.328070409682123,200.85193427741763,3.4743098714559806,11.948107940420803,52.95216709436641,0,2026-10-04 23:42:43
2026-10-04 00:53:00,CNC-02,M,298.5404357779169,309.76733320528507,2786.24604974089,11.49975303371657,92.39456464809264,3.33544293771004,5.829510461814683,55.57406559665953,1,2026-10-04 23:42:43
2026-10-04 19:36:00,CNC-01,L,299.6215903370655,314.2317322330835,2363.749103044366,30.549196710571014,184.8704304122846,3.5449508638570872,13.388003900707393,52.69711954764095,0,2026-10-04 23:42:43
2026-10-04 11:40:00,CNC-03,H,296.4307485178821,310.0765820655512,1449.7017314095992,47.42552088766227,6.3333368205993406,2.1306836405110263,12.810744760065544,55.10599060546161,0,2026-10-04 23:42:43
2026-10-04 11:49:00,CNC-02,M,297.47696474751535,312.0960589481638,1376.5206304419148,53.49599687008387,101.16937064128486,2.2663038683523866,13.864350761396336,55.09966441254116,0,2026-10-04 23:42:43
2026-10-04 10:20:00,CNC-01,L,295.8289537556897,309.2195374575881,1386.1702347292598,47.57803906308226,21.893006650377487,2.121091423618228,12.271638698149347,60.73270225346026,0,2026-10-04 23:42:43
2026-10-04 03:43:00,CNC-02,M,296.7729245048781,309.7691398264975,2385.6267180108134,23.76404299350935,38.291929751737804,2.979555586558234,10.631687044449729,61.287405525150604,0,2026-10-04 23:42:43
2026-10-04 10:26:00,CNC-02,M,23.70851508297784,38.29499817158626,1328.4421411190476,51.113317169397966,178.53490916966695,2.4369754097760064,12.712122974058081,58.3904267881517,0,2026-10-04 23:42:43
2026-10-04 12:39:00,CNC-01,L,296.8722950223657,310.6068214586216,1440.97184630023,46.34971771977009,3.1521996428545087,2.1549812624648896,12.54054027598416,56.00747341147277,0,2026-10-04 23:42:43
2026-10-04 12:12:00,CNC-02,M,297.5824472628952,312.5337887632719,1477.2989978409933,49.89348225989599,137.75393814893792,2.226396928869996,13.89665524068162,55.840640767062396,0,2026-10-04 23:42:43
2026-10-04 19:15:00,CNC-03,H,298.92045754544927,313.31371716263226,2308.113314730251,30.063448026936445,172.42735644757218,3.179906670870913,12.940743136866738,52.970417868773005,0,2026-10-04 23:42:43
2026-10-04 03:39:00,CNC-03,H,296.6202872337201,309.1096844731331,2481.3790697939835,20.462038744004,84.87690649021715,30.39066195937348,9.355574804430065,59.176332712936244,0,2026-10-04 23:42:43
2026-10-04 18:49:00,CNC-03,H,299.09200937033273,313.20484032322145,2313.254613908143,28.634861264718573,140.08148406935774,3.06380802785946,12.483696226371201,55.03317291650298,0,2026-10-04 23:42:43
2026-10-04 11:31:00,CNC-03,H,296.8703878636875,311.40081647390883,1324.035190777205,51.218890358838316,234.8053320370692,2.928197405030653,13.071474837266699,54.63836314284545,0,2026-10-04 23:42:43
2026-10-04 13:52:00,CNC-01,L,297.401096514154,311.15686454238227,1406.2915632710742,46.41645773512629,118.13062251555726,2.3182584449661645,12.197693585202712,51.1220295483577,0,2026-10-04 23:42:43
2026-10-04 01:12:00,CNC-02,M,298.5957605854372,311.4889619922596,2648.4224320236126,19.28535104432706,112.66397801454893,3.334884745791711,9.622816644556934,53.050971265840985,0,2026-10-04 23:42:43
2026-10-04 15:12:00,CNC-02,M,299.01491542573734,314.3846405507886,1508.7417820804392,49.28335729186654,211.5097680694259,2.9799331105477225,13.891967564638637,52.14089523681763,0,2026-10-04 23:42:43
2026-10-04 01:20:02,CNC-02,M,298.240186029737,311.59480561775854,2676.4106701778446,21.089895126087715,122.39060740102164,3.2234635419683184,10.372880422709411,54.73785878085904,0,2026-10-04 23:42:43
2026-10-04 03:09:00,CNC-03,H,297.45136012901315,310.3114701559377,2369.411809032215,23.779229071202415,49.89541187978835,3.0003865991211085,10.588275125475501,62.10578851295654,0,2026-10-04 23:42:43
2026-10-04 21:18:00,CNC-03,H,298.91098594860597,311.024770680329,2435.6454682910344,19.309855276157627,81.13135569923298,3.0021679253692617,9.062992080138773,55.076113089631576,0,2026-10-04 23:42:43
2026-10-04 12:30:00,CNC-01,L,296.6736392525212,311.7309706189663,1415.3484525955284,53.90730456803068,228.04003162422555,3.2620610296247228,14.121395457456778,59.30119263473455,1,2026-10-04 23:42:43
2026-10-04 12:03:00,CNC-01,L,296.62109692782855,311.530308682281,1350.0321089486984,54.95586058038001,185.2246260895377,2.598168529960302,13.91468670921884,54.93038465987756,0,2026-10-04 23:42:43
2026-10-04 06:07:00,CNC-02,M,296.6718184758067,309.9037627537037,1918.1795789879686,32.646374887893074,1.346000318239118,2.460256774298129,11.623838487868657,60.060851931662455,0,2026-10-04 23:42:43
2026-10-04 11:59:00,CNC-02,M,297.5356826001068,312.02757561608325,1457.94471261058,48.99586748155259,117.01824770566785,2.287719968820973,13.517282980564762,60.01486766880371,0,2026-10-04 23:42:43
2026-10-04 03:19:00,CNC-01,L,296.8616398762905,309.8045213765376,2405.215505703054,22.834739090939216,89.45407506590382,2.986339969734222,10.47500516383345,55.80312154636734,0,2026-10-04 23:42:43
2026-10-04 15:44:00,CNC-03,H,298.5719613996105,312.9261444198528,1671.077166714211,44.08394512093717,110.3090091811369,2.435957312224704,13.90108776741624,56.46179822579892,0,2026-10-04 23:42:43
2026-10-04 22:40:00,CNC-02,M,299.9431852915498,312.46954881006087,2812.664351070317,16.525546814604105,93.30520283729847,3.273301891070428,8.82578394837592,52.41467746747947,0,2026-10-04 23:42:43
2026-10-04 01:06:25,CNC-02,M,,310.63574240882576,2668.6424235221216,15.69395927018619,107.30303019546251,33.431944740698114,7.462424745093452,54.65320755321357,0,2026-10-04 23:42:43
2026-10-04 10:42:00,CNC-01,L,23.177498604344805,37.207239277864915,1429.2990963770035,49.64599161068346,56.63874443426504,2.043320034677736,13.123054691594932,55.589602587844226,0,2026-10-04 23:42:43
2026-10-04 13:19:00,CNC-03,H,297.6072238038065,312.5815388458125,1473.1122100344974,52.07787808369278,163.05265072878305,2.5115434825174994,14.134668278582888,58.28112357592954,0,2026-10-04 23:42:43
2026-10-04 09:08:00,CNC-03,H,295.2905343248095,309.0037136877737,1525.2958103423048,46.214434474161315,10.682115646180057,2.1215659004116287,13.146558468060597,59.49657186429215,0,2026-10-04 23:42:43
2026-10-04 09:07:00,CNC-03,H,,309.9107582830004,1553.5305185140064,48.54460306324526,9.151974060124694,2.211122088519161,13.954465181101343,57.54533807132675,0,2026-10-04 23:42:43
2026-10-04 16:48:00,CNC-02,M,299.81216832341204,314.8234235151134,1789.199930224946,41.46706691265219,137.99807457761457,2.675588296747691,13.863543359252184,52.66298492506515,0,2026-10-04 23:42:43
2026-10-04 03:58:00,CNC-03,H,296.660413221121,310.42951202706433,2283.0321300254045,27.999532481950638,107.62820764225425,2.988316823050495,11.923340678574874,58.72637805518527,0,2026-10-04 23:42:43
2026-10-04 15:02:00,CNC-02,M,298.69120094580575,313.18916529618434,1497.855599280796,45.872877212512584,196.37396909243773,2.7088848256546143,12.99396844892648,50.68659703778401,0,2026-10-04 23:42:43
2026-10-04 14:24:00,CNC-02,M,303.99883004699234,312.6850142446958,1478.1682417459742,49.20410709188662,138.1563195094578,2.435114268341089,13.783102059611986,40.478083896227055,0,2026-10-04 23:42:43
2026-10-04 12:01:00,CNC-01,L,296.3941620694019,311.25316393979494,1368.8779151535039,53.6017684975354,182.03172224704926,2.7223453068250794,13.802760589047232,57.52367046775398,0,2026-10-04 23:42:43
2026-10-04 10:07:00,CNC-01,L,295.7227080333246,309.534841240321,1470.4281314524835,47.96255854074006,1.5645544241547542,2.114466741020948,13.14474048700643,,0,2026-10-04 23:42:43
2026-10-04 19:43:00,CNC-03,H,299.03339291241684,312.89574654510886,2271.8869621003096,27.235375477504064,206.87718153175678,3.43164261024589,11.337474876606935,56.71767530539675,0,2026-10-04 23:42:43
2026-10-04 16:25:00,CNC-02,M,299.129727085019,313.9396481439462,1829.609314274113,41.341580648125905,105.20469427574791,2.58413941351901,14.211727120680544,53.64582798480501,0,2026-10-04 23:42:43
2026-10-04 15:00:00,CNC-01,L,298.2054200220679,312.14476504507525,1668.7344897956739,42.52562049149039,23.027847474215847,2.348810907418607,13.389049712310426,56.86310359243496,0,2026-10-04 23:42:43
2026-10-04 03:47:00,CNC-01,L,296.7720023652887,310.1634803976505,2447.411124235826,24.373159125779264,122.30023644502373,3.172219585259644,11.324533353563314,59.502937292153185,0,2026-10-04 23:42:43
2026-10-04 17:14:00,CNC-02,M,299.7480193426207,314.80229717990744,1941.5284717964803,38.61919056377596,174.46605516429275,2.8889117291331665,13.853958384984407,52.20886993185597,0,2026-10-04 23:42:43
2026-10-04 05:37:00,CNC-01,L,295.9756135873166,309.7851996894813,2204.6895547389527,29.94594280961624,29.76108094666161,2.7153686499637932,12.366537957023898,61.46310722120619,0,2026-10-04 23:42:43
2026-10-04 10:17:00,CNC-02,M,296.90520012587837,311.9186740513913,1542.7059849494035,49.00194671859643,164.31813802050024,2.4720208099285097,14.085016124491952,60.26491389939613,0,2026-10-04 23:42:43
2026-10-04 01:16:00,CNC-01,L,298.29591147298777,310.90194747086656,2798.9761729145157,16.161412138121104,146.41077011702083,3.7174964930960925,8.958224542163729,56.66846896942395,0,2026-10-04 23:42:43
2026-10-04 06:09:00,CNC-01,L,295.83314051288886,310.0206980513636,1970.3091460704413,35.525478472518046,71.9180492229757,2.6001086645636886,12.97102630082627,59.545722910386104,0,2026-10-04 23:42:43
2026-10-04 15:08:00,CNC-03,H,303.26612994265923,311.02327304164305,1505.0821462503634,43.59790596694543,56.54344001325858,2.225247215827944,12.130643709234796,46.629260216409925,0,2026-10-04 23:42:43
2026-10-04 01:50:00,CNC-02,M,298.09444551715967,311.2973287376248,2431.2840270875513,21.56247687354976,153.70820068780617,3.32504069613014,9.796408614959864,54.39104904277706,0,2026-10-04 23:42:43
2026-10-04 12:34:00,CNC-02,M,297.8871048891568,312.7767982267454,1346.6292600249014,53.79522650301079,172.7395124629755,2.4748104589407887,13.729528685267445,,0,2026-10-04 23:42:43
2026-10-04 02:29:00,CNC-03,H,297.6895976066767,310.03294677296503,2448.2932045957896,21.647935061561892,4.431280240175237,3.0163849238113536,10.127095225386098,52.451542671220714,0,2026-10-04 23:42:43
2026-10-04 05:27:11,CNC-01,L,296.07653868477877,309.71438470480183,2080.6790550649594,33.19025752218707,18.088297724610843,2.653073664135436,13.016825466823132,59.20092862385935,0,2026-10-04 23:42:43
2026-10-04 13:47:00,CNC-02,M,298.19501292381403,312.73419842207414,1437.3670725143913,52.34571643815669,80.34058510676088,2.1696725671439263,13.866320673204855,54.74024641925125,0,2026-10-04 23:42:43
2026-10-04 15:01:00,CNC-02,M,298.8903009789533,314.08406055136237,1620.140148267839,47.09189849856765,194.8372211631223,2.902772709786246,14.374293814503387,52.038463636742264,0,2026-10-04 23:42:43
2026-10-04 07:49:00,CNC-02,M,23.45055301694771,37.705175772324935,66124.45278605311,40.14100914552926,144.19787120902373,2.4713925673860118,12.676443719817497,56.54773695615966,0,2026-10-04 23:42:43
2026-10-04 07:28:00,CNC-01,L,22.354885653075087,37.27901056586802,1875.5225737892015,40.46491211552943,180.9962690944232,2.997037299712395,14.274083955631903,57.87278228633488,0,2026-10-04 23:42:43
2026-10-04 11:11:00,CNC-02,M,23.96967834456325,38.0780024624201,1432.9452687299797,49.78452293452391,41.042594608077756,2.11834936262632,13.096096673019838,50.66934397865494,0,2026-10-04 23:42:43
2026-10-04 14:50:00,CNC-03,H,303.466435144505,,1628.8303981527338,44.882965959657135,29.277012622843582,2.2341696694917244,,46.49291792405977,0,2026-10-04 23:42:43
2026-10-04 18:30:00,CNC-01,L,9258.557600827962,313.84368398093784,2049.3568078592116,33.96515518360047,101.62793916021793,2.711040731345322,12.911955208916579,57.759167206937825,0,2026-10-04 23:42:43
2026-10-04 09:48:00,CNC-02,M,296.7105207752897,311.72358691089346,1556.1650198588552,49.70368608829664,119.07399240325171,2.250535023323543,14.399380236538807,59.50729023089857,0,2026-10-04 23:42:43
2026-10-04 15:19:00,CNC-03,H,303.5646798381968,311.3134910464645,1591.126389074239,41.21936255083094,73.15111996682508,2.1835353115690244,12.28207019316169,42.72603617683413,0,2026-10-04 23:42:43
2026-10-04 04:17:00,CNC-01,L,296.6058375406579,310.519822160594,2200.350564372577,29.981872789029225,158.0100401234484,3.199463757995408,12.29412020375991,55.28419069256515,0,2026-10-04 23:42:43
2026-10-04 02:43:00,CNC-02,M,298.03659097915744,312.3469115135143,2384.987258916029,27.492399615615067,212.23563549071105,3.6927958524667615,12.415222735894268,56.75813303884307,0,2026-10-04 23:42:43
2026-10-04 18:17:00,CNC-03,H,299.00145028396133,312.9803944000361,1954.0004097068163,35.235996799682816,98.78750162975457,2.56309553017468,12.917255001873544,53.24627347363836,0,2026-10-04 23:42:43
2026-10-04 12:25:00,CNC-02,M,297.93828311665885,312.5455436685614,1344.2430993729038,51.18039335584913,158.44843843404945,2.362243926086367,12.860335649039015,55.005407837333976,0,2026-10-04 23:42:43
2026-10-04 09:04:00,CNC-03,H,295.8294170121756,310.0447952010215,1533.9982140285242,50.067529562190366,4.555951744569148,2.018280948555475,14.331387106896935,63.76075038612099,0,2026-10-04 23:42:43
2026-10-04 00:51:00,CNC-02,M,298.4539432167283,310.80985361444135,2657.6251809066,17.064707236239233,90.31636842774442,3.2868578627856975,8.560333413495808,50.53711632487744,0,2026-10-04 23:42:43
2026-10-04 02:50:00,CNC-02,M,297.928975999957,311.41893275907313,2587.0691281324407,20.690184331508505,220.0574638182833,3.8778160682796976,10.024720453091952,58.12165068088841,0,2026-10-04 23:42:43
2026-10-04 21:05:00,CNC-03,H,298.68074391732324,310.7739872948107,2501.6395536106606,17.414197848076096,66.48764223187342,3.0674965748613063,8.076303420073875,52.067417780023,0,2026-10-04 23:42:43
2026-10-04 12:25:32,CNC-01,L,296.6024942684675,311.63486575783713,1413.1477225180452,53.793277026681466,223.28288303856058,3.122440706311172,13.825442546201378,56.864315187761285,1,2026-10-04 23:42:43
2026-10-04 16:46:00,CNC-03,H,298.7346014055192,313.35573132747794,1946.0432686644424,36.11738802089593,200.1202005298811,3.007622949517981,13.28160261260927,54.17280541488184,0,2026-10-04 23:42:43
2026-10-04 12:50:00,CNC-03,H,297.2811214452852,311.9601976585401,1485.9754012692372,51.815478856804354,117.13795905965972,2.2596559849910576,14.551744243380371,55.396740375559226,0,2026-10-04 23:42:43
2026-10-04 16:39:00,CNC-03,H,298.4920240478602,313.36156442230657,1967.9736974401987,37.94934523801144,190.14037938449164,3.003413353263511,14.086157571531157,54.06913678835162,0,2026-10-04 23:42:43
2026-10-04 07:13:00,CNC-03,H,295.7727428103323,309.8455468134581,1843.4711298958516,37.04370903669607,109.533494252729,2.5498334008704906,12.749147400559567,56.198728866783384,0,2026-10-04 23:42:43
2026-10-04 12:35:00,CNC-03,H,296.93498368931375,311.2158951666455,1414.2814123081148,51.74420522964948,93.36247554121131,2.1571921458611416,13.648057612296117,59.652738178293546,0,2026-10-04 23:42:43
2026-10-04 03:56:00,CNC-01,L,296.52921510194693,0.0,2501.6879655989983,21.7706574100336,,3.2808105796473583,10.41999136653906,53.72698051199199,0,2026-10-04 23:42:43
2026-10-04 12:47:00,CNC-03,H,297.0234650742345,311.6987883664474,1458.4487301105862,51.96563526617384,112.4102621691987,2.1947191495547873,14.292776228180292,55.784167529533384,0,2026-10-04 23:42:43
2026-10-04 05:33:00,CNC-02,M,296.62234112180676,311.01660881689213,2133.4828980347447,31.458168692674356,174.5447922506739,30.25505749786551,12.481771270867137,54.8115379502339,0,2026-10-04 23:42:43
2026-10-04 09:55:00,CNC-02,M,296.98695272134336,311.3613124834203,1471.1885942232032,47.85196308211585,129.7790969927235,2.2457109068582706,13.278544521618501,57.64919616327551,0,2026-10-04 23:42:43
2026-10-04 17:18:00,CNC-03,H,298.8115570818704,312.41999670276465,1950.8479259053258,35.129579306701174,19.433431979245828,2.554269524699637,12.424254709664794,51.29024772186121,0,2026-10-04 23:42:43
2026-10-04 19:12:00,CNC-01,L,299.6343879582418,313.42911748936996,2140.1819252022333,28.74504434631508,154.9685059879517,3.0609564038622716,11.672930323550068,49.498154342986524,0,2026-10-04 23:42:43
2026-10-04 18:22:00,CNC-01,L,299.6860929455523,313.7920740330911,2099.462493596914,31.868175935445986,91.0650196704644,2.7298627957760853,12.49135880280722,55.81148722085301,0,2026-10-04 23:42:43
2026-10-04 03:17:00,CNC-01,L,296.8293111720538,309.3010445717776,2536.5290572507415,19.212077775513226,87.11494368386082,3.200511820483564,9.083773484290639,58.72589417708759,0,2026-10-04 23:42:43
2026-10-04 19:17:00,CNC-03,H,299.1562662086886,312.9975228604748,2304.8956967317445,26.691118986665465,174.90026667919346,3.2024185607329483,11.503074250550947,48.114410202604624,0,2026-10-04 23:42:43
2026-10-04 21:39:00,CNC-02,M,300.349315260196,312.4438641657174,2548.740134525452,16.882840395809456,26.999092748679374,3.0757274019532055,8.019088828603554,52.14396195943825,0,2026-10-04 23:42:43
2026-10-04 19:51:00,CNC-03,H,298.88864163923637,313.6239639466492,2406.5814385304266,30.39223296188368,216.63212054872602,3.543736380679882,13.722074906030869,52.556690670735044,0,2026-10-04 23:42:43
2026-10-04 15:23:00,CNC-03,H,303.51667520291215,312.0764277016005,1710.536536994467,45.87978061653821,79.10816694440022,2.301458605803527,14.52142739326916,46.005158336931515,0,2026-10-04 23:42:43
2026-10-04 06:59:00,CNC-01,L,296.1811648181746,310.9479434757514,1770.0964844726097,41.4514551602436,140.1711202686682,2.647508603688335,13.594381100122622,55.876323440731966,0,2026-10-04 23:42:43
2026-10-04 05:20:00,CNC-02,M,296.75989971154206,310.4228621113654,2288.530254026146,25.563901337294155,157.8926006785461,3.002666922462727,10.859575712596854,56.94166364364949,0,2026-10-04 23:42:43
2026-10-04 10:52:00,CNC-02,M,23.931073314955597,37.240352841321055,1331.3952555246467,48.19140466241068,11.009949143195943,2.0047166181945344,11.905512025043455,58.12480762453029,0,2026-10-04 23:42:43
2026-10-04 13:02:00,CNC-02,M,298.1361843774091,311.7318886353835,1343.0829477946343,47.1082563970383,9.53634283142181,1.947912297818545,11.76526021794961,49.01929960123124,0,2026-10-04 23:42:43
2026-10-04 12:04:00,CNC-03,H,296.5546843812447,310.68002986825974,1380.4137255639469,52.95263797009108,44.259311773430724,1.9450676165203706,,54.011165058124156,0,2026-10-04 23:42:43
2026-10-04 14:17:00,CNC-02,M,303.94374268884036,312.31017901666013,1379.564523695674,49.108462044082586,127.28490846175607,2.2267549301867597,12.789712799367726,46.509876126928376,1,2026-10-04 23:42:43
2026-10-04 23:10:00,CNC-02,M,299.75226795119045,312.71918470955916,2714.13680403371,17.12478401074766,125.21183381754172,3.4202925655907612,8.861198486064117,51.92292515164557,0,2026-10-04 23:42:43
2026-10-04 03:19:00,CNC-02,M,297.63296806061726,309.8611289452273,2559.876627370012,19.435527041620716,10.277858671827135,3.1288043381515274,9.338083109306428,56.6329421931091,0,2026-10-04 23:42:43
2026-10-04 02:17:00,CNC-02,M,298.1439181723974,309.8098203088487,2731.6356542171766,11.791156177391985,183.26584911411467,3.6857331712669965,6.156961150830845,55.681287687166055,1,2026-10-04 23:42:43
2026-10-04 01:28:00,CNC-02,M,298.1212787703604,309.64059346879185,2611.985972425677,12.022863726191268,129.92295375693593,3.3701344930518005,6.089906662277498,53.57789898473005,1,2026-10-04 23:42:43
2026-10-04 00:12:00,CNC-02,M,298.9475787674317,309.9171315215242,2751.9525319636687,11.772536341373016,48.837239111985966,3.222924019961113,5.853128979669367,51.39334291458162,1,2026-10-04 23:42:43
2026-10-04 07:48:00,CNC-03,H,22.67949657637547,37.34742513092908,1715.2371473325172,44.68135243491659,159.98020710025378,2.6649117764961647,14.40888564898582,58.87314535922489,0,2026-10-04 23:42:43
2026-10-04 21:09:00,CNC-01,L,299.2044294376333,311.6468622970535,2585.8777143427055,19.45842195648603,54.19582908015622,3.1683804375625386,9.413667378939506,0.0,0,2026-10-04 23:42:43
2026-10-04 23:01:00,CNC-02,M,299.77335612967136,312.2157591560336,2793.244579471264,15.549429044816774,115.55435809639174,3.3017964291692827,8.390536891077321,54.99016622802068,0,2026-10-04 23:42:43
2026-10-04 03:13:00,CNC-02,M,297.5785471860296,310.67611260752676,2563.39503308795,22.68949948926422,3.469858981143037,3.0734325664885476,10.778480615907878,54.80369579575041,0,2026-10-04 23:42:43
2026-10-04 09:18:00,CNC-01,L,295.5905577672566,310.17187569806475,1577.7213949398765,47.58161616449567,125.89102382254192,2.3768973055876668,14.00620986035151,57.10024834239095,0,2026-10-04 23:42:43
2026-10-04 06:29:00,CNC-01,L,296.00428235658035,310.3283034254826,1973.1804416976158,36.64045891447537,98.91812411281148,2.6428935170199965,13.495872208355921,56.34379099310177,0,2026-10-04 23:42:43
2026-10-04 19:32:00,CNC-02,M,300.6155629027816,,2347.7436139629726,24.930822110584074,119.44878916683291,3.0745072991261253,10.929417842494466,52.16895787195573,0,2026-10-04 23:42:43
2026-10-04 07:42:39,CNC-01,L,22.57447161379588,37.83796683907724,1758.675724762237,45.526955953947414,202.5627642925047,3.219649921477465,14.552157683541063,58.432329279895285,0,2026-10-04 23:42:43
2026-10-04 18:36:00,CNC-01,L,299.9504745572701,314.15258672847176,2210.6172734423017,30.98722122809677,109.25777584221056,2.939349891135518,12.985122379362856,51.3383582555322,0,2026-10-04 23:42:43
2026-10-04 04:58:00,CNC-02,M,296.7358894089178,310.8152767004334,2088.966306305825,33.520232659436175,129.76126824462233,2.8547539481856137,13.162161341501017,61.791788637832326,0,2026-10-04 23:42:43
2026-10-04 19:45:00,CNC-03,H,299.0779769909895,313.7507370263334,2422.7919988395297,28.536593619062984,209.33226243257212,3.579691745414754,13.130423780377994,50.64615745501635,0,2026-10-04 23:42:43
2026-10-04 10:11:00,CNC-02,M,297.23119116377393,311.8742870259102,1315.1825478795565,54.31814520125435,154.88097434739103,2.3131757647314326,13.435823576518018,60.91672711000968,0,2026-10-04 23:42:43
2026-10-04 14:20:00,CNC-01,L,303.4819520534313,312.5003222839843,1517.8688159596081,51.0301310684376,161.84824037738676,2.7101778627422126,14.631169997912673,47.64175972335291,0,2026-10-04 23:42:43
2026-10-04 14:10:00,CNC-03,H,303.09842416069273,311.86807196394255,1487.3251190351739,47.47286368530916,243.092088472821,3.036198500579705,13.242950790570251,49.02971576497542,0,2026-10-04 23:42:43
2026-10-04 17:25:00,CNC-03,H,298.71405198189484,312.0379076801578,1976.020995853854,30.61671016981296,29.005513561201585,2.5613431248438707,11.301262621763572,55.561191323446344,0,2026-10-04 23:42:43
2026-10-04 00:36:00,CNC-02,M,298.77665427285126,309.66632379658984,2788.491407584787,10.731825235829492,74.31634583120321,3.4328922386911147,5.3387493981673355,53.01578212526698,1,2026-10-04 23:42:43
2026-10-04 15:29:00,CNC-03,H,303.97159229904696,312.4028080557065,1691.4703277101296,44.00338119676291,88.04113949511132,2.2629871359301315,13.864660432742228,40.14629746260751,0,2026-10-04 23:42:43
2026-10-04 06:04:00,CNC-03,H,295.72860258383196,309.46935005329453,2067.6339588051947,33.02058262766795,14.59032258859393,2.6650187935959275,12.311563226541578,65.10842309545511,0,2026-10-04 23:42:43
2026-10-04 10:29:00,CNC-03,H,22.607190414980153,36.92374034300468,1371.1783098069684,50.56525614502002,136.49339492311935,21.402563834279885,13.11937335746838,56.2772293381856,0,2026-10-04 23:42:43
2026-10-04 22:31:00,CNC-03,H,298.3911767939712,310.2056188078313,2817.8845284781646,14.197725712636759,161.483571465116,3.544819813309025,7.859779473613905,48.69029319734895,0,2026-10-04 23:42:43
2026-10-04 02:26:00,CNC-02,M,298.27571625619805,311.9069046406472,2517.4916670550406,22.6150616189987,193.2260317821696,35.122171800204924,10.713128264321481,57.53984457771225,0,2026-10-04 23:42:43
2026-10-04 04:52:00,CNC-03,H,296.2558723267121,311.15218468910416,2075.7632414125105,36.679052651357836,173.64571259010208,2.9689213032021864,14.20386906626756,59.4121064318241,0,2026-10-04 23:42:43
2026-10-03 23:58:00,CNC-03,H,298.9916821689753,310.90240894140504,2624.508054337382,15.135887376985528,62.42977586277743,3.2265380918129245,7.420855461989539,55.97951878672217,0,2026-10-04 23:42:43
2026-10-04 06:31:00,CNC-02,M,296.71614272013284,310.8657884906193,1832.1956768220482,39.64237844930848,33.99451006680015,2.441541248606059,13.527579834826282,57.995116174891294,0,2026-10-04 23:42:43
2026-10-04 20:48:00,CNC-01,L,299.1976553379769,311.05809902550203,2346.238251343144,19.250469246697826,30.174817386450925,3.0252271177257386,8.372457971163891,55.41529745977897,0,2026-10-04 23:42:43
2026-10-04 21:21:00,CNC-01,L,299.1359063286783,311.42544799694974,2585.272212209622,17.592227933312127,67.72474610298349,3.1730367688944385,8.447233537263898,54.071527226281056,0,2026-10-04 23:42:43
2026-10-04 06:55:32,CNC-02,M,296.6552942715365,,1758.505879915917,38.802963872500676,70.01352932145372,2.3807225452915266,12.727934928727086,56.07017375428008,0,2026-10-04 23:42:43
2026-10-04 05:24:00,CNC-02,M,296.49112443787743,310.7877639976234,2181.1801621330105,31.51355380428635,162.995631002305,3.1629811508109817,12.912131676435232,56.09864301085326,0,2026-10-04 23:42:43
2026-10-04 07:07:00,CNC-02,M,296.5168429346915,310.71387401997333,1784.843311304659,40.20245489735728,84.02122423902298,2.4626549195113827,13.39766041570144,57.90383983265114,0,2026-10-04 23:42:43
2026-10-04 06:23:00,CNC-02,M,296.7825458009238,310.88973858973395,1926.9007202584783,37.031932776795195,23.00288216925094,2.4569305530679317,13.34526734834507,59.800863521667424,0,2026-10-04 23:42:43
2026-10-04 16:48:00,CNC-01,L,299.16978093164823,313.95515705604305,1721.9373120357777,41.891419630674754,181.86991612270117,2.9067850003074893,13.607350722081057,52.19133298189093,0,2026-10-04 23:42:43
2026-10-04 14:32:00,CNC-01,L,303.3644986651619,312.11235551018626,1422.7953562882803,52.311402581709665,180.4025667147071,2.5949947154534807,13.867105786393731,48.22148705432353,0,2026-10-04 23:42:43
2026-10-04 05:55:00,CNC-02,M,296.5502375664236,312.0114085478057,2165.7579268154154,37.08414183321413,203.4137285085569,3.444111792831321,14.761425289695625,61.16474982029413,0,2026-10-04 23:42:43
2026-10-04 07:04:00,CNC-02,M,297.04966325988386,311.57655205278456,1873.2883311972357,39.20391091718534,79.79057642390568,2.6249967566895234,13.665566540556497,57.51614209584622,0,2026-10-04 23:42:43
2026-10-04 04:10:00,CNC-01,L,296.42376935430013,310.1036369770062,2411.4684231826186,26.193589019759642,149.55956892223347,3.3204146405353647,11.803846328921017,59.77664032749644,0,2026-10-04 23:42:43
2026-10-04 02:34:00,CNC-03,H,297.81801899317446,310.3434977127069,2539.252992756456,20.244962466429875,10.039129626983117,3.1156245085031244,9.46610109806116,51.891203575918816,0,2026-10-04 23:42:43
2026-10-04 14:00:00,CNC-03,H,303.0965728017889,312.17067345597565,1504.5858529395678,50.02776123041315,227.5076637325957,2.92885893012415,14.1039836784545,46.78804418348941,0,2026-10-04 23:42:43
2026-10-04 02:46:00,CNC-01,L,297.47873930635046,309.79277760990044,2452.679984603504,20.676224347907812,51.953445539501715,3.0564239653987184,9.597964374241016,56.78183607006788,0,2026-10-04 23:42:43
2026-10-04 07:19:00,CNC-01,L,295.4700201148948,309.94916986743897,1729.804584390627,41.53789068964067,168.30577638345602,2.8850998895930444,13.129117579714864,59.143907883793524,0,2026-10-04 23:42:43
2026-10-04 00:06:00,CNC-03,H,298.743744572009,310.49432975262687,2741.6266664035443,15.0217852879375,70.85389912133418,3.304198087024958,7.841466525795999,56.29395604747051,0,2026-10-04 23:42:43
2026-10-04 20:50:00,CNC-01,L,299.31014071174826,311.43899727808395,2503.140266295412,18.604799072599043,32.48779372256669,3.0622369735450703,8.809771318840452,51.40572460541076,0,2026-10-04 23:42:43
2026-10-04 03:03:57,CNC-03,H,297.00178291463715,308.76907719872673,2462.3908415753053,17.636668745467645,42.87021732602585,3.015394349767823,8.086862861039833,62.381669161565085,0,2026-10-04 23:42:43
2026-10-04 15:15:00,CNC-01,L,298.11656518993664,312.380820385186,1546.8299247151936,47.71691883086797,45.71468615864959,21.583049995837772,13.855530455767395,54.05965491048447,0,2026-10-04 23:42:43
2026-10-04 07:24:00,CNC-03,H,22.707860668883654,37.47801255662853,1956.4367482872537,38.89664730884137,125.27535938948286,25.81333530093119,14.409113520179169,61.541749886962386,0,2026-10-04 23:42:43
2026-10-04 01:46:00,CNC-01,L,298.012405119633,311.33824414938096,2529.9042902827964,21.667462024564223,178.9046636430921,3.695825450813509,10.27459573502051,52.70002070273493,0,2026-10-04 23:42:43
2026-10-04 02:57:00,CNC-02,M,297.7137417775271,311.556686474771,2484.520765332504,23.88750533008855,227.87774213776046,3.96323214616626,10.939755101297571,61.18600920665152,0,2026-10-04 23:42:43
2026-10-04 20:58:00,CNC-01,L,299.0118326099648,311.3997471775428,2460.760858359321,20.367378324916658,41.59519882424626,3.0480648599854665,9.389315069912222,51.78327961546277,0,2026-10-04 23:42:43
2026-10-04 07:55:00,CNC-01,L,22.44420748511567,36.01214666783261,1772.058008317206,38.509341878156796,1.4447906130001134,2.3240586382599093,12.714891664415784,56.64570079002941,0,2026-10-04 23:42:43
2026-10-04 12:20:00,CNC-01,L,296.7442125196698,311.39278699464745,1377.8930871167404,53.13749942152373,212.17333422318038,3.0601626774699344,13.756201027978603,58.50747089123842,1,2026-10-04 23:42:43
2026-10-04 10:27:00,CNC-02,M,24.14546368906207,39.53499898898269,1492.2855759848035,55.01320079556551,180.1095556113102,2.6505321678027767,15.300566768133885,53.53771064047185,0,2026-10-04 23:42:43
2026-10-04 15:40:00,CNC-03,H,298.3170822057459,312.38347836324135,1598.7538335333875,42.88666161052239,104.42703648111875,2.307986589290802,12.816632053644735,52.22001409134649,0,2026-10-04 23:42:43
2026-10-04 14:51:00,CNC-03,H,303.55622732465736,311.5072945153119,1611.973557847605,45.84938713602787,30.773194535700625,2.2875324744360053,13.809851773285674,47.964856168348255,0,2026-10-04 23:42:43
2026-10-04 15:41:00,CNC-02,M,299.2078981769059,312.95282930712307,1592.36409313951,42.24331799239349,40.622263996832,2.2421264683276214,12.574740147530518,56.88084212319225,0,2026-10-04 23:42:43
2026-10-04 05:52:00,CNC-01,L,295.92322455972476,309.9639717837247,1951.5939056445388,37.08255351482042,49.27252935737727,2.634023711645773,13.57616593319011,59.81742657958188,0,2026-10-04 23:42:43
2026-10-04 19:33:00,CNC-03,H,299.0273683447956,312.6488239065159,2175.6910780623257,27.268920179510133,194.76344662223235,3.2398835613795818,10.919231502966865,52.514604140846764,0,2026-10-04 23:42:43
2026-10-04 14:05:00,CNC-01,L,303.0706097612392,311.4763240050258,1496.7846455334634,49.38067376563617,138.4561923714533,2.420513512350592,13.803871129431842,,0,2026-10-04 23:42:43
2026-10-04 11:37:00,CNC-03,H,296.61390783542646,310.12082459069387,1517.0392070192743,46.184918994921134,1.544589622131132,2.1642642585542045,13.025427736082431,57.74676590019264,0,2026-10-04 23:42:43
2026-10-04 18:30:00,CNC-02,M,300.4676388156218,314.58652719687996,2235.2073448050487,30.155155236981653,41.91384294827856,2.86136152518566,12.321155126137866,51.65931367434183,0,2026-10-04 23:42:43
2026-10-04 05:38:00,CNC-03,H,296.09014089847216,310.8514390600864,2075.4667225969415,34.765712031336484,,3.5078497627215066,13.477591579036023,58.56024203814041,0,2026-10-04 23:42:43
2026-10-04 19:25:38,CNC-03,H,299.05279268846533,313.5244217421319,2370.420850332045,29.52709566618876,,3.4063455938245117,12.973678534882268,52.32671450687081,0,2026-10-04 23:42:43
2026-10-04 07:16:00,CNC-03,H,295.64491210656945,309.34566316779154,1696.4795336807965,37.790040167507534,113.87488987410278,24.488241175159708,11.977011695938145,62.7124866352273,0,2026-10-04 23:42:43
2026-10-04 12:24:04,CNC-03,H,296.92551025791244,310.6642991708658,1360.9683498100012,50.821127834280915,75.99407097396492,2.0879271589602917,13.096575279611972,57.2255138699229,0,2026-10-04 23:42:43
2026-10-04 16:54:00,CNC-03,H,298.70118704738417,313.9784927206824,1663.3429982995235,46.86957476773731,211.36387683566474,2.922922631621262,14.461520795443512,54.25145785368533,0,2026-10-04 23:42:43
2026-10-04 11:57:00,CNC-03,H,296.7953846106257,310.3993103946373,1280.2360044165769,51.04364733218501,33.28201477409909,1.9955948875785339,12.377293451164103,62.50940389531759,0,2026-10-04 23:42:43
2026-10-04 22:36:00,CNC-01,L,299.268800242243,312.03857822221056,2629.245339450866,19.16541604691059,149.8851340241929,3.5159868738098012,9.432004074045107,50.17120064735213,0,2026-10-04 23:42:43
2026-10-04 06:26:00,CNC-03,H,295.6025179465181,310.1356060261411,1962.3279963087325,39.641210053088656,44.302897219394644,2.600264526024476,14.457886243274737,59.308915170440486,0,2026-10-04 23:42:43
2026-10-04 20:15:00,CNC-03,H,298.5924047581016,311.0227284631604,2442.2436739557647,20.312150167997704,9.411635418170826,3.02072102277975,9.130870947280847,51.3301692691159,0,2026-10-04 23:42:43
2026-10-04 18:35:00,CNC-01,L,299.85403821133906,313.5104005015664,2222.488466806593,28.5323924283164,108.01254326212027,2.9177503528987043,11.838337661570726,49.465697251818,0,2026-10-04 23:42:43
2026-10-04 10:52:00,CNC-01,L,22.94939498192332,37.18249068596583,1371.8345695116313,53.16498574594973,72.56270063435467,2.048828923902794,13.959926805925656,55.659063427070755,0,2026-10-04 23:42:43
2026-10-04 05:03:00,CNC-01,L,296.2916583683731,310.80996592274363,2117.9788324090127,33.09285309546523,215.2796327327477,3.744096860008578,12.980366708247995,60.40413621302583,0,2026-10-04 23:42:43
2026-10-04 11:19:00,CNC-02,M,24.091872935088702,38.13293434347537,1413.5162016335328,49.336058797059245,53.596406400217965,2.1160039434676086,13.082243992788062,57.01720276793533,0,2026-10-04 23:42:43
2026-10-04 17:15:00,CNC-02,M,299.65118449481366,314.3769760407551,1953.031791975958,37.89614292045983,175.81399631650712,2.9888157410435827,13.884413231491099,54.1112204438163,0,2026-10-04 23:42:43
2026-10-04 07:39:00,CNC-02,M,23.605150780447275,38.23066656842781,1700.7431588372879,43.1514690878554,129.68570144669292,2.496093374154009,13.773154748200204,59.62035366635871,0,2026-10-04 23:42:43
2026-10-04 09:22:00,CNC-03,H,295.7468414267264,309.5058102725011,1388.1782405010395,48.608942773813354,32.17836180190403,2.0980799576983387,12.840428578300717,57.914196696021406,0,2026-10-04 23:42:43
2026-10-04 06:47:00,CNC-03,H,295.6541255712859,309.8477676224818,1825.570198313876,39.297861666021284,73.1264076897409,2.5298462573628155,13.663720399658594,60.342559495873736,0,2026-10-04 23:42:43
2026-10-04 00:03:00,CNC-01,L,298.99797635643637,311.2225320868241,2703.098204854185,16.288608270872153,68.78598599649703,3.2453087099201987,7.970576010625854,49.3007389114097,0,2026-10-04 23:42:43
2026-10-04 09:39:00,CNC-03,H,295.4897565397953,310.0005183979996,1615.2507939402929,48.63391920438623,58.37162452984897,2.3208816254080515,14.801599880018193,61.72145575414738,0,2026-10-04 23:42:43
2026-10-04 04:40:00,CNC-02,M,296.9881127744323,311.007269702998,2313.2313777549853,30.027376416433153,107.15281136323357,3.015957833149681,12.536240601614182,58.21117349383949,0,2026-10-04 23:42:43
2026-10-04 19:49:00,CNC-02,M,300.44791054254546,314.07832499790123,2462.03320073384,22.518319650844944,140.16352028234954,3.1524607712698423,10.253757909691327,49.13145726315688,0,2026-10-04 23:42:43
2026-10-04 04:38:00,CNC-03,H,296.4014921975584,310.7913029934073,2328.621857462333,30.118188744234658,156.3425271668087,3.173471557435529,12.755511372107607,55.63322555485819,0,2026-10-04 23:42:43
2026-10-04 22:33:00,CNC-03,H,298.65650975106803,312.016980508048,2560.9349675641565,21.598848141338024,163.6397953426552,33.721726838414234,10.502848887009646,59.52902875403477,0,2026-10-04 23:42:43
2026-10-04 15:14:00,CNC-02,M,299.2654778534799,313.3810364660373,1724.0268503724426,42.70936917403382,0.0,2.4197578033711626,13.944925270330739,51.14762093970322,0,2026-10-04 23:42:43
2026-10-04 08:18:00,CNC-02,M,23.588590718813236,38.9912450269444,1644.280596691701,47.89922276264845,187.10444215850694,2.7667034691109436,14.710317287951804,58.41083033816298,0,2026-10-04 23:42:43
2026-10-04 09:27:00,CNC-03,H,295.38801488092,309.42444100252567,1556.4507684952125,45.74507727458621,39.82519005495602,2.188205580631784,13.273102709037564,57.890531398241876,0,2026-10-04 23:42:43
2026-10-04 01:24:00,CNC-01,L,298.07993785954915,310.3167974900678,2551.030372882481,15.751351890399874,154.9348947736133,3.4490400538233437,7.507710271883516,56.660325217669055,0,2026-10-04 23:42:43
2026-10-04 12:44:00,CNC-03,H,297.21287011987766,311.71041445986805,1480.4791934400607,51.36344605002102,107.61373559046113,2.2774948054869144,14.286468847948019,56.20501950042934,0,2026-10-04 23:42:43
2026-10-04 07:33:00,CNC-02,M,23.45571670428791,37.53731305055567,1905.2587279287527,35.271957946171405,120.9962400117081,2.6759991104959084,12.576410047342623,56.196408229809165,0,2026-10-04 23:42:43
2026-10-04 18:20:00,CNC-01,L,299.8008441369922,313.9790257166769,2095.998779096815,32.01560253063868,88.53031628939736,2.78754687318946,12.628406385119023,48.48543096793282,0,2026-10-04 23:42:43
2026-10-04 09:35:00,CNC-02,M,296.9996844619017,311.04714783012315,1451.1620373715384,47.05873258796357,98.97064230860953,2.198591078640474,12.831665150854736,58.14588148522825,0,2026-10-04 23:42:43
2026-10-04 05:49:00,CNC-02,M,296.50106292616726,311.1299303068905,,33.87001662750386,195.4814313885446,3.2311678061267797,12.778194544464682,58.265407205970284,0,2026-10-04 23:42:43
2026-10-04 14:04:00,CNC-01,L,303.1861148555609,311.8435472870119,1509.6671522554384,50.29527580066938,136.8943359342223,2.4120481176131388,13.974858691765244,47.29541517964941,0,2026-10-04 23:42:43
2026-10-04 12:20:00,CNC-02,M,297.7092660757545,312.28758691866796,1372.0434671285834,51.8489302529918,150.46439196192657,2.2323262365657035,13.02419262367191,54.06983926255564,0,2026-10-04 23:42:43
2026-10-04 12:27:00,CNC-02,M,297.76739444930064,312.9428518494629,1339.5981863522895,56.88932510236348,161.64843843404944,2.3998447370124185,14.109208129004928,57.511940892678204,0,2026-10-04 23:42:43
2026-10-04 20:01:00,CNC-03,H,298.69715191959693,313.42464063753795,2283.0536186824233,30.852075731911924,228.60795462287547,3.7110000116143063,13.345816979577162,52.102780004272724,0,2026-10-04 23:42:43
2026-10-04 13:12:00,CNC-03,H,297.29547735291237,312.0563745196975,1410.8743656041383,53.41267626579868,151.92732739614758,2.2132410966404708,14.508523604625525,50.05772361609621,0,2026-10-04 23:42:43
2026-10-04 09:31:00,CNC-03,H,295.40030297793635,308.92462542139305,1424.9289451839416,46.27006961650986,46.0780076929626,2.1121242427736586,12.382092586309097,60.894751477990724,0,2026-10-04 23:42:43
2026-10-04 17:23:00,CNC-01,L,,312.47089726921774,1958.6624204725579,31.614475257481235,12.21023758437314,2.5061342916576725,11.659446434378202,51.395282936589126,0,2026-10-04 23:42:43
2026-10-04 02:04:00,CNC-01,L,297.5334329322764,308.422642285498,2600.924003128109,12.206410352366936,5.447407256038668,3.098569780515817,5.9465333859444005,55.60955155527925,1,2026-10-04 23:42:43
2026-10-04 00:47:00,CNC-03,H,298.50448749196994,309.9859516947868,2831.4677008736912,11.879169536929448,114.56634646739957,3.381239362333887,6.187107446598514,49.827835872683984,0,2026-10-04 23:42:43
2026-10-04 06:43:00,CNC-01,L,296.2498930862295,311.03259430998537,2004.1386449488502,39.33140839265514,118.04309806054188,2.8378782265169256,14.934271659606077,57.30474879035307,0,2026-10-04 23:42:43
2026-10-04 03:59:00,CNC-02,M,296.9669731788172,311.13682388964435,2176.3126607922413,32.84905053601117,57.35440689652849,2.687204369643369,13.257849217095991,57.15645700509178,0,2026-10-04 23:42:43
2026-10-04 13:44:00,CNC-03,H,297.38327519453424,312.3109511543215,1393.263903221958,53.09083455200161,202.53945499909827,2.6888808949549334,13.753489640539136,55.82294714781047,0,2026-10-04 23:42:43
2026-10-04 04:05:00,CNC-02,M,296.85627429375063,309.621362665391,2300.771968956914,23.224430826108538,64.49615199039039,2.8179250947777574,9.888792764912662,61.46570643771585,0,2026-10-04 23:42:43
2026-10-04 18:01:00,CNC-01,L,299.6248654531622,313.8841587302752,2094.144025281933,33.06762819141251,63.53945655631614,2.6455967407640544,12.96185238037478,53.86172064068892,0,2026-10-04 23:42:43
2026-10-04 23:05:00,CNC-01,L,299.00431410555797,312.4279270206607,2629.0613333753804,21.77834590663807,181.2951193430572,3.801383780128226,10.937387792450863,55.55189213695988,0,2026-10-04 23:42:43
2026-10-04 18:12:00,CNC-03,H,298.9336236816664,312.58102421964713,2090.7431982811977,30.73653264986186,92.20775479375968,2.814221886056291,12.097361772218868,54.34353493200473,0,2026-10-04 23:42:43
2026-10-04 12:39:00,CNC-02,M,297.8674200251655,313.0227872953841,1350.750983257414,55.10163054600898,180.65600252193266,2.5102547253542444,164.23736368018868,53.23776535888331,0,2026-10-04 23:42:43
2026-10-04 13:26:23,CNC-03,H,,311.7143093318399,1440.2488703529682,51.70387524989466,174.14991507980898,2.4546551550496893,13.803429072645411,59.12801906418396,0,2026-10-04 23:42:43
2026-10-04 03:44:00,CNC-02,M,297.1433021202712,310.2392948411761,2446.330926165837,22.531673470350725,39.46300368336339,2.982184584693239,10.095356416616637,57.61406542494794,0,2026-10-04 23:42:43
2026-10-04 15:03:00,CNC-03,H,303.5541614694891,311.5506563462594,1548.4311682829243,45.803103816775334,48.98820296778532,,13.032571595841151,44.33658912363312,0,2026-10-04 23:42:43
2026-10-04 10:38:00,CNC-02,M,23.90678137412283,38.58495082280433,1446.9897825292135,49.330203674784286,197.5189236979387,2.695951056873986,13.15109975326961,55.10459170431994,0,2026-10-04 23:42:43
2026-10-04 17:59:00,CNC-01,L,299.4414887304188,313.3550724099365,1971.1655265565134,35.75199260178883,60.89054131153316,2.6112934169054163,13.244147722203575,51.78253703107822,0,2026-10-04 23:42:43
2026-10-04 17:26:00,CNC-03,H,298.75339892131063,311.93502165006146,1885.5866040316864,33.56543310578629,30.393059203729635,2.5161761223580537,11.837150261721941,55.46816697147124,0,2026-10-04 23:42:43
2026-10-04 20:03:00,CNC-02,M,300.6430026381847,314.70753116777735,2328.021091371274,27.381624187447173,156.83152390808908,3.200150388223697,12.028409016197338,45.04054829794975,0,2026-10-04 23:42:43
2026-10-04 21:06:00,CNC-02,M,300.4667190999852,313.92180947961464,2508.2059928512735,20.677792008178322,230.07879492707897,4.10112797039812,9.917684665864162,48.1871279746461,0,2026-10-04 23:42:43
2026-10-04 02:13:00,CNC-02,M,298.0290288532649,311.06773392383167,2745.4086785395575,18.50953565786264,178.90512971705286,3.6709668854713997,9.593400145039723,50.17833700901429,0,2026-10-04 23:42:43
2026-10-04 01:19:40,CNC-03,H,297.8566550134436,310.37661598987864,2714.638201714291,16.772532114921635,148.84190638424803,34.49659524531976,8.394328294220662,55.483360275165495,0,2026-10-04 23:42:43
2026-10-04 20:18:00,CNC-02,M,300.2967827829145,314.0627160871513,2324.55474965047,25.792302044386595,174.53516766014604,3.3258855520563615,10.895066513543092,54.95273329408068,0,2026-10-04 23:42:43
2026-10-04 13:58:00,CNC-01,L,302.97633265227716,311.07404856802384,1440.9331050042274,48.14270689084309,127.47281294230952,2.2466216672487436,13.059155140273917,51.46321563078424,0,2026-10-04 23:42:43
2026-10-04 20:11:00,CNC-01,L,299.7621361056112,314.1075924535965,,26.651256026696625,226.68224422417728,4.1624590145436455,12.390969059322904,54.49884427425166,0,2026-10-04 23:42:43
2026-10-04 07:24:00,CNC-01,L,295.515471768318,309.4160411762687,1717.3800279982088,36.74418927033993,175.40257410637514,2.860766441310856,11.95508604116017,59.27714126504398,0,2026-10-04 23:42:43
2026-10-04 05:41:00,CNC-02,M,296.4720754103857,310.8461719595096,2040.6000997573528,33.737476401404905,184.9519761770727,3.065172614774435,13.247387608772984,57.64453175569447,0,2026-10-04 23:42:43
2026-10-04 12:58:00,CNC-02,M,298.01649090387457,311.7268581246976,1285.3175776518044,50.7430674622214,3.2,1.9571999183217128,12.694981226856656,50.152678488213226,0,2026-10-04 23:42:43
2026-10-04 06:44:00,CNC-02,M,296.6872920650787,311.1961297251879,2051.6596921948476,1081.933756972322,51.89043770901128,2.772681168166435,13.723774765729681,53.296562804639294,0,2026-10-04 23:42:43
2026-10-04 01:10:00,CNC-02,M,298.2632730608255,311.2678243379208,2714.1428741428444,19.021243572437097,110.51597886853632,3.4181957578719273,9.67669020551482,51.75797931450648,0,2026-10-04 23:42:43
2026-10-04 07:06:00,CNC-01,L,295.4429915172245,310.54180425774064,1840.2824506738295,42.98737338703776,149.98492762481922,2.883110298459835,14.812575050776568,58.93730708371741,0,2026-10-04 23:42:43
2026-10-04 02:00:00,CNC-01,L,297.69066886503066,309.5722990876997,2674.6068715512856,15.477659449985715,1.0764329730247835,3.1947000296814516,7.6800313789590495,51.987395798063396,0,2026-10-04 23:42:43
2026-10-04 14:00:00,CNC-01,L,303.22827386631104,311.3872807069773,1366.3671111283782,,130.61722095762386,2.2543615669356356,,47.04488768568077,1,2026-10-04 23:42:43
2026-10-04 02:40:00,CNC-02,M,297.7999430703706,312.0470483279478,2440.313509785457,26.62270268898385,208.79667103343644,3.6507822978806583,11.992030227372586,58.226374023840364,0,2026-10-04 23:42:43
2026-10-04 08:03:00,CNC-02,M,23.382934766818266,38.43309098940642,1721.7771964199112,44.93109845621673,164.8999347829615,2.676172804277198,14.602179821709226,61.827620644522895,0,2026-10-04 23:42:43
2026-10-04 22:47:07,CNC-03,H,298.391633115721,311.35073474815977,2633.2267500476055,19.603131949207242,177.58371535636255,3.4479491841815944,9.522304747714456,53.15231190659689,0,2026-10-04 23:42:43
2026-10-04 10:07:00,CNC-02,M,296.99694533683197,311.7862894032539,1477.4726767396908,49.7331647655489,148.51432510764897,2.40048681575605,13.53699144379841,61.50889262666591,0,2026-10-04 23:42:43
2026-10-04 17:14:00,CNC-01,L,299.03210017450647,312.7294147923199,1933.1809569183147,36.22470441457805,0.0,24.521386499893854,12.948391829989198,52.61517801755873,0,2026-10-04 23:42:43
2026-10-04 22:38:00,CNC-01,L,298.9218316789767,312.7309204033724,2737.3839523514675,22.203801550081053,152.03972371382642,3.547492209204066,11.207857688451028,56.17205762877287,0,2026-10-04 23:42:43
2026-10-04 14:12:00,CNC-03,H,303.0452136034146,313.1134805434442,1466.7573038219934,59.55566947302414,246.2312711956942,3.2236826156257488,16.163398842211613,44.11253599255274,1,2026-10-04 23:42:43
2026-10-04 07:30:05,CNC-03,H,22.701031665466303,38.08410691593474,1764.914372065942,46.283878037433546,133.8845120584079,2.505646386330602,15.361526505600045,,0,2026-10-04 23:42:43
2026-10-04 18:31:00,CNC-01,L,299.98362125471857,313.42549806385716,2102.4175492063414,29.226847824154547,102.91678469531452,2.8289002124685223,11.382137435750266,51.54150864619059,0,2026-10-04 23:42:43
2026-10-04 03:55:00,CNC-02,M,297.12470067246943,310.9244142497866,2392.1758845369372,28.274628088235378,52.500834356086315,2.9567922840428045,12.713047499423658,54.28894202844354,0,2026-10-04 23:42:43
2026-10-04 16:29:00,CNC-01,L,298.88231773368403,313.149436113738,2019.6253290733466,34.99991867471349,154.6988175043193,29.291774768086047,13.018909756686352,51.90964509622712,0,2026-10-04 23:42:43
2026-10-04 17:26:00,CNC-02,M,299.86652815115025,315.02028238320617,2062.666762730769,36.78184349383219,190.95717680180834,3.246862609578609,14.362045000212744,55.13143234777805,0,2026-10-04 23:42:43
2026-10-04 09:56:00,CNC-01,L,295.597539422914,310.65320773702507,1435.4010195393853,55.24072638645568,184.5008585119897,2.724420021497479,14.715063458663115,60.54106839969864,0,2026-10-04 23:42:43
2026-10-04 01:43:00,CNC-02,M,297.84441537607483,310.323239286531,2614.236096805212,18.583781336071453,146.06835495602144,3.336890447894916,9.392870692319583,56.391662075798784,0,2026-10-04 23:42:43
2026-10-04 19:05:00,CNC-02,M,300.5426991784982,314.400278520505,2209.6185281332732,28.66928700189609,86.20052117733128,2.9356274660836092,11.927241534179096,53.28907605415935,0,2026-10-04 23:42:43
2026-10-04 12:45:00,CNC-02,M,,312.79843255196874,1403.8781716296487,52.51123765988751,190.1438249731708,25.654115601141427,14.016466502592698,51.79632362990191,0,2026-10-04 23:42:43
2026-10-04 16:58:00,CNC-02,M,299.7206920534168,314.80438386801,1748.9346301129049,43.44441969714159,152.16108725007118,2.707159133039689,14.15518863483349,53.544109841740216,0,2026-10-04 23:42:43
2026-10-04 13:44:00,CNC-01,L,297.232782696297,311.30399605841666,1377.1718316387662,49.73339160024305,105.61013341380134,2.1533718075922383,12.891718568588272,56.19618099596123,0,2026-10-04 23:42:43
2026-10-04 20:11:00,CNC-02,M,300.61416757584817,315.2518158337015,2432.9281521431,28.364033582008812,166.25839732781924,3.395234709788025,12.80052499946315,52.05385638041095,0,2026-10-04 23:42:43
2026-10-04 06:26:00,CNC-01,L,9143.144795154938,309.9297371921032,1971.7080026418832,35.54601275752419,94.83201622015477,25.79326943465628,13.005829000409024,55.07072776088987,0,2026-10-04 23:42:43
2026-10-04 06:54:00,CNC-01,L,295.8589297715257,310.4973759236525,1980.2039903782436,38.30624641365195,133.19498668707857,2.9014592911796298,14.083931114216963,58.92858217267794,0,2026-10-04 23:42:43
2026-10-04 04:47:00,CNC-01,L,296.3279410151812,310.9293200382074,2240.8807803751515,30.963425428439795,195.01077417130963,3.5115401214987365,12.779688559242873,54.35323263515103,0,2026-10-04 23:42:43
2026-10-04 20:45:00,CNC-01,L,299.2509817660275,311.69545898989486,2373.7381145615923,21.23800941886012,26.676526456255594,2.864537217453818,9.324749813016654,50.64329363228237,0,2026-10-04 23:42:43
2026-10-04 18:08:00,CNC-03,H,298.75012842646805,312.5830072217282,,33.076990673883124,86.89420554079744,2.583609936791275,12.361147816712938,1041.8726963902532,0,2026-10-04 23:42:43
2026-10-04 01:27:00,CNC-01,L,297.9482984267243,310.91010038494784,2674.0998145116414,20.5336751195238,158.1647029742778,3.5797017876709107,10.057793711146262,58.39761998703592,0,2026-10-04 23:42:43
2026-10-04 06:20:00,CNC-03,H,295.7457435358252,309.7034928310452,1786.3781447222912,40.0541393573604,36.32203100524918,2.4304954971959707,13.380989958303312,59.21475667708581,0,2026-10-04 23:42:43
2026-10-04 00:01:00,CNC-03,H,298.898177522866,309.8031304659697,2741.9051228700428,9.548340219094253,65.55691560320233,3.327487087418114,4.931508447939684,53.03229393013602,1,2026-10-04 23:42:43
2026-10-04 04:16:00,CNC-02,M,296.77621613679116,309.8632599056698,2291.1691656671137,24.972057725552716,77.75268883565145,2.7817425658004558,10.821547463885999,58.99646700370158,0,2026-10-04 23:42:43
2026-10-04 02:59:00,CNC-02,M,297.73906482265545,311.95503756520327,2469.1857873965164,25.454869833259377,230.16968832677557,3.979692250179789,11.829807678955714,56.16501756905565,0,2026-10-04 23:42:43
2026-10-04 23:02:00,CNC-03,H,298.3847250479045,311.589186794992,2657.451059983839,20.12952320980038,194.61542671597573,3.67239596347446,9.925524583434266,50.17441764346026,0,2026-10-04 23:42:43
2026-10-04 03:33:34,CNC-03,H,296.96183461333897,310.1014923711559,2357.412210211082,24.35877673171949,80.21852811554976,2.9686517244727004,10.970584871560943,61.79894549951118,0,2026-10-04 23:42:43
2026-10-04 02:23:00,CNC-02,M,298.2325626644181,311.97846427099813,2657.053509397031,22.26424007672785,189.89284664956142,3.7340230297706434,11.159331408903242,55.488454681761,0,2026-10-04 23:42:43
2026-10-04 18:54:00,CNC-03,H,298.93106502099624,312.83269306818556,,28.636565619877963,146.33514455357738,2.924193482986769,11.693674129323549,51.726648017337716,0,2026-10-04 23:42:43
2026-10-04 19:31:00,CNC-03,H,298.97026575024853,313.3005631511606,2273.850868382272,30.217590017070545,192.32795019267553,3.2884208078796386,12.433532933050268,58.76309625902543,0,2026-10-04 23:42:43
2026-10-04 14:59:00,CNC-01,L,298.1864250752449,312.1742019280541,1468.8879322988137,49.07549393160941,21.515906012310523,2.1454222155945537,13.584040950181524,58.99603531025937,0,2026-10-04 23:42:43
2026-10-04 17:05:00,CNC-02,M,299.87061240469654,314.83860767335034,1814.2962432028469,41.57385482276282,161.91423626885677,2.8824099416575963,13.990570783921664,51.13732740766252,0,2026-10-04 23:42:43
2026-10-04 09:20:00,CNC-02,M,297.08416038449934,311.4702741856528,1582.6390034284602,45.03152822699873,75.66827391953225,2.394351745020298,13.426917182852335,55.54853895044092,0,2026-10-04 23:42:43
2026-10-04 00:14:00,CNC-01,L,298.4683618705606,310.78213003055663,2573.6846404509274,18.397339511647882,80.44152450231455,3.264901983467395,8.754759851921582,52.37775584668253,0,2026-10-04 23:42:43
2026-10-04 11:32:00,CNC-01,L,296.2769466880889,309.870595240196,1309.6971182834466,49.31516453309379,135.91405936749715,2.2017029006333573,11.770594964538583,53.259897558680265,0,2026-10-04 23:42:43
2026-10-04 04:09:00,CNC-02,M,297.15952171491847,310.49492955184627,2297.02096102738,26.11876456962976,69.31484187298534,2.816124440273245,11.35124967358468,54.02521002440956,0,2026-10-04 23:42:43
2026-10-04 14:57:00,CNC-02,M,304.3416683311968,313.29849865561295,1597.6406074373992,45.4922105036089,188.7864145457232,2.7240432766843763,13.644179633757332,47.8824408993287,0,2026-10-04 23:42:43
2026-10-04 09:27:00,CNC-01,L,295.4459807899773,309.7142400485154,1348.470338989152,50.693972273541654,139.6210497321835,2.2946447177197795,12.811278632631925,60.19417078125376,0,2026-10-04 23:42:43
2026-10-04 08:08:00,CNC-03,H,22.348768856949334,37.115176549039916,1758.0960867418892,41.31235501511782,188.91841349094247,2.7141560965307985,13.158838357889273,63.49944071845962,0,2026-10-04 23:42:43
2026-10-04 15:34:00,CNC-02,M,299.1800218847006,313.19983529984916,1639.3115655844363,41.70527289047738,30.063373361336886,2.22770668935319,12.552207890430925,54.16010720054355,0,2026-10-04 23:42:43
2026-10-04 03:13:00,CNC-03,H,297.2295017979305,310.52102388231964,2259.51532412797,27.060658975493887,54.49352098064456,2.8423082068165963,11.501351684242236,54.489141815644615,0,2026-10-04 23:42:43
2026-10-04 05:43:00,CNC-02,M,296.5303214580478,310.87197467786103,2181.9469156026257,30.862559392204783,187.57408710982634,3.2608190203233547,12.888621486955268,58.40657146003745,0,2026-10-04 23:42:43
2026-10-04 09:39:00,CNC-02,M,296.95355096490425,311.32441448707846,1449.2899520824922,49.452672549494416,105.17397353106286,2.193626856063956,12.995623306525419,57.53991550241947,0,2026-10-04 23:42:43
2026-10-04 08:20:00,CNC-01,L,22.40160901136784,36.455474526696094,1814.580312893455,40.06601712713953,38.15836828337826,2.4208000742530387,13.75252599725177,59.48350799287586,0,2026-10-04 23:42:43
2026-10-04 20:06:00,CNC-03,H,299.1053603084028,312.97117725193584,2378.011184791561,25.37661497158688,234.60111430272775,3.8749294321807,11.43921357346105,54.1373262719082,0,2026-10-04 23:42:43
2026-10-04 03:44:00,CNC-03,H,296.9129555874115,309.3349550689183,2442.7367942971555,20.317854395998097,90.78405801823509,3.048469323092443,9.45972153376612,58.40104186652529,0,2026-10-04 23:42:43
2026-10-04 12:23:00,CNC-02,M,297.4094639975976,312.36223074212666,1345.6628952585766,54.504398652666,155.26439196192655,2.345562224916504,13.69893785344742,57.372839592358844,0,2026-10-04 23:42:43
2026-10-04 11:07:00,CNC-03,H,23.415347225650976,37.71781905793972,1294.7746444313066,53.122253446955554,196.72153870882966,2.5497712717617897,13.132131047513798,57.417542011823606,0,2026-10-04 23:42:43
2026-10-04 14:08:00,CNC-03,H,303.0282922745718,312.2812178967196,1385.0647793676906,52.96258922350335,240.00610325838943,2.980820423235165,13.642416727990982,47.19572051547398,0,2026-10-04 23:42:43
2026-10-04 02:37:00,CNC-01,L,297.25255291120504,309.108527753725,2478.740714400202,17.982901207968983,41.87229415919572,3.026395257483567,8.427276980345157,56.65206644147985,0,2026-10-04 23:42:43
2026-10-03 23:46:00,CNC-02,M,299.52696660842065,311.42958143779805,2675.5689858268797,16.4960126157182,21.12792081806966,3.2604036009875785,8.088760799507643,58.0110022114017,0,2026-10-04 23:42:43
2026-10-04 05:19:00,CNC-01,L,296.31421928881156,309.6520446699988,2179.5153223024327,30.14887099964927,6.358476432234961,2.7717762152204117,12.215508806604609,55.56127941264147,0,2026-10-04 23:42:43
2026-10-04 09:47:00,CNC-03,H,295.88818662892356,309.8597755441499,1465.0590527852792,48.34593317317743,70.79839935414711,2.1438456955220206,13.396925107829718,56.91653206430525,0,2026-10-04 23:42:43
2026-10-04 01:57:00,CNC-03,H,298.03131367889625,311.24881899296764,2578.8045658689125,20.589213448062235,189.93608379856096,3.5557741055080117,9.904474353333002,54.179673929945444,0,2026-10-04 23:42:43
2026-10-04 11:08:00,CNC-02,M,23.9468123404406,38.89132626248835,1490.4721975862863,54.85689779344381,36.2512383714476,2.171724087710643,15.278214528864835,56.2694214106306,0,2026-10-04 23:42:43
2026-10-04 05:33:00,CNC-03,H,296.0188386397964,310.88669440028,2190.682896598187,32.41333104605389,226.06239742923918,3.5381902507339693,13.159993384093289,56.51381795964182,0,2026-10-04 23:42:43
2026-10-04 01:22:00,CNC-01,L,298.3300477845786,310.28283393196017,2695.931055216497,15.322630889549297,152.70063435970238,3.5983050210441423,8.024057646716589,55.140052274643175,0,2026-10-04 23:42:43
2026-10-04 09:53:00,CNC-03,H,295.4588011744048,309.427616721368,1424.97388809931,48.297245782568424,80.10737874545894,2.1179606098799053,13.214117402900762,57.069402691694364,0,2026-10-04 23:42:43
2026-10-04 22:55:00,CNC-02,M,299.96868412040243,312.75324359341806,2686.1615528011785,17.861883512420697,109.22153841286638,3.4095411366651973,8.91156438097699,52.098028731320575,0,2026-10-04 23:42:43
2026-10-04 02:28:00,CNC-03,H,297.903742738552,309.5036497994556,2652.633888877443,15.324008450388865,3.2885444724597717,3.228023620326276,7.676881485318257,52.62272661024293,0,2026-10-04 23:42:43
2026-10-04 08:19:00,CNC-02,M,23.76733375414841,38.40193572488295,1566.3662425151751,46.3113394696481,188.60595734373106,2.7565373799477224,13.459991871797891,53.4591692075978,0,2026-10-04 23:42:43
2026-10-04 17:21:00,CNC-03,H,298.8494699984217,312.6644647505995,1932.9183405732902,35.203983721322494,23.554098947848175,2.51396867372645,12.685335710251813,50.62402886459874,0,2026-10-04 23:42:43
2026-10-04 09:13:00,CNC-02,M,296.8870115242834,310.9905382131447,1479.7544978230947,46.29044939368285,64.90369165939899,2.161694565150042,12.954592739786285,52.474628461918144,0,2026-10-04 23:42:43
2026-10-04 11:37:00,CNC-02,M,297.3344845978413,311.19746661900524,1285.0746841469702,51.42935033851773,82.1225774109305,1.988928220771692,12.52770974817007,52.00948218372585,0,2026-10-04 23:42:43
2026-10-04 10:55:00,CNC-03,H,22.78785694789127,37.319891934747034,1383.806178491516,52.511094439225666,177.6557512740126,2.45634049673736,13.729265750072004,58.61617394494767,0,2026-10-04 23:42:43
2026-10-04 09:17:00,CNC-03,H,295.61091843088167,309.703889110547,1525.2108633875937,47.089651427248306,24.39346928662586,2.3716731245853406,13.57822107824885,54.14192252806339,0,2026-10-04 23:42:43
2026-10-04 04:45:00,CNC-02,M,296.6821367240944,310.6058736834872,2290.947230267065,29.199258320869976,113.38484631250353,,12.658818392558606,56.81396938238028,0,2026-10-04 23:42:43
2026-10-04 16:59:00,CNC-03,H,298.84437170854926,313.6810081020951,1742.0657598870082,41.94706854561741,218.42678965127834,2.9902738368372725,13.795490888952978,52.807848348664976,0,2026-10-04 23:42:43
2026-10-04 05:04:00,CNC-02,M,296.6724050830425,5949.829757716418,2077.9948547317285,32.0041111585341,137.37119880130905,2.7783776044103115,12.177957327291283,57.985398812090196,0,2026-10-04 23:42:43
2026-10-04 03:05:00,CNC-01,L,296.81650307820826,308.63535316580635,2654.551256662498,14.707146247752602,73.45231859846307,3.387546630039517,7.495841105625053,58.085834000086564,0,2026-10-04 23:42:43
2026-10-04 09:31:00,CNC-02,M,296.5662627179835,310.90901069511585,1479.205863678288,47.84271206751681,92.79595085495883,,13.069356242372073,54.97599843411552,0,2026-10-04 23:42:43
2026-10-03 23:42:00,CNC-01,L,299.22333093289177,310.97239998515533,2642.2927652520666,14.325043236475764,46.693112068050624,3.199838796662654,7.079650538544221,53.59841656651435,0,2026-10-04 23:42:43
2026-10-04 02:00:00,CNC-03,H,297.93780087363626,311.7510253913948,2604.4595094045058,24.184105642855794,193.2599471645275,3.509278317378673,11.681167204573384,56.51059766872659,0,2026-10-04 23:42:43
2026-10-04 11:07:00,CNC-02,M,23.927938900960953,37.78056928867528,1377.4901040709497,49.173041487382335,34.6512383714476,2.13237633538767,12.493443057983452,57.21532773629168,0,2026-10-04 23:42:43
2026-10-04 14:25:00,CNC-02,M,304.0231602731552,312.79066302861213,1606.8834406181816,46.36575397458279,139.65489055412527,2.4074101317813925,13.934435578926463,44.90904866313809,0,2026-10-04 23:42:43
2026-10-04 05:18:00,CNC-03,H,296.2679536745352,310.2857909765819,2127.6214957221246,29.28379021001924,206.639433909548,3.1866685901223666,11.626500902070989,1134.463086729037,0,2026-10-04 23:42:43
2026-10-04 14:33:00,CNC-03,H,303.4461009022935,311.3982894863694,1441.8739139906127,49.26690864220645,3.149845171360316,2.131037034366098,13.105097017549612,46.65808371045279,0,2026-10-04 23:42:43
2026-10-04 02:24:00,CNC-02,M,,310.85934907022437,2744.8025360956367,16.686980059444444,190.93258162483497,3.8456391045880336,8.554135159525547,59.54892249260996,0,2026-10-04 23:42:43
2026-10-04 21:36:00,CNC-03,H,298.7360955621852,311.2168047215405,2601.319100778432,19.357633798080705,101.29251498156286,3.176654969071954,9.431209089698784,50.48392833239378,0,2026-10-04 23:42:43
2026-10-04 11:59:00,CNC-01,L,296.43432090847216,310.68239133333503,1267.0420577405653,54.876014261451225,178.87013051086757,2.5858775273911436,12.969952696248662,59.31131511959051,0,2026-10-04 23:42:43
2026-10-04 17:19:00,CNC-01,L,299.1322965567509,312.5200550486711,1920.5610258863692,34.39812447986528,6.84255394523819,2.5380222116548454,12.378552848834232,51.19928202516881,0,2026-10-04 23:42:43
2026-10-04 18:25:00,CNC-01,L,299.6142376157258,314.0186446114386,1947.5323984530833,37.896402404678476,95.07683805372555,2.661617045449451,13.83388886580779,55.73450232955024,0,2026-10-04 23:42:43
2026-10-04 11:41:00,CNC-02,M,297.44721782373375,312.1827030203816,1515.7906113133245,51.045311077083205,88.46304256212814,2.223011835668154,14.621623350573165,53.20500494232693,0,2026-10-04 23:42:43
2026-10-04 21:06:00,CNC-03,H,298.8380858779551,312.0392899006544,2724.3621305491943,20.70714541691355,67.56672789775753,3.359679936025897,10.457004632142883,53.87233148738057,0,2026-10-04 23:42:43
2026-10-04 05:04:00,CNC-01,L,296.4298333523865,311.74680459547653,2056.1448790627223,38.63262653460158,216.59135210197397,3.6259677568468716,15.029215546683462,59.439716740429546,0,2026-10-04 23:42:43
2026-10-04 03:00:00,CNC-01,L,297.1430058292398,309.85572383405116,2515.9892756800805,21.872373835537044,67.77411846470193,3.1151484372871345,10.156707089450283,54.620029408350575,0,2026-10-04 23:42:43
2026-10-04 13:34:00,CNC-02,M,297.978353210119,312.3855123725396,1442.0940860807773,51.28480258272325,60.06379006783298,2.044076405313662,13.906421734807727,58.42547528695467,0,2026-10-04 23:42:43
2026-10-04 11:01:00,CNC-01,L,22.990289899138077,37.4955274336977,1527.5660830542313,49.51014788483133,86.63767075045554,2.280088464663568,13.89542408205232,57.717786647552614,0,2026-10-04 23:42:43
2026-10-04 10:55:00,CNC-02,M,24.23078508045296,38.09600627994439,1408.9293412549237,47.731760741224534,15.716750601880202,2.052487420710945,12.559703602907506,55.85206837379984,0,2026-10-04 23:42:43
2026-10-04 08:59:00,CNC-03,H,295.54757518937004,310.59942013348166,1587.4692129350226,45.94181797556328,265.3619843359095,3.4631000521851223,13.63428804942206,59.58681178033956,0,2026-10-04 23:42:43
2026-10-04 08:10:00,CNC-01,L,22.34627396753632,35.73121449600177,1742.1356035262572,38.80591080994538,23.37132355830832,2.3354517493427545,12.591137531943094,59.69054010726568,0,2026-10-04 23:42:43
2026-10-04 07:10:00,CNC-03,H,295.5952659323393,309.45936581232644,1711.956888794232,37.91784659225613,105.37014015567242,2.4289166896388474,12.027575244505556,59.09673412425813,0,2026-10-04 23:42:43
2026-10-04 13:16:00,CNC-03,H,297.2854689584573,312.39500837481575,1365.5268629118593,56.5374681761541,158.28193809642707,2.31952766561541,14.715536809956292,55.25717420994703,0,2026-10-04 23:42:43
2026-10-04 16:50:00,CNC-03,H,298.5943870716581,313.2565629558505,1740.4132777524655,40.71045941549424,205.7355885619523,2.954829785019213,13.287402309924666,57.55746092852273,0,2026-10-04 23:42:43
2026-10-04 16:35:00,CNC-01,L,299.14249796678274,313.4942647277282,1728.3781073921566,41.68192418882215,163.25005262539577,2.712720238353582,13.461972397741526,51.46971468639689,0,2026-10-04 23:42:43
2026-10-04 16:02:00,CNC-03,H,298.6783190586104,313.28048596510655,1784.63130796934,40.72240148012762,136.99659552814737,2.6180713205366675,13.520226939442006,52.535291169628685,0,2026-10-04 23:42:43
2026-10-04 13:11:00,CNC-03,H,297.38121029639916,312.3086788060639,1506.535706181356,50.1390675278722,150.32732739614758,2.3632231370655066,14.251860114941358,60.473245415004,0,2026-10-04 23:42:43
2026-10-04 19:06:00,CNC-02,M,300.30493083182967,314.18337347036123,2337.779217503483,27.37123006309841,87.42000601903922,2.920381995423983,12.034642819713532,51.64768272708139,0,2026-10-04 23:42:43
2026-10-04 04:22:41,CNC-01,L,296.49293743897766,310.5965992685011,2279.630241720863,28.64243498606751,164.053578042575,3.26769529934982,12.138857383204181,60.82313116083962,0,2026-10-04 23:42:43
2026-10-04 23:05:00,CNC-02,M,300.02053313121434,313.6698856538254,2700.996967528218,22.111738777102993,119.8304804347505,3.444826042927514,11.462708067925282,49.489080571302196,0,2026-10-04 23:42:43
2026-10-04 01:38:49,CNC-01,L,9210.324672338713,310.52482722521904,2610.726610758498,17.219478992679257,170.09231983119435,3.614654981278165,8.522320194099656,56.5734708258773,0,2026-10-04 23:42:43
2026-10-04 20:16:00,CNC-02,M,300.61171148128636,314.7450638731838,2403.392094021138,,172.13715009681766,3.2867379373782337,11.524076323000237,52.48790579912866,0,2026-10-04 23:42:43
2026-10-04 14:16:00,CNC-02,M,303.8848015960795,312.44356121623207,1439.6351299647574,48.946741777603265,125.69259043441569,2.3019487341441205,13.226488734026942,39.788477257406804,0,2026-10-04 23:42:43
2026-10-04 15:22:00,CNC-02,M,299.38793665038736,313.3027976054188,1564.3602625955311,45.996299295136076,12.109459252472538,40.50127903430481,13.401844324522576,52.325990254232785,0,2026-10-04 23:42:43
2026-10-04 15:02:00,CNC-01,L,298.39638363207604,312.3469799888599,1581.7386063724095,43.09155175571295,26.069306307145215,2.218615298364828,12.930477386430846,54.8437991808536,0,2026-10-04 23:42:43
2026-10-04 01:08:00,CNC-01,L,298.4602025150301,311.5814209271839,2661.972155780376,20.282012816748395,137.92455954711747,3.4041298163056823,10.195975753002106,56.19456988963749,0,2026-10-04 23:42:43
2026-10-04 18:00:00,CNC-03,H,298.9993123730883,312.93871748726707,2001.4657903042919,34.37661150443684,76.22402870462777,2.614848789543303,12.93241728575531,57.20658856573821,0,2026-10-04 23:42:43
2026-10-04 00:02:00,CNC-03,H,298.5850770462922,310.17547056672436,2734.702456968855,13.61460331445694,66.6134740682477,3.3364345393800856,6.723674117091588,52.104043987198956,0,2026-10-04 23:42:43
2026-10-04 06:57:00,CNC-03,H,295.5815718928091,309.92303763640655,1803.9342388762027,39.24195744208717,87.18361910122742,2.587129235331576,13.067044895817022,59.349153774146046,0,2026-10-04 23:42:43
2026-10-04 22:44:00,CNC-01,L,299.1712176385078,312.2607490288771,2661.1452510798513,20.103569577862135,158.48251321958736,3.55369372016142,10.24592789944996,53.39183059912765,0,2026-10-04 23:42:43
2026-10-04 11:30:00,CNC-01,L,23.052681921509986,37.38237227581482,1344.6028234306614,53.583172487650806,132.7250013174513,2.210248913514435,13.221635132450418,57.08143670065437,0,2026-10-04 23:42:43
2026-10-03 23:54:00,CNC-02,M,299.1619742711629,310.6893382133056,2722.2546417665117,14.39363169801192,29.698291027892324,3.254410732515278,7.05024040727343,55.64282302798743,0,2026-10-04 23:42:43
2026-10-04 16:52:00,CNC-01,L,299.2613219410529,314.0506796024732,1734.0293585485956,44.0732348505087,187.47573703486745,3.0195190772700324,14.25444337362631,51.06549854993846,0,2026-10-04 23:42:43
2026-10-04 22:58:00,CNC-01,L,299.13273861602596,312.40808926555343,2718.411923619485,20.00709957978335,173.81074364009064,3.835497235645012,10.231031744208254,57.64100210205376,0,2026-10-04 23:42:43
2026-10-04 06:08:00,CNC-01,L,295.99114615879597,310.0334599117319,1986.3074972596712,35.514148048686735,70.571487239124,2.604074599179063,13.1131818202138,58.06865987715192,0,2026-10-04 23:42:43
2026-10-04 05:28:00,CNC-01,L,296.07653868477877,309.71438470480183,2080.6790550649594,33.19025752218707,18.088297724610843,2.653073664135436,13.016825466823132,59.20092862385935,0,2026-10-04 23:42:43
2026-10-04 13:18:00,CNC-02,M,298.08400150489484,311.7537040590182,1382.1439717572484,47.459884241533906,34.87677587371299,2.0191250149548203,12.363808939490848,56.96888823477497,0,2026-10-04 23:42:43
2026-10-04 13:02:00,CNC-01,L,296.87221946614017,311.3332272216811,1666.8972487313108,46.3717097733536,39.44856791134174,2.3687090206025396,14.57147107577736,54.02960938592357,0,2026-10-04 23:42:43
2026-10-04 13:28:00,CNC-01,L,297.1053924129287,311.318841096297,1468.022923903479,48.52408542946846,80.56571749874577,2.0820633933267674,13.423818213291034,58.23691816919578,0,2026-10-04 23:42:43
2026-10-04 01:40:00,CNC-01,L,298.1903316338636,310.7836530379594,2654.65124792945,16.930829964743243,172.233983196309,3.5861506976256443,8.260885511450521,52.27740396766821,0,2026-10-04 23:42:43
2026-10-04 22:34:27,CNC-02,M,300.1676606500695,312.2298283664419,2592.543508211648,14.150363723389434,87.98234940371083,3.197544727530024,6.625247837693362,54.501441963083145,0,2026-10-04 23:42:43
2026-10-04 00:59:00,CNC-02,M,298.3310038928368,310.3556840538146,2767.2373247077326,14.476264254114438,98.75799624400648,3.426498864780338,7.674472825710585,57.68265331625092,0,2026-10-04 23:42:43
2026-10-04 09:59:00,CNC-02,M,296.7921566920583,311.0712842480128,1539.3512720126735,44.73239758337124,136.02951003138543,2.3259259331084756,12.818580373671027,58.98625479448932,0,2026-10-04 23:42:43
2026-10-04 18:52:00,CNC-02,M,300.41963504080434,314.37685848140535,2301.3150209352484,28.172311894727095,69.89819250977804,2.791189724861256,11.914879442491822,51.200470053150966,0,2026-10-04 23:42:43
2026-10-04 01:02:00,CNC-03,H,298.51389493248183,311.56257069854195,2743.426672069558,19.38930082779652,130.58832867663168,3.360423929092267,10.099548416210373,54.03459474744433,0,2026-10-04 23:42:43
2026-10-04 04:35:00,CNC-03,H,296.2025486004294,309.57137629607604,2296.4367787900483,25.432488660248996,152.6888080314697,3.0680578999682,11.149299715067993,60.05690497092195,0,2026-10-04 23:42:43
2026-10-04 11:08:04,CNC-03,H,22.98525805493159,37.572015398472274,1476.2078410040306,49.87899319946985,199.83664834980593,2.576817685778663,13.88907892932982,60.97595132867532,0,2026-10-04 23:42:43
2026-10-04 13:21:00,CNC-03,H,297.3341008845751,,1407.1292278676458,52.535677325571235,166.2390574216477,22.919675726143545,13.898278737604953,56.94152849594943,0,2026-10-04 23:42:43
2026-10-04 11:39:00,CNC-03,H,296.65318127276646,310.5691166892129,1343.761787395544,53.18001269245976,4.744589622131132,1.9577432096179823,13.29946996848295,61.67296034552564,0,2026-10-04 23:42:43
2026-10-04 02:31:00,CNC-03,H,297.597136671319,309.52971200284725,2613.5226336983446,17.38134089542332,6.619221643574256,3.0881784035580893,8.64770948054582,57.104847679299,0,2026-10-04 23:42:43
2026-10-04 18:17:00,CNC-02,M,300.2814379323169,314.23085972453583,2181.1088720557354,32.0016530147428,25.291371169539687,2.7738350791332502,13.093303861970927,49.98145571954817,0,2026-10-04 23:42:43
2026-10-04 21:35:00,CNC-01,L,299.1935411048577,310.9301360702524,2564.62904660207,15.49126746314698,83.32053391986824,3.047382785872103,7.5942614966914554,0.0,0,2026-10-04 23:42:43
2026-10-04 19:34:00,CNC-01,L,299.49450676612094,313.271052954069,2213.927655809699,26.445716123010655,182.39214686765106,3.35796563754594,10.997424695359117,52.64052904349234,0,2026-10-04 23:42:43
2026-10-04 18:52:00,CNC-01,L,299.87856039771214,314.31634039336086,2121.100521286546,35.072481137764775,129.78563090908716,2.8662179664267655,13.838028411459621,50.964421888977284,0,2026-10-04 23:42:43
2026-10-04 15:11:00,CNC-03,H,303.5781466497448,311.6177948421408,1515.6853951910252,47.18134008605567,61.08077478368649,2.1727870547982664,,48.82667547130299,0,2026-10-04 23:42:43
2026-10-04 17:08:00,CNC-03,H,298.8524274246827,312.4237364887679,1743.360683708742,38.662419085989384,5.620324685665141,2.4113372310765366,12.885729939748437,49.13640701537394,0,2026-10-04 23:42:43
2026-10-04 10:40:00,CNC-02,M,24.210062785602645,39.18103196159274,1424.164847999622,52.60608529694882,200.67637342193515,2.7842291562000927,13.968948326244844,59.052638356644735,0,2026-10-04 23:42:43
2026-10-04 01:34:00,CNC-01,L,298.21897567768855,311.1163346767791,2547.462345196601,19.724503779857898,165.77620910622323,3.4858739485791435,9.608351472363012,51.8353583636011,0,2026-10-04 23:42:43
2026-10-04 18:21:00,CNC-01,L,299.6033325177302,313.5938170150227,2238.3367205426434,28.895222632100584,89.77040307365172,2.8900026919727146,12.079486086616498,50.20351171132051,0,2026-10-04 23:42:43
2026-10-04 18:55:00,CNC-02,M,300.37545408607133,314.8525412186881,2158.9280369880157,32.17080430214833,73.63274305889445,2.7901564734652182,13.03815782649625,51.01542730993482,0,2026-10-04 23:42:43
2026-10-04 02:30:00,CNC-03,H,297.7594884710497,309.4630576691508,2589.893612207613,16.517910590135774,5.530910805597207,3.1701279598284726,8.167826196225914,57.26437444970769,0,2026-10-04 23:42:43
2026-10-04 09:44:00,CNC-01,L,295.7607564521963,310.48768556729755,1557.9814973374603,48.367897270304574,165.8731118030934,2.6665767512125496,14.034045094475864,56.1678622010453,0,2026-10-04 23:42:43
2026-10-04 13:39:00,CNC-02,M,298.3413868083543,313.05534331430914,1523.8889123919519,50.07472547686718,67.85901993330874,2.167463762930118,14.341304986535873,47.45313913988945,0,2026-10-04 23:42:43
2026-10-04 08:01:00,CNC-01,L,22.23920474648628,35.39399985135026,1625.117048648289,39.433884053789846,10.167167380233106,2.3337848357609468,11.903748054102529,56.44607145438562,0,2026-10-04 23:42:43
2026-10-04 11:21:00,CNC-01,L,22.83197006863719,37.38302522614788,1349.901276794113,53.420154378872745,118.44620473166923,2.175465621443695,13.559845287655094,58.707350316460285,0,2026-10-04 23:42:43
2026-10-04 01:50:00,CNC-03,H,298.264852516907,310.82819992402386,2735.298160558167,16.321650802720278,182.26313189036233,3.6757378799386444,8.429398262063923,,0,2026-10-04 23:42:43
2026-10-04 04:13:00,CNC-03,H,296.81592873653653,310.18797203636035,2377.8474560326367,25.3043083883317,125.71262140977481,3.0269332125805133,11.280443271557319,59.6511757620769,0,2026-10-04 23:42:43
2026-10-04 02:35:00,CNC-01,L,297.337103554183,309.40259722443585,2639.468468924787,17.803735137262183,39.65188630107191,3.1591015044155415,8.736632008829922,57.27662449097514,0,2026-10-04 23:42:43
2026-10-04 20:03:00,CNC-01,L,299.6738526113901,314.20063903331396,2358.6358682584105,29.13914995949828,217.27820156193224,3.889904978897754,12.959161791561943,50.62230617696572,0,2026-10-04 23:42:43
2026-10-04 04:15:02,CNC-01,L,296.6342494480655,310.34066863771415,2259.527137630934,26.55699170936859,154.3697889562207,3.3310128255966007,11.336855040143039,61.28164477267957,0,2026-10-04 23:42:43
2026-10-04 08:10:00,CNC-02,M,23.58645735671024,39.04056178545625,1640.7758405647564,49.87432553137258,175.1746000018519,2.7529310231792365,15.351404788176051,55.84332619953557,0,2026-10-04 23:42:43
2026-10-04 18:36:00,CNC-03,H,299.33722714273904,313.88711452743473,2263.174339902227,31.958096165810208,123.36878989775519,2.9060270521360447,13.427557832334802,52.88583972449334,0,2026-10-04 23:42:43
2026-10-04 15:39:00,CNC-01,L,298.36878972024425,312.3018454002016,1686.7156026968098,41.57096911054738,81.58499618805885,2.307564170514763,13.117898943972627,54.95041511757901,0,2026-10-04 23:42:43
2026-10-04 07:32:00,CNC-01,L,22.022871860059126,36.67968404140703,1758.5864967784244,41.57065001785881,186.78109752885018,3.0628780105730704,13.424354312811118,60.2075339313436,0,2026-10-04 23:42:43
2026-10-04 11:25:00,CNC-03,H,23.420740601662033,38.50760525274751,1398.5225964974736,52.83546542977643,225.23345673787867,2.7069119247215983,13.723297423289887,58.31717879220797,0,2026-10-04 23:42:43
2026-10-04 09:37:00,CNC-02,M,296.7937001529491,311.36557351559253,1478.6914335022434,50.6507549806498,102.06964793258433,2.2029227415198847,14.111037144631133,55.67848946401097,0,2026-10-04 23:42:43
2026-10-04 16:41:00,CNC-03,H,298.6246217446324,313.6785232579132,1796.535750028211,44.175694281729406,192.96170506356424,2.852060569301103,15.09890005867623,55.82126173818789,0,2026-10-04 23:42:43
2026-10-04 04:56:00,CNC-03,H,296.0798137158544,310.8035530105451,2273.7525617592228,31.723161385611306,178.63438743436095,3.1744752745987346,13.56694170701296,53.814816057662604,0,2026-10-04 23:42:43
2026-10-04 22:45:00,CNC-02,M,300.1220514227308,313.2366516472834,2568.228733825457,20.01962388532826,98.68446205791554,3.2109542664744453,9.798701975281833,53.07757012236357,0,2026-10-04 23:42:43
2026-10-04 11:54:00,CNC-02,M,297.288907185368,311.6161343852665,1358.1614248447263,51.672348046331884,109.05577508772252,2.2420140939157465,13.353795894662136,57.67908035227332,0,2026-10-04 23:42:43
2026-10-04 06:12:00,CNC-03,H,295.63072207934425,308.92855735690284,1973.9528487891891,31.823532826084218,25.461220091712885,2.5945992041227344,11.938256445288143,61.83210565893486,0,2026-10-04 23:42:43
2026-10-04 10:08:00,CNC-01,L,295.679705742401,309.6861283453571,1461.2440586841333,1474.8034076948366,3.116339928941062,2.080294910903783,13.21093033278755,56.619356720734935,0,2026-10-04 23:42:43
2026-10-04 16:18:00,CNC-03,H,298.65878262974115,313.80787616611894,1636.6333980125169,47.99931816918147,160.08596473099027,2.503334466138714,14.844164361108122,51.63788098239914,0,2026-10-04 23:42:43
2026-10-04 16:40:00,CNC-02,M,299.778285549502,314.3040653946097,1783.8723285528256,39.29271807408499,126.64686472673779,2.5931707825502337,13.097110064021487,53.09281894386494,0,2026-10-04 23:42:43
2026-10-04 21:11:00,CNC-01,L,299.09980593895585,311.72765395984305,2486.142005122734,20.37802210238642,56.443081023001064,3.20860071882321,9.647058177851433,57.09682562810628,0,2026-10-04 23:42:43
2026-10-04 11:24:00,CNC-03,H,23.170301426854678,37.73495634414451,1315.0473795153844,53.728923789009706,223.63345673787867,2.704634573321956,13.012854044861722,53.60265366874587,0,2026-10-04 23:42:43
2026-10-04 02:27:00,CNC-03,H,297.7057085193411,310.0527731340303,2594.512932737306,18.38133862072847,2.190054518604609,3.127458399839251,8.905815762367352,54.441387286345396,0,2026-10-04 23:42:43
2026-10-04 02:46:00,CNC-03,H,297.6144733097847,309.91985954762083,2525.4983441750655,19.273178455991737,23.498221062592144,3.0360027364173745,9.120914978409719,59.598827256984784,0,2026-10-04 23:42:43
2026-10-04 10:03:00,CNC-03,H,295.8920973936613,310.05321961242316,1380.8411068591859,51.283895531808305,95.73930034480122,2.1578311710643674,13.382062617312455,57.02681309287708,0,2026-10-04 23:42:43
2026-10-04 14:01:00,CNC-01,L,303.11529197881424,311.5779526560372,1394.0522075321514,52.84673313237506,132.21722095762385,2.2924803906684867,13.965573807836426,46.64943616558114,0,2026-10-04 23:42:43
2026-10-04 10:00:00,CNC-03,H,295.75900240868157,309.67592081591977,1340.5179105840532,50.819493862255584,91.01539753451436,2.0464416607443368,12.697130642669746,56.780410123555434,0,2026-10-04 23:42:43
2026-10-04 11:02:00,CNC-02,M,24.26580110604573,38.220249355182034,1383.1708342755405,50.37861595748698,26.795636887305175,2.096128238504688,13.334495584167595,54.326079634233395,0,2026-10-04 23:42:43
2026-10-04 17:31:00,CNC-03,H,298.9377993493229,312.8260699931448,1843.9341819410474,37.13340150086708,37.32299255474395,2.4123635567494857,12.827299943363558,50.66163789901854,0,2026-10-04 23:42:43
2026-10-04 12:16:00,CNC-03,H,296.8967558257258,310.5213915947408,1334.638648072558,48.552680706968616,63.33106199734452,2.0185270258305206,11.974889816869265,57.166747882430386,0,2026-10-04 23:42:43
2026-10-04 10:46:00,CNC-01,L,22.75953034625661,37.396606645343866,1395.7093722870777,55.00391207234879,62.98697576823468,,14.475634096226564,55.67075182397949,0,2026-10-04 23:42:43
2026-10-04 07:59:00,CNC-03,H,22.391865880006605,37.11936392901811,1746.1989065204982,41.918484955491245,175.85661113750322,2.6601469151503703,13.590487395598092,60.68900414777143,0,2026-10-04 23:42:43
2026-10-04 14:05:00,CNC-02,M,303.9778758115825,312.6660105705753,1603.7230575090896,48.165900896013056,108.46971503722575,2.372512570370565,14.317322249717323,40.575489253250275,0,2026-10-04 23:42:43
2026-10-04 13:25:00,CNC-03,H,297.3208001305415,312.063029516592,1406.6611334479533,52.70054530172755,172.5946807277508,2.430578909460409,13.879329265022266,53.00597798446466,0,2026-10-04 23:42:43
2026-10-04 12:03:00,CNC-02,M,297.6811505772912,311.8085098411559,1301.0546672724292,50.21833019055518,123.39035004286517,2.112255530645537,12.176531118259435,59.06672996261095,0,2026-10-04 23:42:43
2026-10-04 21:17:00,CNC-03,H,298.95998828092013,312.4914314588609,2407.355410786439,24.96020753044725,80.00609790347212,3.0331319835195383,11.141980832763922,57.62661250909487,0,2026-10-04 23:42:43
2026-10-04 12:50:00,CNC-02,M,297.8789273825045,313.06861125060476,1427.3050010307827,53.16844038778361,198.0764783351404,2.662512924630285,14.271207163716886,57.99667710873081,0,2026-10-04 23:42:43
2026-10-04 15:29:00,CNC-02,M,299.11837507086636,313.4397148537432,1709.4041802919182,43.3440061516333,22.54040278674689,2.290745885936934,14.213762834372613,50.84250153925239,0,2026-10-04 23:42:43
2026-10-04 06:02:00,CNC-03,H,295.876776732074,309.1579076966856,1915.8884006129913,33.05371056479613,12.002101805526637,2.545724218572261,11.876286302760956,61.369794916436064,0,2026-10-04 23:42:43
2026-10-04 18:46:54,CNC-03,H,299.23201069262586,313.7635777788455,2283.8089592967635,32.23484738049879,136.30504763869382,3.042169567357553,13.728079356853408,54.281926360701625,0,2026-10-04 23:42:43
2026-10-04 09:25:00,CNC-01,L,295.619357016246,,1464.624240034692,48.630122760003005,136.5205056640296,2.3307987645181547,13.510012583870612,59.01818054296919,0,2026-10-04 23:42:43
2026-10-04 10:36:00,CNC-01,L,23.10500851344807,36.88382859728529,1318.0255001669877,51.31984248124926,47.248477136642116,1.933966671017975,12.735663035959895,57.708283968615184,0,2026-10-04 23:42:43
2026-10-04 01:54:00,CNC-01,L,297.9932671286659,311.499192958587,2686.6556298255355,20.670973959504096,187.77600895054374,3.888426301549376,10.334235515411608,55.39004790448611,0,2026-10-04 23:42:43
2026-10-04 13:09:00,CNC-02,M,298.13604155171635,312.0305522130435,1420.9049047958858,48.54662782120618,20.6734358776216,1.9931837818225038,12.77180751291145,,0,2026-10-04 23:42:43
2026-10-04 15:27:00,CNC-01,L,298.34179314595,312.9398668535483,1610.3752005872714,50.302606888678476,63.65828034386648,2.304566772158121,15.123445537672833,52.49347088523614,0,2026-10-04 23:42:43
2026-10-04 08:14:00,CNC-02,M,23.690943449811243,38.58223041820713,1618.6519482144713,46.374418617001524,181.1744521141617,2.6821271368292057,14.03476541256175,57.31783864302873,0,2026-10-04 23:42:43
2026-10-04 02:35:00,CNC-03,H,297.6211078612431,309.01901423372993,2559.360110935072,14.827670466411188,11.157580960494476,3.047986941940503,7.183428915701882,53.19019314963781,0,2026-10-04 23:42:43
2026-10-04 11:23:00,CNC-03,H,23.124254391005195,38.41705143707071,1313.6758364411644,60.060163975385215,,2.6796048334027973,14.74198628001275,57.68185975066772,1,2026-10-04 23:42:43
2026-10-04 00:52:00,CNC-02,M,298.46385363562507,310.30469390008386,2686.3645545505733,15.619051386337478,91.36456464809264,3.2514036399526667,7.97890908409823,56.12713694510147,0,2026-10-04 23:42:43
2026-10-04 18:59:21,CNC-02,M,300.20315124062995,314.37011610297026,2334.6585204391026,27.333897450647918,77.44612747195573,2.9234647246456515,11.935777334283996,47.94408950335911,0,2026-10-04 23:42:43
2026-10-04 14:49:00,CNC-03,H,303.60225647022946,311.5655660811028,1549.8128801207038,47.469973352875186,27.771347790769095,2.2487062153770303,13.64189161964279,41.15453913956713,0,2026-10-04 23:42:43
2026-10-04 15:25:00,CNC-01,L,298.23213716036145,312.4622726304538,1641.7318476865955,44.32041572275195,60.62618714103805,2.3857853372769267,13.609739803389873,55.70161231093449,0,2026-10-04 23:42:43
2026-10-04 21:08:53,CNC-02,M,300.32471312212454,313.92891868569353,2429.7017798226366,21.781604256581744,234.59547271657007,3.961929451869564,10.074308913547716,53.75952929684546,0,2026-10-04 23:42:43
2026-10-04 09:43:00,CNC-02,M,,311.87981839622125,1695.9622265697808,47.461545303016074,111.37396779184141,2.5102073173059125,14.653682413951843,56.42244387110383,0,2026-10-04 23:42:43
2026-10-04 02:49:00,CNC-01,L,297.37033925022484,308.95717915881454,2613.0260127640477,14.702936069787441,55.337137519907536,3.0677349407724455,6.9935247053842655,59.160453336338634,0,2026-10-04 23:42:43
2026-10-04 22:54:00,CNC-02,M,299.5042800543959,311.9314540097192,2775.9564338795367,14.84514432448041,108.16231255658249,3.3258491205258354,7.698366168056219,54.05195154474603,0,2026-10-04 23:42:43
2026-10-04 17:16:00,CNC-03,H,298.52944587053577,311.4869864309212,1936.8092095850352,30.83482483702582,16.73220673248372,2.4662980555335463,11.130238669488035,54.209799668601185,0,2026-10-04 23:42:43
2026-10-03 23:50:00,CNC-02,M,299.0926638112228,309.92763609172584,2590.592964996392,11.602079946892268,25.436926518697742,3.1030500784293356,5.811169810729415,51.42181436808572,1,2026-10-04 23:42:43
2026-10-04 21:23:00,CNC-03,H,298.52734429667134,310.99788178020805,2586.990137985915,18.41972600521351,86.739627056082,3.239341378137702,9.096618121646799,53.75645310261929,0,2026-10-04 23:42:43
2026-10-04 12:13:00,CNC-02,M,297.67230224221515,312.4058796119259,1400.7080960757169,52.527022781922334,139.34801799565807,2.3642969373220954,13.681309424566088,54.89878065153329,0,2026-10-04 23:42:43
2026-10-04 14:56:00,CNC-02,M,304.1691086068215,313.056014700953,1565.6611736716884,46.992046438409254,187.30512506126576,2.7125184225096155,13.753901177472791,45.10452505383778,0,2026-10-04 23:42:43
2026-10-04 04:47:00,CNC-02,M,296.880984966583,311.07268303390805,2221.1239211831594,31.425575087136732,115.87465727630162,3.0025838418422146,13.12015753620611,58.48865761754618,0,2026-10-04 23:42:43
2026-10-04 15:06:00,CNC-03,H,303.3260330439237,311.0240960235637,1566.4701087620588,44.53298728425143,53.49958325378079,2.1572156825758184,13.13396270035171,43.51181233720585,0,2026-10-04 23:42:43
2026-10-04 02:25:00,CNC-03,H,297.8203992294014,309.2441067541827,2577.2544535151724,15.050292719282819,0.0,3.1330606103464045,7.385234343412005,58.54020520347312,0,2026-10-04 23:42:43
2026-10-04 16:26:00,CNC-03,H,298.5402805546451,313.0037745958485,1661.0302717467673,43.46291178618123,171.75346620359306,2.6164761804705114,13.261989729747766,54.277447625472085,0,2026-10-04 23:42:43
2026-10-04 04:15:00,CNC-03,H,296.55039591028697,310.5398326373952,2272.3315567072254,29.703074938812183,128.14373575174344,3.0065557562340968,12.675326935324868,59.22763189906704,0,2026-10-04 23:42:43
2026-10-04 21:40:00,CNC-01,L,298.8881028894902,311.62087294400294,2653.256540596786,19.376042052666673,88.85036190022247,3.2175904938120743,9.539751384795101,52.36082920171846,0,2026-10-04 23:42:43
2026-10-04 02:02:00,CNC-02,M,298.1211688134532,311.3127433785531,2486.7332867054756,20.993889002341515,166.8141806264991,3.365982152924394,9.628455965004953,53.68973618007722,0,2026-10-04 23:42:43
2026-10-04 07:53:00,CNC-03,H,22.488475954103592,36.964244748833096,1716.8845591004108,40.77034791252222,2484.296906470022,2.6007156564207428,13.037673566541814,62.40756021617432,0,2026-10-04 23:42:43
2026-10-04 11:28:00,CNC-02,M,24.093910003068686,38.61116658274426,1354.489650965963,55.05255706470825,67.88649813349542,2.175327400072877,13.936869517853067,55.449665015591954,0,2026-10-04 23:42:43
2026-10-04 00:11:00,CNC-01,L,298.54928959379845,310.7492682473687,2892.1799655347118,15.701241639799779,77.20062918095799,3.452534984734518,8.411768606935045,51.82765108307442,0,2026-10-04 23:42:43
2026-10-04 22:50:00,CNC-03,H,298.24723744082615,311.0013127972075,2774.481911224546,17.06204347864951,181.7883504417392,3.834312069641004,8.599104889328276,56.672043303990094,0,2026-10-04 23:42:43
2026-10-04 18:04:00,CNC-01,L,299.89683548618683,314.1820922757947,2083.2353234034567,34.58476229152163,67.53861346069425,2.8022599628142313,13.407141472235702,51.755485135005955,0,2026-10-04 23:42:43
2026-10-04 13:24:00,CNC-02,M,298.1852936751909,312.4644591819047,1471.109207279816,0.0,44.33005552933372,2.1915484692524725,13.890134555979678,57.664008387001275,0,2026-10-04 23:42:43
2026-10-04 12:18:00,CNC-01,L,296.78887427526183,311.34001468050286,1331.7587085340706,51.190383680399755,208.9733342231804,2.835588607453379,12.633469825317315,51.7152198062295,0,2026-10-04 23:42:43
2026-10-04 15:26:00,CNC-02,M,299.1837099145462,312.83677164697457,1588.3109334538256,41.347112188261434,18.096547267287605,2.2212136239789246,12.345624588482773,52.055997602517756,0,2026-10-04 23:42:43
2026-10-04 20:56:00,CNC-02,M,300.2927724873042,314.2135239623349,2544.986670755021,23.12537556113739,218.61519004113876,3.9663677658071474,10.99251864439238,54.2053989139625,0,2026-10-04 23:42:43
2026-10-04 15:56:00,CNC-01,L,298.4027368748914,312.77329570557316,1641.4934014027483,44.83106791188155,106.78710306478136,2.4348156442294133,13.850919849693733,54.906488299828965,0,2026-10-04 23:42:43
2026-10-04 07:39:00,CNC-03,H,22.43304693804032,37.759048823687976,1985.6511843336289,41.82422545261702,146.73192959015145,2.8561327123491873,15.385034554700828,58.75177846732305,0,2026-10-04 23:42:43
2026-10-04 03:20:00,CNC-03,H,297.1157814742817,310.4008645559493,2552.97531122652,24.109006638932772,62.60982872624876,3.191207824838364,11.725359941920386,59.036832138411725,0,2026-10-04 23:42:43
2026-10-04 18:07:00,CNC-03,H,299.05130705274905,312.73582976639915,2083.3756498152543,31.392533851852264,85.56464329668529,2.7675321322797948,12.406526582095664,54.50541779064888,0,2026-10-04 23:42:43
2026-10-04 19:40:00,CNC-01,L,299.6971719448528,313.3448343371379,2343.6645680283596,24.562094989900473,189.66620780828802,3.549428438491709,10.758733973730873,55.79277769538877,0,2026-10-04 23:42:43
2026-10-04 05:44:00,CNC-03,H,295.43599787883585,310.56904666111865,2255.5856600017732,32.51319492651857,240.32865499377144,3.7274744794617316,13.745236015625165,61.2059757678212,0,2026-10-04 23:42:43
2026-10-04 17:31:00,CNC-01,L,299.477411357936,313.2291596179879,2012.5617106966884,34.74620237333123,23.109286048243682,2.6131984437497833,12.848531233970544,52.29234800264658,0,2026-10-04 23:42:43
2026-10-04 22:52:00,CNC-02,M,299.8036475737556,311.91779645646534,2773.152583183568,14.238071120701163,106.02820754908892,3.368529904309306,7.523781724893316,50.360644409772334,0,2026-10-04 23:42:43
2026-10-04 06:14:00,CNC-01,L,295.9123743959949,309.8975710223871,1985.3344593191416,35.97044801150318,78.64745407349271,2.594255126280668,13.425951616606921,57.754568029385524,0,2026-10-04 23:42:43
2026-10-04 11:13:00,CNC-03,H,23.234535057118308,38.38305705166738,1379.7460819365092,55.73500853244542,206.20469389395507,2.5849097825941594,14.237081581520059,60.34950965882643,0,2026-10-04 23:42:43
2026-10-04 23:12:00,CNC-01,L,298.73460618652757,311.69305560548054,2713.1985312843435,17.418303182732753,188.65650697729947,3.948522282294026,9.013858393859726,51.337018493355835,0,2026-10-04 23:42:43
2026-10-04 10:40:45,CNC-03,H,22.68716082981115,37.53805078487596,1428.9694217240053,53.23997945808573,155.5078104575826,2.3910999223140115,14.506635353683857,60.3791479968505,0,2026-10-04 23:42:43
2026-10-04 03:17:00,CNC-03,H,297.1145729117587,309.59850358563546,2485.837753214253,19.814447535531052,59.14632209211831,3.085780563110493,9.335913213192793,59.057550517493596,0,2026-10-04 23:42:43
2026-10-04 02:49:00,CNC-03,H,297.4840416622931,308.9366006269028,2391.4585749659796,15.25429864818512,26.95418924357771,3.0347040762446937,6.95822997039395,55.23913089345898,0,2026-10-04 23:42:43
2026-10-04 22:47:00,CNC-02,M,299.96724421377763,312.00506086339004,2732.8275088205396,13.4484689005773,100.80800131420138,3.361717737253937,7.034994075759161,51.73015047857873,0,2026-10-04 23:42:43
2026-10-04 06:53:00,CNC-03,H,295.5289566608829,309.2951792213155,1783.112883862188,37.26752430360105,81.58137132623672,2.4878426287395468,12.545667473997355,61.10010842837336,0,2026-10-04 23:42:43
2026-10-04 12:05:00,CNC-03,H,296.82487308165696,311.0928021480295,1467.9865416679768,51.07916249672545,45.82234891159116,2.125468040895743,13.903216457660992,57.18378438052367,0,2026-10-04 23:42:43
2026-10-04 01:20:00,CNC-01,L,298.03225282577023,310.4847726939479,2818.8997759546287,16.078422578676474,150.64063435970237,3.668669443803466,8.60609836764978,51.270691339327776,0,2026-10-04 23:42:43
2026-10-04 21:26:00,CNC-03,H,298.88076039377125,311.58310872691675,2500.3413147099764,20.511633989654825,90.13811199825066,3.2266163566260286,9.859586633109256,55.20641020923347,0,2026-10-04 23:42:43
2026-10-04 11:38:00,CNC-03,H,296.55694849331564,310.38119890639206,1343.9588974204214,52.92899166783177,3.1445896221311322,2.022456462356976,13.243556718324001,55.09262924347263,0,2026-10-04 23:42:43
2026-10-04 19:04:00,CNC-01,L,299.7587551995882,313.7472851682361,2187.1791644310847,30.26799726925535,145.02690568968055,3.034200693827507,12.409212498353074,51.93325674401755,0,2026-10-04 23:42:43
2026-10-04 14:09:00,CNC-03,H,303.22047007906235,312.6630536799364,1459.1669047932528,54.336032747355226,241.5597737156293,3.0215779395945326,14.80532585380816,45.08050390569334,1,2026-10-04 23:42:43
2026-10-04 06:27:00,CNC-02,M,296.6734814247479,0.0,1865.9825051513044,37.75287606088241,28.49249607242746,2.40558110878353,13.525603521135677,60.27870636753481,0,2026-10-04 23:42:43
2026-10-04 18:13:00,CNC-01,L,299.7496428686324,313.67543308115427,2059.2846061571636,32.74845916767762,79.36254591114238,2.707090329046353,12.573206188938112,54.92621408003167,0,2026-10-04 23:42:43
2026-10-04 03:43:00,CNC-03,H,297.0072754183495,310.6900250314361,2287.8460168950473,26.048073847218035,89.62325585751857,2.8331725567671158,11.342925306863858,56.07239169140419,0,2026-10-04 23:42:43
2026-10-04 04:18:00,CNC-02,M,296.9288019497081,310.52293105397735,2278.2159729688283,27.63860160299288,80.20748305059877,2.9594196941908506,11.518634757700571,58.45641603173042,0,2026-10-04 23:42:43
2026-10-04 13:55:00,CNC-01,L,302.9535748022096,311.38756694539427,1538.192228951064,49.07061734603039,122.82708229708209,2.4409333742060273,14.036758868230343,936.7125007872337,0,2026-10-04 23:42:43
2026-10-04 14:15:00,CNC-01,L,303.2856115008971,312.05323702162383,1371.2605013731802,55.04909341710709,154.0606924174328,2.319882008196759,14.486446808956451,41.65919254019341,0,2026-10-04 23:42:43
2026-10-04 10:43:00,CNC-02,M,24.383720283476407,39.256900968640025,1437.011372990174,48.81580977028437,205.40351659513587,2.796677652076894,12.98733376134877,53.65929393961004,0,2026-10-04 23:42:43
2026-10-04 15:46:00,CNC-02,M,299.5848001553873,313.6618086402293,1483.9082834989445,44.81930873976559,48.04747095120583,2.163701547930441,,57.78475411039438,0,2026-10-04 23:42:43
2026-10-04 00:58:00,CNC-03,H,298.3397408362953,310.65492910227175,2786.5599159864646,15.371392373058375,126.38247044417675,3.382328772473017,8.045859637757886,53.6888411794857,0,2026-10-04 23:42:43
2026-10-04 02:19:00,CNC-03,H,297.4879843167954,310.79910355457474,2660.4886724586336,20.434985132611843,214.13009039766393,3.9205790363525557,10.54241703502009,57.59563246851116,0,2026-10-04 23:42:43
2026-10-04 14:23:10,CNC-03,H,303.59218693846066,313.0707102070543,1609.1872060669516,48.56179862267255,264.73452094319043,3.48442116268737,14.368585632597469,46.64870801060232,0,2026-10-04 23:42:43
2026-10-04 11:40:00,CNC-01,L,296.1816511800843,311.12494061733014,1352.5553780327973,56.91399878950735,148.66396647816921,2.326798670106501,14.527462022182405,57.68946788922528,0,2026-10-04 23:42:43
2026-10-04 13:21:00,CNC-02,M,297.92056318834904,312.18424351145865,1411.2618135888595,50.0615991020039,39.600699228891074,2.09563795214461,13.339708831253288,58.62171397389344,0,2026-10-04 23:42:43
2026-10-04 21:27:27,CNC-02,M,300.68904055931984,312.61837800151403,2631.225442303867,16.326137329513614,12.374025210225618,3.1888638916734555,8.264901508609968,48.8249225034711,0,2026-10-04 23:42:43
2026-10-04 12:36:00,CNC-02,M,297.77915360992523,312.9451253584471,1421.3294376867407,54.53682450975449,175.90986329487686,2.5273536806733397,14.536956974438882,54.542656624175464,0,2026-10-04 23:42:43
2026-10-04 02:59:00,CNC-01,L,297.2170749667073,310.1240418187933,2532.3883547025257,22.026602835329903,66.64678304361635,3.0558717490413057,10.465343611985027,52.213202620277855,0,2026-10-04 23:42:43
2026-10-04 04:34:00,CNC-01,L,296.58494760418023,311.3053450439416,2106.834576917731,35.89855149693958,178.80517955114496,3.3000824626851153,14.075191595216292,55.41391181768397,0,2026-10-04 23:42:43
2026-10-04 13:39:00,CNC-03,H,297.4216268859545,312.40720084360294,1476.3020406142198,51.32475212847778,194.6923057741013,2.5470888174327797,14.350333257035219,55.191376287928115,0,2026-10-04 23:42:43
2026-10-04 13:26:00,CNC-02,M,298.0901758680653,0.0,1364.2258122685428,55.36478197167422,47.53005552933372,2.0497851346085785,14.101740457840423,54.118940421354154,0,2026-10-04 23:42:43
2026-10-04 07:00:00,CNC-01,L,295.6711302118597,309.5673980397073,1836.8388122845436,34.8443747378748,141.5519805239464,2.599580923717408,12.03995156672829,62.0565103624319,0,2026-10-04 23:42:43
2026-10-04 21:14:00,CNC-01,L,299.3410504033889,311.8212956481208,2560.5995695245865,20.347287893110458,59.88074162693821,3.048324569027529,9.744929227713305,51.83396110488602,0,2026-10-04 23:42:43
2026-10-03 23:55:00,CNC-02,M,298.8383924023484,310.1793541893203,2662.197283948099,13.476129726587425,30.765553317026054,3.1626085295951416,6.892828976922943,54.429406682267164,0,2026-10-04 23:42:43
2026-10-04 19:22:00,CNC-03,H,299.14027524927354,313.3379667220164,2172.7846476325053,29.512110361298326,181.15698235638513,3.1922565643256244,11.972439102605742,48.950373836453856,0,2026-10-04 23:42:43
2026-10-04 22:57:00,CNC-02,M,300.0894307553694,312.75301913544763,2769.913178349779,15.807808572481907,111.28153841286638,3.3950972673512085,8.227884710277028,54.33383707185396,0,2026-10-04 23:42:43
2026-10-04 03:30:00,CNC-01,L,296.5297396620273,309.62862459507147,2350.086865538286,24.870847505931884,102.3100156316305,2.993328164049337,11.182369815732242,58.73988474336224,0,2026-10-04 23:42:43
2026-10-04 04:50:00,CNC-03,H,296.13111660820533,310.8614094316918,2378.2531589640344,31.01601285968059,171.09824973386674,3.3009343492728394,13.958893209623673,58.1436616048872,0,2026-10-04 23:42:43
2026-10-04 03:10:00,CNC-01,L,297.185190654595,310.2786648001749,2552.914748745373,22.180605593419077,79.1355569934374,3.2478335597883716,,59.86931594566275,0,2026-10-04 23:42:43
2026-10-04 21:20:00,CNC-02,M,300.41525775884026,313.02302699600926,2439.8540992097232,20.87744566361236,5.706219299261147,3.060294412710837,,46.09065209000538,0,2026-10-04 23:42:43
2026-10-04 15:37:00,CNC-03,H,298.23406143860626,312.6834554719177,1658.2277446028604,43.59625088994975,99.96453956168841,2.510525755068674,13.438312996367136,53.84138805371723,0,2026-10-04 23:42:43
2026-10-04 18:11:00,CNC-01,L,299.7693334107464,313.96285241888353,2070.6737597057177,35.262459548955455,76.76013537545414,2.7062395310951795,13.742720520481503,54.283857770061175,0,2026-10-04 23:42:43
2026-10-04 19:07:00,CNC-03,H,298.9349361879428,312.4312500268257,2326.23365499368,24.91380170225035,162.59528977197672,3.1355753528081483,11.114477789081919,51.34683765876234,0,2026-10-04 23:42:43
2026-10-04 12:04:00,CNC-02,M,297.55284153033017,311.79448512923403,1374.0962713580936,50.38506236001481,124.9813748148087,2.1654861517431843,13.030805275516396,56.01977028461941,0,2026-10-04 23:42:43
2026-10-04 12:54:00,CNC-01,L,296.9631722930177,310.61162525103595,1404.5035145181412,45.576859000933084,26.839471952653238,2.075740513920669,11.957486532843294,52.89641788639553,0,2026-10-04 23:42:43
2026-10-04 04:26:00,CNC-03,H,296.5159936644197,310.5279339518009,2306.276436361269,29.28681519423644,141.6111727231532,3.0187877962558836,12.649876092317731,57.40609314399472,0,2026-10-04 23:42:43
2026-10-04 15:31:00,CNC-02,M,299.4983536904283,313.7833016354611,1632.2833078378574,44.65537242262888,25.588460903184103,2.1978367793987394,13.688389463642165,50.26724734202945,0,2026-10-04 23:42:43
2026-10-04 15:50:00,CNC-03,H,298.18733791148367,312.2687037690024,1564.6511466315476,43.870091792300016,119.29010757255352,2.3075193382283543,12.889052998384479,58.42443109380884,0,2026-10-04 23:42:43
2026-10-04 11:11:00,CNC-03,H,23.293117840109744,38.40671724493501,1395.9915903692604,54.122660489451206,203.01243733939515,2.5622915239056065,14.133969575343622,60.307496234438936,0,2026-10-04 23:42:43
2026-10-04 04:41:00,CNC-02,M,296.9199256012043,310.85139085550145,2244.2798381836365,28.55533261225612,108.38634361837076,2.9780117851120096,11.849790602226259,51.99530238412259,0,2026-10-04 23:42:43
2026-10-04 06:18:00,CNC-02,M,296.4393637150548,310.4784830515795,2011.5137954021122,34.205371647705654,16.227860395136798,2.568757479493869,12.811270148448255,60.27801264487239,0,2026-10-04 23:42:43
2026-10-04 11:45:00,CNC-02,M,297.264025568471,311.64907741543266,1326.279397964726,54.8558270546851,94.86304256212811,20.36843750754134,13.50577351174014,54.78109728877571,0,2026-10-04 23:42:43
2026-10-04 22:50:00,CNC-02,M,299.915803433159,312.0120656244487,2742.624918073865,15.09232510813454,103.95971617344956,3.3066341953678817,7.567500525697246,50.40599336196989,0,2026-10-04 23:42:43
2026-10-03 23:43:00,CNC-01,L,299.1858878525204,311.14823777942496,2693.460154541957,16.233784329514258,,3.2102233040247916,7.8757799973346225,53.03832254488289,0,2026-10-04 23:42:43
2026-10-04 23:19:00,CNC-01,L,298.8668023325834,310.0425420239877,2692.0893704935365,13.284577324781903,0.0,3.1671413808381432,6.6980144580281165,51.72315142709249,0,2026-10-04 23:42:43
2026-10-04 15:05:00,CNC-02,M,298.7332372656065,313.3570024340902,1620.6652201331638,41.7198538967298,200.88581125049458,2.8974718826116193,12.470968271584649,56.13114457452087,0,2026-10-04 23:42:43
2026-10-04 15:57:00,CNC-01,L,298.69532942505504,313.33400975642553,1754.3942637836963,43.21276626893403,108.27364145198108,2.4574016496174282,14.256695209472927,51.8118831589009,0,2026-10-04 23:42:43
2026-10-04 15:16:00,CNC-02,M,298.94372970764925,313.13138024868186,1533.321537630883,47.87462266593312,3.0510215322044694,2.2618819283064564,13.505980395812905,51.077988507439564,0,2026-10-04 23:42:43
2026-10-04 03:23:00,CNC-01,L,296.38533492811166,309.66967040628026,2262.8818937109186,25.293383239063647,94.15546612591633,2.9189302824708774,10.827908812278958,57.665894178382686,0,2026-10-04 23:42:43
2026-10-04 13:57:00,CNC-01,L,303.0597608402356,311.32945946675073,1454.0101905739575,48.41453244591176,125.90984752408683,2.3782582883176846,12.962090578313143,43.99000452676353,0,2026-10-04 23:42:43
2026-10-04 16:21:00,CNC-02,M,299.39523918193873,314.11233002227294,1827.749358839613,40.098576436127324,99.39078950499803,2.5334646784778108,13.739792470110402,51.8763834010565,0,2026-10-04 23:42:43
2026-10-04 09:24:00,CNC-01,L,295.8788277049356,310.8098326472353,1511.0782505899228,51.91291394465874,134.96140231315704,2.414262317016242,14.646446307780655,56.98960911099163,0,2026-10-04 23:42:43
2026-10-04 07:59:00,CNC-02,M,23.637947430811778,38.56512443598666,1541.7339054350066,49.384951694241295,158.95767813933307,2.4624919315640725,14.128905911999835,53.00586340822219,0,2026-10-04 23:42:43
2026-10-04 02:58:00,CNC-01,L,296.8947608256392,5905.33832421222,2637.774640045936,15.07577991125255,65.52882122636055,3.215861717535756,7.329479325479345,58.67114385240305,0,2026-10-04 23:42:43
2026-10-04 23:07:00,CNC-03,H,298.0794588866382,311.04667394684645,2586.467062106499,19.137893671378052,200.01177962413303,3.6166456263787436,9.18088520194121,54.20078916491151,0,2026-10-04 23:42:43
2026-10-04 10:45:00,CNC-02,M,23.759280586150965,37.897844996519154,1457.1648145877443,49.18214567987095,0.0,2.080438845809444,13.492688572546264,54.37045812797342,0,2026-10-04 23:42:43
2026-10-03 23:48:00,CNC-01,L,299.09137212063496,311.57132528818744,2730.941607209112,17.446896708323433,52.970335620280224,3.208672577671095,8.773367186380957,54.409228630314615,0,2026-10-04 23:42:43
2026-10-04 13:38:00,CNC-01,L,297.1903033122907,311.84635130773864,1529.7279002184928,49.4814151856279,96.1877765000949,2.257551724981528,14.222586544692547,54.95252467453493,0,2026-10-04 23:42:43
2026-10-04 04:00:00,CNC-02,M,296.9394795213511,309.6810837359012,2297.914173964185,22.608015947465674,58.58006953783013,2.9124837208441057,9.631765115943322,56.09692233871964,0,2026-10-04 23:42:43
2026-10-04 14:14:00,CNC-01,L,303.4252727162227,311.71440389780486,1494.4484167440687,46.50215846481407,152.4606924174328,2.5464595815696613,12.80328408657783,48.36832072087218,0,2026-10-04 23:42:43
2026-10-04 18:36:00,CNC-02,M,300.33294950809386,313.9954334370551,1991.5937230308539,31.635455326957317,49.5591400752179,2.617555338531338,11.793778608823413,45.66970024647491,0,2026-10-04 23:42:43
2026-10-04 18:42:00,CNC-01,L,299.88958927959635,313.4703205009416,2194.1385796289082,28.374490789460406,116.94166507538289,2.9532567267439687,11.683687393270102,48.42019040340362,0,2026-10-04 23:42:43
2026-10-04 09:07:41,CNC-01,L,295.367496456395,309.6415096106367,1415.7751091647472,51.11608305572381,108.95888393745896,2.1821575694127215,13.631198295960536,63.268754524580835,0,2026-10-04 23:42:43
2026-10-04 09:10:00,CNC-03,H,295.4683042811444,309.7600507548953,1677.5064514894207,44.81572417699305,13.676081993431774,22.8316319509281,13.96553544041264,57.27928589165064,0,2026-10-04 23:42:43
2026-10-04 20:40:00,CNC-01,L,299.30446097694164,311.0766921686798,2509.7819189834277,16.429068680076778,20.960147277503708,3.04760577138617,7.890266408235784,50.84756940857429,0,2026-10-04 23:42:43
2026-10-04 04:01:00,CNC-03,H,296.6519227631172,310.1952371682795,2322.0139164206635,26.444126073659945,111.29358981686192,3.0521258082195977,12.003278293466076,62.20304529422684,0,2026-10-04 23:42:43
2026-10-04 13:58:00,CNC-03,H,303.07303996811106,312.37036278016376,1399.4990166987109,54.146880063003586,224.433534349797,2.908628013954831,14.028602506630879,48.42007180823688,0,2026-10-04 23:42:43
2026-10-04 20:26:00,CNC-02,M,300.6306151915311,314.9643322076469,2573.7434771114995,24.52368755178207,183.95688129474004,3.6294695511508044,11.646269829565172,49.53099575108278,0,2026-10-04 23:42:43
2026-10-04 01:08:00,CNC-03,H,298.3953583915939,310.7336917509781,2738.182768997427,16.771398480757522,136.95537984891354,3.471992984827502,8.405006936021188,55.61414217678589,0,2026-10-04 23:42:43
2026-10-04 09:03:00,CNC-01,L,295.54521423557543,309.9923445879254,1575.7253367632702,47.0548175527541,102.72102291717022,2.3426166171209863,13.962863580076261,64.10291878715032,0,2026-10-04 23:42:43
2026-10-04 10:47:00,CNC-03,H,22.79525412326501,37.218424446914014,1295.826643868986,53.81870249183473,165.03252429779442,2.3295009351701075,12.769587241257703,57.79787757741145,0,2026-10-04 23:42:43
2026-10-04 15:37:00,CNC-02,M,299.47501338700584,,1425.7778190482466,49.06569654394432,34.625196917515176,2.11722350340614,12.74368895778409,52.001991281493645,0,2026-10-04 23:42:43
2026-10-04 04:31:00,CNC-02,M,297.0614777261894,310.4515444053391,2342.043953216317,24.64674678877501,95.98596267818125,28.54409186672456,10.709321197600984,54.73286542725059,0,2026-10-04 23:42:43
2026-10-04 18:22:00,CNC-03,H,299.05154357672023,312.64261368014087,2114.8281425949276,29.212176448051046,105.35013023761067,2.7872252150350616,11.621690013941327,54.25278507299292,0,2026-10-04 23:42:43
2026-10-04 05:43:00,CNC-03,H,296.1244716838099,310.30355882386414,2175.4805173838563,29.273160850471942,239.06243905097205,3.560545819043918,12.243025603701904,62.603618088703044,0,2026-10-04 23:42:43
2026-10-04 07:02:17,CNC-02,M,296.7679788968442,310.7613261130364,,39.14182372564919,75.6371721626311,2.479623494499088,12.954737312045149,61.22595161188126,0,2026-10-04 23:42:43
2026-10-04 14:35:00,CNC-01,L,303.1021157443179,312.0886473679736,1532.750455757802,50.89790765392359,185.0723684490222,2.8585659094200375,14.577169835331166,47.36562815952719,0,2026-10-04 23:42:43
2026-10-04 14:31:00,CNC-03,H,303.11516730156285,310.61955767635243,1554.037324445928,42.02792441347554,0.0,2.168526896724611,12.209342217963158,47.47949745446991,0,2026-10-04 23:42:43
2026-10-04 07:34:00,CNC-01,L,22.479297181232255,37.14839500054808,1824.8927222492425,40.12892213020479,189.61392258079852,3.1000109657571486,13.920673662122558,60.746875769063514,0,2026-10-04 23:42:43
2026-10-04 00:56:18,CNC-03,H,297.9921257460641,310.52381525843066,2544.598254194018,19.005308114156634,124.31018710212818,3.2482793494324866,9.313104995928807,55.66248786491888,0,2026-10-04 23:42:43
2026-10-04 18:04:00,CNC-02,M,300.29831130373503,314.2174638886693,1958.0341365457468,33.81952270576997,8.098213479123887,2.674758362673712,12.37986260394066,51.822870388155756,0,2026-10-04 23:42:43
2026-10-04 19:04:00,CNC-03,H,299.0105536916756,313.3845067631615,2156.479083570116,32.323120876383975,158.87957450992602,3.0345900955746763,12.974203449034565,56.09047849745108,0,2026-10-04 23:42:43
2026-10-04 10:13:00,CNC-01,L,295.7183909829694,309.28709012161096,1387.2121282010517,48.272247016546736,10.92460089623207,2.036121526498306,12.709812527256421,63.23674374865561,0,2026-10-04 23:42:43
2026-10-04 06:06:00,CNC-03,H,295.70759594622905,308.8913148113472,2028.9731135071404,31.02791580182273,17.26375684552143,2.6093656858819307,11.671679178035722,57.225742585327104,0,2026-10-04 23:42:43
2026-10-04 13:53:00,CNC-02,M,303.72076645070354,312.2368318786788,1367.883123875427,53.95496663202501,89.83157799855341,2.0789950824678196,13.898566241519791,41.52398986378302,1,2026-10-04 23:42:43
2026-10-04 18:43:00,CNC-01,L,299.70066245903075,313.71467234447863,2088.6460279429366,33.337818788911726,118.27232851456561,2.7867818565073907,12.854643307784405,53.3806177518814,0,2026-10-04 23:42:43
2026-10-04 06:51:00,CNC-03,H,295.5908655882847,309.5299208574267,1812.3010487664774,37.58093256934612,78.73211345964246,2.493689612185714,12.75975135257017,59.97890700028021,0,2026-10-04 23:42:43
2026-10-04 05:20:00,CNC-03,H,295.86037830812603,310.2922195658947,2056.190167276138,32.874995929100876,209.25235309952058,3.1744229422967014,12.566687205391446,58.36961018031672,0,2026-10-04 23:42:43
2026-10-04 10:16:00,CNC-03,H,295.89529096785,310.631773570395,1629.4601934167545,46.96993992775511,116.03412129127955,2.295278921732722,14.385061530487448,56.90162799582695,0,2026-10-04 23:42:43
2026-10-04 07:54:00,CNC-03,H,22.30317090744279,37.02752191595562,1978.0924947049066,37.209973361444284,168.55181208806218,2.866967092534907,14.019726923927468,62.66354840943094,0,2026-10-04 23:42:43
2026-10-04 01:31:00,CNC-03,H,298.4776406892762,311.41616323260695,2635.981852206912,19.630666083998317,161.67254462053032,3.385064978249773,9.460490479699434,52.624707704113405,0,2026-10-04 23:42:43
2026-10-04 13:56:00,CNC-03,H,303.0020621097985,312.07170427420755,1540.0187835396146,49.87486791644795,221.27804436938342,2.840249526828612,14.480696946941151,46.98647618449083,0,2026-10-04 23:42:43
2026-10-04 03:51:00,CNC-01,L,296.6808887296558,311.2342876684901,2327.9472206701653,31.968525681573684,127.04046721172705,3.1284474656563606,14.157243742419967,57.42793809117116,0,2026-10-04 23:42:43
2026-10-04 20:42:00,CNC-03,H,298.7589615073758,311.45406920786866,2528.2411964493103,20.09745040902813,40.48424523101996,3.1381363972467557,9.610827329251412,54.46865262581115,0,2026-10-04 23:42:43
2026-10-04 23:21:00,CNC-02,M,299.8747633730439,313.1276231488543,2670.4424453200013,19.43047747251869,136.9639755623052,3.498667093169622,9.557074222026122,53.60796915720215,0,2026-10-04 23:42:43
2026-10-04 05:26:00,CNC-01,L,296.47537981854214,309.78319865231646,2002.5026789166798,32.09234409262838,15.49708833272536,2.607283258852165,11.891619807100371,53.91815466434141,0,2026-10-04 23:42:43
2026-10-04 05:12:00,CNC-02,M,296.6462737905724,310.43756347104966,2082.1458524958293,30.48293348854751,147.62059408358368,2.924533698148683,11.899952167250655,59.72053656111266,0,2026-10-04 23:42:43
2026-10-04 08:01:00,CNC-03,H,22.220492781671965,37.21032438744612,1743.002508338839,44.51433137893769,178.713520906735,2.8501785637562183,14.373799371737809,62.58332638606114,0,2026-10-04 23:42:43
2026-10-03 23:51:00,CNC-02,M,299.02960631363095,310.3581873902707,2650.0108653213183,14.036544082444353,26.524145512158935,3.2637995372344006,6.95597611548901,,0,2026-10-04 23:42:43
2026-10-04 09:49:00,CNC-02,M,296.8887451086306,312.27621788209973,1655.3983701294487,48.42922871753982,120.59966247000413,2.486186021303962,14.970688196957022,57.75671368406754,0,2026-10-04 23:42:43
2026-10-04 12:31:00,CNC-01,L,296.81393330458184,311.96603072368555,1444.3126778792707,52.485804113089216,229.60355802492143,3.2310853534509634,14.185436813542093,56.58284003633369,1,2026-10-04 23:42:43
2026-10-04 16:00:00,CNC-02,M,299.32924378048745,313.83620597121967,1531.9110303293448,47.52284038257891,68.81667250965937,2.1103492678260234,13.879001879178672,49.25827537195353,0,2026-10-04 23:42:43
2026-10-04 13:10:00,CNC-01,L,296.9808161638543,310.670480698021,1380.9145618600855,48.66394468455236,52.20517968354001,1.9961626985019132,12.751089562145495,55.638951351862495,0,2026-10-04 23:42:43
2026-10-04 04:03:00,CNC-01,L,296.3304675535495,310.8965659853818,2443.562475655752,30.71700801800419,141.18804574477417,3.2251953109966953,14.146587793164366,60.34319094112878,0,2026-10-04 23:42:43
2026-10-04 21:02:00,CNC-03,H,298.9587643713634,311.0512102479767,2504.7955329245306,17.955293127236786,63.144195611047316,2.9972978118494513,8.361325022139171,53.68520221565972,0,2026-10-04 23:42:43
2026-10-04 03:41:00,CNC-03,H,296.9048906408708,310.88338226586285,2446.745271244057,26.15440546939144,0.0,3.090115145486198,11.860087819137268,55.67651953568128,0,2026-10-04 23:42:43
2026-10-04 04:08:00,CNC-02,M,297.19157126988864,310.3514899458824,2473.510379119636,23.316807756155967,68.08588456392893,3.1137088817453313,10.934446738527154,56.51175310058614,0,2026-10-04 23:42:43
2026-10-04 18:50:00,CNC-03,H,298.89298594561,313.3928088177623,2074.7198579295386,33.35985438751953,141.38985487830803,2.8856102464415185,12.794002233507827,55.181729845693056,0,2026-10-04 23:42:43
2026-10-04 05:26:49,CNC-03,H,295.6324322408032,310.7784300976113,2085.2442818122113,36.95542673709954,217.05553896682827,33.05908471495534,14.393652391256829,64.67719112161251,0,2026-10-04 23:42:43
2026-10-04 19:10:00,CNC-02,M,300.2178304665874,313.5254793539242,2228.022104419271,25.14698307155734,92.35171238059438,2.845561733922466,10.381801199718979,47.76836859202954,0,2026-10-04 23:42:43
2026-10-04 10:02:00,CNC-01,L,295.60928538274965,310.36007488662165,1351.1621262841813,54.303986052373034,193.9897127759499,2.7016555665895843,13.694198625303596,62.88596024411324,0,2026-10-04 23:42:43
2026-10-04 03:36:00,CNC-03,H,296.7281974064827,309.89781770622346,2470.5812943250935,22.22099656913506,81.343838025809,3.0094891335766256,10.384891159349586,59.06409934512685,0,2026-10-04 23:42:43
2026-10-04 08:58:00,CNC-02,M,296.64875608101715,310.57796558385786,1657.7216286323112,42.66866950265977,42.002137633379256,2.3407900425073778,13.16493579185104,51.52715195120848,0,2026-10-04 23:42:43
2026-10-04 11:20:00,CNC-01,L,23.02807404035184,37.18241465202482,1350.1539232119167,50.76512032036718,116.84620473166923,2.2154749382877945,13.136949819674426,57.14258547053808,0,2026-10-04 23:42:43
2026-10-04 04:22:00,CNC-03,H,296.1689282916224,309.7958603439105,2303.7057160391846,26.732847298034773,136.72958686940288,3.076683663982543,11.947130146537265,58.81082698037288,0,2026-10-04 23:42:43
2026-10-04 14:54:00,CNC-01,L,298.31293166102284,311.9380621277202,1532.7681111263105,43.48503538796597,13.815610052186123,2.1490565196140268,,54.87058400043484,0,2026-10-04 23:42:43
2026-10-04 16:56:00,CNC-03,H,298.849974291487,313.79215457471463,1879.6140544796606,39.55145973021635,214.15600686727578,3.1702477227015025,13.940896039256915,53.15421968021175,0,2026-10-04 23:42:43
2026-10-04 20:10:00,CNC-02,M,300.5918567681137,314.287719525607,2626.3704512624086,21.86968730924195,165.0599532461995,3.4481695061370847,10.693873717191524,51.80649028570602,0,2026-10-04 23:42:43
2026-10-04 08:13:00,CNC-01,L,22.255843226239563,36.162447118948364,1603.0734794323134,44.727825346204014,27.808995866017604,2.2581098446048617,13.362423332153497,61.20720211675974,0,2026-10-04 23:42:43
2026-10-04 01:33:00,CNC-03,H,297.85963550971286,311.49944197218633,2549.417340431844,24.380563962188052,163.86344544584048,3.436276352186804,11.685986088703949,54.96102120211354,0,2026-10-04 23:42:43
2026-10-04 06:59:00,CNC-02,M,296.6502692283347,310.9460355893923,1738.521012736418,42.53088283864212,72.81499932577746,2.3365012354326646,13.823275811974753,62.340246979921645,0,2026-10-04 23:42:43
2026-10-04 20:10:00,CNC-01,L,299.61050427308464,313.81124578476863,2499.2606495293658,26.470562528423965,225.50410790051473,4.207988850288159,12.483603395118513,53.461540862670645,0,2026-10-04 23:42:43
2026-10-04 22:40:00,CNC-01,L,299.0301937261726,312.5613788332675,2636.5366143113656,22.576073415009347,154.20183154119255,3.471796941971451,10.95003702281896,55.31568539143558,0,2026-10-04 23:42:43
2026-10-04 19:19:00,CNC-02,M,300.38764602755566,315.18602291771475,2203.0040861435914,33.69374024077816,103.57769389071741,2.769767572325366,13.873277603307237,53.05513877355269,0,2026-10-04 23:42:43
2026-10-04 13:49:00,CNC-01,L,297.3280275965007,311.50872999724277,1494.8439267694835,47.01649446303833,113.38245147392878,2.1773453479558897,12.959527987076417,50.57981394137387,0,2026-10-04 23:42:43
2026-10-04 00:52:00,CNC-03,H,297.9368041700252,309.50913505059884,2763.2737414470735,12.056248215789095,119.95351467660574,3.5213949499463375,6.226339939255378,53.28601129290293,1,2026-10-04 23:42:43
2026-10-04 09:22:00,CNC-01,L,295.48324529917994,309.70484723687275,1601.9944556020537,44.336861105537075,131.90260813446025,0.0,13.24925036487282,55.46701016534872,0,2026-10-04 23:42:43
2026-10-04 00:42:00,CNC-02,M,298.895293759778,310.4596890434624,2666.969332969087,14.254849221952282,80.77149457648332,3.270621220635116,7.220398325109507,53.549373439849084,0,2026-10-04 23:42:43
2026-10-04 18:40:00,CNC-03,H,299.2023656856658,313.0920897232978,2152.9555032177477,30.045448157873516,128.56516958477948,29.167002440903165,12.324049779174912,53.38703509377743,0,2026-10-04 23:42:43
2026-10-04 13:59:00,CNC-02,M,303.87951408206766,312.45438477145416,1446.1167258290147,51.41754940612887,99.15420793536079,2.119417918768652,13.787095111451752,46.76985662488116,0,2026-10-04 23:42:43
2026-10-04 15:22:00,CNC-01,L,298.3832287571879,313.050425738475,1653.9576533959716,47.17119536740387,56.18860944778608,2.2723063951109896,14.600064945861227,51.99804807619855,0,2026-10-04 23:42:43
2026-10-04 21:30:00,CNC-01,L,299.3381487896646,311.9258868695605,2439.8167445855775,21.08520780252682,77.78207817625449,2.9990098550163378,9.627999094124227,51.28946239830713,0,2026-10-04 23:42:43
2026-10-04 21:22:00,CNC-01,L,299.3931525845851,310.930991683198,2606.337002669112,13.205119726677781,68.83370270424419,3.192666723488221,6.4050378064493465,54.49212685155515,0,2026-10-04 23:42:43
2026-10-04 00:11:00,CNC-02,M,298.77240415611965,310.7132953953127,2567.690084145115,15.805068891103963,47.807239111985965,3.064475084859115,7.599532646426288,52.75936620099998,0,2026-10-04 23:42:43
2026-10-04 02:00:25,CNC-02,M,298.1803950256058,310.74242166288633,2646.4467455994645,16.811531019516686,164.6291309859064,3.6317533926006607,8.539836350904173,53.84159568836754,0,2026-10-04 23:42:43
2026-10-04 09:29:00,CNC-03,H,295.6778168950218,309.76472307095884,1538.263929335378,46.748319445361936,42.932169899754655,2.1162631971629215,13.368045787296767,57.12566306857659,0,2026-10-04 23:42:43
2026-10-04 21:27:00,CNC-03,H,298.688984158123,311.2323001796476,2667.331627989529,18.711739549174688,91.22038472505888,3.229041027903234,9.230226944155316,53.23155894701665,0,2026-10-04 23:42:43
2026-10-04 09:29:00,CNC-02,M,296.9877583320704,311.7323984056079,1528.6938380042359,49.4755535884608,89.65813888270351,2.2786839700159276,14.154133781415391,54.967933952324174,0,2026-10-04 23:42:43
2026-10-04 01:59:00,CNC-01,L,298.21521070853663,309.5267210362352,2740.017919264493,12.946867231064244,0.0,3.234105862908748,6.805773514833877,50.74818378920824,0,2026-10-04 23:42:43
2026-10-04 15:19:00,CNC-01,L,298.1212382924022,311.59385496483026,1599.9056172562766,40.12439664229029,51.75103268024723,2.2608491761529486,11.949533926051965,54.80630711770707,0,2026-10-04 23:42:43
2026-10-04 13:14:00,CNC-03,H,297.3121329280949,312.30591567943884,1443.807561706913,52.65810542586865,155.10937976978408,2.3504739389404614,14.269396226661922,61.389325774335454,0,2026-10-04 23:42:43
2026-10-04 13:52:00,CNC-02,M,303.7350293969569,312.05946443057763,1357.7078829213483,50.68567568284083,88.23267995493619,2.127059671815342,12.856223692431064,48.50666925967229,1,2026-10-04 23:42:43
2026-10-04 18:48:00,CNC-01,L,299.9311591911207,314.0566132450544,1979.9016382358877,34.537539215992304,124.67860848359591,2.774291368498057,12.805359057601695,54.5289948155367,0,2026-10-04 23:42:43
2026-10-04 09:45:00,CNC-01,L,295.8706027514856,310.19908610364826,1415.5545332071765,49.9939415303531,167.44267043989564,2.585548210342259,13.491586604307201,55.32207806457412,0,2026-10-04 23:42:43
2026-10-04 01:49:00,CNC-02,M,298.3822005695002,311.5435915410297,2693.154156654948,19.66917962288813,152.58629887647817,3.533551995732665,10.223470154982913,54.646699120685554,0,2026-10-04 23:42:43
2026-10-04 18:59:00,CNC-01,L,299.77381979343033,313.5188543384324,2210.6630140236507,27.572845891418886,138.7013881119288,3.0244151426728534,11.633265156606138,51.581796000668376,0,2026-10-04 23:42:43
2026-10-04 00:05:00,CNC-01,L,298.93684849333874,311.2931199181866,2602.36706810137,18.059907866933024,70.91449470911309,3.1231653013701703,8.82899669210842,52.7831451434422,0,2026-10-04 23:42:43
2026-10-04 21:39:00,CNC-03,H,298.57410209350303,311.2668372242174,2573.6028661546848,19.3501693000859,104.62505037361369,3.2083826005717393,9.27394795775377,55.286303763299905,0,2026-10-04 23:42:43
2026-10-04 09:15:37,CNC-02,M,296.82044479076006,311.4902081128596,1525.8047422812513,49.382619160423346,71.07668648452837,2.195007290477359,13.903581593530083,59.66703492275131,0,2026-10-04 23:42:43
2026-10-04 17:30:00,CNC-01,L,299.42371959091207,312.914941678851,2047.7366644729298,32.20218165977492,21.736904278465033,2.6072382291822835,12.014601976824707,52.250055024584796,0,2026-10-04 23:42:43
2026-10-04 05:21:00,CNC-03,H,295.9908955025608,310.68772752809895,2170.449182876022,,210.53831587905282,3.4058618347444534,13.190240197579385,61.051701033613405,0,2026-10-04 23:42:43
2026-10-04 18:27:00,CNC-01,L,299.75091598046345,313.5662402905062,2172.837842204331,30.671341453886633,97.66742699001485,2.784679663021876,12.75925901636606,53.6325499187565,0,2026-10-04 23:42:43
2026-10-04 04:44:00,CNC-03,H,296.1195183458878,310.45776208285895,2192.7319923187265,31.428677207159787,163.6843613873048,3.081393138045832,12.91019511816815,63.49110151592355,0,2026-10-04 23:42:43
2026-10-04 16:33:00,CNC-02,M,299.6320002865491,314.1491928740857,1763.1196756484267,40.63706276744416,116.7371013209821,2.4569452843176354,13.486079906050715,52.822688260862385,0,2026-10-04 23:42:43
2026-10-04 10:07:00,CNC-03,H,295.7397501233041,310.19124679294214,1523.4255653214964,48.567470262189666,102.02285540633729,2.2127080996484247,13.944907893817694,54.48574774220226,0,2026-10-04 23:42:43
2026-10-04 07:05:00,CNC-03,H,295.55413065755897,309.51602169266266,1939.0964684950645,33.446658369880154,98.41082731701886,2.7043602821889796,12.231279192672107,54.981756739627684,0,2026-10-04 23:42:43
2026-10-04 06:53:00,CNC-02,M,296.72298164265,311.2017643470786,1857.9597855736959,41.31032775496991,64.37239898579232,2.468528782213581,14.661967608644492,55.502288570648666,0,2026-10-04 23:42:43
2026-10-04 18:37:00,CNC-02,M,300.21398346773486,314.02326475049034,2071.445726604572,31.19260092684267,50.867084639301616,2.6739697592900633,12.406992762039394,47.35255053332754,0,2026-10-04 23:42:43
2026-10-04 07:55:00,CNC-03,H,22.299376339021194,37.2656442524447,1801.7337893753063,42.74840191478215,169.99551312608082,2.692649793243592,14.389127799510225,54.16138383834169,0,2026-10-04 23:42:43
2026-10-04 10:05:00,CNC-03,H,295.81317071305716,309.6181564512777,1377.6573995285416,47.10678235416168,98.93930034480121,2.1665905236475784,12.25933493352013,65.01926182418794,0,2026-10-04 23:42:43
2026-10-04 21:38:00,CNC-02,M,300.1761618612531,313.29343996694996,2313.1967072959997,23.612735080766925,25.886399189392836,2.924697569384278,10.541886426927642,50.70941569112946,0,2026-10-04 23:42:43
2026-10-04 08:09:00,CNC-03,H,22.51538054074996,36.762638968067506,1599.051284577253,43.459228705698244,190.4154328853909,2.695893266405904,13.140899602546101,60.35855007201426,0,2026-10-04 23:42:43
2026-10-04 12:25:00,CNC-01,L,296.66947502215726,311.51224601710527,1390.8237774916997,52.85475513116866,220.11443636614374,3.161670605800612,13.58221035237597,56.50031748898709,1,2026-10-04 23:42:43
2026-10-04 05:01:00,CNC-02,M,296.7595276177927,310.48911830554886,2119.4784716623362,29.050484603536376,133.50127727164997,2.8385752484188127,11.258974877013832,55.557733799693864,0,2026-10-04 23:42:43
2026-10-04 15:57:00,CNC-03,H,9225.875328854392,313.3966598098177,1567.950213112845,49.8668244400803,129.6691017039769,2.4192312881136577,14.600663586585247,52.19740798851121,0,2026-10-04 23:42:43
2026-10-04 20:02:00,CNC-02,M,300.2924247983403,314.23036362414996,2481.5454015719947,24.34110012689902,155.63533249442446,3.228724300651442,11.250322305165607,49.01908146555572,0,2026-10-04 23:42:43
2026-10-04 20:12:00,CNC-03,H,299.0460689822166,311.71744566374593,2432.831015363412,21.79668396374112,5.8742292204285596,2.9917121679902396,10.261496996949228,52.700772059526436,0,2026-10-04 23:42:43
2026-10-04 04:57:00,CNC-02,M,296.71638685337257,310.3263173084013,2224.9358825893532,26.65935246486466,128.4699271081601,2.914114570933061,11.200607019965254,55.199668846684034,0,2026-10-04 23:42:43
2026-10-04 00:51:00,CNC-01,L,298.8227237920688,311.415000256506,2659.0421211957087,18.93279890327956,119.78872450917824,3.374802724966696,9.488958398076765,51.68467693190062,0,2026-10-04 23:42:43
2026-10-04 09:59:00,CNC-01,L,295.7996330000067,310.89824213928995,1415.2394721569005,55.3101872314175,189.22984754782303,2.7731487861314648,14.496135122314877,61.08635221352821,0,2026-10-04 23:42:43
2026-10-04 03:12:00,CNC-02,M,297.44014672216633,310.1218756421053,2467.538903847345,23.11500696280535,2.3396692185945103,28.73219843959419,10.572629823709837,56.15751859857707,0,2026-10-04 23:42:43
2026-10-04 04:23:00,CNC-02,M,297.1263034293605,311.2031158367038,2200.0322594814243,31.029325222718636,86.25842584466422,2.821435134057069,12.718220742505489,59.696747725769356,0,2026-10-04 23:42:43
2026-10-04 10:16:00,CNC-01,L,296.04596662515706,309.8887763827024,1442.9500054225782,49.98710336419792,15.584207015892254,2.053206585565034,13.325316174867778,56.97568668510166,0,2026-10-04 23:42:43
2026-10-04 19:25:15,CNC-02,M,300.2538736500336,314.32329406949407,2386.9581116376276,27.13439145053944,110.79898518265243,2.949383153028037,12.064316624469416,56.017173620813885,0,2026-10-04 23:42:43
2026-10-04 02:40:00,CNC-03,H,297.5049639178327,309.40575228881113,2516.938326799735,17.639759989819208,16.790904826067454,3.12568967419446,8.291852918417183,53.919480418435796,0,2026-10-04 23:42:43
2026-10-04 18:16:00,CNC-01,L,299.79758760235126,313.9521454904963,2156.673715133071,32.90287401128638,83.26937946437921,2.6779223597580666,13.337277073348442,54.48053680469998,0,2026-10-04 23:42:43
2026-10-04 09:13:00,CNC-01,L,295.6962797711272,309.68647448113325,1531.9895154727224,43.54250966522105,,2.286412862420549,12.632932901263242,56.31063848733629,0,2026-10-04 23:42:43
2026-10-04 05:47:00,CNC-01,L,296.046653404648,309.60101306439816,2131.506513240533,31.10807088575563,42.69347434215431,2.7444964708115993,12.206384388649447,62.86239077051049,0,2026-10-04 23:42:43
2026-10-04 11:51:00,CNC-01,L,296.42508776819125,310.9816522887011,1363.0043258728263,53.09835270342317,166.1509588602967,2.4233372721595305,13.711239138837369,55.68539728597199,0,2026-10-04 23:42:43
2026-10-04 11:18:00,CNC-02,M,23.880908932763248,37.56968183289598,1271.9321356802293,51.53298052081048,52.018580700545094,2.0019128052279878,12.143532166412138,55.84842096260568,0,2026-10-04 23:42:43
2026-10-04 19:53:00,CNC-02,M,300.42621742622595,314.90334187787306,2322.7229188613996,29.20321480486409,145.01210879140822,3.1860503870240113,12.738286996614113,52.2763191267084,0,2026-10-04 23:42:43
2026-10-04 09:02:00,CNC-02,M,296.928111121141,311.0738075619529,1483.3835337017192,47.35854113942561,48.06309506986845,2.1321563050060237,12.959735002685797,57.09911298999125,0,2026-10-04 23:42:43
2026-10-04 12:26:00,CNC-01,L,296.7923365837257,311.68200933481404,1404.0924948686898,52.65264937934693,221.6828830385606,3.1621262843945455,13.845191696478247,54.872797346943294,1,2026-10-04 23:42:43
2026-10-04 21:24:00,CNC-01,L,299.26306347794224,312.4323370560388,2364.898343640486,23.6495002009565,71.12405277552227,3.003626998945548,10.504445864367865,53.18782107387655,0,2026-10-04 23:42:43
2026-10-04 11:29:00,CNC-01,L,22.87485285938976,37.590661964897606,1440.8842951722136,52.35251327653257,131.1250013174513,2.277856149012362,14.038725446673727,59.76681478745947,0,2026-10-04 23:42:43
2026-10-04 15:23:00,CNC-01,L,298.5129135752205,312.4220677570707,1678.570820683826,40.02321848889655,57.668370548536394,2.2951752109916024,12.350770205384794,59.767285697150285,0,2026-10-04 23:42:43
2026-10-04 19:59:00,CNC-01,L,299.5928566244688,313.6253378332901,2273.5157345303382,28.67537645342549,212.49958921060616,3.7171720486300326,12.495141357442144,54.98893033316773,0,2026-10-04 23:42:43
2026-10-04 04:33:00,CNC-03,H,296.3510433597212,310.33491167400564,2406.856898341804,27.661799879622848,150.2884105235384,3.2812754725409747,12.36271456537618,59.70436323686878,0,2026-10-04 23:42:43
2026-10-04 11:34:00,CNC-01,L,296.57899275763594,311.0174727927651,1342.0818623014613,51.298281326569075,139.11405936749713,22.617933651851132,12.912110094235173,57.23126470308137,0,2026-10-04 23:42:43
2026-10-04 01:51:00,CNC-03,H,298.0582600237316,311.64904424293815,2716.2036913438433,20.770181760574317,183.33016656873247,3.609501837363267,10.337617577356887,53.24850690467236,0,2026-10-04 23:42:43
2026-10-04 11:17:00,CNC-01,L,23.00760914002325,37.19636454529882,1348.8998888511787,51.44951230539446,112.05671437392758,2.1723684421217886,13.102735572000876,54.604389248039936,0,2026-10-04 23:42:43
2026-10-04 02:28:14,CNC-01,L,297.6047902152871,309.5002915193247,2576.5108563092376,17.848723449711635,30.729493790099415,30.46799539700102,8.61793103003787,58.24519612191141,0,2026-10-04 23:42:43
2026-10-04 14:42:00,CNC-02,M,303.8230788658338,313.339374739392,1475.5002237565186,54.62455965137363,165.84659152638133,2.41745078267882,15.018917039243712,40.84253741239397,0,2026-10-04 23:42:43
2026-10-04 17:20:00,CNC-03,H,298.727602206404,312.23119847908373,1968.5508010675971,32.37302295659024,22.17358689140215,2.4688005043029553,12.055392901783124,54.37378075117691,0,2026-10-04 23:42:43
2026-10-04 13:23:00,CNC-01,L,296.8654071561035,311.09636150978776,1331.1092645821366,55.04885753643215,72.7397671087421,2.006048858514599,13.430120670466762,54.64584223615401,0,2026-10-04 23:42:43
2026-10-04 21:03:00,CNC-01,L,299.128940252514,312.07698242039964,2656.598327211653,20.7304407778566,47.346623164205425,3.220354014059377,10.320842115497674,58.69368120336742,0,2026-10-04 23:42:43
2026-10-04 14:12:00,CNC-02,M,304.1467101429399,312.81949509199916,1594.3562756082072,46.73652853302295,119.37831115763343,2.3370257307698337,13.663089534149211,45.69692013450792,0,2026-10-04 23:42:43
2026-10-04 16:51:00,CNC-01,L,299.14736403450684,313.6467846356718,1919.6471176822383,37.671772823088546,186.02804797746413,3.1498734549441636,13.786739429636704,54.16086133115593,0,2026-10-04 23:42:43
2026-10-04 09:28:00,CNC-01,L,295.5030529489647,310.4296065480248,1566.2972855112046,49.95589983623651,141.13451639877104,2.4936610458124893,14.573134454197849,61.34635417473772,0,2026-10-04 23:42:43
2026-10-04 00:06:00,CNC-02,M,298.54705416035375,310.34539857448334,2757.8941467854634,15.616227442829505,42.36595054794192,3.2522033259888636,8.12805811330511,58.31751550974508,0,2026-10-04 23:42:43
2026-10-04 01:28:00,CNC-01,L,298.2211724769222,310.6683590505033,2652.24391262109,16.593062246977514,159.23719619582087,3.513721551942685,8.259598581656359,57.321062878689006,0,2026-10-04 23:42:43
2026-10-04 15:39:00,CNC-03,H,298.32462629543517,312.57267696775585,1710.8477674107503,39.424462318407286,102.91996816427405,2.3349111490704098,12.663559507314735,57.22447393030302,0,2026-10-04 23:42:43
2026-10-04 11:09:00,CNC-02,M,24.144641249561175,38.454662487354426,1383.500049472864,50.80847626702738,37.84259460807775,2.0673242026757572,13.131385646779572,56.95884557580834,0,2026-10-04 23:42:43
2026-10-04 06:19:00,CNC-02,M,296.6085694240372,309.5573014039251,2041.0197557220017,28.3349683158738,17.565024709176814,2.715021719937469,10.84371302190638,59.69191326121492,0,2026-10-04 23:42:43
2026-10-04 09:19:00,CNC-01,L,295.34677928911407,309.98975518381536,1653.3334999872384,45.02568158699531,127.35007229563321,2.421940336774067,14.152790226110527,61.23692461353645,0,2026-10-04 23:42:43
2026-10-04 17:58:00,CNC-01,L,299.3660968387194,313.23738313872497,1967.6103940453038,35.76996954937324,59.54630591592853,2.5313875852740853,13.035466345563782,53.2991609995409,0,2026-10-04 23:42:43
2026-10-04 05:32:00,CNC-01,L,296.0950944311035,309.39846809914184,2092.4530004891385,30.259414077846817,23.26558659512792,2.8299115382414546,12.28391192993404,53.385739886413276,0,2026-10-04 23:42:43
2026-10-04 17:23:00,CNC-02,M,300.05081589407126,315.3705029358179,1800.7940628986319,42.73655001522523,186.83532647423493,2.896584666908513,14.266419441737852,53.325048803781584,0,2026-10-04 23:42:43
2026-10-04 09:34:00,CNC-01,L,295.9035425486315,310.63521639340314,1457.4365330572896,50.14271717574487,150.41452016451035,2.4501043483537814,13.713673375033963,61.45182088115137,0,2026-10-04 23:42:43
2026-10-04 19:44:00,CNC-02,M,300.2172756325347,314.054061388632,2373.8840207701587,25.267780791230315,134.13570055632474,3.187987440666936,11.329449614679838,47.16206741512649,0,2026-10-04 23:42:43
2026-10-04 06:10:00,CNC-02,M,296.5215324107077,309.45247192909824,2027.1119540822522,29.691443588227415,5.366758704152273,2.613828505838954,11.063104634817755,53.99279718042363,0,2026-10-04 23:42:43
2026-10-04 06:16:00,CNC-02,M,296.6256560931422,310.16823791238744,1902.2851937520325,35.04969787257352,13.55697915795531,2.5115640006915,12.402189555724895,60.480274899381804,0,2026-10-04 23:42:43
2026-10-04 04:59:00,CNC-03,H,296.45778913913165,310.27787005730073,2105.7304505635225,28.125420707660105,182.41360634270436,3.0892435319430467,10.974184170255855,61.51892572697446,0,2026-10-04 23:42:43
2026-10-04 13:07:00,CNC-02,M,298.33590402645683,312.13833443802395,1384.7962140118177,49.161482274536816,,2.051124080313744,12.861009149304094,56.3637976254213,0,2026-10-04 23:42:43
2026-10-04 06:42:00,CNC-01,L,295.8737220628484,309.8130875164944,1940.95866167689,35.220480062196984,116.66205463075632,2.5457884634537753,12.916528376135489,60.71145404261915,0,2026-10-04 23:42:43
2026-10-04 06:23:00,CNC-01,L,296.01861084175636,309.9669457373806,1966.385801752337,33.136047605898185,90.76899080627034,2.599793567283647,12.229475084224779,58.13383797546377,0,2026-10-04 23:42:43
2026-10-04 02:55:00,CNC-02,M,297.6494960724388,310.84291134045117,2615.651614342321,18.865709234228333,225.54399750396755,4.077822358829743,9.348899391970258,54.34746391759069,0,2026-10-04 23:42:43
2026-10-04 17:34:00,CNC-03,H,298.55128394248806,311.5525793539714,2027.8721993991294,31.24345526886184,41.345309306618404,2.732530211726096,11.898112384394937,54.710497565147364,0,2026-10-04 23:42:43
2026-10-04 01:57:00,CNC-02,M,298.2107687421215,310.9166340032695,2759.64624427721,16.96453585231071,161.2772145429871,3.648912363857519,8.761371913325792,61.23020548711588,0,2026-10-04 23:42:43
2026-10-04 07:27:00,CNC-02,M,23.482122822780298,38.168851853424485,1756.8153605144362,43.96361138544417,112.44492543544713,2.547445213676383,14.415688557684845,57.645046250226756,0,2026-10-04 23:42:43
2026-10-04 05:36:00,CNC-03,H,296.17263151294173,311.6975245901768,2244.8205475550117,36.41965461498619,229.95702252880432,3.5506029118823603,15.118737060582513,56.168759107786244,0,2026-10-04 23:42:43
2026-10-04 17:27:00,CNC-03,H,298.90803498006164,312.37246991943675,1889.5891627783471,35.626419526525225,31.759410908298484,2.4921477464837007,12.472626540929552,54.869700643281476,0,2026-10-04 23:42:43
2026-10-04 06:20:00,CNC-01,L,295.91275558637636,309.70491670679746,1967.4009085533216,33.60371183321647,86.70864922343286,2.5939151935576352,12.54702295219381,58.053131944986056,0,2026-10-04 23:42:43
2026-10-04 13:11:00,CNC-02,M,298.03816037164796,312.6605782995904,1525.7232874231318,51.15228633499503,23.805314371008457,2.082830170939325,14.6094083014993,58.05181397308193,0,2026-10-04 23:42:43
2026-10-04 20:53:00,CNC-02,M,300.5283477781496,315.1203463686708,2299.896553349628,28.255877989083217,215.22287217431804,3.5909689780226435,12.299210637959131,48.59896506186511,0,2026-10-04 23:42:43
2026-10-04 10:30:00,CNC-03,H,22.510297287118647,37.20541640938541,1394.999910853483,53.31993761171552,138.09339492311935,2.205652301608975,13.87603856340788,64.72064779565316,0,2026-10-04 23:42:43
2026-10-04 00:43:00,CNC-02,M,298.60938717833324,310.1901347571277,2710.625410546664,14.302503380295926,81.82262690835157,3.1648056414418506,7.403580835635769,57.47077086895427,0,2026-10-04 23:42:43
2026-10-04 21:35:00,CNC-02,M,300.0819515413016,312.20352329006164,2452.9798838303454,18.427373845962194,22.522643117054763,2.9894279839636484,8.368918976313644,48.04710013522421,0,2026-10-04 23:42:43
2026-10-04 01:45:00,CNC-03,H,297.8803984548793,311.32727917818437,2577.0174413944746,21.821866073922767,176.90010241825135,3.5194996754891488,10.551619446905445,53.06247142658859,0,2026-10-04 23:42:43
2026-10-04 10:43:52,CNC-03,H,22.818076987204506,37.32049635822506,1378.1888443051203,52.17428026133328,161.8378837368805,2.262009965744068,13.590941307866863,59.261794813711674,0,2026-10-04 23:42:43
2026-10-04 11:29:00,CNC-02,M,24.33361835368089,38.3117447026533,1382.8822869401997,48.30684834378351,69.43603644412691,2.024406929291322,12.625632205643443,54.7239170569171,0,2026-10-04 23:42:43
2026-10-04 06:41:00,CNC-01,L,295.9121998853744,310.3408466657094,2083.591284809159,35.043637378308105,115.30840483755149,2.9306797749143074,13.683597583583705,58.303053549091594,0,2026-10-04 23:42:43
2026-10-04 17:09:00,CNC-03,H,298.7792369473256,312.2002766043264,1853.6650085894053,34.15406423363555,7.003458175756676,2.4395604075338073,11.782094376466128,52.50354016410052,0,2026-10-04 23:42:43
2026-10-04 07:04:00,CNC-03,H,295.79719148999703,309.7662637576649,1797.221640634146,37.939885200571766,97.060530535035,2.472232466815446,12.581042161336578,62.33084963748232,0,2026-10-04 23:42:43
2026-10-04 06:48:00,CNC-02,M,296.51605707118597,310.68646818378716,1872.9892354932535,36.672185692542875,0.0,2.4013579887333356,12.990488357377098,60.72974197149631,0,2026-10-04 23:42:43
2026-10-04 21:18:00,CNC-01,L,299.0933917946168,311.18738722042735,2695.939537516323,17.01701540322385,64.3676930958763,3.170368453932137,8.551175488485443,51.0190901890396,0,2026-10-04 23:42:43
2026-10-04 06:34:00,CNC-03,H,295.54143067749493,309.3610297341086,1924.6008266829285,35.83080297624433,55.19931351190535,2.4321179768603027,13.055546597023664,56.77308286898158,0,2026-10-04 23:42:43
2026-10-04 15:47:00,CNC-03,H,298.55658398066623,313.3405850607086,1617.9077604980594,49.12070346467771,114.79608542471695,2.377949598199832,14.91463401568661,54.89627782775593,0,2026-10-04 23:42:43
2026-10-04 06:45:00,CNC-01,L,295.713653141437,310.31216351263487,2012.9739375234105,36.12627557339714,120.75480727824886,2.7083779199647378,13.656805604053458,60.20459438484009,0,2026-10-04 23:42:43
2026-10-04 23:22:00,CNC-03,H,298.4670837593164,311.72784234773474,2672.5634270509727,20.896642572728172,216.08351866277377,3.8014927996643975,10.58630156985016,51.93300996961469,0,2026-10-04 23:42:43
2026-10-04 15:54:00,CNC-01,L,298.741234837099,313.28596778239887,1570.4923452452508,47.23639939502091,103.85177654527939,2.2465312514646136,14.065120972799022,52.13289214529592,0,2026-10-04 23:42:43
2026-10-04 10:21:00,CNC-03,H,295.7099378993423,309.8838728357468,1450.6071995432333,48.337269240199035,123.89326484296562,2.278706699664057,,56.60081057204273,0,2026-10-04 23:42:43
2026-10-04 20:00:00,CNC-02,M,300.582440922044,314.56520400859733,2293.0404439680315,26.340586954339713,153.35372535419836,3.1027568326496824,11.348262826535382,51.004249974824475,0,2026-10-04 23:42:43
2026-10-04 14:28:00,CNC-02,M,303.8360377969029,312.64535728816867,1555.7720530002912,47.580758336756375,144.29113612755845,22.94477942126356,14.031510488101523,43.948077592856286,0,2026-10-04 23:42:43
2026-10-04 09:11:00,CNC-01,L,295.48606693430537,310.0337742630881,1499.9295422921052,51.03789978821857,115.15374711235503,2.3152696115191533,14.13540480051661,57.60350182844963,0,2026-10-04 23:42:43
2026-10-04 06:27:00,CNC-03,H,295.89000801519666,309.18340600796955,2031.178282731088,29.839142029219396,45.61815442529158,2.62681328801112,11.24464679132557,64.4684662040368,0,2026-10-04 23:42:43
2026-10-04 19:03:00,CNC-01,L,299.8130786799002,313.6287568365538,2236.261724484465,29.697833872337277,143.7630199863628,3.0377268286549874,12.280453161165429,47.38403229168248,0,2026-10-04 23:42:43
2026-10-04 16:16:00,CNC-02,M,299.52383439990024,314.0164581781648,1630.7742070245147,45.33223805707818,92.09175413994376,2.3816376809467097,13.978569984897469,54.597731782351076,0,2026-10-04 23:42:43
2026-10-04 02:05:00,CNC-03,H,297.9846278341683,312.58374882330725,2607.1947854107184,25.823618462579468,198.7076544477298,3.6613549198634194,12.400737853707913,54.71997324013476,0,2026-10-04 23:42:43
2026-10-04 20:45:00,CNC-03,H,298.85628697393,310.9981840025746,2519.305583514158,18.510501897340653,43.89750360845332,3.0317010680371075,8.853113411346373,53.081297574178,0,2026-10-04 23:42:43
2026-10-04 05:28:00,CNC-03,H,296.24345483781167,311.06574122748077,2089.7224228650994,35.560424485894586,219.69125370902256,3.334835566175057,13.98677429021857,60.662652368292434,0,2026-10-04 23:42:43
2026-10-04 10:04:00,CNC-01,L,295.9345585690054,310.36500344966436,1405.701887757847,49.1848503170339,197.10069267434028,2.718207698870575,12.986882234669569,57.59741415761332,0,2026-10-04 23:42:43
2026-10-04 19:07:00,CNC-02,M,300.47526181987496,314.1215761352179,2157.017954491069,28.76747511485686,,2.8525087144906176,11.771008969853828,50.13613620449325,0,2026-10-04 23:42:43
2026-10-04 01:05:00,CNC-02,M,298.45763124806047,311.0169168857693,2825.1068487733937,16.040138759549542,105.15863775261417,3.5326678888547685,8.305805396001753,56.5340626890616,0,2026-10-04 23:42:43
2026-10-04 23:06:00,CNC-02,M,299.9036917543461,312.06108128256125,2653.609395607218,15.256834109506269,120.9118082033098,3.313488314387995,7.306404992033958,50.56725707598246,0,2026-10-04 23:42:43
2026-10-04 04:01:00,CNC-02,M,297.144903980021,309.76962604417974,2517.969757338347,20.014408922619047,59.71147892695599,3.0235423778075887,9.480752386070357,58.72874276195067,0,2026-10-04 23:42:43
2026-10-04 13:46:00,CNC-03,H,297.60832286896334,312.77923965951214,1405.6488137441313,53.09444556677763,205.67323023798207,2.811503302683928,14.068522029600668,54.600962251296416,0,2026-10-04 23:42:43
2026-10-04 00:35:00,CNC-02,M,298.66394115239666,310.12090591274534,2764.6070355941047,13.117989361420461,73.2863458312032,3.2734955460057162,6.819718772655745,51.37442048961086,0,2026-10-04 23:42:43
2026-10-04 20:04:00,CNC-01,L,299.5773916078765,313.748201658303,2368.0010951106183,27.287363243122595,218.46446726770844,4.030319806491438,12.097772847648042,55.02790898847966,0,2026-10-04 23:42:43
2026-10-04 01:13:00,CNC-02,M,298.5279327473153,311.3792740646855,2676.1193280475204,19.3685678786688,113.73907441728386,3.2551783922289905,9.890717483441817,52.58833120129374,0,2026-10-04 23:42:43
2026-10-04 00:37:00,CNC-01,L,298.6423081916277,310.94245411056903,2611.248750679614,18.407219326826073,104.90186218490896,3.3179379223296204,9.208690840429442,54.18767285660708,0,2026-10-04 23:42:43
2026-10-04 10:46:00,CNC-03,H,22.85961771290448,37.066927400274324,1362.2176177895424,50.709328657269715,163.43252429779443,2.3295644686462214,13.010245437944235,59.66007827893489,0,2026-10-04 23:42:43
2026-10-04 09:12:00,CNC-01,L,295.269822791773,309.94676616620353,1479.938333109213,51.75498809478376,116.69607871038448,21.991122306589062,14.552878149796465,59.142217938593085,0,2026-10-04 23:42:43
2026-10-04 13:50:00,CNC-03,H,297.44809594801103,312.0993766044532,1443.4857105237747,51.23117595118117,211.9303684374553,2.6686374627117524,13.797630385452658,54.72544085151019,0,2026-10-04 23:42:43
2026-10-04 04:39:00,CNC-02,M,296.9163905171723,310.9820724002211,2244.2285821574505,31.052166200626253,105.89484777259847,2.89202771686637,13.118500389522646,58.77588537187147,0,2026-10-04 23:42:43
2026-10-04 15:24:00,CNC-01,L,298.329128716171,312.2690437375976,1628.6356710345551,41.447095399628054,59.1444210549736,2.2330001232303336,12.599045740866346,53.620143428050284,0,2026-10-04 23:42:43
2026-10-04 04:59:00,CNC-01,L,296.1518015440211,310.8790436252746,2036.1868608713346,35.66606179299829,210.15545062104187,3.5509609725801248,13.591684205485299,61.28557259562545,0,2026-10-04 23:42:43
2026-10-04 13:04:00,CNC-03,H,297.0802818455468,311.81479615368687,1583.4011363518407,47.23847419486934,139.2435780314118,2.3845528032428795,14.418559979926288,58.713949213129034,0,2026-10-04 23:42:43
2026-10-04 16:13:00,CNC-01,L,298.7567090104416,313.2991936765632,1824.8759183966029,40.524088381053,131.66614103659737,2.614203745466408,13.377089074172005,54.13990680657738,0,2026-10-04 23:42:43
2026-10-04 16:00:00,CNC-01,L,298.52192845043237,312.7490768719508,1755.5606079040963,38.75008814688996,112.59135901123402,2.544348637349873,12.783653275979283,55.30739377095737,0,2026-10-04 23:42:43
2026-10-04 13:50:00,CNC-02,M,298.41608388366774,312.31835706871254,1482.5429630584224,44.30981066131417,85.09158706690184,2.055872449745971,12.006475677456077,55.038133570215216,0,2026-10-04 23:42:43
2026-10-04 11:52:00,CNC-03,H,296.6981670288774,310.6891010874876,1319.0706834483203,,25.294212941050336,2.0604429559708755,13.004781183981938,59.73089435275042,0,2026-10-04 23:42:43
2026-10-04 09:40:00,CNC-01,L,295.61500343563654,310.1527459269195,1463.985784130031,49.26881009429202,159.78673369219294,23.67868368761925,13.740525547323772,60.41198150252364,0,2026-10-04 23:42:43
2026-10-04 03:24:00,CNC-02,M,297.5723693439775,310.3483199688138,2491.918571349017,21.326883599244926,16.041860267721916,2.945303123746079,10.120453065155003,53.1736457460994,0,2026-10-04 23:42:43
2026-10-04 07:22:00,CNC-01,L,295.67829048610844,310.32132222016514,1840.1029632730213,39.5529557928014,172.56008394340054,2.975867856169284,13.747467393245524,63.2331425333462,0,2026-10-04 23:42:43
2026-10-04 05:47:00,CNC-03,H,295.9128389538863,311.33905855549824,2042.3036668961224,38.29670574182347,244.29893778575823,3.528132903612799,14.380965106045483,58.77760647301875,0,2026-10-04 23:42:43
2026-10-04 15:58:00,CNC-02,M,299.4589057840424,313.00680366465224,1457.3072008749866,42.047629844741934,65.86001381217801,2.1652834353681327,11.70038692311927,50.57009295993932,0,2026-10-04 23:42:43
2026-10-04 15:30:00,CNC-01,L,298.68876681338566,312.7026456888288,1604.0876254619866,44.35175635906247,68.10452816939855,2.336720224718368,13.668518972878584,52.216598504632735,0,2026-10-04 23:42:43
2026-10-04 09:03:00,CNC-02,M,296.4156088183126,310.6218201326244,1690.79617049557,42.893588812816574,49.564452242771516,2.3609011784062663,13.135759071684443,57.72150869690572,0,2026-10-04 23:42:43
2026-10-04 04:48:00,CNC-01,L,296.30982366169945,310.2245951690995,2139.191423837424,28.663680687377283,196.2664354303345,3.383089057125712,11.521408868495445,57.310451875738934,0,2026-10-04 23:42:43
2026-10-04 00:38:00,CNC-01,L,298.7931511893355,309.5744124441444,2664.2778386438567,10.139083798895525,105.97750036737483,3.232791484030574,5.080877804942502,57.10285653745333,1,2026-10-04 23:42:43
2026-10-04 22:30:00,CNC-03,H,298.42928746948485,311.22312959695563,2607.4039516260045,18.815171162769023,160.453571465116,3.5197254605340365,9.387056157037646,52.10886277367611,0,2026-10-04 23:42:43
2026-10-04 10:14:00,CNC-02,M,297.20373724490753,311.5636729835878,1317.2470554502625,47.975285224979956,159.65266073955544,2.350022461689497,11.569700840572422,61.573139539566206,0,2026-10-04 23:42:43
2026-10-04 12:13:00,CNC-03,H,296.6092577206178,310.8309912939424,1462.329723435443,51.12501749374034,58.531061997344516,2.0709428307849076,13.897523613416784,57.991511551697144,0,2026-10-04 23:42:43
2026-10-04 07:23:00,CNC-01,L,295.3488368012793,310.6521298578342,1842.8709051344194,43.869040462838264,173.99323629040273,2.9871672078514377,15.432503867395758,62.208058962067426,0,2026-10-04 23:42:43
2026-10-04 19:20:00,CNC-01,L,299.7315715670422,313.22992493306435,2265.7848239149575,26.46959428034217,164.9784599368849,3.1547445028004546,11.383000233753041,51.94631714947106,0,2026-10-04 23:42:43
2026-10-04 10:10:00,CNC-03,H,295.9096532287117,310.0592504744611,1555.8771321129188,47.201003622858885,106.6598625622296,2.2956311374495604,13.58883912621488,60.703474923817375,0,2026-10-04 23:42:43
2026-10-04 13:25:00,CNC-01,L,297.1545344924084,311.3202871468375,1439.8828019311345,51.07271518779732,75.86190823163899,2.0978848353307202,13.615103720222246,57.479393071084,0,2026-10-04 23:42:43
2026-10-04 01:03:00,CNC-01,L,298.31625659150853,310.54125799813744,2730.1978049270983,15.44918701910858,132.61354757463772,3.4472468595189314,8.043689834075208,54.094600271639045,0,2026-10-04 23:42:43
2026-10-04 15:33:00,CNC-03,H,298.30188338624487,312.5511706250092,1536.62706051481,46.46960428877668,93.99952567794517,2.186465808939224,13.266795829489181,51.35291960914855,0,2026-10-04 23:42:43
2026-10-04 07:34:00,CNC-03,H,22.518261843675475,37.170017832251574,1789.1266982639775,43.23282060922021,139.65125794517536,2.557294527363764,14.514440023129977,61.236995079100076,0,2026-10-04 23:42:43
2026-10-04 01:53:21,CNC-02,M,298.2608973911592,311.75307031229454,2513.718346340153,23.342597821339645,156.96076175089888,3.317048060844318,11.010423699768037,53.4557313530426,0,2026-10-04 23:42:43
2026-10-04 14:48:00,CNC-02,M,304.181619895184,312.3978986968946,1405.5052797246892,46.78622569493316,175.09017433473,2.5224972115225275,12.143980700344592,41.43179425688572,0,2026-10-04 23:42:43
2026-10-04 13:37:00,CNC-03,H,297.44601521744545,312.5130829738397,1437.2669710880912,52.48947563047447,191.54357507580215,2.5400634718843067,14.326180591469816,53.4458990138679,0,2026-10-04 23:42:43
2026-10-04 05:13:00,CNC-02,M,296.54772301617515,311.0661404020896,1917.1260501779818,37.66919901064341,148.97315977558563,2.816132951320507,13.458236062288567,58.80136238687425,0,2026-10-04 23:42:43
2026-10-04 17:12:00,CNC-02,M,299.95547811354913,314.878762685077,1883.5240917852914,40.01095535742765,171.72522510873216,2.8660935446507176,14.255483790467258,52.463559795104715,0,2026-10-04 23:42:43
2026-10-04 09:23:00,CNC-03,H,295.5090130696539,309.30415591954045,1534.1757660587043,45.35874907831985,33.718361033062735,2.0767226443964315,13.21691535235299,61.81452389936176,0,2026-10-04 23:42:43
2026-10-04 02:53:00,CNC-02,M,297.9299644342477,311.0306867480206,2719.173993343266,17.91391566353676,223.288771807098,4.054522941839788,9.145542924921651,51.44725973782233,0,2026-10-04 23:42:43
2026-10-04 12:57:00,CNC-03,H,297.5250320331976,312.0534684148206,1381.2630820128193,54.223773086849235,128.25571817382482,2.1183788956360305,14.124699002367551,58.44404196540275,0,2026-10-04 23:42:43
2026-10-04 07:20:00,CNC-03,H,295.59841591035115,309.63303910872077,1803.6278279626595,37.882516487499856,119.64429403210143,2.5673292239881964,13.002974793088518,60.32733276484467,0,2026-10-04 23:42:43
2026-10-04 12:03:00,CNC-03,H,296.5340791782608,310.51861879310815,1561.5900495506553,44.59125526354416,42.65931177343072,2.144547874913857,12.943494625400774,60.18775179427641,0,2026-10-04 23:42:43
2026-10-04 02:19:00,CNC-02,M,297.9162213526883,311.04289367444954,2559.1945276162724,21.22972185280569,185.50005620320601,3.7034989911078404,10.26845539735407,57.15525939920729,0,2026-10-04 23:42:43
2026-10-04 06:50:07,CNC-01,L,295.72413212759443,310.67460081968704,1827.4767234060782,42.303029820175006,129.02236360852118,2.5826757936684634,14.560540568087033,57.76052556579351,0,2026-10-04 23:42:43
2026-10-04 14:02:00,CNC-03,H,303.27314236721884,312.25854129668045,1478.06746440599,50.243424849251056,230.6136129816721,2.9879553965168637,13.734740259686085,44.839566252087685,0,2026-10-04 23:42:43
2026-10-04 13:20:00,CNC-03,H,297.368895363301,311.7989603400213,1427.2082959577144,48.438928258264795,164.65265072878304,2.4344449846603173,13.014880727814969,59.606090504113936,0,2026-10-04 23:42:43
2026-10-04 07:41:00,CNC-03,H,22.726608676498756,37.105420906979305,1612.7198261425137,43.47037952308409,149.6676825910354,2.526795333660036,13.142483752106651,56.25108540359899,0,2026-10-04 23:42:43
2026-10-04 01:25:00,CNC-01,L,298.26271829961695,311.18045309716274,2762.863658581139,18.979423246085478,156.00869251515206,3.695146417583685,9.839545983137432,53.73068688286996,0,2026-10-04 23:42:43
2026-10-04 06:39:00,CNC-01,L,296.21353995458907,310.358236304648,1915.0255150714415,36.97171354457678,112.62419026408836,2.6375993077290176,13.069483029073165,57.211414708842106,0,2026-10-04 23:42:43
2026-10-04 16:01:00,CNC-03,H,298.7877132522768,313.60553179399915,1626.244250978559,46.71807684561127,135.57130276788922,2.395081454590167,14.245912215410746,52.99262455730065,0,2026-10-04 23:42:43
2026-10-04 05:10:00,CNC-03,H,296.1720210771635,310.6153253887365,2284.0261747182644,29.880738798844746,196.5045275793513,3.414581020867929,12.840252314932899,61.63582739480049,0,2026-10-04 23:42:43
2026-10-04 20:23:00,CNC-02,M,300.5770801241927,314.2269117353365,2379.0912264113163,22.622046980487017,180.48131631180604,3.352113986540237,10.253286976678789,54.93965924458445,0,2026-10-04 23:42:43
2026-10-04 10:27:47,CNC-02,M,24.027782042357785,38.67515542244098,1288.684749403609,56.006004440720396,183.26009861354913,2.445819912387198,13.673997490852646,58.078522780267775,0,2026-10-04 23:42:43
2026-10-04 03:02:00,CNC-02,M,297.82915712721496,311.1437408340569,2516.080636879898,21.687825550745565,233.5452574853227,4.037044961600327,10.412872601071115,50.87522067571848,0,2026-10-04 23:42:43
2026-10-04 19:09:00,CNC-02,M,300.2735228138467,313.94350473927824,2236.0937982374935,26.00791692939414,91.13128951950212,2.8203782399958017,10.820678560620966,52.78906616757953,0,2026-10-04 23:42:43
2026-10-04 20:07:00,CNC-03,H,298.6215891223539,311.3094026875085,2381.0974117304586,24.197919139988613,0.0,2.9506290813181866,10.683138533774917,54.26950450007899,0,2026-10-04 23:42:43
2026-10-04 14:21:00,CNC-02,M,304.1290700902416,312.81249010049083,1428.3116823914854,49.01993248551551,133.4561739809836,2.2972378852259285,13.16864765240156,43.99955560551214,0,2026-10-04 23:42:43
2026-10-04 05:00:00,CNC-02,M,296.92319897826394,310.11943576328,2230.0481525899004,24.87623367759913,132.23467520734084,3.0493873908535085,10.268839749747498,61.51279702456524,0,2026-10-04 23:42:43
2026-10-04 19:58:00,CNC-03,H,298.8731898264304,313.0533263932225,2329.7390337679303,28.523005299231915,225.00496325303817,3.5971484631426573,12.59134738429736,53.20024393224653,0,2026-10-04 23:42:43
2026-10-04 13:06:00,CNC-03,H,297.09684031303664,311.7123769541953,1457.1646781549791,51.04911365405941,142.3995360474874,2.309525267940412,13.734271534022993,56.73406837582236,0,2026-10-04 23:42:43
2026-10-04 16:28:00,CNC-01,L,298.94106233760124,313.09732438050327,1834.33444486219,38.03475985608799,153.34474156533616,2.7845878923585237,12.908593165583818,52.55114361226896,0,2026-10-04 23:42:43
2026-10-04 23:21:00,CNC-03,H,298.4354283638278,311.7876642024552,2585.430609125724,20.453965825461047,215.00445058853813,3.7930011894241273,10.034354609435871,58.82658579131046,0,2026-10-04 23:42:43
2026-10-04 01:17:00,CNC-03,H,297.9447041571305,311.00289571199914,2683.8881627640526,20.210656322449605,146.70408810682983,3.3977674998390444,10.126216894546122,57.31001241126199,0,2026-10-04 23:42:43
2026-10-04 08:04:00,CNC-03,H,22.538648546448314,37.69962615234482,1699.058279125567,44.72333596021623,183.1196235431109,2.7111560281066747,14.156546978943014,64.3447001598536,0,2026-10-04 23:42:43
2026-10-04 11:42:00,CNC-02,M,297.516938760985,311.54515721979146,1313.19443083245,51.911678768707674,90.06304256212813,1.998413510553282,12.75031983621825,59.3201250433145,0,2026-10-04 23:42:43
2026-10-04 16:55:00,CNC-03,H,298.61482029055185,313.1461094316661,1859.737542942938,37.39643581235001,212.74666750316263,3.06731576107894,12.96341365910051,56.14287430769019,0,2026-10-04 23:42:43
2026-10-04 19:09:00,CNC-01,L,299.654940012144,313.42070689822685,2267.8011892391055,26.51875006410598,151.2078479396905,3.1753512847363576,11.097988461063556,,0,2026-10-04 23:42:43
2026-10-04 15:22:00,CNC-03,H,303.67624717782763,312.0062306218371,1555.6320703708636,46.23188186357278,77.63111629991494,40.61165508071111,13.45755988764609,43.99086094519099,0,2026-10-04 23:42:43
2026-10-04 15:53:00,CNC-01,L,298.91085463508017,313.3939650721199,1458.252410271302,50.40899649400445,102.36259971596076,2.1638882563955413,13.77345933578344,50.204699326237915,0,2026-10-04 23:42:43
2026-10-04 00:48:00,CNC-03,H,298.2274718335172,311.8286038036251,2540.8815466502706,23.5183382827325,115.68862878372204,3.226286365583087,11.080307802486415,53.76633351198925,0,2026-10-04 23:42:43
2026-10-04 16:12:00,CNC-03,H,298.61945230304866,313.68459309928414,1827.8881592252778,42.63792264332834,151.4044087781426,2.6247323945720122,14.69133192625335,54.073790141694836,0,2026-10-04 23:42:43
2026-10-04 18:34:00,CNC-02,M,300.0699038354392,314.0655572224372,2126.343681245574,30.546369010214335,46.996374478494864,2.8356538445862016,12.126180576661314,45.48121519344989,0,2026-10-04 23:42:43
2026-10-04 20:53:48,CNC-02,M,300.4083341980602,314.32589886789253,2503.1689055514444,23.94754051126748,217.479397153211,3.8397600310284905,11.31224134316283,51.95801707758104,0,2026-10-04 23:42:43
2026-10-04 09:51:00,CNC-02,M,296.61126121745394,311.4021962579012,1517.9878483362288,49.587567340788915,123.65353808160722,2.3714667077832026,14.000105494880234,55.97971783718068,0,2026-10-04 23:42:43
2026-10-04 07:47:00,CNC-02,M,23.643074551864288,38.471657262198505,1769.325246313084,42.17203226241373,141.28857780716257,2.674613532082943,13.919915278817493,57.17228900224698,0,2026-10-04 23:42:43
2026-10-04 12:17:00,CNC-03,H,296.8472724649851,311.2177139469299,1415.5083920878935,52.53588411236634,64.93106199734451,2.061254173253221,14.286207252372249,55.719134735612926,0,2026-10-04 23:42:43
2026-10-04 12:53:00,CNC-03,H,296.9711205169713,311.3288797260143,1352.8813372534562,51.26001913781329,121.9208593163396,2.105368428490102,12.997005226532206,56.492117765173525,0,2026-10-04 23:42:43
2026-10-04 11:51:00,CNC-03,H,296.50238925654014,310.5290781746925,1371.0105081521622,0.0,23.694212941050335,2.0637068686229236,13.434675769399663,54.984869912309584,0,2026-10-04 23:42:43
2026-10-04 01:14:00,CNC-03,H,298.02912692194906,310.49766324485915,2539.6728801723384,17.91073669182596,143.4737188858378,3.2546154525924735,8.423896722527846,54.88373335008291,0,2026-10-04 23:42:43
2026-10-04 03:56:00,CNC-02,M,296.83077830667173,309.7850346923236,2334.5281531097253,23.95903268228118,53.68735736344222,2.9185386953868417,10.372220378066242,51.126254484901736,0,2026-10-04 23:42:43
2026-10-04 19:37:00,CNC-03,H,298.8642262468072,313.3405586690707,2331.3137266450367,31.159983267670253,199.64506463111258,3.3955950663802277,13.861896256493543,48.111929813223036,0,2026-10-04 23:42:43
2026-10-04 11:49:48,CNC-03,H,296.9094221618978,310.9009908722621,1613.8788491241523,44.49252741054736,20.494212941050332,2.22380512224433,13.199627436420814,58.007226011525646,0,2026-10-04 23:42:43
2026-10-04 03:37:56,CNC-01,L,296.773096607013,310.4765695713501,2483.6185469575016,25.141122732738477,110.62522135157613,3.1232782105034267,11.670216030305898,58.549264220555365,0,2026-10-04 23:42:43
2026-10-04 18:56:00,CNC-03,H,298.69639154958367,312.90617053955174,2231.289007405165,30.862185214648104,148.88257136974187,3.0369195585872655,12.866559447909864,,0,2026-10-04 23:42:43
2026-10-04 05:40:45,CNC-01,L,296.0375534278321,309.7210129694359,2104.4120450203636,30.93390737996065,34.90861424972574,2.6208461112043286,11.94254555592448,58.37587385627103,0,2026-10-04 23:42:43
2026-10-04 18:43:00,CNC-03,H,299.10271069567597,312.8656663101968,2152.648271852752,28.36985498707209,132.45920460450137,2.996594649236517,11.331245710696509,49.64988103234085,0,2026-10-04 23:42:43
2026-10-04 02:21:00,CNC-01,L,297.4926615194298,309.95534356748385,2562.4437741367556,19.878419794426986,24.275056862427988,3.208205247090729,9.371197947906778,56.66018123668429,0,2026-10-04 23:42:43
2026-10-04 07:02:00,CNC-03,H,295.55288774670544,309.5425924747321,1760.109102996799,39.25606974168422,94.22583300729077,24.67077215735263,12.888507773984234,62.29450013739348,0,2026-10-04 23:42:43
2026-10-04 07:49:00,CNC-01,L,22.468456130486004,38.327849497554496,1772.0391891406848,48.22471513854649,211.23698579077322,3.3476768012917697,15.800969968518825,62.24705854852811,0,2026-10-04 23:42:43
2026-10-04 03:07:00,CNC-03,H,297.28544095037927,309.5497382014253,2550.9836247419507,19.562445655602833,47.46880665302732,3.1148150682727636,9.517008164252177,55.5184507911769,0,2026-10-04 23:42:43
2026-10-04 06:43:41,CNC-03,H,295.62496509819084,309.40778386855766,1694.5473938223106,40.01755528247879,68.88600329677348,44.81126048571783,12.719432264723242,53.365089237238365,0,2026-10-04 23:42:43
2026-10-04 14:47:00,CNC-03,H,303.4859148707997,311.0386275670111,1698.4322113405428,38.87556421054075,24.67103210085687,2.235268081408539,12.493650340577261,44.607782527153724,0,2026-10-04 23:42:43
2026-10-04 13:08:00,CNC-03,H,297.1823843610975,311.9392061486834,1414.4692281903092,54.424110686351135,145.59245554264024,2.2026293733659283,14.692276835327123,56.41763697630514,0,2026-10-04 23:42:43
2026-10-04 16:59:00,CNC-01,L,299.2681377831242,313.7474306055994,1839.3687019489091,37.044276832490226,197.23650873493102,3.1403087630094544,12.937421501601607,53.71351647483063,0,2026-10-04 23:42:43
2026-10-04 03:38:00,CNC-01,L,296.88445533984986,309.4897145275993,2576.7209322647036,18.522815562740213,111.73759191511176,3.165317433900461,8.75455919112123,56.885549903066945,0,2026-10-04 23:42:43
2026-10-04 23:26:00,CNC-03,H,298.40796957209653,312.3097646645986,2741.7729178524983,22.266578285512786,220.38273790958795,39.04340337427393,11.211424667618815,55.722277505746625,0,2026-10-04 23:42:43
2026-10-04 23:24:00,CNC-02,M,299.7330487887755,,2669.2736665058806,16.97582777529443,140.19123690760551,3.3816804330042065,8.306767549230884,50.635798420218684,0,2026-10-04 23:42:43
2026-10-04 09:23:00,CNC-01,L,295.8953752834609,309.8492238179562,1579.9946907467045,41.84174164808807,133.39036383476792,2.5150597002097768,12.479056795981961,58.52320560872659,0,2026-10-04 23:42:43
2026-10-04 05:34:00,CNC-02,M,296.7677125813342,311.34252235736403,2194.442801399681,32.35988156177617,175.83499815348443,3.2181447733407995,13.472830379599403,56.44741293749742,0,2026-10-04 23:42:43
2026-10-04 17:06:00,CNC-02,M,299.6925402792066,314.5275222651442,1847.6830397644367,39.20874545698886,163.31292191014344,2.8363034385554826,13.727276853173501,53.60562205328101,0,2026-10-04 23:42:43
2026-10-04 07:20:00,CNC-01,L,295.5420366162068,310.0419101559273,1789.350771840216,41.64024706255233,169.72347377927736,2.7673875927196363,13.942387292488393,63.72610182167004,0,2026-10-04 23:42:43
2026-10-04 14:17:00,CNC-03,H,303.11247725886625,313.06008256683447,1626.0720165920188,51.2790500846303,253.87821862817805,3.288273520779369,15.847533673389753,42.14860721819195,1,2026-10-04 23:42:43
2026-10-04 07:23:00,CNC-03,H,295.6550018927708,310.2537268804731,1903.2283534472497,38.53992982682233,123.89777854238535,2.6552932122909314,13.747076358961115,56.0662713573022,0,2026-10-04 23:42:43
2026-10-04 17:30:00,CNC-02,M,300.04102383260755,314.8598037498992,1838.5891949406243,37.43595114469878,196.43999918342715,3.0356853660788463,12.677827204463314,48.54202132566719,0,2026-10-04 23:42:43
2026-10-04 04:04:00,CNC-01,L,296.5736716588627,310.1139370289265,2386.607133912325,23.32629601317391,142.3626882231281,3.180159875452633,10.603488638165809,56.605183475234696,0,2026-10-04 23:42:43
2026-10-04 14:26:00,CNC-03,H,303.00476698675084,312.0090012673367,1418.4324425110249,52.86222081355698,267.8641655642816,3.265458369057721,14.017138373699005,46.610068628542074,1,2026-10-04 23:42:43
2026-10-04 22:31:00,CNC-01,L,299.1768168894,313.0643481106454,2636.394437014329,23.390899901803948,144.54755730995993,3.4755309484060293,11.46567428184232,52.371146455517184,0,2026-10-04 23:42:43
2026-10-04 12:17:00,CNC-01,L,296.65557190544627,311.660699964861,1367.5898906234984,55.3162597098017,207.3733342231804,2.998343891381238,14.339184262148011,55.16156248386571,1,2026-10-04 23:42:43
2026-10-04 11:27:00,CNC-01,L,23.167847881364423,37.32996735153546,1389.9131098629707,48.93601340370944,127.932130031178,2.2601451272528696,12.944826946617376,58.3348611367553,0,2026-10-04 23:42:43
2026-10-04 03:02:00,CNC-03,H,297.33087161977454,309.2293404049671,2608.5092652359044,16.148900018159328,41.701080246275474,3.095983303633831,7.861710866202955,55.12649151365839,0,2026-10-04 23:42:43
2026-10-04 02:48:00,CNC-03,H,297.50508974816404,309.86097610535,2537.901827404741,19.554068125284292,25.785545774378573,3.044621961243853,9.56496501070427,53.751815062219215,0,2026-10-04 23:42:43
2026-10-04 16:27:02,CNC-03,H,298.659348383392,,1694.0543136875121,41.44636497554288,173.20680739559947,2.696281132009634,13.05583546836621,55.959754248022165,0,2026-10-04 23:42:43
2026-10-04 12:25:00,CNC-03,H,296.64444241442425,311.1201583165308,1482.0148007325827,51.29633031572408,77.56482391161718,2.1987748675227996,14.381391681597037,53.68562250534644,0,2026-10-04 23:42:43
2026-10-04 22:47:00,CNC-03,H,298.52565889591375,310.53697906136836,2745.734653385085,14.02443116694302,178.61371535636255,3.51969241764851,7.252771146930455,54.16325773928684,0,2026-10-04 23:42:43
2026-10-04 10:13:00,CNC-02,M,,312.21794881282506,1319.953336976307,56.94215828289119,158.05827218088956,2.359326763937919,14.033218353432112,57.034704541820275,0,2026-10-04 23:42:43
2026-10-04 13:21:00,CNC-01,L,297.417787199971,311.530374192176,1444.6442397992873,49.47210349749093,69.55143802392863,2.068406221174694,13.418071259683801,57.28574570732077,0,2026-10-04 23:42:43
2026-10-04 15:51:00,CNC-03,H,298.3072158027662,312.9719381980486,1753.7071625359135,44.28579530815255,120.7372258235241,2.5391606810470084,14.631472912346728,55.3478407471839,0,2026-10-04 23:42:43
2026-10-04 12:15:00,CNC-01,L,296.73476566961006,311.2020002665197,1452.6280535733047,48.38343785289683,204.1733342231804,,13.139993527768798,53.91313285071882,0,2026-10-04 23:42:43
2026-10-04 00:08:00,CNC-01,L,298.5411580810034,310.5282359261206,2793.1736758909233,15.373289906403656,74.03435621246777,3.319467642295167,8.146327035753078,53.270240640082264,0,2026-10-04 23:42:43
2026-10-04 03:28:00,CNC-03,H,296.987029454318,309.80061090759983,2543.8390854706604,21.14680917170913,71.91796829166823,3.1474805710033302,10.15070443808991,59.14262966473167,0,2026-10-04 23:42:43
2026-10-04 18:38:00,CNC-03,H,299.0624398910303,313.8316943801348,2037.7851035586914,37.36347016279808,125.9727122987886,2.683377684124472,14.506678937985013,55.69463935555649,0,2026-10-04 23:42:43
2026-10-04 10:15:00,CNC-01,L,295.78952557289085,309.56546829413014,1515.9399686725067,46.879391994207104,14.016835723175273,2.2111720981237317,13.491420641151903,,0,2026-10-04 23:42:43
2026-10-04 19:16:01,CNC-02,M,300.4419617727086,,2249.662725493699,24.32116534876444,99.82994511839956,2.9456659569091252,10.16503122998627,50.3129560861745,0,2026-10-04 23:42:43
2026-10-04 10:17:00,CNC-01,L,296.13843956830937,309.604415385992,1395.1791178790486,46.69488402748234,17.14677655140749,2.0508165360094823,12.229794116587458,57.57777253647487,0,2026-10-04 23:42:43
2026-10-04 15:03:00,CNC-01,L,298.48172965683426,312.47478074110694,1619.2466235988181,45.47320687660314,27.571681103081797,2.265782584976598,13.544681069618466,53.63867929123594,0,2026-10-04 23:42:43
2026-10-04 08:19:00,CNC-01,L,22.18373022182101,36.989154247032786,1783.0610310576328,45.96699960243201,36.739320729633334,2.3298452661121,15.415745187617771,58.66385224146426,0,2026-10-04 23:42:43
2026-10-04 06:03:00,CNC-03,H,295.98855762120843,309.14024595368676,2216.016138429933,27.303771217607437,13.273194173761787,2.673401488254073,11.454914076167256,62.41071439743731,0,2026-10-04 23:42:43
2026-10-04 02:52:00,CNC-02,M,297.908576801369,311.4393207388363,2667.977410800282,21.114565382674986,222.22510259283644,3.9825798255978206,10.613392868021872,54.71088463208014,0,2026-10-04 23:42:43
2026-10-04 06:49:00,CNC-02,M,296.57973265653493,310.8420360929011,1695.1727339411216,42.178937165426206,,2.3571964806783368,13.42329845770492,58.74005856708942,0,2026-10-04 23:42:43
2026-10-04 00:44:00,CNC-01,L,298.5992237495841,311.4815948110058,2727.972010473969,19.3058955380095,112.35422965266771,3.4102739931280777,9.861301870482208,52.49063223212362,0,2026-10-04 23:42:43
2026-10-04 10:59:00,CNC-03,H,23.295594577453357,37.917199069814444,1326.8596993203691,54.36615447708745,184.02615285572546,2.3534155579893543,13.524746530360718,58.284638347147194,0,2026-10-04 23:42:43
2026-10-04 17:29:00,CNC-01,L,299.4061041731446,313.60699200065284,2050.3930880038824,35.79568517590015,20.418106271208394,2.6442415560805657,13.589761319855533,56.31941125372979,0,2026-10-04 23:42:43
2026-10-04 00:57:00,CNC-03,H,298.35336400765567,310.2158898310899,2782.608178340207,13.42324625276921,125.34693723668589,3.4263370406954854,7.119127551715739,53.03934757748636,0,2026-10-04 23:42:43
2026-10-03 23:55:00,CNC-03,H,299.00585231542186,310.0747118959603,2626.9185474195133,12.69236940678583,59.24513628598137,3.2072781413570493,6.253540861723309,50.07388985867067,1,2026-10-04 23:42:43
2026-10-04 20:58:00,CNC-03,H,298.78879291770625,310.78006987096336,2745.1900252982723,16.335100654660327,58.621900890074166,3.2055536734708343,8.589940022851396,49.65455673644505,0,2026-10-04 23:42:43
2026-10-04 23:09:00,CNC-01,L,299.2038895505606,312.0843520234683,109604.6187471128,17.20663745423019,185.53709981831145,3.8383232311304116,8.82210690581745,47.547171975629055,0,2026-10-04 23:42:43
2026-10-04 13:56:00,CNC-02,M,303.7051420649074,311.929478839329,1442.0652498472296,49.647395256841705,94.4533595384682,2.227088804692647,13.547347733060844,46.98355749310768,0,2026-10-04 23:42:43
2026-10-04 08:18:00,CNC-03,H,22.45344315835979,37.6372770372127,1754.4025677724317,45.819784449232266,203.70153683290343,2.844283161549197,15.05866062742121,54.45487955958605,0,2026-10-04 23:42:43
2026-10-04 05:35:00,CNC-01,L,,309.44351386339366,2095.9740507260417,30.6177037991494,27.167655653066575,2.690543320052461,11.86260284203798,58.42832925322612,0,2026-10-04 23:42:43
2026-10-04 11:48:00,CNC-01,L,296.2470313969123,310.46808287205397,1307.5050353070642,52.434639379014136,161.37538301488448,2.446959065654171,147.70554176888712,59.31161914679374,0,2026-10-04 23:42:43
2026-10-04 14:17:00,CNC-01,L,303.23715619350116,311.8789206319517,1396.7350027876507,52.87692701175955,157.19916195765714,2.4970641871846375,13.955153018917324,52.25860830154333,0,2026-10-04 23:42:43
2026-10-04 04:19:00,CNC-02,M,296.8407141586695,310.4185296271287,2287.8343071565937,27.47293680355948,81.42831284003607,2.9130765905603195,11.994837222932015,55.97153327567292,0,2026-10-04 23:42:43
2026-10-04 13:15:00,CNC-01,L,297.47151633548873,311.4018436437972,1359.8431134808009,50.55395747453803,60.107930804269124,2.0903011974138557,12.798125314358405,56.911808809621846,0,2026-10-04 23:42:43
2026-10-04 12:08:00,CNC-03,H,296.843794741651,310.7838518073449,1376.7231808632037,50.75212387011274,50.607831121869374,2.038642454677323,13.046212218688016,54.93191194429091,0,2026-10-04 23:42:43
2026-10-04 14:34:00,CNC-03,H,303.06784857541476,310.7687461991362,1390.1821882973215,51.11098863951137,4.734929766643306,2.062668154182391,13.468965752065818,49.44987850263324,0,2026-10-04 23:42:43
2026-10-04 13:16:00,CNC-02,M,298.1870548657287,312.3070802798753,1508.7267167847388,48.862791045981865,31.688040553390948,,13.874277089868142,57.91591913114371,0,2026-10-04 23:42:43
2026-10-04 19:22:00,CNC-01,L,299.5613534356773,313.7625464631126,2290.733412797567,28.80374493410174,167.46312282182416,3.3551195972777554,12.302428420257858,52.91809562358597,0,2026-10-04 23:42:43
2026-10-04 06:52:00,CNC-03,H,295.5857993324622,310.1526515059229,1890.7602123568004,39.488440577780835,80.13722076318984,2.4183423808043876,13.934576407448464,60.69919468052795,0,2026-10-04 23:42:43
2026-10-04 21:36:00,CNC-02,M,299.94124674757404,312.4827585330256,2523.3566442634306,19.127730115494906,23.639051858832072,2.9067121897694825,9.18397546285117,48.3117367163884,0,2026-10-04 23:42:43
2026-10-04 05:09:00,CNC-03,H,296.0035697472174,310.3133605618041,2242.8020588058544,28.687011110882143,195.26425745071697,3.430007603309938,11.93419711750676,56.924946312927965,0,2026-10-04 23:42:43
2026-10-04 03:25:58,CNC-02,M,297.50639700849945,309.95336495347016,2518.3028307338554,19.14635892082181,17.179716415378152,2.937937866222421,8.925159853717618,52.6278823843933,0,2026-10-04 23:42:43
2026-10-04 03:05:00,CNC-02,M,297.66763869627516,311.23954439236377,2533.527121245053,21.88230083648494,236.9317163852898,4.0927921874341635,10.414712593794404,55.61528201821813,0,2026-10-04 23:42:43
2026-10-03 23:44:00,CNC-03,H,299.0663200004053,311.6445025473098,2651.878145838649,19.137664032012587,47.655396656225875,3.1770607927594217,9.409219141532281,49.92873764090697,0,2026-10-04 23:42:43
2026-10-04 14:33:50,CNC-03,H,303.3700370933871,311.59382342671495,1581.857084462511,47.92784153297235,6.263470986616471,2.118165747649327,14.208660550400165,44.69758451359043,0,2026-10-04 23:42:43
2026-10-04 16:09:00,CNC-02,M,299.5556872304361,313.8850414977955,1755.2155332410039,40.05760316889207,82.0043467717955,2.459402777235906,13.056559389849824,56.6654288483287,0,2026-10-04 23:42:43
2026-10-04 02:14:00,CNC-02,M,298.2783831279918,312.13383605005197,2634.696038522233,22.588560711263735,180.02711672903655,3.6561049868820943,10.999168702283983,56.29659472083886,0,2026-10-04 23:42:43
2026-10-04 22:32:00,CNC-03,H,298.6567656960123,312.1524171818173,2773.4615849523693,20.451862287224923,162.54703530927245,3.685604527051208,10.696897266325712,55.2292437113679,0,2026-10-04 23:42:43
2026-10-04 04:32:00,CNC-03,H,296.4442115148143,,2241.6174129324277,26.44384407332548,149.09013151820167,3.1715536429275164,11.06001328656358,57.52971167508496,0,2026-10-04 23:42:43
2026-10-04 14:50:00,CNC-02,M,304.0948886247442,313.14872295093414,1522.0158168812554,49.4045698321688,178.0858673915267,2.656924176893023,13.910962388111196,44.46070528783543,0,2026-10-04 23:42:43
2026-10-04 00:34:00,CNC-03,H,298.3071352954048,311.42636327780156,2646.376848097696,21.307345317950098,100.75992935013797,3.2258296011855294,10.426097402962586,51.34832432005254,0,2026-10-04 23:42:43
2026-10-04 10:31:00,CNC-03,H,23.008354822410695,37.407776589756736,1374.6255353555578,51.83611419979192,139.6785486541959,2.2586763278455533,13.394340964092022,59.15091687631351,0,2026-10-04 23:42:43
2026-10-04 18:06:00,CNC-01,L,299.99967301414085,314.2804496944382,2139.53844562763,34.89968556509193,70.17434314749796,2.753716243586977,13.595202303114743,50.349979574306865,0,2026-10-04 23:42:43
2026-10-04 04:25:00,CNC-01,L,296.5138125453461,310.3768242389256,2302.4757839905697,28.10654409482031,167.71032510871908,3.326347848088411,12.210826879794661,57.820357781139975,0,2026-10-04 23:42:43
2026-10-04 18:17:00,CNC-01,L,299.6825204792775,313.29401520400944,2000.3165160173332,32.25121707116719,84.5882550686666,2.592943522910624,11.870168155121716,48.620640013367826,0,2026-10-04 23:42:43
2026-10-04 06:57:00,CNC-01,L,295.9501849511777,309.9406725278805,1815.673138697191,38.205108506614174,137.37212235432273,2.6918286152505497,13.182843875551649,57.99180722076637,0,2026-10-04 23:42:43
2026-10-03 23:48:00,CNC-03,H,298.9718865241862,310.26823607016263,2712.250623045057,12.974828145902666,51.833715130952264,3.2934807454783357,6.55118776412659,51.18624235832705,0,2026-10-04 23:42:43
2026-10-04 11:52:00,CNC-02,M,297.4663383756377,311.91817565837704,1481.2125490884443,48.374972827058066,105.87990065079661,2.2267204936617193,13.154444712420702,53.737361820652275,0,2026-10-04 23:42:43
2026-10-04 20:54:00,CNC-02,M,300.6030574536284,315.15658932463515,2533.7979771362834,24.24335935851009,216.35219990730303,38.48507456262533,11.483425619230394,44.189408222481454,0,2026-10-04 23:42:43
2026-10-04 11:43:00,CNC-01,L,296.25530225399694,0.0,1458.2758787976502,53.01963679327045,153.40939583226577,2.406751423217195,14.696372211276715,63.45706370068422,0,2026-10-04 23:42:43
2026-10-04 02:01:00,CNC-01,L,297.58276782607805,308.82014745555796,2674.0073994181685,14.039991615070727,2.1721991806178185,3.298038392888773,7.1059971784497655,52.27014609199974,0,2026-10-04 23:42:43
2026-10-04 18:14:00,CNC-03,H,298.84379245603895,312.99826931960814,2021.7228621476293,35.559567192836425,94.86175937878141,2.636317222850365,13.394922467629542,54.49478551148247,0,2026-10-04 23:42:43
2026-10-04 04:11:00,CNC-02,M,297.03344327819764,310.152781311339,2322.1125736115023,24.44016782318925,71.7059330488219,0.0,10.151210862070982,57.40861372234328,0,2026-10-04 23:42:43
2026-10-04 16:45:00,CNC-03,H,298.4496023123802,313.3083065715068,1744.7251983446474,42.117924905125804,198.7715096634294,2.948708453889443,,54.09334469174458,0,2026-10-04 23:42:43
2026-10-04 02:17:00,CNC-03,H,297.6724258639668,311.1551879686503,2575.639086186735,20.648481160215344,211.85607861788125,3.733542022730797,9.987355978894383,55.95225384327317,0,2026-10-04 23:42:43
2026-10-04 02:10:00,CNC-01,L,297.4680761311156,308.39560245525337,2748.3135756920583,12.016395136256968,12.104330072151752,3.2620066440684776,6.144535594500586,52.773070023178434,1,2026-10-04 23:42:43
2026-10-04 03:16:00,CNC-03,H,297.24850118366373,310.23464293743035,2458.201543561793,22.5756353235975,57.973845481089484,3.0410713200796335,10.392197288587846,55.677323690064696,0,2026-10-04 23:42:43
2026-10-04 00:32:00,CNC-02,M,298.7458148753887,311.3896911163295,2542.3277585977557,19.36761937314649,70.1963458312032,3.1415329084700656,9.299596236581829,53.064454886847386,0,2026-10-04 23:42:43
2026-10-04 10:39:00,CNC-03,H,23.04978890659322,0.0,1565.4885760369868,50.93055309319679,152.31891792218823,2.4023821208538307,14.968341000335155,52.39701681716275,0,2026-10-04 23:42:43
2026-10-04 19:21:00,CNC-03,H,299.4194752863556,313.17365191037464,2266.3567066964724,25.720534945403372,179.88604272084217,3.188295009148808,10.932533397320192,52.76669105656878,0,2026-10-04 23:42:43
2026-10-04 11:12:00,CNC-03,H,23.304215538741857,38.83771790581369,1482.3762904563846,56.26888685196092,204.60469389395507,2.787355862463899,15.639542096205824,57.45742942615906,0,2026-10-04 23:42:43
2026-10-04 04:30:23,CNC-03,H,296.2777471125297,309.8522247621817,2203.8172628123075,26.94905202518457,145.3488161675399,2.976742964186269,11.024499794294409,58.067703250426135,0,2026-10-04 23:42:43
2026-10-04 05:36:00,CNC-02,M,296.85832685990084,311.7894991424172,2052.2986630144796,36.66835400471155,178.43321087332217,3.0884108130681045,14.051974882108079,57.39268769621153,0,2026-10-04 23:42:43
2026-10-04 12:37:00,CNC-01,L,297.09792423423005,310.7152950366382,1329.9272212532517,50.806557337531125,0.0,2.0146423364957013,12.852313650988323,56.59335153251093,0,2026-10-04 23:42:43
2026-10-04 16:33:00,CNC-03,H,298.4421777861069,313.01282519156325,1747.1743764245493,41.24466336868735,181.7793519217617,2.7899801889358384,13.629383287381858,51.07598403005257,0,2026-10-04 23:42:43
2026-10-04 04:23:00,CNC-03,H,296.23778962118814,309.88131893834867,2350.5751689845133,25.860597900907504,137.92280100176765,3.0201113953442906,11.260682737089239,54.21318147132134,0,2026-10-04 23:42:43
2026-10-04 20:21:00,CNC-02,M,300.3621113007605,314.63750422912943,2339.4553630352507,27.32335763565923,178.12594359335515,3.353039793977742,12.09765547371041,53.79533395598253,0,2026-10-04 23:42:43
2026-10-04 03:31:00,CNC-02,M,296.9419042393193,309.97660773160425,2383.1947302027725,24.307880392491086,24.19333002578769,3.0068762715767026,10.66826225778933,52.63799959126986,0,2026-10-04 23:42:43
2026-10-04 05:37:59,CNC-02,M,296.4962450823069,311.16864597063636,2135.9440987819426,33.40505297898992,181.0090722460723,3.188874777177872,13.427612021886617,59.24665316912444,0,2026-10-04 23:42:43
2026-10-04 02:22:00,CNC-02,M,297.98322579407136,311.12215565750313,2729.2809106213303,18.887214594842373,188.80308014118626,3.839179098242475,9.531293906934696,54.4052950209584,0,2026-10-04 23:42:43
2026-10-04 14:37:00,CNC-01,L,303.45233774266165,311.9603588353983,1565.4098493498113,46.15130526484851,188.09698203343478,2.9052143867060862,13.723828684114826,46.14227067507808,0,2026-10-04 23:42:43
2026-10-04 15:49:00,CNC-01,L,298.48094943183827,312.72944818610154,1612.852538256278,44.80518010858573,96.34196704087259,2.311582546836336,13.696258911660104,54.68149789670812,0,2026-10-04 23:42:43
2026-10-04 18:23:34,CNC-02,M,300.36371554384755,314.2628826833198,2088.6223427424725,31.83516897634739,35.55649456847888,2.586332824685079,12.442996458505856,49.27153280558351,0,2026-10-04 23:42:43
2026-10-04 14:51:00,CNC-02,M,304.1479005765793,313.45347798537364,1560.2542832506215,51.13095671871647,179.61998715244604,2.7051445085790427,14.988694873679886,44.557917559535746,0,2026-10-04 23:42:43
2026-10-04 10:03:00,CNC-02,M,297.35205252287267,311.71163282080187,1378.6226262418838,51.10300619162116,142.34507654811023,2.0797339465269458,13.142948723837323,54.37926905230568,0,2026-10-04 23:42:43
2026-10-04 03:23:00,CNC-03,H,297.22311454161473,309.97299873535053,2521.6273590540823,21.16378907896105,66.08862738661149,3.1383645646303955,10.20704143724039,55.2924986807434,0,2026-10-04 23:42:43
2026-10-04 03:30:00,CNC-03,H,296.9927276259689,310.4892975615647,2487.1982364456912,25.13403551069728,74.2377255072988,3.107514769053781,11.732450239601684,58.866375950602624,0,2026-10-04 23:42:43
2026-10-04 16:42:00,CNC-01,L,299.26949087653634,314.1218713036082,1762.6726730582122,43.54093715096751,173.2054941034546,2.912685104554935,14.268732670278622,52.556318892841205,0,2026-10-04 23:42:43
2026-10-04 14:45:00,CNC-02,M,304.3319609774931,313.4055587069012,1430.3513369992909,52.008863352178736,170.46011734366735,24.192873379624313,0.0,39.90248905309522,0,2026-10-04 23:42:43
2026-10-04 15:59:00,CNC-01,L,298.860583227824,313.0439472345746,1654.8713950112506,43.52604926398281,111.14620335406379,2.4331948162289594,13.248501481606125,55.11324610570127,0,2026-10-04 23:42:43
2026-10-04 02:27:00,CNC-02,M,298.18183787386636,311.56048336830037,2560.2578950830175,20.326585267508346,194.32188291468904,3.75503191617347,9.76550324727961,55.984824414756794,0,2026-10-04 23:42:43
2026-10-04 00:10:00,CNC-02,M,298.9089522865113,310.7363406312381,2748.8424247430703,15.642957391646403,46.72118831587991,3.2108381504840064,8.070140524957196,52.256722030553874,0,2026-10-04 23:42:43
2026-10-04 03:31:00,CNC-01,L,296.74325241690974,310.0876448400585,2373.6077775578897,25.422014589686302,103.51689737158362,3.0353318325539225,131.46939768139174,59.731444569802214,0,2026-10-04 23:42:43
2026-10-04 02:17:00,CNC-01,L,297.42927788709886,309.2730944480624,2544.3161068552067,17.334357670495024,19.853472363353738,3.0523668949028915,8.32602612571717,51.74935731642887,0,2026-10-04 23:42:43
2026-10-04 06:52:00,CNC-02,M,297.176453397628,311.1451962820846,1923.9645770551647,35.11251000082088,62.97406993541912,2.5170913552704848,12.773407437715353,56.350956367656195,0,2026-10-04 23:42:43
2026-10-04 23:14:00,CNC-03,H,298.3890013066164,311.3484309428569,2630.9253793055404,19.860150053113056,207.57060033521446,3.7822667732197526,9.742430629361275,56.471438507933264,0,2026-10-04 23:42:43
2026-10-04 23:24:00,CNC-03,H,298.4050562180282,311.41275788692644,2754.6411452820785,17.632222363693838,218.2296344001737,3.8840813945977706,9.125123104113968,53.604399444334675,0,2026-10-04 23:42:43
2026-10-04 21:25:00,CNC-01,L,299.4412691008731,312.2832996322753,2497.9381405766976,22.98451990848725,72.25934158030225,30.519838497672907,10.664989927955013,52.55758455866863,0,2026-10-04 23:42:43
2026-10-04 20:45:00,CNC-02,M,300.5191457620205,314.93473002940607,2599.9523814891672,24.141210577397587,206.02527200735872,3.798728545541199,11.548836396331291,50.27860286581366,0,2026-10-04 23:42:43
2026-10-04 22:27:00,CNC-02,M,300.0934452778041,312.3468406498003,2692.361206889777,14.829213915018261,79.33330988245918,3.3446716747779655,7.492994231711894,55.474615425298865,0,2026-10-04 23:42:43
2026-10-04 03:38:00,CNC-03,H,296.62006595567135,309.450969803985,2369.482477897807,23.829655881376066,83.72078390993572,2.9195268220368895,10.59886835020256,61.99329098657171,0,2026-10-04 23:42:43
2026-10-04 21:07:00,CNC-02,M,300.2724330146816,314.45316315704014,2693.8600320704254,22.152140664294212,231.18962733868503,4.181497712330496,11.068787113325069,52.45691598125323,0,2026-10-04 23:42:43
2026-10-04 18:10:00,CNC-02,M,300.34031458495537,314.51715092023244,2098.0466209282,33.196347134095916,16.052955550013092,2.7360108370795113,13.160788948731241,47.82050863728621,0,2026-10-04 23:42:43
2026-10-04 15:56:00,CNC-03,H,298.6289702856771,313.04382266067984,1777.3301994189153,41.9646391056137,128.17256123524163,2.546210131306786,13.899136901281764,51.23116254882358,0,2026-10-04 23:42:43
2026-10-04 12:19:00,CNC-02,M,297.488289996383,312.42954163389027,1388.6983507252457,53.256197099203185,148.86439196192657,2.361564130722735,13.822531210498079,54.965053034135885,0,2026-10-04 23:42:43
2026-10-04 03:42:00,CNC-03,H,297.0599084021302,308.58077726053057,2520.966751412982,14.246500656406427,88.38251217729923,3.0881434464155686,6.579236152162368,59.474696957287584,0,2026-10-04 23:42:43
2026-10-04 21:40:00,CNC-03,H,298.82729481070606,311.0708819049212,2606.5813246507882,18.088911407784504,105.73292079525432,3.180223625251368,8.890403603313578,54.20155844239457,0,2026-10-04 23:42:43
2026-10-04 12:48:00,CNC-01,L,296.87462950528953,310.5855827681122,1398.8065486182995,47.724440650731296,17.448603408378617,2.0911760493826486,12.514280063243005,56.68789848570457,0,2026-10-04 23:42:43
2026-10-04 04:52:00,CNC-01,L,296.14371491024366,310.39105431909775,2148.4722426743338,31.202562773179306,201.26907371715342,3.614624774813489,12.409306399609342,55.19694205537735,0,2026-10-04 23:42:43
2026-10-04 19:43:00,CNC-02,M,300.16101306722845,314.446607342052,2318.000149357541,29.07754900424479,132.94807427123538,3.118257809912125,12.51954941626057,46.06962060845114,0,2026-10-04 23:42:43
2026-10-04 01:59:00,CNC-02,M,9210.75545020211,311.63926702368553,2542.2727965343825,23.46725627191086,163.5585756585264,3.4365226629094923,11.154346939034808,53.39294051590989,0,2026-10-04 23:42:43
2026-10-04 06:41:00,CNC-03,H,295.78559385329936,310.0635800569301,1819.4467248747846,40.67002030980882,64.68911228191611,2.4000695867497837,14.0806332689546,60.67584365642431,0,2026-10-04 23:42:43
2026-10-04 07:08:00,CNC-03,H,295.78812419349464,310.0121555137826,1924.18358814211,36.35236446009013,102.55489013361824,2.591979884876237,13.220098858832364,57.71714518848392,0,2026-10-04 23:42:43
2026-10-04 15:34:00,CNC-03,H,298.28737285062556,313.08132992202746,1649.287612973803,45.49502746549303,95.52214487571818,2.345932714950698,14.127769987168483,52.241149803656626,0,2026-10-04 23:42:43
2026-10-04 03:04:00,CNC-03,H,297.28343415961785,310.2060098752305,2389.553746232329,22.88014982594974,44.03778380830669,2.9750262300464794,10.31482196891616,57.06470294599856,0,2026-10-04 23:42:43
2026-10-04 10:06:00,CNC-03,H,295.43397572884675,309.5344235919114,1529.539279574693,47.14646259184537,100.47613123219696,2.235988816312335,13.614523378739232,61.72150361428479,0,2026-10-04 23:42:43
2026-10-04 09:14:00,CNC-01,L,295.52916993528424,309.63284174043866,1477.3833079859837,47.4420977175657,119.7565674363302,2.288490209108459,13.23093474809697,62.3502129046304,0,2026-10-04 23:42:43
2026-10-04 20:05:00,CNC-03,H,299.0852594978121,312.84153767628135,2208.2268162165024,26.33320497799771,233.4428174884205,3.649390998224138,11.055124939679295,50.715652430681104,0,2026-10-04 23:42:43
2026-10-04 09:26:00,CNC-01,L,295.5216289735299,310.3125546510141,1577.5187918295599,48.738948602852986,138.0210497321835,2.5343359508445773,14.513317431988124,62.39039562686472,0,2026-10-04 23:42:43
2026-10-04 00:49:00,CNC-02,M,298.36516030680946,310.5557983600252,2681.131456743478,16.90452930538279,88.19584668841436,3.2516693052852075,8.573064162369295,58.94065303627324,0,2026-10-04 23:42:43
2026-10-04 05:01:00,CNC-01,L,296.3794233819839,311.3978963763692,2077.9315136557934,37.42131429997241,212.71004908269114,3.6907651943094826,14.931547382329773,60.255316694764836,0,2026-10-04 23:42:43
2026-10-04 15:30:00,CNC-03,H,298.50718172999836,312.3114293396405,1561.7639569041432,42.21911501503483,89.53985456072621,2.2269269717688456,12.555671145929185,51.04049618745689,0,2026-10-04 23:42:43
2026-10-04 06:13:00,CNC-01,L,296.11232593108673,309.7286501190739,2001.6865704377392,31.870257829076216,77.29434368252123,2.6879636306206867,11.851471211117296,54.47799690283168,0,2026-10-04 23:42:43
2026-10-04 02:42:00,CNC-03,H,297.6214147692778,310.1160593279686,2533.1826821495906,20.53820717404423,19.03123821544374,3.058588051320482,9.657242115963706,62.33608057200719,0,2026-10-04 23:42:43
2026-10-04 16:45:00,CNC-02,M,299.6030532658469,314.32662148900135,,40.980846388403165,133.7371012207157,2.604980153559487,13.69340192786043,54.08688467350585,0,2026-10-04 23:42:43
2026-10-04 21:03:00,CNC-03,H,298.62752720062076,310.04082077779185,2626.523619411409,13.950204588230212,64.22400243737161,3.2006020658265,6.691824142093879,55.307951600933315,0,2026-10-04 23:42:43
2026-10-04 03:22:00,CNC-03,H,297.09640806031604,310.2435230909791,2373.0161074119364,24.128912247775606,64.95102211187135,3.0607161593631598,10.757315200394986,58.66211118317687,0,2026-10-04 23:42:43
2026-10-04 07:03:00,CNC-01,L,295.7413119246686,310.31898573976616,1782.5674774400204,41.527804716161484,145.74108330131523,2.7860345829894397,13.7300828093604,59.58264611906379,0,2026-10-04 23:42:43
2026-10-04 05:30:00,CNC-03,H,296.0186920709849,310.62318610377173,2201.4272108984674,31.950815330268632,222.2348434002376,3.53312954258775,13.297309297572928,54.45178092768111,0,2026-10-04 23:42:43
2026-10-04 11:10:00,CNC-03,H,23.66458526092407,38.572030232438294,1372.9755877347877,55.35069311218258,201.43664834980592,2.5486422087317147,14.208380172088201,59.20977868058971,0,2026-10-04 23:42:43
2026-10-04 13:17:00,CNC-02,M,297.690038356068,311.79136825740676,1361.8457567148605,51.58187082044058,33.28804055339095,2.0379087828612112,,55.80134824078929,0,2026-10-04 23:42:43
2026-10-04 10:02:00,CNC-02,M,297.1605189346344,311.17862502431217,1276.3120239633354,51.42603177669252,140.7778213087775,2.1135840208038306,12.289572341585133,54.566959687538294,0,2026-10-04 23:42:43
2026-10-04 02:11:00,CNC-03,H,297.7435736645083,311.1897414577126,2550.5367169100336,22.896465815697923,205.28557471816745,3.6023503430370005,11.054085500497898,55.33033021470444,0,2026-10-04 23:42:43
2026-10-04 05:09:00,CNC-01,L,296.19878063776713,310.233977806631,1977.5390102485644,31.147336576754817,222.89805524414837,3.5417822956327787,11.445902229971454,58.44673024249398,0,2026-10-04 23:42:43
2026-10-04 18:32:00,CNC-03,H,299.26744157654724,,2319.338676445308,28.09866708496116,118.23505073162382,3.0303475790491565,12.425465597905022,52.22826546406457,0,2026-10-04 23:42:43
2026-10-04 16:36:00,CNC-03,H,298.6884835601531,313.70594803583793,1806.9059690851068,42.3584694597275,186.046945881602,2.798614715497839,14.139859888409859,56.64572392770246,0,2026-10-04 23:42:43
2026-10-04 15:48:00,CNC-02,M,299.71509280168397,314.0199207027709,1704.8320410652443,42.278486190890504,50.97525802337961,2.286660254450594,13.400849923975352,52.968342259593,0,2026-10-04 23:42:43
2026-10-04 07:58:00,CNC-02,M,23.4691132098057,38.62805382956361,1595.498487172004,50.02258178787595,157.42226009279196,2.582537060881349,15.045001691704375,63.98422114473586,0,2026-10-04 23:42:43
2026-10-04 01:48:00,CNC-02,M,297.8445854277423,310.48525686982373,2754.238515079768,17.143506797134254,2251.071366808693,3.629419073104139,8.778369253307442,55.07687474857347,0,2026-10-04 23:42:43
2026-10-04 17:33:00,CNC-02,M,299.8620113579244,315.7638482475082,1869.6383515622038,43.79778806906061,200.5979583509353,3.0922907578433105,15.465160516438516,49.94844171997021,0,2026-10-04 23:42:43
2026-10-04 06:48:00,CNC-03,H,295.72323749961504,309.6468779763968,1926.001549432294,36.08197260609277,74.53184065476557,2.5326506260308332,13.179194838049252,59.42423340432184,0,2026-10-04 23:42:43
2026-10-04 03:14:00,CNC-02,M,297.71358921407347,310.1977242806883,2529.475981776833,19.863827848219806,4.57778351417534,3.179848915539144,9.242609253365929,53.15633151372507,0,2026-10-04 23:42:43
2026-10-04 15:14:00,CNC-01,L,298.31318520173875,311.65430443969314,1706.6783202778568,38.65000680380609,44.16512350739321,2.264711408444396,12.222605534611699,49.91410197513544,0,2026-10-04 23:42:43
2026-10-04 01:15:00,CNC-03,H,298.053972934476,310.3361290639069,2767.1900303082916,16.225988845454484,144.50665604727288,3.4948455066731205,8.16583251894893,56.43812721141028,0,2026-10-04 23:42:43
2026-10-04 16:54:00,CNC-01,L,298.8949962530356,314.2543294165061,1829.648312879361,43.039034338789435,190.27312114098982,3.1033910322260296,14.857515072076094,56.520287468263696,0,2026-10-04 23:42:43
2026-10-04 10:32:00,CNC-02,M,23.99508852835993,39.241186783124306,1470.7971099187369,53.47206593940324,187.99037900911148,2.702075109658974,14.576218650376536,61.297056182421414,0,2026-10-04 23:42:43
2026-10-04 06:50:00,CNC-03,H,295.6497194342628,309.8441718424193,1889.3265692854457,38.13970558852542,77.30865618114692,2.555489501328867,13.488557790438687,57.653772015386075,0,2026-10-04 23:42:43
2026-10-04 10:37:00,CNC-03,H,23.0966936822698,38.012850506416044,56033.12066637776,57.014483093746605,149.15725710562887,21.846409790148826,15.216382172307364,60.86579724050832,0,2026-10-04 23:42:43
2026-10-04 11:40:00,CNC-02,M,297.3747995713309,312.2098935703527,1391.605041548091,54.937086768759166,86.90348314009722,2.219257439249533,14.205010391699389,55.39694664287359,0,2026-10-04 23:42:43
2026-10-04 22:49:00,CNC-03,H,298.6024190069505,312.5909752125058,2693.6183261594715,23.402520226836256,180.7583504417392,3.695967703477283,11.671888618925145,57.38705036089379,0,2026-10-04 23:42:43
2026-10-04 06:25:00,CNC-01,L,296.2096480733069,310.7654844960856,1949.2943657326387,39.39098390128355,93.46796836291334,2.5687835597170583,14.5140703420619,57.451299750956466,0,2026-10-04 23:42:43
2026-10-04 03:48:00,CNC-03,H,296.94387433494705,310.2965175813704,2296.5436738213293,26.30616579475761,95.62212553136975,2.925328489393122,11.35145915017519,58.50069056191954,0,2026-10-04 23:42:43
2026-10-04 01:03:00,CNC-02,M,298.2676364191226,310.31180888816186,2704.2080444597186,15.746224978781644,103.04705898476662,3.3162625427608807,7.952310832411025,56.040065485592216,0,2026-10-04 23:42:43
2026-10-04 05:19:00,CNC-02,M,296.8320258551747,310.8735704417374,2177.599330016956,29.870340017168996,156.64553391624415,3.0736994142957905,12.050061539824123,56.509032341368886,0,2026-10-04 23:42:43
2026-10-04 02:39:00,CNC-01,L,297.15927216041456,308.54976583033283,2700.2715203432394,13.73274786497434,44.00095893443561,3.18668268050564,6.921066375393806,52.66008248435693,0,2026-10-04 23:42:43
2026-10-04 20:46:00,CNC-02,M,300.1832950325897,314.79275922162043,2467.734533834418,27.193813718280147,207.17983557933258,3.739958967505702,12.54825456553441,51.3198150363094,0,2026-10-04 23:42:43
2026-10-04 14:38:00,CNC-02,M,303.95289560060786,312.4416191978877,1424.1754493880264,47.48454072648673,159.6587106365734,23.517354081472586,12.5978554253575,45.2965302328266,0,2026-10-04 23:42:43
2026-10-04 10:20:00,CNC-03,H,295.7464086414812,310.5517412002785,,52.38530360805756,122.31975064631415,2.263189850462402,14.597016080345606,53.94447559492923,0,2026-10-04 23:42:43
2026-10-04 10:06:00,CNC-02,M,296.86712113724064,311.69750957529146,1626.7863764428703,45.64743848299441,146.95593743996142,2.5741413477744013,13.680977947337437,51.72795679293454,0,2026-10-04 23:42:43
2026-10-04 16:13:00,CNC-02,M,299.44076997814193,313.3894968848617,1733.2847567119297,39.421788501301336,87.76593763156252,23.97436855321333,13.180492118478504,51.750513297820476,0,2026-10-04 23:42:43
2026-10-04 20:04:00,CNC-03,H,298.81699833776685,313.3888009585974,2410.0195034899893,27.449906600139027,232.19927366361003,3.7462040017464666,12.487776301868253,52.30423377445093,0,2026-10-04 23:42:43
2026-10-04 09:36:00,CNC-01,L,295.4677147639106,310.26107556069735,1481.728272452392,49.87607763237132,153.51912825679932,2.5436605470150906,13.642078263459005,59.48123297141717,0,2026-10-04 23:42:43
2026-10-04 13:41:00,CNC-01,L,297.47683510743593,312.13854186734414,1460.355226869529,51.783504382341505,100.85985433806962,2.2740800818254154,13.890526194847677,56.55764656263633,0,2026-10-04 23:42:43
2026-10-04 21:21:00,CNC-03,H,298.84815556552957,311.2979287325234,2509.4873866276585,20.545404287620865,84.50424757888682,3.0868272027338817,9.548548404913861,54.84202122668441,0,2026-10-04 23:42:43
2026-10-04 06:40:00,CNC-02,M,296.66113861077827,310.68053784214527,1749.8362435861643,40.654771835812674,46.44345475942839,2.412846728715524,13.363974046227737,56.503418064460874,0,2026-10-04 23:42:43
2026-10-04 14:29:00,CNC-02,M,304.0948288645851,313.0600691009412,1565.8515840505713,49.70298116812696,145.80653451520598,2.460527623926526,14.770281780728682,40.941143238065564,0,2026-10-04 23:42:43
2026-10-04 14:25:00,CNC-01,L,303.33283024078924,312.1605634658975,1549.9035400671996,48.89813458321769,169.53452982243215,2.626638073375002,14.26779950388291,47.6102401880495,0,2026-10-04 23:42:43
2026-10-04 19:51:00,CNC-01,L,299.5338739794132,313.96567107651697,2280.5637431390724,30.219189754396563,202.96042994404027,3.5627214097744124,12.831282752517632,48.87353439211296,0,2026-10-04 23:42:43
2026-10-04 03:37:04,CNC-03,H,297.04445334201205,310.1406967030547,2348.149155108598,25.420401041071045,,2.9580974964891205,11.306722138102934,57.75458281893703,0,2026-10-04 23:42:43
2026-10-04 04:17:00,CNC-02,M,297.1562611727727,310.311763319114,2287.1092549619434,25.612351495705536,78.98072188136659,2.9162550966248855,10.823563252382085,54.29998928853301,0,2026-10-04 23:42:43
2026-10-04 10:41:00,CNC-02,M,23.800188810761142,39.08066979432243,1394.169071493835,55.731232881411444,202.27637342193515,2.7260843568844653,14.605950253088277,60.34061583425955,0,2026-10-04 23:42:43
2026-10-04 23:14:00,CNC-02,M,299.91234938124137,312.5343387850061,2752.204304436425,15.94574992179555,129.45008300066863,3.4832640419274146,8.331618189017943,47.51016400035177,0,2026-10-04 23:42:43
2026-10-04 07:00:00,CNC-03,H,295.87606393597355,310.1324759154439,1823.898291026205,39.38548137306886,91.36787740766206,2.6258325671144873,13.25645743278355,61.72878163311948,0,2026-10-04 23:42:43
2026-10-04 00:44:00,CNC-03,H,298.1755182493879,311.00081952784274,2631.206957359521,18.443708690390277,111.41594973792739,3.2774658595918718,9.069243028281777,50.57270587386759,0,2026-10-04 23:42:43
2026-10-04 11:37:00,CNC-01,L,296.53064169474254,311.015130428711,1389.1319217235744,50.85735864258045,143.91112724128766,2.412295312218491,13.289267362898428,56.541237594108665,0,2026-10-04 23:42:43
2026-10-04 05:02:00,CNC-01,L,296.1922374740451,310.79196992457884,2108.4474791942366,32.62913477212878,213.998818651561,3.673763832103497,12.76824126105804,54.612714201050416,0,2026-10-04 23:42:43
2026-10-04 13:11:00,CNC-01,L,297.05992637125416,311.10899145880995,1374.4332424998051,52.83126258883138,53.788756026738554,1.993522034844032,13.810302656703158,57.09791833209864,0,2026-10-04 23:42:43
2026-10-04 05:41:00,CNC-03,H,295.7280031493277,311.22519369706833,2030.4997420947802,38.899130670796545,236.50661446714233,0.0,14.744568797364833,56.02708706539028,0,2026-10-04 23:42:43
2026-10-04 05:49:00,CNC-03,H,295.3130714734837,310.8288483589251,2165.445891413595,36.11873501156237,246.89505257699128,3.670508014132296,14.703944658867186,65.24201594026543,0,2026-10-04 23:42:43
2026-10-04 02:12:00,CNC-03,H,297.62659900541513,311.4550194319172,2675.5865853389587,22.44863964962323,206.3986785403825,3.815850080124286,11.363233942316775,57.094185574710735,0,2026-10-04 23:42:43
2026-10-04 05:15:00,CNC-03,H,295.9942163388511,,2258.899569102052,30.70086136798564,202.84393588804514,3.3552819597463293,12.85398649274188,61.387378787844646,0,2026-10-04 23:42:43
2026-10-04 10:57:00,CNC-03,H,23.18638394258545,38.401880913930654,1488.9077234653205,52.263899634258614,180.82712244101705,2.531572393698118,14.729823392118979,57.656121814077345,0,2026-10-04 23:42:43
2026-10-04 18:48:00,CNC-03,H,299.135076443773,313.72778859884767,2193.165460249122,33.37342919361625,138.83656598909903,2.949963847903996,13.528172575345849,53.063822382261336,0,2026-10-04 23:42:43
2026-10-04 07:24:00,CNC-02,M,23.83410365809766,38.355701118660136,1725.1280433620668,41.230076244237715,108.1820663625914,2.4260804305504737,13.299011488727947,55.19485590898479,0,2026-10-04 23:42:43
2026-10-04 14:41:00,CNC-03,H,303.3698262023414,311.04008037719086,1519.1921034343306,46.5447696064861,15.588675420230173,2.1199700511416832,12.893157966460853,48.75259067810613,0,2026-10-04 23:42:43
2026-10-04 11:10:00,CNC-01,L,22.863465295618596,37.365143333734466,1369.264569991026,54.253768972571194,100.9693825167995,2.087093866250284,13.73784089006568,54.7707958702478,0,2026-10-04 23:42:43
2026-10-04 16:32:00,CNC-03,H,298.92875484668446,313.7290132059197,1772.5693947545249,42.047030742117414,180.34048871824558,2.7829642176743166,13.612211164679357,51.74511288905138,0,2026-10-04 23:42:43
2026-10-04 20:57:00,CNC-02,M,300.4416348365183,314.912299750921,2288.5298171718414,26.80304294601307,219.80041123766034,3.6686412443169067,11.320399990444102,52.902879273592355,0,2026-10-04 23:42:43
2026-10-04 02:33:00,CNC-03,H,297.9271429726919,310.2513019702134,2544.8854316139245,20.248099193793024,8.885381819716317,3.1966416079132967,9.47879584967567,52.16201678827328,0,2026-10-04 23:42:43
2026-10-03 23:54:00,CNC-03,H,298.673396981878,311.1761427931278,2774.6424258433753,17.38269958010403,58.17761539636535,31.924538581523684,8.900471741168017,55.89112534745463,0,2026-10-04 23:42:43
2026-10-04 17:18:00,CNC-02,M,299.91690496012615,315.1556799414971,1999.3487081015721,38.26259263313442,179.9421823948182,3.1475186502915022,14.323161719297943,48.86120335167307,0,2026-10-04 23:42:43
2026-10-04 07:15:00,CNC-01,L,295.47493614163864,310.0840137347114,1863.9691604442742,40.052590700055184,162.63403741320076,2.906205605576696,14.197251799047528,59.36170860631704,0,2026-10-04 23:42:43
2026-10-04 05:29:00,CNC-02,M,296.50203701438903,310.38426290035056,1944.8249922276532,32.85996321212522,169.32991559278562,3.0562856408874866,12.162483636892311,56.289654457547485,0,2026-10-04 23:42:43
2026-10-04 15:12:00,CNC-01,L,298.6191525925014,312.42438480065636,1570.3712478935247,43.626266134382256,41.160017477393744,2.252958769525021,12.74007301640948,51.61443572284126,0,2026-10-04 23:42:43
2026-10-04 05:30:50,CNC-03,H,296.1392506617286,310.46265788524784,2149.340143864793,31.2080953078359,224.79269637241933,3.3955414342439245,12.74331998341381,57.758699771999936,0,2026-10-04 23:42:43
2026-10-04 16:29:00,CNC-02,M,299.61289792797305,314.1941403288059,1607.5829350135486,43.685855913506515,111.01517554335074,2.2783286732002495,13.06873247973565,55.634797994615504,0,2026-10-04 23:42:43
2026-10-04 11:52:00,CNC-01,L,296.5129173883242,311.42407968064515,1393.841407059086,55.94786020612872,167.7509588602967,2.578819091391236,14.451411853381757,59.27615851218601,0,2026-10-04 23:42:43
2026-10-04 07:57:00,CNC-03,H,22.28926546824397,37.24380622334121,1623.6010424660121,47.04498190750659,172.93133991795276,2.668801096862326,14.503899604606758,62.90652225928827,0,2026-10-04 23:42:43
2026-10-04 10:53:00,CNC-02,M,24.129515196570026,38.190137408952694,1582.7372149005018,45.32736842746805,12.538297950935748,2.1266725560435007,13.552415460639951,56.84993014202747,0,2026-10-04 23:42:43
2026-10-04 15:48:00,CNC-01,L,298.63976969062657,313.3480300474408,1771.4724541589662,44.382826311200155,94.8540562893516,2.414170854066386,14.65487482851448,58.05199404940877,0,2026-10-04 23:42:43
2026-10-04 22:54:00,CNC-03,H,298.45294980350883,310.7923348990905,2706.699122132024,14.698537914937027,,3.6334598885189595,7.694749975276046,51.3338958635287,0,2026-10-04 23:42:43
2026-10-04 03:38:00,CNC-02,M,297.7180652659903,310.1385042570758,2399.292940280762,21.188893722990095,32.336537768538285,2.8605818526171056,9.387915918979271,57.98891011183313,0,2026-10-04 23:42:43
2026-10-04 00:09:00,CNC-03,H,298.84169045544087,311.1506966431709,2704.6691297598245,17.05122865255553,74.01711275517354,3.244769925693158,8.713988374465892,52.56304245934862,0,2026-10-04 23:42:43
2026-10-04 03:51:00,CNC-02,M,297.21615631779736,310.2316272710848,2449.038708328707,22.802297092202263,47.743104922920246,3.014061887554436,10.393192007856456,52.70551512381556,0,2026-10-04 23:42:43
2026-10-04 02:04:00,CNC-03,H,297.6681421852374,310.6884864145243,2625.8979312705305,18.397217888234863,197.59444119556366,3.7229471745601694,8.829035450670025,51.95986356311656,0,2026-10-04 23:42:43
2026-10-04 16:20:00,CNC-03,H,298.45398168449157,313.9305452584778,1880.1986952452028,44.91165587701139,163.0192913205232,2.833886052207961,16.133265456726416,54.24200255609384,0,2026-10-04 23:42:43
2026-10-04 06:32:00,CNC-02,M,296.57227009858457,310.865506063476,1795.2180883645326,39.61505400321982,35.3851979340512,2.4157246647399973,13.481608939429174,,0,2026-10-04 23:42:43
2026-10-04 06:58:00,CNC-02,M,296.62130635241834,310.63391143138296,2051.1376220647476,34.831929648560084,71.36001219886242,27.205293821274317,13.346564434934733,54.71260681959116,0,2026-10-04 23:42:43
2026-10-04 09:12:00,CNC-03,H,295.5183422385158,309.59595496614395,1521.069233428021,45.977696669156074,16.763119434781036,2.2270063332972545,13.112765618156669,1215.7404760700995,0,2026-10-04 23:42:43
2026-10-04 06:28:00,CNC-01,L,295.630059287281,309.6262917935862,1852.6436617723798,37.31786409846104,97.55995468480128,2.5439776687988607,12.793932629196489,59.844811824950185,0,2026-10-04 23:42:43
2026-10-03 23:59:00,CNC-03,H,298.9441199812188,310.6592102684512,2719.904412904346,14.362962299500953,63.49691560320233,3.2007527254575567,7.211934571345928,52.17138105132462,0,2026-10-04 23:42:43
2026-10-04 07:12:00,CNC-03,H,295.5949654982287,310.02312304958656,1739.7978380301524,42.0555082514585,108.16127039810917,2.42487936625691,,63.51463618147226,0,2026-10-04 23:42:43
2026-10-04 21:09:00,CNC-03,H,298.88985847781703,312.0528065327104,2568.7325050454365,21.58263309106389,70.96180811195124,3.18118780457107,10.417526257321832,57.35223777357223,0,2026-10-04 23:42:43
2026-10-04 03:28:00,CNC-02,M,297.27658408089866,309.04259092334837,2485.5451378969865,16.107823922280524,20.662389836492363,3.0779298122416496,7.5278832210238775,55.32548159926914,0,2026-10-04 23:42:43
2026-10-04 13:49:00,CNC-03,H,297.51967342850674,312.5693407209035,1418.1664120948903,53.45913562655,210.36241373915638,2.7716747490552445,14.259030770823545,57.41962168879212,0,2026-10-04 23:42:43
2026-10-04 15:37:00,CNC-01,L,298.6450744999724,313.7308769310104,1761.6924254697512,45.93309017644372,78.63700235513818,2.4592755441570615,15.232455856389809,54.34907678552661,0,2026-10-04 23:42:43
2026-10-04 14:57:00,CNC-01,L,298.0967643153351,311.9469392843767,1354.0975490606036,52.36648902912427,18.438589956551528,2.033444573959938,13.224618630773518,54.529720052904665,0,2026-10-04 23:42:43
2026-10-04 05:00:00,CNC-03,H,296.2862394374671,311.4514109124826,2032.8382292939352,36.94565054596446,183.76372890410113,3.031304652275719,13.885986701174064,59.516074303508766,0,2026-10-04 23:42:43
2026-10-04 14:37:00,CNC-03,H,303.5877292743697,311.31367148776053,1391.6335093792636,48.97397151575015,9.37191580216061,1.9944832140142708,12.871493414370256,45.14299655008367,0,2026-10-04 23:42:43
2026-10-04 19:26:00,CNC-01,L,300.0738402712649,314.013095458352,2255.4902165332815,28.426121380549574,172.39541489634124,3.2746194814492022,11.94677403186279,49.66434366398948,0,2026-10-04 23:42:43
2026-10-04 09:05:00,CNC-02,M,296.6202255095165,310.5956047408782,1595.3099128976594,44.536130435798924,52.62452628653319,2.284898513379141,13.242320270815707,57.63151652538458,0,2026-10-04 23:42:43
2026-10-04 12:48:00,CNC-02,M,297.91872534567176,312.8305790889263,1382.041128047278,51.298212060582635,194.89486707867366,2.5562647031240506,13.333299690269492,58.66948730183933,0,2026-10-04 23:42:43
2026-10-04 08:08:00,CNC-02,M,23.530670028240934,38.72707329913237,1760.7096764607834,43.6482500757262,172.18405762488422,2.744586917634399,14.371263195347158,58.238455257641824,0,2026-10-04 23:42:43
2026-10-04 03:57:00,CNC-01,L,296.59036893763937,310.7933961724359,2432.9073130522956,28.221279204265212,134.07559818325075,3.3023926992420196,12.71940468234104,53.094563083670906,0,2026-10-04 23:42:43
2026-10-04 22:59:00,CNC-02,M,300.1229860931352,312.69335182636297,,16.26340693957884,113.4068621631592,3.3272098915559005,8.216561711346158,51.43173025133816,0,2026-10-04 23:42:43
2026-10-04 14:02:00,CNC-02,M,304.01229423652234,312.4233238380768,1367.651225609011,51.65230859670761,,2.245199976881787,13.094929013727574,45.90911458405639,1,2026-10-04 23:42:43
2026-10-04 20:52:00,CNC-02,M,300.4427766373969,314.15628276349736,2595.19570299164,19.359128256597113,214.0238330358502,3.8092088101821497,9.552926454365572,48.84425111828448,0,2026-10-04 23:42:43
2026-10-04 22:24:00,CNC-03,H,298.61091502015677,311.6585345060834,2622.3181528985488,19.74082292119762,154.01089401682182,3.2884279291118492,9.435267209531323,58.03810618256099,0,2026-10-04 23:42:43
2026-10-04 06:17:00,CNC-01,L,296.16293644953464,310.33284692349196,2039.0329397959003,33.94724916874486,82.66373349523352,2.7233053788538313,12.815207977522274,60.33080839977948,0,2026-10-04 23:42:43
2026-10-04 04:07:00,CNC-01,L,296.749488966706,310.1927511806898,2386.793031550086,24.27368807959084,145.93035521272213,3.273252908495697,10.866717535929618,61.675063551174325,0,2026-10-04 23:42:43
2026-10-04 16:12:00,CNC-02,M,299.6472963858507,313.7785797005279,1723.1732333094344,39.15376975784797,86.33588504063195,2.377274086540523,12.530749154761153,49.3823650228534,0,2026-10-04 23:42:43
2026-10-04 07:49:00,CNC-03,H,22.44147077617646,37.174834172264696,1671.7304362818752,45.555259857826584,161.43067217732022,2.6338611285021765,14.073563665107761,55.06678589069401,0,2026-10-04 23:42:43
2026-10-04 10:23:00,CNC-01,L,295.831682172069,309.97621186835306,1399.5657777781403,52.189302386234196,26.63919034484914,1.9535600265379638,13.844422081877633,58.2974794476113,0,2026-10-04 23:42:43
2026-10-04 19:00:00,CNC-02,M,300.6565975318932,314.3089343935984,2330.255080793569,25.417847585240025,79.88818181794365,3.0698194298487347,11.293988890735257,51.8720785572298,0,2026-10-04 23:42:43
2026-10-04 13:55:00,CNC-03,H,302.97852087086,312.0087836574763,1401.7130179423436,52.882433065404015,219.73091095891326,2.658047048873576,13.973248578909532,46.05088979148018,0,2026-10-04 23:42:43
2026-10-04 12:12:00,CNC-03,H,296.71511857985695,310.8393074197949,1357.0820164452823,52.37163005521923,56.94086707188041,2.0002168480432454,13.428530241753265,55.64356584575274,0,2026-10-04 23:42:43
2026-10-04 02:45:00,CNC-03,H,297.553143623394,309.2837784015458,2639.8881550478186,16.6214221045139,22.372424434278003,3.230857898967937,8.207628962940564,54.62445110773202,0,2026-10-04 23:42:43
2026-10-04 11:22:00,CNC-03,H,23.294961191240816,38.04139127340193,1445.1191577801123,50.36808912789375,220.43345673787869,2.7976131967817053,13.48015665748322,60.05964682025431,0,2026-10-04 23:42:43
2026-10-04 19:41:00,CNC-01,L,299.51952363421344,314.1858175131131,2168.714933607485,32.630420435842005,190.9225066330118,3.4451307153359907,13.269142101308931,52.36616718837467,0,2026-10-04 23:42:43
2026-10-04 00:45:00,CNC-01,L,298.4537662764445,311.1843340257284,2728.3344959085616,18.273111822290446,113.43098474835331,33.3319340293633,9.250436765460693,56.268428426157016,0,2026-10-04 23:42:43
2026-10-04 07:54:00,CNC-02,M,23.25048002402451,38.717014226753236,1666.1733885326014,50.84854437578266,151.47356488929776,2.5901976665568593,15.953482509896343,54.68835135394201,0,2026-10-04 23:42:43
2026-10-04 21:28:00,CNC-03,H,298.92229869112236,311.9344713714953,2524.2495861205152,22.031114514503788,92.36221967629156,3.1545801825766566,10.592365050277442,51.12292265344103,0,2026-10-04 23:42:43
2026-10-04 13:13:00,CNC-01,L,297.26858448901936,310.8359853882877,1588.0444876414458,41.627262033395446,56.90793080426912,2.246120656217584,12.307830532466614,53.45862588186101,0,2026-10-04 23:42:43
2026-10-04 08:19:00,CNC-03,H,22.38821753509427,37.41073127370231,1572.6566813933098,48.730984249849094,205.20572102108216,27.27079290493852,14.401928448341069,60.7567867546915,0,2026-10-04 23:42:43
2026-10-04 14:52:00,CNC-01,L,297.9913004791371,312.25590727892427,1676.528827760611,46.54858195214132,10.828105583197246,2.4045085524316097,14.831440950631082,57.02037311196665,0,2026-10-04 23:42:43
2026-10-04 20:43:00,CNC-02,M,300.4879334645134,314.56304511929835,2384.557846888897,24.8503069323271,203.72780747314914,3.6096421343252945,11.116164682810997,49.29720149040796,0,2026-10-04 23:42:43
2026-10-04 15:12:00,CNC-03,H,303.4212209720229,311.4150597787218,1517.997309955199,47.052805742265946,62.61006222211466,2.1569764948618473,13.370753503530977,46.06286036656207,0,2026-10-04 23:42:43
2026-10-04 16:24:00,CNC-03,H,298.74496120823983,313.651791237728,1747.2148928753747,43.466495106997336,168.86074046918907,2.566188046221835,14.1595933568078,48.539874952307486,0,2026-10-04 23:42:43
2026-10-04 09:53:00,CNC-02,M,297.07076861005305,311.53330493801366,1563.462347611205,46.206049182510235,126.69926917745514,2.3905443229434655,13.448841757709738,55.51302898066512,0,2026-10-04 23:42:43
2026-10-04 19:42:00,CNC-01,L,299.20466781603204,,2339.1698616856565,27.79745960348292,192.14147772985808,3.6493948521712722,11.969203740342342,50.52786974513789,0,2026-10-04 23:42:43
2026-10-04 18:03:00,CNC-03,H,298.63361770816016,312.38318684700545,2010.837870394586,34.28344001470012,80.19417766619891,2.6360416536675277,12.72361072985839,48.44213599528408,0,2026-10-04 23:42:43
2026-10-04 00:54:00,CNC-01,L,298.6097978402619,311.52932684177415,2748.862812364582,19.11085835022238,122.92079990065292,3.3710936505916282,9.629897547905996,54.332061251719004,0,2026-10-04 23:42:43
2026-10-04 15:17:00,CNC-02,M,299.26194608559086,313.5289509348518,1521.9231707509473,45.83756950229139,4.582411276924495,2.159550899996483,13.01209578099225,53.95267669750083,0,2026-10-04 23:42:43
2026-10-04 13:47:00,CNC-01,L,297.6014520788388,312.0213927544975,1415.861374521618,,110.26611459204206,2.238204382639251,13.556989613372483,55.38567046335354,0,2026-10-04 23:42:43
2026-10-04 06:27:11,CNC-03,H,295.43509850001806,309.31032776602177,1783.0614990612037,40.65813622496863,47.020377603440735,2.4063400478729164,13.388796163837435,59.44511513750162,0,2026-10-04 23:42:43
2026-10-04 09:04:00,CNC-01,L,295.51050607211795,309.50750376538105,1500.3577510757257,45.00458477973539,104.26231709339565,,12.370136797698581,61.4805353882112,0,2026-10-04 23:42:43
2026-10-04 02:20:00,CNC-02,M,298.18201456824465,311.0774179474575,2498.89160149296,19.45215833015956,186.6093539872688,3.637329479210683,8.75204889479121,53.96392009307017,0,2026-10-04 23:42:43
2026-10-04 14:55:00,CNC-03,H,303.4090949019922,311.04590564735753,1520.892639770539,44.800339158127926,36.908897066887114,2.1469519909313997,12.528702720094781,47.35475753817198,0,2026-10-04 23:42:43
2026-10-04 04:12:00,CNC-01,L,296.5269252397392,309.8679618973844,2460.4205603701125,22.8109251189818,151.94619097542292,3.3164221920207653,10.420651281960085,54.725493859597606,0,2026-10-04 23:42:43
2026-10-04 20:53:00,CNC-03,H,298.6714453928115,311.64315702513954,2419.2255799085215,23.51821113534114,53.028307960465625,2.9671594785670794,10.488770645870861,52.12020822185175,0,2026-10-04 23:42:43
2026-10-04 20:48:00,CNC-03,H,298.7753743771615,311.4851683111216,2541.4977609820858,20.409900824097623,47.29457724628204,3.2642712272641172,9.5924841817426,51.584881313494634,0,2026-10-04 23:42:43
2026-10-04 01:38:00,CNC-02,M,298.22309633832174,311.28625426745646,2596.314243707078,19.303396399506536,140.56626315103375,3.24217973807686,8.956768915396118,52.74140429254045,0,2026-10-04 23:42:43
2026-10-04 10:13:00,CNC-03,H,295.6465323688013,310.2215021822514,1493.3676409145141,49.16287002486074,111.35877344672257,2.261562853129219,13.540349767478759,61.213379126795836,0,2026-10-04 23:42:43
2026-10-04 10:22:00,CNC-03,H,295.83645399617046,309.89400834276637,1440.6638465892706,47.55534736790286,125.46710701797343,2.32969589948894,12.56503229323268,57.840672393858995,0,2026-10-04 23:42:43
2026-10-04 03:59:06,CNC-03,H,296.6580985897349,309.7377632056798,2289.454637059647,24.887413054945387,110.0824194266497,2.953126101826417,10.644462031898163,60.09629524580771,0,2026-10-04 23:42:43
2026-10-04 06:15:31,CNC-03,H,295.5325883763962,309.4524987340117,1953.5023795178638,35.8611087526227,32.24975711658184,2.535788539377177,13.02870061136085,61.114663492180384,0,2026-10-04 23:42:43
2026-10-04 21:07:00,CNC-03,H,298.64539592815186,311.2333119383948,2477.9510142805857,20.573455145824028,68.71416898038545,30.022112148802634,9.750860482042492,54.79125265955202,0,2026-10-04 23:42:43
2026-10-04 15:30:52,CNC-03,H,298.63976031053573,313.42584684370144,1732.4027091997477,44.13363962112749,91.02441999067761,2.4465084542915227,14.300258631695177,56.5919802093564,0,2026-10-04 23:42:43
2026-10-04 15:49:00,CNC-02,M,299.24732387394806,313.5415261976358,1807.0255197892507,38.51500560868773,52.41181236349054,2.544825308593824,13.080430139568259,53.354734607532784,0,2026-10-04 23:42:43
2026-10-04 19:44:00,CNC-01,L,299.45296225645194,313.0637507619619,2451.545153421219,23.851679122422112,194.5655684283606,3.691549661041386,10.99870726435922,56.664931714529544,0,2026-10-04 23:42:43
2026-10-04 05:21:00,CNC-02,M,296.6075640590855,310.62464539630486,2161.837384191307,29.125855262509635,159.1638766924312,3.1727025651372616,11.697650195306863,55.21387667177727,0,2026-10-04 23:42:43
2026-10-04 20:41:00,CNC-02,M,300.4113903916139,313.79813769727366,2684.067898661551,19.53645771496367,201.33075044651792,3.753445764738446,9.71230004439978,49.78919780726476,0,2026-10-04 23:42:43
2026-10-04 06:36:00,CNC-03,H,295.7750465840228,309.2523803728143,2069.904976242903,31.083471552519985,57.87801235247257,2.5472815404791875,12.089384555065047,57.16546140968313,0,2026-10-04 23:42:43
2026-10-04 23:17:00,CNC-02,M,299.8648460261392,313.4000226206008,2484.708368424015,22.609541257395737,132.75925165650892,3.0473958288793215,10.486241024254312,50.967511147419344,0,2026-10-04 23:42:43
2026-10-04 16:03:00,CNC-02,M,299.3499706008544,314.3471498550496,1723.7301555256618,46.57745733151206,73.24884592363462,2.3898937939093323,15.289471704652248,51.401105922142165,0,2026-10-04 23:42:43
2026-10-04 11:43:00,CNC-02,M,297.3643451203665,311.7150394081967,1390.209861343572,52.91470858565291,91.66304256212813,2.073982756682439,13.907392987847874,52.84360506367429,0,2026-10-04 23:42:43
2026-10-04 21:36:00,CNC-01,L,298.9902140194924,311.82915969383924,2678.5890572677195,20.277029099861107,84.43278848097815,3.197424122669717,10.174291849851421,55.851335000763406,0,2026-10-04 23:42:43
2026-10-04 09:47:00,CNC-01,L,295.6256681598124,310.46384598267315,1529.2064791291752,48.24244782324042,170.54108846301966,2.673130491507087,13.644142681505057,62.01678658748022,0,2026-10-04 23:42:43
2026-10-04 02:34:33,CNC-01,L,297.2050885770625,309.1604945665277,2621.224156559717,17.027755556710776,40.75492451717024,3.1560013373427367,8.215954265857361,58.04576873127107,0,2026-10-04 23:42:43
2026-10-04 10:21:00,CNC-01,L,295.7563919020031,309.0252362565883,1382.4112936255735,46.09614926628535,23.464204965506784,2.093945539683895,11.904758996848747,57.55321201672773,0,2026-10-04 23:42:43
2026-10-04 03:16:00,CNC-02,M,297.3087018825288,309.87031040696166,2432.854647218969,21.013942659891914,6.835499002105875,3.074519696108051,9.670591747969196,58.106902697221535,0,2026-10-04 23:42:43
2026-10-04 14:34:00,CNC-01,L,303.3384303065148,312.2561280775943,1495.9290196097918,49.83675862313437,183.53617542299628,2.7200817480101014,13.809723988135861,45.90647708065172,0,2026-10-04 23:42:43
2026-10-04 03:26:00,CNC-02,M,297.44796107714865,309.8436659495108,2486.9069896760316,20.547704186511393,18.342004041225312,3.0136845379774946,9.42998209094694,53.26309056687854,0,2026-10-04 23:42:43
2026-10-04 15:40:00,CNC-01,L,298.59809441034014,312.7237933920608,1651.1079074600314,42.66478542501881,83.09120882475743,2.271063561672823,13.015173335588276,48.81264646720925,0,2026-10-04 23:42:43
2026-10-04 01:46:00,CNC-02,M,,310.9159675401428,2671.6415899258727,18.929725800161595,149.3338188221863,3.4790374045230297,9.354471846274096,58.15907067940897,0,2026-10-04 23:42:43
2026-10-04 22:49:00,CNC-02,M,300.04695289701084,313.08527540986626,2731.8888918783314,17.79578425450157,102.91244087469013,3.379144035581195,9.270541390845807,48.67739368778323,0,2026-10-04 23:42:43
2026-10-04 17:27:57,CNC-02,M,299.8765358635464,314.8224264669391,1856.758548467126,38.07244530687325,195.05553232409932,3.1801199588577003,13.09005054329663,50.49411536566048,0,2026-10-04 23:42:43
2026-10-04 10:40:00,CNC-01,L,23.031007424661595,37.38334258419053,1436.4227905018868,52.49486669679465,53.472988626378225,2.0825399254458996,13.92888399112848,59.069896922167686,0,2026-10-04 23:42:43
2026-10-04 20:02:00,CNC-01,L,299.52287529530895,313.47196813238145,2402.477855730293,25.41094643362262,216.06885547361588,3.9189196926841783,11.435094619785907,55.15245256761195,0,2026-10-04 23:42:43
2026-10-04 13:09:00,CNC-03,H,297.00947350300635,311.5774687999721,1335.5703709379795,55.88158212768105,147.19245554264023,2.2224687912498604,13.86932835814206,58.98100616363997,0,2026-10-04 23:42:43
2026-10-04 13:15:00,CNC-02,M,297.90992838408073,311.77971905323324,1404.6952877131146,50.15711554345721,30.135188285149784,2.076799451593424,13.06166787844744,55.579683904006046,0,2026-10-04 23:42:43
2026-10-04 14:26:00,CNC-02,M,304.1715708886194,312.8365461733837,1408.4745618689874,49.60957993893883,141.23352421243408,2.2314088261056293,13.28258907094841,44.755957744445986,0,2026-10-04 23:42:43
2026-10-04 01:00:00,CNC-02,M,298.488250430205,310.2446316874061,2776.8057210701813,14.220383060563261,99.81623959802997,3.409848630443511,7.2864469561988985,55.266415104945324,0,2026-10-04 23:42:43
2026-10-04 07:48:00,CNC-02,M,23.680790316844707,39.291778569140206,1648.8463925181175,51.0459988870178,142.77991138868646,2.491181193158185,15.786595487637806,52.87788542988966,0,2026-10-04 23:42:43
2026-10-04 23:00:00,CNC-02,M,300.0365090667052,312.9170221608239,2602.3918767130676,17.69904562432182,114.49873641127452,3.176585167395378,8.6967280100474,51.08094424710033,0,2026-10-04 23:42:43
2026-10-04 03:54:40,CNC-01,L,296.7049394853236,309.9374655052305,2441.1400814904996,23.45989242844356,130.5374466780107,3.2259180531232996,10.768702382905714,56.87320609764239,0,2026-10-04 23:42:43
2026-10-04 22:42:00,CNC-02,M,300.19577817887404,312.68125040637426,2763.571027281896,15.213224727228114,95.45960874823528,3.4389118113740675,7.890627856315706,55.069995488060954,0,2026-10-04 23:42:43
2026-10-04 03:08:00,CNC-02,M,297.38732753961597,311.6219833534057,2410.442281364981,25.587339241579095,240.42270460395628,4.2144852329459175,11.737536647017253,59.746499420452075,0,2026-10-04 23:42:43
2026-10-04 00:53:00,CNC-03,H,298.3360004857971,310.7666365422399,2684.955490443105,17.80197595866632,121.03473779905099,3.4138993859047635,8.911578011343353,61.11777732457032,0,2026-10-04 23:42:43
2026-10-04 20:12:00,CNC-02,M,300.5313703047489,314.5825201226101,2409.3408182539188,24.709360534539442,167.4345105683754,3.351552012887227,10.95296507081696,54.15746116564721,0,2026-10-04 23:42:43
2026-10-04 15:00:00,CNC-02,M,298.68918471933284,313.5597452796916,1472.9328070855195,48.34753574243662,193.3142301080084,2.6965676907191214,13.569254363921523,58.636689110460566,0,2026-10-04 23:42:43
2026-10-04 14:49:00,CNC-01,L,298.1437313394587,312.34327709020226,1576.641372381092,46.66437896730438,6.146106625155786,2.2119380145973695,13.926780254665404,51.3928284421789,0,2026-10-04 23:42:43
2026-10-04 18:05:00,CNC-03,H,298.79404138541065,313.06117245076763,1852.3382425655109,38.69757149288193,82.95592805800212,2.519697946341487,13.542294429403928,53.76351233472721,0,2026-10-04 23:42:43
2026-10-04 07:28:00,CNC-02,M,23.521512041719518,38.14357774615979,1763.5727067153489,41.970008213284984,113.88115094749351,2.4733391248969405,13.788188019693502,55.67724877529313,0,2026-10-04 23:42:43
2026-10-04 04:00:00,CNC-01,L,296.5692286214515,310.2758282187786,2335.4637203355664,27.78333511436327,137.64650986628232,3.2157809464607894,12.13996438211727,54.77580015440721,0,2026-10-04 23:42:43
2026-10-04 08:13:00,CNC-03,H,22.55060530598064,38.03337426610932,1804.7503529146857,44.63609709292908,196.3641408827079,2.8527685779518492,15.165242344304769,59.40004556051824,0,2026-10-04 23:42:43
2026-10-04 03:07:00,CNC-02,M,297.4705272439649,311.7798676734827,2483.8017194096587,25.773839376148004,239.2567271680763,4.101789273089795,11.802247490399294,57.46322307264417,0,2026-10-04 23:42:43
2026-10-04 09:40:00,CNC-03,H,295.59001708207444,309.569743960293,1514.316826480455,48.081589240562685,59.92001349149646,2.253561786949683,13.725175427114314,60.84832095095098,0,2026-10-04 23:42:43
2026-10-04 13:54:00,CNC-01,L,302.67935888607263,311.4779599305338,1390.303051571407,55.51155213598539,121.28976492963913,2.1331057674042477,14.46690806697555,52.83152980321381,0,2026-10-04 23:42:43
2026-10-04 06:46:00,CNC-01,L,295.8574957380634,310.4160631790969,1971.884201277576,,122.10841613072463,2.8063912070825494,13.91910895801564,58.175392662150436,0,2026-10-04 23:42:43
2026-10-04 10:38:00,CNC-03,H,22.85771911548113,37.64769859340629,1370.943738976734,55.673426319444154,150.75725710562887,2.24550326037103,14.272307354355595,57.64685331789569,0,2026-10-04 23:42:43
2026-10-04 12:18:00,CNC-02,M,297.58897299766585,311.859369927053,1435.9106405175005,48.534571457381965,147.26660502745594,2.3311348187541454,12.926031484514583,56.19631070829964,0,2026-10-04 23:42:43
2026-10-04 07:31:00,CNC-01,L,22.601010027712448,38.005041382390914,1720.0234157800785,47.27385546733439,185.33894394074989,3.0796723610916823,15.37024301366947,57.347145539922934,0,2026-10-04 23:42:43
2026-10-04 20:52:00,CNC-03,H,298.73615356884653,310.23690747150886,2482.576551357406,15.186497396218206,51.83032687490956,3.0602629236400998,6.888265945481506,50.90302492660386,0,2026-10-04 23:42:43
2026-10-04 09:55:17,CNC-03,H,295.94501967264955,310.4583442222862,1573.2996800321318,46.86502102276864,84.73205738011467,2.279071559436157,13.602289182009708,59.82293283862177,0,2026-10-04 23:42:43
2026-10-04 09:24:00,CNC-02,M,296.5452163763704,310.71377980495186,1504.6996691000095,45.52064160931206,81.8754248511433,2.290067029211438,12.90517341618764,56.621704442336465,0,2026-10-04 23:42:43
2026-10-04 18:53:00,CNC-02,M,300.1596526442389,313.7150840482109,2253.5068011939943,25.8636816387395,71.13021992381607,2.8381975752187363,11.1231776443312,53.199299129880686,0,2026-10-04 23:42:43
2026-10-04 22:47:00,CNC-01,L,299.0025979212917,311.17492388205756,2707.5977570911523,14.81630308166247,161.79682626061748,3.5537147164422453,7.470944585000139,51.81712831012317,0,2026-10-04 23:42:43
2026-10-04 06:58:00,CNC-01,L,295.9615225853857,310.23663180006355,1962.0009439711562,36.11331848178886,138.7517740189295,2.7966102527507997,13.273575534337677,58.836167116898615,0,2026-10-04 23:42:43
2026-10-04 13:45:00,CNC-01,L,297.5639513308936,312.78948033237026,1674.0206533549942,49.63586721096884,107.11615156934165,2.4710298123985144,15.698163786540535,58.47659870253521,0,2026-10-04 23:42:43
2026-10-04 09:00:00,CNC-03,H,295.66939998741907,311.1951758237191,1673.345300752588,48.87180405388745,266.8692106005525,3.525828465026811,15.360692312877145,60.14712579165892,1,2026-10-04 23:42:43
2026-10-04 04:54:00,CNC-03,H,296.50354137874047,310.50868067152845,2281.6816864800244,28.492366204650132,176.1408590465583,3.2434146959385886,12.297602989036653,60.26572213921744,0,2026-10-04 23:42:43
2026-10-04 20:24:00,CNC-03,H,298.7713020515016,310.9864738606568,2535.559610753459,20.41774808078257,19.846911177214196,3.207999329435704,9.222620276844168,53.215570251155455,0,2026-10-04 23:42:43
2026-10-04 14:15:00,CNC-03,H,303.13675901367253,312.0998726746517,1508.9188568971945,49.030083932256105,250.7966997233718,3.2390050777620214,13.916739748413198,41.29031012412873,0,2026-10-04 23:42:43
2026-10-04 09:56:00,CNC-02,M,297.0278834885517,311.2644682214728,1453.6347464221137,48.17620943419576,131.30585895992402,2.2957462500596617,13.13308737130683,55.476747605534484,0,2026-10-04 23:42:43
2026-10-04 07:04:05,CNC-01,L,295.68343153898695,309.93495788661966,1713.1828672776398,40.09734492606607,147.182055649475,2.692869929291288,13.003779426715845,59.08880679289898,0,2026-10-04 23:42:43
2026-10-04 05:42:00,CNC-01,L,296.0968549054755,309.9234184573301,2155.5597682716752,33.52571790414066,36.21527242188792,2.7602642621388034,13.501175208245527,62.195961511074884,0,2026-10-04 23:42:43
2026-10-04 13:02:00,CNC-03,H,297.14549428726565,311.7166620759529,1443.4194288770464,51.15431497236148,136.12892610091046,2.2885433720956008,,52.41651108181791,0,2026-10-04 23:42:43
2026-10-04 13:50:00,CNC-01,L,297.4649361953979,311.2995847515167,1304.8733773386227,49.944149114264455,114.98245147392878,2.082352451558354,12.119439092944859,55.65966641459246,0,2026-10-04 23:42:43
2026-10-04 14:04:00,CNC-03,H,303.1544586483493,311.6180994635429,1376.49341465361,50.768888680527965,233.70720147481552,2.8459819374300874,12.782327738331503,45.090076077032364,1,2026-10-04 23:42:43
2026-10-04 16:47:00,CNC-01,L,299.0732615087458,313.5506095175301,1710.4680065839802,40.87316637527078,180.41548246389127,2.9360237112535175,13.04970105782677,50.78995326861802,0,2026-10-04 23:42:43
2026-10-04 14:26:00,CNC-01,L,303.318939101367,312.3758445128031,1553.338136951994,49.444425091705554,171.05768307865364,25.995660482847168,14.02262498649041,,0,2026-10-04 23:42:43
2026-10-04 01:45:00,CNC-01,L,298.3986469316015,312.5281677918228,2455.537108472249,26.79302976038794,177.76886526381168,3.5463281263574347,12.431325002042009,56.041210561290335,0,2026-10-04 23:42:43
2026-10-04 11:15:00,CNC-01,L,23.216246757923273,37.0285157884108,1349.5903087386919,49.98211224718708,108.88073853161104,2.2477461724146486,12.432385939742277,57.498928604170615,0,2026-10-04 23:42:43
2026-10-04 02:10:00,CNC-02,M,298.1572124185771,311.40142578771565,2733.959864546237,20.217004272856204,175.58439561544725,3.602319175502072,10.409141875690727,56.79889158006175,0,2026-10-04 23:42:43
2026-10-04 13:18:00,CNC-01,L,297.21688381558704,311.47307908506014,1464.0136968931147,49.62561582682145,64.83783215855136,2.08019272413985,13.425788738945052,56.25465600140387,0,2026-10-04 23:42:43
2026-10-04 22:30:00,CNC-01,L,299.2001462555619,311.9332493689474,2651.4843120416103,18.136889838189553,143.4621461871008,3.5344239935203468,9.09372510182639,50.69327867988541,0,2026-10-04 23:42:43
2026-10-04 15:08:00,CNC-02,M,298.9645221528247,313.7499270703802,1486.4154185773953,48.39873217122151,205.434550500302,2.8790713907692647,13.323006661054608,55.90664860473462,0,2026-10-04 23:42:43
2026-10-04 12:57:00,CNC-02,M,298.11212483938056,311.6372407632251,1331.359428081723,49.894363780246046,1.6,1.991441953889735,12.497835044638977,55.333387675144074,0,2026-10-04 23:42:43
2026-10-04 03:40:00,CNC-02,M,297.2484004608347,309.7100834957016,2389.646447681745,21.58602224597386,34.69673347778491,2.918206901602483,9.932110112061096,56.65985846198649,0,2026-10-04 23:42:43
2026-10-04 20:09:00,CNC-01,L,299.5663126544301,314.22055535170676,2230.2895215500876,31.74826841108921,,3.8636019281628413,13.176860502404292,54.97845443360582,0,2026-10-04 23:42:43
2026-10-04 14:54:00,CNC-02,M,304.4125698435465,313.5954446553616,1620.4011053782594,47.18940626045629,184.24663297100804,2.795622848836304,14.623512087834987,48.39583467918877,0,2026-10-04 23:42:43
2026-10-04 21:29:00,CNC-03,H,298.8312671983393,311.14130605148915,2474.8646438420533,19.097431885174842,93.49875054460924,3.081567098248359,8.77445440484892,56.24105980430998,0,2026-10-04 23:42:43
2026-10-04 23:04:00,CNC-03,H,298.52496827426336,311.4001682028917,2709.747671650692,18.512305176892557,196.77666681601306,3.6688500873938854,9.384520202219095,52.47173453132799,0,2026-10-04 23:42:43
2026-10-04 17:15:00,CNC-03,H,298.9060820287273,313.0513980612569,1882.3052858005194,39.58206347686389,15.358453714531272,2.4683713504846327,13.955952631661301,50.432863452228254,0,2026-10-04 23:42:43
2026-10-04 12:33:00,CNC-01,L,296.85048901095024,311.76979132327233,1388.4046435462722,54.23762067632643,232.78606978041685,3.218707924323075,14.439848863050337,53.95893650705339,1,2026-10-04 23:42:43
2026-10-04 12:11:00,CNC-03,H,296.792428562169,310.8339369803781,1513.2890108926053,46.29670417423842,55.34086707188041,2.1904059147522803,12.91546831544855,58.08363341972785,0,2026-10-04 23:42:43
2026-10-04 01:35:00,CNC-01,L,298.1164494320711,311.38495061067937,2537.1663736500404,20.885517450393667,166.91394628646552,3.5691560934629116,9.92320477674752,57.103191933706334,0,2026-10-04 23:42:43
2026-10-04 14:43:00,CNC-01,L,298.0584113540993,312.89681616957125,1617.371746172135,46.72285797707162,197.34669444729556,2.9589771999280328,14.456063815265411,57.133248071555975,0,2026-10-04 23:42:43
2026-10-04 12:45:27,CNC-01,L,296.9384504791548,310.4792206387587,1366.830264666013,49.523444466887966,12.675830221618185,1.9976346606807822,12.414524717524133,57.35586201033041,0,2026-10-04 23:42:43
2026-10-04 15:42:00,CNC-03,H,298.4481806367976,312.8622784153629,1674.170659324668,44.162362924015625,107.39792956797116,2.4051639336071533,13.710387188451142,56.160863547950605,0,2026-10-04 23:42:43
2026-10-04 04:58:00,CNC-03,H,296.2778492930097,310.8429851198692,2200.510271968238,32.27235897725193,181.14000921752617,3.1879025268742516,13.5719556266321,57.16693860350792,0,2026-10-04 23:42:43
2026-10-04 12:22:23,CNC-01,L,296.8253156744666,311.72008158231205,1369.5881470915222,54.41794135272539,215.36866149355677,3.0705629822242124,13.936582027164267,57.311510645853836,1,2026-10-04 23:42:43
2026-10-04 05:07:00,CNC-02,M,296.6678307081532,311.082073045156,2107.4038007464765,32.8991378609403,141.17559418695797,3.027548162355837,13.110521059612942,60.48176530922602,0,2026-10-04 23:42:43
2026-10-04 19:23:00,CNC-03,H,299.0735920430735,312.76955613786276,2348.3593149246685,26.713701382506347,182.3527955778729,3.204840650232242,11.635063289388771,54.18206342184924,0,2026-10-04 23:42:43
2026-10-04 09:31:00,CNC-01,L,295.6680010609037,309.8999373411037,1574.7349361920747,44.41671873236712,145.71883271702353,2.545482079695712,13.338014477501336,59.323460193179464,0,2026-10-04 23:42:43
2026-10-04 15:16:00,CNC-01,L,298.3772262573061,312.2664998208184,1634.4850254043797,43.444909276893,47.215170495276425,2.192230249837917,13.234957053630138,53.830509032539254,0,2026-10-04 23:42:43
2026-10-04 02:47:00,CNC-03,H,297.43367742947305,309.5346164438452,2469.799490305919,18.91639110885332,24.65369184799067,29.246540822303167,8.71319030355389,57.08444997532295,0,2026-10-04 23:42:43
2026-10-04 14:38:00,CNC-01,L,303.6877145107444,311.7531577960996,1336.0280571932324,48.96253403780674,189.68345545246302,2.7717292682905996,12.536862812690972,42.26957343361593,1,2026-10-04 23:42:43
2026-10-04 12:43:00,CNC-01,L,296.93690402586583,310.7256047283665,1427.5210897341565,49.47413182085173,9.478118073285467,2.1015480181714628,13.306487920119555,58.23523650805814,0,2026-10-04 23:42:43
2026-10-04 23:23:00,CNC-02,M,299.78646381856504,312.27788166793147,2607.768010485245,15.937391090584986,139.11004473255582,3.373007288913814,7.8719810999056925,52.2014847964325,0,2026-10-04 23:42:43
2026-10-04 19:03:00,CNC-03,H,299.12517657223725,,2186.168043870016,33.78778030154715,157.59953764171397,,13.817631857737238,53.99809428414157,0,2026-10-04 23:42:43
2026-10-04 12:06:12,CNC-01,L,296.677275202463,310.9537392792427,1332.0242005193788,52.390787294698576,191.5950582191291,2.642909969250033,13.298466004020188,60.54196256492839,0,2026-10-04 23:42:43
2026-10-04 17:28:00,CNC-02,M,300.1552617212882,314.7026039523156,1944.824995295727,35.280059526552506,193.67971348064586,3.115541084695061,13.086220624579944,52.58619995686014,0,2026-10-04 23:42:43
2026-10-04 04:06:00,CNC-02,M,296.9786804903644,310.5403073320078,2396.402062481501,26.336056610276014,65.69010741698948,3.0090268220828924,11.962742868561845,,0,2026-10-04 23:42:43
2026-10-04 14:16:00,CNC-01,L,303.32831233766154,311.5753525950164,1259.936835146213,53.15864729700259,155.6301241867615,2.3667428909817905,12.761815270033363,43.42434179265863,1,2026-10-04 23:42:43
2026-10-04 23:00:00,CNC-03,H,298.25719948857886,310.24312762868317,2701.2107483130435,12.34938071186886,192.45336120807752,3.662020723329925,6.077359265660041,53.486462508010455,1,2026-10-04 23:42:43
2026-10-04 10:29:00,CNC-01,L,22.78102754643055,37.13680072526705,1481.294108556011,49.994144664467264,36.13883816351061,2.087316072078105,14.000620970547951,65.09790376538146,0,2026-10-04 23:42:43
2026-10-04 07:16:36,CNC-02,M,296.9040201805251,311.20713808730824,1737.0128377111828,41.39442108764991,96.74530670556513,2.3815039323378278,13.424699236599675,59.122798671877504,0,2026-10-04 23:42:43
2026-10-04 03:20:00,CNC-02,M,297.4024112841342,309.4885828908546,2414.5083760343155,19.01828427228036,11.444476486980435,2.918879610835899,8.564770230847307,55.24812451314625,0,2026-10-04 23:42:43
2026-10-04 20:16:00,CNC-03,H,298.952463506995,310.795160188658,2683.2204333045606,16.397599717694945,10.51130095467991,3.1828784352437034,8.270080868606067,50.17877521517386,0,2026-10-04 23:42:43
2026-10-04 18:44:00,CNC-01,L,299.6147777294406,313.5514084988681,2163.49360018007,30.837664312957607,119.56952990287287,2.8866608479048232,12.582631046806084,48.256908168257674,0,2026-10-04 23:42:43
2026-10-04 18:57:00,CNC-02,M,300.3191176068734,314.7347819591273,2251.719342792035,31.422410960498464,76.22068852603961,2.840960262589709,12.969411493104213,53.61574255523867,0,2026-10-04 23:42:43
2026-10-04 13:57:00,CNC-03,H,302.96827460729514,311.85720775429604,1377.480888791151,53.59727515423887,222.86767127470804,2.7412330204413085,13.910651872919852,47.71537063033668,0,2026-10-04 23:42:43
2026-10-04 06:40:00,CNC-01,L,296.10471742010805,310.5383176021159,2036.9755789965045,35.23705981864034,113.95868229383785,2.683801905292346,13.06502191517534,61.40043530653161,0,2026-10-04 23:42:43
2026-10-04 06:15:00,CNC-02,M,296.85453353120926,310.38518548780536,2018.163276271257,33.21576342941407,12.173413912257594,2.6557553673288585,12.519652212821807,59.20238242769722,0,2026-10-04 23:42:43
2026-10-04 18:15:00,CNC-03,H,299.05296061961576,313.00429252014817,2132.9527532881866,31.099131755987187,96.153350732114,2.6852521028431404,12.369299042648386,54.23314346485206,0,2026-10-04 23:42:43
2026-10-04 05:16:00,CNC-01,L,9149.122190769574,309.1249210469389,2055.3782169233964,29.95106150417606,2.578643228113295,2.68002373889134,11.621857544528284,59.17994464062121,0,2026-10-04 23:42:43
2026-10-04 14:01:00,CNC-02,M,303.5732225645551,312.34396746773933,1573.371606959387,46.822878545763146,102.26307022321325,2.3456377969262023,13.84129511864247,49.13050675909202,0,2026-10-04 23:42:43
2026-10-04 19:35:00,CNC-03,H,299.23995187342007,313.10750284967946,2341.627075323907,26.682827077426772,197.19520303397877,33.57971667405617,11.73198190387186,47.65438630518008,0,2026-10-04 23:42:43
2026-10-04 04:39:00,CNC-03,H,296.6294819631469,310.80887072969654,2201.805794410568,30.4066808919087,158.83190003413588,,12.47256944416462,56.677337016281435,0,2026-10-04 23:42:43
2026-10-04 02:58:00,CNC-02,M,297.84633493267,312.3319166004297,2564.5354918720795,26.208799123025088,229.00826302981613,4.03272795900893,12.676861551398643,53.739597707511045,0,2026-10-04 23:42:43
2026-10-04 09:25:29,CNC-02,M,296.72439231010503,311.32963911774874,1523.2181590623024,48.86494742644128,1262.2974552648434,2.156061292755803,13.823169866345404,52.60211559717352,0,2026-10-04 23:42:43
2026-10-04 20:03:00,CNC-03,H,299.1477955763966,313.63557807061875,2418.9299318915264,27.98882746940935,231.01116818745783,3.7789305094166203,12.71002130050813,52.40161048655062,0,2026-10-04 23:42:43
2026-10-04 07:03:00,CNC-02,M,297.00736011869435,311.24434025076476,1897.7718243524273,37.253045191207654,78.39822068942043,2.4835327584843525,13.230674256832783,56.18852718098765,0,2026-10-04 23:42:43
2026-10-04 01:26:00,CNC-02,M,298.2141236038795,310.6888031462335,2604.0687728100716,17.412272535993868,127.81209928021318,3.3873535584353505,8.422110393278954,52.75728196598337,0,2026-10-04 23:42:43
2026-10-04 03:44:00,CNC-01,L,296.5048404703036,309.51497277166845,2409.458440852559,22.104317602201817,118.77567128261235,3.145411913816998,9.869232311317088,57.49852572215409,0,2026-10-04 23:42:43
2026-10-04 06:39:00,CNC-02,M,296.6367039551414,310.22663885705043,2002.829252448056,31.86810681067802,45.01308801349042,2.6622793352378165,11.729235086361976,58.00357011770647,0,2026-10-04 23:42:43
2026-10-04 03:05:00,CNC-03,H,297.3634173521306,308.77126935523125,2376.7015594745153,16.019757123794893,45.182007259278585,2.9229308033489745,7.259222477480424,52.20790347689387,0,2026-10-04 23:42:43
2026-10-04 10:44:00,CNC-03,H,22.818825545279083,37.112527462657226,1401.454613005082,49.89419785112573,160.23788373688052,2.2197572338955127,13.18745003251908,60.52865943447461,0,2026-10-04 23:42:43
2026-10-04 02:18:00,CNC-01,L,297.67143101418145,309.5088192096643,2567.9074589654037,17.622006271046903,20.973308520836873,3.119074329581296,8.408359587765782,54.68023238275963,0,2026-10-04 23:42:43
2026-10-04 01:15:00,CNC-02,M,298.1566996192325,311.50500697077103,2624.6717334482964,23.32191432659031,115.92350906765542,3.326422870335367,11.376341973422722,53.696206928767886,0,2026-10-04 23:42:43
2026-10-04 12:09:00,CNC-01,L,296.6638810865421,311.4302070953456,1486.3555679403466,50.796188822077426,194.7119509569923,2.8341655280031395,14.018165727562716,58.07704853198941,0,2026-10-04 23:42:43
2026-10-04 06:01:00,CNC-01,L,296.1191802850804,310.2511681059159,1991.4783947365904,37.49310714356431,61.17694598168474,2.5226823592827348,14.024808375749984,58.706525075224945,0,2026-10-04 23:42:43
2026-10-04 01:27:00,CNC-02,M,298.12406371072876,310.87871733378523,2684.567547792996,17.720816938386555,128.87570056004836,3.2964923445347276,8.938865010721358,54.834480942371634,0,2026-10-04 23:42:43
2026-10-04 18:39:00,CNC-01,L,299.5918931286554,313.2501988737015,2116.8951838206904,30.609739942150778,113.10776841854485,2.763590514880131,12.041448057155868,53.681257920191214,0,2026-10-04 23:42:43
2026-10-04 07:37:00,CNC-02,M,23.259247302492952,37.613242600994965,1877.303241114691,,126.72811548772822,2.7323899022072533,12.871576506511502,51.39086456641836,0,2026-10-04 23:42:43
2026-10-04 13:58:00,CNC-02,M,303.8287407836379,312.4184996141606,1482.3336770922372,48.551688824666954,97.58076335722657,2.135264693220437,13.570679208070565,45.167563092081565,0,2026-10-04 23:42:43
2026-10-04 14:39:00,CNC-02,M,304.0189369812554,313.16782187809673,1486.0212080816602,52.48225377604655,161.21061736159874,2.3936290717919584,14.576359350618935,846.0810224227731,0,2026-10-04 23:42:43
2026-10-04 17:27:00,CNC-01,L,299.48836652078,313.04214093030197,1878.9984647152874,35.10881297236131,17.691945637417987,2.5193349155344333,12.281293806883514,52.13105094129153,0,2026-10-04 23:42:43
2026-10-04 21:11:00,CNC-03,H,298.61762445610594,311.2633453098285,2726.581317024401,19.794654271130277,73.18313145138056,3.224562734159301,10.158382988705428,51.386785676601534,0,2026-10-04 23:42:43
2026-10-04 18:07:00,CNC-02,M,300.2660798358998,313.5816675793151,1902.9089530046645,32.03314885175123,12.154050843017624,2.538871279164713,11.114632993157025,51.32356473072646,0,2026-10-04 23:42:43
2026-10-04 09:47:00,CNC-02,M,296.879272494746,311.3720911964859,1396.5418255082461,50.8306675285078,117.51757158376354,2.30198199861444,13.215119152487105,59.41835942798531,0,2026-10-04 23:42:43
2026-10-04 11:22:00,CNC-02,M,24.10584575827329,38.293062103384216,1360.0266598538287,49.90285277753802,58.370459570017175,2.0802533589734726,12.788429271081913,55.99998513929877,0,2026-10-04 23:42:43
2026-10-04 19:00:00,CNC-01,L,299.6139201626634,313.5687215036058,,30.813540329424484,139.98298514489662,2.8932813495836385,12.188287080998453,52.12209057816906,0,2026-10-04 23:42:43
2026-10-04 16:44:08,CNC-02,M,299.6442119103774,314.5513213430147,1852.4338176834071,39.263292014044914,130.93137978767612,2.5845336173961817,13.313655698669786,55.22905334129891,0,2026-10-04 23:42:43
2026-10-04 03:33:00,CNC-03,H,297.10637122363875,310.1196385842738,2301.434695234657,25.7634127669095,77.84847819759085,2.9777988836666207,11.133904363254393,54.62777745644143,0,2026-10-04 23:42:43
2026-10-04 20:59:00,CNC-03,H,298.3863879384609,310.74294615068357,2544.1505778790224,19.305958127038,59.73197335111896,3.078252270552021,9.202730603258669,49.590683614457184,0,2026-10-04 23:42:43
2026-10-04 05:05:00,CNC-01,L,296.0198939195164,310.7352639036491,2141.8568754483636,32.57379975107177,217.8645159815104,3.6633837497369806,12.953556193229973,60.20363346188175,0,2026-10-04 23:42:43
2026-10-04 08:13:00,CNC-02,M,23.752142587693413,38.96065560203766,1580.7744003559894,49.663460306616564,179.66600509268105,2.7751062511444804,14.84016037005466,59.532645307845634,0,2026-10-04 23:42:43
2026-10-04 07:47:00,CNC-03,H,22.28609380115148,37.39556090817155,1533.7941647250586,51.581692089055615,158.52201338266232,2.3826345985640764,14.967054508915917,62.08041280171325,0,2026-10-04 23:42:43
2026-10-04 03:08:00,CNC-03,H,297.4001674944485,310.7419100203641,2304.7824664976974,26.64888601295707,48.713987201038066,2.8983731560137374,11.474299873577095,58.20528099480829,0,2026-10-04 23:42:43
2026-10-04 12:30:00,CNC-03,H,296.60761681867683,311.0757884239951,1407.754213139282,52.86763504196757,85.40390613066454,2.2267113183527973,14.0008065714935,58.30550609868519,0,2026-10-04 23:42:43
2026-10-04 19:50:00,CNC-01,L,299.4838232892692,313.0201844982902,2476.1781507618084,22.77072774281229,201.7091893404535,3.9403772417239074,10.441052592426047,51.21259141733354,0,2026-10-04 23:42:43
2026-10-04 04:07:00,CNC-03,H,296.8215809619392,310.03197327951517,2431.368912475443,23.622236390553283,118.48286992583827,3.097712945171358,10.607237049723906,60.252901466591744,0,2026-10-04 23:42:43
2026-10-04 01:09:00,CNC-03,H,298.00148504201195,310.6436078525009,2632.557476888722,19.159653676936454,138.05318521242128,3.2688705121211927,9.199214177279329,56.99220573238876,0,2026-10-04 23:42:43
2026-10-04 03:15:00,CNC-03,H,297.0739602155834,308.8453671164518,2508.650861448384,16.602562607619397,56.80626906662578,2.990748923365431,8.154732853610641,51.24673139004413,0,2026-10-04 23:42:43
2026-10-04 21:06:49,CNC-01,L,299.14549896436125,311.16596842696526,2530.8460324083308,17.257738263843308,51.931059100782306,3.080796445470873,8.074169605045382,55.32220261311269,0,2026-10-04 23:42:43
2026-10-04 15:43:00,CNC-03,H,298.29845340275796,313.0226877930369,1747.1090061821399,44.38876727338838,108.85524712798818,2.4791913267385786,14.616055613648092,55.20389706130458,0,2026-10-04 23:42:43
2026-10-04 16:50:00,CNC-01,L,299.15046286000904,314.5025692979182,1863.3898414297082,43.822485666321924,184.62338838591103,3.0144995074003975,15.56542499960213,46.20418809807707,0,2026-10-04 23:42:43
2026-10-04 03:06:00,CNC-03,H,297.3749513040173,311.21710401666166,2446.0019802586576,26.911018881102578,46.34914982655561,3.0347363158840315,12.25318561093183,57.38838031362989,0,2026-10-04 23:42:43
2026-10-04 07:26:00,CNC-01,L,22.63626719545482,37.078639070500515,1906.9114478040938,38.266934562138346,178.16185606468125,3.0654012922167446,13.537677116653944,60.299505990448296,0,2026-10-04 23:42:43
2026-10-04 08:17:00,CNC-03,H,22.398124229476764,37.540966403013044,1685.4759404826912,48.00458251474285,202.22761206247617,2.8339536210571548,15.15671556772985,53.075530636814925,0,2026-10-04 23:42:43
2026-10-04 19:23:00,CNC-01,L,299.9128995069511,314.08903196674237,2476.9900766564742,25.74446067124298,168.63446827962537,3.5545766279671165,12.04331675605781,50.138253166298014,0,2026-10-04 23:42:43
2026-10-04 14:47:00,CNC-02,M,304.2143805328886,313.1022374186763,1403.4567145796013,51.83185949055971,173.55630822437837,2.587020159614883,13.593082322843355,45.16331311307944,0,2026-10-04 23:42:43
2026-10-04 18:35:00,CNC-02,M,300.3707159651048,314.34903502990596,2285.3865705152966,30.070687702136084,48.265946492871606,2.892637696393306,12.884733188299894,52.38536596230694,0,2026-10-04 23:42:43
2026-10-04 20:14:00,CNC-02,M,300.143280578896,314.0928480444215,2463.115182797634,24.644167262712163,169.81216684844227,3.4966768200204617,11.274748338844095,51.10079364441012,0,2026-10-04 23:42:43
2026-10-04 18:29:00,CNC-01,L,299.99909842722656,314.10482602218116,1862.5038450373365,36.97908937208292,100.31159815901147,2.541731399045367,12.681878655534424,53.09583523063187,0,2026-10-04 23:42:43
2026-10-04 05:34:00,CNC-03,H,295.9118081625388,310.6502362242935,2283.2777091171242,31.213148251016356,227.2930494352214,3.570933448837689,13.31562135644907,57.648854517391705,0,2026-10-04 23:42:43
2026-10-04 15:29:00,CNC-01,L,298.2604441439125,311.89029883516025,1623.6773947458353,39.996761377039434,66.6056810110747,23.090598486913088,12.305558176411314,56.55518527742382,0,2026-10-04 23:42:43
2026-10-04 11:41:19,CNC-01,L,296.5132835260974,311.48206785186244,1454.2233029530416,53.133461633761655,151.84229197656117,2.315936227925261,14.27667118888106,58.0007095616144,0,2026-10-04 23:42:43
2026-10-04 10:50:00,CNC-03,H,22.90716935744763,37.51975357404086,1321.331612398647,55.90149108022922,169.80252154196265,2.308236606712503,13.891519017598647,59.39803154891167,0,2026-10-04 23:42:43
2026-10-04 06:17:01,CNC-03,H,295.59108594286425,309.3649485351819,2018.8571952283885,34.762678040498756,33.58972597189821,2.7016095021834077,13.214921133860747,62.253954148754815,0,2026-10-04 23:42:43
2026-10-04 23:10:00,CNC-01,L,299.0649915231286,311.73420994801205,2811.096173135607,16.72884720945892,186.5885241107243,3.9046354116455446,8.701015409981258,49.528953180879164,0,2026-10-04 23:42:43
2026-10-04 07:41:24,CNC-03,H,22.624748094421193,36.64994499757802,1647.5561574658248,39.512110433487315,148.18271714206963,2.489891400709627,12.149497616227258,60.07204026378473,0,2026-10-04 23:42:43
2026-10-04 20:21:00,CNC-01,L,299.26667394037685,313.3642292000241,2312.4036146616304,26.49760398259855,238.55182874818254,4.108604781029559,11.701932605513583,51.26182466924368,0,2026-10-04 23:42:43
2026-10-04 08:09:00,CNC-02,M,23.588112176139816,38.94868651331433,1676.6766406386173,47.38484807773391,173.68964508202137,2.715993497478898,14.922653544155972,56.53817316657792,0,2026-10-04 23:42:43
2026-10-04 04:22:00,CNC-02,M,296.9043676580526,310.63662343598,2306.532476311195,28.733125449410487,84.99528870391771,3.009149634365538,12.292006559501022,58.64460967941877,0,2026-10-04 23:42:43
2026-10-04 10:58:00,CNC-03,H,23.33204420210518,37.8532889351485,1333.3290954862377,54.11025830139778,182.42615285572546,2.401608959655437,13.852882485406418,58.91480917431367,0,2026-10-04 23:42:43
2026-10-04 07:08:00,CNC-01,L,295.5775025019649,309.8241959903788,1846.0680351881904,36.5765840601243,152.7596691082229,2.783380035958982,12.518611834427746,59.57552576923756,0,2026-10-04 23:42:43
2026-10-04 04:45:00,CNC-01,L,296.2406741401126,310.0489055390635,2391.0872680669913,26.568686079477754,192.514037261289,3.6590788069879556,11.944708487891177,57.88524432951624,0,2026-10-04 23:42:43
2026-10-04 13:31:00,CNC-03,H,297.4733251414379,312.3438639093048,1425.9174155934033,53.22212029355433,182.0546766814939,2.510227508419265,14.037679865691494,55.03059691184956,0,2026-10-04 23:42:43
2026-10-04 02:38:00,CNC-03,H,297.70296470705637,309.65763744217304,2415.4045806008357,19.56027747027374,14.526622615025913,2.9310420518286704,8.917381738697548,53.155469138230934,0,2026-10-04 23:42:43
2026-10-04 13:41:00,CNC-02,M,297.9387091960088,,1597.661595306726,44.07935483727865,70.9842615739787,2.2880642536070517,13.096440547329975,54.57619031622486,0,2026-10-04 23:42:43
2026-10-04 01:43:00,CNC-01,L,298.10687522877504,310.82418143705047,2741.6674037715493,17.10656267323212,175.5194528279181,3.6885399985658407,8.818265789636822,54.97174607565634,0,2026-10-04 23:42:43
2026-10-04 14:27:00,CNC-02,M,304.1958420880437,312.5923895641841,1528.2365744172596,46.494081036631606,142.77227194221646,2.4159327044977466,13.435489759579953,46.1282597929013,0,2026-10-04 23:42:43
2026-10-04 17:09:00,CNC-02,M,299.64008390183415,314.40034846873533,1752.4536997171824,42.364393307488,167.52935372154218,2.694543377055552,13.816791811735598,50.846617050822935,0,2026-10-04 23:42:43
2026-10-04 16:25:00,CNC-03,H,298.92175490299,313.14404361218857,1732.1901502178737,38.30711504741865,170.28298175118846,2.672494211856501,12.227317941974837,49.45412514021766,0,2026-10-04 23:42:43
2026-10-04 17:07:00,CNC-02,M,300.1014096833436,315.23317339901547,1914.4107794377167,39.683862966269494,164.7245694917671,2.8575827870470505,14.344070991067618,48.63818003467341,0,2026-10-04 23:42:43
2026-10-04 14:11:00,CNC-01,L,303.18169959423875,311.4626150929386,1484.249535226376,48.76618984324176,147.9008347516972,2.385452397493705,13.792290100625745,46.07227122355266,0,2026-10-04 23:42:43
2026-10-04 23:16:00,CNC-03,H,298.2246039043574,,2742.6675589297115,16.19263776742231,209.6929359722353,3.8337656353425658,8.056319258813561,53.38173948375807,0,2026-10-04 23:42:43
2026-10-04 11:08:00,CNC-01,L,22.74572148030876,36.91987346746919,1273.5070895242202,53.303812826143805,97.76938251679951,2.0423998584308087,12.687370645591225,58.62929377476982,0,2026-10-04 23:42:43
2026-10-04 17:21:00,CNC-01,L,299.21416291877125,312.93305252135735,2002.4744222973613,33.852097992578564,9.522075157599946,2.6022110176994957,12.464656105360188,54.795092666288454,0,2026-10-04 23:42:43
2026-10-04 10:56:00,CNC-01,L,22.952293902570034,37.525920575335135,1380.1249421296086,54.99961247592544,78.91058239584498,2.1078038330161135,14.212883770055715,58.357551079566754,0,2026-10-04 23:42:43
2026-10-04 09:21:00,CNC-02,M,296.7441616953981,310.9724829518702,1532.1933853229116,47.262248281360954,77.21061499832648,2.260903904530376,13.590565369941396,57.24942887867366,0,2026-10-04 23:42:43
2026-10-04 10:33:00,CNC-01,L,22.89205237705005,36.71466236928978,1312.7623413454285,53.11634962766486,42.50220245266584,1.909105460708084,12.994594887185672,56.538468931538006,0,2026-10-04 23:42:43
2026-10-04 19:11:00,CNC-03,H,298.97086595596056,312.6514235176761,2262.147575417106,27.34016555341535,167.52256339570076,3.2008470492488477,11.527848166284043,52.06535383708032,0,2026-10-04 23:42:43
2026-10-04 12:11:00,CNC-02,M,297.6030814156671,312.4075392782118,1349.3884243560556,54.807633284872296,136.18137481480866,2.1454111800805067,13.99012985999163,56.90725613018229,0,2026-10-04 23:42:43
2026-10-04 00:39:00,CNC-02,M,298.73527000690154,310.791955490261,2652.5579009800977,16.192133102982957,77.56728599526429,3.2342037169517184,7.976819432914344,58.052216876130245,0,2026-10-04 23:42:43
2026-10-04 07:42:00,CNC-02,M,23.679342751720753,38.36614892520561,1723.5027546835747,43.4226899424853,133.9957856030798,2.4601331468900534,13.996760540947335,58.84372190381955,0,2026-10-04 23:42:43
2026-10-04 18:29:00,CNC-03,H,298.9033264967783,312.7279446274248,2090.615612652461,31.85021612533648,114.3992575725861,2.7884616754535783,12.538803613712524,54.46153386931404,0,2026-10-04 23:42:43
2026-10-04 03:04:00,CNC-01,L,296.9691456557524,309.58818233387416,2463.9061133978894,20.421291378122877,72.37410932530437,2.9721959838194656,9.487185123142378,52.128605121822915,0,2026-10-04 23:42:43
2026-10-04 02:05:00,CNC-01,L,297.53746988581685,310.12062934604614,2581.0292874937527,20.985777045141248,6.555700290878225,3.0488063460579524,10.407426947634733,52.497091880781845,0,2026-10-04 23:42:43
2026-10-04 11:36:00,CNC-02,M,297.3849819499625,311.7678679775884,1405.190939613469,49.98051320203338,80.52257741093051,2.085306713988397,13.441284073457988,57.23940844506946,0,2026-10-04 23:42:43
2026-10-04 10:24:00,CNC-01,L,22.727973550518357,36.3539840520931,1400.6281268907112,47.70881948674092,28.231656767270813,2.0823613415469855,12.886944060744371,63.54996554054595,0,2026-10-04 23:42:43
2026-10-04 22:36:00,CNC-03,H,298.4349888809245,311.3335412513209,2580.2541002431917,20.512924679753475,166.85067422115256,3.4288274242361148,10.068380329981382,60.90354027151911,0,2026-10-04 23:42:43
2026-10-04 18:01:00,CNC-02,M,299.80050143692995,313.7536573997705,2091.7932190965394,32.224691643564924,4.052178723720698,2.6378575883904194,12.266236050245464,51.97282998655408,0,2026-10-04 23:42:43
2026-10-04 06:11:00,CNC-02,M,296.8721963499855,310.2576823475624,1965.0738994413725,33.23203531333654,6.733047146624931,2.614505094469021,12.191215815349834,57.72946827063829,0,2026-10-04 23:42:43
2026-10-04 05:16:00,CNC-02,M,296.4138779696424,311.0997821803202,2163.5853958250814,32.863899071007765,152.83154166020344,3.0789519520383166,13.472907939082377,,0,2026-10-04 23:42:43
2026-10-04 23:03:00,CNC-01,L,298.82238210074456,312.2785321095216,2652.486543895976,20.85533623466234,179.14913019872753,3.744105821193866,10.333397702963357,51.528425442336264,0,2026-10-04 23:42:43
2026-10-04 07:29:00,CNC-01,L,22.484585325081298,37.36618326167104,1666.4429667213717,45.899881026413844,182.4884491421127,2.9684592365517957,14.103989363137787,60.857330682267836,0,2026-10-04 23:42:43
2026-10-04 03:55:00,CNC-03,H,296.6523822397025,309.6877174234554,2427.238516567241,23.205760217701375,103.95582087097814,3.0450666475750885,10.187123842478382,56.4747762463618,0,2026-10-04 23:42:43
2026-10-04 19:35:00,CNC-01,L,299.75155852322354,314.24523845428075,2320.8908717687445,29.74072586177618,0.0,3.45809200113175,12.75106164874959,50.676432847171995,0,2026-10-04 23:42:43
2026-10-04 09:01:00,CNC-03,H,295.40482687655503,309.15957998683507,1587.4565580225476,43.65447233854039,0.0,2.1451460357959884,12.907893467549801,58.0708634733443,0,2026-10-04 23:42:43
2026-10-04 05:42:00,CNC-03,H,296.05553474900756,311.0816179923696,2191.338415110612,34.34751354258745,237.79324422196132,3.7144508893356813,14.111497127443632,62.60258647754651,0,2026-10-04 23:42:43
2026-10-04 16:17:00,CNC-02,M,299.5286450580868,314.2268065301492,1628.9864364608586,45.329562740550486,93.5776504825037,2.3478227904101883,13.832299393600165,49.80443078471647,0,2026-10-04 23:42:43
2026-10-04 13:30:00,CNC-01,L,297.28086686854465,311.46332754680355,1327.9724214972694,54.220208014037865,83.76517973235764,,13.777722725083532,51.51664744679938,0,2026-10-04 23:42:43
2026-10-04 11:03:00,CNC-01,L,22.8884889215135,36.53767297590588,1349.448701973406,49.24985459654273,89.80290094114505,2.084345801765109,12.57128371525741,56.997204619229855,0,2026-10-04 23:42:43
2026-10-04 06:43:00,CNC-03,H,295.86755574420357,309.4669654408399,1943.7268238318022,33.25012693383641,67.45218852004125,2.5780389935619845,12.206192513640165,58.87463553059541,0,2026-10-04 23:42:43
2026-10-04 22:48:00,CNC-01,L,298.92186844345554,312.05462026883,2625.487894424021,19.96943640900956,162.89147664289666,3.5352833350013513,9.97365258674246,54.087367319681746,0,2026-10-04 23:42:43
2026-10-04 14:13:26,CNC-03,H,303.1609131766298,312.23736560358765,1458.26208343823,52.73445816459156,247.78844082942948,3.0802456031142547,14.419585207074812,47.540152337960684,1,2026-10-04 23:42:43
2026-10-04 02:03:00,CNC-03,H,297.6345611008927,310.78245579570887,2525.6667472452514,19.969326281542198,196.53766815828817,3.515371705523263,9.75575269834918,57.33641471237945,0,2026-10-04 23:42:43
2026-10-04 14:15:00,CNC-02,M,304.19447644093555,312.8358551945672,1427.307234080659,51.131508033956685,124.10703021988992,2.225619450367092,13.707752817972986,45.58720313689305,0,2026-10-04 23:42:43
2026-10-04 21:16:32,CNC-02,M,300.31035325643006,311.90284211511266,2563.184993737677,15.935015105310557,1.132178390674751,3.1055237471448014,7.976127162597781,52.335398534090785,0,2026-10-04 23:42:43
2026-10-04 07:36:00,CNC-03,H,22.457258436821576,36.941847396831974,1958.1586613660347,35.961484737921005,142.44957271863854,2.7051362900588773,12.880269537502059,59.97090108394793,0,2026-10-04 23:42:43
2026-10-04 01:52:00,CNC-01,L,297.9374708501927,310.6814315565325,2659.6614021668984,17.744634570985752,185.57370422975993,3.7748057354182234,8.880339510935633,58.4159376336921,0,2026-10-04 23:42:43
2026-10-04 04:52:00,CNC-02,M,297.00851994345675,5949.246204697029,2227.572892389548,27.832681147168802,122.14814579453365,3.021052241121873,11.55938282573173,53.84456625382873,0,2026-10-04 23:42:43
2026-10-04 10:57:00,CNC-02,M,23.81342635292674,37.467367786714874,,50.078157824796065,18.90738107422976,1.882919007882403,12.020867756786624,61.21058986200576,0,2026-10-04 23:42:43
2026-10-04 15:18:00,CNC-02,M,299.1074261337011,312.8619227161859,1659.5299112817324,41.10774314018,6.074603369617625,2.2687155616564945,12.49986930138726,51.38744246342582,0,2026-10-04 23:42:43
2026-10-04 20:22:00,CNC-03,H,299.34608627062414,311.2571945784568,2552.5422976163954,17.544254722283895,17.50708988479553,2.989224309255458,8.312352832476606,55.640239423857246,0,2026-10-04 23:42:43
2026-10-04 11:48:21,CNC-01,L,296.675252039263,311.7395523756568,1435.3983272883258,54.331313116309886,162.97538301488447,2.3639521908488526,14.574434917427013,58.14259477161664,0,2026-10-04 23:42:43
2026-10-04 16:48:00,CNC-03,H,298.7032983781284,313.57750423448755,1812.2611231611538,42.09137856619562,202.90124574345197,2.9339564250857118,14.128184716666228,55.80550472971451,0,2026-10-04 23:42:43
2026-10-04 21:32:00,CNC-02,M,300.6166868648784,312.86436075568366,2515.936512988019,17.74413626173378,19.029775840808348,3.047686590924513,8.162279710771603,55.3779345828111,0,2026-10-04 23:42:43
2026-10-04 21:11:00,CNC-02,M,300.696864618046,315.2341447639185,2422.3962138256998,26.598070929020114,235.76863860530003,3.970262852410757,12.414850310204146,46.11219393874319,0,2026-10-04 23:42:43
2026-10-03 23:57:00,CNC-01,L,298.79977814430725,310.8476480582973,2831.5326255985337,14.183393951057166,62.449814953454734,3.3583048531861324,7.58586894007955,56.505268168778436,0,2026-10-04 23:42:43
2026-10-04 18:16:00,CNC-03,H,298.91950929111727,313.3382487692652,2156.731703432729,33.636080948941185,97.42725923631765,2.855654273200541,13.529663202986022,55.84218323726249,0,2026-10-04 23:42:43
2026-10-04 16:18:00,CNC-01,L,299.04559034503797,314.09294044530907,1757.5931839215564,,,2.650016857139942,14.549489604111322,53.252300907636666,0,2026-10-04 23:42:43
2026-10-04 06:03:00,CNC-01,L,295.9698327596468,309.73534177209655,2127.6004512630707,31.717972933408234,63.84843881320164,2.754987789371,12.76720488510919,60.295357968102266,0,2026-10-04 23:42:43
2026-10-04 18:19:49,CNC-02,M,300.292655972718,314.1957734742897,2118.3517876168926,30.966673299675325,27.837246792423997,2.6833511794522833,12.314106139363382,51.86058203294173,0,2026-10-04 23:42:43
2026-10-04 16:58:00,CNC-03,H,298.51955534487126,313.6415636848781,1818.7637574586652,41.81188893678366,216.97463515751588,3.15088237606827,14.381392232330397,53.411673584905024,0,2026-10-04 23:42:43
2026-10-04 02:56:00,CNC-02,M,297.64238037181326,312.08072971105923,2474.8726957101344,25.687100807241922,226.71494368259366,3.9931488405349995,11.973470230113882,52.689532102443344,0,2026-10-04 23:42:43
2026-10-04 02:54:00,CNC-01,L,297.42408045715166,310.48665603592605,2228.707078098206,26.226635176269138,61.03810788377031,2.80961517226928,10.653698203734615,53.018358267154404,0,2026-10-04 23:42:43
2026-10-04 03:24:00,CNC-03,H,297.16575576429454,309.77652716773116,2444.0873879734195,20.25458577270801,67.24757515086341,3.0037817199068404,9.318515230925694,61.483518629361086,0,2026-10-04 23:42:43
2026-10-04 01:41:00,CNC-02,M,298.103952461078,311.98734305158047,2574.002468352193,24.288726311607746,143.82679264730663,3.257290430045333,11.638500589023275,57.084125342865235,0,2026-10-04 23:42:43
2026-10-04 23:05:27,CNC-02,M,300.03799127158663,312.69914985233686,2733.2983434278403,16.66809893548928,118.75242305002735,3.3575770368066435,8.56280234046316,50.912303549895704,0,2026-10-04 23:42:43
2026-10-04 22:30:00,CNC-02,M,300.5012788671745,312.7519329977903,2667.0837402495627,15.031941386074443,82.59956913410355,31.83587457966738,7.19888724110717,47.790294255921765,0,2026-10-04 23:42:43
2026-10-04 23:08:00,CNC-01,L,298.92830456853875,311.63586491689114,2668.3293646637267,17.69666448825773,184.50709981831145,3.826933032077542,9.018938919022593,53.39459670784681,0,2026-10-04 23:42:43
2026-10-04 15:52:00,CNC-02,M,299.55767490099987,314.19868392082435,1661.4004204035068,46.769442049565264,56.95869466775285,2.3092757636429946,14.42720910619416,53.62783089522844,0,2026-10-04 23:42:43
2026-10-04 12:58:00,CNC-01,L,297.2452985392573,311.8983070148704,1386.9458582835045,55.890161557125005,33.16291323981334,2.1273217174657497,14.670760427157253,61.48618723710392,0,2026-10-04 23:42:43
2026-10-04 17:12:00,CNC-03,H,298.6949143602467,312.51951742181103,1791.7722315173944,38.92150648012951,11.189856491882079,2.3100279641281634,13.135911290782643,53.913376646905874,0,2026-10-04 23:42:43
2026-10-04 10:44:00,CNC-01,L,22.929525208088194,36.926945859251646,1422.4679345581778,48.77386803650111,59.791709915838595,2.157298312104612,12.90930585480363,59.31706214838066,0,2026-10-04 23:42:43
2026-10-04 04:51:00,CNC-01,L,296.4190072573495,311.4228632304969,2357.0691376429154,32.236045242577674,199.9907029087559,3.68501905700458,14.162867519055888,54.15460704355338,0,2026-10-04 23:42:43
2026-10-04 22:31:00,CNC-02,M,300.48649953934085,312.8184220564923,2807.124649077015,15.280661437124314,83.66000559334682,3.3138746306424007,7.992948808633293,53.74994220413168,0,2026-10-04 23:42:43
2026-10-04 12:01:00,CNC-03,H,296.42806922351144,310.3659424878393,1497.0796604029929,47.6451819891629,39.58314664090994,2.2491250348981358,13.28270976803058,57.569670981012095,0,2026-10-04 23:42:43
2026-10-04 04:19:00,CNC-03,H,296.4987726918251,310.6268398186211,2345.0179137575346,28.773380793916118,133.06102902405684,3.0101457850579547,12.57377250018941,57.24411511536066,0,2026-10-04 23:42:43
2026-10-04 01:22:00,CNC-03,H,298.20909885895156,311.2649875766026,2586.504424932864,20.306584938136453,152.0275064317031,3.378878136879114,9.798698040050352,52.729984035897225,0,2026-10-04 23:42:43
2026-10-04 12:14:00,CNC-03,H,296.78146797253663,310.75821936166386,1344.534548905614,50.88893044417658,60.13106199734452,2.035683473891031,12.975739505838659,59.9879007438489,0,2026-10-04 23:42:43
2026-10-04 02:07:00,CNC-01,L,297.88496962668995,309.5911985407838,2703.361723650851,15.749310720815817,8.706081153647595,3.204431074327232,8.048019912542753,56.46008620009088,0,2026-10-04 23:42:43
2026-10-04 20:12:00,CNC-01,L,299.3457878730856,314.0384205369018,2337.387780310248,30.62852475921463,227.89512711208408,4.063958462069475,13.441090551497483,53.91979461942279,0,2026-10-04 23:42:43
2026-10-04 19:48:00,CNC-03,H,299.2637731421186,313.53472685393865,2410.04288991925,27.52363769648546,212.99259888739695,3.611100446552339,12.266720565028706,54.896411084997084,0,2026-10-04 23:42:43
2026-10-04 23:02:00,CNC-01,L,298.94016661285707,311.4846952563522,2738.7770834165594,16.58420992726043,178.07617040081917,3.845645651590976,8.565910234394629,53.91711071132424,0,2026-10-04 23:42:43
2026-10-04 11:44:00,CNC-02,M,297.51214583101614,312.2359856732386,1388.7562616574962,54.14188767230798,93.26304256212812,2.1106303831442808,14.107279714529078,52.387257315862925,0,2026-10-04 23:42:43
2026-10-04 23:12:00,CNC-03,H,,312.46618013857864,2620.4791734101636,24.817996796172082,205.4123769178504,3.7228313343838666,12.09375938685462,56.41376248492705,0,2026-10-04 23:42:43
2026-10-04 21:34:00,CNC-01,L,299.3739363777787,311.2361320367386,2630.465930041324,16.616090241731737,82.25038613474287,3.2032868283150653,8.146468678185068,54.1633836094633,0,2026-10-04 23:42:43
2026-10-04 17:04:00,CNC-03,H,298.5892267249904,312.1925095457017,1655.9812575958595,42.141152093728955,0.0,2.2626291003754258,13.11151575198645,53.03500409206643,0,2026-10-04 23:42:43
2026-10-04 15:09:00,CNC-01,L,298.1930131221699,312.0146281550204,1472.073900431358,45.64225036053973,36.68208648799277,2.016757565685318,12.628756288865112,51.791859276031985,0,2026-10-04 23:42:43
2026-10-04 04:42:00,CNC-03,H,296.49036994433783,309.04198373204497,2478.084690685802,19.1262251063741,161.22365735744165,3.3070477892949155,8.94795303989347,57.217523523190785,0,2026-10-04 23:42:43
2026-10-04 05:28:00,CNC-02,M,296.6767246726765,310.81118107761154,2184.1035236383063,29.52029443408283,,3.20326708676614,12.106387928882706,61.95086415041818,0,2026-10-04 23:42:43
2026-10-04 18:24:00,CNC-03,H,299.0124390942111,312.4754996384009,1964.7684922528758,31.201600389976687,108.00592687763196,2.650224405845156,133.93434646390892,50.42891474060641,0,2026-10-04 23:42:43
2026-10-04 10:31:00,CNC-01,L,22.85114632461108,37.26771865247406,1456.4294480394083,52.214298564190166,39.338838163510616,2.0193975990858544,14.263265557706253,59.61124387371584,0,2026-10-04 23:42:43
2026-10-04 20:26:00,CNC-01,L,299.35534719811255,312.02622054402013,2472.6912767206395,22.79489620879631,4.6070299760218365,2.964376767394662,10.504866961904773,52.8091919872122,0,2026-10-04 23:42:43
2026-10-04 01:00:00,CNC-01,L,298.57701524252934,311.8815845155507,2791.3729951585656,20.6919046905393,129.42176818044095,3.500864446800401,10.612751122306392,54.227225439620234,0,2026-10-04 23:42:43
2026-10-04 09:33:00,CNC-03,H,,309.0604093672616,1548.9919293228377,42.469380237425796,49.13960643753292,2.2436555405884113,12.260583503523206,63.44102019374469,0,2026-10-04 23:42:43
2026-10-04 21:04:00,CNC-03,H,298.7149532349732,311.4792033035807,2413.3777039211886,22.427807124718996,65.37914657844821,2.9446591526612074,10.180834186838657,55.481337293096836,0,2026-10-04 23:42:43
2026-10-04 00:39:00,CNC-01,L,298.6067636137784,311.08462978589364,2795.3998492477162,16.691699670026246,107.00750036737483,3.50394146251825,8.552467706173385,57.53494557351482,0,2026-10-04 23:42:43
2026-10-04 04:18:00,CNC-01,L,296.5521513800683,310.4819132537639,2331.4193733348675,27.19864808990894,159.22102056688772,,12.103893130204312,59.886990971134026,0,2026-10-04 23:42:43
2026-10-04 10:06:00,CNC-01,L,296.147000920555,5930.000706594586,1427.7935411892806,47.65742825351293,0.0,2.2043554948767152,12.784797570652819,60.099956985975126,0,2026-10-04 23:42:43
2026-10-04 23:25:00,CNC-01,L,298.94179303406077,310.15850932961973,2639.287773869953,13.994928245387802,6.522272623315272,3.259427336445867,6.942307032023011,52.219567765626905,0,2026-10-04 23:42:43
2026-10-04 23:06:00,CNC-01,L,298.8587290302115,311.92270324945304,2632.0083268311355,19.856753839544226,182.3647669443017,3.664140593004672,9.583422899299164,51.445625148487764,0,2026-10-04 23:42:43
2026-10-04 13:01:00,CNC-02,M,298.20375170067837,312.0134265161223,1372.9310988207394,47.92670719139636,7.952591898965338,2.071028604088336,12.085626402773865,52.9944430676917,0,2026-10-04 23:42:43
2026-10-04 01:52:00,CNC-03,H,,310.9565093700288,2630.735027612194,20.252897779180227,0.0,3.5767880091220485,9.906785895715265,53.02719859375269,0,2026-10-04 23:42:43
2026-10-04 05:04:00,CNC-03,H,296.2961049847789,310.7194271495576,2049.2180513717317,34.945637049077234,188.9397238520489,3.0035820478600526,13.285985499218302,54.75498995403522,0,2026-10-04 23:42:43
2026-10-04 11:09:00,CNC-01,L,22.786637177102932,36.41327232552595,1356.2679429644675,48.549190071657016,99.3693825167995,2.0481323110226843,12.205145794478545,60.48515573476407,0,2026-10-04 23:42:43
2026-10-04 16:55:00,CNC-01,L,299.15907112723517,314.2652397737383,1833.651807341696,40.97943601243101,191.68952737264755,3.0645884585509706,14.023793437058096,51.300583278569185,0,2026-10-04 23:42:43
2026-10-04 04:20:00,CNC-03,H,296.4256890498259,309.9392413655186,2319.987584241127,26.095560931820174,134.27186379632536,3.0927064990490623,11.484832569369036,54.460694131025924,0,2026-10-04 23:42:43
2026-10-04 07:30:00,CNC-02,M,23.398542301771954,37.66049711358153,1699.2823916478394,1235.4150684961878,116.72367497979486,2.4082041932492495,13.403241240630793,60.68889374306806,0,2026-10-04 23:42:43
2026-10-04 20:14:00,CNC-03,H,299.0099906689073,312.07421354708487,2364.2181546188967,26.08651718118606,8.253038822630604,28.376580159821344,11.402064450481692,52.97251360960152,0,2026-10-04 23:42:43
2026-10-03 23:42:00,CNC-02,M,299.3078397061072,310.838930547799,2691.757744211118,13.692239413698562,16.79544978791784,3.2360762422020555,6.845928257475543,50.405413405072245,0,2026-10-04 23:42:43
2026-10-04 18:18:00,CNC-01,L,299.938771793617,314.00474375184996,1975.543612859176,35.55693111820969,85.90870709250608,2.692554118585919,13.202663960465587,50.30955221136926,0,2026-10-04 23:42:43
2026-10-04 14:10:00,CNC-01,L,303.1892195057312,311.61470711852894,1441.0956957860744,50.39070116682287,146.33975889480968,2.423223606268869,13.947441459680107,42.74953524203613,0,2026-10-04 23:42:43
2026-10-04 21:34:00,CNC-02,M,300.1518605500897,313.0823874336934,2389.453120766291,21.411697808997154,21.364406336605136,2.8348642347493676,9.530995871021455,52.259005877982595,0,2026-10-04 23:42:43
2026-10-04 00:35:00,CNC-01,L,298.67870521957985,312.05211037505217,2584.694446059353,22.466393776733845,102.70909031752622,3.1873666980182294,,49.96077389071464,0,2026-10-04 23:42:43
2026-10-04 05:22:00,CNC-02,M,296.5934774538871,310.55450182556154,2190.4453748232863,28.512699824756005,160.42531198281944,3.0087958464625464,11.556147889681418,61.334422616019516,0,2026-10-04 23:42:43
2026-10-04 13:35:00,CNC-03,H,297.18111390380307,311.7743859878841,1363.3095724717318,53.89357851509064,188.43946059325978,2.437903791448014,13.586636251679504,55.82430100237341,0,2026-10-04 23:42:43
2026-10-04 18:55:00,CNC-03,H,299.0255578647772,313.36627647738976,2270.0489373624664,30.258443825929948,147.5877518649823,30.194965049958313,13.003923152836297,48.704676218229835,0,2026-10-04 23:42:43
2026-10-04 01:06:00,CNC-02,M,298.3059043516266,310.7071581663622,2625.517072852416,17.19409696490492,106.24751957310599,3.304622445629049,8.503564094270649,53.150378396961116,0,2026-10-04 23:42:43
2026-10-04 19:34:00,CNC-03,H,299.1773413669861,313.15358414553566,2207.115833700384,28.55817292025469,196.01397399442914,3.2392338456664547,11.877587144232427,50.40729630203141,0,2026-10-04 23:42:43
2026-10-04 14:25:00,CNC-03,H,303.2030343709386,312.84308456311913,1497.946313541757,52.168592645211604,266.3021673388591,3.363827876313824,14.614136229435335,46.107560244486535,1,2026-10-04 23:42:43
2026-10-04 15:41:45,CNC-03,H,298.6066886073614,312.81927436029275,1617.25463175303,44.39983969084842,105.90538792454157,2.3538579312042707,13.491876712465661,54.22599069524828,0,2026-10-04 23:42:43
2026-10-04 05:27:32,CNC-01,L,296.1654088719826,309.25633456979824,2091.5525193601143,29.865333834159348,19.37157831362032,2.6701048204728624,11.591257707798913,60.04205616986617,0,2026-10-04 23:42:43
2026-10-04 04:56:00,CNC-01,L,296.1164826714215,310.4128990334364,2205.4915700973106,30.46529575973601,206.24973962466774,3.7826248706482044,12.641578071810986,55.612477761972286,0,2026-10-04 23:42:43
2026-10-04 21:04:00,CNC-02,M,300.5836931784983,314.3981069154334,2571.7578326959137,21.317595358070378,227.80354184772335,40.44683318415211,10.150345849513318,50.64455804712138,0,2026-10-04 23:42:43
2026-10-04 04:28:00,CNC-02,M,296.81285053781005,,2419.0396846424765,25.764802405492585,92.33409252613967,3.168043641619519,11.74158609900701,56.71958071848959,0,2026-10-04 23:42:43
2026-10-04 12:05:00,CNC-02,M,297.61387282489125,312.37205346343933,1409.378421968844,53.331572793093756,126.5813748148087,2.2040981672178774,13.911640339528029,54.05075243918557,0,2026-10-04 23:42:43
2026-10-04 21:04:00,CNC-01,L,299.1261548493569,312.0618361592523,2417.958339073096,24.066214627883667,48.54218575349275,3.0067413580991564,10.591198493401013,51.48925333030642,0,2026-10-04 23:42:43
2026-10-04 08:00:00,CNC-02,M,23.553040877647675,38.73436558023542,1664.5822424050093,48.525071107368184,160.45607570505518,2.6739446510881946,14.990712704831454,55.18078124201812,0,2026-10-04 23:42:43
2026-10-04 01:44:00,CNC-03,H,297.65056378605925,309.8210640267488,2558.770941763749,16.309290918193028,175.79171574772639,3.3910679054247708,7.441236233241247,57.57036110096577,0,2026-10-04 23:42:43
2026-10-04 19:44:00,CNC-03,H,299.04105794914716,313.77708879110656,2250.4837910586903,32.36069480565153,208.12537453894254,3.4921206406715917,13.944636553337173,53.84404146329497,0,2026-10-04 23:42:43
2026-10-04 10:25:00,CNC-01,L,22.527130983394045,36.87231476752282,1464.3145305566204,50.98110845147166,29.801451017176046,2.104750427808599,14.042562812420785,59.15407289964749,0,2026-10-04 23:42:43
2026-10-04 19:19:00,CNC-01,L,299.965103393497,314.5928753325933,2206.7821402265045,33.48297434575939,163.73973438106776,3.1836635959763657,14.079541388640033,52.478086075533184,0,2026-10-04 23:42:43
2026-10-04 03:29:00,CNC-01,L,296.60033029884585,309.64065760429327,2524.388452469837,22.25450628671038,101.11580830240061,3.193048523106065,10.266611908862624,63.18625497545829,0,2026-10-04 23:42:43
2026-10-04 04:21:00,CNC-02,M,297.06881205377243,309.9168061427915,2397.152807368908,22.266745217172563,83.74693908286666,3.0257568969517483,10.05531415659581,55.29969344912363,0,2026-10-04 23:42:43
2026-10-04 05:44:00,CNC-02,M,296.7251847362652,311.85804558805904,2038.3661407457798,38.474994193531046,188.922345858788,3.2333890570103425,14.763050362515717,56.97906881684943,0,2026-10-04 23:42:43
2026-10-04 02:03:00,CNC-02,M,298.32169252702084,311.79388688104007,2596.2830795216014,22.513937709725703,167.91739336713434,3.4750246229582373,11.168989799303887,54.30170141655101,0,2026-10-04 23:42:43
2026-10-04 04:40:00,CNC-01,L,296.24132308163945,310.8538895803935,2102.6674568554076,33.67468208285656,186.36771259469248,3.2522652395979064,13.49333087297426,60.095312683715925,0,2026-10-04 23:42:43
2026-10-04 23:27:00,CNC-03,H,298.3107488730177,311.217820858258,2668.7737441378486,17.924830164502755,221.46361678101863,3.9020351524588803,8.965974605012791,55.08717602123456,0,2026-10-04 23:42:43
2026-10-04 00:39:00,CNC-03,H,298.1811227241283,309.82140598794723,2706.4699846917524,13.966938033942508,106.0955707397746,3.2660233448770635,7.152440275819836,53.20350922603547,0,2026-10-04 23:42:43
2026-10-04 02:23:00,CNC-03,H,297.8261552056619,311.8712455363622,2376.3526575692604,27.04611614650671,218.6313206449682,3.6107833042479993,12.104088888639128,,0,2026-10-04 23:42:43
2026-10-04 17:08:10,CNC-01,L,298.9647072098559,314.06140620472553,1871.15559967693,39.7445277594578,211.1773739835824,3.4431114784074643,13.802571251234387,57.285275995788375,0,2026-10-04 23:42:43
2026-10-04 00:36:00,CNC-03,H,298.4793014989362,311.13689670335907,2676.3565068166304,19.653009973485418,102.89439917527832,3.228301108730103,9.873838507636911,53.412879513372374,0,2026-10-04 23:42:43
2026-10-04 15:19:00,CNC-02,M,299.2102266446591,313.2067409825261,1530.7961409151044,45.14492684382476,7.593659271867041,2.133485918423341,12.97714672714943,54.50624309430088,0,2026-10-04 23:42:43
2026-10-04 12:42:00,CNC-02,M,297.87968659415606,312.74560811472014,1458.5394545261202,49.872697858612874,185.3640140255229,2.6664839605904556,13.626284612515775,54.84494059720485,0,2026-10-04 23:42:43
2026-10-04 05:14:00,CNC-02,M,296.6208706331589,,2156.8460228275785,31.831728236457458,150.27670174149804,3.065581181939429,12.864359452024607,61.0701664882083,0,2026-10-04 23:42:43
2026-10-04 15:25:00,CNC-03,H,303.66470603578307,311.4480916998061,1627.7519712498472,41.15952059425346,82.09034546612105,2.2673401767455874,12.51170599783161,39.03696728424382,0,2026-10-04 23:42:43
2026-10-04 00:49:00,CNC-01,L,298.28378240720804,310.26444343329445,2733.7247435709555,14.792518986642369,117.66879962778859,3.531912023359295,7.6606353811957835,57.54258444338136,0,2026-10-04 23:42:43
2026-10-04 03:14:00,CNC-01,L,,309.645420218006,2504.5097534681036,20.134426959398585,83.68009091094537,3.168723998442029,9.775236184675318,57.2475585773253,0,2026-10-04 23:42:43
2026-10-04 19:24:00,CNC-02,M,300.4045412439546,314.36232234619365,2196.2571560514302,27.986534639569918,109.62746681008278,2.9787364192871735,11.588580060094293,52.614853277817225,0,2026-10-04 23:42:43
2026-10-04 03:48:00,CNC-02,M,297.08539290133865,310.15846700997673,2381.574490292344,23.819648732113684,44.16167887369737,28.706159081318276,10.817925755406575,55.66960057214429,0,2026-10-04 23:42:43
2026-10-04 13:24:00,CNC-03,H,297.74126244768064,312.34364431195996,1377.5002701596486,54.794842082057485,171.01980669404566,2.341680811463712,14.15777864723688,55.56864883390611,0,2026-10-04 23:42:43
2026-10-04 02:55:00,CNC-01,L,297.08014186081675,309.3003664539347,2516.621497800218,18.937435097271596,62.18608845108592,3.153283669045706,8.996380253945125,57.234103008582665,0,2026-10-04 23:42:43
2026-10-03 23:58:00,CNC-02,M,299.21079278844326,310.3864236261049,2783.9505959530056,12.890136182027248,33.92967394014689,3.241630817119447,6.707570014687858,51.46700939645113,0,2026-10-04 23:42:43
2026-10-04 00:12:00,CNC-01,L,298.86999080820544,311.2492568295056,2598.1952769251966,18.883916291349426,78.30676178341913,3.1358582981115997,9.101031122697174,53.487038719146824,0,2026-10-04 23:42:43
2026-10-04 13:30:00,CNC-03,H,297.615647952806,311.9659620929424,1363.8185558354357,51.28545253715917,180.4835709814021,2.418380942188617,13.030898120794904,57.13526720288468,0,2026-10-04 23:42:43
2026-10-04 18:50:00,CNC-01,L,299.6859754863564,,2137.044877765274,30.890115721311055,127.2633293072818,2.897217161277652,12.511359524629247,51.522264158166145,0,2026-10-04 23:42:43
2026-10-04 14:51:00,CNC-01,L,298.1249610361492,311.86345735465005,1412.8895658511062,50.03148912422174,9.324557069389716,2.1417520197660247,13.148847562615812,52.47692625411243,0,2026-10-04 23:42:43
2026-10-04 16:38:00,CNC-02,M,299.5400095365397,313.99618497516667,1820.3722716705274,38.92861042131146,123.79941622703384,25.12298482874003,13.259197742542902,54.15407523512658,0,2026-10-04 23:42:43
2026-10-04 13:24:00,CNC-01,L,297.2469394703161,311.6187966396172,1480.1221767389688,48.974664162618936,74.2972496669494,20.709638588300024,13.66827527769283,58.460142193303426,0,2026-10-04 23:42:43
2026-10-04 09:28:00,CNC-02,M,296.72862431517774,311.1399985873959,1388.1660253835241,50.669067035169476,88.10969203649611,2.0888593894362857,13.2179870377965,56.77109760984679,0,2026-10-04 23:42:43
2026-10-04 11:39:00,CNC-01,L,296.5347943544321,311.445795732728,1505.5676221033884,51.34584499363361,147.06396647816922,2.593416558392422,14.741631095731414,58.49040078670089,0,2026-10-04 23:42:43
2026-10-04 03:53:00,CNC-01,L,296.7505898854393,309.8137450021873,2400.2741313974198,23.174669658907995,129.36180617816802,3.2765171686636454,10.47281210255776,56.37969961061385,0,2026-10-04 23:42:43
2026-10-04 04:54:00,CNC-01,L,296.4072872445851,310.87800732609213,2344.125919738735,29.181243852200677,203.7485169975746,3.769403962265109,12.731736440414718,56.62322095541684,0,2026-10-04 23:42:43
2026-10-04 03:50:25,CNC-02,M,296.99721506478767,310.4655233119315,2231.229638297374,28.08980762782653,45.4122625544312,2.8937110998857136,11.666314730869404,58.096697156136834,0,2026-10-04 23:42:43
2026-10-04 07:25:00,CNC-03,H,22.461125036348108,36.83961292847704,1749.0714155331646,42.670935562138595,126.7257619031352,2.4553983770429437,14.121821565437909,62.26162337272119,0,2026-10-04 23:42:43
2026-10-04 01:28:00,CNC-03,H,297.89794768937173,310.1016272402278,2746.6612412887484,14.29851389092032,158.31337284180356,3.55678205077816,7.432220299386638,54.6685039522106,0,2026-10-04 23:42:43
2026-10-04 19:52:00,CNC-03,H,298.89179981456647,313.5756004477232,2371.332110211336,29.8091094419445,217.8380959865029,3.694460989960882,13.219060987224552,51.64441797624302,0,2026-10-04 23:42:43
2026-10-04 20:22:00,CNC-02,M,300.3994599988192,314.42921418812693,2389.915732365457,25.228825642773376,179.301078433531,3.4486366907046366,11.27704283732276,50.28852621975606,0,2026-10-04 23:42:43
2026-10-04 11:32:00,CNC-02,M,297.45563691802687,311.7702504111989,1419.1188382773805,50.1545408090885,74.17236677452505,2.1398802986781873,154.6568868027108,61.65961992312701,0,2026-10-04 23:42:43
2026-10-04 00:45:00,CNC-03,H,298.3611899078019,310.4066387742338,2712.0430514083723,16.14838089952446,112.46108302946168,3.2902741838877434,8.297676454200046,51.81418377058175,0,2026-10-04 23:42:43
2026-10-04 21:38:00,CNC-03,H,298.9672628693739,312.3886991918918,2505.1621321413277,24.06504544326969,103.52519999285144,3.0347085135628573,10.883245442565913,58.43087405906019,0,2026-10-04 23:42:43
2026-10-04 16:54:00,CNC-02,M,299.61657715911133,314.8426961574406,1773.6182865731673,44.6317702356361,146.4656636275959,2.6079715329208013,14.842877821683846,,0,2026-10-04 23:42:43
2026-10-04 06:13:00,CNC-02,M,296.9357494854304,309.7298609473533,1973.2512361301958,28.123611851934463,9.429046788160262,2.635534085553841,10.852434309898138,53.49089568154979,0,2026-10-04 23:42:43
2026-10-04 15:36:00,CNC-01,L,298.59700132422904,313.1457240845616,1579.6003428512552,47.059138100510474,77.18838310625553,2.1569166499756873,13.97983916974102,51.05626172218748,0,2026-10-04 23:42:43
2026-10-04 13:31:00,CNC-01,L,297.15487710115997,311.66950885349166,1437.0732031275174,52.37423437327121,85.35427233699376,2.154437215981274,14.274615219781177,51.32978180680336,0,2026-10-04 23:42:43
2026-10-04 23:23:56,CNC-03,H,298.16460392400893,311.219458981911,2569.873787412644,18.5550516532974,217.1634860790824,3.8868763890073756,8.841112806091523,57.85559844184676,0,2026-10-04 23:42:43
2026-10-04 22:56:00,CNC-01,L,299.187030930608,312.59198979422166,2466.0957258518233,22.750923198247474,171.70338069136545,3.516844347521169,10.678623706668521,48.99667668460155,0,2026-10-04 23:42:43
2026-10-04 15:39:00,CNC-02,M,299.4834033079058,313.7438500401017,1654.8015757866754,42.57810454372094,37.6391745617693,2.3733101223814947,13.27226278583061,52.51704776090432,0,2026-10-04 23:42:43
2026-10-04 10:58:00,CNC-01,L,22.94907989754745,37.13416787183411,1495.8335625303139,48.88399076256246,82.04707798219069,2.1937449205804556,13.973260333415464,59.874522970680836,0,2026-10-04 23:42:43
2026-10-04 07:13:00,CNC-02,M,296.60233735204986,310.27175700124513,1985.7804203238557,31.959942674371383,92.41159249225215,2.6240169506130533,11.929685614990126,58.123950739390104,0,2026-10-04 23:42:43
2026-10-04 10:37:00,CNC-01,L,23.16205931723067,36.72645458369641,1510.7389145006305,43.664650383825865,48.77620270137397,2.136583228885549,12.44714136764555,60.2064767270665,0,2026-10-04 23:42:43
2026-10-04 07:01:00,CNC-03,H,295.57411490798836,309.7679294379535,1792.1124652965984,,92.80166720597194,2.3742881896368955,14.010534916704614,61.4182507713545,0,2026-10-04 23:42:43
2026-10-04 19:26:00,CNC-03,H,299.02471353202077,313.719666751338,2308.439627240029,30.587316366574935,186.11911309881583,3.3153803949865717,13.377411599409124,54.090259782781054,0,2026-10-04 23:42:43
2026-10-04 04:29:00,CNC-01,L,296.29646849534595,309.86764638185684,2355.718940045368,24.703635090396805,172.56916092903452,3.4386693193894167,10.846391714533658,60.030550510742295,0,2026-10-04 23:42:43
2026-10-04 07:00:00,CNC-02,M,296.7781284307933,310.5863270957094,1698.9060757887144,38.822305153349006,74.22512534094562,2.37339268131693,12.431527125177992,53.65556785920636,0,2026-10-04 23:42:43
2026-10-04 21:17:00,CNC-01,L,299.3318358663225,311.98613331707264,2526.210136332857,20.706321413561216,63.295182640558046,3.0797889881612037,9.880583447908277,50.58917323697272,0,2026-10-04 23:42:43
2026-10-04 21:01:00,CNC-01,L,298.87676262243883,311.9201614749975,2559.8717637051445,23.757196549482025,45.05449235477346,3.1484467932918365,11.337846298191305,51.589083721518854,0,2026-10-04 23:42:43
2026-10-04 23:10:00,CNC-03,H,298.30009806451943,310.9438434263383,2678.4546530998427,16.999175964019575,203.2775013024045,3.7838706853155544,8.664434027523901,51.583194316710575,0,2026-10-04 23:42:43
2026-10-04 04:35:00,CNC-02,M,296.97268380021507,311.0919699936255,2292.8537713972228,29.691666370127198,100.88533729562556,2.913341468670341,12.740762534102997,57.41039590427862,0,2026-10-04 23:42:43
2026-10-04 20:39:00,CNC-02,M,300.46434228515034,315.15197483120374,2418.3229015859483,27.945281801016595,199.12393575544144,3.620190830229102,12.879080305842882,48.65441274468099,0,2026-10-04 23:42:43
2026-10-04 08:05:04,CNC-02,M,23.53682203462205,38.37611436269128,1839.9653854856242,41.96821196099679,169.2955568662845,2.925008774402386,14.51443896934002,54.02089136983021,0,2026-10-04 23:42:43
2026-10-04 21:16:00,CNC-01,L,299.44391443503287,311.8057752629349,2632.283754244257,18.83937865375583,62.16124184604975,3.234989243587946,9.073384269707056,52.394339208841785,0,2026-10-04 23:42:43
2026-10-04 04:28:00,CNC-03,H,296.8322281308892,5948.496588764339,2233.2038903622233,28.97174148874983,144.0948721193729,2.961880703458528,11.915813780970694,56.27649479806032,0,2026-10-04 23:42:43
2026-10-04 06:49:36,CNC-03,H,295.4630634123712,309.7477427516555,1967.2416146878256,37.28608734264629,75.90557279202343,2.6042555128232263,13.717209007877178,59.725455838763864,0,2026-10-04 23:42:43
2026-10-04 16:57:00,CNC-01,L,299.4241684188673,314.55017280587947,1867.4149147640287,39.81216557984979,194.44188408548817,3.2164962876166188,14.019591071126658,52.816777160291686,0,2026-10-04 23:42:43
2026-10-04 09:42:00,CNC-01,L,295.7808185502496,310.42727634819676,1522.3083230964148,48.49682708442858,162.85119417578974,2.632370183430793,13.820800484066599,57.08326434704532,0,2026-10-04 23:42:43
2026-10-04 12:46:48,CNC-01,L,296.83384576535514,310.30403179722293,1471.0442574382844,45.468150365935756,15.848603408378617,2.214988799103927,12.378741621015557,51.48238140645606,0,2026-10-04 23:42:43
2026-10-04 15:36:00,CNC-02,M,299.3509015188002,313.04603234226914,1489.1891793206294,42.47651524934759,33.05855521217772,2.2250964520127168,11.788326527598656,53.8654150010467,0,2026-10-04 23:42:43
2026-10-04 13:19:00,CNC-01,L,297.22469442081496,311.41024898169564,1438.4646715964413,50.656327762815934,66.40917710886961,19.855198748058424,13.746319877406187,55.76743040357498,0,2026-10-04 23:42:43
2026-10-04 23:17:00,CNC-03,H,298.55124269045956,311.48696566743666,2792.027016204243,16.761131422037874,210.73323705745295,3.9154722365187222,8.832672630066485,52.39760909245248,0,2026-10-04 23:42:43
2026-10-04 16:08:00,CNC-02,M,299.46444295946367,313.5587910052285,1745.4441333827572,39.138303508214335,80.54766532330378,2.3704458655874725,12.735467029226843,52.81560032999351,0,2026-10-04 23:42:43
2026-10-04 10:34:00,CNC-02,M,24.046605787808573,39.17978238766932,1375.994324263026,55.86804113279782,191.18949889963264,2.6050042375637443,14.274829214156242,57.835416982258494,0,2026-10-04 23:42:43
2026-10-04 02:39:00,CNC-02,M,297.78519906715854,310.9496321638948,2655.9660842267494,19.094716500324328,207.62011274195578,3.9946602485212783,9.601139587339489,58.286710440021075,1,2026-10-04 23:42:43
2026-10-04 12:13:00,CNC-01,L,296.78898493842865,311.94182802387917,1593.8953694318916,49.81132984224028,201.00863449477743,2.954531011378178,14.789442478886636,57.59458989892797,0,2026-10-04 23:42:43
2026-10-04 17:11:00,CNC-03,H,298.9059748395094,312.5000966878009,1789.162179928013,37.616240122505125,9.771047633798275,2.340547339532167,12.734613428221431,53.50616527800688,0,2026-10-04 23:42:43
2026-10-04 19:56:00,CNC-03,H,298.9554567359864,313.5783039431077,2452.2377514928917,28.243293585313516,222.63226043808655,35.866048394719954,12.675468189850974,47.37188835718353,0,2026-10-04 23:42:43
2026-10-04 12:47:00,CNC-02,M,298.32257703717124,313.10203567472763,1377.745331642947,52.21829615343718,193.29486707867366,2.477218343127331,13.599955333619434,54.36480942695701,0,2026-10-04 23:42:43
2026-10-03 23:46:00,CNC-03,H,298.9830648426923,310.69985773490663,2711.1668747278713,15.329318888906021,49.73726649063693,3.2146633679302528,8.018483315448842,52.441258608815914,0,2026-10-04 23:42:43
2026-10-04 06:50:00,CNC-02,M,296.7513146822138,311.1240971031261,1766.3276559695564,41.49511021154138,60.255816273024365,2.5070127500343937,13.723519890989865,56.07120902877077,0,2026-10-04 23:42:43
2026-10-04 06:32:00,CNC-03,H,295.5152864587165,309.3532135688494,1975.2665922923468,34.00515214316186,52.46250913506405,2.5558562181596027,12.889803475084632,61.5005249422469,0,2026-10-04 23:42:43
2026-10-04 04:13:00,CNC-01,L,296.6504088097205,310.0688336647229,2313.673271678283,24.97938404115295,153.1588587256354,3.3282329724085384,10.961769862018269,63.769851296814096,0,2026-10-04 23:42:43
2026-10-04 02:48:00,CNC-02,M,298.1629183738915,311.2305477414401,2642.6549462692874,18.070116892990995,217.8885641440574,3.987590382302375,9.114175604622773,55.50666564137146,0,2026-10-04 23:42:43
2026-10-04 02:40:00,CNC-01,L,297.37940254612187,310.0171836720532,2433.6249451044205,21.581453338277313,45.15075849956148,3.071234456003731,9.786980723459468,55.39358276538784,0,2026-10-04 23:42:43
2026-10-03 23:54:00,CNC-01,L,298.9590506127192,,2826.083549912758,8.043415050814085,59.29056370539533,3.3788953068291447,4.202774824103435,55.1508169394735,1,2026-10-04 23:42:43
2026-10-03 23:52:00,CNC-01,L,299.04841247921536,311.47425971616235,2733.6096660041208,17.649641781981806,57.19788214484528,31.99202894519776,8.878019566302143,51.75238362982215,0,2026-10-04 23:42:43
2026-10-04 12:34:00,CNC-03,H,296.80626047340496,310.7523482594677,1353.9578847650569,50.38122255653868,91.76247554121132,2.020900234686723,12.918953341332761,56.046917836926966,0,2026-10-04 23:42:43
2026-10-04 06:35:00,CNC-02,M,296.61234920424374,311.0117364731288,1962.1886453506825,37.79676623262301,39.49350610242916,2.5523899525233755,13.682461064798098,60.42194732914639,0,2026-10-04 23:42:43
2026-10-04 06:11:00,CNC-03,H,295.55417647262084,310.0860799375863,1961.7200642234918,39.737447064502334,24.10666910604082,2.5622967005145556,14.425152985278181,62.51486550703616,0,2026-10-04 23:42:43
2026-10-04 02:23:00,CNC-01,L,297.2270593039802,308.47053157082405,2804.814566046275,12.95685822428976,26.38391201477189,3.2555446935716352,6.593704671953054,56.08910643424438,0,2026-10-04 23:42:43
2026-10-04 15:46:00,CNC-01,L,298.62707190963846,312.8361106129099,1553.7121442180699,46.09682690799697,91.97366943170414,2.321069129187731,13.399818163365445,53.2909941552581,0,2026-10-04 23:42:43
2026-10-04 02:51:00,CNC-03,H,297.51239732995344,309.91071565680153,2412.2329723487787,20.9070737890842,29.22233731803538,2.890645320060533,9.44500980467867,54.39888234302722,0,2026-10-04 23:42:43
2026-10-04 04:23:00,CNC-01,L,296.342812382216,309.7781819281578,2236.583174348679,26.065786041019564,165.28179953034834,3.231879538412411,11.294548727550497,60.41415247903332,0,2026-10-04 23:42:43
2026-10-04 16:04:00,CNC-03,H,298.46833418549653,313.0241169135164,1917.1882334952766,38.41743229940983,139.84531581469295,2.7236352494653175,13.710811949363777,49.04837324817406,0,2026-10-04 23:42:43
2026-10-04 13:27:00,CNC-03,H,297.1927808495771,312.0476061231087,1556.4894583059056,49.791736554106194,175.726790586943,2.6202210500108034,14.648676957917877,56.79424033768154,0,2026-10-04 23:42:43
2026-10-04 21:05:00,CNC-01,L,299.0525567226175,312.61052036623647,2575.017879197561,24.882481629385193,49.66851409854965,3.0920323759980612,12.054747096566295,50.423107304740604,0,2026-10-04 23:42:43
2026-10-04 07:50:00,CNC-02,M,23.389166149116534,38.299217387166266,1824.5288882088862,42.19617828075792,145.63102378327486,2.676067075269484,14.622189749436517,62.47907756002546,0,2026-10-04 23:42:43
2026-10-04 15:30:00,CNC-02,M,299.50192880941455,313.4159887590121,1488.6667117665554,45.583293848549765,24.080002637871914,2.0284228967055067,12.685096582132696,56.174482747879246,0,2026-10-04 23:42:43
2026-10-04 14:14:00,CNC-03,H,302.88945885599287,311.91000193865557,1568.9149714815983,47.0833559156107,249.31037561024868,3.0466668783637245,13.613066727278797,44.78315910457521,0,2026-10-04 23:42:43
2026-10-04 19:46:00,CNC-02,M,300.2863810467376,314.4250570810089,2365.6017738750897,25.85593446974432,136.58463718043149,3.1351540398271274,11.392220903058261,53.28074801303509,0,2026-10-04 23:42:43
2026-10-04 12:20:00,CNC-03,H,296.91792508613514,310.76236898376817,1397.0013299781588,49.016673354194744,69.68264965277974,2.1328750541977826,12.902860546180031,58.01896293897493,0,2026-10-04 23:42:43
2026-10-04 19:29:00,CNC-02,M,300.3863541072855,315.32714896972897,2151.8417762079685,35.059775465953976,115.77728949339689,28.537938898678618,14.066919555050056,53.12948378596242,0,2026-10-04 23:42:43
2026-10-04 03:27:00,CNC-03,H,297.0775441993563,309.44990742943787,2409.257789727676,19.92389915206024,70.7598710044504,2.9309493462308245,8.982029065759162,53.25429419285393,0,2026-10-04 23:42:43
2026-10-04 09:20:00,CNC-03,H,295.7667097471016,309.5758164182386,1398.2730340970386,49.25955117378033,29.06610399973501,2.070834865857249,13.096325674390213,62.721057545419086,0,2026-10-04 23:42:43
2026-10-04 21:44:00,CNC-03,H,298.57094527907816,310.9420440056379,2641.256514464356,16.77229451170025,110.13759544908099,3.184324380690186,,53.600038781026335,0,2026-10-04 23:42:43
2026-10-04 04:07:00,CNC-02,M,297.0164410611545,309.82175323108714,2304.635363466245,23.32291744128999,66.89375011351684,2.933386233372625,9.934106344181854,57.32814293505298,0,2026-10-04 23:42:43
2026-10-04 19:03:49,CNC-02,M,300.27147901053553,314.36515728666717,2175.7797110907222,29.85833120714733,84.9339605702845,2.796797481532568,12.531449769462629,48.53266461792806,0,2026-10-04 23:42:43
2026-10-04 04:10:00,CNC-03,H,296.4327511313528,310.47568326132864,2329.786332532469,28.769563247650154,122.07004451404563,3.0207645692815523,12.688334513733047,54.281096288150664,0,2026-10-04 23:42:43
2026-10-04 08:04:08,CNC-03,H,22.39341502895519,37.05274189830669,1577.48879698516,45.32204798345314,184.61433508330248,2.6961989392778665,13.225410964337454,60.46622501492462,0,2026-10-04 23:42:43
2026-10-04 11:31:00,CNC-02,M,297.6688528288207,311.75695654472963,1340.3612498301907,49.91171115846631,72.59197492654408,2.090009721453769,12.441041846739864,59.759845327152895,0,2026-10-04 23:42:43
2026-10-04 02:09:00,CNC-01,L,297.6369177563656,309.8356531678819,2434.0426749844905,19.165257389673847,11.070279107626444,2.950372010728571,8.663592700882866,54.830821528177125,0,2026-10-04 23:42:43
2026-10-04 07:13:00,CNC-01,L,295.2397240189152,309.7069786330253,1847.216187957011,39.59571532289624,,2.7322281063619065,13.519968115283616,57.08857965381277,0,2026-10-04 23:42:43
2026-10-04 10:01:00,CNC-01,L,295.36472300977596,310.0984077239262,1344.8219937679487,53.640482881454844,192.39733257668027,2.7853202702809003,13.327669123463432,58.30880832531333,0,2026-10-04 23:42:43
2026-10-04 11:57:00,CNC-01,L,296.38292919260397,310.70380459051376,1338.3583561991222,54.30865667875532,175.6729401976349,2.5627825108674402,13.600393091549744,56.76531214419976,0,2026-10-04 23:42:43
2026-10-04 05:55:00,CNC-03,H,295.9579885406819,309.80996104905745,2011.8447391785605,34.599787416683306,2.6421861279062426,2.6280492671413973,12.923328622407809,59.98091318578464,0,2026-10-04 23:42:43
2026-10-04 17:59:00,CNC-02,M,299.89363807575626,313.1577698642129,1982.520872870023,30.150149649046664,1.3301243794041535,2.6157192925812374,11.087965183482533,52.06152640784924,0,2026-10-04 23:42:43
2026-10-04 05:03:00,CNC-03,H,296.02597844566003,310.79400419917005,2160.726395630224,32.901717191299774,187.60316204763606,3.254145317559059,13.405357591321515,53.04478785350416,0,2026-10-04 23:42:43
2026-10-04 01:26:00,CNC-03,H,297.8986188623211,309.93305118088256,2724.2479421426956,14.555541916100417,156.19367627278916,3.4985972427329504,7.525101823236189,53.5789794016998,0,2026-10-04 23:42:43
2026-10-04 04:12:00,CNC-03,H,296.7878590350775,310.3238106365596,2418.03147800826,24.441543446069304,124.5040008333944,3.0591244218611946,11.110662353056998,60.208656119135725,0,2026-10-04 23:42:43
2026-10-04 15:23:00,CNC-02,M,299.38725724461364,313.3886350477356,1530.4824626115658,45.89341369753497,13.625110271949735,21.22182887283655,13.11409571278394,54.249845790874716,0,2026-10-04 23:42:43
2026-10-04 14:37:00,CNC-02,M,303.6788162890243,313.04252755804674,1591.0332368969252,49.26956346753389,158.11238640169893,2.666646614159951,14.79779425787871,50.93109504202993,0,2026-10-04 23:42:43
2026-10-04 15:13:00,CNC-03,H,303.5958385725375,312.1458804294825,1500.5565316979894,49.39891993287003,64.12428415008586,2.1493494887965503,14.110981001221187,41.27250195871408,0,2026-10-04 23:42:43
2026-10-04 10:08:00,CNC-02,M,297.2624093644462,311.8855584263078,1421.6199593508265,51.82415943464286,150.08866878119233,2.283516284081419,13.729500832944137,55.073626329230855,0,2026-10-04 23:42:43
2026-10-04 17:33:00,CNC-03,H,298.65744975564155,312.70979223721446,2034.7386720916263,34.635705719092506,,2.6876264583829124,13.42443417516623,50.522424860378536,0,2026-10-04 23:42:43
2026-10-04 05:46:00,CNC-02,M,296.38813942392306,311.18876036313884,2113.2891581430076,33.894091159758,191.52614356002593,3.276165135235744,13.153792486428147,55.542638355063914,0,2026-10-04 23:42:43
2026-10-04 12:09:00,CNC-03,H,296.7204691943122,310.47639880775023,1345.2425373390543,51.24768862336463,52.207831121869376,2.090342069894696,12.866130047772492,56.15231794824954,0,2026-10-04 23:42:43
2026-10-04 18:18:00,CNC-02,M,300.04659021837887,313.9206678765992,2167.9980215897012,31.07554734913446,26.56121668319826,2.6946929411906884,12.741716132636597,48.93431310169406,0,2026-10-04 23:42:43
2026-10-04 15:28:00,CNC-03,H,303.6843132328385,311.94865696887797,1645.1432029479804,43.750212110125815,86.5616973437527,2.3430639645596045,13.58782929609598,40.519108399420574,0,2026-10-04 23:42:43
2026-10-04 12:32:00,CNC-03,H,297.00030246557503,311.1201474439081,1301.557398563163,,88.59736475463725,2.0199340458790034,12.728608691944782,53.15752962660616,0,2026-10-04 23:42:43
2026-10-04 00:41:00,CNC-01,L,298.3672216237343,310.51543811302406,2672.3258901607933,16.146354454033137,109.16946746111253,3.2753281616907426,7.841787208592766,54.388927775669885,0,2026-10-04 23:42:43
2026-10-04 19:38:00,CNC-02,M,300.2157324605305,313.749102880257,2404.234153244113,23.903895671289103,126.80921539636417,3.165174012091887,10.729518152799189,54.19169150513599,0,2026-10-04 23:42:43
2026-10-04 01:24:00,CNC-02,M,298.27799702352013,311.3027596950811,2627.41740133649,22.047784940215696,125.67935014375547,32.06269522639892,10.83033450594173,54.60201693459553,0,2026-10-04 23:42:43
2026-10-04 06:40:00,CNC-03,H,295.5948769614174,309.52231431911235,2045.9385830137742,33.86075403679741,63.265739989897014,2.5775657010610376,13.110201051269145,56.219431952338454,0,2026-10-04 23:42:43
2026-10-04 19:14:00,CNC-01,L,299.87612192801276,313.86218110878576,2237.883043833972,29.312373229231394,157.42327568687932,3.177861894006244,12.25088016369031,52.92356430161499,0,2026-10-04 23:42:43
2026-10-04 00:45:00,CNC-02,M,298.65914834201527,312.06347377244265,2688.598419585613,22.097715774108725,83.94043320512594,3.1980287965406387,10.92549354894718,46.66400975361179,0,2026-10-04 23:42:43
2026-10-04 02:08:53,CNC-03,H,297.6894537648503,310.8903984392608,2617.4317335438964,19.990291392706435,204.17327716686995,3.743003560379936,9.838155009181838,52.94226677696446,0,2026-10-04 23:42:43
2026-10-04 21:42:00,CNC-01,L,298.98088797116344,311.6188197163971,2641.6478808509682,20.474460116805027,91.04577777335345,3.2194601249584416,10.205402452978406,53.615653594615466,0,2026-10-04 23:42:43
2026-10-04 10:36:00,CNC-02,M,23.879695489010487,39.02965742353916,1378.9538229501238,56.14893701263928,194.37741231584312,2.7747554134834056,14.204172122906046,57.23168056729327,0,2026-10-04 23:42:43
2026-10-04 16:26:00,CNC-01,L,298.82988288279296,313.6014914893121,1731.8404472237448,43.16398055161729,150.49896148576653,2.7021328295990714,13.96375778146555,49.52564386775618,0,2026-10-04 23:42:43
2026-10-04 13:13:00,CNC-02,M,297.9306946982157,311.7928267280102,1453.9590234902423,46.5099198118318,26.956871937960884,2.1558171735676734,12.701433417160864,55.01382477083412,0,2026-10-04 23:42:43
2026-10-04 01:09:00,CNC-01,L,298.58537287179,310.36825715954944,2758.935535020443,12.968536737430295,138.98899309300504,3.5529677244695113,6.4174198591683185,51.31731848234579,0,2026-10-04 23:42:43
2026-10-04 18:20:00,CNC-03,H,299.0587980505039,313.3839016084041,2233.853479298608,34.05961691204254,102.7677092044877,2.902810945317744,14.354148629027293,50.108696961878444,0,2026-10-04 23:42:43
2026-10-04 13:42:00,CNC-02,M,298.2083486964813,312.4536262982184,1411.4784534576136,51.485893453924476,72.58344108977188,2.0331498512192714,13.756407256973201,54.93599693347181,0,2026-10-04 23:42:43
2026-10-04 01:47:00,CNC-02,M,298.3956319252174,311.26962057960174,2600.7959344820997,19.202750326302592,150.44130372777897,3.4000744988825846,9.360918601022496,55.64443052556329,0,2026-10-04 23:42:43
2026-10-04 00:33:00,CNC-02,M,298.60075959150913,309.89406684182654,2750.6194784083036,12.392729638908317,71.2263458312032,3.2287332109203266,6.418348308869975,58.62628891471477,0,2026-10-04 23:42:43
2026-10-04 03:10:00,CNC-02,M,297.6721118929605,310.26792043046686,2487.7791464685233,21.51623881266577,0.0,2.993502600944141,9.960374357506709,58.02267934672042,0,2026-10-04 23:42:43
2026-10-04 13:37:00,CNC-01,L,297.10009995736334,311.51355136642024,1405.145119834828,54.80817324085137,94.64235266764037,2.0905156164516043,14.495580775233805,62.55482507005181,0,2026-10-04 23:42:43
2026-10-04 07:51:00,CNC-02,M,23.41399768026622,38.41724887156579,1735.5299467191253,44.220227590332506,147.06964421627293,2.6774860031586147,14.497440922013926,61.63207362860844,0,2026-10-04 23:42:43
2026-10-03 23:56:00,CNC-03,H,298.8780924837406,310.4284121610361,2641.8975048810876,14.04296166253495,60.297472141957556,3.271520436167699,6.9632324632554585,56.953343204766796,0,2026-10-04 23:42:43
2026-10-04 18:49:00,CNC-01,L,300.0142625391484,313.9267801262306,2075.420474560365,32.00531042265165,125.96049464111755,2.948234625479824,12.302062816561426,54.81182816565385,0,2026-10-04 23:42:43
2026-10-04 08:07:00,CNC-03,H,22.36597553816074,37.52480640132836,1795.8228209776144,43.68487949689571,187.4814096923522,2.8372463074405943,14.683321562815955,60.975233220784965,0,2026-10-04 23:42:43
2026-10-04 18:33:00,CNC-01,L,299.637552046935,312.87632015850846,2250.882366343421,26.148538814695375,105.44313421972063,2.927883226293619,10.776701171768627,50.08472736210262,0,2026-10-04 23:42:43
2026-10-04 05:39:00,CNC-02,M,296.5362428305897,310.9189859495093,2163.3552663507294,31.17737941411591,182.29814035238465,3.3180411999589454,12.5743769186616,60.53787227436529,0,2026-10-04 23:42:43
2026-10-04 01:39:00,CNC-01,L,297.9913554184874,311.46473780106663,2745.619245250312,22.325420190974942,171.17265325586644,3.91193229411248,11.357806484532988,54.51185075548499,0,2026-10-04 23:42:43
2026-10-04 17:16:00,CNC-02,M,299.935707949687,314.5707521514558,1917.0331755296525,35.00795646049543,177.19298167926812,2.92211278880983,12.612372475233085,53.88014537660608,0,2026-10-04 23:42:43
2026-10-04 02:33:00,CNC-02,M,298.1286610594877,311.2922545638889,2567.4156244998353,19.582633554622834,201.05169655311704,3.7095756055542073,9.534083503577166,55.86126355060791,0,2026-10-04 23:42:43
2026-10-04 10:43:00,CNC-03,H,22.941561624715632,37.33855576769179,1381.700203405985,49.40947105894148,158.660510680024,2.1901978317534883,13.041077996684345,54.57938583611437,0,2026-10-04 23:42:43
2026-10-04 21:27:00,CNC-01,L,299.31573221200625,312.2809276673885,2624.2221419802895,20.884169859669917,74.47500994177061,3.1950249221024936,10.725485786222395,50.84464850969955,0,2026-10-04 23:42:43
2026-10-04 11:26:00,CNC-02,M,24.036965918810893,38.02549175980113,1369.9669755196549,49.621544936527506,64.71541560743982,1.9408333146829277,12.707900631565819,62.627420328285794,0,2026-10-04 23:42:43
2026-10-04 10:09:00,CNC-02,M,296.99526973960855,311.45019233859585,1435.417336351045,50.126147802371236,151.68866878119232,2.4163690317942654,13.648167832061242,51.987883505046305,0,2026-10-04 23:42:43
2026-10-04 13:16:00,CNC-01,L,297.17724950378465,310.68279009552776,1333.603838135583,49.65107726859006,61.707930804269125,1.924542723338717,12.519726931912384,59.50454481883715,0,2026-10-04 23:42:43
2026-10-04 15:38:04,CNC-01,L,298.5890426980709,312.9521384833571,1642.9329485170506,45.67178696369034,80.12185733837035,2.289690611815248,14.147934109342282,50.13253476697699,0,2026-10-04 23:42:43
2026-10-04 12:31:00,CNC-03,H,296.7087946287007,310.5810564973883,1363.8799343407838,50.6595082754245,86.99736475463726,2.040825109174699,12.896879689734126,60.46795393832434,0,2026-10-04 23:42:43
2026-10-04 19:30:00,CNC-02,M,300.66849419640624,314.61998052583425,2265.107717628492,26.69093250067447,117.00260429688676,2.9864534365695405,11.37371531606954,51.18129398800923,0,2026-10-04 23:42:43
2026-10-04 06:24:00,CNC-03,H,295.3445514166549,308.49833697636427,2084.3672981841178,27.4285961640807,41.56656556648353,2.7402922739471243,10.66532417540484,62.84248188642281,0,2026-10-04 23:42:43
2026-10-04 16:30:00,CNC-03,H,298.6345106851097,313.0243733345456,1838.4425340484747,38.811822694222386,177.47746583245004,2.7377930575629144,13.522772545483265,51.53360710663866,0,2026-10-04 23:42:43
2026-10-04 11:35:00,CNC-01,L,296.2903383941995,310.5094648755004,1294.205383601743,52.70617253528713,140.71112724128767,2.1830754569893647,12.745113191575689,59.05284631039137,0,2026-10-04 23:42:43
2026-10-04 20:18:00,CNC-01,L,299.4336037070258,313.5636601773435,2268.398177979671,28.26078930839386,235.055640010537,4.025322003808798,12.117536275198376,54.58616614250233,0,2026-10-04 23:42:43
2026-10-04 20:49:00,CNC-01,L,299.13301786098583,311.8966753408958,2372.6939010662195,22.627059091884902,31.364454677799827,2.802315448126568,10.143564324362622,49.00501333834994,0,2026-10-04 23:42:43
2026-10-04 18:26:00,CNC-03,H,299.1231110935087,313.0450846056757,2197.8221762282446,28.689573589567253,110.53279066509705,2.8649880986382317,11.75351641808598,54.5948051022349,0,2026-10-04 23:42:43
2026-10-04 11:04:00,CNC-02,M,24.13368994758605,37.927973087530575,1455.054476038578,47.731609164050425,29.886410556621975,2.067905471869448,13.236650293012737,55.28087400980096,0,2026-10-04 23:42:43
2026-10-04 23:17:00,CNC-01,L,299.00024302389545,312.1828809249462,2638.8956730163377,19.84496290743771,193.94540818880958,3.916614660263908,9.784346887676834,56.84486123467003,0,2026-10-04 23:42:43
2026-10-04 20:01:00,CNC-02,M,300.5591036793569,314.22581723673215,2508.1972079130446,21.62980226107889,154.48731013599155,3.3981058648374947,10.225666827509885,47.29870299972748,0,2026-10-04 23:42:43
2026-10-04 11:48:00,CNC-02,M,297.37998567786883,311.9554777400057,1453.7893588633353,49.60263834279171,99.56937064128486,2.100946056106047,13.6631023358779,60.658456976164565,0,2026-10-04 23:42:43
2026-10-04 11:00:00,CNC-02,M,24.1588042689458,37.8910776999096,1384.307678321972,47.21024197558737,23.63479865050963,1.9764600718671794,12.276561616993632,57.518726715961144,0,2026-10-04 23:42:43
2026-10-04 13:51:00,CNC-03,H,297.75144807221045,313.1051167445255,1568.585813256292,51.10973583353959,213.47740966865203,28.398464105293584,14.929700588010034,51.042820866608075,0,2026-10-04 23:42:43
2026-10-04 13:46:00,CNC-02,M,298.18895650041793,312.4729361595359,1486.748324180192,46.21263929341252,78.7793814823185,2.1424035777865704,13.322783662764476,51.71503274167197,0,2026-10-04 23:42:43
2026-10-04 10:54:00,CNC-01,L,22.942653961897634,36.50558020809649,1388.011695924564,44.774666788606226,75.73364065424977,2.1183246225173975,11.473120362661,59.92331370036622,0,2026-10-04 23:42:43
2026-10-04 12:06:00,CNC-01,L,296.4351994140316,310.942422509009,1385.1047726265822,51.54374828526698,189.9950582191291,2.6699851720658616,13.212584653737338,53.82581238835542,0,2026-10-04 23:42:43
2026-10-04 10:50:00,CNC-02,M,24.18367177814804,37.793959284257824,1349.7075295016275,48.75477826827456,7.860754964554774,2.0095537064619924,12.42034941455671,54.9727892768188,0,2026-10-04 23:42:43
2026-10-04 00:33:00,CNC-03,H,298.51427089688326,310.91021465653876,2674.8693877889527,16.914923016180506,99.64824371927496,3.249235051003455,8.663789220717927,51.93409893220918,0,2026-10-04 23:42:43
2026-10-04 19:58:00,CNC-02,M,300.5551937082751,315.2925215137471,2463.1570821587584,28.92267738221835,150.92108319729203,3.3192220920156132,13.149697250788725,51.868403411409275,0,2026-10-04 23:42:43
2026-10-04 01:25:00,CNC-03,H,298.1303683104301,310.65677752219545,2715.7682053168674,17.004170596702558,155.1464838607875,3.4896463698671516,8.421670750253597,54.84392010664351,0,2026-10-04 23:42:43
2026-10-04 15:55:00,CNC-02,M,299.42378877678954,313.73270004399615,1695.1668629093112,40.88525740008056,61.4292042661968,2.3124591285253793,12.84069591916145,51.28651633096718,0,2026-10-04 23:42:43
2026-10-04 07:10:00,CNC-02,M,296.75932131043606,310.7694782681524,1947.2681164180792,33.866504238364655,88.20561899199517,2.555432935256255,12.352907366298275,57.80979098136546,0,2026-10-04 23:42:43
2026-10-04 05:40:00,CNC-03,H,295.8606059014116,310.99426449853667,2116.163628432712,34.923439376953816,235.17008815445232,3.579662158007349,13.656338568532515,53.449555243620665,0,2026-10-04 23:42:43
2026-10-04 06:33:00,CNC-02,M,296.50400570117716,310.06269568185036,1943.1292133742288,33.80344531084392,36.74992045010191,2.5830665017050003,12.683941764920396,53.56742349704281,0,2026-10-04 23:42:43
2026-10-04 07:34:00,CNC-02,M,23.69711932313396,38.345646132301226,1612.5127806494402,47.48591054845827,122.49984398689344,2.4432705558830503,,56.28822763028991,0,2026-10-04 23:42:43
2026-10-04 12:48:51,CNC-03,H,296.90312165008595,311.145482749505,1395.0296405251054,50.221659503646585,113.97954871734798,2.2072490539172245,12.993346611721705,58.78895061970498,0,2026-10-04 23:42:43
2026-10-04 01:57:00,CNC-01,L,297.92849194024797,311.1153263302716,2547.755851691205,19.58709751624066,191.07373496187918,3.821828409051026,9.280501364832446,55.82005359346239,0,2026-10-04 23:42:43
2026-10-04 09:45:00,CNC-03,H,295.69849296909166,309.8252831259475,1385.7388483444179,52.562688931640906,67.67245478605109,2.0322696999184076,13.449101273903889,57.20100400509553,0,2026-10-04 23:42:43
2026-10-04 03:59:00,CNC-03,H,296.5217973118988,309.48189188171983,2274.4491171782365,23.577749074362902,108.85989801608271,3.0014915196498606,10.080921124421257,57.52435818884774,0,2026-10-04 23:42:43
2026-10-04 11:29:00,CNC-03,H,23.3894116799695,38.551660726742114,53474.02239535728,54.769513933277366,231.60673003191232,2.8410632271856575,14.066567326891855,58.81049167825095,0,2026-10-04 23:42:43
2026-10-04 02:06:00,CNC-03,H,297.9976644310475,312.5226434070848,2449.241936373938,28.70929145490927,199.8764732632883,3.4548814750714176,13.26982940029578,57.3929968842912,0,2026-10-04 23:42:43
2026-10-04 23:09:00,CNC-03,H,298.4316018568574,311.90688314069337,2654.570680096098,21.207271407210005,202.20096335579208,3.72100195515119,10.497875264551954,53.44142289501283,0,2026-10-04 23:42:43
2026-10-04 04:08:00,CNC-01,L,296.4387491058323,310.3726379554953,2299.298576013816,28.360518279195006,147.15601606961297,3.097276596156876,12.176324971263126,59.65523229912915,0,2026-10-04 23:42:43
2026-10-04 23:05:00,CNC-03,H,298.34835762028666,311.4211857719336,2661.498541088685,19.467734842959093,197.83675276459033,3.735513154417048,9.61355726177129,51.64771981564152,0,2026-10-04 23:42:43
2026-10-04 17:18:00,CNC-01,L,299.3444190300982,312.8779606412057,1894.5854044297198,34.95344314118622,5.469485239879954,2.498216065632904,12.327241572188623,53.74818587761615,0,2026-10-04 23:42:43
2026-10-04 11:35:00,CNC-02,M,297.57785354051435,311.7188826782296,1326.7796321120861,49.76658718083386,78.94832003190709,1.989205459776929,12.229384651392706,56.66803479635672,0,2026-10-04 23:42:43
2026-10-04 13:40:00,CNC-01,L,297.42675175668046,311.46299572831333,1538.256191684108,44.209844254940734,99.30364084354743,2.2964533735858583,12.76983139619758,55.039576416088174,0,2026-10-04 23:42:43
2026-10-04 13:22:00,CNC-02,M,298.0561133775097,312.6081004705117,1410.4481734977721,53.27447033896209,41.200699228891075,2.2448017349325884,14.126595761706644,56.75593473684367,0,2026-10-04 23:42:43
2026-10-04 03:19:00,CNC-03,H,297.1353286575112,310.12861041636404,2424.7199230886995,23.635432256546622,61.479924677084014,3.135377103027165,10.901822758147665,54.19838830445587,0,2026-10-04 23:42:43
2026-10-04 13:33:00,CNC-03,H,297.82417346532714,312.10035063229014,1324.9266300706727,50.932417243403115,185.2394605932598,2.384905725943071,12.864898057345293,0.0,0,2026-10-04 23:42:43
2026-10-04 13:43:00,CNC-01,L,297.1441171609674,311.895047704644,1456.6682370649535,53.40781990482163,104.02248617222068,2.1284086823286046,14.504467320409507,54.56056897633541,0,2026-10-04 23:42:43
2026-10-04 19:51:00,CNC-02,M,0.0,314.7119004687164,2365.8420253118975,30.61767465912462,142.5752898568239,3.165221421084672,13.767143579793927,51.306004354604276,0,2026-10-04 23:42:43
2026-10-04 15:53:00,CNC-03,H,298.5228915818142,312.7760253212712,1554.0621389691173,44.92085314368471,123.75308608741146,2.3047605000607816,12.947465038374906,51.95604159166788,0,2026-10-04 23:42:43
2026-10-04 17:13:00,CNC-01,L,299.1867827894664,314.5718218351483,2167.320411130115,37.21845285893493,216.73794789825814,3.671590277827764,14.92286457955754,55.616423625022826,0,2026-10-04 23:42:43
2026-10-04 16:36:00,CNC-02,M,299.5504954220919,314.31694592289153,1935.532001789001,38.33448023781748,120.97448661520583,2.668427683187658,14.16606757703835,51.119068018239,0,2026-10-04 23:42:43
2026-10-04 19:52:00,CNC-01,L,299.7230038341583,313.4841492688584,2397.447098480309,24.868508230894413,204.1306866677701,3.8764202689787215,11.029893318664415,53.05415790871347,0,2026-10-04 23:42:43
2026-10-04 17:34:00,CNC-01,L,299.47340835440616,312.8422742629789,1893.1633758031328,33.79326297943213,27.23480170247966,2.5215532431838295,12.019845570560406,55.99814509800962,0,2026-10-04 23:42:43
2026-10-04 05:35:03,CNC-03,H,296.2776238552682,311.5603535228712,1886.911935539934,42.18391674361571,228.67749698448597,3.078496227119851,14.91219504915782,55.7632416023248,0,2026-10-04 23:42:43
2026-10-04 02:37:00,CNC-02,M,298.00804441256673,311.2813839224414,2660.762895702192,19.393337087611894,205.42918229980006,3.725881745266834,9.627824904451455,55.62507567933342,0,2026-10-04 23:42:43
2026-10-04 14:08:00,CNC-01,L,303.43167766054955,311.975005726069,1440.8964962986936,49.924585058154484,143.16971785883712,2.432154344888036,13.742168288806253,42.621841545648294,0,2026-10-04 23:42:43
2026-10-04 16:10:00,CNC-01,L,298.6138442700823,313.0936584151878,1655.1564263473415,44.41771390966504,127.28651510635244,2.395890475283145,13.547532905992403,53.999936786221156,0,2026-10-04 23:42:43
2026-10-04 16:55:00,CNC-02,M,299.5948013762896,315.15400760743336,1864.8313402505946,43.07161437950383,147.88476386545128,2.7496278042085165,15.118864996568597,52.564231869236856,0,2026-10-04 23:42:43
2026-10-04 14:55:00,CNC-01,L,298.29168722070943,311.5886275740638,1628.8242470189357,39.448641647632776,15.322051860148378,2.384505475387161,11.970377579980456,59.59346679634763,0,2026-10-04 23:42:43
2026-10-04 17:11:00,CNC-02,M,299.98486067226787,314.46025528465833,1703.3234705904024,41.602666400974954,170.34279539744918,27.22681592229741,13.31435444542164,54.83856837351376,0,2026-10-04 23:42:43
2026-10-04 03:10:00,CNC-03,H,297.4208736224982,308.860460838796,2608.3883449713717,14.846088741576047,51.00469926060601,3.1529168526569293,7.476626018722796,54.75605547015157,0,2026-10-04 23:42:43
2026-10-04 07:58:00,CNC-01,L,22.206110091326252,36.24254672834854,1605.8413816546254,46.11773037729635,5.774780806256948,2.1846728069479187,13.73965341215051,60.81251768627917,0,2026-10-04 23:42:43
2026-10-04 13:01:00,CNC-01,L,297.1118718494827,310.7459639845122,1369.4135734291874,48.88747987589554,37.92898253625081,2.103687697261424,12.29522529686461,59.128429977003634,0,2026-10-04 23:42:43
2026-10-04 02:32:00,CNC-03,H,297.7895867582974,309.90482823965004,2530.1070783096193,18.87139493398222,7.741675805553558,3.0368541856532563,8.794713292920871,56.30154415143034,0,2026-10-04 23:42:43
2026-10-04 02:47:00,CNC-02,M,297.87636416399994,312.17346288190845,2595.776548091913,24.297234350739213,216.80330211896725,3.9093167851658808,11.561766572970939,54.18265908341793,0,2026-10-04 23:42:43
2026-10-04 03:50:00,CNC-03,H,296.70131342749886,310.434713096562,2329.117209849342,27.333869887334906,98.0476907627677,3.028888083315552,11.99334651771589,54.96882554244894,0,2026-10-04 23:42:43
2026-10-04 12:29:00,CNC-02,M,297.86583332670097,312.2391696165797,1446.9268187621935,48.1387029252716,164.8270071006595,2.4607341913344998,12.82743536326184,54.04231610091395,0,2026-10-04 23:42:43
2026-10-04 01:58:00,CNC-02,M,298.003949997931,311.43089789992655,2566.823341687707,23.071337906864155,162.42255490685,3.463885274761481,11.273952154733626,53.951061879697924,0,2026-10-04 23:42:43
2026-10-04 13:48:23,CNC-01,L,297.3679364624024,312.0418480568967,1486.7318357019228,49.70828698400354,111.82639065899093,2.2342330204926846,14.055635239859148,54.10227281776435,0,2026-10-04 23:42:43
2026-10-04 18:36:11,CNC-03,H,299.1928113123695,313.01959563178895,2065.260013217414,31.504562229408368,124.66946579766771,2.8719892575293633,12.24204396474971,54.93708755434472,0,2026-10-04 23:42:43
2026-10-04 06:12:00,CNC-02,M,297.05382545948237,310.42517796069853,1941.9510946235084,33.152952393009315,8.071150973152164,2.5851884971672376,11.816923342414668,54.61228424062925,0,2026-10-04 23:42:43
2026-10-04 01:32:00,CNC-01,L,298.2500762945865,311.101644023545,2702.2046125006746,18.320324762662334,163.52879232481365,3.728839144596348,9.439755411987782,55.919755797445966,0,2026-10-04 23:42:43
2026-10-04 19:56:00,CNC-01,L,299.5390346722555,313.8476774989685,2271.5880905172203,29.399382624988867,208.90083429043165,3.6173433471749257,12.51967712942355,49.41951422289197,0,2026-10-04 23:42:43
2026-10-04 17:10:00,CNC-01,L,299.1164513338139,313.7401577915851,1881.4941619261754,37.531619284299744,212.56332763165457,3.4217717953660727,13.155594931411045,56.07240829075307,0,2026-10-04 23:42:43
2026-10-04 05:17:00,CNC-02,M,296.6376893680465,311.0998859222977,2276.8433399749156,30.794307345978897,154.07101579198078,31.123238002125525,13.0223830350271,56.41886217107454,0,2026-10-04 23:42:43
2026-10-04 23:11:00,CNC-01,L,298.8211575875789,311.7552488072061,2812.6514621850206,18.017533357632633,187.6234064575916,4.055831895483456,9.352735418183116,56.75286277812205,0,2026-10-04 23:42:43
2026-10-04 12:27:00,CNC-03,H,296.6272335649891,310.49753891379646,1475.3539334702498,47.765210248733645,80.70808550401294,20.70636555014459,13.139228674625365,53.79238915508027,0,2026-10-04 23:42:43
2026-10-04 11:00:00,CNC-03,H,22.84356298037642,37.199692614713115,1313.310607709721,50.6687997062257,185.62615285572545,2.312183697010758,12.455763650063735,55.511364192168074,0,2026-10-04 23:42:43
2026-10-04 08:11:00,CNC-02,M,23.609037238747817,38.78040612875657,1761.957353442772,43.18855548989541,176.62233374665814,2.798239393474766,14.334685892584783,56.19599088744425,0,2026-10-04 23:42:43
2026-10-04 06:33:10,CNC-01,L,295.88283348688947,310.64209481200453,1817.9511078855617,43.867798449121,105.74897649372059,2.5719501299417686,14.848971405525278,58.693145331673215,0,2026-10-04 23:42:43
2026-10-04 22:28:00,CNC-01,L,299.1617102063033,312.5357212961006,2480.7629359554767,23.62811872860264,141.31505617741843,3.221658659472932,11.0943159487272,50.01710777884988,0,2026-10-04 23:42:43
2026-10-04 04:56:40,CNC-03,H,296.00204601916676,310.39775842611266,2248.713239522077,31.879911258644253,179.89197023002188,3.272213195270173,13.476959934264382,55.41500372093373,0,2026-10-04 23:42:43
2026-10-04 09:14:00,CNC-02,M,296.91784052068834,311.41854715344203,1512.8763660232325,49.01065537253776,66.4273027659014,2.0849819266986205,13.588926877274842,58.33452342497489,0,2026-10-04 23:42:43
2026-10-04 01:42:00,CNC-03,H,298.0530570573226,310.05841704619456,2578.5085176042658,14.040264159553356,173.61485045190835,3.5112883885986843,6.7422020723535265,57.300601298536336,0,2026-10-04 23:42:43
2026-10-04 01:18:00,CNC-03,H,297.8562050600239,310.02033079276003,2622.08708346625,16.040456785088832,147.77124023904886,3.3474196879642193,7.8204785558165595,53.96773825988266,0,2026-10-04 23:42:43
2026-10-04 09:50:00,CNC-03,H,295.67929633431083,309.41911405536734,1262.2472222047834,51.53005522632537,75.49597141288291,1.9732666426013488,12.540923937001455,56.011529062806524,0,2026-10-04 23:42:43
2026-10-04 14:38:00,CNC-03,H,303.54188393872914,311.1584581174587,1470.7015823318022,46.024395035630114,10.924261664487785,2.129348742616524,12.268401848312623,42.82850393529503,0,2026-10-04 23:42:43
2026-10-04 10:28:51,CNC-01,L,22.96301181606833,37.29409920987291,1395.8094423885427,55.86950267827767,37.738838163510614,2.091792834862804,14.45863060697044,56.473276827112144,0,2026-10-04 23:42:43
2026-10-04 19:41:00,CNC-02,M,300.27628384727643,315.16289051796616,2259.5862668994496,31.663238664540984,130.48861584653585,3.0481259951996797,13.26068067212575,52.23544545909131,0,2026-10-04 23:42:43
2026-10-04 01:19:00,CNC-01,L,298.5408747043292,310.4804325988469,2771.560000962947,14.627056919485286,149.61063435970237,3.606328190518191,7.731287179782214,54.2600297339435,0,2026-10-04 23:42:43
2026-10-04 22:37:00,CNC-02,M,300.292113637045,311.9746225041514,2722.705878537313,12.926899513828959,90.12920154028316,3.2824718945338054,6.499305375307416,53.65792575529662,0,2026-10-04 23:42:43
2026-10-04 02:39:00,CNC-03,H,297.762175177636,310.14225101693,2544.6877937654076,20.194017438497784,15.662300001993367,3.2436405532039543,9.60240502788128,59.32010397889854,0,2026-10-04 23:42:43
2026-10-04 17:05:00,CNC-01,L,299.4361490693969,314.3502878037835,1954.6810150353974,37.51088704330475,205.6623250351838,3.4059992515639537,13.865276619435782,54.842982877236366,0,2026-10-04 23:42:43
2026-10-04 09:43:00,CNC-01,L,295.7455074133265,310.64425292281334,1600.7921329801297,47.81463624586642,164.34589168401175,2.6321190412194397,14.15499463470188,56.44700256159818,0,2026-10-04 23:42:43
2026-10-04 00:04:00,CNC-03,H,298.7048172241729,311.58485638656447,2745.713050575974,19.2773479244962,68.74658542242553,3.3124389531744933,9.838833851166996,55.10839096104292,0,2026-10-04 23:42:43
2026-10-04 04:09:00,CNC-03,H,296.560040089727,309.913027259687,2263.7122801215633,26.03259671546009,120.87297033674538,2.8956659931327198,10.721124741282079,57.42712600510738,0,2026-10-04 23:42:43
2026-10-04 04:33:00,CNC-02,M,296.97598676173516,311.4445783625822,2203.8146627830533,33.230424779086384,98.43195816655695,2.8860820833097525,14.06725650211459,54.60476584560749,0,2026-10-04 23:42:43
2026-10-04 02:54:00,CNC-02,M,297.67403020218103,311.73307187847064,2472.9320002166405,24.47772116838149,224.46170871858783,3.904523370370343,11.235099220282914,56.02288660445546,0,2026-10-04 23:42:43
2026-10-04 20:08:00,CNC-02,M,299.9276369597241,313.92347670856077,2368.2871612783424,25.629549315538227,162.78239008195655,3.2099940273469483,11.33556350513184,51.09035288163106,0,2026-10-04 23:42:43
2026-10-04 14:48:00,CNC-01,L,297.94893579222753,311.73165992683454,1549.2547243788993,44.30507284041405,4.616683039247022,2.153281296768029,12.764528070169852,56.808257565863,0,2026-10-04 23:42:43
2026-10-04 02:51:00,CNC-01,L,297.04947073718694,309.70617588849643,2596.7346712029616,20.517666528023327,57.59404769918104,3.116788949351247,10.066502946823467,60.59633183951904,0,2026-10-04 23:42:43
2026-10-04 11:54:00,CNC-01,L,296.79355668959784,311.50539181813235,1428.1735689711595,52.88968503684277,170.91642636182698,24.651927757131194,14.212477260624258,56.21398541840532,0,2026-10-04 23:42:43
2026-10-04 11:50:43,CNC-01,L,296.2169905400553,311.6979837453491,1463.6989063209498,57.47408052950694,164.57538301488447,2.4864087654958658,15.747350137481703,56.856164255256566,0,2026-10-04 23:42:43
2026-10-04 02:51:00,CNC-02,M,297.86188449356086,311.3839400533028,2719.192364794684,18.95419147198347,221.13836707159152,39.920040156120166,9.777393934857583,56.515529961197586,0,2026-10-04 23:42:43
2026-10-04 05:27:00,CNC-03,H,295.9361981019921,310.5612207790258,2104.12250094703,33.95295652266882,218.35439298528323,3.3633787901143184,13.193573955402396,58.203110310983604,0,2026-10-04 23:42:43
2026-10-04 19:01:00,CNC-01,L,299.9929717047908,313.67498847951884,2210.069715344178,28.233385397091322,141.22182546386193,3.112164873930277,11.592256489499848,55.99232087940386,0,2026-10-04 23:42:43
2026-10-04 10:11:00,CNC-01,L,295.922257048911,309.2872133277953,1537.5135451449482,42.43397036140368,7.7402559513507345,2.3512190980933236,12.226818965036731,59.68234555466551,0,2026-10-04 23:42:43
2026-10-04 21:05:00,CNC-02,M,300.51264878653336,314.6800119016194,2497.2553981435885,23.8805187205892,228.9337828828206,4.04271267165096,11.128566990636175,49.66679593735395,0,2026-10-04 23:42:43
2026-10-04 06:01:00,CNC-02,M,296.80237550435896,311.52977834975206,2209.7993218855804,32.94228548971189,211.38118050109676,3.5044394370347574,13.638491823722516,62.09907347427578,0,2026-10-04 23:42:43
2026-10-04 05:56:00,CNC-02,M,296.6727307360898,311.12320715879224,2102.0774388988816,33.50498379613752,204.73191410275294,3.321501231734546,13.239061358661735,56.86428829804505,0,2026-10-04 23:42:43
2026-10-04 06:54:00,CNC-02,M,296.6730563744781,311.1429856335652,,37.8880860948696,65.76818292885493,2.615074065666955,13.548386873656773,60.20120013249207,0,2026-10-04 23:42:43
2026-10-04 12:14:00,CNC-02,M,297.82503302238024,312.354656366881,1406.7139706059793,53.167725592080735,140.91312637851038,22.359263003459457,13.840287660460877,53.1420185346567,0,2026-10-04 23:42:43
2026-10-04 16:03:00,CNC-01,L,298.8740357681033,313.1957595884262,1650.4696132093957,42.70841526219762,116.996396375088,2.3224908261498083,13.288108033750682,54.99741123681847,0,2026-10-04 23:42:43
2026-10-04 20:13:00,CNC-03,H,298.7624223869538,311.9432322065764,2444.6393878350736,26.187339164287494,7.069025087448848,2.9563837723695565,11.87491832741053,52.644490939506,0,2026-10-04 23:42:43
2026-10-04 20:43:00,CNC-01,L,299.36449477347315,311.61700153822756,2474.80012511352,20.276262508523782,24.38704109864163,3.053966638833701,9.341921169200083,45.996543866380705,0,2026-10-04 23:42:43
2026-10-04 07:55:57,CNC-01,L,22.233378126480034,35.50983136913993,1913.0481598775689,32.79694427159452,4.285024325912065,2.440829956661859,11.704230137081819,61.14237857645517,0,2026-10-04 23:42:43
2026-10-04 19:28:00,CNC-03,H,299.08080137119885,313.2948529085275,2117.6749376639273,31.390398157833054,188.647369896518,3.164988448005561,12.547509408422666,50.785772137787546,0,2026-10-04 23:42:43
2026-10-04 14:22:00,CNC-01,L,303.2835479185583,311.49271001352054,1394.530499521939,49.56614664500248,164.91630200556233,2.5064318679191224,12.898685534811646,41.838846774714156,0,2026-10-04 23:42:43
2026-10-04 14:08:00,CNC-02,M,303.81626642736484,312.0456964540712,1409.2444618214656,47.65887547765172,113.18726670306133,2.14223491527478,12.456677784206908,47.129382131915364,0,2026-10-04 23:42:43
2026-10-04 11:55:00,CNC-02,M,297.30924805456084,311.8783229488277,1418.5531032931303,53.16925431056901,110.65577508772252,2.238306511237863,13.858052672595875,58.15125775132035,0,2026-10-04 23:42:43
2026-10-04 04:18:00,CNC-03,H,296.73988623923026,311.19733373371537,2290.140372577817,31.835043186325215,131.83959736041453,3.0589326145007636,13.394499126354871,57.395070489095836,0,2026-10-04 23:42:43
2026-10-04 20:06:00,CNC-02,M,300.453081152971,313.9970230115408,2308.2236661435927,24.721772083580287,160.44419305357098,3.2240327187911078,10.730665109107848,49.89204228671632,0,2026-10-04 23:42:43
2026-10-04 04:36:00,CNC-01,L,296.3934810939922,310.16715571299756,2378.7629685200372,25.74481240331941,181.28047311955592,3.5755687339049285,11.404135502880047,58.75913771871599,0,2026-10-04 23:42:43
2026-10-04 12:52:00,CNC-03,H,297.12525195880886,311.14395218737025,1312.6402344223734,49.818836186299734,120.32085931633961,2.025151920915395,12.399717646315757,58.47487537055558,0,2026-10-04 23:42:43
2026-10-04 09:17:00,CNC-01,L,295.6394105227367,310.2428943152588,1495.2944698510416,49.28849074005886,124.39134165518213,2.416874990339213,13.66684820351067,61.95717886633436,0,2026-10-04 23:42:43
2026-10-04 13:06:00,CNC-01,L,297.04946117672597,310.6424807254907,1391.8604970274935,48.89596287287973,45.84291636518487,1.9541773248596241,12.724428992073605,59.609945393502386,0,2026-10-04 23:42:43
2026-10-04 00:43:00,CNC-03,H,298.09685869158767,310.4006263624499,2641.240444841359,17.193046313731106,110.32229514547271,3.2295645925930234,8.582703460170864,49.93018127646555,0,2026-10-04 23:42:43
2026-10-04 12:56:00,CNC-02,M,298.1096519832887,312.180425555979,1426.3729413804667,51.53607055417088,0.0,2.139543926146874,14.01392795806111,55.04018609166723,0,2026-10-04 23:42:43
2026-10-04 14:42:00,CNC-03,H,303.2662568537499,311.5279731866183,1510.8518728860429,47.55658305282609,17.13522652484192,2.130340022161109,13.809339591002205,41.975515829733055,0,2026-10-04 23:42:43
