ts,machine_id,type,air_temp_k,process_temp_k,rot_speed_rpm,torque_nm,tool_wear_min,vibration_mms,current_a,humidity_pct,machine_failure,collected_at
2026-10-05 06:55:00,CNC-02,M,296.0542465126082,311.68074853249163,1782.6503247725261,45.35115745222222,199.47580600436015,3.0372625577948176,15.018783726739528,57.0482776483373,0,2026-10-06 01:36:15
2026-10-05 22:01:00,CNC-01,L,299.9669717070102,311.9484519773702,2525.201622204975,17.377129080932843,55.5031277597502,3.0331668096717737,8.444062005238484,52.147945441998296,0,2026-10-06 01:36:15
2026-10-05 14:44:00,CNC-01,L,298.7339826098873,313.0633893074688,,48.04428555962523,111.78452980680535,2.2704598301417773,13.522265705844013,51.40150273497081,0,2026-10-06 01:36:15
2026-10-05 16:28:00,CNC-02,M,298.6830127143203,313.7463104271468,1809.2088281490217,41.17646496455817,166.58342881370328,2.823374794620987,13.880350915890737,51.31507100358376,0,2026-10-06 01:36:15
2026-10-05 20:31:00,CNC-02,M,298.83090658853297,311.85259929021237,2475.5495340007706,21.80923163510951,30.277400906327742,2.9993641487083065,245.82479000893406,52.5956934175955,0,2026-10-06 01:36:15
2026-10-05 17:09:00,CNC-02,M,298.8923548943028,314.25729864293794,1810.3132518476361,42.30431022813231,224.32867869309555,3.2266451403954206,14.372846052009598,54.96087948865572,0,2026-10-06 01:36:15
2026-10-05 23:40:00,CNC-02,M,24.77645310012008,37.22804386821491,2684.244994764227,17.961151813444264,12.801095493089786,3.1966657430630376,9.03544982326953,50.72984953343837,0,2026-10-06 01:36:15
2026-10-05 19:44:00,CNC-01,L,300.4627707720871,314.0159688982971,2330.323452389307,25.89807803148784,107.06500745861776,3.0354408043788204,11.389805549641379,47.89937498664106,0,2026-10-06 01:36:15
2026-10-05 06:34:00,CNC-02,M,295.91595341501716,310.71019815752317,2020.1015165461374,36.51472678118556,170.44360962042518,2.9508145533657677,13.962257517759383,55.47050007737491,0,2026-10-06 01:36:15
2026-10-05 23:50:00,CNC-01,L,26.438137199246682,38.90072652121239,2680.7659354759753,15.840654102096881,172.6655861653523,3.6894365975048107,7.860980510848427,0.0,0,2026-10-06 01:36:15
2026-10-05 02:07:00,CNC-02,M,297.97714587793973,310.54366672963766,2686.7036596314656,18.29074811218708,77.09855718939917,3.281664398363267,9.149682263411439,58.39902437677993,0,2026-10-06 01:36:15
2026-10-05 10:46:00,CNC-03,H,296.0034488193963,310.8080969406834,1379.6215291642516,53.30198701994542,215.11004321733444,2.7535537926047535,13.782554337011183,58.329566606500244,0,2026-10-06 01:36:15
2026-10-05 21:15:00,CNC-02,M,299.00098515437105,311.9150766962329,2569.7996731008466,19.195943293629064,80.45150415085277,3.150086043924128,9.227483169757441,52.493968468432875,0,2026-10-06 01:36:15
2026-10-05 08:34:00,CNC-03,H,295.6374011456716,309.31388919050283,1640.7335970471693,41.43150601572045,10.379463424481512,2.3137054865319557,12.975491362538731,58.21910990330991,0,2026-10-06 01:36:15
2026-10-05 10:08:00,CNC-01,L,296.61810318005564,311.2462175301877,1594.860395825113,47.20642959272854,85.47487182595901,2.3424753339670836,14.368694092193122,55.17782239691995,0,2026-10-06 01:36:15
2026-10-05 02:12:00,CNC-02,M,298.0607108446656,310.3187497949568,2649.8881972069107,16.6849941293692,82.55689724597029,3.204433493731803,8.318029300565525,62.23215740609678,0,2026-10-06 01:36:15
2026-10-05 08:35:00,CNC-02,M,295.80406878222243,309.99449661622714,1529.7822726709026,46.18454169452453,121.01572484559698,2.3410806763567322,13.323795512821931,67.4314953590191,0,2026-10-06 01:36:15
2026-10-05 09:00:00,CNC-01,L,296.4162472880695,310.98213133963804,1474.545408606951,48.36475519611458,186.92657487802927,2.8342609844542515,13.455975700683132,55.84629725959364,0,2026-10-06 01:36:15
2026-10-05 18:12:00,CNC-03,H,26.777652455228917,41.05524395314137,2057.2710649726105,34.153960199600746,123.02947298242488,2.735522497542134,13.451668401570464,51.156095092519124,0,2026-10-06 01:36:15
2026-10-05 11:31:00,CNC-01,L,297.46473717123234,312.0842201883943,1297.7011910348997,54.487257327780554,216.7973104936358,2.890199119661536,13.10968471962966,59.078172438851794,1,2026-10-06 01:36:15
2026-10-05 08:23:00,CNC-02,M,295.9728161542604,310.5495250349518,1696.2798832783594,41.76823285031429,103.14006600727205,2.41890822568099,12.829986775659517,56.53557226835158,0,2026-10-06 01:36:15
2026-10-05 17:42:00,CNC-02,M,304.41135023711416,312.21548571396437,1876.374617980327,34.38054855773435,25.916921483665575,2.3373871142510882,12.053819333438,47.5348404091528,0,2026-10-06 01:36:15
2026-10-05 05:23:00,CNC-01,L,302.15087210442863,311.05884875691686,2127.721137942707,36.86176834312499,109.03080546754254,2.8238277833242216,14.939247391854643,46.2638914521352,0,2026-10-06 01:36:15
2026-10-05 06:27:00,CNC-01,L,296.35579938875264,310.5408471412075,1915.4257218120526,35.324136329036705,193.8610714914044,3.1895673115232848,12.48136972027925,,0,2026-10-06 01:36:15
2026-10-05 23:47:00,CNC-01,L,26.33436915535583,38.98032328887621,2651.619764222448,18.30131919386681,169.42377589492673,108.16733888061334,9.064526514776775,51.840045025569445,0,2026-10-06 01:36:15
2026-10-05 09:41:00,CNC-01,L,296.70110642433406,310.02304154350344,1503.1464499413853,41.394400067819035,43.28891741806448,2.208272161852341,11.474486033900689,53.11028037101502,0,2026-10-06 01:36:15
2026-10-05 04:08:00,CNC-01,L,302.4078899698294,309.3277795513897,,25.313486467390263,15.489225999298615,2.900707505161443,11.147788858957986,46.12645671836381,0,2026-10-06 01:36:15
2026-10-05 19:24:00,CNC-02,M,298.9705021425273,313.41778893355104,2163.773795058824,30.59074194796296,157.56361862658997,3.0496229197611373,12.364542944607654,54.148078503660365,0,2026-10-06 01:36:15
2026-10-05 19:19:00,CNC-03,H,299.9642957006451,314.4256767802215,2342.439182022276,28.653140499749618,209.04339764147636,3.550400866522432,12.511010336602578,0.0,0,2026-10-06 01:36:15
2026-10-05 13:52:00,CNC-02,M,297.40332532564213,312.3982153548864,1397.9632551722225,53.1310816873761,145.30921747564813,2.357009835759073,13.883148817677071,57.723721140343756,0,2026-10-06 01:36:15
2026-10-05 16:41:00,CNC-01,L,299.9287609439383,314.0990794603656,1765.29097378977,41.66748775795473,59.0812172420956,2.394788313442164,13.569327174276333,50.265481271559125,0,2026-10-06 01:36:15
2026-10-05 23:40:00,CNC-01,L,26.52107955308236,39.04436092028834,75202.5682150246,15.390433880327977,161.98031096920565,3.5615390147490684,7.873478179607792,50.61391344298767,0,2026-10-06 01:36:15
2026-10-05 03:55:00,CNC-01,L,296.8623930317346,309.26820002285746,2350.0223806407143,22.3129731355894,0.0,2.9401672098919955,10.050539531169788,58.30434112598274,0,2026-10-06 01:36:15
2026-10-05 08:56:00,CNC-02,M,295.758888723283,310.68741137408597,1682.7085202592007,46.25677319995529,152.636882433062,25.96317847492765,14.66567086286806,57.61202863506849,0,2026-10-06 01:36:15
2026-10-05 16:07:00,CNC-02,M,298.3347209854887,313.3440634065919,1797.2283097026377,41.70415591606152,136.1997832655684,2.668206236878466,14.334649155899774,51.46965376734445,0,2026-10-06 01:36:15
2026-10-05 12:49:00,CNC-01,L,298.0093508497753,312.73362016378263,1408.4960172269275,54.42836884880337,122.11061006396794,2.2048410225439388,14.479181290957932,57.11341905250616,0,2026-10-06 01:36:15
2026-10-05 06:33:00,CNC-02,M,296.2776202904986,310.67858683116157,1940.8616326048357,36.89120554653178,169.09316555735867,2.8928236836381735,13.50477026050971,59.975976834906305,0,2026-10-06 01:36:15
2026-10-05 14:02:00,CNC-01,L,298.60276514460696,312.1699492110769,1482.1905190010743,43.96168582548898,47.089714095385794,2.248802653381524,12.43316581676559,54.50758232722519,0,2026-10-06 01:36:15
2026-10-05 13:04:00,CNC-03,H,297.6556121247581,312.3842856706217,1458.3041154372115,50.65195001149987,160.14847160116116,2.386460154898171,14.05667908079607,56.3210608716643,0,2026-10-06 01:36:15
2026-10-05 15:34:00,CNC-03,H,299.2326595214701,313.8052905502567,1693.3501227793013,45.14387393273793,150.25933577253912,75.97704770077684,14.152014166811977,53.47388473963152,0,2026-10-06 01:36:15
2026-10-05 10:49:00,CNC-02,M,295.89581596070576,310.46060274364874,1433.2079813076239,52.63180824115995,71.13782604695892,2.1121396788229143,13.691167156652172,57.29422314425391,0,2026-10-06 01:36:15
2026-10-05 14:07:00,CNC-01,L,298.53181893576385,312.3596749147385,1503.9667226519698,46.17031866638185,54.75631886785246,2.2348233574235983,13.0184083549177,52.35973858781484,0,2026-10-06 01:36:15
2026-10-05 16:51:00,CNC-02,M,298.6867493289038,313.65838669994395,1981.4956326010083,37.259695642166676,199.16740414608947,3.180175340799703,13.994379206595406,53.23815671571475,0,2026-10-06 01:36:15
2026-10-05 10:11:00,CNC-03,H,295.5626957352864,309.9538357500491,1451.0262061830076,47.602069812716024,160.07794972483447,2.422678427337682,12.905313112221808,59.50738649330615,0,2026-10-06 01:36:15
2026-10-05 11:14:00,CNC-02,M,296.0260003749774,310.8664122008626,1468.273130222248,51.683586644290656,110.76592258077997,2.2545277325835196,14.129735214545173,56.42755927130308,0,2026-10-06 01:36:15
2026-10-05 23:42:00,CNC-01,L,26.637453904723486,39.92289798835753,2647.454254498325,20.05896749013528,164.10938143522066,3.6125541980948355,9.735536460455599,51.59767690794287,0,2026-10-06 01:36:15
2026-10-05 14:32:00,CNC-02,M,297.99921697060887,312.4483829635863,1508.9899367997614,45.21626651662845,207.6050437280144,2.8844456410562582,12.629722528788069,55.116395393320616,0,2026-10-06 01:36:15
2026-10-05 17:57:00,CNC-03,H,299.8346675938193,314.23124606828736,2076.978417075067,34.540738189715,103.30045153953391,2.7242729419293803,13.467167234959398,47.45164653837641,0,2026-10-06 01:36:15
2026-10-05 19:51:00,CNC-02,M,298.9777162036977,313.640011235089,2351.1527707567316,30.343904913777052,190.33492986424142,3.4874605353463037,13.234028959089072,52.35914525795405,0,2026-10-06 01:36:15
2026-10-05 01:53:00,CNC-01,L,298.0971920261264,310.52636208947325,2611.3072247237073,16.947969978069484,57.25720152122544,3.180550930144138,8.20601925584174,57.44584581883128,0,2026-10-06 01:36:15
2026-10-06 01:04:00,CNC-03,H,298.231128699084,310.53235392617876,2654.7663200712923,17.775329033083963,77.73427834562953,3.0947289557380784,8.71051869692754,,0,2026-10-06 01:36:15
2026-10-05 10:05:00,CNC-02,M,295.77323614880555,310.1199374979791,1549.4617585064784,49.50045036294198,1.5481134807696568,2.1833279677944932,14.363356167362193,55.5944959933943,0,2026-10-06 01:36:15
2026-10-05 12:17:00,CNC-03,H,302.16457615193315,310.46017233759267,1489.647099470507,49.61652508977319,85.64721214851811,2.135974671315939,14.0309447662244,46.577935319985414,0,2026-10-06 01:36:15
2026-10-05 21:09:00,CNC-01,L,300.1259974195428,313.56316301098815,2435.4323917464344,23.484499001721844,206.53346307346422,3.830930055756643,,50.24030886307544,0,2026-10-06 01:36:15
2026-10-05 12:19:00,CNC-02,M,296.60276933630365,312.0891989401087,1608.2232254135595,50.26649679652557,214.09465369530582,3.1320106092509965,15.086396332946732,57.739400083667896,0,2026-10-06 01:36:15
2026-10-05 07:31:37,CNC-02,M,295.9326833085689,,1800.5045497688966,37.26043374929147,28.666774180452187,2.4042243876906753,12.496479756518942,60.8523207687098,0,2026-10-06 01:36:15
2026-10-05 18:43:00,CNC-03,H,26.77688792657193,40.99793561618009,2183.234732594433,31.32939501062308,163.23832048780764,3.081894863414494,12.836645405218832,47.40709715894711,0,2026-10-06 01:36:15
2026-10-05 10:52:00,CNC-01,L,297.0109137585655,311.3598124802113,1424.7838254350047,50.21151254351435,154.9069912331818,2.4519247451232298,13.299753507259766,54.644917854882735,0,2026-10-06 01:36:15
2026-10-05 09:06:00,CNC-01,L,296.37240921118746,310.84255278229773,1580.1590622031865,45.075121832262155,196.00152751220585,2.9487473147635153,13.414357154457237,61.29415570151157,0,2026-10-06 01:36:15
2026-10-06 00:42:00,CNC-01,L,299.2635692177332,311.4964033906426,2605.224920137899,18.058733829916104,14.795330025328427,3.210027814421411,8.769154804940017,55.6409644055481,0,2026-10-06 01:36:15
2026-10-05 15:41:00,CNC-02,M,297.9758585733881,312.0569078292807,1677.1585527818672,40.720077664242154,97.99593002453274,2.386376936137525,12.805543191549898,52.42737778883199,0,2026-10-06 01:36:15
2026-10-05 11:47:57,CNC-01,L,297.7197869866922,311.15080271087885,1382.1589571178804,45.46300341786596,23.849139507208413,2.017271657719953,,55.959473482276536,0,2026-10-06 01:36:15
2026-10-05 07:09:00,CNC-01,L,296.72329624656606,310.3820206050794,1870.8196394715085,37.03579614848734,23.78361513421298,0.0,12.866174385629158,57.14467535565045,0,2026-10-06 01:36:15
2026-10-06 00:13:00,CNC-02,M,24.591194937986018,36.931091901592936,2661.4093261571793,17.20216497381052,47.7140800538625,3.143988396992918,8.642134710782958,55.5333710810374,0,2026-10-06 01:36:15
2026-10-05 09:42:00,CNC-02,M,295.5126429472949,310.70116186858615,1456.4005173824532,52.38231129169806,223.05110984142462,2.9512085685231844,14.20853816362811,63.18149432176012,0,2026-10-06 01:36:15
2026-10-05 09:21:00,CNC-01,L,296.2962548476777,309.9395747855479,1474.2374336519467,44.12465563606432,12.428601270534667,2.1557950865507274,12.06953265810832,58.1005137584728,0,2026-10-06 01:36:15
2026-10-05 10:25:00,CNC-01,L,296.9170674762862,311.3988130214236,1432.1136952851398,50.489988309148615,112.13168365958981,2.1481261971115035,13.659609639508451,54.684547784581895,0,2026-10-06 01:36:15
2026-10-05 13:34:00,CNC-03,H,297.76376348581846,313.1127554322803,1409.0631417205568,55.63129631306905,207.3634189368721,2.6668297425797096,14.563236190566993,63.026456589899176,0,2026-10-06 01:36:15
2026-10-05 16:22:00,CNC-02,M,298.18775128281123,313.2733894603361,1763.7628867663047,41.69365985235621,157.97078831543402,2.7055839883066515,13.693168390105347,52.28824361933717,0,2026-10-06 01:36:15
2026-10-05 19:34:00,CNC-03,H,300.43037389700777,315.41430114917347,2316.780791459225,31.671092138506094,227.55076043809595,3.649438432132126,13.447722505142744,54.16674057117753,0,2026-10-06 01:36:15
2026-10-05 01:58:00,CNC-02,M,297.84599023764736,310.4586388618289,2612.448102692937,19.97844271113368,67.18365971489226,3.1353138131928477,9.924204530039816,56.875049113077395,0,2026-10-06 01:36:15
2026-10-05 17:49:00,CNC-03,H,300.1015901249098,314.1232065961588,2191.32125445413,31.795118562142648,92.73362984436338,2.8917868973316265,12.935935974137278,49.37558181412906,0,2026-10-06 01:36:15
2026-10-05 18:56:00,CNC-01,L,27.240036691110504,40.29043909948297,2219.075608363852,26.245185400539935,47.668059918183076,2.7623895013000315,10.911320130181105,51.6420591787494,0,2026-10-06 01:36:15
2026-10-05 02:56:00,CNC-03,H,297.44837191054063,310.4843697490433,2441.222871141885,23.327795765153457,99.81576626196691,3.0198748653239487,10.883708903581965,59.21746987007896,0,2026-10-06 01:36:15
2026-10-05 18:16:00,CNC-03,H,26.697606175426984,41.265121751022605,2221.1940455798413,33.419727190389935,128.27928077994272,2.94236812913784,13.953273497702916,51.0352566034574,0,2026-10-06 01:36:15
2026-10-05 16:58:00,CNC-02,M,298.8125761057691,314.2551197201664,1933.2631734221259,39.906761501348875,208.94246155730306,3.2343784199313297,14.336848809744538,56.73630147779381,0,2026-10-06 01:36:15
2026-10-05 12:17:00,CNC-02,M,296.64398393728607,312.04681574165596,1357.6245275848578,57.017622691033,210.97918534946288,2.7730915311611026,14.5655632593907,61.94570141224771,1,2026-10-06 01:36:15
2026-10-05 07:01:54,CNC-03,H,295.34130941358706,310.0332966936972,1897.4252923548956,39.57074068922776,138.45451164272632,2.646273209976778,14.106455456964172,59.64079103876991,0,2026-10-06 01:36:15
2026-10-05 03:19:00,CNC-03,H,297.20827776698667,310.5570424782194,2366.748721767239,24.522460714792427,126.32373239378538,3.047375151327036,10.654354497934678,56.91014348420203,0,2026-10-06 01:36:15
2026-10-05 07:22:00,CNC-01,L,296.76355084716965,310.3376447483985,1725.425583772218,37.6714200177941,42.04998384722596,2.3440109951343584,12.02015076368645,54.04835112332759,0,2026-10-06 01:36:15
2026-10-05 05:01:00,CNC-03,H,296.17590656518774,311.5881322263472,2137.0460579349115,37.83306555123335,249.77444632950127,3.6410885068652266,15.251366751938034,58.550157027885774,0,2026-10-06 01:36:15
2026-10-05 10:21:00,CNC-03,H,295.5910963268403,309.8304563574841,1307.1308401618517,51.74316655075677,175.67306626757465,2.300275956115771,12.884743651926653,62.24487920250425,0,2026-10-06 01:36:15
2026-10-05 13:46:00,CNC-01,L,298.6013909068116,311.79582944482667,1375.2475108004924,,21.955763588430962,2.09627637249846,11.722346299221426,51.72942507063998,0,2026-10-06 01:36:15
2026-10-05 14:25:00,CNC-02,M,297.4824161732623,312.20088890920704,1429.1991237419975,49.88301892153188,196.81541528818292,2.6940580023313805,13.59200992864164,57.54548511396272,0,2026-10-06 01:36:15
2026-10-05 21:45:00,CNC-02,M,298.55940958863795,311.9141236619762,2639.310352107907,21.350121832768536,113.78168418118058,3.2544755331136432,10.612273847466756,54.963163558465524,0,2026-10-06 01:36:15
2026-10-05 01:36:00,CNC-03,H,298.34334060964585,310.30170871929596,2591.7535596235302,18.97847615436001,11.452581945199995,3.064906535864337,9.199202287373895,55.599638449766545,0,2026-10-06 01:36:15
2026-10-05 03:45:00,CNC-02,M,296.98851411909374,311.1328657848744,2516.0740522814535,25.74032025082837,188.7272097610826,3.640601289939114,12.047841795007631,62.419096215012836,0,2026-10-06 01:36:15
2026-10-05 18:44:00,CNC-02,M,31.860903341456947,39.690042922291184,2262.499895168415,26.92740060271746,107.38418069409441,2.976795118288165,11.423969079105722,43.243095299866376,0,2026-10-06 01:36:15
2026-10-05 22:06:31,CNC-01,L,299.7383531944676,311.1506599859076,2751.3184450532067,12.675979114086289,62.034612855054235,3.315005571996578,6.406591828280193,51.644809824669316,0,2026-10-06 01:36:15
2026-10-05 15:03:00,CNC-03,H,298.50322844842424,312.7392266323442,1614.03551179766,44.28839129726087,103.57627313177981,2.277791013913296,13.2589544121579,51.42210584032033,0,2026-10-06 01:36:15
2026-10-05 13:15:00,CNC-02,M,297.27044210135574,311.3278941328291,1468.3938137865557,48.47892549112036,87.04754980363218,2.0824959263359353,13.446302329732674,53.7032565630892,0,2026-10-06 01:36:15
2026-10-05 10:46:43,CNC-01,L,297.0251034695719,311.78897891937925,1343.9069712566222,55.52231575737322,148.57167417215135,2.282401021833693,14.25589912884346,56.66845357091576,0,2026-10-06 01:36:15
2026-10-05 19:54:00,CNC-03,H,300.1687035146895,313.40416609023737,2426.525131321099,25.56835084617604,4.75765784768316,2.9805490155357433,11.596568823648237,52.52467929999415,0,2026-10-06 01:36:15
2026-10-05 12:46:00,CNC-01,L,298.1559957981052,312.6052483492738,1473.3062278714171,51.09160458547267,117.33154244264904,2.265899495739741,13.98164507379414,56.070699379808275,0,2026-10-06 01:36:15
2026-10-05 04:28:00,CNC-02,M,296.74756056549967,309.5927746677593,2416.355747934877,23.84079814531032,7.334834176808895,2.994299322874389,10.649172211920147,54.60322522348343,0,2026-10-06 01:36:15
2026-10-05 14:55:00,CNC-02,M,297.9869268045185,311.759697841707,1525.9565012660732,44.52203428853165,29.055790826422434,2.1831099192897496,12.738889949901878,51.70321898226071,0,2026-10-06 01:36:15
2026-10-05 11:00:00,CNC-02,M,296.03684502894663,310.2431322563122,1411.8495715651775,49.31341839596198,88.49662308724488,2.1346423392016365,12.95292991332034,55.54126425252856,0,2026-10-06 01:36:15
2026-10-05 13:38:00,CNC-01,L,298.606497908496,312.1694982910221,1469.0108803616854,44.733466680995,9.439175299098386,2.1512179405172014,12.388101181026597,56.91435192533142,0,2026-10-06 01:36:15
2026-10-05 14:51:00,CNC-03,H,298.428342474176,312.49368305659675,1625.378768470896,43.8366476894701,85.26322318477321,2.246028938513727,13.25813149264102,53.03312161805228,0,2026-10-06 01:36:15
2026-10-05 12:21:00,CNC-01,L,297.87690285680515,312.215991700729,1413.2614618566486,50.867755797196246,77.82691961994709,2.193029144714818,13.381596627114657,53.36073734040802,0,2026-10-06 01:36:15
2026-10-05 06:27:00,CNC-03,H,295.6234834663799,309.3155779923457,2088.2066864300937,31.264844145797912,91.20464484961143,2.792837263926696,12.196752992245873,57.82747058165727,0,2026-10-06 01:36:15
2026-10-05 16:31:00,CNC-01,L,299.98654918391793,314.2755041846117,1880.5691914598647,40.370116929379805,44.75274333715063,2.4979250615906365,14.371661998292286,51.42440171299102,0,2026-10-06 01:36:15
2026-10-05 23:51:00,CNC-01,L,26.274191546159102,38.92417121618098,2849.564462922054,15.911388759882193,173.6955861653523,3.932981690784675,8.530164002893194,50.581090310460795,0,2026-10-06 01:36:15
2026-10-05 16:48:00,CNC-01,L,299.8860568454985,314.3406036688929,1933.2369159909495,38.83332989603229,68.85412068879977,2.549522029502333,13.877754251775535,48.53010425572534,0,2026-10-06 01:36:15
2026-10-05 22:54:00,CNC-01,L,299.5968296549573,311.5665805910576,2776.526808012252,13.575930324042798,113.02704198243887,3.432328882277558,6.9711659498203575,58.24197621904177,0,2026-10-06 01:36:15
2026-10-05 10:19:00,CNC-01,L,296.76670584762826,310.9104056954483,1463.1532323289725,47.50081238695088,102.69214351375204,2.2786583203038706,12.955009903152888,54.89868391831493,0,2026-10-06 01:36:15
2026-10-05 09:18:00,CNC-03,H,295.71531794790525,309.95734772492654,1470.3619841311347,50.145679509318796,77.19530823634379,2.121485046102934,13.664668082478643,58.53425863276834,0,2026-10-06 01:36:15
2026-10-06 01:06:00,CNC-03,H,298.37662979711257,310.560769088531,2655.6226337317994,16.91619717227323,79.86747876386812,3.2941777461441775,8.602975315103398,51.86670205526859,0,2026-10-06 01:36:15
2026-10-05 07:06:35,CNC-01,L,296.42428180061734,310.53134472177527,1966.624212617403,36.617321821719756,19.536423020629282,2.641591824925179,13.414194212076866,54.589169650584324,0,2026-10-06 01:36:15
2026-10-05 06:13:00,CNC-02,M,296.0511778142711,310.1053911173243,1963.1670826030145,33.97957526566492,142.0751251132154,2.8455585273487842,12.62533674084469,60.663663486752505,0,2026-10-06 01:36:15
2026-10-05 02:51:00,CNC-01,L,297.3398632876359,310.07227746201556,2496.0953139824983,19.46196310369945,121.86226467859206,3.2434287630895127,9.066562675311141,56.42115724549424,0,2026-10-06 01:36:15
2026-10-05 10:48:00,CNC-03,H,296.17425101292935,311.29835317809994,1543.540013405133,49.429877120778286,218.21218727140305,2.845453979365022,14.351970822830287,61.638740696871096,0,2026-10-06 01:36:15
2026-10-05 17:01:00,CNC-01,L,300.1756042473912,314.68550565767043,1871.993234314427,39.653619680826004,87.19580730881286,2.4875973298743705,13.719887994731058,50.657035865118246,0,2026-10-06 01:36:15
2026-10-05 21:48:00,CNC-01,L,299.7677625093053,311.49825786297805,2528.8835633087824,,41.3250380170164,3.0338548205286733,7.787759257761043,50.423205068117895,0,2026-10-06 01:36:15
2026-10-05 12:23:00,CNC-01,L,297.7505595460739,311.86188232702324,1422.7107712035947,49.20307851316895,80.94890228425429,2.1130294261521523,13.028636416027068,52.39112206156392,0,2026-10-06 01:36:15
2026-10-05 04:00:00,CNC-03,H,296.63994443068356,310.63909870813967,2485.809944559983,25.157265196712835,174.8545829797651,3.436563653822492,11.555153927115951,54.248663767032795,0,2026-10-06 01:36:15
2026-10-05 09:13:22,CNC-02,M,295.7292825320475,310.640781505437,1605.0939160971473,46.40925922086217,178.50600491908378,2.5131718414909097,14.098011895180937,58.17472134560404,0,2026-10-06 01:36:15
2026-10-05 03:16:00,CNC-02,M,297.7120210141116,311.03770374917406,2399.0319597081575,22.926091275981186,154.86285500542954,3.3180462386819665,10.220686426620409,57.70050918846798,0,2026-10-06 01:36:15
2026-10-05 16:37:00,CNC-02,M,,314.7050062187661,1842.6737806456456,44.89525275919393,179.48524709962572,2.9795880010237616,15.525385287416627,51.267479158666816,0,2026-10-06 01:36:15
2026-10-05 12:27:00,CNC-03,H,302.4018520444171,310.54795764424733,1403.844327411581,50.32281845891726,101.50293374299565,2.1165990067684226,13.261459307793583,41.45906371344617,0,2026-10-06 01:36:15
2026-10-05 11:40:00,CNC-02,M,295.94882980500495,310.9693290547136,1368.23586981329,56.15132333094107,152.0898552919518,2.305953124826769,14.438753778933158,61.06076714024082,0,2026-10-06 01:36:15
2026-10-05 23:43:00,CNC-01,L,26.68036529942293,0.0,2613.3277927318613,19.442323675025758,165.19560395640218,34.72299581549949,9.70002254750615,52.508159623443646,0,2026-10-06 01:36:15
2026-10-05 17:49:00,CNC-01,L,300.11250912515493,314.316660704246,2167.4135907970467,30.65643755248309,153.14609404326532,30.523844686990397,12.480902172891025,52.100724156051065,0,2026-10-06 01:36:15
2026-10-05 04:02:00,CNC-01,L,296.79663157594007,309.6505202780015,2437.65452031749,24.070604024125366,8.233808160033973,2.945118135633869,10.668363596982283,58.35072065853398,0,2026-10-06 01:36:15
2026-10-05 04:24:00,CNC-03,H,296.6081350992714,310.34907705879635,2380.8284438882606,24.836280614221288,203.8494492177622,3.4221665665944494,11.193172412328927,58.50691991595851,0,2026-10-06 01:36:15
2026-10-05 13:32:00,CNC-02,M,297.2197727647287,311.56059756879,1540.6897119392208,45.436334696225074,113.85010135261365,2.2388693829928696,13.129448307472195,54.02073157114281,0,2026-10-06 01:36:15
2026-10-05 17:30:00,CNC-03,H,299.8803900557947,313.65574086371964,2015.5937343854664,32.87865788506961,66.84705814774328,2.750772828245192,12.502570536367948,50.903971346784544,0,2026-10-06 01:36:15
2026-10-05 02:41:00,CNC-03,H,297.3629993368529,310.8452608127665,2481.516570911638,24.977335621977943,82.8691559938814,3.0059626615946518,11.615546356433853,55.01920039740743,0,2026-10-06 01:36:15
2026-10-05 15:19:00,CNC-01,L,298.944282610031,313.86502950923096,1595.4738291048286,48.064617571834034,165.03620969848663,2.766603905328501,14.053616048470428,50.6615486093971,0,2026-10-06 01:36:15
2026-10-05 16:15:00,CNC-02,M,298.60309630866124,313.3008416180387,1838.725116554566,40.17522639135689,147.83015565725447,2.6641223686260957,13.850805359992744,52.97854212239245,0,2026-10-06 01:36:15
2026-10-05 03:06:00,CNC-01,L,297.5967873185149,311.26860371212126,,23.198406957092722,138.88971024001995,3.3480271706940266,10.759723498127743,56.34540157659157,0,2026-10-06 01:36:15
2026-10-05 05:14:00,CNC-02,M,296.3596812664672,309.76477631623027,2178.81446224749,28.629200130564772,64.94380803042124,2.7612520981010547,11.696665276642051,60.52374333867238,0,2026-10-06 01:36:15
2026-10-05 01:57:00,CNC-03,H,298.34745695244675,310.78056765249727,2684.9656185243284,19.85892716316912,34.20604716542665,3.353959189407886,10.108082459534922,52.09620112356717,0,2026-10-06 01:36:15
2026-10-05 04:59:00,CNC-03,H,,310.38935304488007,2326.2591980448424,26.62689036372559,247.2363075173347,3.8249448016865877,11.37437354265926,55.9511905604209,0,2026-10-06 01:36:15
2026-10-05 03:18:00,CNC-03,H,297.30231470644566,311.2991562530848,2342.2477254185883,27.996059655859888,125.10921491420763,3.0758562581513726,12.34896726446786,58.43119737068973,0,2026-10-06 01:36:15
2026-10-05 23:49:00,CNC-01,L,26.503510728086326,39.62547641747483,2605.228714281292,20.60873835018967,171.59440872860418,3.6684445114642035,9.788162029034666,52.953039663650536,0,2026-10-06 01:36:15
2026-10-06 00:05:00,CNC-03,H,25.74354117777466,37.49210448696755,2533.5123994401597,16.28245128357281,15.066004323475251,3.063538616560537,7.46921148676751,48.653681370513766,0,2026-10-06 01:36:15
2026-10-05 06:45:00,CNC-02,M,295.84804838343183,310.71580733487065,1858.1144863572245,,185.55719970059985,2.9597275500842217,13.788141240333406,54.6236152400643,0,2026-10-06 01:36:15
2026-10-05 21:53:00,CNC-02,M,298.4356938515119,311.0811036840585,2589.486316614244,17.40048934086124,122.50222359151078,3.3025068364195014,8.343608776979929,52.94009072386064,0,2026-10-06 01:36:15
2026-10-05 23:35:00,CNC-03,H,26.269866367376835,39.38862564910738,2730.6217748470895,17.456755089971622,250.9979721914021,4.353195864973859,9.206115739852846,49.48786146424438,0,2026-10-06 01:36:15
2026-10-05 19:57:00,CNC-01,L,300.4969305507734,313.960368888213,2292.25508526454,26.15345947633367,122.82262973200207,2.9713630434126337,10.977281159052765,49.05316555804405,0,2026-10-06 01:36:15
2026-10-05 15:30:00,CNC-01,L,299.24135517981586,313.62492966677036,1672.1240502889939,41.15206175702535,181.5828304142242,2.961336024884278,12.779563046935412,54.63098557776098,0,2026-10-06 01:36:15
2026-10-05 12:01:00,CNC-03,H,302.00149656492476,309.4772246854634,1534.1492978595707,42.45095058850048,60.25384712665806,2.1304006299111813,12.039025449975991,49.28846899707367,0,2026-10-06 01:36:15
2026-10-05 10:03:00,CNC-01,L,296.46784695168367,310.6440373452584,1484.922155997068,48.538483443436135,77.6010782387357,2.1195754693075433,13.237328644686245,55.05258577173834,0,2026-10-06 01:36:15
2026-10-05 04:14:00,CNC-03,H,296.4357567541255,310.6060849433936,2304.998446823523,27.803134290155644,191.8036094856797,3.356675476915121,11.957506423793433,57.54076301661103,0,2026-10-06 01:36:15
2026-10-05 12:25:00,CNC-02,M,296.7433607799252,310.58383744239444,1356.1002368924726,49.37024053741296,7.953323272007337,2.1097742822375225,12.549039186805938,55.90756274988941,0,2026-10-06 01:36:15
2026-10-05 09:27:00,CNC-01,L,296.8240442531235,310.5191748264006,1564.3206337146576,44.68430376318091,21.63469884528337,2.2418616531569517,13.09689078662389,62.23350901308323,0,2026-10-06 01:36:15
2026-10-05 19:02:00,CNC-02,M,31.355901042079836,39.78199554396565,2113.2263833142497,32.758022045400146,130.19527103057882,2.901914873336039,13.179132194097116,39.97615883656593,0,2026-10-06 01:36:15
2026-10-05 21:16:00,CNC-03,H,300.0430462700412,313.1729528977326,2664.179159415143,21.337098959608838,99.77318069424517,3.1897248877148607,10.096376460534744,48.110979047374435,0,2026-10-06 01:36:15
2026-10-05 07:24:43,CNC-01,L,296.66872496365085,310.62920662039545,1763.6335868665058,38.984636304699606,47.68131309520596,2.3209064278561122,13.079151152151658,56.96122174631364,0,2026-10-06 01:36:15
2026-10-05 05:11:00,CNC-02,M,296.30694069753514,309.92421334253066,2138.0554586876024,31.463031024695134,61.087108640524,2.778586141455482,12.68170469252752,61.859381455574656,0,2026-10-06 01:36:15
2026-10-05 17:06:00,CNC-02,M,298.6419326776001,313.55486389194897,1900.7208322475983,39.11672244450987,220.03506399421684,3.295674638787599,14.120518570810459,50.83001658347229,0,2026-10-06 01:36:15
2026-10-05 05:14:00,CNC-01,L,302.2513388421231,309.8005877129867,2038.4530650794827,31.98948061622583,97.40279724220176,82.11389393549493,11.891310824779522,48.370007833127055,0,2026-10-06 01:36:15
2026-10-05 04:38:23,CNC-02,M,296.6741494425543,310.00039703148343,2299.353844578032,27.358186679598557,21.0517538903594,2.9453297078213647,11.592051017636098,55.64621748979105,0,2026-10-06 01:36:15
2026-10-05 06:03:00,CNC-03,H,295.74561741307895,309.50201324804453,1917.7111288211588,36.05751283389606,58.9356028695173,2.6086234388025678,12.793924120814141,60.43951939820845,0,2026-10-06 01:36:15
2026-10-05 20:05:00,CNC-02,M,299.21346295725897,312.64637231437,2383.4254312194535,26.282287814333934,0.0,2.9303113678754436,11.849740237773359,55.7106221506058,0,2026-10-06 01:36:15
2026-10-05 20:14:00,CNC-02,M,298.9067658458495,311.43953527736113,2414.5081500443002,21.1230562186791,10.454839632200603,2.983023452481672,9.464945747242858,50.51602388633875,0,2026-10-06 01:36:15
2026-10-05 17:00:00,CNC-03,H,299.62048373367145,313.3535254625027,1804.672929226682,36.472895754472155,25.435691538220222,2.4676449982995554,12.302242141958942,49.486828067049046,0,2026-10-06 01:36:15
2026-10-05 08:31:00,CNC-01,L,296.24752185473096,311.5580825828062,1767.6076874058951,46.55809990439536,143.01267899855617,2.747211124634173,15.25058472587373,58.83865026825012,0,2026-10-06 01:36:15
2026-10-05 02:34:00,CNC-03,H,297.5304474696066,310.487023100595,2480.978931931159,21.674730257302276,75.12359544612748,29.484529937566247,10.18843174433676,59.86509994228927,0,2026-10-06 01:36:15
2026-10-05 05:26:00,CNC-01,L,301.9646317009975,310.12051510554267,2187.731286047517,31.24492257721365,112.83388648451785,2.945535013131232,12.729090522310107,46.93366446606556,0,2026-10-06 01:36:15
2026-10-05 03:04:00,CNC-03,H,297.35663651946254,310.7364517184045,2327.4051009742243,25.248179868892645,109.02115487489648,,10.95838206253774,54.978656350373186,0,2026-10-06 01:36:15
2026-10-05 03:37:00,CNC-03,H,296.9327704674264,310.1313591464649,2564.905777404019,21.082915692305438,147.4754516853953,3.3382452838521917,10.24190687029104,55.35238599165833,0,2026-10-06 01:36:15
2026-10-05 20:42:00,CNC-03,H,300.10693154472904,312.613972356312,2383.9810567045893,21.46941052221452,60.98116247964551,3.0345423873600925,9.670111922958503,50.355869082232225,0,2026-10-06 01:36:15
2026-10-05 19:07:00,CNC-02,M,31.353360261000432,39.48930619382435,2258.3000515146355,29.421963754343984,136.4011346327186,2.934223858886298,12.280689641517,44.33194694684441,0,2026-10-06 01:36:15
2026-10-05 20:59:00,CNC-03,H,300.1664178028451,313.17623881286363,2395.959407576086,23.75320864004494,80.61219617811517,3.075916720308782,10.445296654154083,53.186100270634604,0,2026-10-06 01:36:15
2026-10-05 01:43:00,CNC-03,H,298.101417419293,309.98643912226487,2601.9250203590154,17.37707845225311,19.046908394905124,3.1561990085346294,8.663726040125262,56.87472586898429,0,2026-10-06 01:36:15
2026-10-05 03:38:00,CNC-01,L,297.15453102227747,310.63723610660935,2540.696051078489,22.092794203625154,175.89417271261752,3.6186079000360163,10.672921291356909,57.51120868782411,0,2026-10-06 01:36:15
2026-10-05 16:56:00,CNC-02,M,298.71615630085375,313.61530743903927,1695.7386198594475,42.27575236516581,206.1853207367129,2.9355882370793442,13.468036563960991,56.49570226129062,0,2026-10-06 01:36:15
2026-10-05 10:02:00,CNC-01,L,296.4675676062804,310.6844212005398,1534.9358492217584,46.09266841232058,76.03347896492181,2.2047462095989943,13.18160651902446,56.665487045886614,0,2026-10-06 01:36:15
2026-10-05 13:36:00,CNC-01,L,298.28023008778683,312.17013335813033,1430.7902149401252,50.761149107846165,6.3065179621999,2.0412515259659623,13.846706767140349,54.533730849489814,0,2026-10-06 01:36:15
2026-10-05 02:58:00,CNC-02,M,297.5133439473661,310.86546870808223,2557.2564950933815,22.06260980686589,134.44302345792008,3.339035960497239,10.424071782393318,57.08512866029862,0,2026-10-06 01:36:15
2026-10-05 08:04:00,CNC-03,H,295.5742623800723,310.57553991787876,1763.0433216426654,42.20871078327582,228.93431188429736,3.0906085651308204,14.113936543497333,58.2987389390346,0,2026-10-06 01:36:15
2026-10-05 12:59:00,CNC-03,H,297.3264139338065,312.3505567071722,1417.0918146254544,56.299458244844445,152.24780897444666,2.3888251291768277,15.0142720381654,55.00367861970827,0,2026-10-06 01:36:15
2026-10-05 16:26:00,CNC-01,L,299.70285525411714,312.8552529920336,1870.5137421163458,32.96923991514533,37.67003515810466,2.5435198282108455,11.525371598689807,53.62533927736006,0,2026-10-06 01:36:15
2026-10-05 16:40:00,CNC-02,M,299.03531573815354,314.66926643846364,1839.229055553981,44.633213099055354,183.74137191718418,2.8906706998354728,15.356740330424863,49.42494136982176,0,2026-10-06 01:36:15
2026-10-05 05:15:00,CNC-01,L,302.35323250089164,311.0721844057499,2119.6454708168785,35.69513257547254,98.70438082317854,2.7897051269977875,14.434195268159653,48.47608378714574,0,2026-10-06 01:36:15
2026-10-05 09:29:00,CNC-01,L,296.6498512160476,310.50509664698933,1634.2277493027427,44.12558035332406,24.656718415216986,2.4199343031651566,13.436820524712784,53.37843633248186,0,2026-10-06 01:36:15
2026-10-05 04:49:50,CNC-03,H,296.069470299877,310.64878522873545,2157.833338918229,32.1923781323902,237.41115466324914,3.6097919948281967,12.611704690311191,57.74722933451167,0,2026-10-06 01:36:15
2026-10-05 13:44:00,CNC-01,L,298.2221226865231,311.9354570315211,1520.2100684684622,46.13897439309819,18.806321518471314,2.212910254940438,13.06335623351201,56.89757558623964,0,2026-10-06 01:36:15
2026-10-05 12:28:00,CNC-02,M,296.82687004359684,310.2583287231204,1464.8528790843982,42.96243604987314,12.680373824732918,2.1080880562131727,11.793608097078756,57.80771761896955,0,2026-10-06 01:36:15
2026-10-05 03:50:00,CNC-03,H,296.5512984431912,310.7342914640758,2299.051916925466,28.473002741457496,162.8641380055801,3.190027430574396,12.539979391603422,57.66401723051937,0,2026-10-06 01:36:15
2026-10-05 06:02:00,CNC-01,L,302.04655829217285,310.7910734011113,1949.1347276604813,38.11688459991805,160.09823394628768,3.0135740436751917,14.071819827270744,51.06153900948219,0,2026-10-06 01:36:15
2026-10-05 19:31:00,CNC-02,M,299.10066035185076,313.0845540784801,2312.8246675412297,26.819264594024617,166.14690477640346,32.26871188403212,11.370726996969562,51.5987884902041,0,2026-10-06 01:36:15
2026-10-05 03:20:00,CNC-01,L,297.2566017272409,310.29365473410945,2601.3917369044457,20.236926684507,154.9921968008242,35.03946744779519,9.816530244374041,57.87745308911288,0,2026-10-06 01:36:15
2026-10-05 18:59:00,CNC-02,M,31.517497183226226,38.917360151914295,2134.8701378432434,24.996004915469825,126.39953022923736,2.922017891139882,9.814008723866056,45.90998442171767,0,2026-10-06 01:36:15
2026-10-05 05:31:00,CNC-03,H,296.04823451061077,309.7342389695778,2027.2306628227766,34.86653656875358,16.69876995562496,,13.272230846566998,63.7890809188536,0,2026-10-06 01:36:15
2026-10-05 15:15:00,CNC-02,M,298.35846972281274,,1555.994154064734,44.88332981695922,59.30257951176232,2.149932736967753,12.782656676700308,51.30548797535699,0,2026-10-06 01:36:15
2026-10-05 03:06:00,CNC-03,H,297.2424034029904,310.5719315300309,2448.3147134607375,24.385349547834103,111.34014853595427,3.1352749404853943,11.010543371345562,56.07758772299136,0,2026-10-06 01:36:15
2026-10-05 02:10:00,CNC-01,L,297.9763974380163,310.8378852351424,2575.0149258054776,20.540098031225188,76.051790812036,3.2544864668425695,9.793633574599786,57.71035910442402,0,2026-10-06 01:36:15
2026-10-05 02:49:00,CNC-02,M,297.30568614322954,310.2484528236715,2515.761475250539,21.590196267140197,124.06280550487185,3.307222733712325,10.468159146156195,58.38219502475852,0,2026-10-06 01:36:15
2026-10-05 04:37:24,CNC-03,H,296.0507669309022,310.3633570624599,2083.8111306328005,31.923315042670083,221.143666652661,3.4208657475716366,12.373684826777147,60.299936423663986,0,2026-10-06 01:36:15
2026-10-05 15:23:50,CNC-03,H,298.78249736589606,312.77432770098835,1678.1981677745925,39.63676740289007,136.62072645963858,2.4501212424267624,12.666132385385247,51.08765462192826,0,2026-10-06 01:36:15
2026-10-05 10:55:00,CNC-01,L,297.0475252964807,311.9119900823393,1358.5895753417271,57.54058937121325,159.68362285617346,2.365803696958219,14.639447912378166,57.55853548951241,0,2026-10-06 01:36:15
2026-10-05 13:21:00,CNC-02,M,297.187145654998,311.72347194012025,1402.5682459910165,51.38685707101717,96.5441640340498,2.1997961599308544,13.49595241823482,61.4484300668665,0,2026-10-06 01:36:15
2026-10-06 01:19:00,CNC-03,H,298.4879632974281,311.18207033857254,2598.3856486706136,19.105099633811875,93.74754285282282,3.2550803599751705,9.057374725936388,55.69184422160194,0,2026-10-06 01:36:15
2026-10-05 18:32:22,CNC-01,L,27.091020670633043,39.734856540802014,2175.419676498143,25.21055117396208,18.33553705394466,2.877715995916227,10.357240542947903,46.63775226864121,0,2026-10-06 01:36:15
2026-10-05 23:03:00,CNC-02,M,298.3009995383469,311.6737817774842,2741.6018101873615,18.346340272168128,198.6788266495613,3.8241248304248145,9.522622172267761,54.6062745498471,0,2026-10-06 01:36:15
2026-10-05 15:02:00,CNC-03,H,298.8499400289185,312.8526642540837,1541.6342980254697,46.2520590266225,102.09834589067168,2.197613035391831,13.209163740420415,53.98855765447656,0,2026-10-06 01:36:15
2026-10-05 18:52:00,CNC-01,L,27.05862355613442,40.546174322699414,2232.7748278028803,28.049109284198188,42.63983869186552,2.8634330959437513,11.66436908849613,53.58527468472993,0,2026-10-06 01:36:15
2026-10-05 14:02:00,CNC-03,H,297.9797025326202,312.0660793829265,1597.4288577934433,47.47425421713196,9.431205317587965,2.207134738708402,14.122445468137755,53.88827467048318,0,2026-10-06 01:36:15
2026-10-05 21:50:00,CNC-02,M,298.66774587573616,311.0302996908662,2666.4678418098806,15.912078665566145,119.30076944122594,3.4176054629711228,7.914530707769557,52.56645338627363,0,2026-10-06 01:36:15
2026-10-06 01:30:00,CNC-03,H,298.2873351060463,310.8538194496644,2681.369077732088,18.250258848459186,105.66623710174025,3.3098250573761336,9.0986889474639,48.63101326154315,0,2026-10-06 01:36:15
2026-10-06 00:17:00,CNC-01,L,26.03744407313394,38.34438509355533,2681.1516793049905,15.795464389386071,201.21143968206815,3.9980387704934786,7.972524347653565,49.639900954752115,0,2026-10-06 01:36:15
2026-10-05 19:21:00,CNC-02,M,299.0021434298828,312.9093927254889,2325.8825649325186,25.66123049018082,153.80936821488714,3.1550162855249035,11.189224891555957,49.46725181622641,0,2026-10-06 01:36:15
2026-10-05 17:51:00,CNC-01,L,300.1771062200785,314.70792330300645,1920.0799553096374,38.148064673552106,155.85973024512742,2.8770408830187417,13.912052042494883,49.45396721132407,0,2026-10-06 01:36:15
2026-10-05 18:29:00,CNC-02,M,31.428461272244533,39.31403398518677,2230.673932087169,28.64793010706694,87.96710822202408,2.8462626082657767,11.732255532480673,39.820594876088585,0,2026-10-06 01:36:15
2026-10-05 15:28:00,CNC-02,M,297.9514810180399,312.3112612480127,1687.1060822386514,42.992024827104885,78.74685889760838,2.2701283616956305,13.217590399476725,57.74731062886186,0,2026-10-06 01:36:15
2026-10-05 08:33:00,CNC-01,L,296.3869090335361,311.0282862525329,1728.5415559606174,42.598077666448965,146.06127751849485,2.571073343706979,13.968199428148925,55.63183398812183,0,2026-10-06 01:36:15
2026-10-05 11:20:00,CNC-01,L,297.38438423776057,311.77674357659566,1281.6800847512643,54.047985549684114,199.42197559571727,2.680544113794343,12.907015041615717,57.55061804513887,0,2026-10-06 01:36:15
2026-10-05 17:32:00,CNC-03,H,299.7553548824546,314.1413619942364,1959.4685318288232,38.80650799969935,69.60405551452062,2.6158890225672535,14.20319296330769,52.51441110448944,0,2026-10-06 01:36:15
2026-10-05 05:23:00,CNC-03,H,295.7906128660809,308.9723365487299,2168.075246685683,29.010594240152486,6.3402037423481215,26.882051974952414,11.480242782738273,61.020859276299085,0,2026-10-06 01:36:15
2026-10-05 04:26:00,CNC-02,M,,309.22716913086026,2162.346820857937,24.56288567830159,4.900338438600611,2.7061636479651994,9.773005792330732,57.4643651475755,0,2026-10-06 01:36:15
2026-10-05 06:48:00,CNC-03,H,295.6638394052668,310.4923723763891,1949.5890344271486,39.4138944424449,120.19860380860278,2.5755578989664087,14.395124665930194,61.65635180275463,0,2026-10-06 01:36:15
2026-10-05 03:33:00,CNC-03,H,296.972920687346,310.55359878563786,2481.5241001796126,22.573422964275053,142.89273813262065,3.244077599822298,10.364277047274733,59.11418111485685,0,2026-10-06 01:36:15
2026-10-05 18:54:12,CNC-02,M,31.603903546511958,39.39233389843503,2096.8605403828337,29.043487745494765,118.88614887015913,2.831362275552864,11.377347043199263,43.22036720780064,0,2026-10-06 01:36:15
2026-10-05 02:05:00,CNC-02,M,297.67755512512747,310.5384732470914,2568.326928190508,21.406687578999794,74.95921644899055,3.0878433930809,10.460107556284042,53.90907907788784,0,2026-10-06 01:36:15
2026-10-05 07:41:00,CNC-03,H,295.5457448186441,310.9726173402089,1952.9664438340526,41.72104470526714,195.24030530087668,3.03358631205927,15.219120726802736,64.54564752838864,0,2026-10-06 01:36:15
2026-10-05 19:14:00,CNC-03,H,26.912013767948167,41.29621489807806,2251.519812809637,29.952373610764692,202.82848838812572,3.349667027616055,12.672124222479937,50.75232385203089,0,2026-10-06 01:36:15
2026-10-05 02:54:00,CNC-03,H,297.4049268274102,310.1567778718993,2471.9147514943465,20.906874400538552,97.52610614927895,3.2238414504563324,9.671261375306871,55.549401303107686,0,2026-10-06 01:36:15
2026-10-05 07:23:00,CNC-02,M,296.0858763784356,309.68156692391887,1726.726828229457,40.723218589471024,15.674325357050705,2.288377619017162,13.097828277342662,54.40394625091951,0,2026-10-06 01:36:15
2026-10-05 12:21:00,CNC-03,H,302.24646523829267,310.61780278504955,1534.2837207344085,48.270269518369176,91.9634432788087,2.263034259429282,14.004624707323746,48.1736168412395,0,2026-10-06 01:36:15
2026-10-05 08:57:00,CNC-03,H,295.49282377414477,309.4900495230295,1500.1507538040812,47.05989199530449,45.17501981785961,2.075839508107624,13.287705172673514,59.27190951193988,0,2026-10-06 01:36:15
2026-10-05 13:39:00,CNC-03,H,297.7489192531389,312.10781673866336,1334.8121303728271,50.70336791919263,215.1673368128352,2.563760129261575,12.689840588946636,55.50747632315349,0,2026-10-06 01:36:15
2026-10-05 03:20:00,CNC-02,M,297.29421880779137,310.72650734225425,2423.456650145316,23.153968544328674,159.47092912363445,3.2223724162667198,10.651594380511817,56.58025975726517,0,2026-10-06 01:36:15
2026-10-05 20:03:00,CNC-03,H,300.27445989044566,313.0632574552039,2411.182111304594,22.71222292194696,15.545940715694456,3.021089416450381,10.059926099220473,48.72798209724323,0,2026-10-06 01:36:15
2026-10-05 13:40:36,CNC-01,L,298.8439812118192,312.9701791383696,1393.1765762736418,52.35605367478315,14.193898417259351,2.027130768255208,13.482046317536538,49.68854246618211,0,2026-10-06 01:36:15
2026-10-05 07:46:00,CNC-01,L,296.5255226516241,310.071353900053,1747.9104129505,37.38488016481214,76.67841580269912,2.3757279551390926,12.360392032431703,55.796151580609106,0,2026-10-06 01:36:15
2026-10-05 01:43:00,CNC-01,L,298.41943780447934,310.5464624644711,2571.1070220186552,17.86996704910938,46.29749784876478,3.082336375234444,8.610044439587348,55.79319372300941,0,2026-10-06 01:36:15
2026-10-05 09:30:00,CNC-03,H,295.6736072414349,309.8640787514788,1574.5216012474687,45.43123731296362,95.69448643768817,2.2291995176330976,13.55258478593088,58.68845203440673,0,2026-10-06 01:36:15
2026-10-05 04:58:00,CNC-01,L,301.87226780105044,309.1861907077866,2182.949792966384,28.12783656892536,77.04742833915978,2.704661785609877,11.567354025871374,47.45668070679001,0,2026-10-06 01:36:15
2026-10-05 01:59:00,CNC-03,H,297.9765561314944,309.95853362280974,2747.0013686841507,14.721541944261123,36.42284713461534,3.2742681318895266,7.417243920135031,53.29090548373108,0,2026-10-06 01:36:15
2026-10-05 18:18:00,CNC-01,L,27.082914992585984,40.902951559751784,2215.288671977962,27.246459525934274,191.42909837132717,3.475541985502408,11.349141213455978,47.45516701070621,0,2026-10-06 01:36:15
2026-10-05 18:50:00,CNC-03,H,26.989720343444446,41.14975081697099,2089.468549588172,32.12853131814627,172.24435106336236,3.00796243791501,12.402716695155616,49.7954809550314,0,2026-10-06 01:36:15
2026-10-05 09:49:00,CNC-02,M,295.5106076419332,310.7660423783327,1450.3851045385827,52.98439099658534,233.93154671924592,3.1769540565106427,14.39311589119383,58.48929266267444,1,2026-10-06 01:36:15
2026-10-05 10:12:00,CNC-03,H,295.5205331460301,309.84989496491903,1461.9866980231213,47.782088186497646,161.62662435715373,2.3864551111003056,13.082150993884852,53.04936966081789,0,2026-10-06 01:36:15
2026-10-05 20:23:00,CNC-01,L,300.6033357623924,313.4895151748434,2480.748261224515,20.26975055993673,153.6137348991762,3.339241296486351,9.595828334419002,,0,2026-10-06 01:36:15
2026-10-05 19:55:00,CNC-01,L,300.427009730564,313.2492868049709,2375.3983700935773,20.913044485423317,120.40191511059678,3.1519252976579186,9.059031918203992,47.46351961731965,0,2026-10-06 01:36:15
2026-10-05 22:04:00,CNC-03,H,299.82926063013326,313.193336507662,2448.322990094803,22.165928048261133,153.11383172333584,3.2998450908169783,10.256235174618164,46.97017202762309,0,2026-10-06 01:36:15
2026-10-05 22:01:00,CNC-02,M,298.70426268871415,312.38464819335724,2613.193118934257,20.47986768540199,131.3901141830098,33.66490062189467,9.931882138032433,54.770787620282675,0,2026-10-06 01:36:15
2026-10-05 06:46:00,CNC-02,M,295.86873226780585,311.1924200109638,1933.0280474441943,40.91631642228743,186.91559345806888,2.954930958605918,14.94975287860453,57.230494634539326,0,2026-10-06 01:36:15
2026-10-05 17:16:00,CNC-03,H,299.74316836881883,313.6928530867786,1897.4802047530263,37.65228333914941,47.706693126222554,2.516805572517477,13.058637062856958,51.78377791904579,0,2026-10-06 01:36:15
2026-10-05 06:30:00,CNC-01,L,296.57809757644577,311.23163451106217,1980.7041543632076,36.899137968020625,197.9338950932064,3.348288983167123,13.471644137174,53.809348867577405,0,2026-10-06 01:36:15
2026-10-05 19:56:00,CNC-01,L,300.5839936177384,313.4143073498214,2355.165905117286,22.43786024244658,121.59254722385738,3.185445271526953,9.830695384630141,50.52026360540231,0,2026-10-06 01:36:15
2026-10-05 11:48:00,CNC-03,H,301.88249774553424,309.81964969685316,1361.3579807254494,51.84283998727489,39.698499890638594,1.9765134958481856,13.06566697944705,53.246780574320475,1,2026-10-06 01:36:15
2026-10-05 20:56:00,CNC-01,L,300.46274246615883,314.51551214417066,2477.28468423914,25.777944782269497,191.7018708926935,3.783780853514448,12.308835245369423,52.639522597338626,0,2026-10-06 01:36:15
2026-10-05 16:46:00,CNC-03,H,299.207929548802,313.1653532358697,1928.3547320439748,38.718913416410466,5.669798152127184,2.5207600073963414,14.187596002389927,51.0773791755207,0,2026-10-06 01:36:15
2026-10-05 03:37:00,CNC-02,M,297.3226850609233,311.37125708182316,2347.2484181861378,28.05591206749611,179.30681538827096,3.465007395666149,12.298831502334423,55.51832698867489,0,2026-10-06 01:36:15
2026-10-05 21:07:00,CNC-01,L,300.07821879826946,314.0188429172653,2423.8259612172105,24.060661528856002,204.19357589510673,3.8207882620652556,11.021134943392418,48.00532620726171,0,2026-10-06 01:36:15
2026-10-05 17:57:23,CNC-01,L,299.91847814842777,314.7394729241184,2019.8885679625816,36.547622986381086,162.54720384071413,29.979879707405093,13.956251952184957,50.246890629209325,0,2026-10-06 01:36:15
2026-10-05 18:31:00,CNC-03,H,26.645523912343947,40.814469013231985,2214.9958156066004,30.386989403376475,147.80060803993206,2.9690791768217886,12.536915064161695,55.84584913937372,0,2026-10-06 01:36:15
2026-10-05 19:31:00,CNC-01,L,300.36261561470604,313.2762142886081,2188.213534879908,24.706935508687884,91.09389052681826,2.84809200826432,10.036634347386832,50.63925768920357,0,2026-10-06 01:36:15
2026-10-05 12:28:00,CNC-01,L,297.9691128181495,312.46247571334777,1437.8424125730378,52.291067464147005,88.86947679579274,2.143090288095984,13.914649881316777,57.13592504565475,0,2026-10-06 01:36:15
2026-10-05 16:28:00,CNC-03,H,299.40633699990286,314.55408528178447,1762.6932310510156,44.43859921778962,229.55035904290438,3.1347527331621357,14.49285510479354,54.83590163181788,0,2026-10-06 01:36:15
2026-10-05 07:40:00,CNC-03,H,295.6375700424756,310.50778443124096,1654.1886104174575,45.27604703077154,193.8649972266266,2.7810405063884276,14.026692251705374,59.5180006729015,0,2026-10-06 01:36:15
2026-10-05 19:27:00,CNC-02,M,299.2148647371607,312.7104183571982,2283.275338249822,24.140151284312285,161.21695142577937,3.0959519904888304,10.512735699478872,54.958399508483126,0,2026-10-06 01:36:15
2026-10-05 01:42:00,CNC-03,H,298.2463953748797,310.21981983708804,2548.640254948347,17.45382250562111,17.93813192580771,3.134223066164676,8.546440683087706,53.8006942144728,0,2026-10-06 01:36:15
2026-10-05 18:03:00,CNC-03,H,299.98653461013816,313.92728684046494,1944.6198634615803,35.292420207667725,111.17275053201018,2.5801833751246366,12.968789353838279,52.464939180981496,0,2026-10-06 01:36:15
2026-10-05 09:23:00,CNC-02,M,295.8155858550081,310.89169074673345,1469.4943949601202,51.26014198720661,193.7428213748373,2.709920375413344,14.1017090706844,58.216371932948945,0,2026-10-06 01:36:15
2026-10-06 00:15:03,CNC-02,M,24.535394773309633,36.27803070646155,2651.0081293952157,14.013167409877534,49.817052556551324,3.140642388511651,7.032600485667867,57.86557666389351,0,2026-10-06 01:36:15
2026-10-05 04:07:00,CNC-02,M,297.2559745994392,311.7264591199768,2418.087031473006,26.509538576101615,215.0090676874295,3.7393624544448603,12.298873510895797,52.23715370613724,0,2026-10-06 01:36:15
2026-10-05 14:00:00,CNC-02,M,297.5235316409148,311.31846150937014,1359.5388611121446,46.453741117057476,157.8192439162743,2.276640534467501,11.900009355641238,53.52066760458944,0,2026-10-06 01:36:15
2026-10-05 14:42:00,CNC-03,H,298.446063087399,312.8676398979378,1511.8387582942933,48.749164717703565,71.54637232564228,2.192912789565626,14.00846838906408,53.37159187699485,0,2026-10-06 01:36:15
2026-10-05 09:55:00,CNC-01,L,296.8030082478513,310.22984273296686,1348.5130249596023,47.80499974680521,65.12741000949602,2.0129732601625347,12.144438900962934,55.48087455014129,0,2026-10-06 01:36:15
2026-10-05 01:42:00,CNC-01,L,298.32161407314294,310.55620927614376,2632.1748365251683,18.474124961246076,45.17205279041242,3.22059907090583,9.550252381065155,56.90048300712281,0,2026-10-06 01:36:15
2026-10-05 07:48:00,CNC-02,M,295.78963034161933,310.1450934193173,1586.0163966805242,45.90665287217491,51.665094541138,2.265006279890215,13.500045050625797,58.11073463504556,0,2026-10-06 01:36:15
2026-10-05 09:02:00,CNC-03,H,295.7247163776295,,1567.0311408488103,43.47547351327016,52.67111332430427,2.2943626944398954,12.829512820380744,60.87694455267039,0,2026-10-06 01:36:15
2026-10-05 13:09:00,CNC-03,H,297.3973420708821,312.1383393666365,1533.7872827563215,49.028414876952624,168.00252556846755,2.4285621782131983,14.377980437622904,53.295701081504276,0,2026-10-06 01:36:15
2026-10-05 09:33:00,CNC-01,L,296.71399859244445,310.9345251478,1486.0659892411893,49.255781924975516,30.958445048573015,2.112585319359045,13.443166937052188,56.84136159290984,0,2026-10-06 01:36:15
2026-10-05 14:16:00,CNC-01,L,298.55394527810336,312.483830159627,1550.9679302879213,45.94019338424959,68.60254601341826,2.286999692074167,13.410860853630963,54.91076392005192,0,2026-10-06 01:36:15
2026-10-05 18:08:00,CNC-01,L,300.25962623991586,314.5277407535187,,33.729856682649626,178.3585886617285,3.1166498669003,12.530557548682246,52.348618917980104,0,2026-10-06 01:36:15
2026-10-05 18:37:00,CNC-03,H,26.577948871600313,40.85105597332523,2286.3412600976408,29.753634179982075,155.5599273258089,3.1525527476922908,12.872228571516372,55.10198133657272,0,2026-10-06 01:36:15
2026-10-05 10:01:00,CNC-01,L,296.6956451823027,311.18465263866693,1467.350414596697,50.953589069369905,74.47776974545522,2.007680108347619,13.833955853843232,54.32737005251717,0,2026-10-06 01:36:15
2026-10-05 03:10:00,CNC-02,M,297.1183708950567,310.9674966975309,2458.894065019279,25.76729915496613,148.0324221906879,3.284505212031123,11.83441236463157,55.594192840744114,0,2026-10-06 01:36:15
2026-10-05 07:11:00,CNC-02,M,295.72459280831777,310.6918770280522,1900.5826712953287,39.3342993209127,221.97286190361743,3.4112320691076885,14.200694423616175,58.64125500804534,0,2026-10-06 01:36:15
2026-10-05 06:26:00,CNC-02,M,296.3615030660052,310.8178329779961,1931.069066513868,36.878598925345,159.45805421658994,2.783346298142152,13.558055740243995,58.579027353470316,0,2026-10-06 01:36:15
2026-10-05 04:17:00,CNC-01,L,302.36750052112563,308.97580277988567,2187.4650162131884,24.953961950579078,26.489283872691047,2.8348632087412144,10.105054739634804,45.41825304909923,0,2026-10-06 01:36:15
2026-10-05 02:15:00,CNC-01,L,297.76097740853334,310.85070464940674,2592.377761122543,22.83279950314416,81.59392318438283,,10.955309914186433,58.912449101424315,0,2026-10-06 01:36:15
2026-10-05 08:19:43,CNC-02,M,295.8333400646155,309.6264704979934,1633.0050294778453,40.64622179922991,98.6628666553037,2.4207249884193867,12.431416057112255,62.766279874407324,0,2026-10-06 01:36:15
2026-10-05 13:18:00,CNC-03,H,297.3498699330733,312.1027234450431,1330.9943304524165,54.26591300977944,182.1931113526565,2.3386486660061294,13.684728109867581,55.093075180190105,0,2026-10-06 01:36:15
2026-10-05 15:18:00,CNC-01,L,298.94345864406426,313.49001961641466,1601.9351455533747,45.55100585696671,163.53364561012071,2.646865599536579,13.605243580717,51.5357083910183,0,2026-10-06 01:36:15
2026-10-05 11:27:00,CNC-02,M,295.7656831913924,310.3341130218193,1376.1546987234417,52.742757205068244,131.49282071222711,2.2317147492921134,13.281431068094935,57.85465394680745,0,2026-10-06 01:36:15
2026-10-05 16:06:00,CNC-02,M,298.1556536498193,312.5714882724931,1871.1895822455492,36.358365427705216,134.76405094839532,2.650613290838626,12.496554893266135,,0,2026-10-06 01:36:15
2026-10-05 05:55:00,CNC-03,H,295.7451021755465,309.3923339922063,1972.4199783528518,33.148554439839195,48.0551118500146,2.610268517461459,12.374069177299894,60.69876644242747,0,2026-10-06 01:36:15
2026-10-05 10:45:00,CNC-02,M,295.81717168566746,309.63181554642307,1339.6568272125241,50.66415781867942,64.78479286677222,2.033693719265291,12.778847019058977,59.32740945023173,0,2026-10-06 01:36:15
2026-10-05 12:08:00,CNC-03,H,,309.58307767253785,1250.8335421295526,51.396795768652424,71.35678116106337,1.983337167132973,12.077763715156562,51.75339068785335,1,2026-10-06 01:36:15
2026-10-05 19:47:00,CNC-03,H,300.0270819108287,314.17036998180197,2437.862579280433,26.502939067067576,243.0991695846035,3.8858041981875484,12.287138938772138,55.00025902709257,0,2026-10-06 01:36:15
2026-10-05 03:25:00,CNC-03,H,297.2214275490705,310.73893390027956,2425.6753215555636,23.71484177789899,133.45427720659853,29.89297687268792,10.823880553090863,55.65153397082245,0,2026-10-06 01:36:15
2026-10-05 14:56:00,CNC-02,M,297.99162962893115,312.24709391213827,1526.0347507114022,47.95648666613656,30.59965909803295,2.2789452571664546,13.702243181044032,51.74933084444238,0,2026-10-06 01:36:15
2026-10-05 12:29:00,CNC-03,H,302.1338593511821,309.90880258862774,1348.0912508953313,49.373843817147815,104.63808566329253,2.002860011351216,12.440949976840075,51.78603796581037,1,2026-10-06 01:36:15
2026-10-05 13:11:00,CNC-03,H,297.39868415243023,312.05486666867876,1472.6824062814694,50.391060468813016,171.1582519542396,2.508740308665773,13.895871912393478,58.92263712899211,0,2026-10-06 01:36:15
2026-10-05 14:38:00,CNC-03,H,298.399347083505,312.40366832418164,1460.9916270620452,46.32136321620996,65.32439486925237,2.0973502125277363,12.711972684133052,53.042691014373005,0,2026-10-06 01:36:15
2026-10-05 11:20:00,CNC-02,M,295.9295303810111,309.8172327610788,1286.9863573764055,50.535948610399984,120.32943790531368,2.0538819122034897,12.056380013928875,,0,2026-10-06 01:36:15
2026-10-05 15:07:00,CNC-02,M,297.8888583007499,312.0425271126162,1629.3993330282724,41.658659678711196,47.285472686801874,2.2699084085225336,12.71325867116433,54.84502802512449,0,2026-10-06 01:36:15
2026-10-05 03:07:00,CNC-02,M,297.44402969111815,310.3724577076517,2609.798001036484,18.87005682967693,144.63434539174145,3.3332962735352836,9.218997851036798,60.379902968559264,0,2026-10-06 01:36:15
2026-10-05 04:39:00,CNC-01,L,302.60270927360835,309.51065646442686,2331.107464575458,24.980458660192863,53.4856622439962,2.8618088944731515,10.812795013546587,45.331118844090454,0,2026-10-06 01:36:15
2026-10-05 14:35:00,CNC-03,H,298.288474969366,312.0387945695774,1413.9878449806563,48.895725623343246,60.685051630135284,2.0334386565088804,13.074838697808394,54.71351634846908,0,2026-10-06 01:36:15
2026-10-05 20:46:00,CNC-01,L,300.5490162816932,314.5018828976607,2423.531090808796,26.164121256236644,180.26578200489854,3.6137036688333746,11.971164033222761,56.228364153502966,0,2026-10-06 01:36:15
2026-10-05 15:25:00,CNC-01,L,299.36421256512,314.15875535002397,1642.1710973979448,45.82817635322671,174.13290809662595,2.757683392933807,14.385428760978263,52.86605559748736,0,2026-10-06 01:36:15
2026-10-05 16:33:00,CNC-02,M,298.91657540664704,313.8218128955912,1576.1227243811925,48.045419273423065,173.84630510821324,2.6104784708960067,13.863469324086749,52.943138154236095,0,2026-10-06 01:36:15
2026-10-05 20:12:00,CNC-02,M,299.1372710722603,312.34339909059906,2496.185813216346,22.13030863674079,8.078245450861319,3.0003356420385603,10.293169130118665,53.448982041795134,0,2026-10-06 01:36:15
2026-10-05 12:56:00,CNC-01,L,298.0959708846571,312.58569250138567,1489.9273206668613,49.547453057692735,133.1441811055214,2.4144501536167886,13.795250421602875,57.164814487644286,0,2026-10-06 01:36:15
2026-10-05 14:26:00,CNC-03,H,298.09648509922386,312.0843652758334,1440.1526375274132,49.738287162881825,46.772884944860735,2.1475974920890053,13.403343372624173,,0,2026-10-06 01:36:15
2026-10-05 09:05:00,CNC-02,M,295.446120289711,310.82049337219286,1537.2421320355365,51.772650722405615,166.4176858053924,2.582384956473062,14.707436634598334,66.57968454186656,0,2026-10-06 01:36:15
2026-10-05 16:23:00,CNC-02,M,298.62466735110434,313.63130608874695,1897.0905017265115,40.39524157493317,159.38040519727113,2.833419673456389,14.51089044788526,49.77367722124672,0,2026-10-06 01:36:15
2026-10-05 19:29:00,CNC-03,H,300.046757618105,313.6183940830207,2372.423269719899,23.845395805258683,221.39559008150238,3.5493843516100543,10.693149695922799,53.03014008591379,0,2026-10-06 01:36:15
2026-10-05 02:29:00,CNC-01,L,297.7057253239481,310.4395011309205,2519.1468115856396,20.893504894574797,97.23854598342194,3.211347073213472,9.814406119037384,59.61198073183437,0,2026-10-06 01:36:15
2026-10-05 05:16:00,CNC-01,L,302.02846557106045,309.74481939758687,2147.8706549418084,30.308227901153685,100.0020084791761,2.7684963143570167,12.268692939002904,49.51407733291205,0,2026-10-06 01:36:15
2026-10-05 11:34:00,CNC-03,H,301.89616812111285,309.7367273045857,1429.509952520651,49.2594703711036,17.482657865680785,2.1181584063680745,13.163396400440327,50.18222271897293,0,2026-10-06 01:36:15
2026-10-05 13:07:00,CNC-03,H,297.48100392906406,312.04564346045925,1318.635009534228,53.62239604549667,164.90574526296,2.1701498408121296,13.229891527331276,58.36482957757281,0,2026-10-06 01:36:15
2026-10-05 15:53:00,CNC-01,L,299.54051521472974,314.4795901585251,,41.65612455603907,215.79332130748676,3.4220713897280373,14.073051369701945,47.650178329530014,0,2026-10-06 01:36:15
2026-10-05 22:56:00,CNC-03,H,299.8793813230116,312.0747908974665,2799.820155813882,14.18311018869118,209.37879889740964,3.8496508808644028,7.469165988800429,50.79558883159756,0,2026-10-06 01:36:15
2026-10-05 15:33:00,CNC-02,M,298.63832926234477,313.2130453793546,1607.1988881278335,46.36166210275143,86.16642475987072,2.2843204981269167,14.195659328694767,56.953767281944586,0,2026-10-06 01:36:15
2026-10-05 13:55:00,CNC-01,L,298.75603045836465,312.26942451291615,1377.4946894540951,48.638745443115184,36.106273678771046,2.0278978232783214,12.62206480050002,52.36578911165836,0,2026-10-06 01:36:15
2026-10-05 07:53:00,CNC-01,L,296.4704992396251,310.56611113662694,1776.3056784591959,39.25475279813895,86.80969999355702,2.460714614269348,13.245489496233848,65.30835551788132,0,2026-10-06 01:36:15
2026-10-05 03:47:00,CNC-01,L,297.1136129018885,311.64340898605013,2331.4932015029344,29.734129567199368,186.61230660142536,3.5932284482531838,13.00979367090954,54.341709549040296,0,2026-10-06 01:36:15
2026-10-05 06:25:26,CNC-01,L,296.26925083605636,311.48785155737596,2092.3708088990206,37.42020280443423,192.5014955707311,3.4151915942008606,14.688286394953849,58.74008481681679,0,2026-10-06 01:36:15
2026-10-05 12:05:00,CNC-02,M,296.55564877424507,311.5846830675952,1408.1835812136792,53.79510570151701,191.8659955231615,2.593426812373735,14.164301796414636,59.81450380093011,0,2026-10-06 01:36:15
2026-10-05 06:53:00,CNC-02,M,295.9402412943404,310.8989867249609,1826.3196169055589,40.59489521953455,196.71211111714697,2.9816725934822492,13.925026341716563,65.6984904178739,0,2026-10-06 01:36:15
2026-10-05 08:58:00,CNC-02,M,295.98350603394186,310.7262424907721,1585.208557421562,47.38000271452222,155.64938264239973,2.519614440168487,13.75667467890569,66.0415921182038,0,2026-10-06 01:36:15
2026-10-05 19:23:00,CNC-02,M,299.093100242657,313.0349577471391,2215.176151145289,27.763116886615194,156.29858593782768,3.2133854645866213,11.593565541659693,52.830537033497606,0,2026-10-06 01:36:15
2026-10-05 23:37:00,CNC-01,L,26.710123193108586,39.03011402593637,2675.2797463205143,16.420654237078196,158.84269731392172,3.6007452216660427,8.177334560532358,51.49036036073914,0,2026-10-06 01:36:15
2026-10-05 19:48:00,CNC-02,M,299.13839102912937,313.0616056075058,2300.4493239167136,26.37222611018044,186.75754112318054,3.5141294294430856,11.264599177128757,54.54578280914151,0,2026-10-06 01:36:15
2026-10-06 01:33:00,CNC-01,L,298.7820494737156,310.09453417400107,2849.4568870237686,11.8276977930753,69.21100613246891,3.301817015970465,6.297835287797946,56.73471901547765,0,2026-10-06 01:36:15
2026-10-06 00:40:00,CNC-02,M,297.52395890772226,310.4032959814566,2789.734660059176,16.932860059431796,76.28893928344988,3.342501046849122,8.73407013434595,56.43234747662344,0,2026-10-06 01:36:15
2026-10-05 23:38:00,CNC-02,M,24.96647990966312,36.40880888298835,2736.16189359984,11.929909684690395,10.637992149470046,3.2478816812978484,6.048321616027719,52.16402188394985,1,2026-10-06 01:36:15
2026-10-05 09:36:00,CNC-01,L,296.581302080044,310.27759961058166,1470.4077405947808,45.74471414000913,35.634063307942164,2.16058038587907,12.728892687268123,56.258013892582525,0,2026-10-06 01:36:15
2026-10-05 17:14:00,CNC-02,M,299.12845823178264,314.5394892293725,1928.217922322082,40.81954625066512,231.21891189857425,3.471553769442657,14.741114005822627,55.10656171433572,0,2026-10-06 01:36:15
2026-10-05 08:28:00,CNC-02,M,295.90064887814253,310.37324123247294,1583.1388297561273,46.425492191591765,110.48708584857384,2.248466674513014,13.809383432981134,60.97949471650706,0,2026-10-06 01:36:15
2026-10-05 05:58:00,CNC-01,L,301.94171048420833,310.80793168261755,1904.1032156512103,39.41192031164818,154.8307816693059,2.835001993400801,13.906490163039999,49.2967729684333,0,2026-10-06 01:36:15
2026-10-05 05:56:00,CNC-03,H,295.96742069207335,309.7481174996733,1917.1620289618224,36.20223925734389,49.4116328865274,2.4884826759759866,12.669985873099758,56.77622680627442,0,2026-10-06 01:36:15
2026-10-05 18:27:00,CNC-03,H,26.700431093078464,40.59793089477131,2028.0277559851252,31.461847839634554,,28.102686347520844,11.863453706104501,49.81065443353354,0,2026-10-06 01:36:15
2026-10-05 17:51:00,CNC-03,H,299.6841595049675,313.6583152840123,2124.7390923295443,32.468677748521614,95.3519277741739,27.429343849871582,13.11552918502502,50.52457734390558,0,2026-10-06 01:36:15
2026-10-05 12:44:00,CNC-01,L,297.94923687634446,312.4622913283921,1436.8615234201052,53.034959986044235,114.19317678674514,2.177197315214454,14.44947289654641,55.68967606323196,0,2026-10-06 01:36:15
2026-10-05 05:13:00,CNC-03,H,295.97067491071243,311.5812273542472,1999.1733278536008,39.86990863287436,265.0062390197232,3.8240752322045224,14.930680213270465,62.231505203445394,0,2026-10-06 01:36:15
2026-10-06 00:43:00,CNC-02,M,297.5269157954636,310.2813892593573,2564.405586864498,18.529044616815497,79.53176692418155,3.138342460833363,8.94858368722012,51.205354530682044,0,2026-10-06 01:36:15
2026-10-05 01:58:00,CNC-03,H,298.07660322722154,310.15921939911937,2466.1762029008214,18.53249937344564,35.343001436426356,29.969551449643934,8.270520310117451,50.61589720858343,0,2026-10-06 01:36:15
2026-10-05 09:48:00,CNC-03,H,,309.84203357868233,1383.4806104299544,51.45609931270594,123.84803597568188,2.267780983392328,13.778911665892247,55.76068462677937,0,2026-10-06 01:36:15
2026-10-05 14:48:00,CNC-02,M,298.3958194259359,311.9294948958369,1597.999811427827,41.68573685987437,18.3671595543421,2.1752222121927467,12.33972396760646,52.241687912138275,0,2026-10-06 01:36:15
2026-10-05 02:52:00,CNC-01,L,297.5196760750449,311.0917162983421,2432.1768453392515,24.67205501893523,123.01386309220474,3.225891960325478,11.1005492635773,54.497569596356044,0,2026-10-06 01:36:15
2026-10-05 05:08:00,CNC-01,L,302.0446133769761,309.9180840804232,2019.644758137378,33.203594533524495,89.70162751042413,2.680564683929713,12.530407279502134,46.16727974916773,0,2026-10-06 01:36:15
2026-10-05 14:54:00,CNC-03,H,298.6776041675169,312.54057510603803,1504.6816488550112,45.675776337618906,89.87063262688748,2.2976833724476022,12.793950472533204,53.19135763319844,0,2026-10-06 01:36:15
2026-10-05 17:10:00,CNC-03,H,299.8856376549829,313.71716607424736,1870.099646974376,36.709996190365686,39.32080468684837,2.510554521597467,12.779373452203258,56.14492431814288,0,2026-10-06 01:36:15
2026-10-05 17:38:00,CNC-03,H,299.8067176279052,313.76918601300423,1868.8275051510363,36.27848454645705,77.76751415226495,2.433669016654548,12.445439592778232,55.64702115791815,0,2026-10-06 01:36:15
2026-10-06 01:01:59,CNC-03,H,298.4470941439299,310.18813861752216,2655.9962721493484,15.230215572111469,75.6436894947364,3.1623662551819156,7.898114947403102,53.473032262489966,0,2026-10-06 01:36:15
2026-10-06 01:24:00,CNC-02,M,297.2849149435766,309.4046360905261,2673.3524312622976,13.778350490573768,123.3379977014521,3.332942568866127,6.770078798197299,54.14330724574943,0,2026-10-06 01:36:15
2026-10-05 02:09:45,CNC-02,M,297.7963661514164,310.0381005274622,2576.4153898357663,18.413049885235754,80.40864572093409,3.177070437065091,9.011025117528346,57.38191763804666,0,2026-10-06 01:36:15
2026-10-05 05:33:00,CNC-01,L,302.01127415112126,309.7048141927888,2134.5173488312653,29.434405577801027,121.81335114215908,2.868543457611602,11.770881294871653,47.84645070074068,0,2026-10-06 01:36:15
2026-10-05 02:48:00,CNC-02,M,297.9659814711575,311.0449597478062,2601.988234518694,20.156422828850708,122.95174523889557,3.182846223655933,9.79618587422706,55.02436761458495,0,2026-10-06 01:36:15
2026-10-05 08:34:00,CNC-02,M,295.72042595410454,310.1776216860269,1644.8407377732876,42.92996313255598,119.51024705682896,2.4220953274087953,13.09736547334635,58.304362158044555,0,2026-10-06 01:36:15
2026-10-05 06:09:00,CNC-02,M,296.2866371275985,310.53256074610954,2069.0635280196643,34.91074252428641,136.63916119623084,2.8255035779582762,13.53605864230255,56.69988699914419,0,2026-10-06 01:36:15
2026-10-05 15:08:00,CNC-01,L,298.8745621441473,313.6722639521338,1806.7931170468287,42.88729453434316,148.48264691283669,2.7427270486515227,14.441843698677134,53.490262796081126,0,2026-10-06 01:36:15
2026-10-05 22:09:00,CNC-01,L,299.7158388226763,312.4417989805808,2523.13850542066,21.906117934504394,64.34731082754458,3.158652892364758,10.340746449422321,51.904195418840665,0,2026-10-06 01:36:15
2026-10-05 12:57:00,CNC-03,H,297.29778047422036,311.71134186820944,1347.3855878326583,51.63648965496128,149.06000066973948,2.2425650043109115,12.878777108239294,53.844716388494874,0,2026-10-06 01:36:15
2026-10-05 10:56:00,CNC-02,M,295.9983141210111,310.40479533754785,1397.6902213809094,50.64516297320182,82.21523115982397,2.049641263215857,13.26306012817682,59.21331360747306,0,2026-10-06 01:36:15
2026-10-05 10:19:00,CNC-03,H,295.7629844105322,310.7773955786826,1484.0114353717015,51.70673342949519,172.52916397644233,2.407466822556246,14.481468794775653,62.14913932805289,0,2026-10-06 01:36:15
2026-10-05 10:08:00,CNC-02,M,296.04805488757455,310.1028267591726,1466.9266698792092,48.797105169399835,6.28955078123334,2.1900752518889925,13.538033413463683,57.28382420954298,0,2026-10-06 01:36:15
2026-10-05 06:39:00,CNC-01,L,296.3278142542424,311.3946323820611,1735.820786285336,44.30177309792509,210.31474107616626,3.2257711910018085,14.339876153842665,57.98349332166956,0,2026-10-06 01:36:15
2026-10-06 01:01:00,CNC-03,H,298.42951441751296,310.80654805452065,2670.3541581571244,18.01817935363823,74.57667983730151,3.165274326807517,9.126100203124054,51.623754911856054,0,2026-10-06 01:36:15
2026-10-05 15:16:00,CNC-01,L,299.08468886054965,314.0633453434281,1665.9446623048366,46.93687291541815,160.512796549648,,14.521575514386068,50.449413365824256,0,2026-10-06 01:36:15
2026-10-05 04:10:00,CNC-01,L,302.36227019868824,309.24318037833103,2344.201571964343,24.962385703863198,17.978545235494483,2.8125014632669667,10.887052841708133,49.70880118475231,0,2026-10-06 01:36:15
2026-10-05 19:17:00,CNC-02,M,299.0922041259982,313.3795584089442,2316.940214911275,27.687340306276063,148.85798567774637,3.1388334117534282,12.045524140079033,52.83113415769506,0,2026-10-06 01:36:15
2026-10-05 20:24:48,CNC-02,M,298.8896984363579,311.7462434024509,2407.669132607906,22.33377843600537,22.097191449488562,3.0779079008127166,9.967088101598272,51.367141381893056,0,2026-10-06 01:36:15
2026-10-05 09:09:00,CNC-03,H,295.38157452321695,309.58091699742306,1448.070828931869,50.90953503041007,63.43353293983361,2.0414026096695244,14.044302544004523,60.31442341000718,0,2026-10-06 01:36:15
2026-10-05 13:26:00,CNC-01,L,298.514818869247,313.9912245579278,1434.319363243962,57.9091669299764,180.60525346768426,2.560159180043173,15.38503542029807,57.334069176901544,0,2026-10-06 01:36:15
2026-10-05 15:20:00,CNC-02,M,297.8677318481936,312.68108190267543,1624.3837172362553,46.714616601386176,66.83959715779453,2.3622371550247974,14.332623646213737,55.37186622232231,0,2026-10-06 01:36:15
2026-10-05 15:43:00,CNC-01,L,299.48973647614986,314.31019595804395,1562.961948198683,48.04782455070287,200.9510413448671,3.012110765206508,14.09454189327348,50.8956919452167,0,2026-10-06 01:36:15
2026-10-05 04:49:00,CNC-02,M,296.07826579822375,309.65250107092004,2304.8601345903053,27.37720230276928,33.471041613306994,2.9292558616786155,12.041689651729971,59.10233448958672,0,2026-10-06 01:36:15
2026-10-05 02:29:00,CNC-02,M,297.6995314725178,310.76519052011406,2576.775385637426,20.477363282932075,101.35571816927059,3.170764866125505,9.939706000642907,55.88911322044996,0,2026-10-06 01:36:15
2026-10-05 14:19:00,CNC-02,M,297.58059896228434,312.7980238829495,1549.5831060688317,50.8931511308986,187.52857518007826,2.8166592038126854,14.895758817088643,55.09419731875036,0,2026-10-06 01:36:15
2026-10-05 05:52:00,CNC-02,M,296.22966364326754,310.30928324021954,2059.1656921445624,32.798438158987004,114.02943214665646,2.7457095583992834,12.441977153388583,54.1248318098891,0,2026-10-06 01:36:15
2026-10-05 22:07:00,CNC-02,M,298.5683216385492,312.80128653944473,2459.595457672317,26.923087223391217,138.09316000129257,3.2072553476435446,12.49128692956169,53.63146110530264,0,2026-10-06 01:36:15
2026-10-05 21:46:00,CNC-03,H,299.7345858878149,312.4459882472331,2555.707636262734,18.637760487807217,133.19466031606447,3.27198662816515,8.943169316835919,56.919138518237936,0,2026-10-06 01:36:15
2026-10-05 23:37:00,CNC-02,M,24.987990766354017,36.76798545858628,2674.4078993165954,14.575849525831162,9.58571541761097,3.172833058210533,7.1077717585286875,52.56556433993172,0,2026-10-06 01:36:15
2026-10-05 10:28:00,CNC-02,M,295.705361225919,309.9029645288205,1464.6930971701968,50.114238921161856,38.000750486961195,19.95949655070665,13.820647864162224,56.42323315086874,0,2026-10-06 01:36:15
2026-10-05 12:24:00,CNC-02,M,296.7844527334489,310.58136716652604,1428.8845971335545,48.29603407806012,6.353323272007336,2.039515428651123,13.09372672901072,56.40942264064609,0,2026-10-06 01:36:15
2026-10-05 08:17:00,CNC-03,H,295.50850727153284,310.5493228687782,1729.0368974973599,43.40444580837524,248.12819541153803,3.347743665145971,13.827021043742501,60.064656245752765,0,2026-10-06 01:36:15
2026-10-05 07:36:00,CNC-01,L,296.5945163571645,310.9023325573295,1801.0066709111159,38.90895310742599,62.092587929956714,24.134500594754225,13.138894343633572,55.2026216222117,0,2026-10-06 01:36:15
2026-10-05 08:42:00,CNC-01,L,296.16451435579,311.3016903418637,1590.7240570558945,50.891126815708546,159.62571259101884,2.6771582603601227,15.10624921917548,55.26244874928842,0,2026-10-06 01:36:15
2026-10-05 19:13:00,CNC-02,M,31.577293743026075,40.06491648147829,2126.2007952880767,31.95162859767237,143.9665346443014,29.02585239173842,12.455776446283341,39.45333446157439,0,2026-10-06 01:36:15
2026-10-05 22:53:00,CNC-01,L,299.83242031305343,313.0150818864931,2699.858694487407,20.16741501438539,111.95292270392619,3.370405018546447,10.678892669554852,51.75106242914736,0,2026-10-06 01:36:15
2026-10-05 19:46:00,CNC-03,H,299.8803871436251,314.35562764768594,2468.9393401359407,26.175614322197735,241.92294788383458,3.996055721388292,12.027025831788354,53.26864482026024,0,2026-10-06 01:36:15
2026-10-05 02:47:00,CNC-02,M,297.7040813721466,,2447.583975092045,22.017099680554594,121.81746613108146,3.073960745880152,10.136463897931874,61.55840955728516,0,2026-10-06 01:36:15
2026-10-05 14:30:00,CNC-01,L,298.6587937680442,312.76332561743214,1551.4944893592876,47.0297236107822,90.2710317820129,2.2518326552664676,13.700429896900413,52.01001803917891,0,2026-10-06 01:36:15
2026-10-05 07:47:18,CNC-03,H,295.63165132213265,310.6019220237136,1559.196180265183,48.76072653555518,205.43746022148423,2.7724362057996554,14.030507526398823,57.43466277828889,0,2026-10-06 01:36:15
2026-10-05 20:49:00,CNC-03,H,300.12111038032674,313.23059904185766,2483.776197939427,23.186687570508337,69.05127507017387,3.1974521748872773,10.885724510734272,53.5469088174734,0,2026-10-06 01:36:15
2026-10-05 05:44:00,CNC-02,M,296.0287371051739,309.95267754646613,2097.7588881182983,31.54301039441914,103.52015440376925,2.8062527408098927,12.488248660921093,56.29080519063875,0,2026-10-06 01:36:15
2026-10-05 21:16:00,CNC-01,L,300.07046291153057,311.8008943633448,2605.6911872099904,15.021206816125693,5.489641196213758,3.180178634736339,7.465080306235249,49.46818455482303,0,2026-10-06 01:36:15
2026-10-05 06:35:00,CNC-03,H,295.76366805365876,309.6426282999913,1826.6740157313864,36.605825059663566,102.18420864509856,2.5585883302405277,12.382301789194592,64.8319881791445,0,2026-10-06 01:36:15
2026-10-05 18:50:00,CNC-02,M,31.34062917054098,39.01897664286639,2163.475740872706,27.716240811149063,115.02469045830992,2.881505468377731,11.472339250464621,45.71173560535532,0,2026-10-06 01:36:15
2026-10-05 10:14:00,CNC-02,M,295.9402487887515,309.90466709741384,1426.8115334908991,48.69427459374964,15.785894287338076,20.792490587194145,13.049615094008242,57.548386945452336,0,2026-10-06 01:36:15
2026-10-05 18:06:00,CNC-01,L,300.3881353728308,315.5353075262105,2106.1964587504285,38.269428049378185,175.7427575529836,3.218997879979113,15.023361586043674,49.12573108218559,0,2026-10-06 01:36:15
2026-10-05 16:53:00,CNC-01,L,299.8740691604848,313.8135176619776,2028.4365680822004,34.60958890187235,75.82784372509589,2.6204709802952992,13.028131620151793,54.811327798812684,0,2026-10-06 01:36:15
2026-10-05 18:32:00,CNC-02,M,31.608174911847982,40.31039204874901,2159.379730754866,33.46758302279426,91.87643510700178,2.811381027620414,13.517692994806422,42.426745263113176,0,2026-10-06 01:36:15
2026-10-05 04:04:00,CNC-02,M,297.17139356273555,310.61070411279707,2447.2725786093038,23.3692501375648,,3.7525384224127194,10.695860933719812,55.93296271303987,0,2026-10-06 01:36:15
2026-10-05 20:36:00,CNC-01,L,300.30562597471436,313.3751882886508,2483.1960927611754,20.866905104769025,168.6934330526372,3.5623632014678295,9.597417292834889,55.602008666066325,0,2026-10-06 01:36:15
2026-10-05 16:13:00,CNC-01,L,299.4460352699777,313.11099811222925,1601.5207974569807,42.71790454530747,19.006829849157562,22.91685378945663,12.79216379091424,59.93246268074632,0,2026-10-06 01:36:15
2026-10-05 13:40:00,CNC-02,M,297.48098802929405,312.35163811662005,1486.9505328939188,51.992880627945134,126.46050302887886,2.2513521929392892,14.792521062428392,55.64173533894286,0,2026-10-06 01:36:15
2026-10-05 08:47:00,CNC-02,M,295.614795860092,309.8408144809097,1527.3092277784551,46.07028553481248,139.07363448871845,2.429541824314095,13.193621085669772,55.587122369791985,0,2026-10-06 01:36:15
2026-10-05 23:55:00,CNC-01,L,26.327834634673252,39.65775786203352,2727.4179305547605,20.049735591868334,177.94227264985736,3.7511461429451605,10.37519192063563,53.70378258815836,0,2026-10-06 01:36:15
2026-10-05 07:05:00,CNC-02,M,296.23311811330433,311.3032626781538,1936.5780219898668,38.562460082836886,213.48936527959296,3.339905081289707,14.027256215129771,57.92268710732441,0,2026-10-06 01:36:15
2026-10-05 09:57:00,CNC-02,M,295.65294743037344,310.7168318766543,1337.8076905507714,53.32326569897049,246.45114157681192,3.089889724264351,13.628771631696683,57.46901668551686,1,2026-10-06 01:36:15
2026-10-05 15:48:00,CNC-01,L,299.77124865226995,314.921202416268,1595.9406880399974,50.6215239836272,208.4552599999324,3.0266941244872636,15.248024772744731,53.00668312555841,0,2026-10-06 01:36:15
2026-10-05 08:37:00,CNC-02,M,295.7103367338724,310.1230923843574,1731.0193077172598,40.659612838098546,123.98869614321558,2.537677435306934,13.41954406087309,61.39027976051504,0,2026-10-06 01:36:15
2026-10-05 08:47:00,CNC-03,H,295.14900027271403,309.21041015723233,1546.6968729560308,45.963373795597136,30.043438827129933,2.1855828541242515,13.454628695088573,59.628144180477655,0,2026-10-06 01:36:15
2026-10-06 01:22:12,CNC-03,H,298.29997874727053,310.4908869857231,2649.1092054468145,15.990272891903683,95.92506321326155,3.2771218224147276,8.149082011179871,54.44343594333564,0,2026-10-06 01:36:15
2026-10-05 10:29:00,CNC-01,L,297.0813924766606,311.1567514274926,1304.4354909464294,51.9117882600031,118.46509480898003,2.181713977361494,12.532669850701424,57.64282012520473,0,2026-10-06 01:36:15
2026-10-05 16:03:00,CNC-03,H,299.3542699885146,313.85924604879705,1613.354147064808,42.95674596614754,193.34488546236827,2.7343107660228516,13.22044776863289,55.526250251510696,0,2026-10-06 01:36:15
2026-10-05 21:57:00,CNC-01,L,299.7812439550888,311.137078564575,2544.930132042105,15.353491287278798,51.069097691632116,3.042147507641625,7.383043266865958,50.61579680415072,0,2026-10-06 01:36:15
2026-10-05 14:43:00,CNC-03,H,298.69254446053174,313.03202474030434,1571.2539102088306,47.010717859242384,73.0832334159508,2.1854506684104833,14.017365684878827,,0,2026-10-06 01:36:15
2026-10-05 05:29:00,CNC-01,L,302.4262069677279,311.34568244476833,2200.3459240349985,36.431292049166316,116.71055024947536,2.946558660299136,14.798038844951524,47.58313855370466,0,2026-10-06 01:36:15
2026-10-05 12:46:10,CNC-01,L,298.08424739728565,312.66718933062236,1443.6322672877166,51.29490914892473,115.77336410051227,22.339816891268757,13.94792063979198,50.93532528936964,0,2026-10-06 01:36:15
2026-10-05 04:49:00,CNC-03,H,295.9000636689443,310.23181640040906,2276.2080975520653,28.2654132045259,234.92130548134892,3.666059455727051,12.12043666432651,59.24586621693142,0,2026-10-06 01:36:15
2026-10-05 12:11:00,CNC-02,M,296.68005062332867,311.40490102512194,1444.0302800465795,49.61414592865145,201.40751156663336,2.759005981138167,13.227331645816182,57.05349901067016,0,2026-10-06 01:36:15
2026-10-05 17:08:00,CNC-01,L,299.9235173866001,314.90643777938016,1864.774309647918,42.27752518325573,97.05737179988311,2.540262703226024,14.56251799797337,52.975993297761796,0,2026-10-06 01:36:15
2026-10-05 04:42:00,CNC-03,H,296.2057526089067,310.65480205519236,2232.0672034339236,29.744838675417924,226.0956166300939,3.5677977057122923,12.344821077106248,57.90287803580273,0,2026-10-06 01:36:15
2026-10-05 16:50:00,CNC-02,M,298.7300797841997,313.747583719221,1949.1893068541167,38.08329797211538,197.81508157273345,3.1171181807399906,13.754111603533874,51.85266410105987,0,2026-10-06 01:36:15
2026-10-05 04:59:00,CNC-01,L,302.28046322054104,310.445377156468,2185.119655733772,32.49186561404497,78.33486109051914,2.7740091176572927,13.199108450959868,46.90994637202725,0,2026-10-06 01:36:15
2026-10-05 21:45:00,CNC-03,H,299.84123797585215,9860.403181960082,2708.4148346504157,18.192473201145972,132.0635199570779,3.4631025107112543,9.28541477198025,48.28445336045795,0,2026-10-06 01:36:15
2026-10-05 20:38:00,CNC-02,M,298.9318894273038,312.65730106468027,2408.9935954437024,25.70238384961526,38.27342167442886,2.9218578358076472,11.651114293423017,58.00010706301522,0,2026-10-06 01:36:15
2026-10-05 18:31:00,CNC-02,M,31.621894166306447,40.32802592255945,2092.038118114649,35.671203433686955,90.54369845879796,2.7585036495162654,13.934023756352154,48.18396795247095,0,2026-10-06 01:36:15
2026-10-05 09:42:00,CNC-01,L,296.7451550502026,310.75680599481143,1459.971051443563,49.65165895578052,44.88891741806448,2.1389318441301293,13.728992372568774,56.97999067184142,0,2026-10-06 01:36:15
2026-10-05 03:03:00,CNC-01,L,297.77026538445944,310.790402339226,2609.9776280361502,20.406298854072826,,3.4655452281863717,9.860098002458486,56.41865899936567,0,2026-10-06 01:36:15
2026-10-05 15:52:00,CNC-03,H,298.9850518359331,314.0922350333804,1591.5984007415586,48.99619418636799,177.18281596978412,2.592001220697621,14.628479526733766,51.191000554696515,0,2026-10-06 01:36:15
2026-10-05 18:04:15,CNC-02,M,304.69790329910813,312.8741435902847,2151.75384912779,32.89204821307987,55.159821392807245,2.7448788270176676,13.009513417479363,44.01709480923707,0,2026-10-06 01:36:15
2026-10-05 12:13:00,CNC-02,M,296.4845261534958,311.17352152733685,1330.5058238962336,54.059338900328285,204.59831152389668,2.743527955793362,13.136654874143705,51.88260202743056,0,2026-10-06 01:36:15
2026-10-06 01:07:00,CNC-03,H,298.61243256270586,311.90348355133403,2598.6612680188227,22.71432147555176,80.96440294294598,3.186267304963898,11.004327348838014,57.65137482755088,0,2026-10-06 01:36:15
2026-10-05 11:30:00,CNC-02,M,295.9092170660654,310.408217878649,1385.4722002817366,51.773993543434244,136.27686036039827,2.3304797827462904,13.106004541639118,56.29094246036855,0,2026-10-06 01:36:15
2026-10-05 05:16:00,CNC-02,M,296.0648101813783,308.92135562333755,2314.3497430026646,24.894237537378107,67.4750497180173,2.9498949856991867,10.495857406977965,63.55743021698958,0,2026-10-06 01:36:15
2026-10-05 07:06:00,CNC-02,M,295.8666684791491,311.22741531818576,1859.5451084853637,43.420640784291656,214.9021855099649,3.304245025895256,15.138213121066352,59.43471360892371,0,2026-10-06 01:36:15
2026-10-05 05:55:00,CNC-01,L,302.07964426926577,309.862538644255,,30.169864827885352,150.79425133705098,2.9175895135628975,11.624235152785191,48.85118309436175,0,2026-10-06 01:36:15
2026-10-05 20:30:00,CNC-01,L,300.3315876681975,314.09933692057297,2293.25414496155,27.171835307465013,161.7853061873902,3.1642681394092294,11.469743765543097,52.4147589718999,0,2026-10-06 01:36:15
2026-10-05 16:44:00,CNC-01,L,299.866279607872,314.1258418651344,1925.598715483369,37.585699958098445,63.28672567013409,2.5429880381968935,13.426514450725367,53.25164952482477,0,2026-10-06 01:36:15
2026-10-05 18:42:00,CNC-01,L,27.08326967288599,40.89581765266928,2152.2340756501458,31.479945713568597,29.851009721401745,2.610311923501946,12.465864874990737,51.4198025988262,0,2026-10-06 01:36:15
2026-10-05 06:21:00,CNC-02,M,295.98497471068106,310.5500125804369,1965.5353467626433,35.58549822653189,152.76375383871223,2.934128882027343,13.429881952018555,62.666042663276706,0,2026-10-06 01:36:15
2026-10-05 12:13:00,CNC-01,L,297.6951548510821,311.88177573341545,1357.5995351289705,54.50977658600023,65.11062359531267,2.1202304254107567,13.639238459654889,53.55126608584768,0,2026-10-06 01:36:15
2026-10-05 05:24:00,CNC-03,H,295.9801249499216,308.8467468069455,1991.8016434071728,29.168612109517273,7.64895751031467,2.626601874085189,10.960551230305288,61.11741410995042,0,2026-10-06 01:36:15
2026-10-05 16:01:00,CNC-02,M,298.4219118370991,313.32352505961546,1657.7319228969784,46.37864226345978,127.49373270656787,2.4809194424607153,14.609222991124058,55.648054986119845,0,2026-10-06 01:36:15
2026-10-05 16:54:00,CNC-01,L,299.64632243605064,313.0524768789967,1969.1971498282485,31.07114254590895,77.20041494716105,2.669894299861833,11.61489768136759,54.85973115835124,0,2026-10-06 01:36:15
2026-10-05 14:59:00,CNC-03,H,298.62762339680677,313.0882140718126,1772.2587955103331,41.5717559872477,97.52308766369435,2.3241319284725774,13.673801258405593,54.93885726892989,0,2026-10-06 01:36:15
2026-10-05 05:36:00,CNC-01,L,302.1017873461975,310.12855146981735,1956.9941419015618,34.5557152000001,125.79713892820584,2.715957743254796,12.489866689362366,46.66590970731998,0,2026-10-06 01:36:15
2026-10-05 22:55:00,CNC-02,M,298.2450049213508,311.9276620325038,2615.9786128796436,,190.06459726030153,3.7174106242489375,10.772214617588435,54.92564810589812,0,2026-10-06 01:36:15
2026-10-05 13:48:00,CNC-03,H,297.9245373823341,313.0055031025638,1414.6953877724109,53.236112692085015,229.24870146843153,2.903629368097208,14.23722232405944,54.20171808218159,0,2026-10-06 01:36:15
2026-10-05 11:53:00,CNC-02,M,296.1879168695802,310.96633567435964,1348.2629303074207,52.60294781696628,172.80452171279373,2.4390684300940575,13.125260488996632,59.01220469288649,0,2026-10-06 01:36:15
2026-10-05 13:33:00,CNC-01,L,298.42996037895637,312.30557411984046,1337.3105244786645,51.19205368205456,1.598906858585218,2.0929715383439276,13.200003333604862,55.907517875839744,0,2026-10-06 01:36:15
2026-10-05 15:35:00,CNC-02,M,298.08944551580356,312.79208313234847,1700.0852074258542,43.68968294815708,89.06464023137471,2.4268390648243923,13.97770040986511,52.15691640622184,0,2026-10-06 01:36:15
2026-10-05 22:09:00,CNC-02,M,298.8127662325318,312.20538554165336,2595.9307356674576,20.53640177656894,140.29747675311242,3.4043557307608046,9.91565089702622,57.29396749466051,0,2026-10-06 01:36:15
2026-10-05 20:55:00,CNC-02,M,298.50179415602304,311.25134222477965,2333.3298831232732,21.30771605561845,57.80494764695451,2.953625086003144,9.594172908966383,55.30107144049419,0,2026-10-06 01:36:15
2026-10-05 12:38:00,CNC-01,L,298.09423051015557,312.4209088973634,1365.3423661647382,,104.70574276790578,2.203172220771482,13.402903589072622,56.03922554183661,0,2026-10-06 01:36:15
2026-10-05 10:59:00,CNC-03,H,296.00421166354903,310.7597769176874,1333.4775661656388,55.155307726388145,235.59277486231164,2.923926159418434,13.825961593072222,61.1365752621667,0,2026-10-06 01:36:15
2026-10-05 19:50:00,CNC-03,H,299.8858723435742,313.2126822892254,2342.114720039143,26.94143171349113,0.0,2.854963633481179,11.650181004357092,52.11733221075505,0,2026-10-06 01:36:15
2026-10-05 17:33:00,CNC-01,L,299.9794974999474,314.3702158542621,1998.8635713019212,35.98749525025974,131.57109749631869,2.8288596566190134,13.270768419068657,48.330326596738445,0,2026-10-06 01:36:15
2026-10-05 17:05:00,CNC-02,M,298.8609720413451,314.18856604847235,1980.6584846750131,38.896080237046185,218.63145961009872,3.4318445236017294,14.40372859642993,50.49063667503667,0,2026-10-06 01:36:15
2026-10-05 04:37:00,CNC-02,M,296.7463558734122,309.3691644810523,2303.1149511997437,22.536531988631065,18.54273145720116,2.890649764656924,9.681346719360329,55.77679644665387,0,2026-10-06 01:36:15
2026-10-05 21:17:00,CNC-01,L,300.229668224577,313.2980733408636,2545.235408036621,23.900893814344172,6.613918422287744,30.65750009038405,11.163947118892192,45.80701485182432,0,2026-10-06 01:36:15
2026-10-05 06:43:00,CNC-02,M,295.8489419248435,310.22162666733436,1932.964366125689,34.62810352205035,182.8010794441884,3.048627655806553,12.633707494249226,55.642864129155285,0,2026-10-06 01:36:15
2026-10-05 10:35:00,CNC-03,H,295.9841434517895,310.968891656846,1470.3445017263225,52.7043473638911,197.62289348368273,2.6197998728366034,14.618872472946427,61.93075471589401,0,2026-10-06 01:36:15
2026-10-05 04:54:00,CNC-01,L,302.06419691225784,,2214.9274320939094,27.872664730761862,71.99736303270637,2.830787154146275,11.585584721172648,49.245235499169105,0,2026-10-06 01:36:15
2026-10-05 08:39:00,CNC-02,M,295.8938974417244,310.67213262366863,1540.5494961367367,49.356043908509115,127.02620943523914,2.421980555551474,14.200492340908646,58.71546103652481,0,2026-10-06 01:36:15
2026-10-05 08:56:00,CNC-01,L,296.0834369369582,310.9378496095887,1452.671335690049,51.50498242330809,180.84513479090933,2.625039423753391,13.917171938919717,56.13581908068774,0,2026-10-06 01:36:15
2026-10-05 18:21:00,CNC-01,L,27.10029549530526,40.80219396454868,2119.7657173558805,32.5919607509966,2.6117172047415873,2.7753625621593123,13.023342436467297,49.64582278640701,0,2026-10-06 01:36:15
2026-10-05 18:54:00,CNC-03,H,26.90780193603132,41.35441277322565,2184.247464594584,32.94379462925201,177.38307600595763,3.161697541465806,13.287664832125925,46.32506501520028,0,2026-10-06 01:36:15
2026-10-05 10:52:00,CNC-03,H,295.90310528414534,311.0909015220402,1427.2357101437526,53.268617445355225,224.58210336862973,2.8664731612808207,14.661107417433138,60.58294889317315,0,2026-10-06 01:36:15
2026-10-05 07:03:00,CNC-02,M,295.95539254680074,310.91038032337013,1866.9283433120904,40.04255964520931,210.7378757920719,33.59282670005138,13.737866596127192,60.99635399485835,0,2026-10-06 01:36:15
2026-10-05 23:33:00,CNC-01,L,26.490010026619473,39.484534516019096,2767.4297173822583,18.31978890307399,154.50222034132997,3.669833657265534,9.4926723237192,51.60703189669836,0,2026-10-06 01:36:15
2026-10-05 12:37:00,CNC-02,M,296.8699407933049,311.37611940536385,1474.691650404995,51.546396722814485,26.844722509629523,2.130856551571226,14.229748172893748,58.88251616688392,0,2026-10-06 01:36:15
2026-10-05 20:31:00,CNC-03,H,300.4070086157179,312.7643593557397,0.0,18.80132160799358,48.432607351592644,3.158637650783943,8.695709271322094,49.02200961655097,0,2026-10-06 01:36:15
2026-10-05 09:58:00,CNC-02,M,296.0473310887774,311.0273744520512,1372.461224194052,54.32662878743653,248.04033121092493,3.2541738897136607,13.87252366302188,53.119091991910935,1,2026-10-06 01:36:15
2026-10-05 16:27:00,CNC-02,M,298.56486584074383,313.51589879889366,1794.1031156123047,42.773308304433044,165.17086866958584,2.7259034388788077,14.158940829959395,48.65356889875354,0,2026-10-06 01:36:15
2026-10-06 01:00:00,CNC-02,M,297.69825836265414,310.56903584880854,2606.2716200939567,19.61217532290531,97.69708591975376,3.215904830161474,9.826479408657631,56.602827142887136,0,2026-10-06 01:36:15
2026-10-05 03:47:00,CNC-03,H,296.77403064767316,310.7366067758007,2392.651766567771,26.302937428135515,159.2599598399045,3.1702273898504556,12.030824546168574,55.72411619247244,0,2026-10-06 01:36:15
2026-10-05 20:08:00,CNC-02,M,299.02376165210296,311.49964448932315,2544.775862784319,19.52761412103885,3.4290241824356453,3.011652930083534,9.360943390687982,52.761499234926745,0,2026-10-06 01:36:15
2026-10-05 16:12:00,CNC-02,M,298.5548078603362,313.5227142739581,1730.0517907722551,43.484610235541375,143.46178455965074,2.5872582286523915,14.078972646455066,51.43893319643755,0,2026-10-06 01:36:15
2026-10-05 06:35:00,CNC-01,L,296.27421653051465,311.14170336713744,1713.9766340758833,42.2369792381181,204.7583205263089,3.2634651584007877,13.359624128329777,60.88572934878279,0,2026-10-06 01:36:15
2026-10-05 11:29:00,CNC-02,M,295.8266313827667,310.43861244360795,1363.6306315376073,51.769179744702114,134.67825936513017,2.195379734098698,13.344754268838189,61.88703084482497,0,2026-10-06 01:36:15
2026-10-05 03:57:00,CNC-01,L,297.232809635353,309.3869147413328,2511.4709815806887,19.15023444861558,2.302594740407728,3.0455897838360557,9.005796504748718,54.6035078750339,0,2026-10-06 01:36:15
2026-10-05 18:40:00,CNC-01,L,26.885420796853452,40.801997654059164,2158.4101984798444,32.03569104656382,27.32260762991751,2.692470628445662,12.673160882430096,53.24254289119432,0,2026-10-06 01:36:15
2026-10-05 07:35:00,CNC-02,M,295.94528785133184,309.8928942588705,1768.369729454295,39.04305865496497,32.898722664302795,2.4907596437821344,12.73041330757189,57.82903993842661,0,2026-10-06 01:36:15
2026-10-05 12:33:00,CNC-03,H,302.39298043296264,311.20698933921364,1523.669600337265,49.78277107150713,110.95257702856847,2.1953628075325,14.06038026138409,45.60381221768503,0,2026-10-06 01:36:15
2026-10-05 13:26:00,CNC-02,M,297.2021661096844,311.6481587004388,1384.2630163061567,48.67644954756021,104.43660593478099,2.191318051316194,12.388486863644538,51.37646947550678,0,2026-10-06 01:36:15
2026-10-05 16:03:00,CNC-02,M,298.36703345854266,312.6458841262205,1630.1374080220041,42.41984585093558,130.43879503284091,2.4965109606543034,13.270331852086256,54.73966399194565,0,2026-10-06 01:36:15
2026-10-05 07:20:00,CNC-01,L,296.6148342333652,310.4339475915493,1810.1561221510815,38.607930955717364,39.22509552340549,2.4749132975634605,13.277067966379088,55.36016570223518,0,2026-10-06 01:36:15
2026-10-05 05:41:00,CNC-01,L,301.99411604818255,310.41344367969134,2095.017479640143,36.001179523326584,132.279507340439,2.93672162395481,14.12479036410675,44.25213323497704,0,2026-10-06 01:36:15
2026-10-05 14:11:00,CNC-03,H,298.19731196163553,311.8941111748049,1412.0602523956238,47.252822247824454,23.324291192240885,2.0126860673737292,12.218008846214154,53.59960943955003,0,2026-10-06 01:36:15
2026-10-05 08:16:00,CNC-02,M,296.1211059167835,310.409698835434,1711.3225495654394,41.30338944497716,92.68769549616495,2.395601762727582,13.214027765958777,60.017012275467955,0,2026-10-06 01:36:15
2026-10-05 06:06:00,CNC-01,L,296.3644958498664,311.325170150092,1934.9703019104415,38.47187725341841,165.49643205857274,2.885671854266601,13.89487613714832,61.340362649355065,0,2026-10-06 01:36:15
2026-10-06 01:32:00,CNC-03,H,298.31252638451457,309.97596298076036,2777.6218099302655,14.577545323374906,107.8085596186168,3.4275839396523318,7.548607492968268,49.79624756467046,0,2026-10-06 01:36:15
2026-10-05 13:19:00,CNC-02,M,297.1730629597757,311.0927673490229,38642.86491071277,49.192947051812425,93.39878035784605,2.048599934021375,12.703640018566983,57.25455635375713,0,2026-10-06 01:36:15
2026-10-05 03:38:00,CNC-03,H,296.97191736920655,309.7569540110571,2442.3163821923863,20.26064569910549,148.64083287396838,3.2377357985242314,9.187164695328146,56.98286748741169,0,2026-10-06 01:36:15
2026-10-05 06:56:00,CNC-02,M,295.88656285753586,311.54324352173296,1861.2055978048559,44.46245940286742,200.8894136904111,2.9364638941792376,,61.696386476882005,0,2026-10-06 01:36:15
2026-10-05 05:53:00,CNC-03,H,295.7865877014073,309.6488073659874,1973.7252691722297,35.152039524524135,45.38873627987153,2.621683867758088,12.871753037873601,56.180768359167644,0,2026-10-06 01:36:15
2026-10-05 18:42:00,CNC-02,M,31.746533487408612,40.138543378197994,2184.702958492733,31.212659565754723,104.81852640353331,29.04976727849023,12.759151762942528,40.20342212856332,0,2026-10-06 01:36:15
2026-10-05 18:40:00,CNC-03,H,,40.96731416545725,2036.894278473512,35.057909249112626,159.3616958724679,2.858706651137326,13.236451728288456,48.64184898559562,0,2026-10-06 01:36:15
2026-10-05 14:42:00,CNC-02,M,297.8543370271413,311.64798811962476,1598.8239139111852,43.08698777662688,9.222243759960168,2.2211582412105755,13.125044861121328,54.771974543042305,0,2026-10-06 01:36:15
2026-10-05 04:55:00,CNC-03,H,296.34359038478266,311.0702601135969,2383.020896868327,30.104850333909486,242.3065161018218,3.7681787266059406,13.309976387099683,54.753367234492366,0,2026-10-06 01:36:15
2026-10-05 15:38:00,CNC-01,L,299.61809081577445,314.3172593625539,1573.168702431884,46.58145169298076,193.5065532794188,3.0178491186681806,13.56072284443874,51.15466722605168,0,2026-10-06 01:36:15
2026-10-05 04:13:00,CNC-02,M,296.91311347870646,311.49494221661837,2297.7906238958476,29.437420769062598,222.28906020591202,3.666378258745017,12.512656419982472,54.47229728358025,0,2026-10-06 01:36:15
2026-10-05 12:11:00,CNC-01,L,297.5060778600596,311.2589318636956,1421.9466095937835,47.271292994150414,61.92749392293322,2.1132547745128796,12.673572547195388,59.865262206216315,0,2026-10-06 01:36:15
2026-10-05 06:08:00,CNC-01,L,296.5175712319048,309.99906041297004,2141.8072462613286,26.792836145231917,168.12996456946127,3.1624031681014095,11.069066463523015,58.57010462473355,0,2026-10-06 01:36:15
2026-10-05 04:05:00,CNC-03,H,296.6468438910133,310.6425335035256,2490.6724589112832,25.756516531800873,180.8226640788895,3.4318838050546105,11.896326605770046,57.00522484526516,0,2026-10-06 01:36:15
2026-10-05 07:33:00,CNC-01,L,296.58735018136633,310.7470343317665,1791.5965010422253,42.157236424832526,57.77546428367252,2.541988899721743,14.224788710769717,57.038310506272026,0,2026-10-06 01:36:15
2026-10-05 11:58:00,CNC-01,L,297.60723138725484,311.18690205328477,1300.6096783996372,51.527942586369534,41.34799959195835,20.47415674808159,12.582586894133893,52.193336027266284,0,2026-10-06 01:36:15
2026-10-05 09:19:00,CNC-01,L,296.7025857103498,310.85640524762374,1490.5117781584845,50.54143845472421,9.322602519186663,2.183244200280546,14.112974115601101,55.14865293320217,0,2026-10-06 01:36:15
2026-10-05 17:18:00,CNC-02,M,299.02047737651776,314.1335820849274,2010.0740190441131,36.578927702501346,236.80260383059314,3.6397320753019633,13.684402303544541,51.305321613510465,0,2026-10-06 01:36:15
2026-10-05 11:23:00,CNC-03,H,301.7039426714928,308.789209003885,1312.4817139722106,46.99573803436091,0.0,2.08370948317504,11.656366301871579,49.92395637513194,1,2026-10-06 01:36:15
2026-10-05 09:10:00,CNC-03,H,295.7605199428357,310.04742248319775,1526.8599988427045,49.58512457770651,64.98239745498911,2.134988421600266,14.275253525106223,,0,2026-10-06 01:36:15
2026-10-05 16:56:00,CNC-01,L,299.86807764343,314.1134921815088,1768.2953500663878,41.064542368700124,80.05712777923792,25.12593615362726,13.7984537626829,52.4683858635014,0,2026-10-06 01:36:15
2026-10-05 10:15:00,CNC-01,L,,310.7292827695309,1452.133177840435,48.71379242324657,96.43178627894277,2.220918607014548,13.096403722391681,60.14785077329801,0,2026-10-06 01:36:15
2026-10-05 11:26:00,CNC-01,L,297.6667696561631,312.6169509127051,1371.4727490662974,54.02786723926826,208.9238626219911,2.9892131109519657,13.630699789879753,54.30851785372962,1,2026-10-06 01:36:15
2026-10-05 08:51:00,CNC-03,H,295.3639758315936,309.42124514167733,1624.4653653860487,44.00039175695793,36.07267370640064,2.20050163443376,13.346092728254341,63.61277629641335,0,2026-10-06 01:36:15
2026-10-05 05:38:36,CNC-03,H,295.99094091417527,309.0015639214072,2174.524755631833,27.873936827642098,25.71224374790412,2.7716957220201026,11.31640724226472,58.7873015710795,0,2026-10-06 01:36:15
2026-10-05 13:06:00,CNC-03,H,297.2028723500764,310.8373647010937,1315.8422735610825,47.8845088874707,163.30574526296002,2.2199258711946666,11.873868207917546,52.62805256086647,0,2026-10-06 01:36:15
2026-10-05 02:03:00,CNC-02,M,297.9050561897315,310.07103790338977,2587.8698633037206,17.677921692562148,72.72912758600663,3.319283412030631,8.499953904210814,54.6649323417402,0,2026-10-06 01:36:15
2026-10-05 16:52:00,CNC-03,H,299.70160463183447,313.11165078132984,1767.5777214516668,35.5208357627642,14.168813366343567,2.3742382273678793,11.766328858082268,54.06213928857146,0,2026-10-06 01:36:15
2026-10-05 20:50:00,CNC-03,H,300.2350424418042,313.17868158892105,2534.1135296740513,22.227292454002832,70.2034834866636,31.2482064173752,10.414046679092253,51.98956761928717,0,2026-10-06 01:36:15
2026-10-05 18:55:00,CNC-02,M,31.73496690938731,39.94612538636068,2196.1089072505624,29.913990178173847,121.32578944648661,2.9271942861516838,12.224480600945636,46.09952893566984,0,2026-10-06 01:36:15
2026-10-05 08:57:00,CNC-01,L,296.53136857763684,311.13251710176513,1663.7933898505757,45.849649867350195,182.34520567994707,2.940347931489133,14.1223748450788,59.378462250184995,0,2026-10-06 01:36:15
2026-10-05 04:15:00,CNC-02,M,297.0265635630057,311.105519712814,2425.8793990163863,25.010278311336112,224.70226122362243,3.8108509713868006,11.470085088983247,56.187526639276655,0,2026-10-06 01:36:15
2026-10-05 11:57:00,CNC-03,H,301.90641112124706,310.46265572700565,1512.7495357511666,51.25309254730871,53.920747616229924,2.1294247207748787,14.374918746524077,49.90035440080446,0,2026-10-06 01:36:15
2026-10-05 21:49:00,CNC-03,H,299.85107171349773,312.249981910901,2608.973627009331,16.045816354406114,136.47220477763005,3.201062313256232,7.760429293831277,54.37561446000155,0,2026-10-06 01:36:15
2026-10-05 17:07:00,CNC-03,H,299.4755815692241,312.92895571439664,1921.1756322360498,33.61894568377092,35.0878375386965,2.5754090630990474,12.098642410283674,51.42740865707864,0,2026-10-06 01:36:15
2026-10-05 12:53:00,CNC-01,L,298.00396761046005,312.4813049647756,1542.2987504612377,47.35784472794659,,2.341404974432201,13.545787824416168,59.010759070526774,0,2026-10-06 01:36:15
2026-10-05 17:39:00,CNC-01,L,300.1563806945585,314.76026394820957,1862.351410675171,40.11822668170924,139.70030206523168,2.823501010459768,14.014711553112132,50.602393374436915,0,2026-10-06 01:36:15
2026-10-05 06:29:00,CNC-03,H,295.3570496245491,309.65834959519714,1886.2548101598177,38.04806078764124,93.9984647670352,2.497877911580888,13.334424648802683,62.56739963250554,0,2026-10-06 01:36:15
2026-10-05 10:10:00,CNC-03,H,295.421910783394,310.22339501930657,1434.7288285856455,51.76549707342972,158.53398298823657,2.322290740556095,13.948242556585825,54.62990426831535,0,2026-10-06 01:36:15
2026-10-05 20:02:00,CNC-02,M,299.1609638240179,313.3809431800241,2507.5147518062136,24.850187228628325,203.59975967386322,3.6583020387233596,11.575258823148959,55.58022321948762,0,2026-10-06 01:36:15
2026-10-05 10:56:00,CNC-03,H,295.7739280463518,310.93723203292393,1462.725772613279,51.57124443118147,230.88091642590095,2.806106264501468,14.489368901625364,60.2458841521577,0,2026-10-06 01:36:15
2026-10-05 10:43:00,CNC-03,H,296.18049276624214,310.89481647897156,1369.3341450708886,53.56954525519333,210.3208405358499,2.626536484389873,13.631208600611256,59.37200630937923,0,2026-10-06 01:36:15
2026-10-05 10:15:00,CNC-02,M,295.7615562659191,309.58441326160863,1346.7151217835908,52.09250821045989,17.37443713994596,2.0527371076625487,12.979980181411783,58.43110389451996,0,2026-10-06 01:36:15
2026-10-05 08:04:00,CNC-02,M,295.8433091384512,309.47817371074086,1779.310531764111,36.1128128134545,75.01468923787007,2.4737771295946835,11.954720997068833,56.33169133618264,0,2026-10-06 01:36:15
2026-10-05 19:40:00,CNC-01,L,300.5555840784778,314.95749478225713,2326.322336824964,30.21719492975468,102.14993559972463,2.8184252318095657,13.388066506090935,52.17559814471518,0,2026-10-06 01:36:15
2026-10-05 10:44:00,CNC-01,L,296.91337872277876,311.3442116366442,1371.7691719895188,51.939303540130304,142.23645612118688,2.1790136869290135,13.237618557730723,58.17458840761784,0,2026-10-06 01:36:15
2026-10-05 05:19:00,CNC-01,L,302.18029816949087,309.94260058185597,2250.4198996277164,29.794197584856366,103.86136596085328,2.9372478681962653,12.407494362261946,44.29519476547728,0,2026-10-06 01:36:15
2026-10-05 08:24:00,CNC-01,L,296.22690634624274,310.74259179492594,1731.5036296462201,42.56535368907847,132.57308123685087,2.5813537342466284,13.777678557922572,58.0048488262653,0,2026-10-06 01:36:15
2026-10-05 21:24:00,CNC-01,L,300.038332917308,311.58471009828634,2545.4956355984914,15.338398915484001,14.53041682059121,3.1838135709471356,7.3480925155948675,52.90144258678708,0,2026-10-06 01:36:15
2026-10-05 04:53:00,CNC-02,M,296.62356747563064,310.06154697602244,2183.331075053593,28.497431734312197,38.52291012495094,2.815829199057672,11.826793539810732,57.165206794481456,0,2026-10-06 01:36:15
2026-10-05 23:43:00,CNC-02,M,24.746965301009823,36.75781622877605,2789.6202138499007,15.960509197386294,15.92080710919872,3.343030197893372,8.499528702584602,54.7665243169995,0,2026-10-06 01:36:15
2026-10-05 18:38:00,CNC-03,H,26.882184159156793,41.02157454803512,2178.0270869240203,30.09533599803527,156.8220504511015,2.9743174401764803,12.32242741038476,50.41488305419713,0,2026-10-06 01:36:15
2026-10-05 21:15:00,CNC-03,H,299.90103503738004,313.05981040954686,2542.7492817351763,22.829971942235755,98.6885171032058,3.2825357674169404,10.887886129142617,51.575363887438435,0,2026-10-06 01:36:15
2026-10-05 13:34:00,CNC-01,L,298.7097193591623,312.5176205374494,1510.4549209469858,47.46116091280745,3.139634695001299,2.0916610000538998,13.770044936455097,50.28380642479108,0,2026-10-06 01:36:15
2026-10-05 13:30:00,CNC-03,H,297.82564495520353,312.66940489454737,1361.6093022486266,53.75661760239503,201.08990476628486,2.56410502074494,13.869403934202245,50.71963697245281,0,2026-10-06 01:36:15
2026-10-05 20:22:00,CNC-01,L,300.34251159360906,,2445.689125576049,26.578857047496488,152.47538974972375,3.35820677884984,12.224696587204933,47.95656130099059,0,2026-10-06 01:36:15
2026-10-05 02:09:00,CNC-02,M,297.74505349802615,309.72007739553635,2680.1779437302603,15.993976391913083,79.29697094967177,3.3029402290426244,,59.177791390660175,0,2026-10-06 01:36:15
2026-10-05 23:57:00,CNC-02,M,24.623243274400522,36.218661269575875,2743.0050112372196,12.872887436756763,30.708347315140454,3.3565649300591245,6.6238530901327,57.18860050333306,0,2026-10-06 01:36:15
2026-10-05 14:12:00,CNC-02,M,297.53541946496733,312.333174190148,1455.8883190074487,50.50848295343955,176.63888033002453,2.408789535969995,13.798041919026605,53.37730520514192,0,2026-10-06 01:36:15
2026-10-05 02:42:00,CNC-01,L,297.37247377867067,310.6739901792295,2566.4663617719616,22.82184393014421,111.82752047475763,3.196134312992185,10.661934070383067,54.832484408616686,0,2026-10-06 01:36:15
2026-10-05 10:26:00,CNC-01,L,296.838212013031,310.884310584335,1447.7177348026282,46.49638307384224,113.69936741438902,2.239181635697022,12.529816213479979,57.48438182231955,0,2026-10-06 01:36:15
2026-10-05 18:28:00,CNC-02,M,31.53593275757379,40.03484430337926,2148.75523833791,34.291257095849645,86.69604246679329,2.9552061270553605,13.910882796379456,41.07115302588504,0,2026-10-06 01:36:15
2026-10-05 04:13:00,CNC-03,H,296.65817281476217,310.64551334055807,2292.374237674409,27.355186217822236,190.58284900337696,3.2956710448316406,11.761214652787771,58.93083686661037,0,2026-10-06 01:36:15
2026-10-05 10:21:00,CNC-02,M,295.9302723126889,309.58113291991145,1263.8002396317866,51.1482189736062,26.9205671822193,1.8907210695463237,12.293639092007938,59.78691053366696,0,2026-10-06 01:36:15
2026-10-05 06:02:00,CNC-02,M,295.97094340661505,309.9609074650619,2136.2908846827236,31.884257187102513,127.2569320852056,2.876383596913058,12.709811451530829,56.027640573389206,0,2026-10-06 01:36:15
2026-10-05 14:39:00,CNC-03,H,298.51756102672584,312.38367737482497,1457.064037053317,45.81085464543956,66.86594759857543,2.1243421086810823,12.621580879595069,55.5250657980098,0,2026-10-06 01:36:15
2026-10-05 05:02:00,CNC-03,H,295.988173142019,310.2546049257953,2393.1591572077054,26.912191512730246,250.9750269852478,3.952087348672266,11.962232086596856,61.64045258623462,0,2026-10-06 01:36:15
2026-10-05 04:05:00,CNC-01,L,296.9891204410126,310.04476624401264,2380.6085261499834,26.07929453671813,11.870738120741962,2.967314680726313,11.711671298821216,56.57567813813821,0,2026-10-06 01:36:15
2026-10-05 11:18:00,CNC-02,M,295.90430065392394,310.06074560471615,1302.3638175243423,51.95602650680622,117.13820970548734,2.1635520495869716,12.629639096183041,55.42696087462116,0,2026-10-06 01:36:15
2026-10-05 20:32:00,CNC-03,H,300.1883448794266,313.7413107068499,2400.120168560783,26.663547329890996,49.63120677599088,3.003758389861661,12.107500607530115,48.66442669058371,0,2026-10-06 01:36:15
2026-10-05 19:16:00,CNC-01,L,27.189841006759252,40.949413797589614,2163.4252834126087,30.411337847047466,72.70975062887622,26.6832672452853,12.017248533447415,52.577027890874135,0,2026-10-06 01:36:15
2026-10-05 21:10:00,CNC-03,H,300.16862161650266,313.0801885660474,2579.7852455101715,19.779077918882326,93.00092446148082,3.197401325166048,9.663780007117488,48.74963188004331,0,2026-10-06 01:36:15
2026-10-05 09:46:00,CNC-02,M,295.6835920126437,310.54217877239523,1533.5069232559015,47.24385056958639,229.2785936370903,3.0696890565906867,13.361176116334818,53.58947098899063,0,2026-10-06 01:36:15
2026-10-05 14:59:00,CNC-02,M,298.08318044347106,312.33860502462295,1533.099341216618,48.07463415377277,35.192699671361666,2.1919344552304194,13.507821705959334,56.015876616838995,0,2026-10-06 01:36:15
2026-10-05 11:32:00,CNC-02,M,296.2862173403799,310.2692254455977,1374.3240167520091,47.58890863594036,139.45301622382536,2.262218846802345,12.194093557879526,57.54031484100074,0,2026-10-06 01:36:15
2026-10-05 15:51:00,CNC-02,M,298.5538067965172,313.13726632624594,1670.9165590246748,42.54672118574888,112.81713254068453,2.3409438979678368,13.203859346929057,54.49818112389778,0,2026-10-06 01:36:15
2026-10-05 07:34:00,CNC-01,L,296.49340450109855,310.38075817864353,1807.9427986235567,37.53692875418729,59.21116333274382,2.478990570325399,12.595415464281905,56.61830469983725,0,2026-10-06 01:36:15
2026-10-05 15:37:00,CNC-01,L,299.45929267953034,314.22769160346263,1646.5424882440313,47.06718061720918,192.00510303599017,2.9699973451772856,14.507811125508544,50.45922610973246,0,2026-10-06 01:36:15
2026-10-05 14:31:00,CNC-03,H,298.1685663614985,311.85553457170465,1369.3886858719322,50.19194037075052,54.566131094034176,2.063241789719531,12.87806582625432,56.47402882659035,0,2026-10-06 01:36:15
2026-10-05 11:28:00,CNC-03,H,301.83826167341766,309.55987824656995,1315.0023530867602,52.16084343369499,7.90800971898382,2.1160639240322427,12.861423617977717,46.621195512934946,1,2026-10-06 01:36:15
2026-10-05 04:25:00,CNC-02,M,297.09232591292414,309.5871944473641,2212.490396548797,24.582596376839568,3.644258025488229,2.7981873491117693,10.092486606047306,54.836188966881636,0,2026-10-06 01:36:15
2026-10-05 15:12:00,CNC-02,M,298.18107661123906,311.83392838763643,1606.714097908777,41.34065310466083,54.8230554690168,2.2051205056232632,12.468509880694336,55.383717247823085,0,2026-10-06 01:36:15
2026-10-05 09:17:00,CNC-02,M,295.9263631580935,310.4212183489942,1562.2165084901317,44.28592530215388,184.62193059069267,2.77147954456493,12.847381326438398,59.6065561255334,0,2026-10-06 01:36:15
2026-10-06 01:24:00,CNC-01,L,298.5930219363777,310.03982039010884,2656.581550958489,14.801739986755246,59.66248636441478,3.2607125475832506,7.564570523293519,52.38397821553373,0,2026-10-06 01:36:15
2026-10-05 17:36:00,CNC-01,L,299.8014200313291,314.53903750362235,1969.6206231212645,38.70337520430333,135.60126240980892,2.85264381112628,14.460921113564066,50.600619495374815,0,2026-10-06 01:36:15
2026-10-05 09:07:00,CNC-01,L,296.6957132958762,311.64538333577735,1488.2570823279048,52.80744366220059,197.55518191709638,2.892856781786884,14.843875069391725,58.865982795541484,0,2026-10-06 01:36:15
2026-10-05 02:32:00,CNC-01,L,297.65433952083737,310.0859379750745,2598.0169938681533,17.99762272041164,100.6034934300744,3.280107062112636,8.693123464128995,56.46758198830824,0,2026-10-06 01:36:15
2026-10-05 05:25:00,CNC-03,H,295.7190334425143,308.4062980074401,2315.400153454856,817.089487142444,8.865919737176505,2.859764582188863,10.131080422975865,58.604944607791516,0,2026-10-06 01:36:15
2026-10-05 03:22:00,CNC-02,M,297.3503774116591,310.4836391665761,2487.097474798315,21.617245800762387,161.81125859161327,3.2937156496038362,10.183900015881768,54.285708947074895,0,2026-10-06 01:36:15
2026-10-05 16:03:45,CNC-03,H,299.099215044813,314.277543277939,1739.743810855213,45.26023576551007,196.27840254679157,2.9721817262677437,14.712144415222141,50.01314844292181,0,2026-10-06 01:36:15
2026-10-05 05:59:00,CNC-01,L,301.7596149484662,310.48984012693853,2151.9280889294587,33.403184244868044,156.10357537462397,31.258677461038584,13.58610814844641,49.35269459763505,0,2026-10-06 01:36:15
2026-10-05 19:49:00,CNC-03,H,300.1672241463586,314.3631718244839,2325.3976377838985,27.40737171139698,245.57169592310794,3.8788334523127563,11.906757398315618,51.097101048283406,0,2026-10-06 01:36:15
2026-10-05 16:45:00,CNC-02,M,298.8769458674703,313.78477754702624,1775.7179346761368,41.260039076342494,190.79711918791688,2.951824940661974,13.569477132617678,53.395536379767,0,2026-10-06 01:36:15
2026-10-05 23:05:00,CNC-02,M,298.21750399566145,312.10085406561427,2685.303815977731,21.114317006381444,200.8283518604319,3.952046912554459,10.65825914846323,54.62676668920693,0,2026-10-06 01:36:15
2026-10-05 13:45:00,CNC-02,M,297.76985015592714,311.6857764253456,1416.291730051081,47.32924271069851,134.33826545678448,2.3334059588733864,12.571125124391967,55.41776215552967,0,2026-10-06 01:36:15
2026-10-05 05:52:00,CNC-01,L,301.9071956194134,309.7283543720697,2039.9355262507186,32.0511278285793,146.81990767095667,2.9779393056870127,12.550705600410192,50.71472755162589,0,2026-10-06 01:36:15
2026-10-06 00:04:00,CNC-01,L,26.25659825430091,39.25302158864764,2728.3303784937398,18.58665917613028,187.46071274179914,3.8998883675279976,9.5334502035944,51.98763264058791,0,2026-10-06 01:36:15
2026-10-06 00:06:00,CNC-03,H,25.869816213294314,37.27470982345767,2776.669654737243,14.012304833417097,16.140155556413635,3.349484932369821,7.298751925418947,50.836328120013256,0,2026-10-06 01:36:15
2026-10-05 11:28:00,CNC-01,L,297.13039005887964,311.82090863377596,1379.9744116076354,51.584681482131614,212.1238626219911,2.950480001095124,13.41811741593462,54.13706889412072,0,2026-10-06 01:36:15
2026-10-05 01:55:01,CNC-01,L,297.9178191687954,310.1114568142377,2646.487294289757,17.66596476437314,59.48803912550126,3.251003157487338,8.757166691313978,53.20730952849158,0,2026-10-06 01:36:15
2026-10-05 17:59:00,CNC-03,H,299.9146827789915,314.8900523726419,2119.047865325792,37.28983553484765,105.89872968603954,0.0,14.871618306474396,53.12106632140131,0,2026-10-06 01:36:15
2026-10-05 02:38:00,CNC-01,L,297.51044071590223,310.0985117049628,2410.5967173587405,20.40859313488802,107.34195139362895,3.072325393655929,9.399125820659242,56.24077352994082,0,2026-10-06 01:36:15
2026-10-05 15:57:00,CNC-02,M,298.24942432235207,312.5758046581649,1577.9088259300956,45.545916501199535,121.63147482783265,2.3341599270910494,13.68728052121933,52.857930989602,0,2026-10-06 01:36:15
2026-10-05 15:11:00,CNC-03,H,298.9896486312413,312.9272877654083,1513.4096046697962,45.496696606643354,115.6486495184525,2.2477670891010644,12.99337559092754,53.45397669844171,0,2026-10-06 01:36:15
2026-10-05 23:32:00,CNC-02,M,24.781602741732854,36.661362844764255,2686.5752579204186,15.178456881251048,4.209732338011433,3.279024782554566,7.412330592111427,57.692914107616815,0,2026-10-06 01:36:15
2026-10-05 07:35:00,CNC-03,H,295.58835512499263,310.3860282636317,1726.2898363048412,43.84936011804771,186.62675456784564,2.8143851760515934,14.373403713145162,57.87056589900242,0,2026-10-06 01:36:15
2026-10-05 10:40:00,CNC-01,L,296.85586846507164,311.8664195579659,1491.3352866131238,52.689657770684036,135.85848464920448,2.4177593197531273,14.733896185278729,57.011459902213666,0,2026-10-06 01:36:15
2026-10-05 20:41:00,CNC-02,M,298.875130036989,312.1986472173723,2439.882405674634,24.11804326373967,41.70058539176871,3.056808973895095,11.117363807439329,53.44397687204466,0,2026-10-06 01:36:15
2026-10-05 17:31:00,CNC-02,M,298.93632243528685,312.74981995764216,1870.8364587055576,35.161427216041176,11.001458185505756,2.5122544804279916,12.710680627401644,54.818478006953406,0,2026-10-06 01:36:15
2026-10-05 01:59:00,CNC-02,M,298.07138028031494,310.3204607143157,2627.3528680283775,18.709061484158813,68.28437075703103,3.193744378512707,9.428003313600424,52.219210579591866,0,2026-10-06 01:36:15
2026-10-05 20:30:00,CNC-02,M,298.86250317280167,311.477502686566,2559.646138723511,19.676821178342486,29.12400791356832,3.023793109606253,9.15548787166288,54.423261091826234,0,2026-10-06 01:36:15
2026-10-05 19:58:00,CNC-01,L,300.35932055669844,314.2217129339669,2339.5141287293695,27.757602110069275,124.05736220360644,3.038648822612325,11.954848596180975,50.21334247900397,0,2026-10-06 01:36:15
2026-10-05 03:20:00,CNC-03,H,297.0657880476855,310.24985320655213,2311.176617004172,24.26578860051261,127.51155185745286,3.037312415497378,10.590370233435623,50.35697865128752,0,2026-10-06 01:36:15
2026-10-05 08:55:00,CNC-03,H,295.29870257874717,309.50185078335414,1501.2300523986573,48.42741879315084,42.123276579184335,2.008114053656003,13.476905923870042,59.21091849659448,0,2026-10-06 01:36:15
2026-10-05 06:59:00,CNC-03,H,295.6802689532625,310.0512670974845,1906.723277374846,37.722138268486404,135.64668689889632,2.6998637890677792,13.30438790150648,57.54701039616316,0,2026-10-06 01:36:15
2026-10-05 13:22:00,CNC-02,M,297.4788616988751,311.69589804142197,1329.9903615498342,49.858738079344086,98.1441640340498,2.0546297542766374,12.623221869496577,51.98040874014809,0,2026-10-06 01:36:15
2026-10-05 05:49:00,CNC-02,M,296.15962795100927,310.3192591116105,1978.1490549553146,34.92788163491533,110.10850051195457,2.712936497374245,12.901528007034106,57.713507327826775,0,2026-10-06 01:36:15
2026-10-05 08:21:00,CNC-02,M,295.6492671248034,309.7475872865356,1610.2680297755167,42.4478350550835,100.16642737237721,2.354879297269771,12.699369293244946,59.493542757335554,0,2026-10-06 01:36:15
2026-10-05 18:03:00,CNC-01,L,299.9848073048229,314.7098539338712,2083.9564089498695,37.57277344238065,171.78985553166032,3.0969168700312912,14.794264110302512,51.45671956728102,0,2026-10-06 01:36:15
2026-10-05 18:46:00,CNC-01,L,27.0150695262858,39.580295659777164,2303.65571271617,23.237386805142673,34.90248397742878,2.8404812897403957,9.971317668663819,48.909729955503146,0,2026-10-06 01:36:15
2026-10-05 13:04:00,CNC-01,L,298.50122557154896,312.34595264749436,1298.1263562018862,50.241254260053736,145.74010730581375,2.187051106674001,12.437406938192325,61.93236169658198,0,2026-10-06 01:36:15
2026-10-05 19:06:00,CNC-01,L,27.20610110432051,41.055916469747956,2240.5545687729773,30.551268639925375,60.15679650693502,2.8582998122629837,12.854323428559777,45.817511778483066,0,2026-10-06 01:36:15
2026-10-05 09:34:00,CNC-02,M,295.9192903868598,311.0201862996344,1410.7433404146218,53.230806108936925,210.79912128616675,2.7759163382667555,14.137048293438879,60.68298560223798,0,2026-10-06 01:36:15
2026-10-05 06:46:00,CNC-03,H,295.3688555292062,309.7398780317859,1968.252465313955,36.790038370336106,117.40008862796013,2.756720134921164,13.58396688509604,61.481923698372746,0,2026-10-06 01:36:15
2026-10-05 02:35:00,CNC-02,M,297.7262771925015,310.7675819144331,2446.078322265129,22.880090340409925,108.18790125063401,3.0967818581549102,10.35412451125165,57.18634424538427,0,2026-10-06 01:36:15
2026-10-05 13:00:00,CNC-02,M,297.22174594984546,311.55077679801457,1476.4714719424412,49.91289066368937,63.28818773079164,2.162594070384359,13.632762588500329,55.346584439486115,0,2026-10-06 01:36:15
2026-10-05 21:49:00,CNC-02,M,298.6979857759715,311.546866813811,2536.749126033539,19.597756832594797,118.24236404246558,3.259444141476011,9.23352976419309,53.664673707734906,0,2026-10-06 01:36:15
2026-10-05 18:17:00,CNC-01,L,26.978518510751485,42.19674099163092,2066.560827683304,37.44784778235491,190.18303042137376,3.303347665680794,14.629931307108187,53.39417006199703,0,2026-10-06 01:36:15
2026-10-05 15:45:00,CNC-01,L,299.49301115908656,314.8296908386674,1686.1315503385474,47.823201870766525,203.89766821845544,3.299761964683627,15.096698899055415,49.624797824522794,0,2026-10-06 01:36:15
2026-10-05 15:19:00,CNC-03,H,298.8266375062652,313.89913591685655,1616.0690920985962,49.397246536863804,127.639855196109,2.39660877653411,14.96221728721533,55.00847488752082,0,2026-10-06 01:36:15
2026-10-05 03:16:00,CNC-01,L,297.42086045427413,311.64514245693255,2372.6802828057507,27.159978096876607,150.3623772005145,3.2403062334255783,12.113110012010589,53.71558261847521,0,2026-10-06 01:36:15
2026-10-05 03:00:00,CNC-02,M,297.4488353184443,310.21917197548686,2554.3357590937494,,136.68561687113916,3.317980469118646,9.177569308414737,51.48505163313911,0,2026-10-06 01:36:15
2026-10-06 00:43:00,CNC-01,L,298.7528213138947,310.9747554949242,2721.9075602662356,18.387821879203322,15.854730216118293,3.3798431341022135,9.313103692465697,54.34257206003686,0,2026-10-06 01:36:15
2026-10-05 16:10:00,CNC-03,H,299.39054775334455,314.0368539263961,1656.1083115933345,42.559237893981624,203.67236839125977,2.9936235538274665,12.97968127871474,52.40037100117543,0,2026-10-06 01:36:15
2026-10-05 17:22:00,CNC-03,H,299.78373591838186,313.5017627981693,1985.3552485786834,35.058423302380056,55.864835764935314,2.58906370140425,13.197520181257554,51.142701364107246,0,2026-10-06 01:36:15
2026-10-05 16:51:00,CNC-01,L,299.81618082688755,314.1988228537792,1823.1290612912621,40.17954256059762,73.09277628231196,2.4920412500946463,13.647962535675264,49.3680983300363,0,2026-10-06 01:36:15
2026-10-05 06:44:00,CNC-02,M,295.9596888020435,311.18747126452763,1961.6882656666478,40.918536335116755,184.18473584753832,3.138706299428181,15.000443655342025,57.84436096143496,0,2026-10-06 01:36:15
2026-10-05 19:42:00,CNC-03,H,299.7081416840251,314.09016042958444,2292.6767449552544,28.710411870612376,237.16985100001298,3.752918801306183,12.00529222269707,52.03771506842511,0,2026-10-06 01:36:15
2026-10-05 08:52:15,CNC-02,M,295.91240731761536,310.20047985845275,1600.9470686333016,43.6069911977906,145.1589286101431,2.4151465078719268,12.791081651424264,56.92582966101023,0,2026-10-06 01:36:15
2026-10-05 19:52:00,CNC-03,H,300.23053054313107,312.59038530767486,2414.1805226107267,21.04610182640511,2.332577630240457,2.984069148368292,9.555565389672706,52.233940651471485,0,2026-10-06 01:36:15
2026-10-05 13:17:00,CNC-01,L,298.40881257455175,313.4554459710513,1442.1383883715534,54.44453534593989,166.37113586774305,25.125918879944322,14.815663850240536,51.82070875302122,0,2026-10-06 01:36:15
2026-10-05 01:53:00,CNC-02,M,297.7883579520034,309.6126090013265,2534.351093710016,16.60099178982226,61.805863422613726,3.1368964882389245,8.059998340680632,53.895953949606785,0,2026-10-06 01:36:15
2026-10-05 18:34:00,CNC-02,M,31.473976586524202,39.670976027794495,2092.7658494167354,33.43822249820446,94.52989438460071,2.679444629670739,12.999018366616601,40.753745402999144,0,2026-10-06 01:36:15
2026-10-05 03:24:56,CNC-03,H,296.99503245227925,310.5940594001595,2438.459317407433,25.177535756789887,134.63962763387798,3.1840588340700613,11.300562051680002,58.000278815819485,0,2026-10-06 01:36:15
2026-10-05 21:01:00,CNC-03,H,300.082483666942,312.8930449163044,2430.5808502689874,23.048037466131714,82.92530220539436,3.0382130735888597,10.689303803084456,46.85897877241592,0,2026-10-06 01:36:15
2026-10-06 00:18:00,CNC-03,H,299.3181994024077,310.6912643993899,2777.79025427513,13.651008144436048,28.808853024948057,3.371719003367564,7.2072088442162965,50.794212965364345,0,2026-10-06 01:36:15
2026-10-05 02:45:00,CNC-01,L,297.45258390564476,309.3518267787547,2565.902155190116,16.366268400598635,115.20878817501026,3.4123555150995384,7.889756325862007,50.770348372946756,0,2026-10-06 01:36:15
2026-10-05 12:45:00,CNC-03,H,302.5689056095674,311.2250643730643,1411.88440600766,54.63842577264976,129.96289352632735,2.2531191462546762,14.177304721805827,48.91832116657481,0,2026-10-06 01:36:15
2026-10-05 21:55:00,CNC-01,L,299.6742523194505,311.02749882447523,2742.994823279516,13.591708696472534,48.89894816229571,3.302782025033349,6.962644921036393,52.157555939820746,0,2026-10-06 01:36:15
2026-10-05 07:28:00,CNC-01,L,296.50432077100345,310.84481587513613,1669.902530229797,44.26446836462653,50.5850556366377,2.45339727878284,14.106454066858907,60.19187081039396,0,2026-10-06 01:36:15
2026-10-05 18:28:00,CNC-01,L,27.080058178398474,40.671262639268775,2127.6864009136916,32.11124400014635,11.795242927439155,2.658218125193684,12.870395436633435,49.64132795290532,0,2026-10-06 01:36:15
2026-10-05 07:06:00,CNC-03,H,295.4087540385337,310.52398476309514,1870.6942631961408,43.05410567474188,145.47050116114042,2.610028508043889,15.09678091625092,62.95790103801023,0,2026-10-06 01:36:15
2026-10-05 11:15:00,CNC-03,H,296.4569239212298,311.33877052931314,1240.4771255668668,57.6022522451269,261.08185067936785,3.1825894863277355,13.21246391717103,54.66998467503716,1,2026-10-06 01:36:15
2026-10-05 18:16:00,CNC-02,M,31.664796144213426,40.423198601165836,2127.075518259337,35.32611662974826,71.05893086148514,2.7959936286268197,14.111884868878482,42.148746095311935,0,2026-10-06 01:36:15
2026-10-05 06:18:00,CNC-01,L,296.56682296184545,311.5845058372712,1930.683181183258,39.65838220866515,181.6442388958728,,14.234513133726779,59.252382425157855,0,2026-10-06 01:36:15
2026-10-05 14:59:00,CNC-01,L,298.9765869607354,313.5547011940966,1509.783010178613,49.86287523797714,134.8746944369859,2.3471150946250905,14.061930535560892,55.0917631393946,0,2026-10-06 01:36:15
2026-10-06 00:03:00,CNC-02,M,24.795061690761372,36.447287132590304,2748.348664219135,12.804137286367652,37.118354611819704,3.2592745537698478,6.645865533307022,51.96867872313971,0,2026-10-06 01:36:15
2026-10-05 08:22:00,CNC-02,M,295.78474381671447,310.1750822399494,1652.916436772348,45.9223265664674,101.65345770315605,2.391126372793733,14.29811355574835,61.543110550061705,0,2026-10-06 01:36:15
2026-10-05 03:46:00,CNC-01,L,297.17360731193395,312.0567723509855,2492.8500303685955,30.683318866205823,185.38165836606672,3.5679554263684405,14.234755734476973,51.169534295251005,0,2026-10-06 01:36:15
2026-10-05 21:57:00,CNC-03,H,299.7406864067531,312.49184156458494,2601.3084382466727,18.15515438383241,145.3987720348482,3.3773380151347854,8.560469209262626,48.456865533138895,0,2026-10-06 01:36:15
2026-10-05 02:34:00,CNC-01,L,297.47750432983236,310.35993514161754,2587.7078524473354,20.799296763974525,102.7866673667053,3.1500672320427454,9.989090999642423,56.492252252900016,0,2026-10-06 01:36:15
2026-10-05 17:10:00,CNC-02,M,298.9730698467871,313.91039048570593,1868.9239288638225,39.66007105452211,225.7236392665163,3.439169985469713,14.054786087805372,52.89293481404916,0,2026-10-06 01:36:15
2026-10-05 10:33:00,CNC-01,L,296.80666423083153,311.25091250785346,1445.8556376671145,52.10681161912733,124.78350548923979,2.2959425534376,13.981721813666594,56.773871476967564,0,2026-10-06 01:36:15
2026-10-05 16:34:48,CNC-01,L,299.7544189800527,313.4962739497614,1603.5418916255637,41.81613130897485,49.12896028554297,2.238898078808702,12.451791924782711,51.33971115304383,0,2026-10-06 01:36:15
2026-10-05 08:18:00,CNC-01,L,296.3405814924907,311.22440018499833,1874.531543009711,41.95446426483317,123.74388644412636,2.6751930647000046,14.55495119094872,,0,2026-10-06 01:36:15
2026-10-05 16:08:00,CNC-01,L,299.40535395683025,312.90182396403935,1683.803720455772,41.211879286995256,11.62941317521976,2.3205133659726505,13.12775278995416,49.933490742225,0,2026-10-06 01:36:15
2026-10-05 03:43:00,CNC-02,M,297.0765848428277,310.96473896649854,2416.7588976315606,26.826443018228876,186.4095097581181,3.4157854269747845,11.899975779873373,56.446511493703774,0,2026-10-06 01:36:15
2026-10-05 16:13:00,CNC-02,M,298.70947071737925,313.6964673633751,1743.1468996352442,44.07705852095071,144.9227859375647,2.6706814596471196,14.61393684001508,57.193288284747624,0,2026-10-06 01:36:15
2026-10-05 04:41:00,CNC-01,L,302.2993830461545,308.88286346889487,2293.5478587069406,23.89862442511383,55.93897833354015,29.314751645195127,10.277984881203063,46.24116421606789,0,2026-10-06 01:36:15
2026-10-05 13:49:00,CNC-01,L,298.63346253899385,312.13777032529026,1362.92442003448,46.9546271972379,26.730982628155456,1.9666116965277811,11.886019180054834,50.83076524060618,0,2026-10-06 01:36:15
2026-10-05 12:31:00,CNC-02,M,296.8929143110701,311.14604550820997,1431.7591371160509,50.61486335566015,17.441790611302704,2.1264126144463327,13.707217102777872,56.50755324960532,0,2026-10-06 01:36:15
2026-10-05 17:05:00,CNC-03,H,299.5708773406872,313.11886774134325,2005.8578655580245,32.50699281498216,32.31825436138151,25.124418530028613,11.997622246234982,58.030527622734894,0,2026-10-06 01:36:15
2026-10-05 11:24:00,CNC-01,L,297.2576216966651,312.46496513379225,1424.7478840251226,53.28302988455626,205.8018423113109,2.9661004997965326,14.516545198879115,55.45945493594373,0,2026-10-06 01:36:15
2026-10-05 02:00:00,CNC-03,H,297.9750022084244,310.3047272506294,2643.750443952791,17.477836969646066,37.49482257771374,3.2961973768063713,8.900736073073475,55.28412240104188,0,2026-10-06 01:36:15
2026-10-06 01:26:00,CNC-01,L,298.62594280302125,309.34583747642466,2761.5628213739906,10.135069753577215,61.72739975964673,3.2195915242336834,5.267733662163043,50.30925944822807,1,2026-10-06 01:36:15
2026-10-06 00:57:00,CNC-02,M,297.560665616731,309.7017197724183,2804.0609201589605,14.071662026342652,94.4136932513006,3.340438656663744,7.468098242189838,52.28806380801132,0,2026-10-06 01:36:15
2026-10-05 02:47:00,CNC-01,L,297.36884783349365,309.1765730893407,2554.9240036237184,15.182985058854033,117.41929252268045,3.1431413988405255,7.145543690045884,55.69258941792169,0,2026-10-06 01:36:15
2026-10-05 03:51:00,CNC-03,H,296.8893925597663,311.03128226632344,2386.491272137183,27.468462698210892,164.04662073250714,3.233839777949657,12.412869409699782,58.81098081543823,0,2026-10-06 01:36:15
2026-10-05 07:23:00,CNC-01,L,296.6706737483642,310.3857370715975,1851.747558005422,35.85257668505671,43.417952039875466,2.554764510214113,12.574081194441643,56.47150128261437,0,2026-10-06 01:36:15
2026-10-05 06:06:00,CNC-02,M,296.05719367666455,310.14992945073266,2222.227486358246,30.3033996882047,132.56293686377902,2.9752528782600183,12.715018334841117,58.02356318349442,0,2026-10-06 01:36:15
2026-10-05 13:05:00,CNC-01,L,298.43625848172746,313.425450524015,1473.2206358584247,53.85392008858378,147.3180711880138,2.535883944454028,14.596741516812472,54.28767272684366,0,2026-10-06 01:36:15
2026-10-05 09:39:00,CNC-03,H,,309.2646376473702,1463.4972068945474,44.62958055615606,109.74998458012699,2.2612011273318586,12.20801568838788,56.110575248452484,0,2026-10-06 01:36:15
2026-10-05 20:21:00,CNC-03,H,300.2929617069318,313.2421943043564,2469.042125400207,23.379318165199745,36.73343919694681,2.966670559639649,10.998327650050562,53.421359911999986,0,2026-10-06 01:36:15
2026-10-05 03:33:00,CNC-02,M,297.1836383962827,,2323.8431366626082,25.229266040354084,174.58719478581034,3.2555255481163226,11.015855719711354,59.740238247481535,0,2026-10-06 01:36:15
2026-10-05 11:59:00,CNC-03,H,302.184399865645,310.045267221363,1313.979077064767,50.186244701339945,57.12074761622993,2.01251956081934,12.185927363493768,44.36621926727866,1,2026-10-06 01:36:15
2026-10-06 01:27:00,CNC-01,L,298.93066502428206,311.0168942604473,2592.1376497485685,17.127766949545833,62.81759760884251,3.045162780719822,8.338547195407708,51.91320428671007,0,2026-10-06 01:36:15
2026-10-06 00:10:00,CNC-03,H,26.051275393839546,37.47507417259237,2753.1987823642135,13.84935556232412,20.328363135873467,3.293998121562028,7.110077010269823,,0,2026-10-06 01:36:15
2026-10-05 06:28:00,CNC-02,M,295.98795515534664,310.67920208498174,1825.9176675344886,40.86745863534879,162.23039502220666,2.7103718296398798,13.978703136631243,60.441686801595296,0,2026-10-06 01:36:15
2026-10-05 04:45:00,CNC-01,L,302.41052743218285,309.2597547699341,2270.812787379993,24.39161535668767,60.88347182369769,2.7980858762648557,10.57633721629078,48.89328309614117,0,2026-10-06 01:36:15
2026-10-05 08:45:00,CNC-01,L,296.5579995610634,310.88852944311884,1452.0950158263167,47.18515472435943,164.19445948716316,2.5660727286379266,12.84715739887761,56.19368062704051,0,2026-10-06 01:36:15
2026-10-05 06:16:00,CNC-03,H,295.7867291516214,309.8785891287607,1916.5609499238021,36.78633980250424,76.35428464469757,2.5858713557944437,13.522352791857298,55.15470742761116,0,2026-10-06 01:36:15
2026-10-05 06:28:00,CNC-03,H,295.88566662833614,310.4688440971445,1864.7235184542747,40.2125439118388,92.61482766413604,2.4914128445033668,13.996564390816154,58.175155782420504,0,2026-10-06 01:36:15
2026-10-05 05:06:00,CNC-03,H,296.201987523188,311.4846530704465,2201.8543154503855,35.24680446119382,256.10195305612075,3.937509029146462,14.390737631243287,47.34783860936375,0,2026-10-06 01:36:15
2026-10-05 09:17:00,CNC-03,H,295.5458139605787,309.9373864463738,1663.8766866935207,46.30401009794572,75.65405798418756,2.3866899303942595,14.518826655335976,55.421795072325494,0,2026-10-06 01:36:15
2026-10-05 15:14:00,CNC-01,L,299.16792249277233,314.28467144155695,1716.4875734747668,46.81363644058951,157.5070125683605,2.6342728719550785,15.038057591822918,53.32625313056885,0,2026-10-06 01:36:15
2026-10-05 19:06:00,CNC-03,H,27.112515375203657,41.44915269382534,1971.8914180142187,33.39107574870251,192.76263857022562,3.0101912756006324,12.246433046088328,47.74395901988901,0,2026-10-06 01:36:15
2026-10-05 09:12:00,CNC-01,L,296.49342545393864,311.39323946479055,1502.9247977293076,48.58358165106892,205.27571593897326,3.0392862160666274,13.939823685021512,54.50287375987121,0,2026-10-06 01:36:15
2026-10-05 10:17:00,CNC-02,M,295.79891667682995,309.72415318317553,1372.3701450420817,49.80569188866438,20.542476993525238,1.9786446210465745,12.668958331108668,63.69770053087744,0,2026-10-06 01:36:15
2026-10-05 17:20:00,CNC-01,L,300.06534989540467,314.7785716285918,1940.5375213615864,40.02480881695153,113.6403732327807,2.7886963130274003,350.902966795811,49.09675130422603,0,2026-10-06 01:36:15
2026-10-05 20:09:00,CNC-03,H,300.0737399801867,312.64103613001777,2312.1366645682156,23.473038430134263,22.768246836060083,2.8445636064360142,9.898110335466408,52.71770086545185,0,2026-10-06 01:36:15
2026-10-05 05:22:00,CNC-02,M,296.31430904940584,309.3698520800783,2201.532358007966,26.657999469884587,75.08441349601779,2.8176581727621826,10.738265707048638,57.469098366544266,0,2026-10-06 01:36:15
2026-10-05 15:46:00,CNC-01,L,,314.9025395497683,1468.8084871008957,51.74020331161202,205.4611077280949,28.521490104775797,14.274092812112896,52.71114566681012,0,2026-10-06 01:36:15
2026-10-05 12:57:00,CNC-02,M,297.2802512922604,311.4931718461348,1369.3729347078277,52.33847477376549,58.556917652863554,2.0685396226055546,13.502474732746121,53.5770829168752,0,2026-10-06 01:36:15
2026-10-05 02:35:00,CNC-03,H,297.47880868600697,310.1706627675803,2565.252607253438,19.2631320169962,76.22769582523735,3.1812098726044136,9.320548618496625,56.13232965068048,0,2026-10-06 01:36:15
2026-10-05 07:42:00,CNC-02,M,295.7723895881425,310.04197570424714,1933.9000407292572,37.55284829290347,42.915481050724495,2.707364265696402,13.499352752582956,57.98926385694323,0,2026-10-06 01:36:15
2026-10-06 01:19:00,CNC-01,L,298.9190948317516,310.7554300653088,2684.7075556782543,15.026160108884946,54.31812557849262,3.329138124268232,7.690166989022401,53.27789609011083,0,2026-10-06 01:36:15
2026-10-05 06:12:00,CNC-03,H,295.7159203310719,309.8058488917826,1930.585416294325,35.768477655360535,70.89975324361588,2.5486682324656593,12.746353476274928,59.3229219175378,0,2026-10-06 01:36:15
2026-10-05 22:11:00,CNC-02,M,298.26542153346236,311.57514673421747,2623.8946696237585,19.145391928637387,142.44875106997037,3.380405137336763,9.394794436533758,52.48691066097035,0,2026-10-06 01:36:15
2026-10-05 11:03:00,CNC-03,H,296.064763390096,310.95558804142985,1373.6201248247546,52.358560900194256,241.96205297198279,29.568337344869303,13.402343284848962,57.44661990251229,0,2026-10-06 01:36:15
2026-10-05 05:18:00,CNC-01,L,302.27732381283664,310.56413318605286,2144.0614975521626,33.19313652157189,102.60791409527678,2.8779329512999428,13.408319789831781,47.625319363781315,0,2026-10-06 01:36:15
2026-10-05 01:45:00,CNC-03,H,298.2512915323303,310.15889083689314,2589.6870301038703,17.658912012298675,21.21731009281758,3.184745462591487,8.673808905697472,57.49101998626912,0,2026-10-06 01:36:15
2026-10-05 04:43:00,CNC-03,H,,311.67374946513723,2084.766113871396,38.9438151212263,227.40055542027378,3.372210429438006,15.192448871160572,53.7246147549553,0,2026-10-06 01:36:15
2026-10-05 10:21:14,CNC-01,L,296.7403127463094,311.2099268365988,1552.99878016207,46.95150493159928,107.35439893156953,2.2613810192277453,13.705931628059647,61.21461313280696,0,2026-10-06 01:36:15
2026-10-05 07:34:00,CNC-03,H,295.2671223746731,310.1214265060982,1784.629882417444,41.79126157024848,185.20052436991236,28.02823103430487,14.147751626408049,61.831574455801665,0,2026-10-06 01:36:15
2026-10-06 00:15:00,CNC-03,H,25.91253416233252,37.61756455442651,2709.810066817117,13.975475627883814,25.65115274548618,3.210074510300764,6.837032541315347,47.55887048914077,0,2026-10-06 01:36:15
2026-10-05 12:22:00,CNC-02,M,296.81109833538164,310.55307299224665,1326.5922469599886,48.978430080288575,3.176575621611684,2.048170816654437,12.211976121822033,56.71683887528879,0,2026-10-06 01:36:15
2026-10-05 11:09:00,CNC-03,H,296.0636973150815,311.8846322994671,1455.7665351346416,55.125419563255534,251.5039441324043,3.0823925501354412,15.021122533735866,53.128429811618844,1,2026-10-06 01:36:15
2026-10-05 20:28:00,CNC-03,H,300.18280783073436,313.40402066718144,2339.988786204509,25.48344979262895,44.955461808500495,2.8660451666049087,10.992162964673863,50.77791933026213,0,2026-10-06 01:36:15
2026-10-05 18:17:00,CNC-02,M,31.684901070328863,39.849043146163694,2047.0228596109257,33.59001299756775,72.39112717014086,2.6830383344165685,12.571408927663459,46.87631145835452,0,2026-10-06 01:36:15
2026-10-05 11:19:00,CNC-02,M,295.85973085306114,310.2476753542042,1293.073465525367,53.08275911107671,118.73820970548734,1.9464223949056032,12.698697325332489,58.71509667298563,0,2026-10-06 01:36:15
2026-10-05 23:38:00,CNC-03,H,26.360434421560342,39.57139799886215,2703.1582859936148,19.16142922793062,254.1625681790671,4.30966740195694,10.045686159368461,53.07388380260526,0,2026-10-06 01:36:15
2026-10-05 22:51:00,CNC-03,H,300.0674465733816,312.61323793485786,2706.545021340079,16.251989987403135,204.09237356588505,36.73465956798253,8.273190301504101,51.74279054925226,0,2026-10-06 01:36:15
2026-10-05 08:53:00,CNC-03,H,295.24347383212455,309.28767114999425,1584.1562081518384,46.28863535607506,39.08736805135945,2.1769615543874883,13.528232032379966,57.83746226848399,0,2026-10-06 01:36:15
2026-10-05 18:44:00,CNC-01,L,27.035831388971985,39.74462810809911,2171.60388671489,24.675377725922353,32.384603284733295,2.7086769430103486,10.053901331768516,47.83845977602144,0,2026-10-06 01:36:15
2026-10-05 18:26:00,CNC-01,L,27.088546609629816,40.60370234873017,2150.9219599513062,31.677305939368424,9.160600328266447,2.758231211550904,12.777074296058403,52.97539582711129,0,2026-10-06 01:36:15
2026-10-05 21:47:00,CNC-02,M,298.84857610507896,311.9106920260746,2555.0724869342744,20.16665282530368,116.0419260181916,3.2773801876037103,9.647977934042103,54.729629944623085,0,2026-10-06 01:36:15
2026-10-05 06:39:00,CNC-02,M,295.91021087068765,310.43996541482886,1818.8495981244027,39.18856565871456,177.26814167950735,2.8871923763454665,13.430180863997455,58.86712017666469,0,2026-10-06 01:36:15
2026-10-05 03:39:00,CNC-03,H,296.8535815645943,310.69389545169,2335.076474146202,27.589628826697794,149.8560830652876,3.1434647489784893,12.045593913191096,54.16634813867105,0,2026-10-06 01:36:15
2026-10-05 07:04:00,CNC-03,H,295.5057831970229,309.70143766133424,1813.159508430331,38.91808261232113,142.63463931617028,2.567029613145335,13.190386744926263,61.03616996954641,0,2026-10-06 01:36:15
2026-10-05 09:28:00,CNC-02,M,295.72248620009265,310.9341260572457,1458.106154501816,51.95637795388435,201.5014068454517,2.739989084091402,14.378679195646995,62.51629711234185,0,2026-10-06 01:36:15
2026-10-05 05:48:00,CNC-03,H,295.7802410166159,309.41712498119455,2021.810315233598,32.52606987339657,38.71475157391207,2.4765362604797656,12.473743287873168,57.56873327563879,0,2026-10-06 01:36:15
2026-10-05 08:25:00,CNC-01,L,296.44988908244517,311.4685428244568,1721.2801751051488,46.71946122072785,134.0564490844038,2.624422047214674,14.952044956678455,58.75898014024037,0,2026-10-06 01:36:15
2026-10-05 03:07:00,CNC-01,L,297.5458525584794,310.3737380352582,2490.003904201506,19.23255035960019,140.02880739195373,3.361941039915228,9.118424278652503,53.46594002879144,0,2026-10-06 01:36:15
2026-10-05 18:49:00,CNC-03,H,26.774356931235104,41.481796531940404,2098.4906801868738,34.085448877601316,170.93972294455807,29.49249785181896,13.242160287940074,51.30947218396528,0,2026-10-06 01:36:15
2026-10-05 14:24:00,CNC-01,L,298.71103754613614,312.528167340217,1455.821305445818,46.75777004310812,81.02199399795582,2.104521403919227,12.478866262759865,50.689797948018,0,2026-10-06 01:36:15
2026-10-05 15:02:00,CNC-02,M,298.2322872529807,312.18965042009165,1515.6126238608942,46.827193710874425,39.75569976818106,2.151146648455009,13.315662549510973,57.52130589743358,0,2026-10-06 01:36:15
2026-10-05 16:18:00,CNC-02,M,298.4489617357851,313.1851471809021,1828.9748881217145,40.4550576933928,152.12979738254785,2.7783774967159642,13.672448576222672,51.68057885192087,0,2026-10-06 01:36:15
2026-10-05 05:49:00,CNC-01,L,302.16722902686104,310.74400385156247,2071.8658867941435,35.68943173160044,142.80470716834964,3.0599521347506706,13.884376277238596,52.44328231639228,0,2026-10-06 01:36:15
2026-10-05 02:46:00,CNC-02,M,297.68594111482724,310.9649008515254,2457.6839218593664,23.813240761263092,120.6628619778817,3.1655091201104426,10.814916303276652,54.957627994942605,0,2026-10-06 01:36:15
2026-10-05 12:03:00,CNC-01,L,297.58774489045277,311.0401962621123,1322.357321723384,48.95495680298281,49.331516565622834,1.9691544922865838,12.388880272566173,53.17329311963361,0,2026-10-06 01:36:15
2026-10-05 16:50:00,CNC-03,H,299.4766580175197,313.09652771455274,1859.767347804547,38.39945830237401,11.281186082495175,2.4101968890638785,13.27521826300033,47.20036277174731,0,2026-10-06 01:36:15
2026-10-05 09:30:00,CNC-01,L,296.70004042091745,310.58597185259623,1316.5901253077009,53.56554525953974,26.256718415216987,,13.469093477603996,56.64537538387022,0,2026-10-06 01:36:15
2026-10-06 01:16:00,CNC-03,H,298.56076920135575,310.4455062613232,2653.077028192487,15.395244511674205,90.5426125790955,3.1365499043973015,7.6792643101642355,52.83695757042413,0,2026-10-06 01:36:15
2026-10-05 07:49:00,CNC-01,L,296.5176847223197,310.91698197740095,1703.4370864843343,44.09782831530977,81.12744055176773,2.344057062298463,13.892821644162511,59.88405779619588,0,2026-10-06 01:36:15
2026-10-05 12:26:00,CNC-03,H,302.45258472245956,311.2786835216611,1415.1344163260858,54.709468116530864,0.0,2.110168985335181,14.256394194321567,46.10329480895457,0,2026-10-06 01:36:15
2026-10-05 15:32:00,CNC-02,M,298.2568022862754,312.68968538062995,1741.963908948447,41.13849440787213,84.66506203159457,2.395520546912145,13.49424342950188,54.37828842765321,0,2026-10-06 01:36:15
2026-10-05 15:00:00,CNC-02,M,298.0959867310698,312.13155910375497,1588.1318943827896,43.58619932434086,36.6891438437059,2.2603835949253415,13.007642523829285,51.55550433638511,0,2026-10-06 01:36:15
2026-10-05 12:24:00,CNC-01,L,297.85145145796423,311.75464337140954,1373.7218195682153,49.119884732202244,82.53953502047513,2.0840357405730865,12.646260741215503,57.160905642917335,0,2026-10-06 01:36:15
2026-10-05 02:16:00,CNC-01,L,297.9030652948444,311.65678611040954,2413.0631498426255,27.48125552245328,82.77645469995981,3.041752211714373,12.273229032931756,56.54559784746642,0,2026-10-06 01:36:15
2026-10-05 15:09:00,CNC-02,M,298.2579246351392,,1723.8456054503704,43.630877541332154,50.26955002648434,2.3940753105817767,14.225807289387145,54.74278115607681,0,2026-10-06 01:36:15
2026-10-05 04:27:00,CNC-03,H,296.3123003635855,310.66623398018,2345.2492832363396,28.991632878117528,207.45571895886593,3.4310298918889,12.696616754006365,61.910870035174675,0,2026-10-06 01:36:15
2026-10-05 07:30:54,CNC-03,H,295.3655281535377,310.34709197817443,1948.3656357994391,39.973071058531495,180.93518219131795,2.963572817739686,14.478291752892849,62.43281726322894,0,2026-10-06 01:36:15
2026-10-05 06:01:00,CNC-01,L,301.93565194846747,310.33779432052665,2091.9133165946646,33.34882338020699,158.74447786529723,3.0748366899025954,13.062712459599675,47.65462450379445,0,2026-10-06 01:36:15
2026-10-05 08:57:00,CNC-02,M,295.78538493225534,310.9501324990846,1580.9763851269483,48.95002143609357,154.15551444792342,2.4954065493985387,14.267392586203899,56.538168105694375,0,2026-10-06 01:36:15
2026-10-05 12:48:00,CNC-03,H,302.4880767188587,311.117579294463,1500.8453472203844,49.741824490488305,134.71545937706955,2.273480326877845,14.043047537159328,55.109529213533435,0,2026-10-06 01:36:15
2026-10-05 18:15:00,CNC-02,M,31.732552070998054,40.06731412029842,1999.7370959236555,35.367346159684196,69.74384528193482,2.631734727286907,13.233579112230478,40.371109573061666,0,2026-10-06 01:36:15
2026-10-05 14:52:47,CNC-02,M,298.0485940888205,311.989302189529,1462.6014826305568,47.608027887065575,27.5671327233634,2.1218169573509424,13.001772774541976,50.14595754904249,0,2026-10-06 01:36:15
2026-10-05 16:40:00,CNC-03,H,299.25473385886806,315.05798267836974,1828.804110397082,45.98339495459541,246.76423250640292,3.4182930884508824,15.863102690128544,2000.3821553423973,0,2026-10-06 01:36:15
2026-10-05 22:01:00,CNC-03,H,299.86531723847474,312.2972045151151,2671.7469858579616,16.385766527816433,149.8220434182863,3.424355757143588,8.242322850571156,48.303082142186156,0,2026-10-06 01:36:15
2026-10-05 14:29:00,CNC-03,H,298.25071051048377,312.1423196695216,1515.344358080561,46.95861378663589,51.443622980429524,2.1891750356856523,13.337736838958309,55.630847669458774,0,2026-10-06 01:36:15
2026-10-05 23:46:00,CNC-03,H,26.186929880588764,40.09331111485591,2635.6774796278914,21.911560380136834,262.6745962323119,4.319709735982613,10.793189833789546,55.64034834289247,0,2026-10-06 01:36:15
2026-10-05 12:58:00,CNC-01,L,298.52504155574474,312.87889479261264,1469.2079819341402,48.48040365211963,136.31517054968896,2.336746576064748,13.891226684979221,54.84302272812156,0,2026-10-06 01:36:15
2026-10-05 21:59:00,CNC-01,L,299.6897388258112,311.44168131830014,2560.688210010635,15.242415215798259,53.31355915598796,29.622315229830612,7.124970874329564,50.3742228773088,0,2026-10-06 01:36:15
2026-10-05 08:00:13,CNC-02,M,295.9130495426217,310.254166320408,1655.6624598548897,43.93326054266522,67.65794659759055,2.3718826768763366,13.699966220956613,60.92968142313528,0,2026-10-06 01:36:15
2026-10-05 05:04:00,CNC-03,H,295.9141681739943,310.91903545331525,2136.181453148704,34.286745485298965,253.5317954925266,3.8090743282435664,,62.868726874332786,0,2026-10-06 01:36:15
2026-10-05 08:06:00,CNC-03,H,295.5442051590993,310.861185369236,1657.2805507469986,47.51022394616129,231.87385811889777,2.976744314969548,14.700356966980008,57.65850535716982,0,2026-10-06 01:36:15
2026-10-05 08:55:00,CNC-01,L,296.2411983511317,311.38702360083147,1618.4047109689623,49.450773992517625,179.3158580200142,2.8418599585902875,14.959274966033822,61.400596056021456,0,2026-10-06 01:36:15
2026-10-05 15:05:53,CNC-03,H,299.16053434307656,314.3505398971284,1737.2204103055403,47.73002511452544,109.6261341777745,2.4391278484406502,15.500612421567443,50.52309865171792,0,2026-10-06 01:36:15
2026-10-05 07:03:00,CNC-03,H,295.4094963470458,309.70250646757086,1763.418074699172,39.58210532033213,141.2377458472766,2.558230871034751,13.337766243887044,61.57010168628267,0,2026-10-06 01:36:15
2026-10-05 17:50:00,CNC-02,M,304.4676024330155,312.2593604848074,2080.367188613804,31.336337138702874,36.62717949240343,2.6198367590711547,12.269138406062542,43.73711044758488,0,2026-10-06 01:36:15
2026-10-05 12:29:31,CNC-02,M,296.61307504876,310.64579402686087,1410.878964543168,50.14365283040443,14.269317972560414,20.3083491523731,13.162451407989272,57.9654574448121,0,2026-10-06 01:36:15
2026-10-05 06:24:00,CNC-03,H,295.37933767722444,309.26183107062934,1934.1821516704879,34.96850981173199,87.12062690862312,2.6352759648156545,12.79104470692454,64.29938042154158,0,2026-10-06 01:36:15
2026-10-05 09:00:00,CNC-02,M,295.54908988811394,310.92392062074583,1519.3100469282551,53.77004008765146,158.74029640043383,2.558022280967678,15.37448791952535,59.47495916334117,0,2026-10-06 01:36:15
2026-10-05 14:54:00,CNC-01,L,298.7468867130205,312.97989537414736,1418.4771275591133,49.33971492529172,127.20645908619541,2.2235375133288104,13.176360473864799,57.40342982116296,0,2026-10-06 01:36:15
2026-10-05 08:26:00,CNC-03,H,295.4204430884439,310.26716675343516,1805.017666542904,41.086197984632854,261.50962594137843,3.60233744335184,13.9171935709582,60.20454205687335,0,2026-10-06 01:36:15
2026-10-05 14:50:07,CNC-02,M,297.8203185686547,312.4541967446685,1544.1436521415762,49.988351879087986,19.909666107934303,2.2194245411208358,14.466749691966376,55.93811442319464,0,2026-10-06 01:36:15
2026-10-05 07:39:00,CNC-01,L,296.6020654875655,310.95371450519804,1817.3508452569556,40.818901593369,66.44663116033436,2.4606116730405447,13.732832913279884,51.08069909622634,0,2026-10-06 01:36:15
2026-10-05 21:03:00,CNC-03,H,300.2144912496981,312.9022229744612,2575.6096624246156,19.342609905519456,85.14606697027489,30.592875093840313,9.44132621855509,54.843402812128254,0,2026-10-06 01:36:15
2026-10-05 16:11:00,CNC-01,L,299.5486603946293,313.4806661493498,1795.3212027919208,41.22023157952355,16.05507923734778,2.461618378819376,13.763683340197518,49.78562011621443,0,2026-10-06 01:36:15
2026-10-05 07:10:00,CNC-03,H,295.51510474694106,310.1327026970029,1828.2127823604937,1420.490354546427,151.13872414134661,2.677094932284242,14.265861399687363,64.63159188245014,0,2026-10-06 01:36:15
2026-10-05 17:40:59,CNC-01,L,299.95635079937125,314.6138051017135,1993.5497525756814,35.99664301120409,143.78126373029173,2.917099612724784,13.521569253038741,48.860082925947324,0,2026-10-06 01:36:15
2026-10-05 17:52:00,CNC-03,H,300.0988676388377,313.9203324804553,1973.0926748278878,33.82469921470536,96.70550139856563,2.642348494478891,12.76678344187659,52.81177981912183,0,2026-10-06 01:36:15
2026-10-05 04:01:00,CNC-03,H,296.5990725827369,309.815463678667,2300.029618229551,24.15464822321956,176.07376383571602,3.268050466674166,10.537051958187787,53.336263281353595,0,2026-10-06 01:36:15
2026-10-05 21:00:00,CNC-02,M,298.6402841348589,311.5894383486451,2476.426659860411,21.026205766848772,63.43162478211752,3.0216722242892478,9.738327078419982,57.22235741764241,0,2026-10-06 01:36:15
2026-10-05 02:12:00,CNC-01,L,297.6827452274614,309.5073016409998,2714.3733301995017,14.86067468888757,78.25499137699461,3.281500399269369,7.213827958659281,56.39376497759325,0,2026-10-06 01:36:15
2026-10-06 01:12:00,CNC-03,H,298.5044672328863,310.6715941143395,2672.271568934195,16.355675982597845,86.2959098760907,3.1785283939410376,8.015726827351866,54.08967533839223,0,2026-10-06 01:36:15
2026-10-05 03:27:00,CNC-03,H,296.8888625696234,310.5508346067117,2237.783275502469,28.457679157755756,135.870768663546,2.950244754130038,11.835638734961206,50.883374169970075,0,2026-10-06 01:36:15
2026-10-05 14:56:00,CNC-03,H,298.7434153297676,313.0699899056405,1604.9568298979004,44.70696019499907,92.94363274431815,2.321068214404962,13.462303969141114,51.42787407218022,0,2026-10-06 01:36:15
2026-10-05 17:57:00,CNC-02,M,304.693879122934,312.1504101657195,2079.901470949507,30.10368412204808,45.939005677244424,2.6337788494347176,11.828198490993383,42.407284823176724,0,2026-10-06 01:36:15
2026-10-05 21:20:00,CNC-02,M,298.5918848306166,312.15056859618085,2396.4139877487337,24.359128379873702,86.09881786953756,2.926788043185308,10.83279552179821,55.89630700078983,0,2026-10-06 01:36:15
2026-10-06 00:05:00,CNC-02,M,24.635636056236592,37.401599110387394,2656.5337489053236,18.208392165686973,39.266344229302135,3.285698636475291,9.369296578235904,56.699822662119885,0,2026-10-06 01:36:15
2026-10-05 09:09:00,CNC-02,M,295.7479208242806,310.8583828606729,1599.798473431923,48.34582289038445,172.4678852152764,2.7216145826019362,14.486649673978835,59.532448040690646,0,2026-10-06 01:36:15
2026-10-05 20:25:00,CNC-01,L,300.5427299207603,314.8087328869976,2419.6967142004537,27.718061314416815,155.95425167590756,3.4390903096859087,12.78570040036442,48.491672097538434,0,2026-10-06 01:36:15
2026-10-06 01:31:00,CNC-02,M,296.91032365301703,310.0893911439431,2688.561425666322,18.419655502580195,130.81274315010648,3.3805414611436344,9.382790914011737,55.12464383816406,0,2026-10-06 01:36:15
2026-10-06 00:00:00,CNC-02,M,24.783473640088005,36.356912178424864,2811.4675941681967,12.939428580452738,33.91295272817448,3.349959526480918,6.735784422327464,59.555735689217414,0,2026-10-06 01:36:15
2026-10-05 10:58:00,CNC-02,M,295.98487483943404,310.30155452389965,1361.135574483602,51.33944161487064,85.37283409588555,2.11942186477002,13.12890457476836,56.983066958396805,0,2026-10-06 01:36:15
2026-10-05 11:25:00,CNC-02,M,296.1434713568255,310.2614736793751,1391.9478583941914,49.078203725553664,128.29814867396036,2.146589677129393,12.718574302117263,59.587679018653525,0,2026-10-06 01:36:15
2026-10-05 02:42:00,CNC-03,H,297.3841087247414,310.79878709903875,2621.0057827580877,22.353627843538113,83.97319835894531,3.1815115167990538,10.89840772016385,54.946556302980795,0,2026-10-06 01:36:15
2026-10-05 10:37:00,CNC-03,H,296.3292688412976,310.9008613354231,1304.1900731835146,53.257592220455116,200.79129215347265,2.413756403195141,13.018285783379914,54.82795618965241,0,2026-10-06 01:36:15
2026-10-05 05:14:00,CNC-03,H,295.8091156915874,309.4488663385482,2203.773301629909,24.445939488738375,266.23671696787596,4.062291628535343,10.016875853800832,60.75497081498049,0,2026-10-06 01:36:15
2026-10-05 20:01:00,CNC-01,L,300.24979465485603,313.1473498173027,2555.4415046286663,19.74922655276893,127.56680840014022,3.227815070340792,9.5375283737417,51.01029560392882,0,2026-10-06 01:36:15
2026-10-05 09:37:00,CNC-01,L,296.6392303884946,310.1755012698521,1510.1104125837542,43.325244368080554,37.16438355452722,2.149709840537689,12.221253590220893,57.146212790614385,0,2026-10-06 01:36:15
2026-10-05 03:56:00,CNC-01,L,297.1807814692652,309.72385861969485,2476.6254897172857,22.60029787910232,1.1712270522526946,3.0747578941034424,10.508576622822673,53.214644122058075,0,2026-10-06 01:36:15
2026-10-05 10:33:00,CNC-02,M,295.9665233623573,310.03220218831797,1406.4297778261566,49.30581420062653,45.818204510641436,1.9093458006999426,13.216347881691272,56.08980697904707,0,2026-10-06 01:36:15
2026-10-05 12:36:00,CNC-03,H,302.6698458691084,310.9253954079122,1310.9001904143088,53.24998680452428,115.69140597709286,2.063021673948314,13.233339337127179,46.42402761534833,1,2026-10-06 01:36:15
2026-10-05 11:47:00,CNC-03,H,302.10502589427205,310.0180092820904,1336.4218153835043,53.569477289430544,38.09849989063859,20.511730565168374,13.573614943565026,44.88586430653298,1,2026-10-06 01:36:15
2026-10-05 07:53:00,CNC-03,H,295.5264002896831,310.84901206328703,1728.6975520099074,,212.79718408158877,2.9308729871642543,14.313613592234821,59.94876064025497,0,2026-10-06 01:36:15
2026-10-05 22:06:00,CNC-02,M,298.4084486391428,311.8126248628121,2629.010392832514,19.757534569032366,136.93543660719158,3.3573015694845365,9.70656283222021,54.36345236881877,0,2026-10-06 01:36:15
2026-10-05 21:09:00,CNC-03,H,299.8969513390179,311.8591741124726,2605.4427515835496,16.92833146000992,91.85788834336601,3.248438682197788,8.21655838178429,50.750828468260956,0,2026-10-06 01:36:15
2026-10-05 17:04:00,CNC-03,H,299.64895480845775,313.1713934800344,1890.4839637235864,35.43831976468185,30.969097761901985,23.69025286811165,12.432815736328434,56.659863115518306,0,2026-10-06 01:36:15
2026-10-05 08:48:00,CNC-02,M,295.88473316433885,310.74594703045744,1522.113492239442,49.73297100608224,140.59240075368461,2.404872393004776,13.949468497763116,57.355002663826546,0,2026-10-06 01:36:15
2026-10-05 05:56:00,CNC-01,L,301.8701895193637,,2092.965005107608,32.53384077018068,152.11048565319996,2.986246259189468,12.925619021334915,42.464599623622256,0,2026-10-06 01:36:15
2026-10-05 03:06:00,CNC-02,M,297.5965926989174,310.5504745930229,2549.7246153732917,19.945523556298927,143.50471616307718,3.2670469030132847,9.819841944235051,55.42796175256672,0,2026-10-06 01:36:15
2026-10-05 11:40:00,CNC-01,L,297.4609734638331,310.87110346957945,1329.7512624965934,47.44090369749843,12.747837767203608,1.9079422552549534,11.4040756274834,59.30241794527973,0,2026-10-06 01:36:15
2026-10-05 07:57:00,CNC-01,L,296.3404003083144,310.89523587126837,,45.52022167921842,92.74882317438734,2.4536060950921583,13.787568206827354,60.70759727057029,0,2026-10-06 01:36:15
2026-10-05 01:48:00,CNC-02,M,297.810757894869,310.94670922780546,2578.0427778745916,22.003110916275737,56.40139102489442,3.0841093871148018,10.50498820335172,54.729821810043994,0,2026-10-06 01:36:15
2026-10-05 06:16:00,CNC-02,M,295.8988120294071,310.19693171914935,2033.4495376756895,33.47983199115426,146.03895423610265,2.9815959891498065,12.698115722150408,62.7722651520965,0,2026-10-06 01:36:15
2026-10-05 07:46:00,CNC-03,H,295.7188971952682,310.41214523864824,1683.3225476546259,42.5950915964905,202.4378229762593,2.862007862477481,13.455730209626468,59.03558186305726,0,2026-10-06 01:36:15
2026-10-06 00:17:00,CNC-02,M,24.421334059569404,36.770793916234936,2587.807659770871,17.669411465014512,51.94538941163452,3.074117337125679,8.764479570151586,58.90611118623986,0,2026-10-06 01:36:15
2026-10-05 09:56:00,CNC-02,M,296.01591264160515,311.22568196580283,1449.038545020535,51.69379406187922,244.88094347891374,3.238074929983856,14.01391155312274,58.09337807757833,1,2026-10-06 01:36:15
2026-10-05 12:53:00,CNC-02,M,297.09693590357324,311.05920965910104,1350.8139661191312,50.2302673942012,52.1807856902121,2.041712303046459,12.604113549733091,58.15074114213788,0,2026-10-06 01:36:15
2026-10-05 18:21:00,CNC-03,H,26.88378202845854,41.25055506740654,2011.9159430364732,35.14398111148141,134.8392310748186,2.937398271529199,13.377839669003015,49.53778678840231,0,2026-10-06 01:36:15
2026-10-05 05:06:29,CNC-01,L,302.11461778254255,309.8352857948673,2079.971813826708,31.815198764222306,87.14705166200054,26.6219493807801,12.301045350773489,50.23824675523108,0,2026-10-06 01:36:15
2026-10-05 04:00:00,CNC-02,M,296.90580166360917,311.5098618970521,2371.9000421511787,29.811218733769234,206.73040198662608,3.729248711130447,13.112213041999414,55.18383027418975,0,2026-10-06 01:36:15
2026-10-05 14:25:00,CNC-03,H,298.067823505523,312.1320671646727,1467.4588202876494,47.61013958422795,45.23124358974612,2.1530804137789334,13.044804292969122,53.15680749588971,0,2026-10-06 01:36:15
2026-10-05 12:55:00,CNC-03,H,302.47126841994856,310.83719703129395,1327.7758503007658,54.03560531852373,145.88679989346494,2.0837037110227277,13.427561968054079,47.841381485333336,1,2026-10-06 01:36:15
2026-10-05 16:39:00,CNC-03,H,299.6443465037238,314.8733329945476,1824.648764202799,40.83365239464158,245.3306151597861,3.3973319899906587,13.963116614204848,48.33488555032082,0,2026-10-06 01:36:15
2026-10-05 06:24:00,CNC-01,L,296.3647210687495,,1862.2831332284052,38.661368140981,189.7934757078136,3.2354659449827463,13.492675142022847,61.27328229369639,0,2026-10-06 01:36:15
2026-10-05 03:35:00,CNC-02,M,297.2423458472959,311.8556986362706,2244.808325213878,31.567446562845134,176.92620098926793,3.258667344684376,13.366976228891996,53.35576562214858,0,2026-10-06 01:36:15
2026-10-06 01:04:00,CNC-02,M,297.59335594609547,309.60184506803046,2610.41049724479,14.262892460387588,101.91795614860445,3.21358036373866,6.650805003659803,55.027034309329544,0,2026-10-06 01:36:15
2026-10-05 06:55:00,CNC-01,L,296.63140376640996,310.3073609838519,1786.349109219282,40.82139068470832,4.124040736209589,2.4410348173279512,13.574619885823477,55.65337759074752,0,2026-10-06 01:36:15
2026-10-05 02:43:00,CNC-02,M,297.81329467947575,311.0818612939492,2539.8658778258205,21.640273307283454,117.30764883157399,3.130501268990153,10.143165865315625,55.88713762596478,0,2026-10-06 01:36:15
2026-10-05 15:55:00,CNC-01,L,299.90630556954113,315.8550780001003,1706.7831764477264,51.99482099920827,218.80164090912777,3.3816748233217795,17.037757582922094,50.76505041155462,1,2026-10-06 01:36:15
2026-10-05 05:36:00,CNC-02,M,296.1925806168096,310.4335335518959,2168.562307072493,32.915184518089625,93.16003170620259,2.856191450086327,13.393221350609549,59.37186957653569,0,2026-10-06 01:36:15
2026-10-05 20:05:00,CNC-01,L,300.47952019775283,314.06594470907913,2385.5413020005285,25.17865417810311,132.3724131445795,3.2549342062611304,11.42308659502508,50.35292131001137,0,2026-10-06 01:36:15
2026-10-05 03:30:00,CNC-03,H,296.88415994893074,310.45239910187547,2456.8474769555182,24.84797083696857,139.32882150159094,3.183068900741255,11.364640835428553,55.602743604221295,0,2026-10-06 01:36:15
2026-10-05 14:11:00,CNC-02,M,297.68959164889026,313.04088370799036,1492.799995034632,53.784942140525615,175.07813004414155,2.566275353431563,15.179777264598325,53.01237603722654,0,2026-10-06 01:36:15
2026-10-05 02:51:00,CNC-03,H,297.5486328287342,,2666.4239183361606,18.278266082789305,94.13295326322249,3.2339606254704956,9.190413984638008,55.53314321739834,0,2026-10-06 01:36:15
2026-10-05 19:55:00,CNC-03,H,300.38124704376975,312.7759792070871,2310.451347828981,21.796879703229067,5.966441188358278,2.9385350037134765,9.295298097995815,46.868400643826504,0,2026-10-06 01:36:15
2026-10-05 18:19:00,CNC-01,L,26.85780247670243,40.01832061571616,1931.8376793590107,33.004179799098935,0.0,2.519827633014533,11.963040707728526,51.94336371144799,0,2026-10-06 01:36:15
2026-10-05 12:09:00,CNC-01,L,297.6974323780695,311.9149889379512,1524.9099453882357,47.70602994170125,58.78535724906781,0.0,13.505907769362482,54.269635571857805,0,2026-10-06 01:36:15
2026-10-05 18:48:00,CNC-01,L,27.196025045704175,41.02376307288267,2092.9321389595084,32.89630400252118,37.54180791249878,2.731715905326639,,51.96728740006451,0,2026-10-06 01:36:15
2026-10-05 20:27:00,CNC-01,L,300.36760567495475,313.57733637839743,2438.399555333219,23.018582890953986,158.265436726121,3.4618524007539775,10.431423563103268,52.33871040625718,0,2026-10-06 01:36:15
2026-10-05 05:03:00,CNC-01,L,302.316642355264,310.63712106918877,2103.5386454429204,34.469830392793945,83.37790116593165,2.7228938897728714,13.536732003078354,44.991549374827,0,2026-10-06 01:36:15
2026-10-05 19:31:00,CNC-03,H,300.2654331526063,314.64542041244175,2159.9953169284913,30.42243287135443,223.85524542759438,3.4834304373901164,12.446143087625263,53.847065178047885,0,2026-10-06 01:36:15
2026-10-05 20:16:00,CNC-03,H,300.2262923787281,312.15777065459866,2451.6980558503715,17.006649826092726,,3.014343813732802,7.9117830129466,52.06755403212589,0,2026-10-06 01:36:15
2026-10-05 15:31:00,CNC-02,M,298.17726431294983,313.0107034494408,1650.6679681214014,45.199826824967964,83.21146871577474,2.3727763765201795,14.097458535812095,53.77523743845259,0,2026-10-06 01:36:15
2026-10-05 12:37:00,CNC-03,H,302.36685350472845,311.0471621541582,1356.4166234995919,54.2948291423858,117.29140597709285,2.1457976018475224,13.672216635152802,53.96827479204234,0,2026-10-06 01:36:15
2026-10-05 13:42:00,CNC-03,H,297.7535159621275,312.78154945638516,1409.851399418336,54.323372264736236,219.8817448357629,2.7742350476510906,14.447020952791387,54.82009611632438,0,2026-10-06 01:36:15
2026-10-05 14:55:00,CNC-01,L,299.05564472303223,313.8081050370138,1514.6730175702635,48.75463878744098,128.75197591699146,2.2939552464762163,13.696877542320733,52.05369199339522,0,2026-10-06 01:36:15
2026-10-05 03:34:00,CNC-02,M,297.24570736785745,310.47603264871907,2598.238395958365,21.475658554222882,175.6986969205686,3.4463954553288367,10.542955630226576,56.202785721302256,0,2026-10-06 01:36:15
2026-10-05 18:00:00,CNC-01,L,299.6260554918221,313.9273342817028,1928.8910367058836,35.91551849278608,167.8992062362595,3.027675673317009,12.982857170460454,47.38344839039583,0,2026-10-06 01:36:15
2026-10-05 15:41:00,CNC-03,H,298.89412501568523,313.3869282000221,1572.693269670358,45.787078644409846,160.8238525847171,2.4050242096817636,13.698983095610597,55.91729771689726,0,2026-10-06 01:36:15
2026-10-05 08:08:00,CNC-02,M,295.5495955864343,309.9876430649547,1628.029352452794,45.587605278361785,80.97370534534542,2.3633683472664258,14.086214027312895,60.566254970680006,0,2026-10-06 01:36:15
2026-10-05 08:04:11,CNC-01,L,296.07317731428753,311.05417366833973,1681.6085311696395,,103.05785578157976,2.4745543355708843,15.608493698980244,58.65096443100197,0,2026-10-06 01:36:15
2026-10-05 09:07:00,CNC-02,M,295.6573757919448,310.82394943509735,1722.5317800523242,44.25189410703473,169.40817971011163,2.910584823246252,14.07599906312057,54.80518594993457,0,2026-10-06 01:36:15
2026-10-05 15:51:00,CNC-01,L,299.6712888926228,314.35542910983713,1567.8395073160932,44.29040724795314,212.87782581354796,3.2370487875769998,12.830272405712645,52.181638174864,0,2026-10-06 01:36:15
2026-10-05 09:59:00,CNC-03,H,295.7080087306949,310.4156896750801,1372.4772025534357,54.12368359302375,141.12913931389232,2.1547996261078275,13.742366292207205,62.77863534475459,0,2026-10-06 01:36:15
2026-10-05 19:03:00,CNC-02,M,31.253670372732813,39.88644351364178,2053.8675667857324,34.980518661726066,131.51800660912446,2.7877108150551337,13.699961317505498,41.60972309881823,0,2026-10-06 01:36:15
2026-10-05 10:00:00,CNC-01,L,296.54755346604713,310.4426727468664,1387.8351597633336,50.202171524144674,72.92476575875914,2.2111252437426114,13.16264606607418,54.77815781715246,0,2026-10-06 01:36:15
2026-10-05 03:48:00,CNC-03,H,296.81668450690495,310.88219641152983,2392.607173145285,27.528404171693108,160.45022902524497,3.216051473846204,12.085785584588127,63.03922150804081,0,2026-10-06 01:36:15
2026-10-05 22:13:00,CNC-02,M,298.56246919762896,310.9968768030185,2659.136743784625,15.707845522129594,144.58042720964468,3.4205959468674543,7.729031700098306,55.639642488114916,0,2026-10-06 01:36:15
2026-10-05 06:07:00,CNC-03,H,295.487326338346,309.6033925997845,2138.278943562472,33.00344439452998,64.25415476516933,2.7554997085119317,13.251718022304876,58.60739584294987,0,2026-10-06 01:36:15
2026-10-05 17:36:00,CNC-02,M,299.06543597108674,312.977483909592,2003.264114298317,33.745262572950054,17.76525011785746,2.6260073842645304,12.82099209647279,54.848873836643115,0,2026-10-06 01:36:15
2026-10-05 08:40:00,CNC-03,H,295.60814390055907,309.673760128569,1662.286524826184,44.70266886510614,19.51446696676814,2.32139225172658,13.86273280357634,63.268560266355706,0,2026-10-06 01:36:15
2026-10-05 04:51:00,CNC-02,M,296.6240479572978,310.0214579626476,2239.099443518876,28.85617144304729,35.981346400906084,2.800471498526539,0.0,54.38667481910052,0,2026-10-06 01:36:15
2026-10-05 12:25:00,CNC-01,L,297.7336293947301,311.5572933424546,1352.1920107281967,50.65395735261912,84.13205614901278,19.863804184852693,13.028705382942887,55.60469079283462,0,2026-10-06 01:36:15
2026-10-05 13:53:00,CNC-03,H,297.82870897132915,312.96681081566294,1391.6126059444643,55.33000521215583,237.0713842447301,2.848806031770335,14.300193032301665,53.7495694087522,1,2026-10-06 01:36:15
2026-10-05 04:23:00,CNC-02,M,296.7508084426386,309.39253167276803,2419.3092648219204,22.925047775633065,1.1901924074868173,3.0200396837616625,10.581102167752576,59.84057408038203,0,2026-10-06 01:36:15
2026-10-05 15:22:34,CNC-02,M,298.1733467500468,312.37337491847785,1594.2661980389512,43.66778954086167,69.83821777383342,2.189367035666499,12.945808042550004,53.41471326582771,0,2026-10-06 01:36:15
2026-10-05 06:43:00,CNC-03,H,295.78069991657054,309.14130706845236,1754.129603075548,35.74621342474418,113.26140111074302,2.410560422597193,11.726786702437021,59.78802595311867,0,2026-10-06 01:36:15
2026-10-05 07:56:00,CNC-03,H,295.1730543436514,310.22342231320107,1751.3816756864308,42.29462977749113,217.19012799634532,2.965245259784067,13.74048151726446,61.28656718861498,0,2026-10-06 01:36:15
2026-10-06 01:08:00,CNC-02,M,297.70615944109164,310.01650729993025,2754.3595097081397,14.96918595338614,106.15630751909826,3.40354673060863,7.863560333555409,53.51139483298453,0,2026-10-06 01:36:15
2026-10-05 14:37:00,CNC-01,L,298.65665841136484,312.9767132616551,1614.2290740519766,45.644594585716995,101.08100030010368,2.2914587442457863,13.782450909429082,51.72341609623407,0,2026-10-06 01:36:15
2026-10-05 06:57:00,CNC-01,L,296.7911941615125,310.22619859814006,1870.3531175245646,35.62740426085584,6.910775544138975,2.526852155327782,12.659039492485265,61.68012165889619,0,2026-10-06 01:36:15
2026-10-05 05:19:00,CNC-02,M,296.2176911668536,309.4949981593426,2152.694628618345,27.421205112299422,71.2615506806338,2.804890653571289,11.08074985704404,58.96559559751441,0,2026-10-06 01:36:15
2026-10-05 03:21:00,CNC-03,H,297.4029892448289,310.87226883285126,2362.2166633266484,24.54668058509366,128.7253294027105,3.0501313791147133,10.976860530540877,49.38437512177779,0,2026-10-06 01:36:15
2026-10-05 19:41:00,CNC-03,H,300.08786052832187,314.1194277836403,2562.0806419397622,24.283582478045943,235.947476567636,4.001246428021122,11.391657969112131,51.62081295936695,0,2026-10-06 01:36:15
2026-10-05 19:54:00,CNC-02,M,299.1387025635022,313.5007132653043,2390.5003900733686,26.48549626673176,193.98759989431875,3.5261583991067496,11.924304677298048,53.12330321338028,0,2026-10-06 01:36:15
2026-10-05 08:00:00,CNC-02,M,295.8051612277433,309.79984049097146,1553.3481294311555,44.43066247827536,69.15551445211861,2.1419578625056905,13.065334306403887,57.79697940500705,0,2026-10-06 01:36:15
2026-10-05 19:12:00,CNC-03,H,26.746891043957532,41.108203358109165,2300.439806697274,28.694857808380593,200.358183488152,3.5059125288897808,12.354715517650806,50.11676444142432,0,2026-10-06 01:36:15
2026-10-05 08:51:00,CNC-01,L,296.49619631685295,311.1689518587322,1499.1508794241186,49.28653981606059,173.25425811102758,2.4960304529319752,13.702685149781297,54.81634703345287,0,2026-10-06 01:36:15
2026-10-05 02:04:00,CNC-03,H,297.9018527629023,310.11218576365184,2661.4903548389225,17.96824180846683,41.860091778514004,3.1029741358600584,8.889807540640435,57.17792452970936,0,2026-10-06 01:36:15
2026-10-05 23:56:00,CNC-03,H,25.946204913688973,37.1822536340876,2660.3078514596336,14.11190303628328,5.379213222243634,3.303075840966576,7.186832626521608,55.875840165659845,0,2026-10-06 01:36:15
2026-10-05 23:32:00,CNC-01,L,26.300817272922302,38.69988812099217,2653.5366278977904,16.838191654202095,153.4439610997668,3.5301612114751704,8.22167804752289,48.88988109290828,0,2026-10-06 01:36:15
2026-10-05 03:12:00,CNC-02,M,297.49472582006615,310.7052217716354,2422.8005135461863,22.013800217290655,150.31645036685904,3.220510984601553,9.938049608855941,57.374765415092696,0,2026-10-06 01:36:15
2026-10-05 05:02:00,CNC-02,M,296.28782931711004,309.3353698157177,2175.1370789484595,26.784290574885084,49.6915107613429,2.830203294944201,10.84064871639384,60.05272601203561,0,2026-10-06 01:36:15
2026-10-05 02:32:00,CNC-02,M,297.7544914456198,309.99919775177875,2594.1086005295506,17.36332775305317,104.74607352618095,3.0520996006172405,8.400352858527052,59.32609221234068,0,2026-10-06 01:36:15
2026-10-05 16:29:00,CNC-02,M,298.6018001736911,313.0263705686623,1905.8947601389284,36.916283612642324,167.98251485871245,2.86557200887279,13.271479266782407,52.54534131634563,0,2026-10-06 01:36:15
2026-10-06 00:01:00,CNC-03,H,26.03095351409968,38.087991355401755,2682.3155979243716,18.01583866434401,10.725855682252533,31.678142941214375,9.057345828012151,51.153926097439154,0,2026-10-06 01:36:15
2026-10-05 13:18:00,CNC-01,L,298.6621329307802,313.349089541352,1432.5509894913337,50.27115228909814,167.9426111784345,2.465019648520884,13.812863959775491,55.179746692604155,0,2026-10-06 01:36:15
2026-10-05 06:30:00,CNC-03,H,295.4496284737627,,1943.3726906842937,35.01817072451508,95.3648761049834,2.542335208905498,12.726929558849696,58.98252139407148,0,2026-10-06 01:36:15
2026-10-05 08:07:00,CNC-02,M,295.70515613299585,309.7600156504503,1699.9133480743865,41.20152564044218,79.46369204743337,2.3375663694834263,13.311130252728175,59.54357202687834,0,2026-10-06 01:36:15
2026-10-06 01:20:00,CNC-01,L,298.8201565561606,310.3586264604485,2756.9304909149782,13.979150728576588,55.354314209023585,3.291172772150837,6.989642208690447,51.71876591403307,0,2026-10-06 01:36:15
2026-10-05 03:36:00,CNC-03,H,297.11226774818704,310.82405115234604,2399.8846472566147,26.43174637885996,146.35595402897673,3.1662726094683995,11.823594963539527,59.92285989419926,0,2026-10-06 01:36:15
2026-10-05 23:53:03,CNC-01,L,26.1703718692263,37.504769907892126,2746.221882542752,10.164036343739726,176.8783445827912,3.833106378581363,5.358944476037755,50.07303240798165,1,2026-10-06 01:36:15
2026-10-05 05:45:00,CNC-01,L,302.3730185669127,310.7488763296021,0.0,33.90385837578804,137.5004709587699,2.9267199710520457,12.908382714033163,50.807280141962565,0,2026-10-06 01:36:15
2026-10-05 12:51:00,CNC-02,M,297.10600369883156,311.5857756528602,1453.646640497802,50.97117703773948,48.99881375264535,20.14752860414632,13.927871275391572,54.96198737726831,0,2026-10-06 01:36:15
2026-10-05 20:27:00,CNC-03,H,300.2798744052889,313.5149663507202,2354.478701659695,24.518337610016907,43.74466231156472,2.9635233313514457,10.88341962970264,51.58259279026876,0,2026-10-06 01:36:15
2026-10-06 01:08:00,CNC-01,L,298.8799820290643,310.67359649020136,2773.2285098848556,14.899800450844186,42.58290748029278,3.2188593723926604,7.706778562583086,52.88818535908665,0,2026-10-06 01:36:15
2026-10-05 10:40:00,CNC-03,H,296.08309589646484,311.2572487775121,1401.2085150703508,55.53377363544178,205.5683423751746,2.696754010283904,14.419374005899948,61.5982764704041,0,2026-10-06 01:36:15
2026-10-05 06:15:00,CNC-02,M,295.83783592426465,310.7278255007678,2122.3118166696026,36.05149295413167,144.71004754309027,2.999197680879035,14.367417800034447,55.54427351492455,0,2026-10-06 01:36:15
2026-10-05 01:39:00,CNC-02,M,298.1162959997172,310.19947059201905,2576.13848725603,16.769322349310233,46.75368939210499,3.106950391832557,8.042705267821486,49.94195179236748,0,2026-10-06 01:36:15
2026-10-05 09:31:00,CNC-01,L,296.66457604107353,310.4586077543859,1355.3886545041319,51.581487015146074,27.85671841521699,2.057168970288455,13.074099257599386,58.85579721917762,0,2026-10-06 01:36:15
2026-10-05 12:47:00,CNC-02,M,296.9936713237315,311.2045885320022,1392.8479767760143,49.831062374437046,42.64871038335517,1.9859924001595368,12.830356343204848,55.83385799343244,0,2026-10-06 01:36:15
2026-10-05 18:59:00,CNC-03,H,27.012394617588598,42.36094170352487,2137.5181839667334,38.43315643833328,183.81506323691605,3.181921816032312,15.29934430992026,52.09631252712583,0,2026-10-06 01:36:15
2026-10-05 21:21:00,CNC-03,H,299.90724503378385,312.7028081782643,2620.6151280491877,20.325283307757196,105.26888655789968,3.183497292322792,9.761150585082467,49.38796538035938,0,2026-10-06 01:36:15
2026-10-05 18:12:00,CNC-01,L,26.92829952431873,41.58015204669715,2053.6440221641483,35.03044784600966,183.58445886452463,3.229608354500981,13.450871306351257,50.03056973023094,0,2026-10-06 01:36:15
2026-10-05 18:53:00,CNC-03,H,26.784803853723133,41.053190137073045,2110.886755501755,31.234977653469834,176.1168628193407,,12.235303560597576,55.098273269000146,0,2026-10-06 01:36:15
2026-10-05 08:46:00,CNC-02,M,295.7933259618446,309.9973192611804,1668.2954427247619,40.82264853695258,137.56203023804014,2.498277643811749,13.016221506346183,62.57613483298773,0,2026-10-06 01:36:15
2026-10-06 00:19:00,CNC-02,M,297.6438925829405,310.55618629004096,2764.8373635173148,19.2104652149755,54.05961687537411,3.250166610401678,10.152374317359374,54.04749263157984,0,2026-10-06 01:36:15
2026-10-05 20:43:00,CNC-02,M,298.71143185410943,311.60885401841307,2382.848092095418,21.58258227845758,44.048526320164726,3.0017034457064335,9.553481669318634,55.33256514710184,0,2026-10-06 01:36:15
2026-10-05 13:58:00,CNC-02,M,297.62889623929334,312.2947821960056,1478.451531928028,49.49120267882078,154.69852880402402,2.3994853933442886,13.709650215134781,53.54846909290624,0,2026-10-06 01:36:15
2026-10-05 20:18:00,CNC-03,H,300.2222463668197,313.4662225965881,2396.512195765736,25.937330377433526,33.26376497271187,3.018717743671888,11.514660283365892,50.97556060052269,0,2026-10-06 01:36:15
2026-10-05 21:48:00,CNC-02,M,298.494603161117,310.75418213811264,2687.6829551437054,14.79516244711262,117.11772201360856,3.381619665979006,7.418428749350905,54.99531832640364,0,2026-10-06 01:36:15
2026-10-05 02:10:00,CNC-03,H,298.1936751393203,311.025844990099,2506.6935814709636,20.35519534975265,48.46624577487729,3.1589559420873634,9.563126900426568,52.20917048607525,0,2026-10-06 01:36:15
2026-10-05 20:48:00,CNC-03,H,300.4659840877723,313.2216748540476,2563.2177508486056,21.25414971548578,67.90603647479831,3.085990008632715,10.18820823924697,48.31704782220307,0,2026-10-06 01:36:15
2026-10-05 07:37:00,CNC-02,M,295.7149115043148,309.41204284632266,1636.8019682637882,39.30300410663582,35.844618624156624,2.239431095793643,,60.50172792964406,0,2026-10-06 01:36:15
2026-10-05 01:56:00,CNC-03,H,298.3154552590107,310.7307642806093,2569.882126811299,,33.120211050344025,3.1685532812631645,8.864775290332895,55.755256279790856,0,2026-10-06 01:36:15
2026-10-05 20:53:00,CNC-01,L,300.4798616561368,313.9504130954599,2536.261877126164,23.04478100942647,188.2469416940554,3.666364982963943,10.831455847551295,49.7309621007221,0,2026-10-06 01:36:15
2026-10-05 16:55:00,CNC-01,L,300.00014175366755,313.7253283783845,1744.9837479935031,39.10221039217612,78.61900885913307,2.478046953990588,12.798681532013672,52.65610230343531,0,2026-10-06 01:36:15
2026-10-05 05:27:00,CNC-03,H,295.71655709779077,308.66990714766933,2085.272829937269,27.975725067113835,11.449718920905816,2.6633311839077622,10.864633791309377,61.26645280014928,0,2026-10-06 01:36:15
2026-10-05 02:39:00,CNC-02,M,297.6954030378782,311.00280858114553,2562.9236151874247,21.472329493641684,112.74953796458456,3.201674452585318,10.49010634052106,57.55146262512986,0,2026-10-06 01:36:15
2026-10-05 17:50:00,CNC-03,H,299.97914186253956,314.35253304781395,2021.2820529240885,36.20800778884883,94.06247050135323,2.6887538279335983,13.655818032764161,54.62973148441681,0,2026-10-06 01:36:15
2026-10-05 07:31:00,CNC-02,M,295.8247963828342,309.7985520151435,1790.979973244212,40.26877620416233,27.22243886228011,2.405754460858935,13.22312475423484,58.32292783003596,0,2026-10-06 01:36:15
2026-10-05 06:47:00,CNC-03,H,295.6426948951646,310.0124334853829,1793.575420412823,39.140972119525884,118.82942113383808,2.518811686178804,13.16870911734156,57.147234162906464,0,2026-10-06 01:36:15
2026-10-06 00:11:00,CNC-03,H,26.026219203383505,37.41445037164755,2597.238732326308,14.820344396879955,21.384798550505124,3.205859400476817,7.115827587281363,57.85178486096851,0,2026-10-06 01:36:15
2026-10-05 02:57:00,CNC-03,H,297.25489985742524,310.5992067542547,2527.90736669079,23.54427331309392,100.96601437113634,3.1733250255803895,11.054256982015069,55.85606491743632,0,2026-10-06 01:36:15
2026-10-05 23:05:00,CNC-01,L,299.6254731700847,311.67937863179213,2626.3191285574258,16.368276314248355,124.73218966128596,3.443490278396983,8.089348149578615,52.07901400394775,0,2026-10-06 01:36:15
2026-10-05 05:17:00,CNC-02,M,296.24726584963713,309.76968464056097,2171.5783692098157,30.53916060513691,68.73988122928834,2.8355312706971354,12.206835256101677,56.35909028055719,0,2026-10-06 01:36:15
2026-10-05 08:10:00,CNC-01,L,296.42053810337455,310.80410948862453,1518.6474382249642,47.61847969518221,111.97241899588094,2.362169418958984,13.502147479687148,59.88601006291006,0,2026-10-06 01:36:15
2026-10-05 09:28:00,CNC-03,H,295.65255676636883,309.92527559488127,,42.51331089657229,92.65312125501731,2.3824712699827986,13.14662211491658,63.634929489106355,0,2026-10-06 01:36:15
2026-10-05 09:29:00,CNC-02,M,295.83244933193026,311.0161411879285,1512.0099021841047,49.81612131982749,203.03271947204576,2.7610325991801212,14.382144327062301,55.96846598351455,0,2026-10-06 01:36:15
2026-10-05 15:42:00,CNC-01,L,299.43881056768004,314.01476065549633,1720.3599085821259,41.71185800860478,199.445571933961,3.1197730895640747,13.485946094421362,1984.4684690683061,0,2026-10-06 01:36:15
2026-10-05 07:04:54,CNC-02,M,296.1416590894489,310.8559132234751,1832.8006355654634,38.00178829406827,212.12007069720562,3.1454015623111906,13.170422350946907,59.010016702636825,0,2026-10-06 01:36:15
2026-10-05 18:56:00,CNC-02,M,31.94501664809752,40.18303334369136,2301.534294418819,28.63267919371915,122.56911638092112,3.0874313226256427,12.264555315920324,40.384153978893664,0,2026-10-06 01:36:15
2026-10-05 12:05:00,CNC-03,H,301.98676303725904,309.9655103483336,1453.3314256404994,0.0,66.58711987390691,2.128712184337346,13.033179252059941,46.39880565533723,0,2026-10-06 01:36:15
2026-10-05 18:54:00,CNC-02,M,31.698367290334886,39.030004686683924,2351.0729800071604,23.137222144703003,120.07582452163086,2.9741921925383585,10.174334321531065,46.35777918631898,0,2026-10-06 01:36:15
2026-10-05 07:33:00,CNC-03,H,295.66906894137094,310.64775697016546,1856.9653975609672,39.328577481606,183.77235135898877,2.853337685955558,13.822810889788279,60.398104657053814,0,2026-10-06 01:36:15
2026-10-05 22:58:00,CNC-02,M,298.1395645970374,311.71355470002464,2793.4506791416293,18.491641328458382,193.27155251055686,3.8447793948071864,9.905110890481634,58.2050485231516,0,2026-10-06 01:36:15
2026-10-05 13:11:00,CNC-01,L,298.4527664945604,312.69598342525944,1365.9416491052257,50.234461893212504,156.83928579152268,2.4635984105642894,0.0,51.79656984425626,0,2026-10-06 01:36:15
2026-10-05 09:43:11,CNC-03,H,295.4224104289855,309.68868766271873,1423.3084562050583,48.43598844218303,114.36776217081608,2.1714627301130283,12.961393167329202,59.57267180317144,0,2026-10-06 01:36:15
2026-10-05 15:16:00,CNC-02,M,298.3391446790019,312.6147373866339,1464.6838695593767,48.000318463481555,60.84016480504732,2.0252035702442326,13.025159318554408,54.63250951777069,0,2026-10-06 01:36:15
2026-10-05 05:46:00,CNC-01,L,302.28727356138273,310.5408679763462,2017.8362881623884,33.88960179373722,138.8383007089037,2.9283857551928074,12.686592038524367,49.65887093590326,0,2026-10-06 01:36:15
2026-10-05 02:31:00,CNC-01,L,297.8361966704242,311.00460163511394,2664.5278175441063,21.209915987224257,99.4985490125836,3.1991439439268388,10.495809860082359,55.08603148896765,0,2026-10-06 01:36:15
2026-10-05 03:27:00,CNC-02,M,297.35116042945106,310.858990065699,2472.2446610828,22.88257146005558,167.56637419996898,3.507370963347375,10.736113134955328,59.07925552760945,0,2026-10-06 01:36:15
2026-10-05 04:13:00,CNC-01,L,302.47050336698544,308.58012623707873,2298.984398749685,21.749350270270803,21.615118618659384,2.8056125330315216,9.182616865516154,49.51765455104476,0,2026-10-06 01:36:15
2026-10-05 04:55:00,CNC-02,M,296.58864182558307,310.4449014319968,2210.6300795551015,29.555671179980788,41.01699455462139,2.802143702087476,12.397085033789777,59.285548560199764,0,2026-10-06 01:36:15
2026-10-05 04:24:00,CNC-01,L,302.5008268016243,309.85901278348854,2338.7279714637107,25.980374734867453,34.936405003755254,2.9384056254797457,11.332958509772672,49.746755138236274,0,2026-10-06 01:36:15
2026-10-05 04:22:00,CNC-03,H,296.2509929289155,310.24387759100347,2336.2996442956623,26.46915389015784,201.5082840371802,3.545879281747924,11.568073951750392,59.24363579647045,0,2026-10-06 01:36:15
2026-10-05 13:15:00,CNC-01,L,298.86440150078977,313.2209584500852,1359.4511228023305,51.22141882549288,163.23928579152266,2.415564122983073,13.055467668746804,53.37727948210688,0,2026-10-06 01:36:15
2026-10-05 09:19:00,CNC-02,M,295.75747074737313,310.9509959453285,1647.7552039985987,48.178654073643244,187.63432626567158,2.782116445722149,15.075340898480642,54.29763460446384,0,2026-10-06 01:36:15
2026-10-05 17:41:00,CNC-01,L,299.8497112277189,314.25022985859323,1945.9269551963498,36.98947190771771,142.43242439109125,2.7009059774009994,13.32842216353742,49.90740821464426,0,2026-10-06 01:36:15
2026-10-05 16:45:00,CNC-03,H,299.1628790781784,312.60933766953366,1887.380551621007,34.759413558782995,4.273864501872072,2.4778273345897786,12.27957972282255,56.886071321807364,0,2026-10-06 01:36:15
2026-10-05 07:44:00,CNC-02,M,295.88855725994244,310.35190164006474,1842.9629079250685,40.74538823509244,45.812418060761274,2.5349394598535224,14.295560096761722,63.61886390392947,0,2026-10-06 01:36:15
2026-10-05 06:41:00,CNC-03,H,295.439717620673,309.6472679637593,1791.984568849663,39.571745662693466,110.43310940814675,2.479744175325138,13.34531475959309,2010.4533856980547,0,2026-10-06 01:36:15
2026-10-05 03:11:00,CNC-01,L,297.5305003254399,311.3944493295757,2431.7752981886597,26.41139211791016,144.6105176251129,3.332269884686322,12.25677872742131,54.06665969833851,0,2026-10-06 01:36:15
2026-10-05 10:40:00,CNC-02,M,296.0961286857642,309.9401426222236,1381.6986528052644,48.36670327551555,56.85356306941849,1.9869540068806204,12.442221954236956,56.14830618052752,0,2026-10-06 01:36:15
2026-10-05 20:30:00,CNC-03,H,300.0132383563013,313.26237270448206,2441.302517808185,24.591895773826874,47.290249377078034,3.110116842370038,11.275590592215032,49.072164147410184,0,2026-10-06 01:36:15
2026-10-05 15:57:00,CNC-01,L,299.5762309951251,314.59062392615556,1872.4884007412309,41.17374319873314,221.65596041593386,3.624059402149531,,54.561069707964485,0,2026-10-06 01:36:15
2026-10-05 23:58:00,CNC-02,M,24.67960030506515,36.49671523305386,2545.822546526508,15.433865128571183,31.82698852553071,31.085655812146236,7.355399898079437,53.09587644894026,0,2026-10-06 01:36:15
2026-10-05 19:56:00,CNC-03,H,300.6857825210877,313.25144177887245,2263.303978609073,23.34608565718274,7.203022828626618,28.410770738850673,9.755775897680012,48.84935227988075,0,2026-10-06 01:36:15
2026-10-05 20:39:00,CNC-01,L,300.343227642726,313.6631651351267,2485.590852630267,23.37915073076492,172.17999834224713,3.5100797930272676,11.026453711337782,51.02572690508727,0,2026-10-06 01:36:15
2026-10-05 12:38:36,CNC-02,M,296.99937658932834,311.2447913992305,1468.857442234411,49.714814893009766,29.988453932443164,2.041214668006121,13.988596455710557,58.80828267340275,0,2026-10-06 01:36:15
2026-10-06 00:43:00,CNC-03,H,298.8232037300588,310.473958995773,2576.944402584859,15.279682488434355,55.24950139100265,3.27892680267371,7.242002111526047,51.856057646692534,0,2026-10-06 01:36:15
2026-10-05 06:26:00,CNC-03,H,295.4129119895169,309.89433549436876,2029.0468996978618,36.81699726602581,89.86633753986413,26.486798375385483,14.097359158284698,59.65481486895045,0,2026-10-06 01:36:15
2026-10-05 16:36:00,CNC-02,M,298.83350559973434,313.84624938546,1853.8235187562345,40.439262709699655,178.0763650655935,2.963737480966784,13.705944089055171,48.74235051171154,0,2026-10-06 01:36:15
2026-10-05 06:44:00,CNC-01,L,296.72610588275046,311.48207270278215,1873.024623296026,,217.15040856748573,3.4944969009251747,13.91585242385109,53.36400535592509,0,2026-10-06 01:36:15
2026-10-05 13:58:00,CNC-03,H,297.9303249646699,311.83421612658844,1458.1747996172592,48.29926186288824,3.120484832733881,0.0,13.185743589051018,54.300713725514626,0,2026-10-06 01:36:15
2026-10-05 06:40:00,CNC-02,M,296.03112091590356,310.3497634059697,1984.4873759927214,34.60092129091705,178.62356659261806,3.0931050883031967,12.936948677838593,57.39779621237631,0,2026-10-06 01:36:15
2026-10-05 16:54:00,CNC-02,M,298.8409965171954,313.87980802863984,1961.5631266310038,38.31860795922666,203.35006162059935,3.1784633073741237,14.140990411087865,49.92743786163732,0,2026-10-06 01:36:15
2026-10-05 01:36:00,CNC-02,M,0.0,309.906748748038,2568.9119203889136,16.4217086920088,43.522353120183304,3.1575435973056636,8.26678747747939,57.469514986070784,0,2026-10-06 01:36:15
2026-10-05 04:30:00,CNC-01,L,302.31251266637753,309.04399742328206,2246.059717029287,24.17795247833318,42.31597878115726,2.82296834393802,10.245225480762283,49.368142200808876,0,2026-10-06 01:36:15
2026-10-05 04:28:00,CNC-03,H,296.1199188797348,310.3054887726732,2220.6557332649036,29.254270143241783,208.71745376945987,3.3435653330141104,12.182229607535117,56.456025939573756,0,2026-10-06 01:36:15
2026-10-05 11:25:00,CNC-03,H,301.90626193497985,309.3487030906643,1416.72633078277,43.747094308793756,3.10800971898382,2.0706604029834024,11.504808007518324,50.02823682704479,0,2026-10-06 01:36:15
2026-10-05 03:46:00,CNC-02,M,297.2410387842845,310.4199026597327,2368.222972919578,23.464419460935932,189.9217491967394,3.415179569941517,10.276691174663648,56.7856073569786,0,2026-10-06 01:36:15
2026-10-06 01:22:00,CNC-03,H,298.5599058751327,311.6922695101768,2553.699972278151,22.015824016273477,97.05143400304716,3.110291947907449,10.769619326597896,56.78930835691406,0,2026-10-06 01:36:15
2026-10-05 07:58:00,CNC-03,H,295.4790093587392,310.9771928449851,1622.2448097099164,50.33690134064374,220.18417251700228,2.9620906532524227,15.199055397548873,62.59690899185383,0,2026-10-06 01:36:15
2026-10-05 16:49:00,CNC-02,M,298.8958235540402,313.84928534520054,1651.3794584342459,43.25854372054969,196.44955399794586,2.9450180420254375,13.751709876182298,53.63544581226369,0,2026-10-06 01:36:15
2026-10-05 17:11:00,CNC-02,M,298.9492852492716,314.16862799769405,2065.225625381678,36.12041293687037,227.0552828086851,3.5624768992438827,14.088888175892759,53.92694236405717,0,2026-10-06 01:36:15
2026-10-05 06:37:00,CNC-01,L,0.0,311.1291139632723,1934.3067825251755,37.7936015752109,207.47707603650812,3.4347241849077452,13.883168013245376,55.42718814877203,0,2026-10-06 01:36:15
2026-10-06 01:06:00,CNC-01,L,299.1150119673198,310.07432844324126,2774.2541064560864,11.166243103366549,40.51063641680571,3.3831375325812463,5.794752669062057,54.35771917873678,1,2026-10-06 01:36:15
2026-10-05 20:06:00,CNC-01,L,300.4693194607649,314.09028040179606,2337.655393274482,24.863548390649587,133.5784277570124,3.0576983306148873,10.90080007720498,48.30404516115022,0,2026-10-06 01:36:15
2026-10-06 01:23:00,CNC-02,M,297.35989173817825,310.09579663923705,2631.2380750201846,15.660525309824331,122.2904430357506,3.2375517043984616,7.834023225478795,55.51289253018366,0,2026-10-06 01:36:15
2026-10-05 14:58:00,CNC-02,M,298.0926701534266,312.247666316092,1535.1217333443628,45.24284222898179,33.67105679400853,2.2078605602571417,13.227575427671487,57.6172348404065,0,2026-10-06 01:36:15
2026-10-05 17:46:00,CNC-03,H,299.97381639431956,314.3143320158728,1898.2988544944426,37.840651983398914,88.75513009681882,2.3907454459574025,13.310488280334571,52.07308107759441,0,2026-10-06 01:36:15
2026-10-05 22:55:00,CNC-01,L,299.77382953906164,311.45515125696244,2666.12498602928,14.852770131567011,114.07626760522345,3.307166917856412,7.419978500345313,52.01948243295041,0,2026-10-06 01:36:15
2026-10-05 12:38:00,CNC-03,H,302.2862190438541,310.5014584468133,1380.7522127896355,52.202309221029765,118.87134205781089,2.1896778224586564,13.385129108881529,53.438826797640566,0,2026-10-06 01:36:15
2026-10-06 00:01:00,CNC-01,L,26.123337309570445,39.15660359008706,2772.250467771548,17.44109790376942,184.31873707576057,3.6994780907890807,8.990562228354557,54.1987748190207,0,2026-10-06 01:36:15
2026-10-05 12:26:00,CNC-02,M,296.3953648120238,310.0360601852866,1299.0077023911208,51.06216139675227,9.553323272007336,1.9080056746984833,12.341345153343191,55.53948648084404,0,2026-10-06 01:36:15
2026-10-06 01:17:00,CNC-02,M,297.4497757739169,310.205215769795,2582.9646898484066,17.7745391614436,115.86110820298592,3.207722367431713,8.577045069851945,58.00662441088081,0,2026-10-06 01:36:15
2026-10-05 21:09:48,CNC-02,M,298.8136561263638,312.29784161995883,2625.0574304793695,21.28748799111794,73.64124218189706,30.539687232604667,10.642217945492364,52.22661979070203,0,2026-10-06 01:36:15
2026-10-06 00:20:00,CNC-02,M,297.64728324345253,308.9490211482313,2712.893701663235,11.909373256751861,55.13044714335724,3.2829804811830696,5.830529813905107,54.78310401724304,1,2026-10-06 01:36:15
2026-10-05 10:35:00,CNC-01,L,296.7850757674314,311.24960707714524,1358.6459983927457,54.96542070352795,127.98350548923977,2.1983556467007563,14.023733467230405,58.54389916464271,0,2026-10-06 01:36:15
2026-10-05 10:06:00,CNC-03,H,295.8211426260656,310.2690314886017,1408.3375209400199,51.387216953831626,152.1677311006224,2.336734338495476,13.525427945734322,54.165266687612885,0,2026-10-06 01:36:15
2026-10-05 21:06:00,CNC-03,H,300.3872833150672,312.7363626425279,2470.970785915061,20.416085844276562,88.5302103048623,3.062321002252662,9.68555023564454,54.657032656073525,0,2026-10-06 01:36:15
2026-10-05 04:45:00,CNC-03,H,295.8710907612895,310.35385785851827,2181.441373662354,30.555544858377935,230.00175997790143,34.138221567353774,12.82193590207129,60.13295503882426,0,2026-10-06 01:36:15
2026-10-05 07:20:00,CNC-02,M,295.90251264653375,310.0875630953598,1714.3165576837296,44.21227619104131,11.381418871097017,2.2622878596432647,13.990629549216893,61.271736168340354,0,2026-10-06 01:36:15
2026-10-05 10:48:00,CNC-02,M,296.02669798164277,310.6256673512423,1502.6041104292,49.76230677256476,69.53782604695893,2.0811561785353465,13.955097192434025,62.99380950160662,0,2026-10-06 01:36:15
2026-10-05 10:14:00,CNC-03,H,295.4670418882438,310.44157526889705,1387.532997124705,55.50978738130423,164.71179003904578,2.3478460766853497,14.712982666025106,58.888109843362294,0,2026-10-06 01:36:15
2026-10-05 10:16:00,CNC-01,L,296.6919356026311,311.2010088402652,1494.066018390334,50.45228691591669,98.01163991932468,2.389247185129986,14.126188425655616,54.95166406695985,0,2026-10-06 01:36:15
2026-10-05 07:53:00,CNC-02,M,295.88803115753717,310.21616346802574,1847.6378386913598,39.34228606314003,58.9189953325081,2.426874199817571,13.648914076378523,60.42607466015283,0,2026-10-06 01:36:15
2026-10-05 04:36:00,CNC-03,H,296.0087932934929,310.7050340585593,2137.053489524515,32.73828385997027,218.58563882795977,3.3932176790345974,12.684682349257313,58.69730712609858,0,2026-10-06 01:36:15
2026-10-05 23:54:00,CNC-03,H,26.005422495798257,38.61969814381024,2613.325606683425,20.02569783096655,3.229502317326355,3.213205354671267,9.703509989166214,51.30641595860834,0,2026-10-06 01:36:15
2026-10-05 04:34:00,CNC-03,H,296.2875866918468,310.2680560052848,2334.3921885693676,26.81028336870175,216.072022179198,3.5881892659358057,11.692502705159315,59.43465687180506,0,2026-10-06 01:36:15
2026-10-05 19:40:00,CNC-03,H,300.18153363587624,314.67315206366806,2359.1647536006226,28.633713147469244,234.79421235704936,3.75081400238145,12.517279589409066,51.96513247410709,0,2026-10-06 01:36:15
2026-10-05 20:05:00,CNC-03,H,300.34590602261744,312.70145763596145,2246.248698006471,23.55852947439087,17.941003080177694,2.7500217894575867,10.066053202990041,46.991532956708355,0,2026-10-06 01:36:15
2026-10-06 00:59:00,CNC-03,H,298.5327980004763,310.2285072789449,2623.5125039504805,15.138453093562774,72.39082921350833,3.2465882016773646,7.213381926781394,55.516074557038436,0,2026-10-06 01:36:15
2026-10-05 11:25:00,CNC-01,L,297.1339747700098,311.8458246057342,1417.8961342429425,50.66490495745698,207.35897480064122,2.953112681232959,13.532917486446788,54.47244221514645,0,2026-10-06 01:36:15
2026-10-05 07:08:00,CNC-01,L,296.52920196204985,310.7243828058476,1842.314178563963,41.58452415747046,22.37523035889396,2.5069741005972768,14.273273391597776,60.46601290359365,0,2026-10-06 01:36:15
2026-10-05 17:38:00,CNC-02,M,299.0215802258418,312.4073661067321,1849.6122504959326,34.120604895864695,20.50199908577006,2.53763051450047,11.733022564397094,51.38958782579108,0,2026-10-06 01:36:15
2026-10-05 06:00:00,CNC-03,H,295.7788229462104,310.44459635616727,2056.3339995696942,38.57343239793051,54.8637457873752,2.611228306025178,14.807498520675248,59.03461907416944,0,2026-10-06 01:36:15
2026-10-05 11:14:00,CNC-03,H,296.18953755750266,311.37529855759664,,53.16338754223303,259.49132349045453,3.305533588358579,13.735141697527126,60.662241916934704,1,2026-10-06 01:36:15
2026-10-05 01:39:00,CNC-03,H,298.0764466876485,310.1543969710423,2635.706656830757,17.73604707534037,14.706030033936226,3.2584944918788747,8.8088665171324,56.09230820923164,0,2026-10-06 01:36:15
2026-10-05 16:05:00,CNC-02,M,298.48483883352276,313.39429263335114,1676.6286949396422,44.606220313085544,133.35755200061496,2.4810444904229287,13.924982161687602,54.87654949748421,0,2026-10-06 01:36:15
2026-10-05 08:11:00,CNC-03,H,295.40256236856203,310.544569210627,1550.4798812039926,48.9690722243944,239.29454850023637,3.0453983007535643,14.358825367501586,58.05964732524482,0,2026-10-06 01:36:15
2026-10-05 04:15:00,CNC-01,L,302.61671669673683,308.830004512264,2423.8346673323103,19.807479745429113,24.01302646803257,2.992055380970306,8.87957232188192,48.793387952842615,0,2026-10-06 01:36:15
2026-10-05 01:50:00,CNC-01,L,298.17399956766815,310.02013998483926,2697.8349928661446,15.024040258306417,53.98641440733035,3.2326259979299934,7.497247036814133,56.78978484965197,0,2026-10-06 01:36:15
2026-10-06 01:11:00,CNC-01,L,298.8448879829426,310.5590565079303,2700.5503765792187,14.830322948529375,45.7939235498726,3.206242689220705,7.330314525347539,48.861512210158686,0,2026-10-06 01:36:15
2026-10-05 11:51:00,CNC-02,M,296.3791650781343,310.93991667983244,1410.4712917840038,50.574807738036206,169.61052168734727,2.502090626106116,13.433163595400549,53.602120026187286,0,2026-10-06 01:36:15
2026-10-05 12:52:00,CNC-01,L,298.4292420788599,313.16374294957205,1369.640814072315,54.76830283376223,126.89228140454112,2.231436458453487,13.915284240167683,56.545321269125715,0,2026-10-06 01:36:15
2026-10-05 11:41:00,CNC-03,H,301.8741234339069,310.0702033575404,1422.615237774557,51.97258627939066,28.599376173378964,2.076150813807236,13.957472897169348,45.95990967938204,0,2026-10-06 01:36:15
2026-10-05 14:36:00,CNC-02,M,297.95557740759824,312.5067926205124,1594.008323786317,49.79540861090907,0.0,2.1444428346648836,14.917545687963768,57.25832426709409,0,2026-10-06 01:36:15
2026-10-05 19:20:00,CNC-01,L,300.31253302016154,313.5260668000925,2330.4872639645837,25.14823382220362,77.61388014502663,2.981268103329111,10.962345550257709,53.874461321443874,0,2026-10-06 01:36:15
2026-10-05 18:41:00,CNC-03,H,26.784870363321716,40.75328846618174,2145.004686409192,28.89764565562462,160.6537944010383,29.14975074750955,11.593043271835986,50.608962629581896,0,2026-10-06 01:36:15
2026-10-05 06:49:00,CNC-01,L,296.4401449572392,311.9951815019367,1940.903757420094,40.27221875996121,224.0744472799503,3.679734165910677,14.523284766514033,55.90052842556667,0,2026-10-06 01:36:15
2026-10-05 20:46:00,CNC-03,H,300.0877223510628,312.9465174988031,2480.015234289442,22.244132488194808,65.63466821410816,,10.565827574400013,48.02729154711383,0,2026-10-06 01:36:15
2026-10-05 15:47:07,CNC-02,M,298.4351733662043,313.42470770409835,1597.8764843177123,48.363591737228354,105.42276699931745,2.230375119490289,14.366667390786045,55.627203768659896,0,2026-10-06 01:36:15
2026-10-05 07:32:00,CNC-01,L,296.40048855021723,310.4428815476167,1962.094934887391,36.74285492967585,56.349371481578295,2.6625390089248913,13.56084295472438,59.64138770658767,0,2026-10-06 01:36:15
2026-10-05 13:45:00,CNC-03,H,297.60025883509365,312.820597784153,1568.9135012378529,51.000725046572,224.55407279995384,2.8415504362933577,14.741116788950931,59.85866030949106,0,2026-10-06 01:36:15
2026-10-05 05:41:00,CNC-03,H,295.8663639042302,310.24269181353577,2130.835601801305,34.634094655958954,29.62263537103573,2.7694820682054737,13.998020740183186,58.3187348922592,0,2026-10-06 01:36:15
2026-10-05 03:17:00,CNC-03,H,297.00118600692707,311.1048420541972,2330.9361206110543,29.017939099830098,123.92203200491397,3.028673961450408,12.781811427405957,56.723230224535556,0,2026-10-06 01:36:15
2026-10-05 05:53:00,CNC-02,M,296.46900233023814,311.1556496519642,2010.7782343675337,36.730397050977054,115.3701176804261,2.7837540748312724,13.84055973272361,55.8365682397882,0,2026-10-06 01:36:15
2026-10-05 21:21:00,CNC-02,M,298.48359019091646,312.5013385734786,2583.7961268224735,25.34666110736478,87.23080516865096,3.1160286225698774,12.502281321376165,53.864697660427595,0,2026-10-06 01:36:15
2026-10-06 00:14:00,CNC-01,L,26.1707991951464,40.08689562215261,2890.6315980530335,20.497968989334552,198.03300414907756,4.053788082765148,11.19488420438727,50.25043455769712,0,2026-10-06 01:36:15
2026-10-05 16:13:00,CNC-03,H,299.11427937433103,314.0306917134622,1809.5669786074347,41.087767609898044,207.96960723395824,2.987537095876813,13.94797150424637,54.302967531606065,0,2026-10-06 01:36:15
2026-10-05 15:18:00,CNC-02,M,298.3067407757258,312.38418776759397,1560.855414303273,43.475807432996255,63.843405808587875,2.2449347760973466,12.750055663788121,55.92819852388065,0,2026-10-06 01:36:15
2026-10-05 18:59:00,CNC-01,L,26.912860997163534,40.1832977561192,2390.4556325972026,24.64734573064937,51.40415041908959,2.956502352957466,10.962672855770409,50.22341401287478,0,2026-10-06 01:36:15
2026-10-05 09:44:00,CNC-02,M,295.5649820063116,310.98227731763393,1545.6993039931494,50.11616036379482,226.16081547113978,3.243722229021337,14.556850894752994,63.15064083245226,0,2026-10-06 01:36:15
2026-10-05 12:53:00,CNC-03,H,302.6532431776127,311.1657260629517,1378.0157886269164,53.035713107343504,142.68679989346495,2.2074917783989587,13.753648227190064,52.44328560361741,1,2026-10-06 01:36:15
2026-10-05 08:43:00,CNC-03,H,295.30246800832026,309.0692691293297,1631.1338672198947,43.44534219242962,24.04499556698652,2.2291891453547765,13.487754775268067,61.29697355104641,0,2026-10-06 01:36:15
2026-10-05 22:07:00,CNC-03,H,299.70644663247543,311.9622618671999,2563.074182026495,16.73543454867038,156.44205656600053,3.3310931102390704,8.13212760258406,48.421300819359985,0,2026-10-06 01:36:15
2026-10-05 11:54:00,CNC-02,M,296.4048204324119,311.20327785304596,1325.6873584926939,52.39213099721488,174.40452171279372,2.38686153054411,13.128751438466171,,0,2026-10-06 01:36:15
2026-10-06 01:05:00,CNC-02,M,297.7148183869593,310.353407515971,2800.5693032206805,15.904490904158132,102.9685877287038,3.372375090039597,8.375890289462047,53.862305555307586,0,2026-10-06 01:36:15
2026-10-05 08:46:00,CNC-01,L,296.3085169624242,311.4034756265081,1571.2083763656008,51.0959235394148,165.71871124993484,2.7320810146881347,15.061603063180014,57.959643576253384,0,2026-10-06 01:36:15
2026-10-05 13:01:00,CNC-03,H,297.22557133096086,312.0280729403596,1351.2682876517636,53.26290133562962,,2.2992262534896883,13.487775393050388,59.004914739646836,0,2026-10-06 01:36:15
2026-10-05 03:37:00,CNC-01,L,297.4375507458927,310.7285141345586,2402.9777751464444,23.672291042066846,174.75332656618164,3.605968023812735,10.703657521753716,54.96275094687489,0,2026-10-06 01:36:15
2026-10-05 17:53:00,CNC-02,M,304.5003416356813,312.88834096767124,2098.9213968487547,35.09787184680433,40.62257604565585,26.074424265307876,13.710082520281528,45.8164613201823,0,2026-10-06 01:36:15
2026-10-05 19:11:00,CNC-02,M,31.42582563708777,39.5129944781246,2037.7306653547641,32.55163724499559,141.41628070741857,2.858188317841391,12.378784351761436,43.6736179402588,0,2026-10-06 01:36:15
2026-10-05 09:53:00,CNC-03,H,295.921320593032,310.04867935611503,1397.618931660896,50.092034972881436,131.7216860750825,2.205782425085046,12.65819857415099,60.66779480790312,0,2026-10-06 01:36:15
2026-10-05 20:51:00,CNC-02,M,298.7901576685569,310.5101952668013,2597.7220973628146,13.577091840127833,53.25340176122051,3.1012533068055577,6.4174985978945625,55.41944995479763,0,2026-10-06 01:36:15
2026-10-06 01:29:00,CNC-01,L,298.45521464614427,310.8150961291555,2805.3938589449494,17.062418382298297,64.98445006834962,3.51510674001817,8.570984120513906,55.037059765905965,0,2026-10-06 01:36:15
2026-10-05 02:00:00,CNC-01,L,298.05088110259317,310.40821540788056,2629.0192067552575,17.05311323949271,65.08813826745443,3.0960874826840334,8.359750212090603,56.487322022925454,0,2026-10-06 01:36:15
2026-10-05 13:43:00,CNC-03,H,297.7766643398878,313.2244486988748,1533.3281373496382,52.12646555874451,221.41546096066506,2.8615790768533733,14.907033586910805,58.427781742659974,0,2026-10-06 01:36:15
2026-10-05 12:41:00,CNC-03,H,302.2803909475145,310.59793205289674,1386.8703972964383,51.16204972774784,123.60779435544957,2.257342799283234,13.244885203723447,47.18111923071161,0,2026-10-06 01:36:15
2026-10-05 08:09:00,CNC-03,H,295.30041246099194,310.746973578503,1589.7682223776358,50.162488815886064,236.32052637911963,3.0103674092232873,14.81308790552672,59.96317414745576,0,2026-10-06 01:36:15
2026-10-05 08:31:00,CNC-03,H,295.5156922285308,308.77066563395834,1513.6104602873631,42.9020018519389,5.975200469337061,2.1339693410825107,12.085634412778173,59.01420914625383,0,2026-10-06 01:36:15
2026-10-05 10:11:00,CNC-01,L,296.5440309709009,311.53833994480544,1451.4934259774554,57.894338965332864,90.2038824084257,2.1227325247593316,15.718605919882874,59.23404026780154,0,2026-10-06 01:36:15
2026-10-05 11:14:00,CNC-01,L,297.18119847593107,311.90660202615595,1272.3693901559984,56.095580348172575,189.91815042756375,2.5825048861042683,13.540658198166474,57.56930554025017,0,2026-10-06 01:36:15
2026-10-05 23:48:00,CNC-02,M,24.649120478591897,35.700602779594135,2772.276368833137,9.78703878915909,21.26021677176318,3.196890314297035,5.182203028170023,55.45812056924682,1,2026-10-06 01:36:15
2026-10-05 21:10:00,CNC-01,L,300.35418063013043,314.5761082101917,2304.0024113726936,27.649326636557813,207.71530944350135,3.795943949774068,12.100505588487632,53.58258858015504,0,2026-10-06 01:36:15
2026-10-05 17:40:00,CNC-01,L,299.70885118961064,314.178006687772,1969.2340894690687,36.62128174975369,141.0555338989891,2.8137603124911714,13.307740037339995,55.50359414412104,0,2026-10-06 01:36:15
2026-10-05 06:33:34,CNC-01,L,296.32990947731884,311.02729214822904,1890.5021459029062,37.87058615533924,201.97943545224888,3.2287397108635854,13.435147004440465,57.96697359146246,0,2026-10-06 01:36:15
2026-10-05 21:03:00,CNC-02,M,298.92217344889474,312.20180194835484,2468.001826590703,21.62637614103381,66.89668446338001,3.026548401159896,10.095624605347254,52.07141075431281,0,2026-10-06 01:36:15
2026-10-05 05:45:00,CNC-02,M,296.26999456732335,309.92628899764014,2053.0609162569617,30.023131512545106,104.82865995164062,2.767517288551904,11.544472362613918,55.867171219457596,0,2026-10-06 01:36:15
2026-10-05 10:07:00,CNC-01,L,296.6846830138909,311.23634019142355,1439.921221424522,50.78891216591152,83.9402572625895,2.0490641043244167,13.615147836709951,57.289419973542515,0,2026-10-06 01:36:15
2026-10-05 19:12:00,CNC-01,L,27.25973913400162,40.515651356941305,2274.570184107082,27.26794007188877,67.62950164772029,2.9294842861284014,11.578172860926456,53.26218375317012,0,2026-10-06 01:36:15
2026-10-05 07:35:00,CNC-01,L,296.55647874623446,310.565047658817,1670.6493186355358,43.96111346661043,60.68945493049313,2.4328507957601975,13.793241158845582,63.72671263507639,0,2026-10-06 01:36:15
2026-10-05 05:01:00,CNC-01,L,301.91622803820667,309.12213255148896,2406.264926067792,24.761905512504658,80.81466111262722,3.0348105413709883,11.09544309092445,50.416318398487284,0,2026-10-06 01:36:15
2026-10-05 16:52:00,CNC-01,L,300.2048375885884,314.1357861753934,1845.4776300349772,36.57585533607292,74.48086944616696,2.4546118247223845,12.462377135613613,51.094158862721876,0,2026-10-06 01:36:15
2026-10-05 20:42:00,CNC-02,M,298.6801914556603,311.9540486098666,2403.2756873973403,24.212326904970467,42.869389278627466,2.91032435628272,11.011902830158288,54.75081837033666,0,2026-10-06 01:36:15
2026-10-05 19:37:00,CNC-02,M,299.2145246537624,313.7013687773157,2368.842961173929,28.049203459230956,173.4454236824674,3.42963909177238,12.373269508261876,54.80157531053009,0,2026-10-06 01:36:15
2026-10-05 08:48:00,CNC-03,H,295.5617688599938,309.29665776268746,1643.7660512395134,40.75170217208962,31.537447490128272,2.2877338215578193,12.448734436103518,58.91346899327905,0,2026-10-06 01:36:15
2026-10-05 11:17:00,CNC-03,H,296.2986340813333,311.14736723706153,1374.2399609617457,53.191948898204686,264.2818506793679,3.1979949367457476,13.950800494624303,62.69939444433983,1,2026-10-06 01:36:15
2026-10-05 14:40:00,CNC-02,M,298.077177090283,311.43590815257494,1589.581335476924,39.5328653642526,6.139626646400808,2.2887313612645395,11.754194534294584,54.68786042708257,0,2026-10-06 01:36:15
2026-10-05 06:35:00,CNC-02,M,296.0563262412473,310.73056900133304,2028.1793013825436,36.16313267046617,171.7982173144472,3.025494256264918,13.903863772746648,56.31936001896046,0,2026-10-06 01:36:15
2026-10-06 01:15:47,CNC-02,M,297.27704345278096,310.18529166537314,2729.9134591286197,18.413200996494854,114.77805282564728,3.428030594934938,9.514163337613079,57.112418617249034,0,2026-10-06 01:36:15
2026-10-05 14:14:00,CNC-03,H,298.3754741398292,311.91293426532866,1397.1621325257397,47.85191853086813,28.019399550245005,2.112880654577364,12.647993132961076,55.749449812879604,0,2026-10-06 01:36:15
2026-10-05 16:15:00,CNC-01,L,299.4767907261904,313.70151271334134,1680.5052187807833,44.626084399700844,21.91253172788622,2.271991498788898,14.059286045916087,55.4349292577651,0,2026-10-06 01:36:15
2026-10-05 08:41:00,CNC-03,H,295.2697418686213,309.2850446206619,1577.416239221474,46.974788081869406,21.021928492884104,2.307328680046046,13.802627101676952,63.48250854115762,0,2026-10-06 01:36:15
2026-10-05 04:41:00,CNC-02,M,296.41155452215713,310.1622575682796,2280.3050825061173,29.44687177433474,23.482037111495128,2.8864372402219938,12.588644442337914,62.66800438935456,0,2026-10-06 01:36:15
2026-10-05 08:52:00,CNC-02,M,295.6553727630418,309.8775903160541,1629.005270520674,40.80287199770963,146.66625782266993,2.450535121208227,12.218221152468429,58.81781194197796,0,2026-10-06 01:36:15
2026-10-05 07:45:00,CNC-03,H,296.0075670940917,311.223501595421,1673.7130117691581,46.07381651501945,200.97173186784,2.77375212281232,14.20612387030335,55.73127554050948,0,2026-10-06 01:36:15
2026-10-05 10:41:00,CNC-02,M,295.8135633530672,309.8967081514166,1378.8473040495533,51.629349667703174,58.45356306941849,2.129584796497611,13.340163313996795,61.70700292096544,0,2026-10-06 01:36:15
2026-10-05 07:00:00,CNC-02,M,295.6962435109711,311.11463601678645,1830.6155715183756,44.819761817527414,206.4584698517718,3.1055595498249464,15.478939765507274,64.32170025048751,0,2026-10-06 01:36:15
2026-10-05 21:46:00,CNC-01,L,299.76565972181436,311.79798188517526,2581.61217687476,17.018172252073015,39.02835261483272,3.1359008289323813,8.229024507818021,49.361785266929644,0,2026-10-06 01:36:15
2026-10-06 01:07:00,CNC-01,L,298.898629915388,310.5411341889434,2780.8911589538584,13.436679441551972,41.54063641680571,3.26139590216502,6.942467280080589,55.3552643845264,0,2026-10-06 01:36:15
2026-10-05 11:02:00,CNC-03,H,296.2086656985176,310.86817673956415,1369.8568126267114,53.260736795786976,240.3656406839699,,14.080030345670323,59.09540312940744,0,2026-10-06 01:36:15
2026-10-05 15:10:00,CNC-02,M,298.01548138783903,312.40694374460804,1587.7393704370959,45.492846774589225,51.791746305840675,2.2811381804150757,13.530004515708312,54.71791445844974,0,2026-10-06 01:36:15
2026-10-05 15:50:00,CNC-01,L,299.27357583533643,314.4053188328932,1675.1339052007345,46.71861335786591,211.38506401167982,3.199303164722658,14.701241605653113,55.04981958803311,0,2026-10-06 01:36:15
2026-10-05 17:01:00,CNC-02,M,298.8726067331285,313.79108582184324,1797.1620821956312,41.29219877861515,213.1245311731263,3.1811527862191524,14.057590913240636,56.16942464256249,0,2026-10-06 01:36:15
2026-10-05 18:02:00,CNC-02,M,304.66805636607995,311.7779496022367,2095.748707224535,26.388429944399725,52.54340813294879,26.5480399023414,10.50908925167162,44.08319878892079,0,2026-10-06 01:36:15
2026-10-05 06:00:00,CNC-02,M,296.0440237035238,309.5315882811831,2243.625841834617,27.12322463693093,124.59377733471457,2.9920038289579147,11.227620032195507,58.93718826221176,0,2026-10-06 01:36:15
2026-10-05 17:27:00,CNC-01,L,300.23738862157217,314.6009434381523,1869.0789244625532,38.88460452573077,123.30131079197494,2.5682639545025427,13.73745383806607,49.93067401998174,0,2026-10-06 01:36:15
2026-10-06 01:15:00,CNC-02,M,297.69812877285335,309.9665647533106,2582.3312644049493,15.97211161456244,113.74482830533447,3.203286485493987,7.649425926062749,54.8306538130715,0,2026-10-06 01:36:15
2026-10-05 15:50:00,CNC-03,H,299.01004193748275,313.4000891625154,1412.208825722902,50.536190140492316,174.23618260621703,2.3056730457467034,13.251571452603683,52.19471484454821,0,2026-10-06 01:36:15
2026-10-05 07:58:00,CNC-01,L,296.1704858378017,310.52046266187307,1745.7819875518562,40.03899337564122,94.20470274739914,2.457025377394751,12.97436552786622,58.3816406798132,0,2026-10-06 01:36:15
2026-10-05 10:09:00,CNC-02,M,295.62280352415553,309.67033287133415,1560.2287478801575,46.84142733526535,7.8333049278746705,2.2714969725171805,13.664754209053044,59.14812185272484,0,2026-10-06 01:36:15
2026-10-06 01:27:00,CNC-02,M,297.3210090595594,310.73434087932367,2682.2385418873096,19.294824114642367,126.4976650095461,3.413265542101209,9.700969682478602,58.86376074988784,0,2026-10-06 01:36:15
2026-10-05 20:54:00,CNC-03,H,300.12525870349566,312.93465960888904,2452.0814901196413,21.174564447911347,74.90522845509727,3.12707471758185,9.671245755622842,54.65978217204688,0,2026-10-06 01:36:15
2026-10-05 15:11:00,CNC-01,L,299.00820917691186,313.3690388378604,1607.9468048826213,44.575265302180654,153.0160079286982,2.6845475894083073,13.17900011070293,47.14881025059338,0,2026-10-06 01:36:15
2026-10-05 14:48:00,CNC-03,H,298.65538019839204,312.9994510395173,1480.1444888816532,49.615419410301165,80.77897107407807,2.171389342380041,13.81248865948192,57.171849477863006,0,2026-10-06 01:36:15
2026-10-05 09:05:00,CNC-03,H,295.60565568636855,309.1865660787522,1444.734827307209,43.527231301043216,57.3222139668928,1.9463581830641752,11.744075923576233,58.77868371274827,0,2026-10-06 01:36:15
2026-10-05 19:50:00,CNC-02,M,299.0011746143167,313.42668947003557,2449.0425613319703,27.547402324788873,189.11375557641207,3.5308306580101694,12.761869297661852,50.86839530884839,0,2026-10-06 01:36:15
2026-10-05 14:21:00,CNC-02,M,297.6194634905466,312.49154584815716,1366.4078116756793,52.071167983463745,190.65620162682586,2.5206774043295224,13.612701391382702,53.2698373747411,0,2026-10-06 01:36:15
2026-10-05 15:43:00,CNC-02,M,298.1829694210667,312.5597457367634,1646.2704121564147,43.60703865216025,100.97677639375992,23.438290301835266,13.468433323263005,53.181251999271716,0,2026-10-06 01:36:15
2026-10-05 04:29:00,CNC-02,M,296.7313607862128,309.7090275993767,2278.08099144516,26.456515222944827,8.583627875713983,2.8404447420757735,11.048388831130604,56.240328572659756,0,2026-10-06 01:36:15
2026-10-05 07:43:00,CNC-03,H,295.6545966786545,310.6676757273038,1908.8608758043954,39.48939573365327,198.0997877237075,3.019228785495271,13.937809718610394,60.978425490879694,0,2026-10-06 01:36:15
2026-10-05 16:00:00,CNC-03,H,299.26748859418524,314.235432327453,1620.0321917520334,45.36145351061731,188.95639160843726,2.7746562125657226,13.609784359594308,55.53006050223441,0,2026-10-06 01:36:15
2026-10-05 18:05:00,CNC-03,H,300.0586518269401,313.81875649634196,2017.9318197363434,33.08940098260633,113.85994564989069,2.798007631237725,12.385234210729411,51.21698601759111,0,2026-10-06 01:36:15
2026-10-05 05:15:00,CNC-02,M,296.3356786623786,310.1684566464859,2112.2961839604927,32.05976983564268,66.25034717911902,2.788258970470583,12.774919675175916,56.17423129495081,0,2026-10-06 01:36:15
2026-10-05 05:47:00,CNC-03,H,295.67864713539115,309.78129178681235,1964.0957577306733,35.98696375286466,37.38553135996463,2.5365558502466246,13.303180914534813,59.09042035727104,0,2026-10-06 01:36:15
2026-10-05 04:15:00,CNC-03,H,296.4196478755412,310.15789664020343,2257.3646187641207,27.35393378681485,193.034920792199,3.3515277610466696,11.443779105861884,59.18427655784202,0,2026-10-06 01:36:15
2026-10-05 09:12:00,CNC-02,M,295.6516186657572,310.5583185430467,1487.9040006828975,50.97856013606422,176.99350431991476,2.6193648305503636,14.092820971534664,59.94823935727814,0,2026-10-06 01:36:15
2026-10-05 18:05:00,CNC-01,L,299.97756174617604,313.8622371175054,2193.0980802544022,29.018954546244547,174.41395633462452,3.2716979498693983,11.799170065812248,48.24018886902709,0,2026-10-06 01:36:15
2026-10-05 08:59:00,CNC-02,M,295.85634034581165,310.403135155931,1453.9371441588764,49.4686530438863,157.19083779377902,2.3998850519528907,13.560231201852671,62.018893267775304,0,2026-10-06 01:36:15
2026-10-05 18:02:00,CNC-01,L,299.9410674476967,314.25776040578756,2163.6545278993667,31.168358604840677,170.49913877629223,3.152926795425023,12.496409343064512,50.1699311180527,0,2026-10-06 01:36:15
2026-10-05 06:52:00,CNC-01,L,296.40947371506115,311.0069276660669,2016.999974309563,39.50387079536376,0.0,2.6255499263703985,15.071546839522123,58.178789618202366,0,2026-10-06 01:36:15
2026-10-05 06:51:00,CNC-03,H,295.695734630538,310.14463463253935,1867.79451761774,39.98105968597939,124.37067358290138,2.6021990632880696,13.82332913076947,64.04387885416689,0,2026-10-06 01:36:15
2026-10-05 06:11:00,CNC-01,L,296.1589200998094,310.4211528734014,2112.6603264193313,32.18320921740498,172.15811179515228,3.205213474717622,12.481366043490382,57.51755510562701,0,2026-10-06 01:36:15
2026-10-05 11:40:00,CNC-03,H,301.66249707555,309.5230580457788,1402.6436419269774,48.96378503470747,27.002104838757667,20.557383142720436,12.718842880600766,52.75930672711051,0,2026-10-06 01:36:15
2026-10-05 09:03:00,CNC-02,M,295.6448150393671,309.7520103029942,1367.4965519826683,48.24464018780228,163.38484680450566,2.411350243457818,,62.153017523399285,0,2026-10-06 01:36:15
2026-10-05 07:20:00,CNC-03,H,295.45675014831687,309.6449158060199,1787.6201724016278,40.03147584027712,165.356725573979,2.7077126401812106,13.40024010566917,62.034760246978706,0,2026-10-06 01:36:15
2026-10-05 15:45:00,CNC-03,H,298.9504826960891,313.9175237217426,1693.855944948225,47.240334571946235,166.76593920895476,2.7002762152711703,15.030981214961582,54.479467245941095,0,2026-10-06 01:36:15
2026-10-05 14:26:00,CNC-02,M,297.55335334904214,312.26193206532685,1367.1249618022664,50.10421490274494,198.39954061453366,2.582882629119406,12.91879407896681,56.39415041225177,0,2026-10-06 01:36:15
2026-10-05 22:10:22,CNC-03,H,299.7023568989734,311.83169885911957,2709.533920214944,15.994024406286451,159.62076659479652,3.5459591483724733,7.95650244995701,49.77712829317705,0,2026-10-06 01:36:15
2026-10-05 19:27:00,CNC-03,H,300.25193925790575,314.4779749295246,2100.455113826121,31.610752425334894,218.92686753108276,3.497575818671123,12.518026939059013,51.95391842290242,0,2026-10-06 01:36:15
2026-10-05 03:45:00,CNC-01,L,297.38402467593164,,2413.1089944596615,30.447066587912143,184.18958731308769,3.420569637398217,13.815448624556245,55.11263770422045,0,2026-10-06 01:36:15
2026-10-05 14:34:00,CNC-02,M,297.83883045684854,313.0329207190865,1431.8414849878234,54.89368087814248,210.7005495065385,2.8439200941204033,14.455269086453725,55.28133279050378,0,2026-10-06 01:36:15
2026-10-06 01:09:00,CNC-01,L,298.83514920299626,310.5818176449724,2699.9008913350463,15.444980810657842,43.650641189844094,3.2336206861580328,7.536214432881855,51.112115652652115,0,2026-10-06 01:36:15
2026-10-05 13:39:00,CNC-01,L,298.7285414895091,312.7913575682624,1425.5737358465562,51.82190157155254,11.039175299098385,2.117298704003759,14.042268666244219,51.63687603839026,0,2026-10-06 01:36:15
2026-10-05 17:28:00,CNC-02,M,298.9083964523793,312.8704503014011,1788.5731481611028,38.05255715286842,6.9026342378046035,2.512361347673428,12.902589368553372,53.9601802942422,0,2026-10-06 01:36:15
2026-10-05 16:25:00,CNC-03,H,299.4210122446223,314.15807715045065,1642.9071686236503,44.04575012120313,225.26585979972046,3.072488738318135,13.552348353776981,54.86716900399864,0,2026-10-06 01:36:15
2026-10-05 20:12:00,CNC-03,H,300.39667324691425,313.3897212327856,2296.724200750789,0.0,26.25652027259396,2.8936933422838345,10.661112149889089,50.896052438481256,0,2026-10-06 01:36:15
2026-10-05 11:04:00,CNC-01,L,296.8700699571914,311.8820319888656,1393.9871135716764,54.474606674298194,173.95848509022363,2.541759774339757,14.036808035319874,57.734314931299494,0,2026-10-06 01:36:15
2026-10-05 05:54:00,CNC-03,H,295.88643981036716,309.52260201117224,2123.248035284577,30.220228652982975,46.70767264925801,26.838617702858446,12.191924003206125,58.4529260116583,0,2026-10-06 01:36:15
2026-10-05 14:16:00,CNC-03,H,297.9274500878303,311.80108802306694,1524.1122869256646,44.38144558655223,31.145457417821422,2.070997720785993,12.524556088732,51.74461580794266,0,2026-10-06 01:36:15
2026-10-05 02:43:00,CNC-01,L,297.51224863333914,310.1175373402745,2485.055585062459,20.224469416504895,112.96628909792663,3.1030955409416743,9.425654471961794,56.76011009980899,0,2026-10-06 01:36:15
2026-10-05 20:00:00,CNC-03,H,300.2333061140237,313.25311081683327,2362.2441222024195,25.948759262537244,11.974120485760054,2.9398166662219096,11.474611792257697,49.45495487964273,0,2026-10-06 01:36:15
2026-10-05 19:30:00,CNC-03,H,300.09698540688447,314.09057204253423,2370.811221583389,26.48170540196086,222.58973820646202,3.633148892521127,11.50379414296711,51.20758883895188,0,2026-10-06 01:36:15
2026-10-05 03:08:00,CNC-02,M,297.6278499215302,310.668836170295,2515.6480247036043,21.552900495242277,145.77024246405853,3.2352461375260892,9.91226634138101,55.303338040084455,0,2026-10-06 01:36:15
2026-10-05 05:12:00,CNC-01,L,302.30156472174764,310.02401087105585,2097.4133169851084,31.52604305634243,94.8381094023631,2.8194102104987335,12.512073239426385,46.81345246335246,0,2026-10-06 01:36:15
2026-10-05 12:19:00,CNC-01,L,297.8772771910152,311.75814691366884,1364.4516287429005,48.548291673769384,74.66877198407778,2.0743843459137685,12.245709958095118,55.195183247481964,0,2026-10-06 01:36:15
2026-10-05 02:48:00,CNC-01,L,297.53918778011405,309.68562682255236,2594.2719234766087,16.590613083729743,118.49556755502522,3.283335120753323,8.050608371282749,57.507018230728214,0,2026-10-06 01:36:15
2026-10-05 10:32:00,CNC-01,L,296.74297584568757,311.17887033352144,1423.5848521702812,50.49234440601742,123.23712213955966,2.234181597870226,13.350341574150615,56.78144636617415,0,2026-10-06 01:36:15
2026-10-05 14:33:00,CNC-01,L,298.94362171011875,313.67851104532997,1518.7640402427865,50.428702095832186,94.9155618923979,2.2158369269060945,14.26919672791565,54.598059098878096,0,2026-10-06 01:36:15
2026-10-05 11:21:53,CNC-01,L,297.2748630547515,312.3355658466094,1340.462839687794,57.11848368429273,201.02197559571727,2.73393778615957,14.726601584851165,55.968790265899536,1,2026-10-06 01:36:15
2026-10-06 00:59:00,CNC-02,M,297.65590936116445,310.41806496380156,2717.912181942195,17.07862263687251,96.5886347780968,3.3736598138105753,8.801844043405932,56.2826273087468,0,2026-10-06 01:36:15
2026-10-05 12:43:00,CNC-03,H,302.35821168645333,310.4673478544692,1386.3215346049283,47.345645770076786,126.76429627081444,2.1725388378820365,12.343444176136469,41.30309772591205,0,2026-10-06 01:36:15
2026-10-05 16:53:00,CNC-03,H,299.4571903571457,312.8792426421421,1872.8302394440407,35.71091094332405,15.580658550776471,2.4600395407345963,12.501282989558307,50.75813270347277,0,2026-10-06 01:36:15
2026-10-05 08:49:00,CNC-02,M,295.575229711558,310.65506692549906,1627.1759982118624,47.900996907954436,142.09721218199445,2.5563923440835796,14.563499198907406,56.83204151485984,0,2026-10-06 01:36:15
2026-10-05 01:50:00,CNC-03,H,298.21988455943807,309.9534380796194,2650.870298353283,15.618528641629563,26.65341226823185,31.760272584693638,7.891164962961061,55.40592568483522,0,2026-10-06 01:36:15
2026-10-05 12:10:00,CNC-03,H,302.1253631465246,310.380287477389,1326.3054127388405,52.95499890649107,74.55678116106336,1.910789746415516,13.297881864033954,44.976606251674646,1,2026-10-06 01:36:15
2026-10-05 20:24:00,CNC-01,L,300.3858665607286,314.25029892642095,2457.9597147541904,25.213985666185934,154.79676574694682,3.3457658758022766,11.42673760881115,53.49982620245957,0,2026-10-06 01:36:15
2026-10-05 06:25:00,CNC-01,L,296.33222330151665,311.3256504759209,1918.5178614201316,38.94040868429479,191.16206332526014,3.228744491945333,13.891501168567991,62.03931963972786,0,2026-10-06 01:36:15
2026-10-05 13:43:00,CNC-01,L,298.5198114272275,312.38149150261523,1569.8404582857718,46.27585582071302,17.251629605284688,2.2155238788260117,13.587265833404564,50.02671707572953,0,2026-10-06 01:36:15
2026-10-05 04:12:00,CNC-03,H,296.5076972761652,310.70006845157144,2400.1184631575197,28.034189614981933,189.3475410071065,3.375034923425287,12.751642734113062,55.07981268240171,0,2026-10-06 01:36:15
2026-10-05 05:48:00,CNC-02,M,296.27245062831247,310.3451654881826,1970.9017757336558,34.72498251649292,108.78852737692701,2.7064921300347478,12.827699550331022,57.134552814222296,0,2026-10-06 01:36:15
2026-10-05 05:27:00,CNC-02,M,296.08321942139054,310.0233738090542,2091.5756352945837,32.0028815138653,81.5010000562345,2.6827887341328225,12.517405855375266,58.41413510994041,0,2026-10-06 01:36:15
2026-10-05 16:12:00,CNC-03,H,299.01987948637117,313.9072950875611,1739.1761996515077,43.74322022806423,206.53968308948467,2.898987533668875,14.143951926791024,53.18297030356517,0,2026-10-06 01:36:15
2026-10-05 03:41:00,CNC-01,L,297.15004459851724,311.6281862188753,2501.7579688030232,27.18776721986056,179.42175997474075,3.686214110076267,12.662248484096855,59.50342839939944,0,2026-10-06 01:36:15
2026-10-05 23:03:00,CNC-03,H,299.5809276075302,313.1876010201535,2715.023873570031,21.38549736195208,216.9054294916553,3.8510212371971257,10.86270331661003,55.40630262404735,0,2026-10-06 01:36:15
2026-10-05 13:57:00,CNC-01,L,298.477403011854,312.4083132959918,1464.5887472165657,48.38676516502005,39.229633574442055,2.078839235556792,13.644974080794846,56.26571834606284,0,2026-10-06 01:36:15
2026-10-05 15:36:00,CNC-01,L,299.3461630508767,314.5643116793471,1657.8460131906131,49.27920683155587,190.52608479562875,2.944265505070978,15.116981192843657,54.2596685695503,0,2026-10-06 01:36:15
2026-10-05 13:51:00,CNC-01,L,298.61853995614695,312.51798628488416,1447.8165341527724,48.1559543870004,29.87817057017109,2.1901277942762034,13.2054488738994,52.67196475102441,0,2026-10-06 01:36:15
2026-10-05 11:06:00,CNC-03,H,296.0619373256817,311.09511851069584,1432.9364033355912,53.40438763493001,246.7294729099176,3.085410984104045,14.2707848340862,60.706709619706544,1,2026-10-06 01:36:15
2026-10-05 16:30:00,CNC-03,H,299.01487615556755,314.6505611375947,1817.1840698727253,45.079811505477124,232.45348580216998,3.1980318352146417,15.394726963986175,56.52647301192341,0,2026-10-06 01:36:15
2026-10-05 09:49:00,CNC-01,L,296.84537798059995,310.853886082286,1503.9443214522128,46.55161093540726,55.75188674943451,2.214635867359912,12.929974921816534,56.64533748970118,0,2026-10-06 01:36:15
2026-10-05 18:39:00,CNC-01,L,27.047035451297916,40.35204494858817,2153.976524840632,27.875514543696912,26.02239180214284,2.7943918241846295,11.363650576505048,54.69879874510592,0,2026-10-06 01:36:15
2026-10-05 21:23:00,CNC-02,M,298.48726560202886,310.6404429052479,2572.5475693412236,15.993889688062595,89.448325302689,3.0053186163203356,7.728225132546573,54.05783257564553,0,2026-10-06 01:36:15
2026-10-05 01:45:00,CNC-01,L,297.9009343962846,310.0878570812488,2514.1176833625536,19.75201458822502,48.536202739440256,31.15475042201101,9.456411325864487,55.83531658344269,0,2026-10-06 01:36:15
2026-10-05 05:11:00,CNC-01,L,302.2928668695123,310.04180162699083,2110.505050701818,31.10832849965671,93.53123938080013,2.6882556366678543,12.096706364293526,47.49803540647837,0,2026-10-06 01:36:15
2026-10-05 21:17:00,CNC-03,H,300.20514626278475,312.2479968955927,2583.989045909549,15.62559767394681,100.86689771333204,3.086269693297597,7.657493617328762,48.677754404137914,0,2026-10-06 01:36:15
2026-10-05 20:18:00,CNC-01,L,300.2936028313804,314.77563787870764,2316.610493277974,31.613240379298535,147.80917163513607,3.168892439931312,13.545216280283277,47.519643853808155,0,2026-10-06 01:36:15
2026-10-05 16:59:00,CNC-02,M,298.90975653202094,313.56628227785814,1898.988408509264,36.00463366979524,210.3213115922187,3.136668954919144,12.746095600197801,51.8750187838656,0,2026-10-06 01:36:15
2026-10-05 18:47:00,CNC-03,H,26.75670926045825,40.47428114638478,2326.780924236035,25.957476688167226,168.3405246174959,3.1260094751564296,11.498148885634306,50.81893986494683,0,2026-10-06 01:36:15
2026-10-05 08:25:00,CNC-02,M,295.95753313465946,310.64556896074737,1548.549130611942,47.94046366948134,106.0932024872643,2.307128169876914,13.957765927690527,58.32837287026685,0,2026-10-06 01:36:15
2026-10-05 02:48:00,CNC-03,H,297.45395690237655,310.3564542225128,2634.425567561442,20.209822375620874,90.73289264500958,3.266285823500099,10.246566115697199,55.300684447768674,0,2026-10-06 01:36:15
2026-10-06 01:22:00,CNC-02,M,297.51846635602595,,2645.6712173793344,16.856854800115936,121.23110394387722,3.3245034465636736,8.383463104854659,57.862049403047294,0,2026-10-06 01:36:15
2026-10-05 09:14:00,CNC-01,L,296.44044095427864,309.8705777055238,1570.8664224990862,42.42980424474859,1.5347508704516377,2.228825440350075,12.583081978335704,56.709264514399294,0,2026-10-06 01:36:15
2026-10-05 22:12:00,CNC-01,L,299.8752090236208,312.33126370113354,2602.087270266077,19.224411126422396,67.56863131907834,3.178214417762683,9.289979415709812,53.8668492400347,0,2026-10-06 01:36:15
2026-10-05 17:44:00,CNC-03,H,300.215881440349,313.6649819932723,2034.1358510362768,29.406286458539636,86.00024512450612,2.710134362825826,11.186984131222077,49.08340253089046,0,2026-10-06 01:36:15
2026-10-05 06:02:00,CNC-03,H,295.63046506626915,309.53926595670157,2021.8340832448152,35.94269660111794,57.56068698110862,2.6525420159168265,13.593258425309209,60.35900501325358,0,2026-10-06 01:36:15
2026-10-05 22:02:00,CNC-01,L,299.8152399778893,312.5031467222566,2610.60086166846,0.0,56.59056493275587,3.195094752787219,9.25662064817532,53.95583653144598,0,2026-10-06 01:36:15
2026-10-06 00:42:00,CNC-02,M,297.82392781753936,308.4548366870657,2783.7927473023665,8.01197293998196,78.4305557289659,3.381884489423223,4.195334803378848,54.261447448133794,1,2026-10-06 01:36:15
2026-10-05 06:22:00,CNC-03,H,295.5806015277121,310.47507492972517,1878.035828712964,42.36831449803595,84.41482744425518,2.51867260342331,15.14820543497638,54.981680875652394,0,2026-10-06 01:36:15
2026-10-05 16:56:17,CNC-03,H,299.534890069971,313.2237637970347,1981.3948460423533,34.381549992224244,19.805559925703136,2.7050343063812843,12.95080916657578,52.27980264698604,0,2026-10-06 01:36:15
2026-10-06 01:30:00,CNC-01,L,298.6407455366103,311.0270226966445,2770.9441265058313,16.423502874759183,66.01445006834962,3.373902314267015,8.318628093535942,55.76439126898988,0,2026-10-06 01:36:15
2026-10-05 12:49:00,CNC-03,H,302.49272724133624,311.357197487972,1414.9368146030515,53.476689666613474,136.31545937706954,2.2946016825023663,14.130974545010274,47.529314431666016,0,2026-10-06 01:36:15
2026-10-05 22:14:00,CNC-02,M,298.8220629182235,311.24643559698853,2777.393555218376,15.17018894945398,145.64454317360338,3.6074708227933012,7.823568245981331,50.226991602165896,0,2026-10-06 01:36:15
2026-10-05 08:32:00,CNC-03,H,295.55736434428457,,1657.477388121329,40.67420321929863,7.440831505566001,2.2749934625411377,12.544930126963168,58.45351282899528,0,2026-10-06 01:36:15
2026-10-05 19:10:00,CNC-02,M,31.62269741261315,39.81159117524186,2345.806268123363,28.854065780901063,140.099659136246,3.216663176391319,12.902560147265122,40.06860243477923,0,2026-10-06 01:36:15
2026-10-05 04:02:00,CNC-02,M,296.8480799557517,310.3535154902034,2460.35821437046,22.04611274366915,209.06688714020538,3.7474082942726366,10.129134943806251,55.79213170702273,0,2026-10-06 01:36:15
2026-10-05 08:52:00,CNC-01,L,296.38629673796845,310.8741236219166,1436.57712231063,50.16325806519404,174.82719007824716,2.756197317506474,13.459678248846691,61.61683895094593,0,2026-10-06 01:36:15
2026-10-05 05:43:00,CNC-03,H,295.50327483029514,308.633277394585,2238.8039547877283,26.61437204554003,32.1753304846477,2.8473078154847213,11.039478515805111,58.96426539442758,0,2026-10-06 01:36:15
2026-10-05 16:08:00,CNC-02,M,298.4461468614469,313.6716412116531,1773.7235945537395,44.348550885663016,137.64468273526737,2.633663839946859,14.495000464455043,55.89054777439553,0,2026-10-06 01:36:15
2026-10-05 01:57:00,CNC-01,L,298.09448715169,310.4919041153705,2502.0067361897404,19.371143757358084,61.763002279075856,3.048011508796,9.104855158312345,51.68466322133254,0,2026-10-06 01:36:15
2026-10-05 14:19:00,CNC-03,H,297.90148016222537,311.5621273815173,1329.1848883231687,49.66965622245856,35.914227131143775,1.972539094950103,12.50887256584877,56.372862647252795,0,2026-10-06 01:36:15
2026-10-05 20:33:00,CNC-03,H,300.22781007170937,312.62304881169496,2573.1015014748277,19.595996299645428,50.76264660478596,3.0546375261624643,9.371849178891011,47.66187159486697,0,2026-10-06 01:36:15
2026-10-05 15:21:00,CNC-03,H,298.7602585480105,313.87632167477943,1606.8997399822224,49.563768661703755,130.63117121463608,2.501410627865587,14.858446097597167,52.89589382976038,0,2026-10-06 01:36:15
2026-10-05 11:42:00,CNC-01,L,297.53256716869026,311.58381901929766,38990.95615862564,52.288168003714034,15.94235415534941,2.0272618731420464,13.707860334704272,55.454681387691764,0,2026-10-06 01:36:15
2026-10-05 09:45:00,CNC-02,M,295.8355354063894,311.393515735882,1514.7378329209769,52.7101447083223,227.73103911822446,3.1025241038797335,14.766572657014686,59.68208988405959,1,2026-10-06 01:36:15
2026-10-05 11:24:00,CNC-03,H,301.6642319132617,309.57290889731826,1427.3276688709293,50.57541888071836,1.5697384945038326,2.111071656596472,13.191560243411587,54.37883297348292,0,2026-10-06 01:36:15
2026-10-05 11:05:00,CNC-02,M,296.1874412273691,311.1711255730216,1352.9828916292204,57.27154622637899,96.43958719733828,2.182836977910269,14.316531601474589,57.0549244232276,0,2026-10-06 01:36:15
2026-10-05 14:22:00,CNC-01,L,298.71857396947667,312.893268903855,1384.348212757223,50.43355103886208,77.96521597430517,2.101938392945348,13.10682931769869,56.53811917480598,0,2026-10-06 01:36:15
2026-10-05 05:38:00,CNC-01,L,301.8822630101095,310.13210809947617,2207.988582674857,31.21552458864826,128.37879567197538,2.973158611234537,12.912268028580325,44.505132311717134,0,2026-10-06 01:36:15
2026-10-05 16:14:00,CNC-01,L,299.3863765299303,313.07565288071555,1746.105175942322,39.12016329478634,20.44770398702661,2.3811276680889057,12.56661509056998,49.459397841112285,0,2026-10-06 01:36:15
2026-10-05 10:42:00,CNC-03,H,295.94356570041015,310.9188343222675,1400.1955733536015,55.566177125191885,208.7208405358499,2.601586529673491,14.568575044284064,56.66145937017847,0,2026-10-06 01:36:15
2026-10-05 14:06:00,CNC-02,M,297.6578743219489,312.7777947834772,1533.1808318222302,48.05386552363149,167.2213176638448,2.509504847316477,13.445865410148144,54.35081831310312,0,2026-10-06 01:36:15
2026-10-05 02:55:00,CNC-03,H,297.57809557638524,310.0645779538742,2525.830956551156,17.008988383140725,98.6467682121632,3.350070614802194,8.019463163026943,54.915901867936824,0,2026-10-06 01:36:15
2026-10-05 03:17:00,CNC-02,M,297.4943074028555,310.646859762227,2542.553229768831,19.50481644870956,155.97663065555213,34.26916824277013,9.410561840480453,55.79097203181265,0,2026-10-06 01:36:15
2026-10-05 18:27:50,CNC-01,L,27.15034244925613,40.621615202157784,2058.3653085456344,32.63884554973282,10.504076116002988,2.624211845096789,12.717938626720645,51.814733660127196,0,2026-10-06 01:36:15
2026-10-05 09:55:00,CNC-02,M,295.71363118271785,311.4057206738914,1390.8958220463867,56.46781236921584,243.31500758501087,3.189606265017851,14.766849375662863,58.17757603377022,1,2026-10-06 01:36:15
2026-10-05 05:51:00,CNC-03,H,295.6820110515863,309.4893418826955,2149.668719680937,32.687934177301194,42.68453714532674,2.7314310578073835,13.130214226533552,58.04149242443993,0,2026-10-06 01:36:15
2026-10-05 13:27:00,CNC-02,M,297.5066585146836,311.948063174625,1441.131960957363,48.786403699485874,106.00293206712493,2.2805973327406677,13.279395408741532,59.769333341433594,0,2026-10-06 01:36:15
2026-10-05 19:19:00,CNC-02,M,299.08188211551976,313.6161339308649,2224.7269673739925,32.226713419160895,151.39389612387106,3.1435190842720298,13.396834030787968,57.59241290804913,0,2026-10-06 01:36:15
2026-10-05 16:27:00,CNC-01,L,299.57667428630197,314.1205254147591,1781.554346929343,43.617037020748214,39.133664086741696,2.5415174677518833,14.59562557985118,53.90942880364712,0,2026-10-06 01:36:15
2026-10-05 09:24:00,CNC-03,H,295.69104975648185,309.6225760601045,1426.6408767966009,47.65497272092779,86.4351113494031,2.2644219176417826,12.629928050668983,57.65702525174155,0,2026-10-06 01:36:15
2026-10-05 12:30:00,CNC-02,M,296.7981750742898,310.6306587815636,1394.2547777221928,49.429766126911474,15.853663089820314,2.0177588374725732,12.812895516982348,53.44591575187645,0,2026-10-06 01:36:15
2026-10-05 12:22:00,CNC-03,H,302.02294732217615,310.7395860300314,1545.2885824118296,51.28140922349924,93.52867829408514,2.2431306068136765,14.724699540557365,51.61383231425262,0,2026-10-06 01:36:15
2026-10-06 00:40:00,CNC-03,H,298.47445791310463,310.260086829483,2842.2055034109844,,52.05707862620882,3.2957023157828282,8.097940115577666,49.38382035975498,0,2026-10-06 01:36:15
2026-10-05 13:27:00,CNC-01,L,298.6179862188539,313.19702200194064,1320.8414656660711,54.56470994930284,182.20525346768426,2.5033549726469917,13.668035366264357,54.675551924790554,0,2026-10-06 01:36:15
2026-10-05 16:02:00,CNC-01,L,299.41284654416177,312.76064824024326,1779.9938059537958,36.24065018880489,2.9134890486311105,2.4831129802847354,12.05685522963431,54.200648299678825,0,2026-10-06 01:36:15
2026-10-05 06:08:00,CNC-02,M,295.74228086680637,310.0280816096964,1898.1096288052786,36.024708242178484,135.3193705144574,2.8013546051483695,12.624146938142388,57.81855846145166,0,2026-10-06 01:36:15
2026-10-05 17:24:00,CNC-03,H,299.79535510327946,313.59908143181275,1885.276633213525,37.207241659373096,58.5962862261328,2.4676191769870854,13.014671632321521,51.195988919404385,0,2026-10-06 01:36:15
2026-10-05 04:05:00,CNC-02,M,296.93057488789196,311.73810408635944,2440.5143304849776,28.84366892096633,212.6069619449149,3.6863064673749246,13.000106445150587,58.32574877469514,0,2026-10-06 01:36:15
2026-10-05 05:11:39,CNC-02,M,296.2629708939063,310.3049174313457,2015.9438464430102,35.74715157906485,62.441210544884875,2.7345309422055184,13.359834651488264,58.48052610807521,0,2026-10-06 01:36:15
2026-10-05 18:24:00,CNC-02,M,31.596789550924257,39.940359812360214,2117.9184146650086,32.70635946523608,81.55093774064058,2.8230591018821705,12.983499686693333,41.48926297372753,0,2026-10-06 01:36:15
2026-10-05 02:08:00,CNC-02,M,297.64675750513237,310.7163759319101,2579.692748895829,21.643180954667095,78.22378170923174,3.0560160494583233,10.227791355948844,59.220190732031305,0,2026-10-06 01:36:15
2026-10-05 06:17:00,CNC-01,L,296.2957344515865,311.5482742366728,2108.768344605829,37.06099718073649,180.25605153229668,3.377867432382416,14.598124228033166,55.911499136702616,0,2026-10-06 01:36:15
2026-10-05 15:47:00,CNC-01,L,299.31633506941125,314.54869342460853,1644.2491535380418,47.40047199481384,206.96916261685217,3.100937755223569,14.74220989014607,56.33316857238718,0,2026-10-06 01:36:15
2026-10-05 13:32:00,CNC-03,H,297.5210573952601,312.3515978882765,1403.1787387410113,53.832555207700224,204.2485171449749,2.550365172662983,14.11565713421901,58.52753019711971,0,2026-10-06 01:36:15
2026-10-05 21:54:00,CNC-03,H,300.0935792548562,312.13272484689577,2643.9848802515535,14.501513888325299,142.04692202652015,3.2606204985773077,7.225267273118766,50.9104684206302,0,2026-10-06 01:36:15
2026-10-05 20:25:00,CNC-02,M,299.13152617408514,312.13115609210365,2631.714986211775,22.11378639989545,23.258580539751122,3.1554429920677185,10.87597018519721,51.003922625608425,0,2026-10-06 01:36:15
2026-10-05 17:43:00,CNC-02,M,304.84934666788087,,1950.8603670462292,35.019379537697645,27.28056242816658,2.5268298349738902,12.94507603779461,44.95852203319445,0,2026-10-06 01:36:15
2026-10-05 12:14:00,CNC-01,L,298.0118691834025,311.84639583323326,1345.6882879690745,51.06524659959697,66.71062359531267,2.032753350974785,13.032079403891137,57.21245178627158,0,2026-10-06 01:36:15
2026-10-05 01:55:00,CNC-03,H,297.9949833152839,309.36455296905416,2634.2852196608574,13.423285239842624,32.01878074433975,3.134331672709289,6.485222116356388,52.72467994133765,0,2026-10-06 01:36:15
2026-10-05 13:41:00,CNC-02,M,297.314049009005,311.69044920028574,1410.7283133238884,49.99617473928064,128.02785160336947,2.336210069874006,13.321087653816088,55.213071212019806,0,2026-10-06 01:36:15
2026-10-05 06:39:00,CNC-03,H,295.6177049380918,309.9265140946612,1938.8779399002044,36.128023048072585,107.58122250116212,2.5259515540361095,12.857380040969728,51.623985267645786,0,2026-10-06 01:36:15
2026-10-05 01:46:00,CNC-02,M,298.3261347317814,310.4666594257965,2649.6091143919034,17.2240998004453,54.242289661397365,3.172512943788718,8.455759763298186,48.79221216656778,0,2026-10-06 01:36:15
2026-10-05 16:57:00,CNC-01,L,299.770277898098,314.1868661081552,1759.9309393940794,41.62178404266787,81.49140770338781,2.4424522745475787,13.730766926363621,50.23333849271984,0,2026-10-06 01:36:15
2026-10-05 07:07:00,CNC-02,M,295.8634994658303,310.5432345929756,1742.9605000174222,39.6768403304632,216.34867827101587,3.1243705069207928,13.025877975232275,55.22386501891355,0,2026-10-06 01:36:15
2026-10-05 20:52:00,CNC-02,M,298.61999324872403,311.70438368375517,2544.3181651867844,22.092936001853147,54.3580523692221,3.0870093268298993,10.604994128731885,56.01875785804403,0,2026-10-06 01:36:15
2026-10-05 04:28:12,CNC-01,L,302.3046694159882,309.16924918577155,2294.8842614755345,25.72071514121231,,2.8529673029600384,11.046368854782116,48.13560343224309,0,2026-10-06 01:36:15
2026-10-05 04:36:00,CNC-01,L,302.2404745417897,309.8623964838347,2370.973745788307,27.662332355437897,49.710857159385654,3.0145923772998717,12.25243347891025,42.626163828796805,0,2026-10-06 01:36:15
2026-10-05 19:45:00,CNC-01,L,300.2702935681883,314.0290304518792,2310.971735871351,26.79221466934876,108.28821463037535,3.001680040766369,11.3887680005809,46.642680873173084,0,2026-10-06 01:36:15
2026-10-05 17:54:00,CNC-02,M,304.4067836550727,312.6991038395809,2041.1877946671534,34.73300539806181,41.937017028532026,2.6187227575537766,13.347004156009982,42.60358328682652,0,2026-10-06 01:36:15
2026-10-05 04:39:00,CNC-03,H,295.9778583873566,310.221842868964,2243.617619292974,29.329450661950577,222.3788127259963,3.520449513377829,12.24017988181392,56.43273558422174,0,2026-10-06 01:36:15
2026-10-05 20:21:00,CNC-01,L,300.3750359756131,313.71429369318076,2503.5229398911997,22.617941833187377,151.3078379376528,3.3937797094282214,10.462448045487326,54.911183720568964,0,2026-10-06 01:36:15
2026-10-05 08:07:00,CNC-03,H,295.5168533313322,311.41186239370467,1708.9991586881442,50.23020229752158,233.34006643472807,3.2267718046387084,16.195263248569287,59.08994030445426,0,2026-10-06 01:36:15
2026-10-06 01:02:00,CNC-02,M,297.73758492610057,309.6469219608091,2794.84302820243,12.779961247474812,99.76547006902283,3.401280799773664,6.760028384478669,57.95709525176232,0,2026-10-06 01:36:15
2026-10-05 16:37:00,CNC-01,L,299.8224193677443,313.70127396641755,1804.5765033328278,39.54033902713784,53.389086362086886,2.3530220758998746,13.29576973867807,49.32345976982672,0,2026-10-06 01:36:15
2026-10-05 17:18:00,CNC-03,H,299.6358530037633,313.3898285386192,1920.9051266213728,34.39983349518622,50.44869304750006,2.63843469632509,12.3339347325885,50.04802692726696,0,2026-10-06 01:36:15
2026-10-05 07:19:00,CNC-01,L,296.62491573863923,310.6874643937995,1820.589242039803,38.74870591727072,37.822764823892925,2.4972320952902125,13.27628209295114,57.878313233470486,0,2026-10-06 01:36:15
2026-10-05 07:14:00,CNC-03,H,295.6205973827333,309.9667154114262,1777.4087255553757,41.00249867343593,156.8173627060977,2.6560976654817656,13.758785255046002,61.9052058462966,0,2026-10-06 01:36:15
2026-10-05 19:35:00,CNC-03,H,300.36826410797414,314.86650103612425,2269.6606979113017,29.27924556307675,228.76045071584937,3.579696676626363,12.481811275111921,54.97752684456532,0,2026-10-06 01:36:15
2026-10-05 04:33:00,CNC-02,M,296.8126519743919,310.4308438908885,2142.9665068352015,31.173484140524035,13.56035891515199,26.396751758860667,12.459214919669739,0.0,0,2026-10-06 01:36:15
2026-10-05 15:29:00,CNC-03,H,299.2545308163739,313.77351800666474,1555.2344156717115,46.12683324736861,142.7396868176121,2.4469958874866555,13.373779119437186,51.57667780774346,0,2026-10-06 01:36:15
2026-10-05 09:41:00,CNC-02,M,295.94729872612953,311.1684936413036,1662.0033095356298,45.98497440569721,221.49740950194177,3.217221223298456,14.108421929109168,58.7679468462194,0,2026-10-06 01:36:15
2026-10-05 05:20:00,CNC-02,M,296.22599314338015,310.06073895563264,2312.4562614295746,29.60146962924014,72.52951512538127,28.496568577629894,12.73539979208485,55.6035067780347,0,2026-10-06 01:36:15
2026-10-05 10:34:00,CNC-03,H,295.79019036187583,310.44624665584445,1437.6838843267938,50.54087919688587,196.0481584499033,2.5969176724979217,13.715623199742605,57.439900853943655,0,2026-10-06 01:36:15
2026-10-05 05:40:00,CNC-03,H,295.5942972614291,308.7102225261112,2115.8009784631367,29.528881962359595,28.305138704419516,2.7052530941835946,11.714306426122725,60.382855996422435,0,2026-10-06 01:36:15
2026-10-05 23:32:00,CNC-03,H,26.02674342945187,38.937227042703626,2775.3319235534764,15.6942615464996,247.77295168613588,4.31781663745165,8.323657018501688,54.36293025537105,0,2026-10-06 01:36:15
2026-10-05 15:26:00,CNC-01,L,299.3978955677315,314.1591884827542,1663.8778439929338,44.80618560036544,175.61601457097242,2.736371826628524,13.786303284486257,51.67160447624975,0,2026-10-06 01:36:15
2026-10-05 19:45:00,CNC-03,H,300.28827423047915,314.73841099742174,2326.518699980423,29.997950723136082,240.7544148816615,3.8068659492897,13.107397961619563,50.96164550644852,0,2026-10-06 01:36:15
2026-10-05 16:08:00,CNC-03,H,299.00679747823654,314.05894892760625,1711.9357129870943,45.156489653108224,200.71741271640684,2.9121839812517236,,51.11834648395473,0,2026-10-06 01:36:15
2026-10-05 02:40:00,CNC-01,L,297.8020860891853,310.95748884762907,2583.138036773125,22.440991525369352,109.60037392896616,3.289632978446432,10.897171724911791,55.80123520368823,0,2026-10-06 01:36:15
2026-10-05 18:02:00,CNC-03,H,299.80997129071346,314.5693456721062,2153.9398578472437,36.174363555335894,109.81757796765875,2.8830873497640526,14.575422197390338,50.484587118342446,0,2026-10-06 01:36:15
2026-10-05 06:10:00,CNC-01,L,296.4064850490443,311.3396135808375,1818.3358022923373,42.045366897732634,170.838538742874,2.8921046883335997,14.451470235623434,57.91543761666109,0,2026-10-06 01:36:15
2026-10-05 14:58:00,CNC-01,L,298.9117420161029,313.25549038706214,1677.706785616023,42.26960783756708,133.3258199674214,2.5071111896103697,13.44247503471239,55.692736059860586,0,2026-10-06 01:36:15
2026-10-05 12:35:00,CNC-03,H,302.4548101805826,310.42580780014555,1401.4215757866668,48.505627303887195,114.09761443320684,2.176628929697224,12.798265352861858,50.04886865657613,0,2026-10-06 01:36:15
2026-10-05 16:38:00,CNC-01,L,299.9956549521484,313.98560562301066,1687.9453572688265,43.61254571762562,54.855045700509955,2.347899812001373,13.861453537712519,52.39247324478498,0,2026-10-06 01:36:15
2026-10-05 16:41:00,CNC-03,H,299.5095596135416,313.7162412495678,1798.3796368517565,37.0036636939661,248.16108661284565,3.380099728857032,12.52079485185265,47.656564645128235,0,2026-10-06 01:36:15
2026-10-05 06:21:14,CNC-02,M,295.959468707102,310.0319290169018,1974.6253059944295,32.17208074804962,151.38953573589038,2.795783992246087,11.931019356170735,54.966064328049974,0,2026-10-06 01:36:15
2026-10-05 23:51:00,CNC-02,M,24.633099867117778,36.20880047466551,2618.4107075257198,13.529949961495902,24.44628284213264,3.1319382078570945,6.448879826615764,54.81202731821006,0,2026-10-06 01:36:15
2026-10-06 01:23:00,CNC-03,H,298.4274863110645,310.7071317283173,2675.523623699726,17.135506311406374,98.11373896339146,3.370353051454525,8.69090526866951,56.23785600383467,0,2026-10-06 01:36:15
2026-10-05 08:36:00,CNC-02,M,295.78054211601926,310.57266799871417,1599.5070175655294,46.38100959395872,122.51737154965724,2.3949956290105288,13.866002842444175,60.424907941936304,0,2026-10-06 01:36:15
2026-10-05 06:08:00,CNC-03,H,295.3455290524438,309.5540130255967,1936.2280653246314,36.73809501380028,65.63660303437834,2.5918626823575517,13.422910618459735,61.277442446166205,0,2026-10-06 01:36:15
2026-10-05 20:37:00,CNC-01,L,300.49920927006895,314.11464048922676,2423.2509727061324,24.587563931832378,169.85431236024175,3.4727902451936528,11.11889798071148,49.042827494537434,0,2026-10-06 01:36:15
2026-10-05 20:15:00,CNC-01,L,300.575368922919,313.7501235949387,2509.6544860855106,21.820146961200674,144.18355778898572,3.384174461774502,10.294244041764529,48.79990594231749,0,2026-10-06 01:36:15
2026-10-05 23:36:00,CNC-01,L,26.953515540823275,39.26603539957364,2659.622001808823,16.417024653590296,157.77554470336378,3.5822605537055923,8.19656664371084,49.44709751347111,0,2026-10-06 01:36:15
2026-10-05 21:08:00,CNC-01,L,300.15112782937143,314.4327377444855,2386.9297769671894,26.743081989495018,205.3854540518584,3.776794525747626,11.971158715428986,53.91829607952064,0,2026-10-06 01:36:15
2026-10-05 19:05:00,CNC-03,H,0.0,40.721548629881,2215.897528547858,27.994665648413786,191.41908503822063,3.2368553978145447,11.785587659495198,48.74205642960567,0,2026-10-06 01:36:15
2026-10-05 12:03:00,CNC-02,M,296.3846673771593,311.6408303995993,1483.5623973611753,52.4695285440181,188.69148565484443,2.595382965389626,14.77766113482985,58.930896930178804,0,2026-10-06 01:36:15
2026-10-05 13:45:00,CNC-01,L,298.6170771244427,312.35167484087026,1422.1859856034012,48.11007019612489,20.371388893439562,1.9597080054050748,12.717778423040974,54.468428784867484,0,2026-10-06 01:36:15
2026-10-05 21:55:28,CNC-03,H,299.94802049967666,312.4428956548984,2707.250325335824,17.395649032606595,144.27033288639456,3.4455296813814416,8.944964546753924,51.80163995737592,0,2026-10-06 01:36:15
2026-10-05 07:23:00,CNC-03,H,295.273356670992,310.24943866254574,1781.8219658360013,44.35129340372768,169.65746244749306,2.810632172899688,,59.29368425778147,0,2026-10-06 01:36:15
2026-10-05 07:50:00,CNC-02,M,295.6441347221171,309.80919865284955,1761.6171224238144,41.01883847193621,54.59069178160425,2.3953076046826776,13.477938380554992,62.84058453178148,0,2026-10-06 01:36:15
2026-10-05 23:02:00,CNC-03,H,300.00837219335006,312.9152358834471,2780.896258082859,16.20368391181028,215.84796019491617,3.9496840295162863,8.710314565520205,49.44180136335239,0,2026-10-06 01:36:15
2026-10-05 19:53:00,CNC-01,L,300.61334717099055,314.2353734304432,2261.9906091803214,27.30018884916937,118.07299259112068,29.38346840506688,11.66466007382909,50.7341923856489,0,2026-10-06 01:36:15
2026-10-05 06:20:00,CNC-01,L,296.2004557773239,310.73063099982954,1918.1958325291787,37.26978060450099,184.3737121423469,3.106883195595821,13.438490776754794,63.349110605389406,0,2026-10-06 01:36:15
2026-10-05 13:59:00,CNC-03,H,297.87311694968406,312.04089903768414,1383.249439896239,54.49603674886013,4.720484832733881,2.0660320477909155,14.078165492963278,54.23403254753341,0,2026-10-06 01:36:15
2026-10-05 22:03:00,CNC-02,M,298.72350834102036,311.85979230140106,2585.3731448075473,20.27514750871375,133.57012554334648,3.28917911458849,9.744276118543498,51.29967906296721,0,2026-10-06 01:36:15
2026-10-05 12:26:00,CNC-01,L,297.8465562517268,311.83846506690634,1432.6820556806704,49.73302472410461,85.7103643665312,2.227788621451556,13.172510717974216,55.48068970839069,0,2026-10-06 01:36:15
2026-10-05 05:17:00,CNC-03,H,295.5567075450455,310.5408545473026,2208.306626375368,31.564507438242742,270.00126979475164,4.047126985100326,13.010794804911393,55.69218525696824,0,2026-10-06 01:36:15
2026-10-05 05:31:00,CNC-02,M,295.9624292539943,309.6337968125173,2140.0409032198127,30.367304532287935,86.6903496667945,2.6605719611937846,12.09900209173436,55.94668807509462,0,2026-10-06 01:36:15
2026-10-05 04:17:00,CNC-02,M,296.9111825455208,310.66932587441437,2407.2895227737317,24.941636690844526,227.0677003403899,3.8624498338266497,10.953526504932876,58.54327571839258,0,2026-10-06 01:36:15
2026-10-05 20:27:00,CNC-02,M,299.0788976603877,312.02234977604326,2364.6261313300847,23.330998837583422,25.605791968994946,2.8964647629308833,10.380440814135225,53.01939280734556,0,2026-10-06 01:36:15
2026-10-05 04:49:00,CNC-01,L,302.15786952740797,308.507525557633,2470.5416457219108,20.195583527774197,65.82729331534843,3.128375816720962,9.563154339032344,47.55387658497503,0,2026-10-06 01:36:15
2026-10-05 11:17:00,CNC-01,L,297.404396294023,312.2920747844235,1458.568100048179,50.68720720400627,194.6219755957173,2.8167263161650746,13.672679155808174,60.346410573433374,0,2026-10-06 01:36:15
2026-10-05 02:52:00,CNC-03,H,297.4457676890313,310.39896908935975,2607.8992796005077,19.27304892330421,95.21821388691504,3.2301355154198266,9.435505210988046,59.92638136338904,0,2026-10-06 01:36:15
2026-10-06 00:39:00,CNC-01,L,298.9741001254226,309.864933255107,2734.9731688821907,11.794367123593666,11.528083997702852,3.223933215189067,6.2910598939804405,53.306178405927454,1,2026-10-06 01:36:15
2026-10-05 09:54:00,CNC-01,L,0.0,311.01600380144384,1466.84137038057,50.23915554443225,63.566066576354466,2.110425961062912,13.900971137585255,62.7761976960005,0,2026-10-06 01:36:15
2026-10-05 15:10:00,CNC-03,H,298.8627487709626,313.5085785115392,1596.751585910252,46.590110665179786,114.14541598269602,2.381814171087884,14.05136526830206,54.1961997828254,0,2026-10-06 01:36:15
2026-10-05 03:23:00,CNC-03,H,297.12737174233536,310.1860355197793,2509.113440343261,21.524402598112147,131.0679419379259,3.1440240213470143,9.856881581868867,56.13257643483528,0,2026-10-06 01:36:15
2026-10-05 08:12:00,CNC-03,H,295.6124924344508,310.4314971348242,1744.823855521499,42.29606277943412,240.7631481377188,3.184367825503664,13.682349948594878,60.36401488273938,0,2026-10-06 01:36:15
2026-10-05 01:43:00,CNC-02,M,297.9868357755442,309.3637119439029,2777.8425750077613,12.229324664165645,50.96879845521921,3.3500284329083563,6.3815163834282345,53.58978668460245,0,2026-10-06 01:36:15
2026-10-05 13:33:00,CNC-02,M,297.45349614106624,312.0059741976361,1366.1544168173216,53.367543228801324,115.45010135261364,2.273441774589233,13.533131888453811,54.62088818187102,0,2026-10-06 01:36:15
2026-10-05 14:27:00,CNC-02,M,297.72432546656256,312.904871571031,1475.4141309111483,50.34848678439231,199.96374222872953,2.686514320822394,14.119063582758232,55.586447028493346,0,2026-10-06 01:36:15
2026-10-05 05:08:00,CNC-02,M,296.4662842925288,310.08331784403936,2224.727105729437,28.450395553517186,57.26498692319998,2.8018696517286568,11.861126329791976,54.11565392628455,0,2026-10-06 01:36:15
2026-10-05 13:50:00,CNC-03,H,297.55482344823264,312.58962605277134,1355.4891123442544,54.34252709388597,232.3585974684359,2.850970728347233,13.713407370650117,55.004855167815926,0,2026-10-06 01:36:15
2026-10-05 21:08:00,CNC-02,M,298.7725476077759,312.17355177730946,2538.060627244217,22.805173446337225,72.53648090401343,30.0600544320041,10.912684885281719,50.006761091932134,0,2026-10-06 01:36:15
2026-10-05 06:42:09,CNC-01,L,296.62044754107103,311.7987793865163,2053.8277164625288,39.81775704828202,214.3818952542646,3.610228234099463,15.384900121489265,59.342657040266126,0,2026-10-06 01:36:15
2026-10-05 17:49:00,CNC-02,M,304.2874325418926,311.2699567306004,2144.8148771291503,26.530950077667395,35.30873175915082,2.6231543160773905,10.638308625294586,43.48542914972457,0,2026-10-06 01:36:15
2026-10-05 01:52:00,CNC-02,M,297.9059674355842,309.80223231336595,2700.5142662077337,15.653579976808825,60.68377106686927,3.1885159386177984,7.837270664154655,,0,2026-10-06 01:36:15
2026-10-05 03:42:00,CNC-02,M,297.10318363014346,9829.744794112388,2384.7347032529756,29.00962451464709,185.20839317227998,3.4025587474197314,13.131035168470454,52.55080141534445,0,2026-10-06 01:36:15
2026-10-05 05:10:00,CNC-01,L,301.8955720790016,309.7701281123578,2218.977078155071,29.680784538888624,92.24504653036712,2.7675409534089406,12.262972050768935,46.68050820609321,0,2026-10-06 01:36:15
2026-10-06 00:39:00,CNC-03,H,298.45307572124557,310.6298021502453,2577.769381304738,17.579177163785282,51.02707862620882,31.330814045063384,8.425394274346608,58.66377031542907,0,2026-10-06 01:36:15
2026-10-05 07:13:00,CNC-03,H,295.7903983221983,309.8765882123574,1579.813605210642,43.04111111779542,155.39248560757486,2.4653946756848923,12.653303261582996,58.268742080879576,0,2026-10-06 01:36:15
2026-10-05 06:17:00,CNC-02,M,295.9169268410169,309.8242869381555,2066.4710532676013,31.047194122265513,147.34309184578038,2.941294431937479,11.85945103975732,56.12075253726761,0,2026-10-06 01:36:15
2026-10-05 02:29:00,CNC-03,H,297.5680314190912,310.07507274743693,2523.973318701618,20.4155738084177,69.5230553070878,3.1380861458674736,9.614914942455515,57.97990031801093,0,2026-10-06 01:36:15
2026-10-05 11:45:00,CNC-03,H,302.06495976836226,310.04431307319106,1454.0344591739406,49.58616738274299,34.91171728475571,2.0766038915224154,13.450994199967852,52.37331355038147,0,2026-10-06 01:36:15
2026-10-05 12:08:00,CNC-02,M,296.13928360416475,311.1369953646136,1330.0731944022434,54.74221336642768,196.65419731842786,2.670260245611205,13.78288567926448,60.531334694464654,0,2026-10-06 01:36:15
2026-10-05 02:09:00,CNC-01,L,297.8923485642955,310.5859618678702,2468.402973456907,20.576011877821482,74.9262023007873,3.1453419442747004,9.301070564960447,53.06179019024187,0,2026-10-06 01:36:15
2026-10-05 16:42:00,CNC-01,L,299.76189377234493,313.8868125948308,1792.854435266526,39.87397580282306,60.49191287506783,2.373358802836728,13.464318605635603,54.6875078030746,0,2026-10-06 01:36:15
2026-10-05 17:58:00,CNC-03,H,300.2809162163082,314.42452004209014,2157.4327218145763,32.723904341761944,104.59743940725883,2.647214923910065,13.157973359241243,50.091907157215985,0,2026-10-06 01:36:15
2026-10-05 20:59:00,CNC-02,M,298.7570660704116,311.96820054773747,2474.1032095861538,22.86466200580689,62.295826864699514,3.0944697709247,10.414979559497892,54.893525489899304,0,2026-10-06 01:36:15
2026-10-05 20:10:00,CNC-02,M,298.935795752687,311.4618156302998,2429.4100615652237,21.014371634466197,5.791057555504711,2.983520057050986,9.734614443646523,52.018526746423014,0,2026-10-06 01:36:15
2026-10-05 13:30:00,CNC-02,M,297.1659025369951,311.8770941158526,1419.926915486313,51.352498105434194,110.7682060711453,2.1213199411234966,13.712592692774736,58.543385701904555,0,2026-10-06 01:36:15
2026-10-06 00:58:00,CNC-02,M,297.7812916071831,310.48459284004815,2518.7126788445375,19.244732323404882,95.53001460169013,3.117504036766258,9.029481447395826,54.64814275916858,0,2026-10-06 01:36:15
2026-10-05 04:43:00,CNC-01,L,302.3499272968716,309.7143481676211,2271.470457612762,27.14222435365904,58.40713850599962,2.851295283032088,11.479032314864309,47.20549103274611,0,2026-10-06 01:36:15
2026-10-05 06:36:00,CNC-02,M,295.95591195760744,310.32530440636515,2067.122377710462,31.522016447638702,173.11847903439065,3.130059602548963,12.32189412984523,59.29601948726359,0,2026-10-06 01:36:15
2026-10-05 21:12:00,CNC-03,H,299.9872870187955,312.8286513300536,2509.4701007829813,21.659699330935442,95.27055467945436,3.102733532887458,10.224966658444627,51.22506090755248,0,2026-10-06 01:36:15
2026-10-05 10:45:00,CNC-03,H,296.1297759126189,311.0286322419718,1355.3652000876843,55.454650659340466,213.52084053584989,2.6105682845992493,13.74031703739667,59.59767696233209,0,2026-10-06 01:36:15
2026-10-05 05:00:00,CNC-03,H,296.19134510958776,310.40710917193417,,28.70194622999171,248.4787620327107,3.6992705092942013,12.33203650520889,56.56282205029838,0,2026-10-06 01:36:15
2026-10-05 03:09:00,CNC-02,M,297.6139840294401,310.4997381755348,2558.999315857159,20.214962474838465,146.89576991432034,3.3819153467818666,9.565261751625425,54.55926059307337,0,2026-10-06 01:36:15
2026-10-06 01:33:00,CNC-03,H,298.3957898613455,311.8815843502917,2549.1186434163237,21.54275325331922,108.95366950540227,3.1417144402342196,9.88796472849322,55.1260778677516,0,2026-10-06 01:36:15
2026-10-05 05:42:00,CNC-02,M,296.31850887188216,310.69323323960157,2121.647172906213,32.931639603282804,100.90020429016747,2.853924231883445,12.862008212078102,60.9662991606055,0,2026-10-06 01:36:15
2026-10-06 01:02:00,CNC-01,L,298.9883523524237,310.13163963981344,2807.0401377801495,11.994422672843353,36.233490354272085,3.2820918452034635,6.3710653075854395,50.74113334500394,0,2026-10-06 01:36:15
2026-10-05 19:00:00,CNC-01,L,27.12675177785235,40.723234385338685,,29.165776324177827,52.68296460167988,2.7277125386010885,12.114634818732663,53.70251842075364,0,2026-10-06 01:36:15
2026-10-05 19:02:00,CNC-03,H,26.693758247671894,40.942317509052884,2310.8241833342745,27.783960735042626,187.63774898057258,30.634949723285594,11.955586017602148,50.53477733103166,0,2026-10-06 01:36:15
2026-10-05 07:15:00,CNC-02,M,295.9681679672132,309.9430285071869,2019.373215310226,35.241987913851894,4.20312317251309,2.5607599398642953,13.794716493023802,59.40231789971312,0,2026-10-06 01:36:15
2026-10-05 07:51:00,CNC-01,L,296.331189472883,310.47134708084815,1817.6174100661472,39.57953262777449,83.94214504274863,2.5019802876841335,13.385866361471757,54.84946790521665,0,2026-10-06 01:36:15
2026-10-05 11:02:00,CNC-01,L,297.28463452841555,311.8424247726919,1335.941214095051,53.94849235102363,170.77295050562287,2.490228521413283,13.504071564974673,53.54373576375583,0,2026-10-06 01:36:15
2026-10-05 18:24:00,CNC-03,H,26.706942723676093,40.49415771700495,2163.051381237219,30.408109332576004,138.7282071295456,2.9649924968476635,12.246030870159943,48.99400728163675,0,2026-10-06 01:36:15
2026-10-05 17:39:00,CNC-02,M,298.6287622780337,313.01705447708866,2069.0229939659152,34.77725521821052,21.815436533093376,2.6805101562233533,13.2807492664907,57.15577343650887,0,2026-10-06 01:36:15
2026-10-05 20:11:00,CNC-01,L,300.57539000103026,314.08406816879926,2378.7419191975373,25.945343306334003,139.49970254002767,3.2929013939500935,11.449260851505205,50.80749690432963,0,2026-10-06 01:36:15
2026-10-05 15:33:00,CNC-03,H,299.17380419074004,314.21488681116847,1617.6363986399642,48.089802377802854,148.80314912597663,2.401444151097276,14.393890434389428,48.61729447555154,0,2026-10-06 01:36:15
2026-10-05 20:23:00,CNC-03,H,300.3692775761745,312.78652946261735,2481.171490350121,20.413463860666383,39.06984999950453,3.0253793606677344,9.619083375196247,52.16872425065122,0,2026-10-06 01:36:15
2026-10-05 14:20:00,CNC-03,H,297.97447213446554,311.98281092861924,1586.2129097779014,45.92936469653943,37.446488494067594,2.2012140553515898,13.840787081191353,58.98391142374517,0,2026-10-06 01:36:15
2026-10-05 08:38:00,CNC-02,M,295.9042138484824,310.40141549352415,1545.4465646611084,48.058209200233094,125.51337509256501,2.265084651382114,13.759815656939475,61.826757685583246,0,2026-10-06 01:36:15
2026-10-05 03:09:00,CNC-03,H,297.246049852559,309.9606672197475,2398.332244404317,20.640243323158483,114.81969897879809,3.0873096974244754,8.993210694030346,51.289227612524684,0,2026-10-06 01:36:15
2026-10-05 03:29:00,CNC-03,H,297.12255347464037,310.17255399044876,2519.05159617555,21.410513646042368,138.17807031996676,31.91882916408915,10.117217898262869,53.95110423863272,0,2026-10-06 01:36:15
2026-10-05 19:05:00,CNC-02,M,31.71050001089776,39.34619490451166,2521.0106684037733,22.70341628145872,133.91736344612667,3.322831605263262,10.804665888605369,41.24147864628283,0,2026-10-06 01:36:15
2026-10-05 09:11:00,CNC-02,M,295.6777703950669,310.6129927295251,1521.909469247244,48.71267148483629,175.46275689114418,25.178532156497752,14.144682008805189,59.089607225279885,0,2026-10-06 01:36:15
2026-10-05 14:04:00,CNC-02,M,297.5189462875108,312.8908028410405,1523.8347759845137,52.054158719715424,164.1034012981079,2.639671501311999,14.877844501688234,59.72964807286306,0,2026-10-06 01:36:15
2026-10-05 18:08:00,CNC-03,H,300.1111486339554,314.2109326196902,2110.133070301126,1149.558873677826,117.84730426049742,27.494762032708834,13.067364809857862,50.13038902958633,0,2026-10-06 01:36:15
2026-10-05 14:29:00,CNC-02,M,297.78954397134737,313.20926155910297,1429.1491321655053,53.4551985675579,203.0857965773241,2.7777073310685947,14.416677841076213,52.62273224900494,0,2026-10-06 01:36:15
2026-10-05 06:31:00,CNC-03,H,295.70874504895966,309.8538124363891,1836.9843650361606,40.13282772284974,96.76631552361216,2.505857722384098,13.81156312973943,59.723165022168594,0,2026-10-06 01:36:15
2026-10-05 04:42:00,CNC-01,L,302.436407961687,309.360172846184,2263.8094985761104,24.16569340198409,57.16901971220561,2.8492356156173853,10.200892917515928,43.25425907151954,0,2026-10-06 01:36:15
2026-10-05 16:21:00,CNC-01,L,299.7070938557358,313.4098058668745,1661.0661075685716,42.50930074252989,30.575601141416218,2.325178248169785,13.261451414889315,52.2981639520469,0,2026-10-06 01:36:15
2026-10-05 09:25:00,CNC-02,M,295.82191182627776,310.4818093884072,1598.5734935333003,43.48160263992956,196.838067921311,2.676206662928017,13.014616274149397,59.74726539118674,0,2026-10-06 01:36:15
2026-10-05 08:12:00,CNC-01,L,296.5117216516416,310.8791852239421,1665.3548919841887,43.724391284366334,114.9167927664824,2.5268017666913405,13.494480621483648,57.08422933077738,0,2026-10-06 01:36:15
2026-10-05 19:36:00,CNC-02,M,298.99875891401757,313.9851151901165,2318.3170026293546,32.21603657932185,172.23217331994937,3.305541052731991,14.256602209814558,52.497088892494155,0,2026-10-06 01:36:15
2026-10-05 07:15:00,CNC-01,L,296.2017949135931,310.14706700664027,1718.3199406720348,41.68341913357495,32.21332417860449,2.3577824730293147,13.306459873948976,60.52949347370282,0,2026-10-06 01:36:15
2026-10-05 21:16:00,CNC-02,M,,311.87295371772007,2578.5047906876634,21.687937041200332,81.57737943555622,3.1536305337689443,10.355862714315919,53.13731179548389,0,2026-10-06 01:36:15
2026-10-05 12:48:00,CNC-02,M,296.89292766862167,310.7678854687708,1374.9096418130264,48.735554367010664,44.248710383355174,19.696710909759425,12.360604429379547,58.86145743403752,0,2026-10-06 01:36:15
2026-10-05 13:34:00,CNC-02,M,297.2377687641359,311.50374851679254,1470.3377037126133,46.45114179733889,117.02204701317534,2.363101354362761,12.543011040129029,58.53914190047026,0,2026-10-06 01:36:15
2026-10-05 13:43:00,CNC-02,M,297.4940866389946,311.64431758493845,1296.635357687458,50.99415112048435,131.20155498133246,2.107343300424463,12.344034819736084,56.71832047290833,0,2026-10-06 01:36:15
2026-10-05 22:05:00,CNC-01,L,299.63740526153714,312.1523971315485,2660.885944783928,19.210655704020304,59.91291705432786,3.1782932029581454,9.667881557857205,50.909641219534734,0,2026-10-06 01:36:15
2026-10-05 04:09:00,CNC-03,H,296.51362302418994,309.96836440862006,2280.69762300666,24.986931522748975,185.7038748701322,3.267518823500457,10.482387063399583,55.52271373925702,0,2026-10-06 01:36:15
2026-10-05 03:23:00,CNC-01,L,297.55089500552765,311.33903025094014,2422.158158007949,25.625106211394748,158.5147510431624,3.3672899644374223,11.745934788368446,56.8899613880507,0,2026-10-06 01:36:15
2026-10-05 08:45:00,CNC-03,H,295.02876320498086,308.64904183132893,1596.12984959425,42.115515891346,27.02470163917271,2.308045753955941,12.176593793349566,62.95709579244357,0,2026-10-06 01:36:15
2026-10-05 10:46:00,CNC-02,M,295.9662765007014,310.30690770778847,1434.4006919023507,51.550116091869754,66.36096860280452,2.089972214220546,13.944683041967279,59.28667391192433,0,2026-10-06 01:36:15
2026-10-05 06:18:00,CNC-02,M,295.8365524712229,310.9099841358399,1953.796316819822,40.198293760696906,148.72164040091786,28.016425141200827,14.484892952838159,59.95659559783524,0,2026-10-06 01:36:15
2026-10-05 18:37:00,CNC-01,L,27.011304348391207,,2092.886346963026,30.986800863931297,23.463468270952806,2.6825505531417586,12.05957999507462,49.15116229768928,0,2026-10-06 01:36:15
2026-10-05 12:04:00,CNC-01,L,297.57713988073573,311.3656358281043,1474.8811280719374,46.55286151382474,50.89236454908708,2.164071933912436,12.990518196447065,55.08158046357676,0,2026-10-06 01:36:15
2026-10-05 03:52:00,CNC-01,L,296.7005943505356,310.14118178876515,2391.6413348333817,23.571129244164435,192.48139813288824,3.6392514182242963,10.704364395588364,57.938695091954386,0,2026-10-06 01:36:15
2026-10-05 19:52:00,CNC-02,M,,313.14028623425037,2174.022769915797,27.780798991770467,191.55112149640573,3.4516386867342685,11.420470062378856,56.06882823122357,0,2026-10-06 01:36:15
2026-10-06 00:59:00,CNC-01,L,298.7003002931434,309.59476350986694,2698.1549740586775,10.047968001624046,33.084896267186636,3.2599070372852137,5.453599607847346,57.92016692976536,1,2026-10-06 01:36:15
2026-10-05 16:17:00,CNC-02,M,298.4307669212468,313.59073778986277,1676.6388590917788,47.22987111207007,150.71978465963795,2.544655814090244,14.620171069382412,55.40287120950835,0,2026-10-06 01:36:15
2026-10-05 17:14:00,CNC-01,L,300.1324259086175,314.26488138848777,1800.0917498810031,39.996128315730935,105.41257826869347,2.477587284805509,13.444644322691808,56.83076112761304,0,2026-10-06 01:36:15
2026-10-05 14:03:00,CNC-03,H,297.7341125913616,310.8247195625926,1548.4884605995464,40.23217976000474,10.953630791544043,2.2713794343064744,11.82105040263984,54.98447310689816,0,2026-10-06 01:36:15
2026-10-05 14:41:00,CNC-03,H,298.34093572770536,312.51070360137976,1488.714711213384,47.32698006518731,69.99573639222439,2.1489358223100172,13.194312791883434,54.30780167386194,0,2026-10-06 01:36:15
2026-10-05 02:11:00,CNC-02,M,297.9866358752812,310.0424491940394,2784.455456217495,16.58026907788522,81.47466031414508,3.321388154980286,8.571503777018227,53.22836249213443,0,2026-10-06 01:36:15
2026-10-05 17:32:00,CNC-02,M,299.32518912232706,313.1427320568241,1909.7300848114517,37.329403367832334,12.373057963189218,2.588440850721963,13.272948525778498,51.77005179293697,0,2026-10-06 01:36:15
2026-10-05 15:47:00,CNC-02,M,298.5085985222039,312.9357403199965,1630.8291758434063,44.487053521914255,106.89883433902524,2.371640673849315,13.54222632181785,49.56971400682576,0,2026-10-06 01:36:15
2026-10-05 07:32:00,CNC-03,H,295.67828691505986,310.9528935138937,1889.044887846906,42.16095831283078,182.36574953307235,2.857796025035014,14.710972958626634,61.545200967456395,0,2026-10-06 01:36:15
2026-10-05 11:38:00,CNC-02,M,296.18920852385634,311.2795412719658,1466.9253172891308,53.49078648336227,148.90324093927998,2.3538383981728925,14.558315016852765,57.40264208445517,0,2026-10-06 01:36:15
2026-10-05 04:48:00,CNC-02,M,296.48795012632706,310.1154282699712,2295.6068510988725,29.544020015190853,32.2225473860256,2.820415603136575,12.785659394617515,62.45529078050916,0,2026-10-06 01:36:15
2026-10-05 09:22:00,CNC-03,H,295.3082771522984,,1386.2744754967048,49.330299813684995,83.35109578710426,2.0440838803096244,12.69211207729929,62.76170762058441,0,2026-10-06 01:36:15
2026-10-05 02:14:00,CNC-01,L,297.8947105347468,310.5852628982645,2574.4564700473775,20.504218916231494,80.49546761565601,3.240406824624067,9.796511404192907,52.75692605041203,0,2026-10-06 01:36:15
2026-10-05 21:00:00,CNC-03,H,300.0640798466448,312.21200704424007,2528.689905387489,18.198194673712656,81.7587212349157,3.0101757063266437,8.325034802875376,50.01018297055777,0,2026-10-06 01:36:15
2026-10-05 17:57:00,CNC-01,L,299.91986887313607,315.01291955317845,2050.499128275426,38.52547580490594,163.87597457159234,3.0965087303219314,14.847102852064568,51.621685080473064,0,2026-10-06 01:36:15
2026-10-05 11:07:00,CNC-03,H,296.2905439545407,311.04877353952907,1339.1893556564141,51.9723554703624,248.3294729099176,2.9494469746675214,12.969505493943384,58.993147411473615,0,2026-10-06 01:36:15
2026-10-05 02:28:00,CNC-03,H,297.77638837049534,310.2178294977542,2509.4154087347456,19.87416145542855,68.36859698664699,3.1050504102910694,9.096943110601183,55.120571128805715,0,2026-10-06 01:36:15
2026-10-05 08:55:00,CNC-02,M,295.6291619956434,310.3705488731251,1539.178470671214,47.52083658849883,151.15229953915122,2.4564662789066096,13.658321701566628,61.066437944217064,0,2026-10-06 01:36:15
2026-10-05 08:32:00,CNC-02,M,295.7943811642795,310.1142317389415,1495.3438628071053,46.29402917840737,116.54026181530631,2.2630288744868925,13.030021975364471,59.7361702082699,0,2026-10-06 01:36:15
2026-10-05 14:56:00,CNC-01,L,299.13111260734377,313.2882539951442,1504.6186177217173,45.32949296673439,130.30556442734326,2.391033735835098,12.896876722689955,56.37755810921945,0,2026-10-06 01:36:15
2026-10-05 02:39:00,CNC-01,L,297.9306054180654,310.5022111979487,2508.1277598237803,19.52468172661719,,3.22852135289651,9.055013618305185,52.927821628905996,0,2026-10-06 01:36:15
2026-10-05 22:58:00,CNC-01,L,299.5910389384265,311.470591188278,2532.6702687270026,15.196170026855395,117.30900538326733,3.315009631511318,6.914942858120263,46.88464495343515,0,2026-10-06 01:36:15
2026-10-05 13:41:00,CNC-03,H,297.8542134796532,9864.936508960822,1431.6080046894758,51.36878707272471,218.29596886006271,2.7701474141691955,13.950489098146248,55.71285340763122,0,2026-10-06 01:36:15
2026-10-05 15:04:00,CNC-02,M,298.19903838206693,312.1296168629329,1498.9078006741884,46.34958384948649,42.81911155979608,2.059643920876634,12.907992677921913,54.61227822204664,0,2026-10-06 01:36:15
2026-10-05 10:44:00,CNC-03,H,295.9824446960199,310.838978933972,1417.9525872502518,52.820710527472684,211.9208405358499,2.6889999274574565,14.001332246693977,63.87984128966883,0,2026-10-06 01:36:15
2026-10-05 18:39:00,CNC-02,M,31.548607160317033,39.21209402560714,2207.6408046927163,27.677583517271508,100.94980110540688,2.8676311059246204,11.286170972271083,45.372385162938535,0,2026-10-06 01:36:15
2026-10-05 15:27:57,CNC-02,M,298.2202882186613,312.5119191848714,1593.256886522657,45.01448564307406,77.28532214721152,2.280374301379895,13.290468083193193,57.144211053333315,0,2026-10-06 01:36:15
2026-10-05 09:02:00,CNC-02,M,295.7417057149468,310.61243370401314,1448.4116770868814,52.23251576599391,161.8208792922219,2.4957767889675377,14.285454466547721,57.53808028334501,0,2026-10-06 01:36:15
2026-10-05 17:24:00,CNC-02,M,299.05059962336423,313.17835559201535,1813.29185319495,38.89224793262327,1.4165207289691797,2.5654960585811812,13.349754101445482,53.717262723169476,0,2026-10-06 01:36:15
2026-10-05 20:15:00,CNC-03,H,300.3117123935244,313.0260188912247,2341.6850329972476,23.772488621690673,29.758613780402214,2.8786124125525094,10.461896601405229,56.60833791047901,0,2026-10-06 01:36:15
2026-10-05 23:03:00,CNC-01,L,299.77951033281477,312.58579240717916,2668.538465308492,19.242917113320733,122.58528207065383,3.431739583430902,9.674709046589056,53.96555854280215,0,2026-10-06 01:36:15
2026-10-05 19:23:00,CNC-01,L,300.3921955241997,314.06604998703875,2335.607908914203,27.63878487573312,81.23941356774999,3.0288884490050343,12.168581908878668,56.52875636638822,0,2026-10-06 01:36:15
2026-10-05 04:59:00,CNC-02,M,296.23506418170894,310.2232152319818,2272.1716308756104,29.833732218383542,45.93983135228905,2.843420285888605,12.800865337662728,52.928802450754304,0,2026-10-06 01:36:15
2026-10-05 14:05:00,CNC-03,H,297.7711577502625,311.25016754914964,1450.2762112885553,45.04165854938867,14.084685264598306,2.005634983150762,12.197364013890658,53.57978747131816,0,2026-10-06 01:36:15
2026-10-05 03:09:00,CNC-01,L,297.5806423090253,310.7132052054706,2532.880425006297,,142.26925060694424,3.330431644848188,9.799972289682119,58.65697734237353,0,2026-10-06 01:36:15
2026-10-05 23:34:00,CNC-02,M,24.777480393052883,36.28932523078072,2587.001153849061,13.388435377182581,6.374307037035446,3.0853492011904513,6.671651642816926,55.805970499334215,0,2026-10-06 01:36:15
2026-10-05 07:24:00,CNC-02,M,295.5300821954062,309.52811641356624,1798.8728796313271,40.75113313645032,17.122694760458902,2.3349686444189723,13.732943197521939,59.25715021875973,0,2026-10-06 01:36:15
2026-10-05 19:01:00,CNC-01,L,27.156945728055916,40.43801621215738,2287.6689517582768,26.701510553098473,53.905700084683495,2.8311439096528286,11.557550437629498,53.99114247149163,0,2026-10-06 01:36:15
2026-10-05 10:54:00,CNC-01,L,297.2315506605087,311.9041103137275,1412.7357901510966,52.756504487964335,158.08362285617346,2.475210560337173,14.131352569945378,55.31357424388668,0,2026-10-06 01:36:15
2026-10-05 14:18:00,CNC-01,L,298.9506461791374,312.7211571866021,1368.7013848425006,49.35876805661393,71.77859529977519,2.0370583117890106,12.837564690669398,52.486743280591476,0,2026-10-06 01:36:15
2026-10-06 01:14:00,CNC-03,H,298.5129111165206,309.93979727368,2826.5204119212713,11.760983950187448,88.41741908947431,3.3924779009279744,6.339361189119377,59.06726678829503,1,2026-10-06 01:36:15
2026-10-05 09:53:00,CNC-01,L,296.6220000242128,310.98189810343877,1524.7190610636774,48.36779094469728,62.000855426504536,2.302213698973293,13.870717730202749,56.90846877363832,0,2026-10-06 01:36:15
2026-10-05 11:35:00,CNC-03,H,301.95750902316877,309.2035411344383,1443.8527392535789,43.88040302393246,19.027151935805016,2.0640117819865225,11.92830118390862,50.871797927066346,0,2026-10-06 01:36:15
2026-10-05 15:59:00,CNC-02,M,298.37893235910906,312.9513386546003,1741.070453065887,39.91539111649974,124.56271849885822,2.552483794335869,13.171044508927142,54.17033651646235,0,2026-10-06 01:36:15
2026-10-05 11:58:00,CNC-02,M,296.1032052959748,311.16583451231423,1343.751660149565,55.7738528412223,180.75763385654994,2.3892583081792056,13.734826020793193,52.8075101958068,0,2026-10-06 01:36:15
2026-10-05 10:18:00,CNC-01,L,296.7926977179349,310.898619479016,1485.6126363062292,48.56902218437844,101.14889854664052,2.2958893916181053,13.482029942943743,56.56825683711865,0,2026-10-06 01:36:15
2026-10-05 07:04:16,CNC-01,L,296.5669242453515,310.15606335402646,1912.0211572404912,35.565170856901865,15.253739414302052,2.421118315051464,12.56912985964645,55.244578861385044,0,2026-10-06 01:36:15
2026-10-05 04:19:00,CNC-03,H,296.43656009616114,310.6156013838823,2392.8171949760244,26.392384261889845,197.90835592008372,3.421213264322622,11.882043177199584,59.38025650445368,0,2026-10-06 01:36:15
2026-10-05 06:36:00,CNC-01,L,296.4524370701276,311.04822310803456,1943.5494049188226,35.53055311244636,206.10096098190365,3.4507974964545216,12.731523272107554,55.651670603877434,0,2026-10-06 01:36:15
2026-10-05 16:14:28,CNC-03,H,299.47680229724347,314.94101348692783,1886.4959411352806,43.59084425319654,210.83677393401882,30.46460621029171,15.344815377984814,52.95275546365943,0,2026-10-06 01:36:15
2026-10-05 02:40:00,CNC-03,H,297.5909408136706,309.301931498335,2813.60313235304,12.815290003869592,81.72164390055045,3.4167536839479054,6.779255382251409,52.67443873389506,0,2026-10-06 01:36:15
2026-10-05 10:31:00,CNC-01,L,296.84520296379065,311.17966075536026,1421.7484757705138,50.01602572761572,121.6414355928682,2.2580522919245087,12.898190464945646,60.233200997390036,0,2026-10-06 01:36:15
2026-10-06 01:24:00,CNC-03,H,298.4098630019391,311.51329894392575,2537.2997987463114,21.13785711964867,99.23834707700996,3.1187144233149424,10.130924777544324,52.91179602702944,0,2026-10-06 01:36:15
2026-10-05 21:14:00,CNC-03,H,300.0718441461372,312.94473094147395,2367.2922829644262,23.240363311035296,97.54557297970976,28.613246134817373,10.3068131792865,50.195803374116444,0,2026-10-06 01:36:15
2026-10-05 16:18:00,CNC-03,H,299.2242936284211,314.3304845009312,1699.4251663550729,43.839000228053756,215.13440372312795,3.099226224630737,13.78324667116308,54.78811667132371,0,2026-10-06 01:36:15
2026-10-05 05:43:00,CNC-02,M,296.1706788837181,310.55491396055874,2083.557808525195,35.44869767102423,102.21970678469333,2.6824205989933465,13.931835300246501,56.53347820850802,0,2026-10-06 01:36:15
2026-10-05 03:32:00,CNC-02,M,297.5226640390707,310.99577709963336,2332.605004901266,23.56149711422196,173.40769991071534,3.339076565567178,10.60022961470924,56.54640852497861,0,2026-10-06 01:36:15
2026-10-05 16:39:00,CNC-02,M,298.8256078798826,314.4405542306443,1795.7383604674994,44.764054692939226,182.32484311607126,3.0393184164570153,14.995112143404349,50.883374781872114,0,2026-10-06 01:36:15
2026-10-05 13:27:00,CNC-03,H,297.5373764714165,312.4835351766598,1390.0818829454802,53.53568979588313,196.37977983541336,2.504328900689518,13.979367713862574,49.892091318326315,0,2026-10-06 01:36:15
2026-10-05 11:56:00,CNC-03,H,302.0885776445392,310.116669712216,1439.9494464820598,50.46646093339759,52.35137767022652,2.134116277616887,13.58136142062352,47.01874885772238,0,2026-10-06 01:36:15
2026-10-05 11:06:00,CNC-01,L,297.14385163121784,311.58669225146696,1257.5072690505567,54.73218708297291,177.14589310615233,2.4895176515074193,12.999493242840401,55.236818805766816,0,2026-10-06 01:36:15
2026-10-05 18:58:00,CNC-01,L,27.000665650126507,40.59632359340793,,30.451996037394704,50.185857112817196,2.8722396959165777,12.588965501330271,53.41200835892673,0,2026-10-06 01:36:15
2026-10-05 17:35:00,CNC-03,H,299.8578858636453,313.80808142131053,1766.4596450065317,37.78579582603744,73.61739496075656,2.405434092997313,12.544247161314726,51.672442093602164,0,2026-10-06 01:36:15
2026-10-05 15:49:00,CNC-01,L,299.5572022777025,314.50953597092433,1693.1457386420657,44.43417458290201,209.90290276974568,3.1899743092875696,13.850023108570154,53.196455704937456,0,2026-10-06 01:36:15
2026-10-06 00:02:00,CNC-02,M,24.572814725643298,36.704751330576926,2781.4983009572056,14.068778958780577,36.051528710134924,3.281304668885955,7.15719835571983,59.05956946660881,0,2026-10-06 01:36:15
2026-10-05 06:10:00,CNC-03,H,295.6614670510747,308.73603347400314,2068.6635544003516,27.960702633322676,68.22824158708164,2.6006849029504564,10.87202276477379,58.92706811404786,0,2026-10-06 01:36:15
2026-10-05 23:41:00,CNC-02,M,24.68979913928547,36.18391906444293,2704.469243364383,13.378018178289478,13.859287308652755,3.2527571918213285,6.60986848545434,54.93598101712486,0,2026-10-06 01:36:15
2026-10-05 15:34:00,CNC-01,L,299.2132310327829,314.1333217268218,1673.3176696169292,44.819830195028715,187.55424762799728,3.0517205627836432,14.224445210654293,46.9409255353926,0,2026-10-06 01:36:15
2026-10-05 04:50:00,CNC-02,M,296.45312518065845,308.6626643813327,2200.4398915421007,21.591195732363236,34.739653629775844,2.702690491290222,8.828877462452745,57.81774814307367,0,2026-10-06 01:36:15
2026-10-05 05:27:00,CNC-01,L,302.1658861089594,310.9643641682221,2037.3089912114244,37.60443712413475,114.14720082701784,2.7794047732924776,14.363463058539748,42.37212087724103,0,2026-10-06 01:36:15
2026-10-05 13:54:00,CNC-03,H,297.8862674163232,313.3135673373077,1514.3729034334576,53.68576059971121,238.63048015875628,2.96460230809055,15.03104146074639,53.08961577968439,0,2026-10-06 01:36:15
2026-10-05 03:02:00,CNC-02,M,297.37432684233846,310.6693864394837,2601.0923539132905,21.959309549706497,138.9887953858364,3.3511132120329195,10.43870512499795,54.420088822006754,0,2026-10-06 01:36:15
2026-10-05 15:15:00,CNC-01,L,299.2789968638209,314.5092933699166,1577.0568632367115,52.3790858772398,159.0337416746056,2.4257395106485706,15.736564333879084,51.91545360431812,0,2026-10-06 01:36:15
2026-10-05 23:52:00,CNC-03,H,26.03060726400679,36.744431399154905,2663.054307146205,10.924166822541249,1.0474228967824095,3.1922550720412475,5.420049430509724,52.29819374784012,1,2026-10-06 01:36:15
2026-10-05 08:45:00,CNC-02,M,295.6103414218779,9808.741772738653,1666.715983761052,50.334129303671176,136.079905147479,2.5553528626595634,15.614453217263842,56.15117241974256,0,2026-10-06 01:36:15
2026-10-05 09:52:00,CNC-03,H,295.6627064486054,309.84326181451735,1369.1957705346013,49.96031181070897,130.15251191786695,2.2263375002671504,12.8228615977282,61.464314121986334,0,2026-10-06 01:36:15
2026-10-05 10:27:00,CNC-01,L,296.87008677091234,311.95108398375584,1441.574576529317,54.98498241846288,115.29936741438901,2.2686615670209815,14.865910606599419,55.69869001953812,0,2026-10-06 01:36:15
2026-10-05 12:46:00,CNC-03,H,302.51079712750857,311.0930050470348,1325.9493016460738,,131.55888861472636,2.1340231154877727,13.563631026917161,46.03746706971013,1,2026-10-06 01:36:15
2026-10-05 20:45:00,CNC-02,M,298.8811089618236,311.80479605881396,2459.433719923196,20.250232872158016,46.33645328832712,2.995487141303327,9.227270858720269,56.54935889648974,0,2026-10-06 01:36:15
2026-10-05 15:56:00,CNC-02,M,298.4879253272481,313.6499795343084,1777.791659219303,46.380859907884386,120.15321534397002,2.5885393839162467,15.495871311899512,56.97550751779691,0,2026-10-06 01:36:15
2026-10-05 08:22:00,CNC-03,H,295.6544087487517,310.48193370014656,1543.8397348530825,48.95607384969148,255.663072537975,3.3627374212676377,14.259857708545779,61.37795721739906,0,2026-10-06 01:36:15
2026-10-05 11:07:00,CNC-01,L,297.24676208527677,311.6971880206915,1236.6190084394316,56.412946284559524,178.74589310615232,2.4840482802819244,13.191996578027235,57.451829222758214,0,2026-10-06 01:36:15
2026-10-05 08:01:00,CNC-02,M,295.94610752867476,309.99079151474433,1682.2586068484704,41.33761340041585,70.61414750605826,2.3294676432647945,12.97499831647765,58.52775557644712,0,2026-10-06 01:36:15
2026-10-05 01:53:00,CNC-03,H,298.03090024204965,309.8085341853969,2693.7968249143105,16.082316028556036,29.785078824451425,3.1780560547235424,7.9753251563866385,57.80688316217983,0,2026-10-06 01:36:15
2026-10-05 05:28:00,CNC-01,L,301.9402244874332,310.2657248813594,2204.215770126475,33.304341634150305,115.39640921239838,2.805172827680851,13.807256744221846,45.747968518456936,0,2026-10-06 01:36:15
2026-10-05 13:02:00,CNC-01,L,298.3403322608199,312.3117254811221,1396.6907873759094,46.292406870136,142.5978787472076,2.264640366273354,12.271190484666228,52.11498805576354,0,2026-10-06 01:36:15
2026-10-05 03:23:00,CNC-02,M,297.3526857648251,311.61321484629576,2465.732456762975,27.79802784577739,163.00463243628081,3.3345532848273494,12.940337434391465,57.58118661237584,0,2026-10-06 01:36:15
2026-10-05 18:21:00,CNC-02,M,31.50906163682737,39.12775426983768,2059.401250090487,29.850515059343742,77.63202302734163,2.740949997329169,11.554411404312035,46.05505783530782,0,2026-10-06 01:36:15
2026-10-05 10:30:00,CNC-02,M,,309.81398539389704,1523.1949403656602,46.356240682840465,41.12991752000076,2.1414208526810294,13.313375169528491,53.721011435419264,0,2026-10-06 01:36:15
2026-10-05 14:29:39,CNC-02,M,298.0169161473077,312.9728306644057,1543.3119432743933,47.71541064188055,206.06367867136427,2.857076416848003,13.655109003789931,57.44408811013193,0,2026-10-06 01:36:15
2026-10-05 14:50:00,CNC-03,H,298.4622722985329,312.061598699481,1673.1549918387152,40.682091275563046,83.77012829946065,2.280327949469718,12.665445945747203,62.09943929883519,0,2026-10-06 01:36:15
2026-10-05 08:13:00,CNC-03,H,295.36051575044723,310.6277325960805,1726.8090010889323,44.49661873223947,242.22651337143924,32.37419647639192,14.75294214183575,58.02405119263477,0,2026-10-06 01:36:15
2026-10-05 23:56:00,CNC-01,L,26.32921073046299,38.328584958582496,2801.0255575691335,13.675827445860087,178.97227264985736,3.8765030796492366,7.261856429811667,49.33312987215279,0,2026-10-06 01:36:15
2026-10-05 20:28:41,CNC-02,M,298.751854479412,311.23411168595067,2495.1164129036947,19.037091862514615,27.965215740667475,3.041898066857598,8.891735416890999,55.04175143009492,0,2026-10-06 01:36:15
2026-10-05 10:25:00,CNC-03,H,295.6998875770319,310.327724483623,1466.025668477599,49.58804809518086,181.92309558997724,2.5408091517432285,13.670433455675388,58.60386094797526,0,2026-10-06 01:36:15
2026-10-05 20:37:00,CNC-03,H,300.2686053852635,312.9693945243052,2610.801814781553,20.110859921892313,55.22519301590478,3.1638951097295527,9.795688262935224,48.812738374337854,0,2026-10-06 01:36:15
2026-10-05 17:31:00,CNC-01,L,299.8487567521912,,1957.5247861211083,35.8190233595231,128.80606637246086,2.7225533351508635,12.869218913739834,52.174745362978214,0,2026-10-06 01:36:15
2026-10-05 19:26:00,CNC-02,M,299.3418847166762,313.59963261881006,2319.961455368408,27.3246476677647,160.0268694038197,3.080626972869253,12.197632534487138,54.91507965210532,0,2026-10-06 01:36:15
2026-10-05 23:59:00,CNC-02,M,24.48829466086181,36.91073599283021,2784.4920070166486,15.704927083571855,32.86732067599441,3.296123611738798,7.856711360638984,58.10783910732193,0,2026-10-06 01:36:15
2026-10-05 12:15:00,CNC-02,M,296.44554638405447,311.5862333900349,1357.1186667977965,57.29635541247408,207.7791853494629,2.7081430924604293,14.676281741141805,59.971291819415434,0,2026-10-06 01:36:15
2026-10-05 14:46:00,CNC-03,H,298.56178211539185,312.3946800717942,1459.3180759873433,46.90701802414619,77.72241245738275,2.1950694743236934,,53.50576145689481,0,2026-10-06 01:36:15
2026-10-05 03:00:00,CNC-01,L,297.57903012298215,310.44818752562315,2381.266204194919,21.479866297750725,132.03407296186305,3.282697750995609,9.709255500073821,58.15870796135269,0,2026-10-06 01:36:15
2026-10-05 12:57:00,CNC-01,L,298.4019751524289,312.6358234904836,1318.6764633077973,54.01967314231547,134.7441811055214,2.2776663194453013,326.0947024288055,53.15940937176347,0,2026-10-06 01:36:15
2026-10-05 04:33:00,CNC-03,H,,311.25654763491616,2291.2423124204174,32.11768513526225,214.87899150148402,3.550211481751012,13.570973345122374,56.47107984841203,1,2026-10-06 01:36:15
2026-10-05 19:50:00,CNC-01,L,300.55391517362176,314.34612970642274,2156.413937042557,29.51216521268367,114.42758566202703,2.9544726691217535,11.87505055986107,50.69517554546974,0,2026-10-06 01:36:15
2026-10-05 16:35:00,CNC-01,L,299.8276199302818,313.94717413670384,1847.0220435350027,40.23729652986154,50.54106267856755,2.5306694904740685,13.865765350910983,51.72709443314459,0,2026-10-06 01:36:15
2026-10-05 17:05:00,CNC-01,L,299.61220979528,314.020475349802,1883.5221674972856,39.70595317163524,92.79514530166048,2.564492510131896,13.869946791558604,50.32690473653555,0,2026-10-06 01:36:15
2026-10-05 18:11:00,CNC-03,H,26.981354330510612,41.13620383072458,2034.3551165670756,32.757233549114474,121.69529026037029,2.808020321165259,12.41751206706342,49.30205762981137,0,2026-10-06 01:36:15
2026-10-05 20:38:00,CNC-01,L,300.626500193607,315.0918747285769,2439.7179703897277,29.086713173567315,171.03162372551003,3.5782703305765398,13.134635611004132,49.94399346825912,0,2026-10-06 01:36:15
2026-10-05 07:11:00,CNC-01,L,296.5634646305856,310.92802428918753,1890.5354949482225,38.91635618545243,26.579322792393775,2.50755273603811,13.713921566776206,59.05438812316261,0,2026-10-06 01:36:15
2026-10-05 15:42:00,CNC-02,M,298.3739544333029,312.777002941505,1654.6974815199967,41.865413704558534,99.49419451000627,2.294203391255546,12.949661159650278,50.36809153749435,0,2026-10-06 01:36:15
2026-10-05 07:47:00,CNC-02,M,295.93986399825434,309.7327244560456,1709.73301733076,39.09649491891661,50.16189359558823,2.445917099772819,12.429717974748385,59.19836128275368,0,2026-10-06 01:36:15
2026-10-05 16:54:00,CNC-03,H,300.20253073310334,313.7219106237392,1860.5154866757946,35.98014658728463,16.984577580033893,2.5501698258081142,12.490616046959694,51.65529878558536,0,2026-10-06 01:36:15
2026-10-05 13:48:00,CNC-02,M,297.38102182342476,312.2239999036417,1457.280179694308,53.51079714460597,139.02655542371195,2.264338609870105,14.68511662850481,55.829370879526934,0,2026-10-06 01:36:15
2026-10-05 17:59:00,CNC-01,L,299.85004108605534,313.9742958516262,1975.742062980563,33.80416260104839,166.51513203304626,3.122987333840475,12.37263590690875,54.356774642685245,0,2026-10-06 01:36:15
2026-10-05 10:57:00,CNC-03,H,296.0354206516418,311.1383257586209,1544.759198592538,48.826450669574186,232.39277486231165,2.9315223629297638,14.117639358797181,58.04374696300146,0,2026-10-06 01:36:15
2026-10-05 19:13:00,CNC-03,H,26.842328234016065,41.40338773178479,2268.2021925498643,30.56453939313888,201.59504004594055,3.4931251050571146,13.168178820919735,50.24628658821614,0,2026-10-06 01:36:15
2026-10-05 17:39:00,CNC-03,H,299.8667711473032,313.87019969520884,1828.6619362194074,37.84564294949385,79.15385093073697,2.502335820638374,12.872746061414125,53.9083965973283,0,2026-10-06 01:36:15
2026-10-05 14:53:00,CNC-01,L,298.7927479479472,313.2314787076909,1412.0867786240149,52.23468912133149,125.65713727622573,2.2456762059643123,13.800070679121724,51.688304823020545,0,2026-10-06 01:36:15
2026-10-05 17:04:00,CNC-01,L,300.0370590520406,314.2814186015523,1691.5544165932477,40.21074082141115,91.39854997587486,2.5112765554295997,12.58173398859828,50.92138388613281,0,2026-10-06 01:36:15
2026-10-05 13:12:00,CNC-02,M,297.23774454370243,311.7119679403443,1413.700932614476,50.8732327443975,82.32897824429529,2.0566871351921203,13.602094909614971,54.939022956984594,0,2026-10-06 01:36:15
2026-10-05 23:48:00,CNC-03,H,26.18769352747256,40.17773667075244,2823.499506635452,,264.78678416315597,4.551096463118677,11.635109574572262,50.372990945708246,0,2026-10-06 01:36:15
2026-10-05 11:20:00,CNC-03,H,301.67649190486696,310.7152851700906,1391.5088222027239,54.32743384202858,268.9896832986474,3.3192084110165636,14.094547887841072,51.90875966579998,1,2026-10-06 01:36:15
2026-10-05 22:10:00,CNC-02,M,298.5016000192275,311.5272871245033,2751.7005381865556,17.018418996777143,141.35560423743834,3.5078908418204717,9.005563092289309,53.23803560299689,0,2026-10-06 01:36:15
2026-10-05 19:47:00,CNC-02,M,298.98041723525614,312.89575170582134,2300.2310590254315,25.20006356609297,185.55753516056728,3.4461313751900358,10.917057896039541,57.73215071817169,0,2026-10-06 01:36:15
2026-10-05 20:56:00,CNC-03,H,299.976715399761,312.8592484350447,2657.364228246161,20.15556271573414,77.15401921266528,3.2949532945486637,9.990201155881222,45.85640956312503,0,2026-10-06 01:36:15
2026-10-05 13:19:00,CNC-01,L,298.68991736843253,313.1086062779794,1448.9937502431287,48.978571576330424,169.5109525726791,2.5511864376597226,13.306615721258146,55.961336142044715,0,2026-10-06 01:36:15
2026-10-05 14:50:00,CNC-01,L,299.2642328171551,313.5591637102432,1570.621996698317,45.33998786103105,121.00936142023903,2.450499465114055,13.579807228299588,54.139626651198405,0,2026-10-06 01:36:15
2026-10-05 18:19:00,CNC-02,M,31.614285133296846,40.02316893417259,2058.5242149879255,33.86576229566019,74.98996220091338,2.7044444153430303,12.812532143677846,36.93756510990786,0,2026-10-06 01:36:15
2026-10-05 23:05:00,CNC-03,H,299.58646932234535,312.84303349256766,2716.3601891215153,18.951266098210866,219.04447633205706,3.8545933342454135,9.582783804553154,50.35534789378466,0,2026-10-06 01:36:15
2026-10-05 19:34:00,CNC-01,L,300.2924389592027,313.4393576697164,2298.5816951662136,24.668601284813356,94.78474510610519,2.82515444907927,10.396538715720428,47.97005675883602,0,2026-10-06 01:36:15
2026-10-05 14:18:00,CNC-03,H,297.9472374406073,311.4369587892829,1405.1170434210494,,34.3173903673537,2.093111875628276,11.830751786983923,58.00514437006422,0,2026-10-06 01:36:15
2026-10-05 02:28:00,CNC-02,M,297.6561026128597,310.2217116500761,2541.823989938456,18.53351938603758,100.23819529811905,3.1977061254520343,8.803073925236303,59.06150813529467,0,2026-10-06 01:36:15
2026-10-05 01:52:00,CNC-01,L,297.8936908943314,310.0661329925696,2631.4821286699103,17.45761675983484,56.16522676446128,3.210000335558436,8.576507336392947,51.03907762078319,0,2026-10-06 01:36:15
2026-10-05 10:07:00,CNC-03,H,295.61432069839066,310.06117282364175,1395.7859406032148,50.5725912116634,153.7485828902424,2.396313786129993,13.063818408623733,57.4217818827969,0,2026-10-06 01:36:15
2026-10-05 14:30:00,CNC-02,M,297.7463534222312,312.7348153855139,1755.2397476107328,42.904739619412496,204.54743600948524,90.43998610215118,14.121136893241303,57.49994253177908,0,2026-10-06 01:36:15
2026-10-06 01:17:00,CNC-03,H,298.3614307910945,310.8249318659584,2559.952653402312,17.41613625184256,91.63340398357842,3.1815870982446683,8.452778654532057,53.237969645389605,0,2026-10-06 01:36:15
2026-10-05 09:34:00,CNC-01,L,296.5140953835694,310.4183260271119,1364.095588812346,53.05439285530987,32.54369512142789,2.0255971986686454,13.33864472872859,58.73869851079456,0,2026-10-06 01:36:15
2026-10-05 10:59:00,CNC-02,M,295.99931285664684,309.9789319402492,1445.228985208924,47.20140377155407,86.93488486099132,2.13107449099734,12.950572738756167,55.433867060079145,0,2026-10-06 01:36:15
2026-10-05 08:03:00,CNC-01,L,296.2919593016032,310.96828853651294,1662.6530689510635,45.47217050674559,101.57345008291284,2.457562205619421,14.065921311667644,52.03637481841562,0,2026-10-06 01:36:15
2026-10-05 15:06:00,CNC-01,L,299.01807820695905,313.46730543694514,1595.9430691515201,45.85375818448889,145.46471515607533,2.4710250126213404,13.365899727443818,48.51835453996388,0,2026-10-06 01:36:15
2026-10-05 18:20:00,CNC-02,M,31.36632651365153,40.05214938407016,2029.3402680835943,35.59595345300452,76.31938767361808,2.720561905721093,13.717957173300189,44.00460921507719,0,2026-10-06 01:36:15
2026-10-05 11:55:00,CNC-02,M,296.4415964896317,311.76578341088214,1382.824596874576,57.431037511261934,176.00452171279372,2.583089357475396,15.063355239691656,59.99008188536755,0,2026-10-06 01:36:15
2026-10-05 13:35:00,CNC-01,L,298.5103382871495,311.84733770378097,1413.1000342450159,46.25152435384837,4.7065179621999,2.022713621176383,12.182042461802812,54.12839171562251,0,2026-10-06 01:36:15
2026-10-05 15:26:00,CNC-03,H,299.1218252491556,313.0236591872557,1463.0642930103152,45.60453733483535,138.17513401979673,23.273984815410873,12.274091761746053,55.78498942862183,0,2026-10-06 01:36:15
2026-10-05 04:10:00,CNC-03,H,296.4307875792769,310.27945697678825,2286.268855394532,26.22527673677148,186.89775635279943,3.3195275105286153,11.156665487366526,57.45024079743088,0,2026-10-06 01:36:15
2026-10-05 02:33:00,CNC-01,L,297.3636627337685,310.46176330630703,2752.3360653804766,20.56719666293698,101.66327351284093,3.293192511012288,10.84721869035387,55.38927527919396,0,2026-10-06 01:36:15
2026-10-05 09:47:00,CNC-02,M,295.68634463253835,310.6681746252465,1540.933281066606,48.4116979790055,230.8112103902498,3.211796890976219,14.179890244240374,57.346105031232355,0,2026-10-06 01:36:15
2026-10-05 09:04:00,CNC-02,M,295.76555706606445,311.1725725672606,1626.7342302610407,50.30643551004747,164.88532838625227,2.5505707509831863,15.108111158535687,56.18270144478605,0,2026-10-06 01:36:15
2026-10-05 18:35:00,CNC-01,L,26.97558671379869,39.908105884208226,2111.135125559315,28.49435568900467,20.920298158630125,2.67791555005148,11.076751176917492,52.49659293147302,0,2026-10-06 01:36:15
2026-10-05 15:50:00,CNC-02,M,298.2785020167814,313.26259829090503,1663.4555588246762,46.08955281161053,111.32229297173879,2.374197194601909,14.55850731676233,52.91047947383326,0,2026-10-06 01:36:15
2026-10-05 09:38:00,CNC-03,H,295.51233076972915,310.09275488406087,1469.7815946519636,50.37753062559463,108.18485774391443,2.2531832364827693,13.666710756851156,57.47797062373375,0,2026-10-06 01:36:15
2026-10-06 01:03:00,CNC-01,L,298.83633245390087,310.4973301772139,2802.1797052344864,14.63129287248604,37.26496829039771,3.27052215504359,7.78334507689501,54.71401766394816,0,2026-10-06 01:36:15
2026-10-05 10:41:00,CNC-01,L,296.76516002949245,310.9771239994221,1373.3966765363382,49.678784836610696,137.4364561211869,2.303143327507395,12.627232821586963,58.296777576382674,0,2026-10-06 01:36:15
2026-10-05 15:30:00,CNC-03,H,299.0820014062487,313.35533572864887,1538.826096071826,46.648535123867916,144.25305729649398,2.4146443938987243,13.324968100505547,53.701440646698195,0,2026-10-06 01:36:15
2026-10-05 13:40:00,CNC-03,H,297.8745070753977,312.8114536458357,1453.2857130714194,53.23092507527123,216.72371267014987,2.8175234266928757,14.554531216464255,59.45135812009019,0,2026-10-06 01:36:15
2026-10-05 23:53:00,CNC-03,H,26.183564645322292,37.88450800494951,2612.053865881696,16.39049768768579,2.1463659655915497,3.1411610558209646,8.085295446130297,53.352680984425234,0,2026-10-06 01:36:15
2026-10-05 12:47:00,CNC-01,L,297.79616378831605,312.6511168181542,1408.9156874427965,54.46967448145716,118.93154244264903,2.126189988469,14.678909157935037,52.41528643082681,0,2026-10-06 01:36:15
2026-10-05 17:55:00,CNC-01,L,299.79043052878956,313.5298772936921,,33.6674830886237,161.1975335691538,2.9994987009886223,12.25151450197722,48.9388677523778,0,2026-10-06 01:36:15
2026-10-05 16:30:00,CNC-02,M,298.75220904989266,313.49835472921126,1565.994656670503,44.98349439903629,5654.775006063908,2.5863805671302833,13.144036682012812,52.65280440910288,0,2026-10-06 01:36:15
2026-10-05 10:32:04,CNC-02,M,295.93927953233543,310.07011007604945,1365.060574794187,50.714800833939464,44.2681528423286,1.9648502769424963,13.015508245081863,58.506108814636384,0,2026-10-06 01:36:15
2026-10-05 05:28:00,CNC-03,H,295.7356315975578,309.20814075447646,2038.2716662072442,32.69071373380166,12.789106458174626,2.555000048940403,12.553481591089103,60.98577804720054,0,2026-10-06 01:36:15
2026-10-05 14:07:00,CNC-03,H,298.0098076443893,312.16607223943396,1701.6834629848165,42.43179830982629,17.090840070459507,2.3280079948889325,13.328639117465464,55.87533500105151,0,2026-10-06 01:36:15
2026-10-05 02:30:00,CNC-02,M,297.575930509877,310.96409766117426,2432.8921491225165,24.45463730915991,102.50768424331093,2.8589517772455686,11.305684265747656,55.633734631948535,0,2026-10-06 01:36:15
2026-10-05 20:39:00,CNC-02,M,298.80445154863406,311.6977789302353,2354.7614759657736,22.56659834572497,39.438869892313186,3.0572560765401198,10.189328256037445,55.8556379757828,0,2026-10-06 01:36:15
2026-10-05 04:18:00,CNC-03,H,296.40795484093456,310.20262461973977,2385.0937467064277,24.00372147110439,196.70339874821167,3.3859558688701683,10.786068787021293,57.62982064233356,0,2026-10-06 01:36:15
2026-10-05 01:46:00,CNC-01,L,297.92006129814627,309.40272716304685,2620.2141429184917,14.668475714493988,49.621102645082004,3.2351169099849275,7.246897247969399,55.864638496307165,0,2026-10-06 01:36:15
2026-10-05 14:36:00,CNC-03,H,298.54835055913054,312.70868468517693,1544.9681162645554,46.3842892488913,62.238491791296504,2.194850381637995,13.550384365316159,54.69706727360157,0,2026-10-06 01:36:15
2026-10-05 06:06:00,CNC-03,H,295.550776847275,309.2975545373857,1998.6850348516648,32.948516779278755,62.95310707575091,2.5818660025063385,12.409761340272578,62.10265510338377,0,2026-10-06 01:36:15
2026-10-05 06:12:00,CNC-02,M,295.6522540745081,310.358051094768,1854.7318378231985,40.65940887490047,140.73449256801695,2.6290297524158923,14.398213599843803,56.53672730679509,0,2026-10-06 01:36:15
2026-10-05 20:46:00,CNC-02,M,298.7639729752753,311.75871973121053,2406.3238178524607,22.478035858930017,47.512328822439585,3.0481597808528855,10.077639222575389,53.01186717893224,0,2026-10-06 01:36:15
2026-10-05 20:53:00,CNC-03,H,300.3748648268766,312.9155150667138,2495.9237772799747,20.353050063160534,73.74821970876805,3.093748208562767,9.74676931978998,51.82916180030566,0,2026-10-06 01:36:15
2026-10-06 00:04:00,CNC-02,M,24.756338701554796,35.69573977765276,2791.051984824215,10.651954354896334,38.17878515127097,3.3529808688828244,5.28719784511383,60.09602297018483,1,2026-10-06 01:36:15
2026-10-06 00:12:00,CNC-01,L,26.37291936831275,39.5902953182254,2751.9618579410617,18.823942908972974,195.95559989871842,4.054676183099965,9.861712471545154,53.30014090932547,0,2026-10-06 01:36:15
2026-10-05 18:52:00,CNC-03,H,26.910434809885146,41.78252441664591,2181.146334410097,34.99965793792639,174.82116373124043,3.075178358398781,14.216702134681336,51.436709625529296,0,2026-10-06 01:36:15
2026-10-05 14:50:00,CNC-02,M,297.94218174672704,312.42864073466745,1589.6684367048742,47.41805081375067,21.430876888248427,2.203859849837279,14.257038854152912,55.051184797624316,0,2026-10-06 01:36:15
2026-10-05 13:32:00,CNC-01,L,298.54050558197383,312.2570756212416,1392.890204658533,49.50369994351671,0.0,2.162037413267348,12.653355685293006,51.3957367073052,0,2026-10-06 01:36:15
2026-10-05 04:04:00,CNC-03,H,296.44862341484156,310.30637241004973,2372.6240092803914,26.104280842124812,179.65602344544263,3.2824722075144344,11.459179243270153,55.89899240671224,0,2026-10-06 01:36:15
2026-10-05 07:10:00,CNC-02,M,295.7807227673725,310.722438280171,1954.7595911760172,37.893004523557934,220.58534681913906,3.4058650128396293,14.02085987634583,57.261474261265185,0,2026-10-06 01:36:15
2026-10-06 01:03:00,CNC-02,M,297.41253862504294,310.0216897245726,2684.3895770740037,15.809103729114604,100.84870622443728,3.3981037344688882,7.855253676256413,56.77534440435775,0,2026-10-06 01:36:15
2026-10-05 13:16:00,CNC-01,L,298.44425609351674,313.0182521934092,1436.1739367618945,49.71314732257671,164.79092255190594,2.6047753692444133,13.281421712266189,55.85043807500598,0,2026-10-06 01:36:15
2026-10-05 15:19:00,CNC-02,M,298.0529359484448,312.7223500182121,1638.4651959264208,47.62190499938514,65.33655073048736,2.3576584131310336,14.487147835682846,57.23106570553413,0,2026-10-06 01:36:15
2026-10-06 00:07:31,CNC-02,M,24.759756334075576,36.40875199458003,2719.8411509797547,13.367728576687211,43.46231480013272,3.170321993040132,6.908096838497361,55.83741242883776,0,2026-10-06 01:36:15
2026-10-05 10:06:00,CNC-01,L,296.80940789533383,311.43946083324835,1449.1642922047058,51.05616926165276,82.36975979028489,2.17372745940511,13.955185509186634,59.86466803370632,0,2026-10-06 01:36:15
2026-10-05 09:08:00,CNC-01,L,296.63390573982025,311.50985805480946,1671.922985404011,46.58209379220366,199.0456284331509,3.1325274811398938,14.490250579367586,60.496499173123674,0,2026-10-06 01:36:15
2026-10-05 08:05:00,CNC-01,L,296.4327768954806,310.4586297389137,1553.7077377119888,42.67061097658037,104.5702739663998,2.3031525206094994,12.496164204899149,58.14792899193174,0,2026-10-06 01:36:15
2026-10-05 03:25:00,CNC-02,M,297.2577248796298,310.5097280300735,2498.77524035976,22.52807288311407,165.2614509042114,3.428803705233781,10.318147459323832,58.141382852297404,0,2026-10-06 01:36:15
2026-10-05 02:56:00,CNC-01,L,297.47002175632423,310.8560103687188,2512.424474363353,23.16577065263314,127.52750070025402,3.321628347644963,10.74128044422284,54.45216180711544,0,2026-10-06 01:36:15
2026-10-05 05:22:00,CNC-01,L,302.2582107113198,309.7788964401132,2104.629564133757,28.95068485184167,107.7124394537792,2.7666259682601093,11.518164074291843,52.576935869367915,0,2026-10-06 01:36:15
2026-10-05 19:36:00,CNC-03,H,300.1499452519347,314.8607059340242,2214.2439228286516,31.696411898520267,230.00798852303058,3.636654865345508,13.251211524906918,47.41798838170068,0,2026-10-06 01:36:15
2026-10-05 16:55:00,CNC-02,M,299.084609693775,314.64781531865964,1794.761255812771,44.4715912906686,204.75981549379657,3.0662448116197725,14.887627684487896,55.67803702552503,0,2026-10-06 01:36:15
2026-10-05 03:53:00,CNC-02,M,296.95122673774233,310.95856444403785,2381.3698314495477,27.304677407708677,198.2875311706658,3.492980608347453,12.31905709388145,57.32043964783048,0,2026-10-06 01:36:15
2026-10-05 19:25:00,CNC-01,L,300.64711884288766,314.34176773070783,2317.8841324048562,27.48957666731446,83.67643915255289,2.9770560445074548,11.909073077165617,51.6047438189808,0,2026-10-06 01:36:15
2026-10-05 08:09:00,CNC-02,M,295.81663200622006,309.8701813718065,1735.5089095858848,38.77798219170667,82.42738423244249,2.3710691868045988,12.696514572953872,56.40197886518872,0,2026-10-06 01:36:15
2026-10-05 09:43:00,CNC-03,H,295.48440456488214,310.1743393815375,1587.0371874598463,48.152997059518256,115.89533627781005,2.2902520744979764,14.303893860301967,,0,2026-10-06 01:36:15
2026-10-05 10:05:00,CNC-01,L,296.82321793887223,311.21567096606856,1470.3675463748496,50.21235034469419,80.7697597902849,2.166775240204942,13.963632553387137,60.37284317595106,0,2026-10-06 01:36:15
2026-10-06 01:09:00,CNC-02,M,297.44208185186017,310.05016772831306,2633.1833723722034,17.33301779858526,107.24565164173681,3.2218619958329753,8.466853405348374,57.12410828772326,0,2026-10-06 01:36:15
2026-10-05 20:17:00,CNC-03,H,300.0676182258388,312.8946730094988,2432.652865520945,22.57782659364694,32.08142105873734,3.1033814387944254,10.3014998399311,51.583944048701575,0,2026-10-06 01:36:15
2026-10-05 04:57:00,CNC-01,L,302.0789405433151,309.70415736611477,2080.2843669769773,32.04824190666521,75.7927714410531,2.6710865990235972,12.330608067042007,45.393839030809986,0,2026-10-06 01:36:15
2026-10-05 16:31:00,CNC-02,M,298.5821172436391,313.7145312536955,1869.6101850327127,40.54271396578119,170.8890616115519,2.902949017162917,14.24463451834221,53.789559659641824,0,2026-10-06 01:36:15
2026-10-05 18:51:00,CNC-03,H,26.909477381115437,41.55593706978658,2137.5186565164404,34.43539127271096,173.5389468804537,3.109093880871564,13.767100594279013,45.17258360399345,0,2026-10-06 01:36:15
2026-10-05 17:27:00,CNC-03,H,300.1264098986473,314.207395021895,1778.0690099743538,39.527536293064884,62.773784674700885,2.333727110335084,13.172756408495824,51.55693539146632,0,2026-10-06 01:36:15
2026-10-05 08:47:00,CNC-01,L,296.4416791165025,311.29800736780857,1622.1171580040655,45.94669296803767,167.21486722171716,,13.867010931494313,61.330567821862644,0,2026-10-06 01:36:15
2026-10-05 07:17:00,CNC-02,M,295.90753689677354,309.7782833559439,1756.742261778772,39.57528239546107,7.02884538932346,2.371222795116932,13.186875942460285,62.01863391360883,0,2026-10-06 01:36:15
2026-10-05 08:03:00,CNC-02,M,296.3348536035615,310.0687990086966,1705.9204269347795,39.67448610515656,73.62082337263527,2.3006946772970536,12.755784245386765,56.008062752158544,0,2026-10-06 01:36:15
2026-10-05 16:06:00,CNC-03,H,299.25143679053326,313.9381835979741,1642.632024406069,43.54424170940689,197.76282496107024,2.7178586718523783,13.45264045857911,46.345088136355535,0,2026-10-06 01:36:15
2026-10-05 17:25:00,CNC-01,L,300.0659757647613,314.58783267015485,1941.2172891751127,37.23975943302202,120.54018347707292,2.6333121369421826,13.470133424940121,51.86646044887548,0,2026-10-06 01:36:15
2026-10-05 09:24:00,CNC-01,L,296.2730140103336,309.74962134586104,1411.384233088762,45.51004850229833,17.04236433554504,1.9614574806496923,12.141351797315705,60.64668376824456,0,2026-10-06 01:36:15
2026-10-05 16:19:00,CNC-03,H,299.3045434610702,314.28338251178553,1805.537971704125,41.41894098870713,216.5583190394433,3.0623572209608243,14.295889114958698,50.965290444596285,0,2026-10-06 01:36:15
2026-10-05 02:58:00,CNC-03,H,297.7086220961334,310.85292595695057,2429.8049658009104,22.715210237292435,102.1289461342852,3.048890073419299,10.444509057893313,57.7899167900022,0,2026-10-06 01:36:15
2026-10-05 08:41:00,CNC-01,L,296.49117532113513,311.01947798257555,1568.110260356785,47.147177751269155,158.10728842650525,2.575677169289082,13.800451951490526,59.69934695318378,0,2026-10-06 01:36:15
2026-10-05 11:17:00,CNC-02,M,296.03954842280217,310.601915972743,1354.1884853582546,54.43681452337218,115.53956812830529,2.1924343745778416,13.75334116029797,61.6414269954455,0,2026-10-06 01:36:15
2026-10-05 08:44:00,CNC-01,L,296.3448218648389,311.66504033954544,1559.8559216964009,51.59769668181543,162.65599363632577,2.5895199322266342,14.820113251476602,58.364643183901606,0,2026-10-06 01:36:15
2026-10-05 05:19:00,CNC-03,H,296.0102582677362,309.3288539469188,2202.6862231545533,28.852615219570048,1.2715951911535517,2.7900704930684923,12.017725801193253,60.32413547680292,0,2026-10-06 01:36:15
2026-10-05 05:58:00,CNC-02,M,295.90952906753404,310.067776726813,2088.6474830484135,32.867203343239275,121.95379111864744,2.825307997906872,12.618005296859657,53.45337958472022,0,2026-10-06 01:36:15
2026-10-05 19:36:00,CNC-01,L,300.40658541485357,313.7020569028158,2257.3749082094682,25.605068929862817,97.20341858411615,2.894688730459223,,51.75311634921774,0,2026-10-06 01:36:15
2026-10-05 20:19:00,CNC-01,L,300.68694442822465,314.40589171906424,2417.1475879985915,25.79803188048636,148.99689189183127,32.39322952035865,11.807616579176852,51.13758256720019,0,2026-10-06 01:36:15
2026-10-05 12:43:00,CNC-02,M,296.83230185956035,311.348345788754,1407.3181747414299,53.12556752344939,36.38845393244317,2.022431677876435,14.242796802091496,53.245020046292204,0,2026-10-06 01:36:15
2026-10-05 13:28:00,CNC-02,M,297.09408903768576,311.41981456574894,1326.9267219703645,52.17796369132683,107.60293206712493,2.1059139901453983,12.745777843063898,54.53953515236719,0,2026-10-06 01:36:15
2026-10-05 16:20:00,CNC-03,H,299.2793948214732,315.02222136748014,1767.6655255640007,47.57801954580006,218.03066153248128,3.0773708131821684,15.623648636398448,58.899469082282714,0,2026-10-06 01:36:15
2026-10-05 22:55:00,CNC-03,H,299.8142265426703,312.0937707791824,2759.3616543154803,14.395352249210553,208.34879889740964,3.9273830556677343,7.351205168120333,51.83397906821,0,2026-10-06 01:36:15
2026-10-05 11:39:00,CNC-01,L,297.3456665328068,310.9737925880807,1401.1041677688431,48.53427376311401,11.147837767203608,1.9963137766976697,12.841736518733368,51.99494025175058,0,2026-10-06 01:36:15
2026-10-05 03:54:00,CNC-01,L,297.200945342666,311.28351757913344,2449.6567490321286,26.420199676069206,194.8096365101993,36.42245085841748,,55.72832882531395,0,2026-10-06 01:36:15
2026-10-05 07:00:00,CNC-01,L,296.20007335029675,309.6088905678456,1839.0686305152547,35.45351269621472,11.083826545812823,2.4453138538003256,12.15751245227564,2257.391314729641,0,2026-10-06 01:36:15
2026-10-05 01:51:00,CNC-01,L,298.29626655815406,310.83700771476816,2597.3141385353933,18.76298281602477,55.079537103700495,3.092650366881785,9.05367619660938,54.52577063040872,0,2026-10-06 01:36:15
2026-10-05 06:24:00,CNC-02,M,296.0305245668217,310.79646445155214,2075.1744569801212,36.18151933565284,156.78897953198467,2.897838348126218,13.947900635634978,52.956830544718976,0,2026-10-06 01:36:15
2026-10-05 02:37:00,CNC-02,M,297.6139529174432,310.48783762866236,2473.1678996283576,21.4510031557947,110.48505921905014,3.1169478109913356,9.959790602307601,55.19605421651149,0,2026-10-06 01:36:15
2026-10-05 09:47:00,CNC-03,H,295.71269815358386,309.5576614857012,1311.8030747863252,50.238440138373676,122.24803597568189,1.958832720853453,12.286349061509739,59.07524554166199,0,2026-10-06 01:36:15
2026-10-05 14:09:00,CNC-01,L,298.7232751466603,312.53439090725163,1419.2976498387893,47.719795987251885,57.83261802399684,2.068205368523695,12.576558630384381,52.45463849324623,0,2026-10-06 01:36:15
2026-10-05 20:35:00,CNC-03,H,300.08928283606446,312.0005041917283,2581.6953197641374,16.941655614043437,52.98593957034194,3.165648899568101,7.996648186773808,46.062073013635725,0,2026-10-06 01:36:15
2026-10-05 13:05:00,CNC-02,M,297.48292302545997,311.7705435251911,1329.8131470093479,,71.27218696921516,2.0548301291646833,13.530902466795721,55.50363342252406,0,2026-10-06 01:36:15
2026-10-05 04:23:00,CNC-03,H,296.31254243408733,310.8745700046232,2459.3582123213773,27.99089883289329,202.68120646272706,3.6193310576310456,12.749128019154591,55.47359562389061,0,2026-10-06 01:36:15
2026-10-05 17:13:45,CNC-03,H,299.6923009114567,313.2177201020504,1884.6172633145811,33.639828588142976,46.32197874982618,2.4727882831339216,11.90970066509342,55.43911738462357,0,2026-10-06 01:36:15
2026-10-05 17:45:14,CNC-02,M,,312.5822017225782,2084.3437685698705,32.71220399465388,28.606942598340492,2.7377946629161207,13.009875662157336,43.52798482396879,0,2026-10-06 01:36:15
2026-10-05 13:09:00,CNC-02,M,297.2614483671377,311.42390973462284,1503.4388528527613,47.44221893998117,77.53619386788064,22.250114987195854,13.269033370065541,55.67845071427919,0,2026-10-06 01:36:15
2026-10-05 13:53:00,CNC-01,L,298.4456447464413,312.0733043699289,1410.2554139328288,46.868050979801964,33.017627827156275,2.1015558023879444,12.41476706474332,53.43528554595536,0,2026-10-06 01:36:15
2026-10-05 01:44:00,CNC-02,M,298.25509918919556,310.3576809946968,2585.9015097348406,18.554640541949734,52.06977369910519,3.0358205804685987,8.925196959328561,56.59927780945559,0,2026-10-06 01:36:15
2026-10-05 15:44:00,CNC-03,H,,313.85154971318946,1720.0011450946856,44.396457627519716,165.2898748152148,2.6450631215676315,14.332495400138301,52.853698873869725,0,2026-10-06 01:36:15
2026-10-05 14:13:00,CNC-01,L,298.55516293325246,312.81173981492975,1475.9364340481982,50.34979709794106,64.11191732159125,2.1199868203851167,14.042944002647987,55.84532364599103,0,2026-10-06 01:36:15
2026-10-05 10:12:00,CNC-02,M,295.60242610563853,309.5761595590084,1420.5095685881934,49.60384242595499,12.613628292100296,2.14407612986722,13.040220700916366,61.99288164782108,0,2026-10-06 01:36:15
2026-10-05 13:29:00,CNC-02,M,297.3128320318352,311.87876780270847,1416.2872094810095,49.78120741528944,109.18477215073764,2.163649178496481,12.974770256351107,59.50807759902742,0,2026-10-06 01:36:15
2026-10-05 19:47:03,CNC-01,L,3572.2067779426134,314.40342237481127,2299.929506456609,29.30330910509698,111.93099474234086,2.9831586325774775,12.76767737636627,49.043031285900575,0,2026-10-06 01:36:15
2026-10-05 12:42:00,CNC-02,M,296.9350568801148,311.11777951133803,1396.185462437606,51.745437818844735,34.78845393244317,2.0140988436223446,13.641555942467965,52.55946275185359,0,2026-10-06 01:36:15
2026-10-05 13:51:00,CNC-02,M,297.51757927260167,312.22498601364094,1362.8363680496218,53.9952442169305,143.7276737691185,2.242094266741179,13.819276793906242,55.31994593863725,0,2026-10-06 01:36:15
2026-10-05 02:07:00,CNC-03,H,298.3335873125815,310.4467301569037,2657.727714407694,17.4524033441986,45.121218990406526,3.2325207263928415,8.854203337199479,57.89490387400088,0,2026-10-06 01:36:15
2026-10-05 16:49:00,CNC-01,L,299.9537139858359,313.8198574108945,1862.3074201792633,36.74517942940205,70.25299300765496,2.611017918629399,12.713317050138455,51.78008374058889,0,2026-10-06 01:36:15
2026-10-06 00:09:00,CNC-01,L,26.207904030097325,38.96689929958319,2552.204776766924,17.802330926219543,192.8001366535906,3.7781336887901986,8.384146135182474,55.24348449386281,0,2026-10-06 01:36:15
2026-10-05 15:24:00,CNC-03,H,298.85659934316476,313.991676038593,1618.1018875511968,48.720189301800154,135.1402241099584,2.3755193793358367,14.519018332967493,54.79510108636581,0,2026-10-06 01:36:15
2026-10-05 20:47:00,CNC-02,M,299.0161860543268,311.3197611260333,2555.7725960589523,17.498673807008778,48.65645531481626,3.215359939180339,8.291008503559011,53.53849612754739,0,2026-10-06 01:36:15
2026-10-05 03:55:00,CNC-03,H,296.77263435106033,310.5094184946975,2402.667053387138,25.743238713710923,168.82081626985692,3.338893816902318,11.738577761164832,57.24819858746746,0,2026-10-06 01:36:15
2026-10-05 18:29:00,CNC-03,H,26.731132276687504,41.217132383320404,2068.5507325060844,33.697764545988136,145.17351832911473,2.8497872541445592,13.324398233218236,49.865104156079006,0,2026-10-06 01:36:15
2026-10-05 17:21:00,CNC-01,L,300.1949673197396,314.2877103481092,1883.948445089713,36.64891984369272,115.01936766064891,2.6118013741138633,12.90142568091831,53.65892536897073,0,2026-10-06 01:36:15
2026-10-05 02:41:32,CNC-02,M,297.53590931391403,310.64996891092443,2382.744136243491,23.80075512139998,115.05474582596135,2.9876240824820877,10.80905979252768,54.92626069383806,0,2026-10-06 01:36:15
2026-10-05 14:20:00,CNC-01,L,298.799080314645,312.7383327189624,1458.0776572382122,48.30084792595073,74.85356326268322,2.0544847962161863,12.806343010972485,54.640012496913805,0,2026-10-06 01:36:15
2026-10-05 08:43:00,CNC-02,M,296.1018694909035,311.0528588383999,1622.7656719114295,48.19793991644185,133.03005753871014,2.4733326272711196,14.691593735998966,64.35417486178238,0,2026-10-06 01:36:15
2026-10-05 19:30:00,CNC-02,M,299.24799202672637,313.35616007890474,2295.1207055800583,26.857988307878106,164.91688384971613,3.165713825107122,11.56667171665827,47.14132427210087,0,2026-10-06 01:36:15
2026-10-05 21:58:00,CNC-03,H,300.0379954153446,313.58088127711625,2448.8249108434657,24.78742184545863,146.56014013826285,3.1217948827469626,11.552162513290764,51.84068414995542,0,2026-10-06 01:36:15
2026-10-05 12:07:00,CNC-03,H,302.22394691009396,310.31346877940706,1392.7873681741592,48.98444517012667,69.75678116106337,1.9070467328634089,12.875782443333412,49.0669475535706,0,2026-10-06 01:36:15
2026-10-05 08:38:00,CNC-01,L,296.55712922614515,311.253304249244,1502.0314159967002,48.50482615373061,153.6271009605357,2.4877263815248902,13.64983592339386,59.11165523553638,0,2026-10-06 01:36:15
2026-10-05 18:13:32,CNC-01,L,26.94816359321908,41.05531713480315,2061.815731248107,32.2026267805523,187.54958856954806,3.3152551130176655,12.65390400654473,51.19021102278932,0,2026-10-06 01:36:15
2026-10-05 20:16:00,CNC-02,M,298.868480388364,311.1650990941664,2547.5206474781226,17.401031463300296,12.724735597636482,3.0690701175341206,8.254016496189342,54.03970464886948,0,2026-10-06 01:36:15
2026-10-05 10:27:00,CNC-02,M,295.974259360656,310.0277175375346,1408.6963146863043,50.056624717544935,36.45180050410997,1.874329121987876,318.432793016591,57.28178048844485,0,2026-10-06 01:36:15
2026-10-05 12:55:00,CNC-02,M,297.0463433418912,310.72547480032017,1407.8869842168215,46.758382660053904,55.35691765286355,2.034251023895646,12.331287917016043,56.46085175835166,0,2026-10-06 01:36:15
2026-10-05 18:51:00,CNC-02,M,31.508107867529645,39.90987010148831,2251.742463244591,30.4343873069839,116.30398382395511,,12.755135844731555,43.22923276338763,0,2026-10-06 01:36:15
2026-10-05 20:54:00,CNC-01,L,300.25987192627326,314.2111038838588,2464.736594278451,24.731084256582328,189.39703243391648,3.584940474663604,11.395273117519631,52.44262232757361,0,2026-10-06 01:36:15
2026-10-05 02:32:00,CNC-03,H,297.4604600218176,310.0073363311622,2485.6063357027256,20.102373927096924,72.85260431030169,3.03871387927349,9.514595005553895,58.837505491349404,0,2026-10-06 01:36:15
2026-10-05 11:18:00,CNC-01,L,297.4245187395244,311.88558658441025,1352.8905462325702,53.767253532390654,196.22197559571728,2.7649744729581758,13.74534576901823,56.512683836667556,0,2026-10-06 01:36:15
2026-10-06 00:18:00,CNC-01,L,26.241309827192765,39.90514721681262,2694.6384974777166,22.237520627164656,202.30540431148557,4.118169631290471,11.266070052501401,50.50473150691938,0,2026-10-06 01:36:15
2026-10-05 17:19:00,CNC-01,L,299.94377505522095,314.1178925797848,1926.644381876056,35.963156955021276,112.25333990840055,2.713434816327999,12.920911905460585,54.382515209474484,0,2026-10-06 01:36:15
2026-10-05 13:59:00,CNC-01,L,298.41870035682615,312.338528221255,1360.7337711911578,51.72176603022173,42.34736405224227,2.015834999726021,13.438473107461718,53.50437320511443,0,2026-10-06 01:36:15
2026-10-05 17:53:00,CNC-03,H,299.9210000855241,314.03758119172113,2016.6433084717712,34.03288351092213,98.03765048709727,2.7496556595129134,12.875234707822793,52.50280979153134,0,2026-10-06 01:36:15
2026-10-05 09:48:00,CNC-02,M,295.79119229977675,311.1290438832728,1523.0395936375842,51.04163329573315,232.34998672659512,3.1005596512242666,14.787503025668856,54.95383359787247,0,2026-10-06 01:36:15
2026-10-05 09:32:00,CNC-01,L,296.6731441311366,310.7706903876586,1534.1812696932948,49.04950541465956,29.401375229508297,2.164576418401933,14.092187820434354,57.661774342068576,0,2026-10-06 01:36:15
2026-10-05 19:59:00,CNC-03,H,300.5112032322555,312.39454017678776,2481.232956126888,,10.783612435086798,2.984548916479886,8.26513534447237,48.822366431946676,0,2026-10-06 01:36:15
2026-10-05 12:56:00,CNC-02,M,296.96635096803203,310.82306560193314,1259.6761232588442,52.35777891326865,56.95691765286355,1.8586315955822215,12.342863558049697,57.6965661436684,0,2026-10-06 01:36:15
2026-10-05 10:49:00,CNC-03,H,296.0707155385285,310.86118559511834,1393.8540730005948,52.33907863160505,219.79375981769851,2.755344798969483,13.578687158700932,58.929465143361945,0,2026-10-06 01:36:15
2026-10-05 22:00:00,CNC-03,H,299.87408066593594,312.48129763596086,2713.4188996319194,16.215334517750215,148.74721857941998,3.4196771077279706,8.094586418545543,53.06919536691032,0,2026-10-06 01:36:15
2026-10-05 09:15:57,CNC-01,L,296.5132453035241,310.2579422334065,1537.7399616356206,45.16362918147169,4.645067873083225,1.9914582543602948,13.250356391011774,62.39987584295024,0,2026-10-06 01:36:15
2026-10-05 11:23:00,CNC-01,L,297.341881092455,311.36046610491286,1293.3375154865464,50.31897725600092,204.2018423113109,2.761996362341887,11.9467703148668,55.14111015712592,0,2026-10-06 01:36:15
2026-10-05 14:44:00,CNC-02,M,298.1508271599015,311.9625830031046,1499.6543988657063,47.253817350021144,12.284526981013943,2.1853331800498927,13.240856224233697,52.49492680489695,0,2026-10-06 01:36:15
2026-10-05 21:53:00,CNC-01,L,299.9352372218056,312.4480831052578,2608.2306510735198,18.1052531217082,46.764732854604866,3.128976545201382,8.779168264084156,53.03837569868177,0,2026-10-06 01:36:15
2026-10-05 06:23:00,CNC-01,L,296.465890875057,311.34725704274274,1922.261929575708,39.128381443574725,188.40761994640485,3.131467270924796,14.07244018985033,58.682430319125245,0,2026-10-06 01:36:15
2026-10-05 02:07:00,CNC-01,L,298.17446009696687,310.19813480324996,2674.0174493344266,15.825923033861875,72.69238753207387,3.1707232675691928,7.632325875691957,57.86910577461659,0,2026-10-06 01:36:15
2026-10-05 09:41:00,CNC-03,H,295.682577978153,309.24444909298165,1636.6694217355446,39.26696137510135,112.80001790005477,2.24510612172592,12.054584907913124,60.17735314215247,0,2026-10-06 01:36:15
2026-10-05 18:17:00,CNC-03,H,26.490095167281368,40.25095185554068,2110.931798052791,,129.54256093444016,2.889671777390651,11.913838137738816,49.087730820333604,0,2026-10-06 01:36:15
2026-10-05 20:34:00,CNC-01,L,300.4619044448278,313.6626075965693,2564.718800482891,21.32669224276294,166.40125130466876,3.5239554497293537,10.46419883700885,50.78173908229338,0,2026-10-06 01:36:15
2026-10-05 03:26:04,CNC-01,L,297.3453527952135,311.47423849331625,2460.7890935649475,28.43526437077572,160.8495740041402,3.360758056748787,13.063329998888069,55.731726030086236,0,2026-10-06 01:36:15
2026-10-05 14:46:00,CNC-01,L,298.8558735882075,313.2105727088101,1618.7988115807523,44.26393629498956,114.81869844433949,2.354692116701034,12.973917377733704,54.46343277239649,0,2026-10-06 01:36:15
2026-10-05 13:49:00,CNC-02,M,297.35276443769675,312.2406214726889,1414.407287585779,52.110583860377474,140.59908294003705,2.393694057063719,13.750338846788154,54.166654981026156,0,2026-10-06 01:36:15
2026-10-05 21:12:46,CNC-01,L,300.0421605375093,,2567.3995235739103,12.330527232469926,1.0751582905334809,3.1601605595738507,6.035804105953555,45.3211099265052,1,2026-10-06 01:36:15
2026-10-05 06:32:00,CNC-02,M,295.86593274440554,310.5892892851713,1852.9370520906175,39.43242770345987,167.7308609939749,2.920125204570255,13.62976656517789,58.92586542778477,0,2026-10-06 01:36:15
2026-10-05 03:02:00,CNC-01,L,297.2734879287654,310.77197598169784,2503.1207402366745,23.304774944827802,134.3228784760763,3.291896987027562,10.940078074929344,50.83340788740199,0,2026-10-06 01:36:15
2026-10-05 02:16:00,CNC-03,H,298.24551218279305,310.26942508866597,2739.2531783237255,16.260484525437683,55.00073594995186,3.281310249021525,8.544173987479775,54.20957030095026,0,2026-10-06 01:36:15
2026-10-05 09:51:00,CNC-01,L,296.63844730603563,310.66755362440483,1501.0891933333908,48.057845498379656,58.87753366876195,2.2394672816354344,13.231274752250886,57.058873148657426,0,2026-10-06 01:36:15
2026-10-05 18:23:00,CNC-01,L,27.16194061582837,40.903405268127926,2053.2058532828205,32.322137509120054,5.298263721014143,2.589951338857846,12.151437969489775,49.387129769661215,0,2026-10-06 01:36:15
2026-10-05 21:51:00,CNC-03,H,299.78827955636973,313.00920748217675,2367.0589644024567,22.588895322134853,138.77101431789086,3.1858618015112286,9.736211225082632,48.04721529855037,0,2026-10-06 01:36:15
2026-10-05 08:13:00,CNC-02,M,295.5371364488509,310.1318690084522,1681.1206215432546,43.72451437685087,88.27031920480847,2.4518682668757474,13.819450204269234,59.82278782375756,0,2026-10-06 01:36:15
2026-10-05 17:40:00,CNC-02,M,304.3556515358977,312.3945668146183,1939.2422615511548,33.999625593927526,23.176991725568755,2.572092416971486,12.403916209902086,43.80154736510575,0,2026-10-06 01:36:15
2026-10-05 06:47:00,CNC-02,M,295.9125599862372,310.8242077107484,2005.045476838418,38.15720613285233,188.28697864079143,3.1253589722390753,14.484640097825885,55.24952212194191,0,2026-10-06 01:36:15
2026-10-05 14:02:00,CNC-02,M,297.4612774955987,312.59125556696665,1356.269775011371,55.399805657948725,160.98897549870478,2.357392275014317,14.069298263743725,55.07910692767909,0,2026-10-06 01:36:15
2026-10-05 14:43:00,CNC-02,M,297.88217855050317,311.9870643593246,1569.501893906734,44.44109193684569,10.732500218116735,2.262753077419599,12.877252514193126,50.78389612399623,0,2026-10-06 01:36:15
2026-10-05 22:08:00,CNC-03,H,299.8771818776196,312.7276536337625,2614.3174802354024,18.687559908199184,157.5503256582183,3.44465168999572,9.22729735644849,52.65716164281801,0,2026-10-06 01:36:15
2026-10-06 01:15:00,CNC-03,H,298.4025186709587,311.044353383849,2612.163002079596,18.317789854710952,89.4841554484476,3.2690405257131356,9.307833538979956,55.145988304499625,0,2026-10-06 01:36:15
2026-10-05 13:23:00,CNC-01,L,298.46374651723835,313.6544104458041,1531.3103052080212,52.42457332962095,175.8137491106511,2.8042713425807855,14.973872619629978,55.95821169167952,0,2026-10-06 01:36:15
2026-10-05 20:50:00,CNC-02,M,299.1211651459645,312.75491878020347,2493.157601584361,24.467778473912578,52.156450582865304,3.1970473305483296,11.257990328630912,52.62909246928799,0,2026-10-06 01:36:15
2026-10-05 08:32:00,CNC-01,L,296.44766987721493,310.87414610367864,1482.0940272772043,48.05481974300769,144.5793477942676,2.328139841062354,13.16218743966814,56.008625611428364,0,2026-10-06 01:36:15
2026-10-05 21:52:40,CNC-03,H,299.69523518061385,312.91084176298017,2532.6240323343604,20.045380917371986,139.88904844143323,3.170938845192676,9.51524331556058,50.31938950050905,0,2026-10-06 01:36:15
2026-10-05 18:00:00,CNC-03,H,300.1506383937145,314.1082502677905,2089.4295834610957,32.070016410833915,107.21101689135669,2.7849366827280115,12.536838223748056,52.6503042970407,0,2026-10-06 01:36:15
2026-10-05 23:33:00,CNC-02,M,24.847418551755027,36.013040271449256,2689.245944856968,10.383584431394729,5.282666847218779,90.84549585558163,5.52363009976819,52.39320426201371,1,2026-10-06 01:36:15
2026-10-05 09:35:00,CNC-03,H,295.491076897759,309.6585486759414,1480.9598382410243,48.14481675586837,103.49059044305871,2.123233835366064,13.497625088028391,60.061379559461336,0,2026-10-06 01:36:15
2026-10-05 12:32:00,CNC-02,M,297.000286772062,310.46453583004626,1324.3142080113848,48.41941277006102,19.041790611302705,1.9777466338318963,11.966339905391411,54.877941853530565,0,2026-10-06 01:36:15
2026-10-05 06:15:00,CNC-01,L,296.61649433630186,311.8865057339461,1888.6887741692306,42.462586354150815,177.63381663319524,3.0148136479355667,15.243191813699394,56.37780865756657,0,2026-10-06 01:36:15
2026-10-05 15:05:00,CNC-03,H,298.75322256393326,313.06427991165316,1544.6028637952384,45.97994021072644,106.63055492845092,2.2259927579670715,13.517394262092601,54.309500002113694,0,2026-10-06 01:36:15
2026-10-05 14:43:00,CNC-01,L,298.86919214151897,313.29795159138354,1606.8981924619964,45.384330435566866,110.25807136932471,23.303760493184562,13.729649504142962,52.26902561557324,0,2026-10-06 01:36:15
2026-10-05 13:28:00,CNC-01,L,298.8058742897638,313.3246834171916,1506.3115518772133,45.48246459015198,183.733775330021,2.6796574681294727,13.018307562090227,55.20886353845591,0,2026-10-06 01:36:15
2026-10-05 21:23:00,CNC-03,H,299.93521692074796,312.84866772871607,2561.6639757290236,20.073613537571674,107.53585569076425,0.0,9.705633700379815,55.4498007002338,0,2026-10-06 01:36:15
2026-10-05 02:06:00,CNC-02,M,297.78997516499237,310.446837799071,2654.5663247659536,19.11086147934996,76.03515693320207,3.2531284342262037,9.484247473949603,54.601489248875104,0,2026-10-06 01:36:15
2026-10-05 05:26:00,CNC-03,H,295.6402744595814,308.6192890556209,2220.6794762829395,27.39500268580776,10.148239675035668,2.756981173921455,11.594321152042971,59.42949085646911,0,2026-10-06 01:36:15
2026-10-05 16:04:00,CNC-03,H,299.2622389595373,313.96419991393896,1608.2762227380967,44.84691706086798,194.82892722910194,2.799056280117206,13.40611581634954,54.309765459878676,0,2026-10-06 01:36:15
2026-10-05 06:04:00,CNC-02,M,296.08592070778207,310.5081713497273,2069.6991725647217,33.453752354576785,129.93886866093965,2.8774450879322995,12.811778908493327,58.90343181488744,0,2026-10-06 01:36:15
2026-10-05 20:17:00,CNC-01,L,300.3188378098135,,2265.695566226537,27.568902862281767,146.5798086281222,3.1034969582912075,11.55487917977246,45.70686705042262,0,2026-10-06 01:36:15
2026-10-05 18:55:00,CNC-01,L,27.057243520773113,40.07833442225734,2204.5274777913887,26.171677451316263,46.407833286930114,2.8314984752683747,11.24269081717915,47.92315498072849,0,2026-10-06 01:36:15
2026-10-05 04:46:00,CNC-03,H,296.3863484615877,311.2144772135357,2284.2251075827007,30.80649097759701,231.22888795812034,3.6500640279881686,12.987306376203552,57.49590503437424,0,2026-10-06 01:36:15
2026-10-05 16:40:00,CNC-01,L,300.04883418616873,313.8467364893661,1897.6660753474,33.991022611027915,57.65765076768354,2.538648311356374,11.970104089721916,54.55275756587882,0,2026-10-06 01:36:15
2026-10-05 17:52:00,CNC-02,M,304.3669244359239,312.68302682807354,2038.9169227784978,36.18394836289541,39.2871908802163,2.6671423284085467,13.753940664221158,45.269676245667284,0,2026-10-06 01:36:15
2026-10-05 12:02:00,CNC-03,H,302.0816967783019,309.69844766509186,1296.1402994685616,50.3828385201282,61.85384712665806,2.019786785375681,12.16152155352196,46.774789423178525,1,2026-10-06 01:36:15
2026-10-05 18:10:00,CNC-03,H,27.022270885604257,41.01930458785472,2152.4372933303034,30.015761986064295,120.3701606910522,2.88989714936067,12.0681337229243,48.23204684965506,0,2026-10-06 01:36:15
2026-10-05 14:32:00,CNC-03,H,298.47386902016234,312.97842625934175,1589.8755014662418,48.440700550446735,56.08139916066536,2.372029517446357,14.347095517634544,56.135461609657554,0,2026-10-06 01:36:15
2026-10-06 01:13:00,CNC-03,H,298.62747444528566,311.27246566183305,2639.373510732949,18.299737952301733,87.3874190894743,3.2061503202850328,9.010459773239575,55.11105956489945,0,2026-10-06 01:36:15
2026-10-05 15:24:00,CNC-01,L,299.1932341981216,313.813895737941,1579.5253806256446,45.404393153006886,172.65019125258723,2.669217430640154,13.544208427311279,51.31372179533043,0,2026-10-06 01:36:15
2026-10-05 03:50:00,CNC-01,L,297.1662218104888,310.9848963709901,2426.1941770585704,25.213991695354498,190.08880029037695,3.719714308039316,11.351267927812676,50.683664497256174,0,2026-10-06 01:36:15
2026-10-05 11:59:00,CNC-02,M,296.1658549808135,310.9613614447559,1358.6944813176435,54.49067606878038,182.35763385654994,2.398973665798264,13.958801545127365,57.65621644825735,0,2026-10-06 01:36:15
2026-10-05 09:10:00,CNC-02,M,295.8661448984468,310.83533155210614,1677.421807396612,45.33799788534988,173.95163712651785,2.6597292541358963,14.320196677067088,59.63563301344711,0,2026-10-06 01:36:15
2026-10-05 16:47:00,CNC-02,M,299.10479720326975,314.7705295700665,1906.1091850445732,43.67583673257057,193.5896109194699,3.0799412330966773,15.470727874611367,55.79476099203733,0,2026-10-06 01:36:15
2026-10-05 06:17:00,CNC-03,H,295.67491462623803,309.29747230405957,2175.6742812984066,30.35824655963592,77.63504819175111,2.7671937343772606,12.274685395622194,58.174751485486446,0,2026-10-06 01:36:15
2026-10-05 19:33:00,CNC-03,H,300.38085645947353,314.85982360940676,2234.192761548556,30.852295357561076,226.31786886425374,3.531622426678874,312.78320664877725,49.24382343390428,0,2026-10-06 01:36:15
2026-10-05 14:28:00,CNC-03,H,298.2261197671851,311.7045583643183,1453.1628983346745,44.89197024548378,49.87532957193876,2.080472173738456,12.313840941480692,54.25126753932511,0,2026-10-06 01:36:15
2026-10-05 20:44:00,CNC-02,M,299.03110122362915,311.97241519168296,2451.634605318221,21.564121660996417,45.19756810901721,3.0251882782272546,9.640995016628969,53.353390751941404,0,2026-10-06 01:36:15
2026-10-05 17:35:00,CNC-01,L,299.80939600732734,314.0418927435879,1999.698870425973,34.34068735279364,134.2526443714919,2.829116544315537,12.823835251609774,53.9030789656078,0,2026-10-06 01:36:15
2026-10-05 17:45:00,CNC-01,L,299.84575302555305,314.6771274967462,1908.3810543290328,39.110326647530584,147.7979252968827,28.965036247511836,13.976324991383528,51.3950948836364,0,2026-10-06 01:36:15
2026-10-05 02:38:00,CNC-03,H,297.466346468032,310.0156208438965,2680.747434834939,17.879713099257366,79.5403612437109,3.1938596127813645,8.998226901764246,55.38196980037361,0,2026-10-06 01:36:15
2026-10-05 12:23:00,CNC-03,H,302.1960200537147,310.2153595724416,1381.3447069356423,51.48045494011064,95.10537190093953,2.0701328696842003,13.02039515098936,42.52422708271551,0,2026-10-06 01:36:15
2026-10-05 13:11:00,CNC-02,M,297.03700942928424,310.97263174414104,1319.1184601342206,51.056292223768004,80.7351660802958,2.1086720141921353,12.476137650247686,59.20646162945072,0,2026-10-06 01:36:15
2026-10-05 17:47:00,CNC-02,M,304.60577512944207,312.71218347321843,1993.6724168407534,35.3703050595255,32.705252175999604,2.5349827159544627,13.229984132311744,42.851914534950595,0,2026-10-06 01:36:15
2026-10-05 10:01:00,CNC-03,H,295.401632542165,309.96488164703896,1396.949027825235,51.965471048674374,144.2876716923538,2.289921884115565,,62.127784475669806,0,2026-10-06 01:36:15
2026-10-05 09:07:00,CNC-03,H,295.2627887663207,309.4977473219195,1599.8941384168704,45.9820507571311,60.30294424282068,2.307323930279933,13.822861763665546,59.50868379023148,0,2026-10-06 01:36:15
2026-10-05 16:43:00,CNC-02,M,298.7824719361751,313.86036358875754,1875.2519761825558,39.12304451683885,187.996782858292,2.9678115317668308,13.688604978487044,49.54827350250137,0,2026-10-06 01:36:15
2026-10-05 10:07:00,CNC-02,M,295.76163737453373,309.6017618378612,1290.1335894666497,51.38116890618614,4.73149025754199,2.005973188172595,12.328865940263418,57.956924301657715,0,2026-10-06 01:36:15
2026-10-05 14:21:00,CNC-03,H,298.26222922651976,312.29661440030964,1552.0864529197752,47.640633846601894,38.98849806170588,2.2891859465998285,13.733051136689259,54.17821198586292,0,2026-10-06 01:36:15
2026-10-05 05:29:00,CNC-03,H,296.05319778508266,309.84289774346047,2139.5684815159884,32.01530135878522,14.079793488294271,2.7330783042969014,12.885754860928513,60.92806908828836,0,2026-10-06 01:36:15
2026-10-05 07:44:00,CNC-03,H,295.7755089400645,310.4731924310637,1762.8597569266935,42.50432954275807,199.51128926662858,2.9674114819307924,14.11242445868243,60.158865844513265,0,2026-10-06 01:36:15
2026-10-05 20:28:00,CNC-01,L,300.59338006602525,313.8849145085768,2493.9032306773415,21.597545260125873,159.39092023722395,3.442156959383076,10.292647988328882,42.469669274403145,0,2026-10-06 01:36:15
2026-10-05 17:30:00,CNC-02,M,299.02051903492355,312.72706096839863,2018.201206700013,33.14820653256829,9.615883817655178,2.6093434036012737,12.501028660531002,51.62001512615524,0,2026-10-06 01:36:15
2026-10-05 19:51:00,CNC-01,L,300.4073640629475,314.1412748914008,2353.452803708314,27.171805981542242,115.6276894571546,30.250503726291583,12.137075973158112,48.03523243718967,0,2026-10-06 01:36:15
2026-10-05 17:13:00,CNC-03,H,299.9163857276927,313.8313425123589,1821.2269656423716,36.79801071875229,43.578614146713505,2.470266231244601,12.356531396131915,49.81356038804431,0,2026-10-06 01:36:15
2026-10-05 03:49:00,CNC-01,L,296.9606729043943,310.6708832540546,2588.4951162248203,23.25067090409848,188.89681733938028,3.7672250976064805,11.460469679559974,55.55803680799411,0,2026-10-06 01:36:15
2026-10-05 05:50:00,CNC-03,H,295.75252982148027,309.7881269821149,2078.0175549993673,35.37489473690372,41.39823140518193,2.626281138458047,13.783279954170233,55.764573549351226,0,2026-10-06 01:36:15
2026-10-05 09:26:00,CNC-02,M,295.7092102009066,310.68714586573344,1450.4270424536185,51.18040581980172,198.40538785378146,2.7054173152879213,13.699700891692277,59.57729535487899,0,2026-10-06 01:36:15
2026-10-05 18:09:00,CNC-01,L,300.21763317110066,315.0014467291756,2042.8763671631625,34.739760714739205,179.6853484503668,3.242060877062922,13.259105300674488,53.060505201101755,0,2026-10-06 01:36:15
2026-10-05 12:48:00,CNC-01,L,298.1788321505398,312.4867038744577,1419.8855133051873,51.32809053548002,120.51760676810005,2.33753297756397,13.870507233291466,52.097156769963185,0,2026-10-06 01:36:15
2026-10-05 16:14:00,CNC-03,H,299.20647669944856,314.45317346412054,1748.5684484936633,44.23778629306849,209.41505431130523,2.9798335017722444,14.567177304587641,56.31872448244625,0,2026-10-06 01:36:15
2026-10-05 12:16:00,CNC-02,M,296.4973533427292,311.66867007486815,1325.1098588035811,57.114610806631745,209.3791853494629,2.765166030968698,14.25016796501769,59.31688149437664,0,2026-10-06 01:36:15
2026-10-05 11:21:00,CNC-02,M,295.8170824759513,310.51078206768386,1367.3059316662016,54.57342434599081,121.92943790531368,2.187527404272198,13.674395771748706,59.2492251945753,0,2026-10-06 01:36:15
2026-10-05 03:42:00,CNC-01,L,297.0880350169337,310.3355980700743,2378.3443977519664,22.573395906548857,180.6053242856716,3.4465616184504304,10.078155029041513,59.007584570907156,0,2026-10-06 01:36:15
2026-10-05 11:34:00,CNC-02,M,296.0200905224578,310.9954982614889,1587.1453783760792,46.59727096311538,142.57726779125997,2.378045718924684,14.07157892051126,63.89147571203026,0,2026-10-06 01:36:15
2026-10-05 02:02:00,CNC-01,L,297.7363150495653,309.4462888771912,2557.344089260041,14.970958774936566,67.30387209571361,3.1518817427627344,7.366472173890622,59.06014152217804,0,2026-10-06 01:36:15
2026-10-05 06:31:00,CNC-02,M,296.22824506567576,311.2446667091622,1942.3127424379602,39.184111906761984,166.32860958543677,2.8294142740542365,14.567474776250265,60.99319981079846,0,2026-10-06 01:36:15
2026-10-05 08:37:00,CNC-01,L,296.403256513508,311.1757165500994,1562.633381907656,46.65408330579662,152.08972447176552,2.589545071407753,13.784473378491262,58.773175831854275,0,2026-10-06 01:36:15
2026-10-05 07:12:00,CNC-01,L,296.41940441067493,310.23295502673625,1871.0826968247889,37.72637045153555,27.947864065804488,2.4327247358282094,13.228015004911258,57.156846455326566,0,2026-10-06 01:36:15
2026-10-05 09:40:00,CNC-01,L,296.7531859475344,310.5007086259301,1510.5925879138688,45.89670086949914,41.766907848591174,2.207588323901438,13.058383362535535,54.19561711220557,0,2026-10-06 01:36:15
2026-10-05 18:07:00,CNC-02,M,304.7422457114298,312.6092122826306,2081.473232851468,30.95207330743203,59.22721280994403,2.639419933617317,11.850109491578682,42.53227046337022,0,2026-10-06 01:36:15
2026-10-05 11:00:00,CNC-01,L,297.19759993017556,311.77050298731905,1327.2476831302745,54.176954708268376,167.60716892519787,2.43046601902988,13.658619662322888,57.99300750826103,0,2026-10-06 01:36:15
2026-10-05 18:35:00,CNC-02,M,31.78385152483247,40.32567904147169,2020.62107151369,35.52171337004518,95.86812661972371,2.7301593419651393,13.598304927506865,39.23192803677613,0,2026-10-06 01:36:15
2026-10-05 11:15:00,CNC-02,M,295.8614924984548,309.8733599219854,1308.4283560114502,52.49645433457241,112.36592258077997,2.0810151902588436,12.75809658670561,58.309534817774505,0,2026-10-06 01:36:15
2026-10-05 16:33:00,CNC-01,L,299.5744632179677,313.8791673020812,1692.5593585688216,44.190671633462514,47.66181181604564,23.0081006834725,14.041417530143324,50.4841758029289,0,2026-10-06 01:36:15
2026-10-05 18:31:00,CNC-01,L,27.026160039659942,40.54204125887367,2075.740229920301,32.263569923594,15.722212555698237,2.692765058751954,12.611859382955169,55.44718691800446,0,2026-10-06 01:36:15
2026-10-05 12:34:00,CNC-01,L,298.19004850878446,312.3361469304103,1354.1196560218702,53.594298736842916,98.33704132188672,2.1282276441676156,13.56458094745546,58.70016815752692,0,2026-10-06 01:36:15
2026-10-05 20:20:00,CNC-02,M,299.0375134018949,311.90630297207,2455.8735295823376,22.090037673162364,17.37711920444901,3.1569495588897283,10.170098672268118,54.34390066418799,0,2026-10-06 01:36:15
2026-10-05 05:51:00,CNC-01,L,301.9360872040759,310.38848822999563,2001.493909024241,34.59305963124302,145.51650909833646,2.7516204595215243,12.860867409125758,51.387079987370754,0,2026-10-06 01:36:15
2026-10-05 22:53:00,CNC-02,M,298.3884730921303,312.0793154497599,2660.336291631222,21.428165744906508,187.86665201777458,3.8097379737799173,10.792882462609528,50.01872224136683,0,2026-10-06 01:36:15
2026-10-05 06:52:00,CNC-03,H,295.3939731944813,310.2716150663902,1917.9706991732685,40.26602799382377,125.76797697368185,2.730145696674988,14.629569089749781,57.1615632284569,0,2026-10-06 01:36:15
2026-10-05 12:24:00,CNC-03,H,302.0820525933725,310.17905314981743,1352.8086886493159,51.68333519521947,96.70537190093953,2.111556374724749,13.076501423630898,49.32253269007423,1,2026-10-06 01:36:15
2026-10-05 18:00:00,CNC-02,M,304.58950977518987,312.2214767000157,2066.9353570483668,30.926675468599807,0.0,2.7615544770063876,12.071271173797927,45.59908945904706,0,2026-10-06 01:36:15
2026-10-05 20:40:00,CNC-03,H,300.650430892685,313.84639248603355,2423.17525537156,831.8055722156704,0.0,3.0155731831823442,10.845726192367254,52.22202383849416,0,2026-10-06 01:36:15
2026-10-05 21:05:00,CNC-02,M,298.5164634696451,311.9949523091658,2579.3011434055647,23.191784824138274,69.12147981752065,3.1947078414742784,11.348094096323587,53.91115692130406,0,2026-10-06 01:36:15
2026-10-05 20:19:00,CNC-02,M,298.952132328686,310.9580614585673,2547.495058624598,17.155696561977216,16.2163905508662,3.144694220434979,8.223850390342344,53.873678149888605,0,2026-10-06 01:36:15
2026-10-06 01:10:00,CNC-02,M,297.51038624496334,310.21896015040534,2667.20907138954,17.351273792466262,108.31801768999144,3.222316344161554,8.751795412709221,58.335512476962975,0,2026-10-06 01:36:15
2026-10-05 09:31:00,CNC-03,H,295.57272492229185,310.09279545508866,1471.4921735760695,51.220244592055494,97.27561442536283,2.2169708228397167,14.13795533188127,60.1652979962896,0,2026-10-06 01:36:15
2026-10-05 05:20:00,CNC-01,L,302.15967227913177,309.5839553287744,2082.009518162806,29.598294034977773,105.14133779965692,2.6792959863712342,11.424079055319737,48.051659313169345,0,2026-10-06 01:36:15
2026-10-05 15:38:00,CNC-03,H,299.0628857430188,313.2015378668369,1553.976476975858,44.9541976203873,156.31088166874915,2.3124489175842795,13.214071299898848,52.8787587252445,0,2026-10-06 01:36:15
2026-10-05 15:52:00,CNC-01,L,299.3519421657681,314.39477469011246,1630.5672891104184,48.590108471862536,214.38621931192822,3.3554126346088036,14.846512835499645,54.472352011907454,0,2026-10-06 01:36:15
2026-10-05 19:21:00,CNC-03,H,300.49995553859804,314.8994004343721,2096.0246994687823,31.321909361606778,211.54460394838827,3.3164915172168272,12.231150309997034,47.082348358604605,0,2026-10-06 01:36:15
2026-10-05 05:53:00,CNC-01,L,301.9988176994266,,1982.7102215617801,36.165883843638966,148.17265401729128,2.8924893439233035,13.423016526740186,46.73185030845906,0,2026-10-06 01:36:15
2026-10-05 22:09:00,CNC-03,H,300.12236191948807,312.5386595942608,2750.8064980705685,15.665918778428182,158.5855601362265,3.5763030737280297,7.925915706357571,0.0,0,2026-10-06 01:36:15
2026-10-05 13:25:00,CNC-03,H,297.5224397558106,312.4693226309071,1425.518318757102,51.835075153468246,193.22704819051734,2.4342694119230788,13.862608971357245,52.28196182063687,0,2026-10-06 01:36:15
2026-10-05 23:44:00,CNC-02,M,24.716549868274512,37.8574371631629,2507.69169376185,22.74008538893184,17.038072043561307,3.069898895955114,10.638717793122758,54.208566104642514,0,2026-10-06 01:36:15
2026-10-05 16:37:00,CNC-03,H,299.43567526887284,314.8319756923094,1810.091829236737,44.51972309933765,242.44171133581293,32.50770867253168,15.103020638294305,49.57625309984238,0,2026-10-06 01:36:15
2026-10-05 19:26:00,CNC-03,H,300.5081723959283,315.0699486872783,2095.762414561764,32.88112354848228,217.6425699153351,3.277507483444442,,50.39537843935618,0,2026-10-06 01:36:15
2026-10-05 10:15:00,CNC-03,H,295.6432938949712,310.526461075809,1400.0004247620764,54.156520250468155,166.29979532409752,2.461970774010854,14.30850332929606,58.10273505227303,0,2026-10-06 01:36:15
2026-10-05 23:02:00,CNC-02,M,298.19867442427653,311.1297260247622,2596.7486227493873,18.617135120548205,197.61282796922677,3.798816545307969,9.111868968197435,55.83244007303826,0,2026-10-06 01:36:15
2026-10-05 03:01:00,CNC-02,M,297.5589218762806,311.20279272511453,2513.733721041021,22.456694783434198,137.8563192806691,3.263373064850962,10.658727178925544,52.83832390694991,0,2026-10-06 01:36:15
2026-10-05 16:32:00,CNC-03,H,299.3201694960102,314.61209454506076,1752.148960457272,44.323816736176276,235.27361050613072,3.2712259533633756,14.67004141514759,53.96489668458828,0,2026-10-06 01:36:15
2026-10-06 01:34:00,CNC-03,H,298.6733764714018,310.46397655523276,2737.425386603127,13.504072298833279,110.02244288374925,,6.8299146281976215,52.36743525105718,0,2026-10-06 01:36:15
2026-10-05 04:47:00,CNC-01,L,302.28133182305976,310.44368583014113,2260.255718305938,32.183261826631075,63.376531068882876,2.858635500090144,13.92018074053668,46.06408599753762,0,2026-10-06 01:36:15
2026-10-05 20:45:00,CNC-01,L,300.33267346556016,313.6431506255774,2505.0403634256404,21.863508839851878,179.07274914172214,3.7010961979881327,10.342416803300233,47.52918660670326,0,2026-10-06 01:36:15
2026-10-05 11:38:00,CNC-03,H,301.80046082478157,309.2378744760457,1356.6306754920267,47.12371012743207,23.823122830534974,1.937970652868409,11.86786428042198,49.74909889828502,1,2026-10-06 01:36:15
2026-10-05 14:46:00,CNC-02,M,297.98355819358227,311.5644719129122,1538.2525161040642,42.68335675901389,15.364487274705374,2.050013396156512,12.22353799164446,55.33195083257278,0,2026-10-06 01:36:15
2026-10-05 16:29:00,CNC-03,H,299.36911833234035,314.423064112914,1667.4658231954327,44.3933388610344,231.02023637333198,3.1417993355932854,13.623787971155327,48.36807362942907,0,2026-10-06 01:36:15
2026-10-05 02:30:00,CNC-01,L,297.8421825409142,310.80976798115296,2491.6769650041924,21.29442348712198,98.39915938635848,3.1521242796677984,9.905172137990007,58.00921466385584,0,2026-10-06 01:36:15
2026-10-05 17:36:24,CNC-03,H,299.9873802789699,313.6803877065805,1922.9833971741482,33.292158079635485,74.97306061769729,2.585537802506063,11.888721410086372,52.38153502029081,0,2026-10-06 01:36:15
2026-10-05 07:14:36,CNC-01,L,296.5725399618969,310.72920376910224,1799.861947718252,41.17984608430085,33.63783880490116,2.5099895744990555,13.979629986496407,59.365150707533445,0,2026-10-06 01:36:15
2026-10-05 06:09:00,CNC-01,L,296.47188309650403,310.6383080141451,2032.6065758403201,32.90407886196852,169.44297322092845,3.088874610162721,12.448217451270326,59.65665174417755,0,2026-10-06 01:36:15
2026-10-06 00:41:00,CNC-01,L,299.1202798129469,311.53311987274293,2611.1120194592313,19.57718217000567,13.705646819729738,3.3175878749835244,9.395840495039561,56.56297186696771,0,2026-10-06 01:36:15
2026-10-05 08:37:00,CNC-03,H,295.2963706500292,308.82777483784963,1594.8648593641963,43.02944294417384,14.993077991238012,2.254874001883914,12.681479657322956,56.72370191893271,0,2026-10-06 01:36:15
2026-10-05 10:59:00,CNC-01,L,297.2101408955346,312.078606347655,1525.7785539574422,50.106142074097995,166.01863813418802,2.5663354792652657,14.384735928954617,53.132390480900796,0,2026-10-06 01:36:15
2026-10-05 18:01:00,CNC-03,H,299.99251229001345,314.2045528708761,2083.304538375756,33.78643788930165,108.5170983155501,2.8289725656689564,13.193450658914763,51.15386907881645,0,2026-10-06 01:36:15
2026-10-05 19:59:00,CNC-02,M,299.06592838373336,313.821564108196,2279.8199055210985,29.965187745347198,199.98814757875695,3.471608499536644,12.907174598617214,53.420279305208545,0,2026-10-06 01:36:15
2026-10-05 16:28:00,CNC-01,L,299.82040006106416,313.7409873032902,1982.1110303804498,35.22192529123797,40.49550686578096,2.6376256412306835,13.078797224473833,52.6080089789824,0,2026-10-06 01:36:15
2026-10-05 21:54:00,CNC-02,M,298.58721260149764,311.17110476856203,2720.7207380520917,15.533943514231776,123.57216254494132,3.318285373057472,7.916468270149901,52.8403229940983,0,2026-10-06 01:36:15
2026-10-05 14:31:00,CNC-01,L,298.71590496149787,312.9878705963059,1614.4633945936157,45.139711511669944,91.79229460566224,22.746370176487183,13.753592228971462,53.1865411322421,0,2026-10-06 01:36:15
2026-10-05 18:53:00,CNC-01,L,26.996475625296398,40.05986628009663,2232.106008067087,26.26251120527246,43.89990057793575,2.8752896575766034,10.979712273362024,49.932314551173725,0,2026-10-06 01:36:15
2026-10-05 05:22:00,CNC-03,H,296.0273019794046,308.6186756314034,2273.3575315612393,23.49550646841135,5.059848228149643,2.874522434919984,9.746143659175615,55.86722841707882,0,2026-10-06 01:36:15
2026-10-05 19:37:00,CNC-03,H,300.40813673958684,314.64559171785993,2347.7090833823427,27.55131577315897,231.22700133113784,3.6632604217751226,12.314776353998916,55.119059424563005,0,2026-10-06 01:36:15
2026-10-05 02:40:00,CNC-02,M,297.51335887327144,310.55065596450197,2467.635031512877,22.537296984226842,113.88731362402288,3.115855340511756,10.187481843342283,0.0,0,2026-10-06 01:36:15
2026-10-05 13:31:00,CNC-03,H,297.906509356403,312.7924909915279,1434.3183516313484,51.269012180885376,202.65674445406103,2.6580247977824962,13.935865670785313,56.2550832033849,0,2026-10-06 01:36:15
2026-10-05 15:42:00,CNC-03,H,298.97269237341834,313.8583516002508,1618.9958182117825,47.376319946185646,162.3266519000501,2.4367697467555165,14.403437037727626,56.0809330468717,0,2026-10-06 01:36:15
2026-10-05 08:46:00,CNC-03,H,295.5998742884118,309.739153126614,1562.3958025852983,45.87746717547513,28.5420747018562,2.2977650522629034,13.539423880438541,57.97929644740625,0,2026-10-06 01:36:15
2026-10-05 01:46:00,CNC-03,H,298.0903636635842,309.72215568123465,2717.3561210914,15.590198830654998,22.26471014641484,3.180778503439857,7.990346672037703,56.39651658774743,0,2026-10-06 01:36:15
2026-10-06 01:03:00,CNC-03,H,298.50568273832397,309.283228501588,2742.441883218883,10.45759663322765,76.67368949473641,3.3036036677784884,5.516423442428207,57.92314020340228,1,2026-10-06 01:36:15
2026-10-05 11:52:00,CNC-03,H,301.84813336847265,309.87186316073155,1416.765048241266,51.07004476019101,46.06880270301911,2.1520415459073097,13.55907467869257,45.66528249313978,0,2026-10-06 01:36:15
2026-10-05 04:02:00,CNC-03,H,296.4854328118073,310.4407473169069,2329.5270708678854,27.03135518823527,177.25339679644094,3.2793094337077267,11.710289309302892,54.1510810964414,0,2026-10-06 01:36:15
2026-10-05 11:31:00,CNC-03,H,301.61888118383104,309.2141665636364,1476.697072680497,46.164512893743954,12.690640980258433,20.275547254240085,12.74365531811483,47.13996937242413,0,2026-10-06 01:36:15
2026-10-05 08:13:32,CNC-03,H,,310.83589785548827,1623.3166334037223,48.024880456998126,245.2208765842811,3.3351150064966912,14.3091278377723,57.92934526624172,0,2026-10-06 01:36:15
2026-10-05 15:35:00,CNC-03,H,298.8884865774414,313.7144378001308,1463.2590562861383,49.91972586107808,151.8152193553743,2.376564572590542,13.88476849641657,53.30011303411406,0,2026-10-06 01:36:15
2026-10-05 19:30:00,CNC-01,L,300.5936292418148,313.94161927453877,2283.5515493490984,25.138769757929946,89.88449338048035,2.880540981564022,10.751685594820602,48.28267363264971,0,2026-10-06 01:36:15
2026-10-05 07:46:00,CNC-02,M,295.819743075856,309.72828773317235,1684.6205800524765,40.020449293488014,48.712111561368076,2.3684781746316483,12.578864441740901,60.01028723656277,0,2026-10-06 01:36:15
2026-10-05 03:31:00,CNC-01,L,297.0886347869447,310.80352983220286,2549.833453321126,23.878531802739598,167.7804691850661,3.616694846793596,11.892828238045661,57.485614512934795,0,2026-10-06 01:36:15
2026-10-05 23:50:00,CNC-03,H,26.27622976630886,39.700325723548644,2710.649178576719,18.726099615396702,266.8933788602453,4.4938269223333895,9.411821454955312,51.33122784063105,0,2026-10-06 01:36:15
2026-10-05 06:48:00,CNC-02,M,295.7403168413371,310.33382410974326,1939.9350362020439,36.72129249234145,189.65880334166164,2.934766455371763,13.692298355305939,56.28859564769448,0,2026-10-06 01:36:15
2026-10-05 05:40:00,CNC-01,L,302.07727984555544,310.50462514962175,0.0,32.771857305136905,130.95821067067098,3.003856550737813,13.281690026872239,47.89804572292313,0,2026-10-06 01:36:15
2026-10-05 13:24:00,CNC-01,L,298.7291438832949,313.7749504509259,1360.2131971986244,56.18468552200394,177.41374911065108,2.5979293249079594,14.300928768771715,,0,2026-10-06 01:36:15
2026-10-05 08:39:00,CNC-03,H,295.40759422628486,309.0369980910468,1615.5429045882615,43.6745981924326,18.039819011447914,2.119215828893224,12.81568964458317,62.73960624265461,0,2026-10-06 01:36:15
2026-10-05 19:38:00,CNC-03,H,300.0503746491015,313.9598856154858,2381.157787842762,25.222505531750905,,3.76677878289184,11.14390925834889,53.525674185639645,0,2026-10-06 01:36:15
2026-10-05 03:01:00,CNC-03,H,297.37040396378137,310.5635912253506,2681.129317398257,21.59257527157369,105.56098504398858,3.223082829067817,11.092920125601331,53.800457013087005,0,2026-10-06 01:36:15
2026-10-06 01:29:00,CNC-02,M,297.2755345238086,309.9615409012336,2673.5647834903934,16.913849521303153,128.65867082176965,3.427667828793223,8.594730640796612,55.48363204225798,0,2026-10-06 01:36:15
2026-10-05 06:01:00,CNC-02,M,296.1078921369334,310.5526382403722,1935.8511018001648,36.58370301312435,125.94552731374627,2.7830370284253427,13.563236783437961,63.55041456881911,0,2026-10-06 01:36:15
2026-10-05 19:23:00,CNC-03,H,299.9037363283441,313.5924036825156,2347.5482132048583,25.054548198918493,213.92533305176718,3.586272795878069,10.965740444930967,54.24815759036636,0,2026-10-06 01:36:15
2026-10-05 23:58:00,CNC-03,H,25.974864615576507,37.54054858706206,2539.118272512578,15.983029614662556,7.526863872830302,30.461972182052047,7.641460571229158,55.3633105969152,0,2026-10-06 01:36:15
2026-10-05 01:40:00,CNC-01,L,297.8637063701381,309.21123815252815,2661.466109317731,13.20667959674456,42.9872272895087,3.1871185422559156,6.385184687007109,57.28895210161142,0,2026-10-06 01:36:15
2026-10-05 13:50:00,CNC-01,L,298.58373989742836,312.54578927433096,1469.6631440575056,49.15060510020648,28.31659168027986,2.0665497156974517,13.692439939857536,52.99549459790522,0,2026-10-06 01:36:15
2026-10-05 06:54:00,CNC-03,H,295.6794109171517,310.18594601262686,1812.8673960582244,40.556504385792046,128.5485989668518,2.5402782979106737,13.69583338149552,57.82236074652674,0,2026-10-06 01:36:15
2026-10-05 06:54:00,CNC-01,L,296.4663427481194,309.9792894897436,2110.7753306183267,32.98757724022254,2.7115219318678108,2.7225224996152235,12.939896929242245,57.53805326688211,0,2026-10-06 01:36:15
2026-10-05 06:21:00,CNC-01,L,296.329466670024,311.6414037740148,1955.9527824757974,41.03043095274262,185.72415693447073,3.149316917440888,15.167204249857857,58.9903546568802,0,2026-10-06 01:36:15
2026-10-05 16:16:00,CNC-02,M,298.5144804276797,312.64137978829257,1830.3570009434852,35.88054873510627,149.24059349599878,2.7523359464031376,12.372609778333661,48.96515666579662,0,2026-10-06 01:36:15
2026-10-06 00:41:00,CNC-02,M,297.29485497094555,310.6368227527007,2663.7052354885313,20.108023269803372,77.3871180634869,3.2487044074893126,10.15463410677946,58.839214151962445,0,2026-10-06 01:36:15
2026-10-05 02:04:00,CNC-02,M,297.75438919329736,310.33481421052755,2686.372904522498,17.83047666769111,73.83655746287951,3.176341865284701,8.89758133136932,51.17599109693774,0,2026-10-06 01:36:15
2026-10-05 06:49:00,CNC-03,H,295.31016399228116,309.97625146400827,1991.6553338648355,37.7933301208809,121.55299131031387,2.678338263820931,14.229409875383208,58.48022887957098,0,2026-10-06 01:36:15
2026-10-05 03:34:00,CNC-03,H,296.7814846035745,310.16644538392325,2533.3424185250396,22.217833791058396,144.02438214869247,3.262389263425194,10.482899067819703,58.19593847663603,0,2026-10-06 01:36:15
2026-10-05 11:46:00,CNC-01,L,297.66100239694714,311.24259558586994,1403.8008034861105,49.35174263174172,22.24913950720841,2.0558854451582356,12.973964165880838,59.022721080481574,0,2026-10-06 01:36:15
2026-10-05 08:54:00,CNC-01,L,296.52477510329624,312.1407481397703,1754.0555686706125,47.9795894149267,177.82613366536057,2.9230280522837364,15.62621031254971,58.77951260251063,0,2026-10-06 01:36:15
2026-10-05 19:13:00,CNC-01,L,27.264882428361602,40.393734451442356,2136.616834007361,27.603071985663146,68.89704389195988,2.7498912909940656,11.04384549717743,50.88076572500197,0,2026-10-06 01:36:15
2026-10-05 19:08:00,CNC-01,L,27.4195217616043,40.97250478017156,2167.8411348736768,29.568339106594102,62.69123563342278,2.8341656696947757,12.01063428000582,50.27847200760579,0,2026-10-06 01:36:15
2026-10-05 16:10:00,CNC-02,M,298.4338466396277,313.1737680860125,1591.4497332780193,46.83786215141988,140.5780286735371,2.5352711503894083,13.855492146286323,54.683766964046185,0,2026-10-06 01:36:15
2026-10-05 14:13:00,CNC-02,M,297.7219585131182,313.03370771917525,1550.892375846699,49.97278387852539,178.1669049768434,2.6221754351201225,14.436234175580076,55.31343429883983,0,2026-10-06 01:36:15
2026-10-05 15:01:00,CNC-03,H,298.8283635062687,313.48570810332166,1464.5186328843167,54.16873377116998,100.56841612363414,2.126969384008021,15.144267971550665,57.31905768676051,0,2026-10-06 01:36:15
2026-10-05 15:46:00,CNC-03,H,299.32313885942546,314.11849103491244,1722.9256623810095,43.43975766453769,168.24346943598877,2.6563632477542405,14.253681322241167,45.77254610815057,0,2026-10-06 01:36:15
2026-10-05 10:30:00,CNC-03,H,295.86258224492104,310.23191684451973,1312.4010199484017,53.50985928269649,189.78109583273863,2.4897426283087722,13.058014572115322,58.23987564394273,0,2026-10-06 01:36:15
2026-10-06 01:28:00,CNC-03,H,298.274034568247,310.31769678393783,2784.011346189685,14.968806535215837,103.46083650712582,3.2816491261235106,7.679967152997238,54.426652731998885,0,2026-10-06 01:36:15
2026-10-05 03:38:00,CNC-02,M,297.147590074701,311.4855938893482,2400.5500003067236,28.246491755599845,180.49352674611055,3.3372198417797057,12.84034270942374,58.01415632201898,0,2026-10-06 01:36:15
2026-10-05 15:11:00,CNC-02,M,298.2947215480022,312.34145319984714,1487.5749421730254,47.187969845991496,53.34382369654996,20.182129663000513,13.310357375170337,55.420467305502264,0,2026-10-06 01:36:15
2026-10-05 17:22:00,CNC-01,L,300.0366795157997,313.59204542385794,1952.0177728815104,31.9058616060591,116.36723935140871,2.8420890701187087,11.762273635785187,47.43661824534844,0,2026-10-06 01:36:15
2026-10-05 13:42:00,CNC-01,L,298.60231376006453,312.20619852671996,1508.806481451013,44.12361004456996,15.729859837397843,2.140022743342649,12.598205803327694,53.551756433570866,0,2026-10-06 01:36:15
2026-10-05 13:26:00,CNC-03,H,297.28372569049077,312.24660357825024,1513.0562202590818,49.94876103696775,194.77977983541336,2.7069854785583862,14.163280770895286,56.44365112989217,0,2026-10-06 01:36:15
2026-10-05 08:19:00,CNC-02,M,296.0276195007122,310.80294109235274,1770.2975693774224,43.746854493128026,97.17941777987092,2.4023497653065213,14.554721923889677,57.67247311275675,0,2026-10-06 01:36:15
2026-10-06 00:13:00,CNC-01,L,26.340689353078915,39.11253900227638,2801.3069506500974,16.784023218641835,197.00300414907755,4.123465373215873,8.874020578395458,52.04915229067654,0,2026-10-06 01:36:15
2026-10-05 06:13:00,CNC-01,L,296.44171601914263,311.2720277629156,1807.878419663999,39.99954324950582,0.0,2.875161538281008,13.462840509636575,59.63305852441677,0,2026-10-06 01:36:15
2026-10-06 01:26:00,CNC-03,H,298.10374576245067,310.3407850918755,2681.4093969867013,16.42851529306383,101.40083650712582,3.271927852569912,8.142567785674707,53.61186860604133,0,2026-10-06 01:36:15
2026-10-06 01:32:00,CNC-02,M,297.0454639536989,310.87017705025977,2535.528331559639,23.324363812302025,131.93417748762914,3.2819695934371014,11.040737383603378,57.17179312586369,0,2026-10-06 01:36:15
2026-10-05 07:28:00,CNC-03,H,295.5047275682248,310.6740357824064,1811.6575437345448,43.74915254822722,176.70372849797235,2.825284123091045,14.891945016080184,61.117728722754094,0,2026-10-06 01:36:15
2026-10-05 09:43:00,CNC-01,L,296.5386007441034,310.61376216526577,1516.8736972558106,48.774214254882324,46.45136337348942,2.3570153780812317,13.808973141286005,58.794390208149174,0,2026-10-06 01:36:15
2026-10-05 16:46:00,CNC-02,M,298.76031490887436,313.5760740950676,1871.0622513427822,38.355649818038934,192.19350120006933,3.0462943554935458,13.653597788164003,55.04753388104302,0,2026-10-06 01:36:15
2026-10-05 04:56:00,CNC-02,M,296.38335822907123,308.615562182812,2476.388511552693,18.943288720401927,42.16425637382141,3.0594840293985808,9.112308636262043,60.83866968949244,0,2026-10-06 01:36:15
2026-10-05 01:54:00,CNC-02,M,297.9683093914524,310.4620360229984,2588.7068270851696,19.11866212150733,62.908387010684244,3.1692832821570645,9.221143113520688,52.17919334742358,0,2026-10-06 01:36:15
2026-10-05 20:53:00,CNC-02,M,298.8062395533086,311.8436547878086,2455.387929543131,23.716167265801754,55.53137182505596,3.063977811938062,10.814852696325817,54.66728875363331,0,2026-10-06 01:36:15
2026-10-05 21:56:00,CNC-02,M,298.5709488088529,311.9554403315932,2368.7579565246106,22.909798853470143,125.90648654902353,3.095750635497798,10.285516871919167,53.95492686737591,0,2026-10-06 01:36:15
2026-10-05 06:11:00,CNC-03,H,295.62684348759944,309.49486290504205,2164.7052766645998,31.414677103699564,69.51528066076668,2.742413253858045,12.442210564714523,,0,2026-10-06 01:36:15
2026-10-05 06:28:00,CNC-01,L,296.24125594759965,311.4195619346086,1924.6095708776195,41.40663039316391,195.21944822090634,3.1671715567126864,14.580295101664152,61.59242653556945,0,2026-10-06 01:36:15
2026-10-05 17:46:00,CNC-02,M,304.62454225578875,312.34721849741464,1951.347833859295,33.376990289852436,31.356917101453448,2.631885558725186,12.07569008797733,47.79736206710564,0,2026-10-06 01:36:15
2026-10-05 23:52:00,CNC-01,L,26.654412114864442,39.04244865535054,2625.6552866566362,16.594460444065533,174.7697985634738,3.720685346130594,8.44339179340951,53.50203265522991,0,2026-10-06 01:36:15
2026-10-05 05:33:00,CNC-02,M,296.42019767128306,310.0202444840584,2192.989972626947,28.20557937246962,89.23802906840243,2.880321730740956,11.507896623752204,58.896291872157455,0,2026-10-06 01:36:15
2026-10-05 17:12:00,CNC-01,L,299.79763740656523,314.0632595982124,1907.165623912309,37.91256313549164,102.62774576301086,2.5181728653822746,13.672621896511936,54.65791653824682,0,2026-10-06 01:36:15
2026-10-05 08:15:00,CNC-01,L,296.4062608718323,310.6952749612651,1530.3864477924146,47.766419524114134,119.3947852764626,2.2255842791714873,13.707608395372912,53.708183516620025,0,2026-10-06 01:36:15
2026-10-05 08:01:00,CNC-01,L,296.309567551406,310.29395126318485,1895.7751175428605,35.76465936495263,98.60218628358581,2.5875947032827002,12.911074714511537,63.64361855694943,0,2026-10-06 01:36:15
2026-10-05 13:46:00,CNC-02,M,297.34596947835666,311.95986131299713,1501.4237170112365,48.01903689827763,135.866488989588,2.333918521309768,13.439633001232023,54.60587492662983,0,2026-10-06 01:36:15
2026-10-05 03:28:23,CNC-01,L,297.2020728973026,310.957089079588,2567.3281600010423,23.49189334945869,163.10985505389266,3.5550074701954384,11.376783430505146,60.044048587081775,0,2026-10-06 01:36:15
2026-10-05 21:52:00,CNC-02,M,298.6936535870078,311.36911212915857,2677.7303675102326,17.663931115748923,121.4520915460959,3.300788706600774,8.803691631623833,54.77783968895925,0,2026-10-06 01:36:15
2026-10-05 08:41:00,CNC-02,M,295.86038534452024,310.27556864261965,1643.8931942536913,45.33245520545066,130.0118363765156,2.489471090688935,13.796295486658298,57.527244577762424,0,2026-10-06 01:36:15
2026-10-05 16:21:00,CNC-03,H,299.2366410963726,314.15079823971513,1806.450233726087,41.48134623406709,219.44783500711074,3.0571959337467725,14.222537249774462,48.95863491389506,0,2026-10-06 01:36:15
2026-10-05 02:11:00,CNC-01,L,297.88382367863284,310.5726038254448,2585.564306854846,20.108739617772482,77.16954886755602,3.1521654946261415,9.89866458417909,56.80759346782097,0,2026-10-06 01:36:15
2026-10-05 07:59:00,CNC-03,H,295.51546502603463,310.5257511148616,1737.1941947679238,45.25716314247379,221.64774591123734,3.0232866380707413,14.692224284708109,58.36817735580696,0,2026-10-06 01:36:15
2026-10-05 19:33:00,CNC-01,L,300.2956162581698,313.64435744533,2281.954068402747,26.571382573893185,93.5744681235499,2.798337161410445,11.211901069421634,48.73565414448415,0,2026-10-06 01:36:15
2026-10-05 08:17:00,CNC-02,M,3516.310347722214,310.34518176198736,1685.2928638870487,44.885066402222975,94.18567487078194,2.327674666037602,14.293305847085232,57.6626685142535,0,2026-10-06 01:36:15
2026-10-05 10:16:00,CNC-03,H,295.8288199340858,310.1453099750693,1416.5760060009416,49.7628515793487,167.86930054937093,2.4106488007262596,13.101659910927472,59.36513802208991,0,2026-10-06 01:36:15
2026-10-05 07:24:00,CNC-01,L,296.4988108859008,310.1954541496476,1787.5760511523222,37.11930347433782,44.8623985396842,2.4436759377994983,12.48211588998398,55.64077956526856,0,2026-10-06 01:36:15
2026-10-05 11:55:00,CNC-03,H,302.05655696726427,310.19402637181145,1337.4783523668568,54.19905164907596,50.77863533102888,2.128737067892378,13.241132366837135,46.51839955985399,1,2026-10-06 01:36:15
2026-10-05 20:42:00,CNC-01,L,300.1713475053075,313.84571594930395,2401.4624831266938,25.111281634353688,175.6378075688397,3.5644399921259904,11.130954091373228,49.056384330313264,0,2026-10-06 01:36:15
2026-10-05 09:21:00,CNC-02,M,295.42086072223105,310.62796899606025,1551.4951508029665,50.802508568661075,190.6263479884682,2.6913605253265236,14.46851079378652,57.61695864646051,0,2026-10-06 01:36:15
2026-10-05 12:58:55,CNC-02,M,297.23787786400584,310.9982249032913,1297.5581046106315,50.78935823362559,60.156917652863555,2.022517076976507,12.234266102239364,57.56404625704417,0,2026-10-06 01:36:15
2026-10-06 01:18:00,CNC-01,L,298.65394376860064,310.26274092470595,2694.4818387071978,14.4726076467847,53.2582187040805,3.1946547907398104,7.357247765160417,56.66175889292529,0,2026-10-06 01:36:15
2026-10-05 11:16:00,CNC-03,H,296.12563165702267,310.7392130835741,1328.7017348415673,51.76987362103545,262.68185067936787,3.2146335037722955,12.680388108407536,58.27513350522006,1,2026-10-06 01:36:15
2026-10-05 11:30:00,CNC-01,L,297.6603608844683,312.61737091604783,1571.4421208974281,47.68646161733317,215.1973104936358,3.119410288758673,14.106087124598387,53.97403029583871,0,2026-10-06 01:36:15
2026-10-05 22:02:00,CNC-02,M,298.70647339743266,311.6025098245318,2662.6301494780287,18.09390484154956,132.4445487797218,3.3824403430018104,8.93345184036447,54.151102693133616,0,2026-10-06 01:36:15
2026-10-05 07:42:00,CNC-01,L,296.55196166475343,310.90261817387363,1632.8133291935683,45.63476924424732,70.89965021412495,2.3485518526293725,14.033668351699527,60.501921878054354,0,2026-10-06 01:36:15
2026-10-05 11:53:00,CNC-01,L,297.86547625632306,311.7335531809379,1283.0927558307121,53.869208513232046,33.3842644936672,1.9544435459485883,12.96326238551516,56.3366520125158,0,2026-10-06 01:36:15
2026-10-05 22:00:00,CNC-01,L,299.9894052221396,311.9421637264133,2594.318592769391,16.52670269422695,54.37786486301067,3.2052273337630752,8.101550239049244,53.0305504418476,0,2026-10-06 01:36:15
2026-10-05 05:34:00,CNC-02,M,296.31860434355315,310.44844351568247,2039.7456577132123,34.65069361025302,90.54732666835613,2.7579239217748266,13.035202458663566,61.93115393914645,0,2026-10-06 01:36:15
2026-10-05 10:43:00,CNC-02,M,295.8248864768901,310.2094018695028,1367.6933150339557,50.858175092546006,61.61341592694662,2.006599929352903,13.155753699042116,59.65278341441601,0,2026-10-06 01:36:15
2026-10-05 19:09:00,CNC-01,L,26.932767612871032,39.730428601284245,2358.836797211878,23.253083165947462,63.91259719292253,28.786260248306696,10.022502284366695,51.816003421803686,0,2026-10-06 01:36:15
2026-10-05 05:33:00,CNC-03,H,295.7682535037905,308.9837443340289,2080.5479912839596,29.18515032646709,19.305424251344615,2.599931747408612,11.631160450060781,56.99707008223167,0,2026-10-06 01:36:15
2026-10-05 09:16:00,CNC-02,M,295.52609898405916,309.9661498184397,1359.271606265733,50.692024298543096,183.13034397827906,2.39406262554553,12.796182067302968,56.07617736793674,0,2026-10-06 01:36:15
2026-10-05 20:26:00,CNC-02,M,298.88810241046974,311.76959990624744,2472.3229145700748,22.02813840094438,24.428454699901085,3.0432711163602413,10.26143240345465,51.479081487419585,0,2026-10-06 01:36:15
2026-10-05 20:03:00,CNC-02,M,299.23748734597206,313.7963341230823,2376.847003335403,27.91431537260123,204.77554541383108,3.5526569519186477,12.325866569130849,52.6733058014484,0,2026-10-06 01:36:15
2026-10-05 03:58:00,CNC-01,L,296.98020412073697,309.93681432728346,2386.9108857817964,24.429588542029087,3.4817705832814756,2.9543024312087827,10.931374267229247,56.5644263114669,0,2026-10-06 01:36:15
2026-10-05 10:39:00,CNC-01,L,296.67032442911847,311.26361464144816,1506.3872437419498,49.4148171747278,134.27964315875985,2.360194345280673,13.710401568516781,58.34221635120685,0,2026-10-06 01:36:15
2026-10-05 13:29:00,CNC-01,L,298.56530541663886,313.57488724412957,1463.377229275485,53.3971995352088,185.28131291715457,2.6638065115793497,14.653424368343622,54.51823319726959,0,2026-10-06 01:36:15
2026-10-05 09:24:00,CNC-02,M,295.7763740393074,311.1136845013241,1424.212349535136,54.747641105382925,195.34282137483729,2.6555398580474128,14.573658760032908,63.23384260126845,0,2026-10-06 01:36:15
2026-10-05 20:07:00,CNC-01,L,300.4577590550346,313.8223661169762,2394.0904706364736,25.064538914090086,134.7446800071058,3.1714646600281857,11.1804869298966,52.563270839854155,0,2026-10-06 01:36:15
2026-10-05 09:04:00,CNC-01,L,296.47012272720474,311.5542799556875,1574.9695286568906,49.6374957849744,192.9752177872959,2.907632070883307,14.746178188338067,58.92824034797002,0,2026-10-06 01:36:15
2026-10-05 09:27:00,CNC-03,H,295.6929906063732,309.13994680903386,1399.8750647458476,46.91061807640193,91.15306579268974,2.1009145025550304,12.44871701805544,60.74572134499563,0,2026-10-06 01:36:15
2026-10-05 01:41:00,CNC-02,M,298.1935809349737,310.2336072430167,2752.9689123049775,15.754935998070865,48.85526626789818,3.196787239720877,8.116518534368879,54.89574302352056,0,2026-10-06 01:36:15
2026-10-05 11:49:47,CNC-02,M,296.14196028636013,310.93189946515673,1329.288830220815,53.99288335361527,168.03414228214487,2.292164364885751,13.507790493024926,62.28028763002693,0,2026-10-06 01:36:15
2026-10-05 12:41:00,CNC-01,L,298.1854758723247,313.5025521303006,1615.7661846516273,52.9525298206744,109.44412870052682,2.3357886460374764,16.183253306535974,58.043340702998066,0,2026-10-06 01:36:15
2026-10-06 01:04:00,CNC-01,L,298.88694135294054,310.28573240695613,2631.88258858564,14.280794496050023,38.33393799952076,3.2238891115178494,6.934222933822827,52.61626025131047,0,2026-10-06 01:36:15
2026-10-05 07:29:00,CNC-02,M,295.7933325076621,310.0807672027875,1737.1471404651768,41.953660177420154,24.344193008048066,2.422954346543893,13.665148140945973,54.033955339479036,0,2026-10-06 01:36:15
2026-10-05 19:45:00,CNC-02,M,299.0913302215886,313.37362781651507,2415.205586307955,25.68694193563538,183.13906850793748,3.578696604064164,11.658421940545237,53.86950161188223,0,2026-10-06 01:36:15
2026-10-05 18:30:00,CNC-01,L,27.09049418103615,40.84126686748732,2167.687046100715,30.967457014951883,14.394362091664126,2.8335100829263444,12.642498049807134,49.86889598347842,0,2026-10-06 01:36:15
2026-10-05 12:51:00,CNC-03,H,302.4504819330628,310.3663487521477,1367.4304314517713,48.18262116193273,139.48679989346496,2.1954733384884686,12.428579552488154,47.10142002869824,1,2026-10-06 01:36:15
2026-10-05 13:25:00,CNC-02,M,297.22762520374255,311.06500476179474,1368.1080545403574,49.01079877457456,102.85749177428394,2.1760394721858485,12.659779891911816,54.337470614993855,0,2026-10-06 01:36:15
2026-10-05 21:22:00,CNC-03,H,299.81246370823584,313.67399778968894,2504.053950506139,25.732569971529493,106.41548191798464,3.0904623372419113,12.379258480378185,49.98021419705502,0,2026-10-06 01:36:15
2026-10-05 02:01:00,CNC-01,L,297.9910444389378,310.3349476611662,2651.3846602601425,17.34026345503141,66.18636936541002,3.225291044510253,8.593931082048178,57.375566221250516,0,2026-10-06 01:36:15
2026-10-05 08:26:00,CNC-02,M,295.8238451032065,309.4896976498358,47261.35760377323,37.552497289048,,2.506093066821971,11.950384532575239,61.6381294596967,0,2026-10-06 01:36:15
2026-10-05 03:24:00,CNC-02,M,297.14986154139774,310.3975497324832,2509.7936590291106,22.747559778567776,164.13003440468054,3.409561029858964,10.69979825448136,55.06108668457427,0,2026-10-06 01:36:15
2026-10-05 14:37:24,CNC-01,L,298.53566972146643,312.61180617172016,1481.6177616131297,46.90682979528557,99.55951525538697,2.2266229965796773,12.971462797768755,53.869791525901036,0,2026-10-06 01:36:15
2026-10-05 03:05:00,CNC-01,L,297.4332534419986,310.13763996632173,2478.8913101898197,21.032056396144945,137.7422827258295,3.2825604976796106,9.690365769223776,53.6326403076477,0,2026-10-06 01:36:15
2026-10-05 20:35:12,CNC-02,M,298.8600900954875,310.85159230783404,2586.623142602044,15.297436383261221,35.938977165883024,3.1668245931864103,7.527863970366447,50.436638383900465,0,2026-10-06 01:36:15
2026-10-05 17:01:00,CNC-03,H,299.53871716872544,312.82464943059017,1831.6900283513842,33.693387751945906,26.8331093201228,2.5014645338878734,11.596192550838735,51.89780457232863,0,2026-10-06 01:36:15
2026-10-06 01:09:00,CNC-03,H,298.518627864815,310.7092820344542,2640.223499484111,17.033051718016065,83.11715356739559,3.223115477917289,8.240349669208372,59.219655254880976,0,2026-10-06 01:36:15
2026-10-05 06:56:00,CNC-01,L,296.59631685474363,309.95168191570593,1778.4090143199633,36.05776867343152,5.538951079039955,2.3663538835494973,12.060470012505709,58.09093574432621,0,2026-10-06 01:36:15
2026-10-05 03:15:00,CNC-02,M,297.3320861074064,311.26219935266784,2486.776946559825,25.31818853413726,153.70472241858465,3.2699230608637273,11.360415943174532,56.696893217182,0,2026-10-06 01:36:15
2026-10-05 19:09:00,CNC-02,M,31.44233488158693,39.214180658282146,2364.6564358180935,24.544870191665975,138.87752970303512,3.162426057318185,10.899487818981157,38.39600161354538,0,2026-10-06 01:36:15
2026-10-05 08:50:00,CNC-01,L,296.3347041010385,310.9894767721401,1687.8119717996522,44.546830710728436,171.72363490093545,2.867298944355878,13.892763933745256,61.94734953652156,0,2026-10-06 01:36:15
2026-10-06 00:18:00,CNC-02,M,297.9370960813476,310.22874074676866,2787.9815829797776,16.147724148215595,52.975389411634524,3.287129471000636,8.399536733555975,53.397098680735446,0,2026-10-06 01:36:15
2026-10-05 06:05:00,CNC-02,M,296.0161663435509,310.5303451614429,1998.4614612642163,36.14289119171218,131.28394309565945,2.8300238885410733,13.530351839924975,56.99065942714079,0,2026-10-06 01:36:15
2026-10-06 00:41:00,CNC-03,H,298.5291917839432,310.67665076890046,2693.6868247949174,16.00966048683528,53.10614566563287,3.261747372111234,7.963879375157521,56.95782542699403,0,2026-10-06 01:36:15
2026-10-05 16:12:00,CNC-01,L,299.4107128969763,313.10164851975077,1690.880893846062,40.07862814031817,17.50992494840841,2.224998354206965,12.573596879664667,51.577882639914364,0,2026-10-06 01:36:15
2026-10-05 11:01:00,CNC-03,H,296.24469429618716,311.21136592831493,1387.1551579004029,51.56383080038366,238.76897744303147,2.8623623314223883,13.510834506454355,58.67766489145855,0,2026-10-06 01:36:15
2026-10-05 18:45:00,CNC-01,L,27.05877194085201,40.083737900122514,2062.132513431386,28.19073159082484,33.68530644382617,26.26608077826344,11.012263962880986,50.21367372767328,0,2026-10-06 01:36:15
2026-10-05 05:14:20,CNC-01,L,302.224298783019,311.2111688803106,2280.5701148973567,34.461575492876925,96.07948644702056,2.9286334373588776,14.63946460536796,47.574856848618154,0,2026-10-06 01:36:15
2026-10-05 14:40:00,CNC-01,L,298.5641808029258,313.1385723705097,1606.0841755170657,46.144865260631775,3527.515466375712,2.3320066168572837,13.909423264569932,57.06756860774756,0,2026-10-06 01:36:15
2026-10-05 17:48:00,CNC-02,M,304.4677940962269,312.4504509562091,2125.3484236413165,31.43488082594095,34.01605061610923,2.6754886625884686,12.785832367462271,44.52519655477989,0,2026-10-06 01:36:15
2026-10-05 17:22:00,CNC-02,M,298.9457139751943,314.07084760036247,1916.7551696833673,38.723329936588826,242.32452660940385,3.826940842858448,13.95505132052248,51.56395446111571,0,2026-10-06 01:36:15
2026-10-06 01:25:00,CNC-02,M,297.5752469889749,310.82848929936995,2716.694860036081,18.996393482483885,124.38421318552425,3.4225821717023304,9.51406701674377,59.06229805676603,0,2026-10-06 01:36:15
2026-10-05 21:13:00,CNC-03,H,300.2545461291407,313.20093167932015,2587.9299471095624,20.810784996161463,96.3771053830657,3.232500095875785,10.13977650690179,49.38529937806783,0,2026-10-06 01:36:15
2026-10-05 04:08:00,CNC-03,H,296.6036500638228,310.62294774900334,2190.5589241241064,28.726237094255783,184.47248382373164,31.739502932722022,11.973255468189215,2159.525293465444,0,2026-10-06 01:36:15
2026-10-05 19:44:00,CNC-02,M,299.3600658668239,313.772076117633,2539.5118261947664,25.393802028728242,181.93854591108277,3.550989874815885,12.136497597418597,52.276114247873075,0,2026-10-06 01:36:15
2026-10-05 04:26:00,CNC-01,L,302.2767259358155,309.2668568467318,2467.142935028001,24.460664591497153,37.41416675251678,2.9893503798317105,11.18150948624645,46.929241675388226,0,2026-10-06 01:36:15
2026-10-05 16:36:00,CNC-03,H,299.22231039228825,313.89631043671153,1665.8948555403804,40.797316051581795,241.03590346101063,3.2372295322569506,12.731334371191076,52.80749919871435,0,2026-10-06 01:36:15
2026-10-05 06:36:00,CNC-03,H,295.37348547895283,309.77269562306856,2047.7242508199274,37.50382500028039,103.53598556534078,2.7032843659040293,14.365331890176494,62.812133981857485,0,2026-10-06 01:36:15
2026-10-05 13:04:00,CNC-02,M,297.22944985968746,311.0870405172861,1294.515320901758,50.44641410257354,69.67218696921516,1.973061046036571,12.248953816334646,54.03062397909918,0,2026-10-06 01:36:15
2026-10-05 16:33:00,CNC-03,H,299.3674470479976,314.75944257261045,1766.810200115728,44.9191535592882,236.7123608793789,3.27693140806002,14.701059239207481,50.664495678791866,0,2026-10-06 01:36:15
2026-10-05 16:35:00,CNC-02,M,298.7735017115291,313.91961629499525,1896.715287263533,40.27663259842184,176.69627090717955,27.89010576037661,14.422220019867462,49.33241757234927,0,2026-10-06 01:36:15
2026-10-05 14:32:00,CNC-01,L,298.71480479948667,313.04135950451007,1384.1746778486984,53.22419574647939,93.37076311355536,2.2559698704046407,13.857013258635936,52.07116002646276,0,2026-10-06 01:36:15
2026-10-05 13:50:00,CNC-02,M,297.4936716374108,312.1632438887512,1466.8686861871645,49.13478853849097,142.15383153220813,2.236968833277007,13.770776754868354,48.56282484097076,0,2026-10-06 01:36:15
2026-10-05 18:06:00,CNC-03,H,299.9973740331747,313.99910401193625,1963.782610242828,34.71248973047147,115.21574167494794,2.6309313404740844,12.666459962984003,53.99023762774267,0,2026-10-06 01:36:15
2026-10-05 08:10:00,CNC-03,H,295.279882762642,309.90321132629583,1666.5524603960278,41.676833069886555,237.79301151169454,3.222418206785812,13.120205431724635,58.657910288082434,0,2026-10-06 01:36:15
2026-10-05 11:37:00,CNC-01,L,297.29013890681074,311.29618981125407,1401.2116247195704,53.334744769309005,7.947837767203609,2.108971449830193,14.069887450484618,57.79859985868905,0,2026-10-06 01:36:15
2026-10-05 10:47:00,CNC-02,M,296.00031503943296,309.98786942991944,1384.318479100793,49.89800894323843,67.96096860280451,2.029551743257877,13.212974331178216,56.839379404685296,0,2026-10-06 01:36:15
2026-10-05 09:31:00,CNC-02,M,295.8968286077931,310.86777042734974,1554.574119253994,48.25651847483064,206.11936255771218,2.925264845158373,14.240806369937335,58.275536410217086,0,2026-10-06 01:36:15
2026-10-05 08:33:00,CNC-03,H,295.67231240362673,309.34376785362554,1653.5575836606267,41.09358133105521,8.912076267236232,2.3211868466601224,12.695506107098618,63.559314354577836,0,2026-10-06 01:36:15
2026-10-05 06:51:00,CNC-01,L,296.3209952463093,311.644453000975,1814.5760549907409,43.132614786571494,226.8600989220713,3.385952842631654,14.496014285249935,58.48704562219276,0,2026-10-06 01:36:15
2026-10-05 10:38:00,CNC-02,M,295.97021484684586,310.4656245810972,1498.0904398490366,49.569039076383476,53.75845139870324,20.131044139799467,13.997438407650408,60.27667606351339,0,2026-10-06 01:36:15
2026-10-05 12:59:00,CNC-02,M,297.09360517462125,311.2589190993736,1401.537259032704,49.58550466165097,,2.0261124768971563,13.243462602134802,51.111497171501064,0,2026-10-06 01:36:15
2026-10-05 03:57:00,CNC-02,M,296.9598465342159,310.9174445520618,2365.6739252026296,25.582172675818743,203.04863992757222,3.5647042255412065,11.18382106128885,57.160503850340035,0,2026-10-06 01:36:15
2026-10-05 10:46:00,CNC-01,L,296.8233692006058,310.9148736654827,1288.8055416322932,51.84841982488387,145.42547913960058,2.2043754962352016,12.48484998126855,54.24555305539476,0,2026-10-06 01:36:15
2026-10-05 14:40:00,CNC-03,H,298.4155577952475,311.9733712742586,1452.8522091693023,44.982452854971285,68.42622974323218,2.2484761249050647,12.610650822455785,52.55476458324942,0,2026-10-06 01:36:15
2026-10-05 18:48:00,CNC-02,M,31.753355601925023,39.87093416185934,2163.410239200808,31.137091834336985,112.51499852348448,2.8413921291194906,12.881922450371317,43.46292073168285,0,2026-10-06 01:36:15
2026-10-05 04:33:00,CNC-01,L,302.1532394222404,310.0976432737303,2184.9769942732664,30.42990506038684,46.02064268746585,2.772872303493576,12.34275994405308,43.42869561266423,0,2026-10-06 01:36:15
2026-10-05 21:00:00,CNC-01,L,300.1361174467359,312.64122715449076,2582.4953195361045,16.858570355432757,196.25110796061148,3.830565074739565,8.096380290527435,46.45354601610726,0,2026-10-06 01:36:15
2026-10-05 20:29:00,CNC-01,L,300.5592473429198,314.38273524717374,2419.3340579927017,25.206567647792916,160.5567289438103,3.5329337209287717,11.329884692449665,48.01479567313587,0,2026-10-06 01:36:15
2026-10-05 21:13:00,CNC-02,M,298.6731890658331,311.4230520777474,2581.8466706843487,,78.21414671613779,3.149013640153769,9.366498923674442,50.39377162853489,0,2026-10-06 01:36:15
2026-10-05 09:37:00,CNC-02,M,295.8758784327856,310.8951769801029,1522.3341099608203,47.72262622440151,215.37258182479087,2.9723561647345935,13.57325968480623,54.7308086105014,0,2026-10-06 01:36:15
2026-10-05 09:01:00,CNC-01,L,296.3318945161718,310.9505835620621,1456.8897258418979,48.88617463015069,188.4608141791528,2.6954903908446646,13.302945704844875,57.838399217792045,0,2026-10-06 01:36:15
2026-10-05 15:55:00,CNC-02,M,298.4902615010961,312.71730940667214,1640.5714439430749,41.584219529650746,118.70419331305827,2.3320330861958944,12.635819340081664,49.59797183481765,0,2026-10-06 01:36:15
2026-10-06 01:10:00,CNC-01,L,298.7368410687128,310.0111849553177,2714.2202745448835,12.953652066733362,44.730230471229376,3.315542468258674,6.54937787048167,51.70765331174971,0,2026-10-06 01:36:15
2026-10-05 06:27:00,CNC-02,M,296.0638500880278,310.8954603479116,1964.2303119366895,38.56404448886619,160.8097312866562,2.8878021152379163,14.407645405179332,57.83449663166734,0,2026-10-06 01:36:15
2026-10-05 10:50:00,CNC-01,L,297.0627770552115,311.4858860239606,1427.1615505346383,50.5978465757676,151.7284072136174,2.459778017627599,13.537535903124512,58.69647991628915,0,2026-10-06 01:36:15
2026-10-05 11:21:00,CNC-03,H,301.8452175689893,311.03008413861824,1367.2393223191862,53.855315350355106,270.58648029921784,3.3213411879954493,13.610258292019198,46.968783307452995,1,2026-10-06 01:36:15
2026-10-05 07:45:00,CNC-01,L,296.5650760447034,310.4832321868319,1857.35194258244,38.105537575812455,75.24606100144273,2.50693400222752,13.191369449780494,60.069654976458814,0,2026-10-06 01:36:15
2026-10-05 08:12:00,CNC-02,M,295.85091596330795,310.1498091853356,1637.6554126647268,45.805904648982775,86.81128586917539,2.286766219857972,13.730668920501513,57.14934797272703,0,2026-10-06 01:36:15
2026-10-05 06:41:00,CNC-02,M,296.2031761563504,310.7436009424767,1892.0365173956134,37.407029265961505,179.99913346543335,3.050138494013064,,57.900126558343835,0,2026-10-06 01:36:15
2026-10-05 18:13:00,CNC-03,H,26.80341439201908,40.8712642869674,1951.2099941719162,36.127280470178725,124.36343237128385,2.72651546205778,13.338775081335667,55.19768681059357,0,2026-10-06 01:36:15
2026-10-05 12:50:00,CNC-03,H,302.66191396231324,310.976886301796,1308.572587341081,53.75623234349307,137.91545937706954,2.1241267782025943,13.31367251781734,51.518959173451336,1,2026-10-06 01:36:15
2026-10-05 18:48:00,CNC-03,H,26.85345502929846,41.50576562823801,2078.53526967421,33.831076800952125,169.63794403185534,3.0250250862088053,13.189233329450282,53.84271925544253,0,2026-10-06 01:36:15
2026-10-05 15:24:00,CNC-02,M,298.19530846522287,313.08644343480967,1620.6695133599453,48.73277131390003,72.830111655544,22.22368886755828,14.990380577534308,51.76521897161549,0,2026-10-06 01:36:15
2026-10-05 03:45:00,CNC-03,H,296.7787047718343,310.18353811123427,2498.511675435274,22.119451821923967,156.92271436356367,3.2981304391467154,10.66997223210383,56.948823619348055,0,2026-10-06 01:36:15
2026-10-05 23:47:00,CNC-03,H,26.021786983086372,40.03334964437403,2697.9962996122745,22.49895856594894,263.73685402425195,42.762744384080136,11.572133784918123,51.35288046986091,0,2026-10-06 01:36:15
2026-10-05 14:48:00,CNC-01,L,298.82850430750506,313.00086423016415,1479.6847114845614,47.07412153007517,117.89531423648603,2.2737383961531092,12.982989020030422,53.03031513619324,0,2026-10-06 01:36:15
2026-10-05 09:54:00,CNC-03,H,295.5140536295824,309.743560100992,1341.3213732188665,51.70473794115915,133.32158813316732,2.196020181594076,12.953015753710496,57.698176598737774,0,2026-10-06 01:36:15
2026-10-05 07:50:00,CNC-01,L,296.3561207878068,310.5974115146865,1842.9359236464147,37.80109336093402,82.52197651943929,2.4462183990134765,12.803042204643173,55.882373313663756,0,2026-10-06 01:36:15
2026-10-05 23:55:00,CNC-02,M,24.723780470567192,35.59161814290741,2774.4565535604015,10.36951659785236,28.619344120999052,3.258042202165761,5.65034376620826,55.983322287131415,1,2026-10-06 01:36:15
2026-10-05 04:52:00,CNC-02,M,296.4660830528098,310.21279059053006,2161.5622092532703,31.573241360405383,37.25135736252218,2.751488794748887,12.724402467596638,56.927146984880444,0,2026-10-06 01:36:15
2026-10-05 13:01:00,CNC-02,M,297.55784099400506,311.3868920924573,1347.801052372363,48.479125380994,64.88818773079164,2.0773661112815485,12.087254714457718,53.274093380312024,0,2026-10-06 01:36:15
2026-10-05 20:48:00,CNC-02,M,299.0967732972795,312.6341132630243,2346.0505501703383,25.728592210694174,49.84402924370021,2.9691368638074733,11.349085356752921,51.55558767228582,0,2026-10-06 01:36:15
2026-10-05 03:56:00,CNC-03,H,296.6522885163115,310.83831176995955,2384.1289146700924,26.99669066145352,170.0199129805854,3.310006955020266,12.03075529746497,56.36915488754954,0,2026-10-06 01:36:15
2026-10-05 18:37:00,CNC-02,M,31.405589451057722,39.28724681887218,2281.179040157821,28.03759817536241,98.40780769629266,2.969008167013148,11.954672097617793,38.579216499175736,0,2026-10-06 01:36:15
2026-10-05 18:52:00,CNC-02,M,31.358596810296604,39.54103034130196,2193.202422546536,31.212385889008868,117.58305722986029,2.9512592847568917,12.665891544366639,45.46914502695457,0,2026-10-06 01:36:15
2026-10-05 04:25:43,CNC-01,L,302.28073505125195,309.1875400615915,2194.5104748761173,25.77319186795996,38.66375639528026,2.710194492681068,10.413347800274764,47.396131406327164,0,2026-10-06 01:36:15
2026-10-05 03:19:00,CNC-01,L,297.3162372617392,310.13126028571304,2451.870662251585,19.70843218566936,153.88957267557947,3.3651888310356917,9.031652029722085,56.7867780255696,0,2026-10-06 01:36:15
2026-10-05 12:16:00,CNC-03,H,301.87558672087164,310.32378014472215,1397.7554316231106,52.85530543768518,84.1009917427072,2.117724240397151,14.175343999965142,47.70163319704452,0,2026-10-06 01:36:15
2026-10-05 02:59:00,CNC-01,L,297.65834640299477,311.6056047416252,2508.3786598811826,26.30283604872275,130.86469305439675,3.2492077790417317,12.372895453037417,55.78290210923492,0,2026-10-06 01:36:15
2026-10-05 02:30:00,CNC-03,H,297.7299499597945,309.6492885447432,2660.939513955517,15.766633518699878,70.6124067123129,3.1608884658248586,7.828350907566601,50.38163035394693,0,2026-10-06 01:36:15
2026-10-05 08:19:00,CNC-01,L,296.57722867696646,310.90506682420573,1642.1756258295932,44.023416442023894,125.2376597607121,2.454638607741157,13.48535776620195,56.025065397942896,0,2026-10-06 01:36:15
2026-10-05 13:20:00,CNC-03,H,297.70179029770054,312.7209927814324,1445.1177195145956,53.876404081429285,185.37037761738748,2.488724825775095,14.435316586801926,56.65074771516111,0,2026-10-06 01:36:15
2026-10-05 07:02:00,CNC-02,M,295.88682719943176,311.4632407014881,1743.9173830574284,46.883351560178255,209.33940170581553,3.1747391354182244,15.297376350832783,57.95495566980144,0,2026-10-06 01:36:15
2026-10-05 03:03:00,CNC-02,M,297.56227016434843,311.01538082042896,2493.8289774895507,23.037685698203525,140.14412278600187,3.213909452366485,10.60913854514116,58.44418988278141,0,2026-10-06 01:36:15
2026-10-05 20:06:00,CNC-03,H,300.290550647768,312.49900528796513,,20.097750189674116,19.091809229234748,2.9351981297090997,9.317258068783204,45.86025792539785,0,2026-10-06 01:36:15
2026-10-05 15:49:00,CNC-02,M,298.43894229066717,313.6011018051523,1708.0750555360084,46.98214682857038,109.84609013308383,2.2235623537995814,15.445853885508772,52.81222897009441,0,2026-10-06 01:36:15
2026-10-05 05:05:00,CNC-03,H,296.1075992858174,310.91722751813074,2175.062083809725,31.574332997417322,254.81374907100349,3.8119440724818636,12.998466230552383,56.01283308781428,0,2026-10-06 01:36:15
2026-10-05 11:22:00,CNC-02,M,295.780822053858,310.007191823083,1373.4622486412168,50.58577290496601,123.52943790531367,2.1942872842077117,13.011126511176776,57.24332265788092,0,2026-10-06 01:36:15
2026-10-05 08:42:00,CNC-03,H,295.5301252484309,309.2881834477951,1539.2105416745492,44.84743543372075,22.547292206354754,2.1521166411778956,12.973943067441471,56.14881028942722,0,2026-10-06 01:36:15
2026-10-05 18:55:00,CNC-03,H,26.594168148620213,40.44496063785664,2140.2994643976376,30.14617755493557,178.6532885285592,2.9987082592732377,12.307513455445141,50.8374576078005,0,2026-10-06 01:36:15
2026-10-05 19:19:00,CNC-01,L,300.3435596078728,313.4257092374466,2388.659012134867,23.754316559764256,76.4063115281591,3.004623241754359,10.748924628817358,47.93502188089089,0,2026-10-06 01:36:15
2026-10-05 16:35:00,CNC-03,H,299.3321522421882,315.11318337976815,1914.6273058845923,43.67348301463685,239.5992314908615,3.4015374409918677,15.629757997022407,54.231508469517586,0,2026-10-06 01:36:15
2026-10-05 04:52:00,CNC-03,H,295.94272237939526,310.3822465349673,2311.6121810421,28.032970276241333,238.626766448304,3.8953876165541423,12.025868948025282,53.28545504051225,0,2026-10-06 01:36:15
2026-10-05 16:07:00,CNC-03,H,299.32055556278976,313.7540127620994,1589.089436421711,44.51754353175802,199.2704478399427,2.7212223027476248,13.084181638263164,51.29563159367712,0,2026-10-06 01:36:15
2026-10-05 12:35:00,CNC-02,M,296.84249978958206,311.0406901997209,1355.8755070644563,52.79638904289273,23.764100747233115,2.066103886708455,13.4454303384879,57.31337705623771,0,2026-10-06 01:36:15
2026-10-05 12:30:00,CNC-01,L,297.90018482825224,312.5569066131313,1447.6517744632717,53.084489928636025,92.04589775236322,2.228772861350666,14.614186664905489,58.69682005217703,0,2026-10-06 01:36:15
2026-10-05 21:02:00,CNC-01,L,300.43779974655325,313.83815882013596,2595.22481061565,20.98305076325156,198.48067281345047,3.8039745724417933,10.274653799184565,52.801694430935456,0,2026-10-06 01:36:15
2026-10-05 02:14:00,CNC-03,H,297.9269440593917,309.7759786319827,2672.0330961118893,16.475833858078857,52.78744034558071,3.166478458771501,8.14841800162807,54.055207691955,0,2026-10-06 01:36:15
2026-10-05 04:44:00,CNC-01,L,302.0202781751196,309.1085604130825,2288.3755324642098,24.344380160187455,59.63988906181733,2.8130795687861774,10.378900600915184,49.68437337495565,0,2026-10-06 01:36:15
2026-10-05 02:53:00,CNC-02,M,297.6825118917334,312.11289352180904,2343.7913391582665,30.388586448896586,128.73086865114212,3.0072102270332746,13.350559712726046,59.046374212285286,0,2026-10-06 01:36:15
2026-10-05 06:54:00,CNC-02,M,295.78164036002005,311.26871741639604,2017.5855763559123,39.2060668064558,198.063661783162,3.171971596035442,14.587015319845237,58.77574359123157,0,2026-10-06 01:36:15
2026-10-05 18:58:00,CNC-02,M,31.536688235264194,39.66826334110175,2075.0779490950936,31.769678118726894,125.12895625143666,2.82973755024264,12.325893305381213,43.048758372870516,0,2026-10-06 01:36:15
2026-10-05 04:41:00,CNC-03,H,296.12340080840283,310.48816714387834,2278.3651815313597,29.691971805170155,224.83506624484113,3.563015748342344,12.539676867046957,55.89906434140026,0,2026-10-06 01:36:15
2026-10-05 10:53:00,CNC-03,H,296.29922707581085,311.01723247357035,1423.8047526118544,49.28848564104051,226.18210336862973,27.855651846842925,13.335065859223604,58.39123714829059,0,2026-10-06 01:36:15
2026-10-05 17:26:00,CNC-02,M,298.891723068671,312.60597195154224,1895.0058625746888,36.8046254748878,4.193107750420368,2.5575665424036518,13.09629919448217,52.5957657550608,0,2026-10-06 01:36:15
2026-10-05 02:13:00,CNC-01,L,298.005281763264,310.3627100416222,2530.3357731526967,19.04454597552709,79.37486210752188,3.065943620973023,,55.611676879971995,0,2026-10-06 01:36:15
2026-10-06 00:04:00,CNC-03,H,26.206966913804536,37.90964036613963,2660.4406458603953,15.781812035447805,13.938598955445073,3.1734306531803247,7.88907130361403,52.28847880899623,0,2026-10-06 01:36:15
2026-10-05 17:25:00,CNC-03,H,299.79428314830767,313.98870459257694,1875.9683649804788,37.91604212503485,59.96691714803842,2.534598293093097,13.705672874424524,45.342331038876196,0,2026-10-06 01:36:15
2026-10-05 04:09:00,CNC-01,L,302.33990001326106,309.8060809941817,2246.7811393906222,28.262531698999094,16.762209552191052,2.8272568290290927,11.865818428507142,46.90583545893402,0,2026-10-06 01:36:15
2026-10-05 14:10:00,CNC-02,M,297.80137554128817,312.89912313103105,1436.7371260809505,52.8715147440433,173.5181213945441,2.5209599582327207,14.208002773731135,51.63703166005099,0,2026-10-06 01:36:15
2026-10-05 16:24:00,CNC-01,L,299.5028483104211,313.4896388256232,1738.1962972019573,39.52098139148685,34.873847006053296,2.4138592559736884,12.873898629072688,50.964785744800835,0,2026-10-06 01:36:15
2026-10-05 06:50:00,CNC-02,M,295.9829120229478,311.2790235101951,1937.0694570044961,40.0209333216177,192.51447135574745,3.09600640168807,14.58127267885728,60.442836227719695,0,2026-10-06 01:36:15
2026-10-05 04:48:00,CNC-03,H,295.99715297182956,310.6130127743581,2194.220029649827,31.40043380656773,233.71325463605473,3.5920671274681735,12.859799721312555,57.72180040326264,0,2026-10-06 01:36:15
2026-10-05 20:48:00,CNC-01,L,300.40665319574987,313.5690608166571,2413.4659729342866,22.050792913460086,182.57871889935078,3.5719925136476935,9.97381526079681,49.42253615436417,0,2026-10-06 01:36:15
2026-10-05 09:09:00,CNC-01,L,296.61407465062666,311.9381701027959,1501.8805394384492,54.035347633143594,200.62104957057736,2.946012383413805,15.281509999830947,54.73244964053047,0,2026-10-06 01:36:15
2026-10-05 04:47:00,CNC-03,H,296.34096981998664,311.39465994136754,2386.796631434075,30.648625189326612,232.45661098947065,3.8048857501044733,13.667177724729179,59.86097436105175,0,2026-10-06 01:36:15
2026-10-05 16:24:00,CNC-03,H,299.4206545073788,314.5521292612573,1692.6411420997404,44.697918218716765,223.8121971667166,2.9529546272171587,14.011373734069172,51.76274187345555,0,2026-10-06 01:36:15
2026-10-05 03:01:00,CNC-01,L,297.6851406472034,311.23849766458017,2501.320708538722,22.702720608311775,133.18089205366502,3.278707696785836,10.619713235165552,56.751138464535885,0,2026-10-06 01:36:15
2026-10-05 07:57:00,CNC-03,H,295.58351850620846,310.698538737,1622.3048013773364,45.505462910520386,218.68654492119867,3.0174856503997063,13.990696364199158,57.79054999278989,0,2026-10-06 01:36:15
2026-10-05 20:58:00,CNC-02,M,298.7794600895901,311.7442110413871,2545.006279549137,21.952302385835612,61.141034146792094,3.080905825834656,10.679240958438433,55.41380843567028,0,2026-10-06 01:36:15
2026-10-05 17:21:00,CNC-03,H,300.0107403479991,312.6942120467855,2026.9870271366306,26.00973566768045,54.5068316730544,2.6071373603635246,9.8237901880801,51.47415020062279,0,2026-10-06 01:36:15
2026-10-05 08:18:00,CNC-03,H,295.4104078361562,310.45577588680146,1697.5345970159976,44.106597658382405,249.58038222347955,3.3368416441256854,13.983468097406321,61.576599841950085,0,2026-10-06 01:36:15
2026-10-05 17:44:00,CNC-01,L,299.6047855743011,314.9122372053987,2002.420269267857,40.269516803833504,146.43867656188598,2.9171693017754654,15.016252864464725,54.820599053310396,0,2026-10-06 01:36:15
2026-10-05 19:38:00,CNC-01,L,300.80312250975254,315.1476591490482,2355.412672747756,29.4339590789286,99.70461033823013,2.9482689914878892,12.881890612920373,48.498145809094744,0,2026-10-06 01:36:15
2026-10-05 10:21:00,CNC-01,L,297.0194120633979,311.0287519422009,1406.630474858892,48.677820627809766,105.81461107238675,2.2546953493809068,12.738759679599612,54.177769260218554,0,2026-10-06 01:36:15
2026-10-05 23:34:00,CNC-01,L,26.73619593541821,40.07749646585307,2615.404572317747,21.331601760185812,155.5919201628533,3.5682585215696214,10.566809719379009,45.43068513022607,0,2026-10-06 01:36:15
2026-10-05 20:31:00,CNC-01,L,300.3190175224621,314.953790642593,2414.4210009371113,30.39581320714344,162.96821979201133,3.375548790490228,13.432987715018564,52.80042833699963,0,2026-10-06 01:36:15
2026-10-05 18:07:00,CNC-03,H,299.880639967961,313.9556130096602,2023.3280617888086,33.691487003203065,116.53607242570185,2.710517841646475,12.894317642776121,48.272447276623254,0,2026-10-06 01:36:15
2026-10-05 19:22:00,CNC-03,H,300.05979606800724,314.2055562381,2391.925552275943,26.84624239985978,212.74246916406727,3.4812977693083633,12.104120434391191,51.94621100502981,0,2026-10-06 01:36:15
2026-10-06 00:14:00,CNC-02,M,24.696790895304332,37.06276711362648,2772.60595945593,15.947094116456238,48.744080053862504,3.321336824294053,8.219234493355335,54.83140757822554,0,2026-10-06 01:36:15
2026-10-06 00:00:27,CNC-03,H,26.087930424505203,37.830644433962505,2672.584806903937,15.914126825942798,8.613695713798029,3.2445701172229655,7.841025377555536,51.32819975746023,0,2026-10-06 01:36:15
2026-10-05 19:20:51,CNC-02,M,299.085843074123,312.55962253945455,2219.994478213173,24.40534122401823,155.0547416978186,3.04559021065491,9.980877999566069,51.31187439778529,0,2026-10-06 01:36:15
2026-10-06 00:10:00,CNC-02,M,24.538228817152913,37.08645845743109,2727.3483852004156,16.900082370902037,44.54232472831187,3.228871914604053,8.504370922773086,57.69713035577423,0,2026-10-06 01:36:15
2026-10-05 19:16:00,CNC-02,M,25.752877501930584,39.85070262648645,2269.5446855502946,28.74595249269689,147.65797471587226,2.9983626816714044,12.340574596980815,54.401706275821354,0,2026-10-06 01:36:15
2026-10-05 05:57:00,CNC-02,M,296.00930689261656,310.27666406699086,2132.3004767686134,33.25916068046432,120.64781827016527,28.735520684449536,13.329019998464375,58.81315932204944,0,2026-10-06 01:36:15
2026-10-05 07:16:00,CNC-02,M,295.81965314578247,,1869.4111915293224,35.72901712649614,5.615718626626403,2.4947584407054757,12.550375395757568,58.74923881757902,0,2026-10-06 01:36:15
2026-10-05 23:44:00,CNC-03,H,26.332528540125054,39.84667555074907,2665.082401760658,19.953047541007418,260.55407064201614,4.500968616722852,10.050363745879759,49.89624738174753,0,2026-10-06 01:36:15
2026-10-05 16:11:00,CNC-02,M,298.4891844114709,312.94283824946876,1689.3728648092663,40.63924493684289,142.01644263719783,24.228011583626014,12.683096642917034,57.075379825535066,0,2026-10-06 01:36:15
2026-10-05 05:10:00,CNC-02,M,296.31856839678767,309.90979217051495,2219.2305895220647,29.77336604956404,59.81993139645259,2.894589766430511,12.222613877182315,54.77188715966162,0,2026-10-06 01:36:15
2026-10-05 02:54:00,CNC-02,M,297.6100045317131,310.08892914811724,2613.6083977006338,17.740085948436985,129.8450750132638,3.389163937740623,8.593283455257627,52.92720428312926,0,2026-10-06 01:36:15
2026-10-05 11:29:00,CNC-03,H,301.71428030882737,309.5032613116468,1428.768465287737,49.62249155239345,9.50800971898382,2.1766298781163345,13.245667512415393,47.57822975402236,0,2026-10-06 01:36:15
2026-10-05 04:12:00,CNC-02,M,296.8759937933459,311.4334557513239,2444.956562093474,27.998055280717857,221.0574225790884,3.809004937213085,12.773926213920944,54.887419382228764,0,2026-10-06 01:36:15
2026-10-05 05:49:00,CNC-03,H,295.70081091521735,310.3362322424528,2057.992631357661,37.87854562660959,40.06221312994852,2.6329189422117607,14.547126030375209,54.29148577820537,0,2026-10-06 01:36:15
2026-10-05 06:58:00,CNC-02,M,295.9893252064212,311.2695308036659,2009.8505361587759,38.53523671089384,203.61243237081618,3.2426204993478733,14.769267802969907,58.49035339795023,0,2026-10-06 01:36:15
2026-10-06 00:06:00,CNC-01,L,26.12886444710955,38.96502729474821,2746.0031443839453,17.218217306268556,189.5389299336827,3.9715175669215363,8.743974977689687,55.0286255727036,0,2026-10-06 01:36:15
2026-10-05 09:43:00,CNC-02,M,295.75024504801416,310.798399634629,1446.3944654740685,50.63767157395396,224.6191512228689,2.9899197296504605,13.95214020330523,56.35196188342725,0,2026-10-06 01:36:15
2026-10-05 16:59:00,CNC-01,L,299.9520500775225,314.1029339956693,1746.4940385723785,39.84105431386897,84.3458945714422,2.3992924322879525,13.271583740749058,49.40056799526093,0,2026-10-06 01:36:15
2026-10-05 19:34:00,CNC-02,M,299.3366718672467,313.484622758201,2221.8530865829157,27.765229049004063,169.79397939256447,3.170886826931726,11.691293848954668,52.77908510728984,0,2026-10-06 01:36:15
2026-10-05 07:51:00,CNC-03,H,295.6559542428723,311.5876767872791,1762.1033995375112,50.298018449700876,209.8807602314847,2.9827462554835207,16.931697329018636,56.09924577377667,1,2026-10-06 01:36:15
2026-10-05 22:08:00,CNC-02,M,298.7710498061746,312.34488667298,2581.055824871791,21.16526533472193,139.20651741869878,3.3385689108372136,10.232896533107233,48.51925268746812,0,2026-10-06 01:36:15
2026-10-05 02:50:00,CNC-01,L,297.77329092150427,309.4697444661896,2637.4898042097516,15.734473456935367,120.72797203694122,3.340224826158209,7.661533950568079,53.31429634909302,0,2026-10-06 01:36:15
2026-10-05 15:32:00,CNC-03,H,299.2338149057236,314.07655285695466,1557.8504076818986,47.8487110582306,147.30966005554748,2.406913162807746,13.921681528745953,49.71883383139062,0,2026-10-06 01:36:15
2026-10-05 18:28:00,CNC-03,H,,,2121.5380072865673,29.38272248065224,143.86493661004033,2.9377631291752295,11.617079027478638,51.72788801137431,0,2026-10-06 01:36:15
2026-10-05 15:58:00,CNC-02,M,298.5991982641118,312.80016682417903,1575.5350906713923,41.9179283248648,123.12056426277786,2.244792265996074,12.25386882481365,50.48355085091283,0,2026-10-06 01:36:15
2026-10-05 22:02:00,CNC-03,H,300.0887593702643,311.6633314728208,2652.6317598162827,12.57112102313826,150.87284783775632,3.4240001014257615,6.259666285817884,,1,2026-10-06 01:36:15
2026-10-05 20:19:14,CNC-01,L,300.47575654859463,313.8742703341916,2417.5130853139503,23.658311348397948,150.17613979981377,3.3348539473468697,10.571852641140595,49.11378163044798,0,2026-10-06 01:36:15
2026-10-05 02:45:00,CNC-03,H,297.3351387674053,310.12038823749543,2462.0174011803992,20.388884151046284,87.40770034374509,3.10733673431941,9.433146929014452,55.50493467141165,0,2026-10-06 01:36:15
2026-10-05 03:18:00,CNC-01,L,297.5786423773036,311.2280598978759,2376.4623925507,25.031644903348027,152.73607561616487,31.917419705405557,10.98203207607464,56.65206284570627,0,2026-10-06 01:36:15
2026-10-06 01:22:00,CNC-01,L,298.621092866822,311.1811266931393,2603.9773010841736,19.17300063618127,57.525249411022045,3.167114410204474,9.374284223513975,57.43853098318245,0,2026-10-06 01:36:15
2026-10-05 04:27:00,CNC-02,M,296.9186158848982,309.55620689672145,2294.1783215247838,22.900424293866777,6.128656997821713,2.8227728591016534,9.953261479297376,55.90799175749205,0,2026-10-06 01:36:15
2026-10-05 20:06:00,CNC-02,M,299.2727954146245,311.5760584349055,2482.1576463258734,19.906406225142675,1.1539595222424626,3.0129338480960275,9.304745101623386,50.21264360812128,0,2026-10-06 01:36:15
2026-10-05 17:02:00,CNC-02,M,298.85110784622003,314.1701289891001,1941.0031986123327,39.69658967990768,214.48958917124327,3.3472142926360213,14.18442566828686,53.487812417505225,0,2026-10-06 01:36:15
2026-10-05 17:12:00,CNC-02,M,298.9135812088077,314.4125228654653,1939.7146970490994,41.016960072968764,228.47207761131378,3.429796971129052,15.025565370130924,53.91783405005374,0,2026-10-06 01:36:15
2026-10-05 10:17:00,CNC-03,H,295.7997272030137,310.545831028757,1510.762249872633,48.297458486137245,169.4024523235093,2.3817879035701153,13.423963757333237,61.15426387605971,0,2026-10-06 01:36:15
2026-10-05 05:42:00,CNC-01,L,302.23826222767894,310.0418789825324,2120.0219467571496,30.809361351284977,133.59499521547323,2.992132291015478,11.997918755217318,45.581499637331554,0,2026-10-06 01:36:15
2026-10-05 13:14:00,CNC-03,H,297.34645170861194,312.2958463553578,1387.411282011798,54.3489965225277,175.86835918749108,2.5047311954058196,14.288124559611157,59.484580776345744,0,2026-10-06 01:36:15
2026-10-06 00:19:00,CNC-03,H,299.3480463919577,310.30996569197504,2748.941535025813,10.271155494491166,29.846534117590465,3.2868973058920132,5.268751358009673,55.50329117065559,1,2026-10-06 01:36:15
2026-10-05 08:30:00,CNC-02,M,295.8787645839251,310.3761059572935,1493.4070962326605,47.54760532313997,113.49119601849162,2.2758543425712787,13.370911911595467,53.83598251143509,0,2026-10-06 01:36:15
2026-10-05 21:04:00,CNC-03,H,300.58760558535346,312.9096072551253,2503.664198182248,18.462422643662265,86.25907952346132,3.1416687966967913,8.636395799183571,53.25623903659169,0,2026-10-06 01:36:15
2026-10-05 07:30:00,CNC-02,M,295.3104221216185,309.4848952043007,1803.6470585808202,40.756072552052004,25.786393542407822,2.4284784003223057,13.787399939678762,58.23390564548487,0,2026-10-06 01:36:15
2026-10-05 12:05:00,CNC-01,L,297.6764274262822,311.8556337016776,1521.838959061714,49.189697994428016,52.45116972335429,2.2405417293788537,14.012255451183016,56.736168828641595,0,2026-10-06 01:36:15
2026-10-05 11:59:00,CNC-01,L,297.42465698548256,311.1598543838018,1342.4453004072825,52.09656821695463,42.94799959195835,1.9487623080243748,13.178390198427465,54.961091027084805,0,2026-10-06 01:36:15
2026-10-06 00:02:00,CNC-03,H,26.16840514588182,37.97759037862244,2796.5908985949773,15.159745562468617,11.778432920263812,3.3664935095619346,8.18014027021361,51.93975448069255,0,2026-10-06 01:36:15
2026-10-05 03:49:00,CNC-02,M,296.96058909434515,310.85784390419633,2351.139487213579,26.791100099617246,193.4976338107193,3.575515173315345,11.70418284840824,57.929306816383246,0,2026-10-06 01:36:15
2026-10-05 13:52:14,CNC-03,H,297.7921186301795,313.27539313708866,1415.853319727511,56.97739196437876,235.49264489299117,2.8092223842231467,15.139423973104531,52.9857344388171,1,2026-10-06 01:36:15
2026-10-05 02:55:00,CNC-01,L,297.6776219840603,310.87677564961365,2651.7345933733986,21.55296090492038,126.39387176769868,3.3875310991987164,10.50365986220677,58.37677068404816,0,2026-10-06 01:36:15
2026-10-05 02:08:00,CNC-03,H,297.8795077631684,309.73265666658256,2596.1410699495455,16.261805422996343,46.247384534016604,3.0839644179874655,7.913581233475877,58.42530633249066,0,2026-10-06 01:36:15
2026-10-05 23:45:00,CNC-03,H,26.354077149279817,39.87130175694307,2683.3529648697204,21.031710012804545,261.61828883704237,4.452948210226904,10.83292811708144,53.298975466254106,0,2026-10-06 01:36:15
2026-10-05 17:26:37,CNC-03,H,299.98369101082557,314.41126767968973,1971.4332590513136,38.19573659799215,61.334244519050515,2.588350292362223,14.054332845599593,50.28014043561273,0,2026-10-06 01:36:15
2026-10-05 21:47:00,CNC-03,H,299.7891538481459,312.94759908580164,2509.4874452674294,20.825959796325783,134.3223006745284,3.269845767064802,9.653966103691785,54.380421129764315,0,2026-10-06 01:36:15
2026-10-05 18:43:00,CNC-02,M,31.241934496869987,39.60611781588591,2108.9774976805897,32.4381534911975,106.12037976635433,2.8475120081650704,12.987732375250507,43.025745814409,0,2026-10-06 01:36:15
2026-10-05 16:03:00,CNC-01,L,299.3413414460538,313.56269139118695,1755.019436502127,43.286257596913124,4.378024150571074,2.33743134378449,14.09487201038303,49.55510633193274,0,2026-10-06 01:36:15
2026-10-05 04:57:00,CNC-02,M,296.41695607115383,309.5629925326144,2369.071025037558,25.97212281247471,43.38256471526862,2.907896418725377,11.637311261004998,56.920695736717484,0,2026-10-06 01:36:15
2026-10-05 10:50:00,CNC-03,H,295.9600465477222,310.34448191303454,1255.8787768921352,52.532818732520894,221.3937598176985,2.636990775811608,12.488375142268064,58.7327376533103,0,2026-10-06 01:36:15
2026-10-05 02:49:00,CNC-03,H,297.37038052422804,310.2252517058682,2457.2385588365373,21.6284851440687,91.87220847716806,3.141171767235444,9.848209326168348,52.09919504776652,0,2026-10-06 01:36:15
2026-10-05 17:42:00,CNC-03,H,299.9808112600206,314.41762020491865,1956.9707977791552,39.11877608120999,83.26486265047464,2.6011194309675,14.355969366090923,48.59028094227721,0,2026-10-06 01:36:15
2026-10-05 04:42:00,CNC-02,M,296.3572779996646,309.12773199272976,2276.8879292728034,23.797132090827,24.716774192701042,2.8086227234567307,10.201213952232207,56.547261903393206,0,2026-10-06 01:36:15
2026-10-05 11:27:00,CNC-03,H,301.25263138185875,308.38011298889086,1291.0657944862032,47.849325293928395,6.30800971898382,1.8769080123188326,11.525887834896777,48.48844703667245,1,2026-10-06 01:36:15
2026-10-05 14:15:00,CNC-03,H,298.20852250269786,312.1250858387759,1368.7108490690118,50.38037569770967,29.610879286510773,1.9974609455086898,12.855616983424579,55.14358743052756,0,2026-10-06 01:36:15
2026-10-05 21:18:00,CNC-03,H,299.698444813856,312.3485502706572,2588.502941631541,19.188309348623957,101.98954998753885,3.2811571369904002,9.547658774602532,52.7064354723092,0,2026-10-06 01:36:15
2026-10-05 08:06:00,CNC-02,M,295.87248036043246,309.84565891214925,1595.9313401621966,43.6939086933764,77.98294339982601,2.2645280553416183,13.027608029226984,59.74040273328859,0,2026-10-06 01:36:15
2026-10-05 12:02:56,CNC-01,L,297.72735960116717,311.6279814141769,1331.6058979101135,,47.73151656562283,1.9728784148384175,12.546914021600605,50.686272418510335,0,2026-10-06 01:36:15
2026-10-05 12:38:00,CNC-02,M,297.2149048233327,311.28812930466825,1406.003679156035,49.74364830417629,28.422121651538216,2.0646678890736356,13.040439374672687,60.98021173633117,0,2026-10-06 01:36:15
2026-10-05 19:17:05,CNC-03,H,300.0574788058878,314.73923766098886,2240.2298903893134,31.836270222329965,207.8563369363976,3.401472184308143,13.391591026546019,58.378576715929924,0,2026-10-06 01:36:15
2026-10-05 13:14:00,CNC-02,M,297.0300130530682,311.60671063365083,1447.7783060146412,50.70341926104059,85.51377720387622,2.164200110616268,14.040530006880516,56.430628563848835,0,2026-10-06 01:36:15
2026-10-05 13:22:00,CNC-01,L,298.3075670804966,313.7418842367504,1365.7754749974895,57.654252096153435,174.25534506717815,2.4834345479999933,14.7941978468023,52.6225977095373,0,2026-10-06 01:36:15
2026-10-05 20:44:00,CNC-01,L,300.04414582106807,313.76789298730404,2659.6365607681196,22.57893288056373,177.90542727193278,37.29330215540747,11.11414491526697,57.56589833074112,0,2026-10-06 01:36:15
2026-10-05 04:30:00,CNC-03,H,296.452926533075,310.47682271087524,2475.254425656545,26.171537601204758,211.10696470290986,3.646466110963505,12.192928308357759,57.357825317173685,0,2026-10-06 01:36:15
2026-10-05 02:31:00,CNC-03,H,297.7146694703254,310.0157974190594,2627.855678753101,17.731167710224266,71.70164720954727,3.1832037914476956,8.390043994942268,53.1056969585421,0,2026-10-06 01:36:15
2026-10-05 13:23:00,CNC-02,M,297.1832810907866,311.78077577360057,1578.555597578108,48.17229637007338,99.68380571702896,2.3540513823077007,14.313180875262788,59.653440071463464,0,2026-10-06 01:36:15
2026-10-06 01:34:00,CNC-01,L,298.6443745750673,311.1678170512805,2634.328413649387,18.93217673376378,70.33112834571969,3.294814922724751,9.290147650089912,51.89933020349235,0,2026-10-06 01:36:15
2026-10-05 19:10:00,CNC-01,L,27.348696356748007,40.75542459835958,2245.096329404797,27.701466486659395,65.16368826783776,2.8598675802880726,11.575091269273296,49.082060171490824,0,2026-10-06 01:36:15
2026-10-06 00:07:00,CNC-01,L,26.07238058102996,39.65157524888497,2640.3149714057918,21.32012548826077,190.60820311025907,3.897827621255446,10.69631837518556,53.13567063805057,0,2026-10-06 01:36:15
2026-10-05 09:15:00,CNC-02,M,295.69006209619613,310.6538206901761,1571.115220091902,47.63581398728591,181.5502282210529,2.715583038816694,13.960072262356714,55.24806861265905,0,2026-10-06 01:36:15
2026-10-05 16:48:00,CNC-02,M,298.6923663015438,313.8660926675214,1768.8419416689317,43.15116148396266,194.98523137884047,2.9006014292316222,14.220772242407405,54.10802876933318,0,2026-10-06 01:36:15
2026-10-05 22:13:00,CNC-01,L,299.59703603966443,312.4312698210227,2614.9546493895923,20.654831412767923,68.66867133798878,3.297896092368976,10.231599125055169,51.79639889144732,0,2026-10-06 01:36:15
2026-10-05 04:56:00,CNC-01,L,302.08593757398535,308.85021313379644,2163.061481747731,24.971465574991633,74.4907816309309,2.799094413780438,10.244062196287153,47.18654429857285,0,2026-10-06 01:36:15
2026-10-05 02:09:00,CNC-03,H,297.9326058878413,310.60420792065895,2757.0732013166735,17.918246985466336,47.31971009386297,3.2895387184387843,9.292174643387275,54.552445041961846,0,2026-10-06 01:36:15
2026-10-05 23:00:29,CNC-02,M,298.38742915857256,312.6612913128861,2473.2301329072516,25.120412670373327,196.54591636914483,3.668381100275206,11.95345110901313,54.47121432233854,0,2026-10-06 01:36:15
2026-10-05 04:11:00,CNC-01,L,0.0,309.62980722553885,2280.1659382811254,26.436622561383157,19.21072942825066,27.087622516136584,11.279820232469074,46.582127065849306,0,2026-10-06 01:36:15
2026-10-05 03:28:00,CNC-03,H,297.0397543017783,310.36795476918473,2373.6758819409592,24.54608723325086,137.0582606472064,3.1548229514770076,10.813799845885132,57.289510882655314,0,2026-10-06 01:36:15
2026-10-05 01:36:00,CNC-01,L,298.08219438642124,309.34013192847743,2726.11045764201,11.822831994773775,38.57522349049638,3.373469934210754,5.997042178167364,58.888184822598085,1,2026-10-06 01:36:15
2026-10-05 02:35:00,CNC-01,L,297.44487715057363,309.757968130406,2525.2194697989753,18.7414697212077,103.92878430980241,3.199225667970462,8.75405352742803,61.80430532318612,0,2026-10-06 01:36:15
2026-10-05 17:08:00,CNC-03,H,299.8076895156719,314.0712836487679,1873.3783837570418,38.712597392271796,36.49410467688693,2.3191928334834873,13.58274996116274,57.7159524176723,0,2026-10-06 01:36:15
2026-10-05 03:24:00,CNC-01,L,,310.5262813863418,2499.9674455452378,22.01233767861539,159.67128418005825,3.463995133392647,10.388908901239317,50.71863008748788,0,2026-10-06 01:36:15
2026-10-05 13:16:00,CNC-03,H,297.65333346957556,312.4094852894373,1376.3363797201337,53.450638672801475,179.06835918749107,2.3479404580016885,13.662636984032707,51.979650197458255,0,2026-10-06 01:36:15
2026-10-05 06:11:00,CNC-02,M,295.8111462453748,309.82368244117896,1914.3252367478785,33.825814464610154,139.333992555434,2.6382497133101976,11.96752111365463,62.48486088679246,0,2026-10-06 01:36:15
2026-10-05 14:08:00,CNC-03,H,297.8667514582981,311.6536756435504,1452.5484166319923,48.28636290055327,18.64446251937938,2.106801202156188,13.178256507062976,57.235004482560996,0,2026-10-06 01:36:15
2026-10-06 00:16:00,CNC-02,M,24.416579080012696,35.41986016500442,2767.9981275913888,10.470386318820935,50.851445632613604,3.324459287771706,5.47300075948102,57.83150331439118,1,2026-10-06 01:36:15
2026-10-05 05:24:00,CNC-01,L,302.10942853616984,309.5497062067978,2158.283923223395,29.762330639938185,110.30252903410732,2.973515683484858,11.953455513215124,46.33630794159636,0,2026-10-06 01:36:15
2026-10-05 04:14:00,CNC-02,M,297.17170964960525,311.877865897418,2311.6040516542644,29.961112016681554,223.5273682491237,3.760975213384393,12.81255153500251,62.1555086593601,0,2026-10-06 01:36:15
2026-10-05 23:56:00,CNC-02,M,24.735637844927737,36.24055221279559,2731.1910524741957,11.723187513941395,29.658587593467324,3.2022029529817377,6.075642400627271,54.281364183101374,1,2026-10-06 01:36:15
2026-10-05 09:02:00,CNC-01,L,296.57893844822826,311.8052303591789,1492.5775295042536,52.56132721204487,189.98464292930137,2.8042988184257522,14.598287846228306,59.99659690907919,0,2026-10-06 01:36:15
2026-10-05 17:25:00,CNC-02,M,298.9168324412324,312.3944000820146,1890.8252300341903,34.321422433009396,2.791885235823089,2.530413567844151,12.139839720942014,52.794211557405546,0,2026-10-06 01:36:15
2026-10-05 11:50:00,CNC-01,L,297.72153460461504,311.83554289831466,1453.7160772785276,51.86858375402349,28.591783745596917,2.0596981546166013,14.16498607271825,52.5872078002623,0,2026-10-06 01:36:15
2026-10-05 10:55:00,CNC-02,M,295.8355341248348,310.3357059298255,1317.1011484642722,55.32158241631187,80.62870157787147,2.042447149515086,13.777908878952264,55.55197554823915,0,2026-10-06 01:36:15
2026-10-05 21:48:00,CNC-03,H,299.8779574919011,312.2979095311199,2606.869395515928,17.21901204619143,135.40331174891097,,8.453746192883518,47.20085544894369,0,2026-10-06 01:36:15
2026-10-05 18:05:00,CNC-02,M,304.61214008046807,312.7465034590412,1989.2350632763362,32.92515784260523,56.508393311840585,2.6253005629033117,12.612220200131091,43.42737712777253,0,2026-10-06 01:36:15
2026-10-05 08:02:00,CNC-03,H,295.313168246317,310.4804479625014,1431.2567719391884,55.16101373248148,226.0551106270603,2.845513057181012,14.736272882277959,60.46134324663423,0,2026-10-06 01:36:15
2026-10-05 19:46:00,CNC-01,L,300.4864864548744,314.1358232325942,2314.649976597552,27.224832137006892,109.50874479973966,2.9883211975589727,11.672192082611492,51.90771987590955,0,2026-10-06 01:36:15
2026-10-05 21:08:00,CNC-03,H,300.1751242322175,313.08651449100887,2527.1067280538846,20.398177735170847,90.77208444840562,3.178779235804095,9.699444525990817,49.54882770707167,0,2026-10-06 01:36:15
2026-10-05 20:13:00,CNC-01,L,300.4500947945492,314.16991553410367,2492.1753203769417,24.72220306687246,141.84250324271866,3.249539346871324,11.627409005256789,48.93897734182197,0,2026-10-06 01:36:15
2026-10-05 20:55:00,CNC-01,L,300.24240301451835,313.8069321446916,2479.705654472116,24.30800153584445,190.56281387548398,3.6258387911953407,11.111268757728041,51.020723261296666,0,2026-10-06 01:36:15
2026-10-05 18:54:00,CNC-01,L,26.96677811002644,40.10304300914373,2170.388739697359,27.692988951428855,45.15601120675325,2.752177744423087,11.426627027578718,50.20994513512568,0,2026-10-06 01:36:15
2026-10-05 03:41:00,CNC-02,M,297.29263862650737,311.2754255251512,2376.302603363846,26.92693238163786,184.0104459579866,3.4482384752605704,12.032209098479601,57.122989535716165,0,2026-10-06 01:36:15
2026-10-05 14:05:00,CNC-02,M,297.9375526057687,312.8447237112631,1402.3698896514575,53.91339802593602,165.69231420470174,24.027579592185376,14.214500772079143,54.28956499109607,0,2026-10-06 01:36:15
2026-10-05 12:07:00,CNC-02,M,296.43368828631753,311.0912763503554,1301.3680699170782,52.1598729895591,195.05419731842787,2.4960279981518303,12.540318354301592,56.03989514513192,0,2026-10-06 01:36:15
2026-10-05 14:34:00,CNC-03,H,298.2692535038927,312.2899128511258,1540.5546648908219,46.29224758171937,59.12897274261403,2.154320500110303,13.100350642747697,56.86148275853769,0,2026-10-06 01:36:15
2026-10-05 18:22:00,CNC-01,L,27.183646573468536,40.60760582385484,2021.382900332228,33.53803095606214,3.9613485401739483,2.558282106885227,12.768859486125363,47.39829016070867,0,2026-10-06 01:36:15
2026-10-05 03:03:00,CNC-03,H,297.23491214822593,310.33961844075503,2609.2684749150967,21.674149697266873,107.827385936189,3.1871382237300123,11.000366654780585,64.00859792673035,0,2026-10-06 01:36:15
2026-10-06 01:11:00,CNC-02,M,297.5588689989111,311.2314673014217,2603.6962343665004,22.033728587927882,109.42259110539997,3.2727244014496186,10.879270697266488,55.30023222077417,0,2026-10-06 01:36:15
2026-10-05 07:15:00,CNC-03,H,295.67556024891456,310.6662632184768,1879.5367236736622,41.149573263582624,158.20697559509767,2.7888262971575943,14.362196930790525,2151.3000454315143,0,2026-10-06 01:36:15
2026-10-05 20:33:00,CNC-01,L,300.3974647381206,314.2606128433498,2398.7170320275122,26.834318349354,165.27083971468485,3.30121284569599,11.865250372968827,49.3216994407131,0,2026-10-06 01:36:15
2026-10-05 06:46:00,CNC-01,L,296.6064212493952,311.2368682720385,1917.1495916002445,37.27135250051537,219.92081742587462,3.5494709770298365,13.409192251981834,57.92684851510008,0,2026-10-06 01:36:15
2026-10-05 09:08:00,CNC-02,M,295.54105874310704,310.4711302617194,1483.1805007494866,50.23907443853981,170.94358997659853,2.4501724046032862,13.612782975797606,57.63073211183484,0,2026-10-06 01:36:15
2026-10-05 12:56:00,CNC-03,H,297.51666503200374,312.11007203143294,1360.8693026611963,55.75391294556874,147.48316415190237,2.3069983098133466,14.048499341778241,52.14139302986903,0,2026-10-06 01:36:15
2026-10-05 20:54:00,CNC-02,M,298.7855852385379,311.0819231490367,2482.027284719495,16.96687203894525,56.62250468006704,3.121599913135307,8.00227563809123,50.61618555929945,0,2026-10-06 01:36:15
2026-10-05 11:02:00,CNC-02,M,295.83789453719487,310.53006062611246,1410.1469537763505,53.51091373893885,91.67315442640725,2.166073615219628,13.946792490833701,58.70700671405409,0,2026-10-06 01:36:15
2026-10-05 09:20:00,CNC-01,L,296.52749105096376,310.24654323253486,1485.3022638931616,48.36417493114677,10.89333306500015,2.1520397297615803,13.761943436692308,60.958507483902615,0,2026-10-06 01:36:15
2026-10-05 17:41:00,CNC-03,H,299.8813253335668,313.4561142946315,1972.592766314484,33.206891865090505,81.87963282276495,2.691801744670779,12.10291866150679,49.38528902589169,0,2026-10-06 01:36:15
2026-10-05 21:02:00,CNC-03,H,3566.651829982051,313.10773069233636,2619.53426660788,20.67167570226132,84.03705383489232,3.124938909319905,10.165544428790657,54.17826922406197,0,2026-10-06 01:36:15
2026-10-06 00:20:00,CNC-01,L,299.1071582043162,311.37928230169985,2623.4868465716463,15.041440877674441,204.46125290487848,3.909618045617443,7.114069408655107,50.43411190260612,0,2026-10-06 01:36:15
2026-10-05 19:43:00,CNC-02,M,299.40878445158745,314.4302119863652,2261.578524050411,32.26231074070472,180.78616439460217,3.190462210906713,13.937662377664266,54.34836430928192,0,2026-10-06 01:36:15
2026-10-05 06:23:00,CNC-02,M,296.0554270966155,310.2209585148256,1950.0248589836929,36.02048554934407,155.4687772045946,2.93939362368436,13.300264227726307,60.713580209467594,0,2026-10-06 01:36:15
2026-10-05 08:16:00,CNC-03,H,295.00599859537647,310.22107960287576,1649.6256476120263,45.52413014519737,246.6819133158897,3.2779125035760583,14.261058825433421,57.12303735384665,0,2026-10-06 01:36:15
2026-10-05 17:55:00,CNC-03,H,300.2817518509088,314.0794251754111,2022.3493063468281,32.70489483055039,100.65539906671714,2.7357321898592555,12.550359841761269,47.39326821418714,0,2026-10-06 01:36:15
2026-10-05 20:52:00,CNC-03,H,300.23375605791864,312.8085238377386,2398.761856189857,20.366911159018272,72.60027117921841,2.94446265452175,9.175967487814018,49.970703725163446,0,2026-10-06 01:36:15
2026-10-05 23:42:00,CNC-02,M,24.930387438479215,36.261745634524004,2770.2194549115316,11.281308436459053,14.889287308652754,3.2951510610133035,5.961743120840848,55.5857185799878,1,2026-10-06 01:36:15
2026-10-05 01:39:00,CNC-01,L,297.80323621093345,310.30358641049884,2476.35267514144,20.14993344491017,41.915590292630334,3.020905013472393,9.499815971277428,54.661026808937926,0,2026-10-06 01:36:15
2026-10-05 10:56:00,CNC-01,L,297.062703612798,311.73750173192985,1405.116122913428,52.427576377783026,161.28362285617345,2.4505084196626425,13.861580593148796,56.45895878922644,0,2026-10-06 01:36:15
2026-10-06 00:57:00,CNC-03,H,298.74397462426487,310.72791605622336,2628.6831866845505,15.974013937545848,70.22402299645054,3.195288050535035,7.881969750388684,56.74550407271298,0,2026-10-06 01:36:15
2026-10-05 07:49:00,CNC-02,M,295.97570197160246,309.9239765861147,1641.4223018831624,41.57364026947527,53.14097631071542,2.244812453235602,12.613274028089073,59.79087838680896,0,2026-10-06 01:36:15
2026-10-05 13:03:00,CNC-03,H,297.58983320666334,312.6164558934731,1514.1280450253153,52.491942827986065,158.58849208480285,2.379422882978878,14.961381708570016,53.97255746628763,0,2026-10-06 01:36:15
2026-10-05 19:18:41,CNC-01,L,,314.8658006625088,2254.2589852112064,33.05552051231745,75.20319395582142,2.8913530700919217,13.798442691223277,46.04191218158757,0,2026-10-06 01:36:15
2026-10-05 11:35:00,CNC-02,M,296.0846640844641,310.62097087481754,1409.0207651042551,50.42726323166376,144.1546953265651,2.2866340758471435,13.145174498486897,56.46958529254322,0,2026-10-06 01:36:15
2026-10-05 17:59:00,CNC-02,M,304.2794373002806,312.3994020758887,2233.032400361848,30.930411169082078,48.53068975395225,2.835948247974409,12.956277657256443,40.99060247194898,0,2026-10-06 01:36:15
2026-10-05 07:05:00,CNC-03,H,295.6050052052996,310.62425525653293,1835.1593901692167,43.6281272835006,144.07108748502628,2.593332741792096,14.726836208012877,65.57492265774445,0,2026-10-06 01:36:15
2026-10-05 18:32:00,CNC-01,L,27.100655653997705,41.021742971903336,2050.8523345151493,33.7372170848849,17.061673289280996,2.6205084816396864,13.010509085326907,46.016262986244364,0,2026-10-06 01:36:15
2026-10-05 05:52:00,CNC-03,H,295.64730051207425,309.8888743635993,2062.9329933227045,36.35549589429747,44.02933018099355,2.7239282770859683,14.003806749554089,64.06236407521116,0,2026-10-06 01:36:15
2026-10-05 07:12:00,CNC-02,M,296.01742004296574,310.41525537797,1920.1131074475852,39.71324735753116,0.0,2.5792916067909375,14.359404290660189,59.86238075052012,0,2026-10-06 01:36:15
2026-10-05 22:57:00,CNC-03,H,299.58833847089824,312.6020890163653,2608.210295271771,18.982047885233918,210.44323512111035,3.72295285526835,9.323038281072957,49.88153120917217,0,2026-10-06 01:36:15
2026-10-05 02:58:00,CNC-01,L,297.5467144892046,309.92640163793124,2599.9965000280235,16.906221243561607,129.707832846001,3.3069338472299807,8.294726675586567,56.7343993127784,0,2026-10-06 01:36:15
2026-10-05 15:54:00,CNC-03,H,299.0731947648442,314.1357524467544,1790.6877675411765,43.95309877314493,180.08201468118506,2.709819975135943,14.621804472860664,50.80620003856445,0,2026-10-06 01:36:15
2026-10-05 07:40:00,CNC-01,L,296.4624970713536,310.6665743345766,1743.5359806683143,42.27576978556005,67.91355870616421,2.40814697874044,13.57232760379213,57.861774247236426,0,2026-10-06 01:36:15
2026-10-05 14:28:31,CNC-01,L,298.54950476928644,312.2448460982271,1349.8545138034651,47.655665435514834,87.2125341758562,2.0756939030799,12.163601491773756,51.13544574988278,0,2026-10-06 01:36:15
2026-10-05 04:32:00,CNC-03,H,295.93077258908505,310.7086659214655,2057.407623299243,34.674738587012286,213.65599272054624,3.377659665571095,13.320874426197399,58.361850121369045,0,2026-10-06 01:36:15
2026-10-05 02:34:00,CNC-02,M,297.50900023335845,310.27957158161877,2562.4203018048947,19.97003074505817,107.03226507032213,3.2183511736587005,9.606844498242436,52.531755537362386,0,2026-10-06 01:36:15
2026-10-05 03:36:00,CNC-01,L,297.1833630717834,310.71470889802464,2512.7381760601074,24.248636535001946,173.57692551343192,3.4795128362807715,11.30928015654776,54.31764992248104,0,2026-10-06 01:36:15
2026-10-05 17:50:00,CNC-01,L,299.7689361192787,314.8613475424217,2094.720443254807,37.45982926995556,154.48737679358143,3.1150939602843866,14.493629589500863,52.30051782176277,0,2026-10-06 01:36:15
2026-10-05 07:09:00,CNC-03,H,295.35238298991067,309.8803167603204,1693.9327741202135,42.017383145220485,149.74839340713686,2.5384745123711454,13.443918567977082,59.73481359748534,0,2026-10-06 01:36:15
2026-10-05 11:42:09,CNC-03,H,302.04165308148214,309.61997447685536,1323.7527319306243,50.52855287120388,30.193414547098804,2.0039608337389287,12.733967190059076,47.36544056389392,1,2026-10-06 01:36:15
2026-10-05 01:37:00,CNC-03,H,298.0252607536895,309.0478206083335,2739.2013732359,11.719307536692895,12.492207867671691,3.2706582834621782,5.852310637554508,53.80032395753633,1,2026-10-06 01:36:15
2026-10-05 02:57:00,CNC-01,L,297.73675426202703,309.83623107026386,2654.154859941891,16.87828441050041,128.630939292279,3.459744989294395,8.361620751249191,54.89984767685438,0,2026-10-06 01:36:15
2026-10-05 05:58:00,CNC-03,H,295.8428191849645,309.9576685098708,1982.8968041444189,35.58502066187695,52.10062330890899,2.5971661681726737,13.100387478345123,61.75242822928993,0,2026-10-06 01:36:15
2026-10-05 17:58:00,CNC-02,M,304.5793871817406,312.18930425643157,1952.9848775271646,33.49292167984162,47.277203245518784,2.5873752828746914,12.286338831383896,42.82717027308184,0,2026-10-06 01:36:15
2026-10-05 10:03:00,CNC-02,M,295.7723234116458,311.32128603264675,1499.994766729905,52.605081604411,255.81236229814965,3.5301339720735836,14.707933903349424,63.476493211235955,1,2026-10-06 01:36:15
2026-10-05 12:39:00,CNC-03,H,302.3419909177075,310.43160655179975,1358.6710822276705,49.46907683297203,120.47134205781089,2.2430489850902458,12.853674100953443,49.540458236662204,1,2026-10-06 01:36:15
2026-10-05 11:56:00,CNC-01,L,297.75267526960397,311.2870241246671,1356.0892377692694,48.3789944202909,38.18228472423136,2.05174386173043,12.23093653950579,56.87485209890213,0,2026-10-06 01:36:15
2026-10-05 15:21:00,CNC-02,M,297.96807574870445,312.4721353859135,1617.2013864677797,45.72749952406366,68.34159963949546,2.3909330179404575,13.740654668220863,58.42963807656272,0,2026-10-06 01:36:15
2026-10-05 14:00:00,CNC-03,H,297.90461934358746,311.3554007361443,1367.4578272300544,47.9028739301022,6.307054021619265,1.9868639651782485,12.095857718838586,61.74062203356509,0,2026-10-06 01:36:15
2026-10-05 08:39:00,CNC-01,L,296.50781957060724,311.3643451054435,1602.6765871370271,48.4014662971232,155.12377213783788,2.693843394414314,14.48140160421867,56.553996156679936,0,2026-10-06 01:36:15
2026-10-05 03:28:00,CNC-02,M,297.56639394228023,311.1935368599446,2401.3090584452284,25.130822685609097,168.73988025102267,3.2264749133093127,11.36229933786241,54.01057505262719,0,2026-10-06 01:36:15
2026-10-05 03:20:52,CNC-01,L,297.56140108809785,311.03325188815177,2461.6614267341806,23.79755997218843,157.35046481086647,3.4104363104746467,11.08049292872452,54.6142228035091,0,2026-10-06 01:36:15
2026-10-05 03:48:00,CNC-01,L,297.1353958310546,310.77603552051016,2482.6998373844026,24.593300424492657,187.75181571796026,3.6436628460345,11.74940774900438,58.07563766788277,0,2026-10-06 01:36:15
2026-10-05 07:24:00,CNC-03,H,295.59498360578584,310.838199233259,1903.4282217466962,42.39484357931229,171.06511611737668,2.8285084789204653,15.033700711223904,60.067713892735114,0,2026-10-06 01:36:15
2026-10-05 17:14:00,CNC-03,H,299.8516843816236,314.26761050667386,2050.6772460767065,37.108315371928086,44.937234134230415,2.6050001666897384,14.324240273385998,51.30769523165209,0,2026-10-06 01:36:15
2026-10-05 13:47:00,CNC-01,L,298.57875319143824,312.37865324163994,1348.3622048382656,50.590726299280725,23.555763588430963,2.098271142675406,12.963574845413786,51.68051264491396,0,2026-10-06 01:36:15
2026-10-05 10:32:00,CNC-03,H,295.52282045890394,310.03182027767855,1432.9100035925833,49.64786313970913,192.9204087820984,2.4765157532579445,13.527127468933614,56.295024593083774,0,2026-10-06 01:36:15
2026-10-05 07:56:00,CNC-01,L,296.1282337424285,310.07641081093493,1565.6185246661437,42.032780375334966,91.2650690642736,2.4036978033873284,12.24866672351548,56.15340896723477,0,2026-10-06 01:36:15
2026-10-05 19:41:00,CNC-01,L,300.58788655331915,313.54355069651933,2342.8439311891902,23.790133489300533,103.35479482195325,3.0135604901379587,10.718860317367202,50.537935084033535,0,2026-10-06 01:36:15
2026-10-05 14:15:00,CNC-02,M,297.8164360877816,312.8015407539606,1383.166894493325,53.91680748425559,181.3349519751465,2.5705510170275776,13.990894580484396,54.30517886779101,0,2026-10-06 01:36:15
2026-10-05 04:53:00,CNC-03,H,295.8805420053902,310.7929258268439,2375.396964350669,30.882585599847776,239.8384488979072,3.774772740116786,14.083814784376724,59.241118326663454,0,2026-10-06 01:36:15
2026-10-05 09:25:00,CNC-03,H,295.52044720350807,309.4842401109822,1394.7806415179157,49.66264653083205,88.03151195160896,1.9800147604650435,12.894659403385294,56.68211117329827,0,2026-10-06 01:36:15
2026-10-05 12:18:00,CNC-01,L,297.87142473291067,312.2824293970067,1575.074173588403,46.51763593420222,73.06877198407778,2.2186967872327745,13.788887825046533,58.0025831034409,0,2026-10-06 01:36:15
2026-10-05 11:38:00,CNC-01,L,297.47935164809115,310.95092632930243,1366.480751405763,49.630722927514014,9.547837767203609,1.954025207911932,12.827889879248836,55.1401633451165,0,2026-10-06 01:36:15
2026-10-05 20:21:00,CNC-02,M,299.0482495584228,311.44366856993975,2378.828868593743,21.098498197024647,18.57151185665132,2.8715338048220427,9.26392432710164,53.45493616869209,0,2026-10-06 01:36:15
2026-10-05 06:03:00,CNC-02,M,296.1241717128039,310.49670877413774,1856.7116541960047,36.96392801685984,128.63203781472367,2.718248954597292,12.779858752378455,58.08394934459538,0,2026-10-06 01:36:15
2026-10-05 12:31:02,CNC-03,H,302.56194666983436,310.92428537548795,1338.873876024683,54.663204731624774,106.23808566329252,2.0923744257299672,14.083253025812391,43.628132988628856,1,2026-10-06 01:36:15
2026-10-05 09:18:00,CNC-02,M,295.609845443253,310.64205912833813,1570.6105034531759,49.4425097177021,186.13584522656757,2.809644875207717,14.448535993302423,55.89629638450878,0,2026-10-06 01:36:15
2026-10-05 03:11:00,CNC-03,H,296.945428800935,310.22900282920193,2650.425635115098,21.353413099694652,117.1018803845169,3.3063231304379714,10.627442450195822,54.45299792216693,0,2026-10-06 01:36:15
2026-10-05 21:18:00,CNC-02,M,298.5572019683486,311.47228020700527,2542.9489136276616,20.76384068888535,83.82850003700558,3.0957009982320813,9.931126148794746,56.91298602423553,0,2026-10-06 01:36:15
2026-10-05 11:04:00,CNC-03,H,296.3901178649441,311.3414400765349,1368.6657666848755,55.44132731826976,243.56205297198278,2.9713093332799074,14.189457476671091,60.00836117745251,1,2026-10-06 01:36:15
2026-10-05 09:39:00,CNC-02,M,295.8738121549683,311.3362303649208,1527.708862406407,52.013614512848264,218.4769212730635,2.8532890471923102,14.966349292231342,53.33721053784158,0,2026-10-06 01:36:15
2026-10-05 07:38:00,CNC-03,H,295.55470756752715,310.48733265403183,1778.9654123821133,42.24471857620684,190.94639768032803,3.008150766485079,13.879384683584417,61.59782998450066,0,2026-10-06 01:36:15
2026-10-05 08:20:00,CNC-01,L,296.15753537273685,310.3783730180822,1610.0062657112262,42.29888126218427,126.70791825570086,2.454709219880522,12.659923302903472,58.852943688229125,0,2026-10-06 01:36:15
2026-10-05 15:58:25,CNC-03,H,299.31843146626767,314.2668943763353,1732.8972210765223,44.068241249015024,0.0,2.7925232384629988,14.359586916928091,51.22060251084613,0,2026-10-06 01:36:15
2026-10-05 03:05:00,CNC-03,H,297.3011138380836,310.26370524735387,2501.091635889162,20.43313394907014,110.16835275039688,3.174229798497311,9.519683184782197,57.44738569368651,0,2026-10-06 01:36:15
2026-10-05 15:21:00,CNC-01,L,299.3029327416209,314.20289196823506,1576.0602210858506,50.62430770489433,168.07912221985328,2.6122724624939924,14.919214496103878,50.14912599572164,0,2026-10-06 01:36:15
2026-10-05 19:04:00,CNC-01,L,27.008065987959412,40.186003349903956,2321.5134162465533,25.78337547775836,57.704746258632476,2.8851908275756966,11.393231563082091,49.28832142338532,0,2026-10-06 01:36:15
2026-10-05 10:39:00,CNC-02,M,296.10871829511626,310.15471716252785,1523.3971011147216,45.896103497512364,55.273952963856985,2.3237654082154036,12.941474685730874,57.192381952005675,0,2026-10-06 01:36:15
2026-10-05 11:06:00,CNC-02,M,296.31380633345475,310.81666440345543,1354.8480259943906,54.2222691354438,98.03958719733828,2.13622175150179,13.790406946507858,60.53147996912981,0,2026-10-06 01:36:15
2026-10-05 19:43:00,CNC-01,L,300.4052131228633,314.27947798161586,2325.8983321089017,28.88594593132033,105.84314377089325,3.0177258377901857,12.807348636223475,48.818440577985896,0,2026-10-06 01:36:15
2026-10-05 23:46:00,CNC-01,L,26.352611760429454,38.33734861544832,2680.872024894235,15.022993165033178,168.3607551316915,3.700988491835853,7.247002392575622,53.72152795374074,0,2026-10-06 01:36:15
2026-10-05 23:38:00,CNC-01,L,26.50362506520071,39.52272255653543,2680.677543217959,19.917886456839838,159.9089154273584,3.607792918122493,9.992461955350668,51.54495490532073,0,2026-10-06 01:36:15
2026-10-05 20:01:00,CNC-03,H,300.238342296301,313.4120146163564,2325.8071028453596,25.88573458489244,13.172381508302031,2.8108022711779665,11.131696184075041,47.193735888336874,0,2026-10-06 01:36:15
2026-10-05 05:37:00,CNC-02,M,296.3004949347596,310.0350654724012,2228.6296375649717,28.824014723291043,94.42964857529934,2.901931610162999,11.959878178856323,58.70649303490537,0,2026-10-06 01:36:15
2026-10-05 12:33:00,CNC-02,M,296.9801632933625,310.7037523725698,1453.272687452752,46.7358567858545,20.608170919390563,2.0492193078350915,12.597151560314797,54.438862170467324,0,2026-10-06 01:36:15
2026-10-05 05:40:00,CNC-02,M,296.31550752169085,309.77429642052255,2243.4675639089287,27.454620196081343,98.28095484788217,2.9318840696764346,11.64069876207148,61.2635423852238,0,2026-10-06 01:36:15
2026-10-05 09:46:00,CNC-03,H,295.4881526736206,309.98834795565057,1397.2255177952568,52.0972984184158,120.64803597568189,2.2369099303775397,13.604119805651179,61.744916668241395,0,2026-10-06 01:36:15
2026-10-05 23:00:00,CNC-02,M,297.9894820890205,311.0366537161457,2608.7371263737714,18.989576330232627,195.41722116824343,3.706370760591954,9.482493235728468,55.05296566347682,0,2026-10-06 01:36:15
2026-10-05 16:05:00,CNC-01,L,299.5520126509883,312.86571351105295,1743.6397566511546,36.31201489349679,7.26127829535272,2.4064293707922806,11.904505904887909,51.451525300232476,0,2026-10-06 01:36:15
2026-10-05 20:58:00,CNC-03,H,300.1791579863116,313.3669333848487,2476.733305686903,23.38714568699618,79.43595132594997,2.980703530144805,10.687973411303778,49.98615493369925,0,2026-10-06 01:36:15
2026-10-05 14:13:00,CNC-03,H,298.1417373084971,312.1308282331962,1549.4426584442958,44.98565900701506,26.419399550245004,2.203006927339219,12.839286526748957,52.906526882962666,0,2026-10-06 01:36:15
2026-10-05 08:23:00,CNC-03,H,295.82482650000895,311.020367501459,1768.109667904336,42.51051348675788,257.0712954200771,3.6006227977839287,14.018095139507963,58.07097138201205,0,2026-10-06 01:36:15
2026-10-05 18:36:00,CNC-03,H,26.644768420287903,40.68581511073421,1989.3323970698737,32.849002859030385,154.29617006048113,2.8415614149637065,12.247960600896587,53.325833504260395,0,2026-10-06 01:36:15
2026-10-05 18:18:00,CNC-02,M,31.639051726706327,38.83455471484484,2127.8542998447388,27.57029810129689,73.67709578200494,2.738222503045374,11.211164451164782,43.160693849776656,0,2026-10-06 01:36:15
2026-10-05 15:13:00,CNC-03,H,298.78133335237544,313.3116686738105,1591.4366364140621,45.936834532565136,118.62865281912836,2.353873014109042,13.619407517563655,53.91565753587722,0,2026-10-06 01:36:15
2026-10-05 08:54:00,CNC-03,H,295.54595269585786,310.0062103358694,1619.7873491765677,45.581324270341014,40.58806820280682,2.289390398292567,13.737456581118291,59.72871327395012,0,2026-10-06 01:36:15
2026-10-05 09:00:00,CNC-03,H,295.3319693037413,309.29616239975144,1709.2566748204094,,49.70135989337305,2.390242060353488,12.789471719247747,59.560003214553994,0,2026-10-06 01:36:15
2026-10-05 21:02:00,CNC-02,M,298.6615771107445,311.6362034721402,2253.5208459427,23.415665845471445,65.74822988226875,2.8052760284028775,9.956827618795579,58.20496596200353,0,2026-10-06 01:36:15
2026-10-05 11:42:00,CNC-02,M,296.0696428737327,310.72764675418034,1329.2404208473108,52.83121096313427,155.28668543119417,2.1804950449040716,13.107095873763848,60.335888700969356,0,2026-10-06 01:36:15
2026-10-05 04:07:00,CNC-01,L,302.2352641014468,309.294655123949,2409.5437030229923,25.512921536713318,14.26392927610822,3.004923030313629,11.424299666037177,48.200932165709155,0,2026-10-06 01:36:15
2026-10-05 21:57:00,CNC-02,M,298.6030860602276,311.2050216795888,2704.407888871781,16.94544991751843,126.98899170510809,3.3683463742856787,8.641742461872694,56.65348801520415,0,2026-10-06 01:36:15
2026-10-05 19:54:00,CNC-01,L,300.62122897154916,314.6907707147613,2554.827964831242,26.586942383246264,119.21558684377139,3.3621972054494424,12.558912968763122,51.004560333689064,0,2026-10-06 01:36:15
2026-10-05 03:08:00,CNC-01,L,297.3354582788352,310.5397321671845,2622.7929888547997,21.876767340432494,141.1401058987251,3.4911652367184436,10.723512538832601,56.04256984525262,0,2026-10-06 01:36:15
2026-10-05 07:57:00,CNC-02,M,296.0621594240247,310.7135589160837,1820.544906779386,41.963814584626974,64.73455840904346,2.578099204642145,14.247764879765386,57.71501295413185,0,2026-10-06 01:36:15
2026-10-06 01:32:00,CNC-01,L,298.514324697877,310.0567224538565,2629.2944678920467,14.30262175435105,68.18100613246891,3.254016743726001,6.946776135501901,54.66115108997154,0,2026-10-06 01:36:15
2026-10-05 12:08:00,CNC-01,L,297.95326868000285,312.3788640687656,1411.386755625986,52.96946731239481,57.218595653624455,2.1062203309796743,14.071434089721155,58.963712952672566,0,2026-10-06 01:36:15
2026-10-05 08:28:00,CNC-01,L,296.30742264650536,310.9851020701054,1617.282537294859,44.65739058021205,138.49607662853475,2.4744067781794987,13.500561027457431,56.38612710587187,0,2026-10-06 01:36:15
2026-10-05 21:20:00,CNC-03,H,300.0728324175652,312.6837411880066,2659.9952126266335,17.764179676185666,104.16285466145523,3.15897221273928,8.978969373272495,52.75119302213767,0,2026-10-06 01:36:15
2026-10-05 04:06:00,CNC-02,M,297.308830610722,311.4539889399477,2262.3879123651395,27.098516230911912,213.83868941957422,3.532560232135336,11.37418319527051,52.21295331453936,0,2026-10-06 01:36:15
2026-10-06 01:15:00,CNC-01,L,298.3717224838024,310.1731991031128,2713.267427512478,15.418213641509334,50.054439735851695,3.270210585128524,7.928329904360017,56.50501825222459,0,2026-10-06 01:36:15
2026-10-05 05:32:00,CNC-02,M,296.339262644155,309.96227722806714,2154.5112757693114,30.669249767833577,87.96449866094241,2.780235340267252,12.275621871417863,56.993700676751374,0,2026-10-06 01:36:15
2026-10-05 20:49:45,CNC-01,L,300.4110351792081,314.14482841026944,2510.1505732276714,23.252412719235423,186.00964197521898,3.651479877688295,11.019151497071524,48.20638995498837,0,2026-10-06 01:36:15
2026-10-05 11:18:00,CNC-03,H,296.40881358213164,311.46236037937746,1426.3482357040875,50.39697907200351,265.85403245803815,3.328765223176349,13.571622715052257,57.09139637072354,1,2026-10-06 01:36:15
2026-10-05 20:14:00,CNC-03,H,300.4397913234752,312.8471416828583,2555.5250381153887,20.11680563318524,28.560680976086463,3.0206909234411983,9.609927023016485,50.35914258067864,0,2026-10-06 01:36:15
2026-10-05 11:31:00,CNC-02,M,295.8896144617201,310.4202922160949,1373.8153193933006,53.40286934078174,137.85301622382536,2.1771469923233226,13.558627783014243,59.88475652954881,0,2026-10-06 01:36:15
2026-10-05 05:39:00,CNC-03,H,295.8191604195422,309.432748439233,2131.630307378888,32.36708518612919,27.025639924933426,2.688392657984146,12.951341896891567,56.01792533197516,0,2026-10-06 01:36:15
2026-10-05 15:15:00,CNC-03,H,298.96309387214444,313.2956694944529,1680.3486963412702,41.674701873544365,121.60715816549121,2.4566646958501885,12.909701198364155,52.09475874157983,0,2026-10-06 01:36:15
2026-10-05 11:35:00,CNC-01,L,297.41239593938053,311.14541640090425,1448.927316310189,48.04366117601053,4.775954338856303,2.0671460677525726,12.81889436842755,56.60551532052255,0,2026-10-06 01:36:15
2026-10-05 18:04:00,CNC-03,H,300.1128094726307,313.900248804754,1923.7375692560215,31.9087690209318,112.53117130606931,2.600937717996676,11.25543805712391,46.42090979464418,0,2026-10-06 01:36:15
2026-10-05 03:13:00,CNC-01,L,297.58513657528925,311.24001102794307,2522.497459867505,24.578569940096965,146.91853972263831,3.4351264045446137,11.50488613039719,53.78148028341961,0,2026-10-06 01:36:15
2026-10-05 05:02:39,CNC-03,H,296.12335187977123,311.3150485341874,2220.2487438643557,33.11723272781444,,3.818256732630643,13.694567730711489,55.649051641074664,0,2026-10-06 01:36:15
2026-10-05 06:52:00,CNC-02,M,295.75739655583817,311.5299712574181,2055.9677970617836,40.94847356123841,195.29855345002437,3.2301344948029045,15.756529410777938,60.01273921245033,0,2026-10-06 01:36:15
2026-10-05 07:55:00,CNC-02,M,295.63437593536275,309.76914131783815,1618.5803922454245,42.21227957606516,61.86542722573029,22.435074919800392,12.842958200203691,57.50167317460644,0,2026-10-06 01:36:15
2026-10-05 02:14:00,CNC-02,M,297.9739609930693,310.6499607834346,2537.1028614378524,21.215582080875684,84.73414032156333,3.243114770407963,10.029652262537692,49.63698063130411,0,2026-10-06 01:36:15
2026-10-05 08:08:00,CNC-01,L,296.3071613093318,310.4167839429966,1610.123266261925,43.8924355383876,109.05212694411144,2.3854688941316327,13.212200960943361,57.054089685253054,0,2026-10-06 01:36:15
2026-10-05 09:33:00,CNC-03,H,295.48612914150823,309.8023939654138,1435.7943406587399,53.66772730958614,100.40737703702486,2.175444509549003,14.374693042518423,64.55957252305416,0,2026-10-06 01:36:15
2026-10-05 04:04:00,CNC-01,L,296.9049621751399,309.6237439340193,2322.3686587677034,23.640048016657296,10.668346305318051,2.9149809226000163,10.281809419220926,55.83823855182596,0,2026-10-06 01:36:15
2026-10-05 20:49:00,CNC-02,M,298.6796811900746,312.1065910085043,2419.234917351888,23.879496414402727,50.99773661949602,2.97650289641737,10.674604552682181,54.08769242460189,0,2026-10-06 01:36:15
2026-10-05 16:38:00,CNC-02,M,298.9701090645001,314.04688168194593,1907.7807630583934,39.02098027911147,180.8754257934087,3.0004680582281043,,51.87300802708974,0,2026-10-06 01:36:15
2026-10-05 20:13:00,CNC-02,M,299.3367017102815,312.6606490481015,2431.1913689150206,24.81527269736143,9.281187465906367,,11.320234858190997,55.443325026530815,0,2026-10-06 01:36:15
2026-10-05 20:04:00,CNC-01,L,300.2539843752541,314.27481443651334,2265.9901116702245,28.137315014325242,131.1801061211299,3.066329690840925,11.7853913874641,47.96520083057581,0,2026-10-06 01:36:15
2026-10-05 06:25:00,CNC-02,M,295.68283109329167,310.35631756794146,2054.817664611655,34.81840864399134,158.1049962240385,2.970549649446668,13.389047568562301,58.30456205017935,0,2026-10-06 01:36:15
2026-10-05 21:49:00,CNC-01,L,299.72201824100534,310.8515162863358,2731.530234515101,11.910844945948167,42.388139902066634,3.1630012712628433,6.1105584930843735,52.863308952399734,1,2026-10-06 01:36:15
2026-10-05 07:49:00,CNC-03,H,295.5807717704638,311.27207047295286,1703.4488430259164,50.225988462305075,206.90739849210254,2.8784972799623856,15.972808104881285,58.65738023419045,0,2026-10-06 01:36:15
2026-10-05 09:55:00,CNC-03,H,295.82380773025636,310.0651363148471,1427.5407356934127,49.40750084798813,134.89898825632554,2.2413763312191897,13.210786661813659,62.65763045337503,0,2026-10-06 01:36:15
2026-10-05 22:05:00,CNC-02,M,298.6291289425762,312.21832528436,2522.151668137891,,135.85066781536605,3.2777168885929613,10.966837417243184,57.70921227717262,0,2026-10-06 01:36:15
2026-10-05 19:57:00,CNC-02,M,299.07629218047657,313.95328236985216,2253.8851603654393,31.162311057767948,197.56688319520666,3.486392408998752,13.06245407380826,55.87096976994671,0,2026-10-06 01:36:15
2026-10-05 10:04:00,CNC-01,L,296.56190932661536,310.508353360265,1324.7048833490812,52.085564134819975,79.20107823873569,2.050722892080703,12.753087106437883,52.53281804297679,0,2026-10-06 01:36:15
2026-10-05 04:08:00,CNC-02,M,296.9686554281682,311.1582766149444,2351.028382806971,27.61161773764114,216.213865205466,3.8229989242335383,12.302670380966463,62.840387626911124,0,2026-10-06 01:36:15
2026-10-06 01:13:00,CNC-01,L,298.5093617825984,310.80781369412944,2555.512824791157,18.33782939891815,47.94329663488855,2.981423429062873,8.716584681478505,61.95949323347696,0,2026-10-06 01:36:15
2026-10-05 17:52:00,CNC-01,L,299.91878022694743,314.99797246630084,2069.0675384068045,36.9422861632254,157.19729050951653,3.1543001392742647,14.468692887662137,52.22440381645571,0,2026-10-06 01:36:15
2026-10-06 00:19:00,CNC-01,L,299.299427741286,312.0336012591982,2570.3673025362305,18.26166455387832,203.3929284195062,4.097092782177297,8.634295415710776,51.306905383149115,0,2026-10-06 01:36:15
2026-10-05 02:13:00,CNC-02,M,297.8183853067371,309.75762911538743,2789.424156366807,15.413005629052355,83.61792082914371,3.2722224240069973,8.197742542136007,58.21001202878532,0,2026-10-06 01:36:15
2026-10-05 12:46:00,CNC-02,M,297.0847027394023,311.65619285030914,1536.3679043527738,49.69294059457224,41.04871038335517,2.2543284384709708,14.470103185982616,52.47377318713472,0,2026-10-06 01:36:15
2026-10-05 13:29:00,CNC-03,H,297.7023727741774,312.09307997364647,1448.2316107981608,47.88805946342552,199.5290485920482,2.5574508927837565,12.963556632071976,58.91716419012272,0,2026-10-06 01:36:15
2026-10-05 05:34:00,CNC-03,H,296.016273365155,308.93163281854805,2103.251750636453,27.551112020115355,20.58916667425265,2.617350987541053,10.88960284144843,58.494347362810316,0,2026-10-06 01:36:15
2026-10-05 17:20:00,CNC-03,H,299.6427624373373,313.5461819344792,1983.3475670859043,35.139233184651836,53.19119705997904,2.599435242661843,13.2198750544631,45.372199125626445,0,2026-10-06 01:36:15
2026-10-05 08:40:00,CNC-01,L,296.6403506776785,311.6920991228402,1645.0393818993018,47.14917732023417,156.5910013993239,2.7088811507374855,14.631133634505204,60.98820637930906,0,2026-10-06 01:36:15
2026-10-05 18:12:00,CNC-02,M,31.234806454260593,39.48578589855805,2005.7744059070922,34.82297660720781,65.74476491890518,2.637583817809769,13.217678415845336,45.31069672602382,0,2026-10-06 01:36:15
2026-10-05 02:56:00,CNC-02,M,297.4877923419464,310.6442661142046,2545.5037024230214,21.44434167932383,132.14032597848689,3.3976212395618837,10.072829803243668,60.873332789840816,0,2026-10-06 01:36:15
2026-10-06 00:06:00,CNC-02,M,24.48079607345585,36.60252942669274,2736.0329164180803,15.991856004682006,40.34163937364846,3.166110150612936,8.04866536352547,58.67737575213085,0,2026-10-06 01:36:15
2026-10-05 06:51:00,CNC-02,M,295.9473496866248,311.38720383746966,1839.3623842657482,44.05493869993589,193.9382483564278,2.990003039242058,15.469527620433665,54.77497987206349,0,2026-10-06 01:36:15
2026-10-05 12:00:00,CNC-03,H,301.9786202924465,309.99154349816894,1424.1477416750386,51.87833689619609,58.72074761622993,2.045332791309334,13.804833308002218,48.58361657068905,0,2026-10-06 01:36:15
2026-10-05 21:50:00,CNC-01,L,299.93128849054955,311.37211233602,2448.1641726486796,14.855968947732148,43.53139322267537,2.947123439375363,7.113674815207851,51.57887036305418,0,2026-10-06 01:36:15
2026-10-05 19:49:00,CNC-01,L,300.5094104111343,314.18604137006423,2126.002597600755,29.081691284859463,113.20714738745764,2.9736249478953054,11.632197130349077,53.20167180978894,0,2026-10-06 01:36:15
2026-10-05 04:37:00,CNC-03,H,296.6559072243926,311.706292308662,2239.0518956525984,34.440775941710434,219.84481327998978,34.40205612345434,14.474135127161157,59.259239414808214,0,2026-10-06 01:36:15
2026-10-05 14:12:00,CNC-03,H,298.32727645313895,312.4899205661263,1500.5498124295723,48.0990782691823,24.888204106121957,2.064459184224814,13.498726645946618,55.03321035333584,0,2026-10-06 01:36:15
2026-10-05 06:19:00,CNC-02,M,296.1557515335928,310.8400834737494,1972.591264450645,37.41795848878776,150.0665561261488,2.8096485732319847,13.709159342185991,61.426393523168876,0,2026-10-06 01:36:15
2026-10-05 18:09:00,CNC-02,M,304.54112468451194,313.024633763014,2185.754249865588,34.48357786454686,61.851169486421504,2.7547947716146877,14.18619095469102,47.57224972575165,0,2026-10-06 01:36:15
2026-10-05 10:00:00,CNC-02,M,295.8719176361233,310.83051597568624,1606.9540076464612,45.079974388121975,251.12615045316497,3.5092432613176396,13.57246112501574,56.752078533534146,0,2026-10-06 01:36:15
2026-10-05 18:54:32,CNC-03,H,26.759432026095794,41.04866621345707,2243.2645607423888,30.18196815200674,179.9031694274984,3.299976189540676,12.873197544359053,49.912625518341784,0,2026-10-06 01:36:15
2026-10-05 20:02:00,CNC-01,L,300.30238360758625,313.98283829812294,2412.7400208182753,,128.76245942332295,3.1433470777261845,11.84044805557847,50.6707475763104,0,2026-10-06 01:36:15
2026-10-05 05:37:00,CNC-03,H,295.8884406379239,309.6174982213262,2037.0332492746747,33.5927639976356,24.425274969235936,2.5409338561486896,12.692923331711421,59.27393221656195,0,2026-10-06 01:36:15
2026-10-05 21:59:00,CNC-03,H,299.83398533290944,312.5256049532834,2492.8100321738975,19.8254535721365,147.66926126388717,3.2172558618619043,9.21061764725418,55.990675953589445,0,2026-10-06 01:36:15
2026-10-05 17:08:00,CNC-02,M,298.6742016980394,313.5689725745684,1830.9383292586344,38.432568176747345,222.90434135397084,3.267868103939432,13.278737626476005,52.26556073465375,0,2026-10-06 01:36:15
2026-10-05 03:21:00,CNC-01,L,297.27364500158495,,2293.3277819189925,26.45947884595173,156.19435437312583,3.2526859742783523,11.15463318432787,56.04366476982217,0,2026-10-06 01:36:15
2026-10-05 12:07:00,CNC-01,L,297.48898505371534,311.3571445442716,1325.3804974452569,52.30042702270885,55.64202570365053,1.947156035923571,12.936915434570805,60.30474978122524,0,2026-10-06 01:36:15
2026-10-05 06:07:00,CNC-02,M,296.0117714850514,310.7861148724961,1936.1619616573996,39.818401250913254,133.95475962149897,2.644267272630318,14.225725289179797,58.076517306382,0,2026-10-06 01:36:15
2026-10-05 04:44:00,CNC-02,M,296.2585238836974,309.0503552494338,2212.433817482108,26.528131379488848,27.260070361428923,2.76315962230061,11.043901355113372,2130.6127124081913,0,2026-10-06 01:36:15
2026-10-05 15:32:00,CNC-01,L,299.3146759523811,313.7975397187932,1488.7297245556115,48.53326143381382,184.60816590923537,2.615121856180054,13.562661205064833,48.32499131937204,0,2026-10-06 01:36:15
2026-10-05 18:11:00,CNC-01,L,26.732659332257356,40.814745742272635,2203.0379408594217,30.016991046277116,182.2920328465307,3.3818641347273988,12.275625273876258,48.375691601580854,0,2026-10-06 01:36:15
2026-10-05 09:36:00,CNC-03,H,295.22385388180913,309.0700765571384,1403.5643986782497,49.69460081604829,105.0764327380051,2.128575515743382,13.064440889042466,56.18635989199988,0,2026-10-06 01:36:15
2026-10-05 10:31:00,CNC-03,H,295.6680260488649,310.7596910833823,1408.142844022937,55.66080444887823,191.36596713569827,2.5280577262487562,14.744875223096324,2296.136936380266,0,2026-10-06 01:36:15
2026-10-05 06:42:00,CNC-03,H,295.60101006950305,310.17177867288746,1868.2893130116036,40.07696682314619,111.86969398866034,2.608369636345733,13.759448881972085,58.50988629075638,0,2026-10-06 01:36:15
2026-10-05 10:36:00,CNC-02,M,296.0673875742585,310.22922879290894,1477.26820173731,48.50310922808212,50.611823650245775,2.2094285783823886,13.547717483831494,54.81103235068901,0,2026-10-06 01:36:15
2026-10-05 03:54:00,CNC-02,M,297.06410076260505,310.6555213461854,2459.9875602076686,23.162120062438497,199.44293477030104,3.670390660336612,10.86366410080711,52.14956570705065,0,2026-10-06 01:36:15
2026-10-05 23:53:00,CNC-02,M,24.899835079166564,35.220958755259744,0.0,7.436156197161521,26.547355701651007,3.2546750971414355,3.958173760390862,46.62393248850443,1,2026-10-06 01:36:15
2026-10-05 04:40:00,CNC-02,M,296.4110402332675,308.72212282387636,2372.573559366473,20.368254745990512,22.262389430297958,2.9590196792275925,9.114694860305088,56.04861295199509,0,2026-10-06 01:36:15
2026-10-05 20:07:57,CNC-01,L,300.551754012864,314.80194052654923,2385.454910981414,28.22702643669791,137.1376116740117,3.155953820926965,12.649922828592949,48.693751565368835,0,2026-10-06 01:36:15
2026-10-05 07:43:00,CNC-01,L,296.16636680586873,310.2667972842329,1735.3029692754749,41.839388629119824,72.34909504761808,2.4413354136171326,13.358012934218486,61.41673101073751,0,2026-10-06 01:36:15
2026-10-05 17:07:00,CNC-01,L,299.85452260860507,314.86652035738695,1813.1640900815407,45.515735033313014,95.63741610738703,2.4418322857733084,15.460660537559958,49.202901534841004,0,2026-10-06 01:36:15
2026-10-05 17:55:00,CNC-02,M,304.54922304619413,312.54467219217344,1916.4784115530506,36.1843416357008,43.29196068526777,2.4196159431692434,13.159340283552073,44.268398857933036,0,2026-10-06 01:36:15
2026-10-05 07:43:00,CNC-02,M,295.8396532116047,309.57643674439,1658.7783859002323,39.807014730009186,44.38650383020246,2.26427135585871,12.413265741102359,59.79176487549241,0,2026-10-06 01:36:15
2026-10-05 03:56:00,CNC-02,M,297.01228985288407,311.1623718744915,2172.189999427476,30.366586834886647,201.86469863887604,3.3083445334414234,12.172821797070558,59.20571480450446,0,2026-10-06 01:36:15
2026-10-05 06:59:00,CNC-02,M,296.064683303339,311.20932475509414,1863.823817682615,41.40813359196133,205.03327024691876,3.1775563324012945,14.506456435268737,58.52432321053422,0,2026-10-06 01:36:15
2026-10-05 09:50:00,CNC-01,L,296.4147275833391,310.6447364899729,1407.0551766030694,51.56944998915256,57.319944781230284,2.072246027223841,13.516908851481606,57.61473635693272,0,2026-10-06 01:36:15
2026-10-05 21:01:00,CNC-02,M,298.57428164496906,311.1917130361066,2622.033028805084,17.924415654764108,64.53411128363442,3.2217989098251985,8.804547940144644,55.59447205751886,0,2026-10-06 01:36:15
2026-10-05 13:21:45,CNC-03,H,297.5338004789838,312.281196082276,1345.8499159609946,54.57169963569799,186.97037761738747,2.4550392341807403,13.94588162505152,58.4431195335826,0,2026-10-06 01:36:15
2026-10-05 05:21:00,CNC-01,L,302.1915739110412,310.6003726927307,2181.8954018732484,33.82323590963489,106.42851422275646,2.8404852147914332,13.929890357284698,50.78565740818709,0,2026-10-06 01:36:15
2026-10-05 02:12:00,CNC-03,H,297.90856856774076,310.9533607674271,2556.182350231254,22.315202608047432,50.64180162289456,3.1837549112514685,10.669398403798251,55.24794616971967,0,2026-10-06 01:36:15
2026-10-05 18:49:00,CNC-01,L,27.11566003284298,40.58309721056435,2129.9565970361955,32.20211300810824,38.80662603164212,2.7479718602961416,12.846980842461065,54.420834680405484,0,2026-10-06 01:36:15
2026-10-05 17:54:00,CNC-03,H,299.95757608761386,313.21121033500464,2143.434062981523,27.14224023410217,99.33262400289563,2.7766408998941947,10.753187071234986,52.63649265574663,0,2026-10-06 01:36:15
2026-10-05 14:10:00,CNC-01,L,298.66382338221774,312.35219076038004,1301.1150317963343,50.28535385966159,59.41259135216547,1.9688037963933007,12.265534510567937,56.49301953398314,0,2026-10-06 01:36:15
2026-10-05 13:00:00,CNC-03,H,297.36803428484274,311.9832385712944,1372.62865544004,54.88816505615119,153.84780897444665,2.2975304781504513,13.92416446551567,54.84149870130343,0,2026-10-06 01:36:15
2026-10-05 08:11:00,CNC-01,L,296.32628350702845,310.72142883453864,1559.146223659082,45.17661039678364,113.45967237881383,2.2943771206974524,13.02208550545988,57.751259676562164,0,2026-10-06 01:36:15
2026-10-05 06:16:00,CNC-01,L,296.3927660583068,311.37025518099796,2023.810544747008,38.86480094430231,178.9605473491309,3.195397198408131,14.628124924148088,60.10112166815828,0,2026-10-06 01:36:15
2026-10-05 19:53:00,CNC-02,M,299.0100419984214,313.14039689023724,2358.1132145805595,26.233416331600566,192.77143400735963,3.543803856423794,11.611133549049521,49.529802615966695,0,2026-10-06 01:36:15
2026-10-05 14:27:26,CNC-03,H,298.26712453740134,312.0524858020881,1475.5631238100998,47.03463624040441,48.334242698065374,2.0904119033602173,13.236759829327406,53.62483287771311,0,2026-10-06 01:36:15
2026-10-05 11:00:00,CNC-03,H,296.03875948612534,311.2018636249887,1393.6991727766083,54.74496791681615,237.19277486231164,2.853526548386665,14.535000115642099,56.96975219494294,0,2026-10-06 01:36:15
2026-10-05 04:03:00,CNC-02,M,296.95321320418054,311.64026125616226,2476.0994697364345,28.4990650461779,210.25288672651837,3.850473757045065,13.24366299105541,54.509697186575465,0,2026-10-06 01:36:15
2026-10-05 08:59:00,CNC-03,H,295.66344145520003,309.6284676924798,1548.458110136889,47.178382756997905,48.24589703706535,2.3244305467573403,13.598183674986316,57.71821674202776,0,2026-10-06 01:36:15
2026-10-05 07:58:00,CNC-02,M,295.92007959459505,310.1959921007189,1747.0799662916888,40.18666619243843,66.16529829330617,2.48654512903375,13.00359879273221,62.38719135741116,0,2026-10-06 01:36:15
2026-10-05 04:24:00,CNC-02,M,296.8422693501335,309.7922710306339,2251.6130960725127,25.511643790886428,2.4079620285305197,2.7705726361486187,10.52815274523574,56.979162624120306,0,2026-10-06 01:36:15
2026-10-05 07:38:00,CNC-02,M,295.851029299525,309.8165161542681,1908.0257149973168,37.238964131413375,37.24044956350468,2.413186491125202,13.114550623604899,58.622342910218,0,2026-10-06 01:36:15
2026-10-05 09:40:00,CNC-02,M,295.78097049708464,311.08897237041975,1518.6770396547581,50.42779792162798,220.0365921431194,3.032022138159842,14.355824949983107,57.65266213930643,0,2026-10-06 01:36:15
2026-10-05 06:41:00,CNC-01,L,,311.05473318659136,2038.3169963809942,34.66548902206961,213.0101276555351,3.4826987446017212,13.18984329183499,58.13633686158239,0,2026-10-06 01:36:15
2026-10-05 18:10:00,CNC-01,L,300.10651493957033,314.6393881649998,2030.072754736367,34.867821939178185,180.9996086966434,3.1772657222293748,13.336966404235325,52.414622019458655,0,2026-10-06 01:36:15
2026-10-06 00:02:00,CNC-01,L,26.22997728148914,39.03174664969964,2780.484197341467,17.500901561097777,185.35721044355338,3.9284357724602335,9.34533236643415,49.72142707504463,0,2026-10-06 01:36:15
2026-10-05 12:00:00,CNC-02,M,295.980142281674,,1386.148594877078,51.81998632344986,183.95215030125343,2.5700701216739232,,63.77938392305664,0,2026-10-06 01:36:15
2026-10-05 11:49:00,CNC-02,M,296.0757311911318,310.68583087539906,1293.3114204788153,54.60758059502033,166.43436159441794,2.3574161253590944,,63.00120164794135,0,2026-10-06 01:36:15
2026-10-05 03:35:00,CNC-03,H,296.98081131909083,309.2040495657202,2493.5930452288835,17.691026700526155,145.14618159424953,31.883863161582724,8.135996694172654,57.776283945999346,0,2026-10-06 01:36:15
2026-10-05 19:52:00,CNC-01,L,300.383334395502,313.63281138969245,2190.1782055186245,27.07834403014243,116.87898672684089,3.0401722477018227,,50.09372087692362,0,2026-10-06 01:36:15
2026-10-05 08:42:00,CNC-02,M,295.9303652388777,310.6356784235444,1580.2511856562905,47.04358404662669,131.52798714276236,2.4723097489062194,13.786403981864154,60.578087448119874,0,2026-10-06 01:36:15
2026-10-05 11:54:00,CNC-03,H,301.9238798505592,309.5548626855977,1393.3498442023738,48.32204663941511,,2.0652393343913857,12.355560799172569,48.434330791893075,0,2026-10-06 01:36:15
2026-10-05 06:25:00,CNC-03,H,295.44546494560757,309.2024228747001,1959.4811684923204,34.61421300614608,88.50622388770189,2.5698803875277028,12.671592527210992,58.05831256727274,0,2026-10-06 01:36:15
2026-10-05 15:29:00,CNC-01,L,299.2276513401076,314.03279701948975,1732.0843420598699,42.6735569621036,180.1341572053756,2.8197970865303583,13.575148353274635,54.39758017530368,0,2026-10-06 01:36:15
2026-10-05 14:11:00,CNC-01,L,298.90537680979224,312.9595905354667,1440.897200513431,48.077865254384136,60.96835321053995,2.0678284480314835,12.583944851537193,52.48594142531172,0,2026-10-06 01:36:15
2026-10-05 22:00:00,CNC-02,M,298.6061747733281,311.0514440831606,2731.2631277059086,15.189844600910543,130.2941820188306,3.480215325192305,7.735090047951106,55.83228219220116,0,2026-10-06 01:36:15
2026-10-05 06:53:00,CNC-03,H,295.5735236465362,310.12869864961976,1965.1739340865843,37.73456048759026,127.13301466071474,2.723939746429369,13.7858724737064,64.31685258234995,0,2026-10-06 01:36:15
2026-10-05 19:01:00,CNC-03,H,26.95881312533686,41.46502139780813,2138.7839734612303,32.37491165853398,186.37256567926292,3.1479029214727445,12.928478938238607,53.535233773288574,0,2026-10-06 01:36:15
2026-10-05 08:21:00,CNC-01,L,296.43943579197764,310.52356607676927,1814.3993908320572,37.443784868780476,128.13915214942793,2.7211320397119803,12.608869416348417,55.90039637832965,0,2026-10-06 01:36:15
2026-10-05 13:08:00,CNC-02,M,297.23161663842154,311.8233650869915,,48.841796284731906,75.98185564194944,2.2067888868582584,13.633114604263985,59.60916547052637,0,2026-10-06 01:36:15
2026-10-05 07:31:00,CNC-01,L,296.2587465209231,310.78157722246584,1563.8384222692432,48.89051137092662,54.96068252092058,2.2279010001563497,14.45904972244704,,0,2026-10-06 01:36:15
2026-10-05 01:38:00,CNC-02,M,297.906340588187,309.6472323463879,2799.0962829037157,14.113660324654308,45.649748216729,3.296790503317155,7.281376899250724,57.494154841670856,0,2026-10-06 01:36:15
2026-10-05 14:09:00,CNC-02,M,297.28930944269257,312.6699078219406,1515.5107204683336,52.69167833613732,171.9698733364585,2.4324253062769836,14.798922992258385,56.83934395131892,0,2026-10-06 01:36:15
2026-10-05 14:45:00,CNC-02,M,298.2309343186808,312.47962173657095,1434.907617013305,49.582936134676366,13.844024529058123,2.0222078023109975,13.229947574178583,55.436466766812906,0,2026-10-06 01:36:15
2026-10-05 20:37:00,CNC-02,M,298.5605819410086,311.49167195943573,2406.2638939260705,22.15022891889377,37.10292094407422,,9.616557349537661,54.05115128299329,0,2026-10-06 01:36:15
2026-10-06 00:07:00,CNC-03,H,26.030156978465413,37.83494296704049,2784.39115129104,14.56288571560397,17.19329349417754,3.25408415394612,7.410457095286328,56.697507824435014,0,2026-10-06 01:36:15
2026-10-05 08:58:00,CNC-01,L,296.6082749815016,311.3170807392556,1458.2709622193279,49.14305784567546,183.8907979427627,2.688585684489109,13.589438099957489,58.124905192131614,0,2026-10-06 01:36:15
2026-10-05 21:52:00,CNC-01,L,300.1029411559189,311.57724275855946,2684.384921402503,14.300210676199521,45.66664518446186,3.207582900884195,7.404498443682917,49.991883879817316,0,2026-10-06 01:36:15
2026-10-05 05:39:00,CNC-02,M,296.31373245758857,310.2594271664337,2176.4985637111545,30.56091610703456,97.02946486476881,2.823621106089435,12.554460729326127,54.22912829929846,0,2026-10-06 01:36:15
2026-10-05 02:59:00,CNC-02,M,297.6921972990321,310.738342223887,2608.362061209511,20.562835027452902,135.57075822250485,3.2792207908355264,9.932052278723642,56.291549926805246,0,2026-10-06 01:36:15
2026-10-05 15:01:00,CNC-01,L,298.71813954131784,313.85781379971655,1715.3337109461077,45.96953644252736,137.85755599937826,2.5636475954805524,14.78714197090685,55.336793999537875,0,2026-10-06 01:36:15
2026-10-05 04:55:00,CNC-01,L,302.3785999880489,310.1423467265549,2343.1237929822896,29.31898584050533,73.21656812247906,2.916637208865695,310.15082929650026,46.000831823574174,0,2026-10-06 01:36:15
2026-10-05 18:14:00,CNC-03,H,26.846538399735493,41.30891717486094,2074.491495653871,35.61206467282504,125.69020637919853,2.7806519813900654,13.923400603178537,51.22197405224489,0,2026-10-06 01:36:15
2026-10-05 09:33:00,CNC-02,M,295.87174977274043,310.8296337809119,1516.0221697865786,47.746489675905096,209.2281155337911,2.8644734306337183,13.361361248429708,58.885102903090775,0,2026-10-06 01:36:15
2026-10-05 04:11:00,CNC-02,M,296.8446747348578,310.90618125255173,2253.459880296075,26.797509019687077,219.84435770867017,3.5885473513029544,11.326612453472364,60.19125638615359,0,2026-10-06 01:36:15
2026-10-05 14:23:00,CNC-01,L,298.62151319827836,312.50830424785204,1593.82896167431,42.8616881648022,79.47585600919199,2.4120637477121147,12.49895989858652,52.048290787907526,0,2026-10-06 01:36:15
2026-10-06 00:20:00,CNC-03,H,298.8855585959267,310.41920176448764,2771.411546285573,13.906422547661336,30.876534117590467,3.310514368661577,7.157314244107201,53.09342048228779,0,2026-10-06 01:36:15
2026-10-05 03:40:00,CNC-01,L,297.2877114536526,311.2050456516358,2440.4554301643643,24.94676772944436,178.29157346231406,3.5113271221172413,11.351690915712632,55.288708160840216,0,2026-10-06 01:36:15
2026-10-05 02:44:00,CNC-02,M,297.6719947065342,310.46948521242575,2631.605114281035,19.483998124453656,118.39114536782104,3.3709421688628773,9.685238770645313,51.39106368966663,0,2026-10-06 01:36:15
2026-10-05 16:07:00,CNC-01,L,299.6459871092923,313.71376731493075,1720.2456855521395,41.81959550734053,10.169648810265153,2.3983571266822574,13.2574932617514,54.452223148432346,0,2026-10-06 01:36:15
2026-10-05 04:44:00,CNC-03,H,296.0640717090899,311.38915671325157,2023.1273506548087,39.4612892053239,228.72581541538634,3.373296394952861,14.838682637213404,61.83318893408473,0,2026-10-06 01:36:15
2026-10-05 21:55:00,CNC-03,H,299.8214409908503,313.80462539849134,2442.190076769,25.977423881421913,143.21245559925296,3.1578762596595,11.669355072060078,60.41499578043357,0,2026-10-06 01:36:15
2026-10-05 14:22:00,CNC-03,H,298.2408641766436,312.1555311420441,1395.9732127166187,50.5871707150425,40.5466443616609,2.038349100083904,13.171280144812481,52.12026190685483,0,2026-10-06 01:36:15
2026-10-05 10:18:00,CNC-03,H,295.7239867067809,310.3315743018298,1401.1508567366698,51.60630815840419,170.9757849966948,,13.577146675687219,61.06031018364285,0,2026-10-06 01:36:15
2026-10-05 03:53:00,CNC-03,H,296.5519836891343,309.98332031168576,2293.359500395005,25.147835642661285,166.40296940423218,3.224927842269076,10.674259441163095,57.31512166863829,0,2026-10-06 01:36:15
2026-10-05 07:27:00,CNC-03,H,295.3548504247829,310.38214042594564,1921.125905146278,39.5761325412274,175.29935903510972,2.8658424154749085,14.04065329339842,60.28903115782597,0,2026-10-06 01:36:15
2026-10-05 14:03:00,CNC-02,M,297.545928642955,312.1226418247076,1460.2019137799991,44.87528572046645,162.52554033705573,2.4707116813433974,12.48630776115815,52.49259697208517,0,2026-10-06 01:36:15
2026-10-05 16:31:00,CNC-03,H,299.5155390154938,314.39897192207764,1891.5133525881636,40.42094301501905,233.83335479263292,3.438447622029073,14.263550765372294,49.63070598280156,0,2026-10-06 01:36:15
2026-10-05 14:39:00,CNC-01,L,298.4119673152863,313.16124543484915,1593.6933097479925,48.61883339055866,104.19313720331047,2.388649686290668,14.451225018174139,55.93451535724424,0,2026-10-06 01:36:15
2026-10-05 09:11:00,CNC-01,L,296.3450101008624,311.3054969836284,1474.6049928749017,52.45045507331203,203.72632994860237,2.932860100580232,14.694679150010066,57.65342036159953,0,2026-10-06 01:36:15
2026-10-05 20:45:00,CNC-03,H,300.04047783861694,313.6164229430743,2450.1323481052045,25.426601662281815,64.47606297057783,3.144975369346664,11.692836183200534,49.533411717221504,0,2026-10-06 01:36:15
2026-10-05 10:05:00,CNC-03,H,295.7942348353963,309.9005393912308,1531.339667683186,45.389418176358014,150.5677311006224,2.4140703410290256,13.126489316482425,53.487378247595515,0,2026-10-06 01:36:15
2026-10-05 20:07:00,CNC-03,H,300.42518603213097,313.67220924349397,2052.0479641994416,31.663811483523585,20.369300962353837,2.683830814614819,12.332479319113276,56.815716135601484,0,2026-10-06 01:36:15
2026-10-05 07:26:00,CNC-03,H,295.6827805249874,310.90052796600526,1716.3196646898177,45.85062944415293,173.92378156807635,2.747847391495931,14.617514823615801,56.255292249292204,0,2026-10-06 01:36:15
2026-10-05 17:56:00,CNC-03,H,300.3118667890552,314.63788652573174,1945.9337825168045,36.380949508836,102.00589532851055,2.538171357208414,13.375931568207182,48.43147643870117,0,2026-10-06 01:36:15
2026-10-05 23:58:00,CNC-01,L,26.519263302360628,39.43092853475889,2640.6743657381808,18.081015189874584,181.09271984222548,3.799520934736611,8.822800802642853,53.471352966002,0,2026-10-06 01:36:15
2026-10-05 17:47:00,CNC-03,H,299.8337709141311,313.31883885692935,2014.6840350544314,31.79480087290521,90.08381495383348,2.7756975390402534,11.942439641155227,51.208895172090756,0,2026-10-06 01:36:15
2026-10-06 00:40:00,CNC-01,L,299.0161252135338,309.726312254223,2691.6228966861727,11.441546486210662,12.57283028371926,3.133421912350644,5.92876055964838,52.16489553398006,1,2026-10-06 01:36:15
2026-10-05 19:26:47,CNC-03,H,299.9650547555572,315.58013533892137,2213.8963105878174,36.72769978311634,220.20501042497193,3.4840796115355923,15.333727238299673,54.81387582753526,0,2026-10-06 01:36:15
2026-10-05 09:32:00,CNC-03,H,295.412437485495,309.63275515466967,1544.5126676842087,46.47481452617618,98.80737703702486,2.3136534065859156,,55.46847756853621,0,2026-10-06 01:36:15
2026-10-05 17:04:00,CNC-02,M,298.97008157986426,314.19682639073744,1922.4151828846254,39.43408795452081,0.0,3.368109833193152,14.198152899251255,52.17971427053,0,2026-10-06 01:36:15
2026-10-05 11:41:00,CNC-02,M,296.1883004775066,310.8387673617138,1357.1883390296848,54.02495219517727,153.68668543119418,23.22975306128993,13.737052983271216,58.13994300788679,0,2026-10-06 01:36:15
2026-10-05 15:09:00,CNC-03,H,298.85895752313525,313.44835347960634,1611.4908292742625,47.59142921437773,112.65047737377256,2.4331503517625666,14.360664169569128,54.90770079586501,0,2026-10-06 01:36:15
2026-10-05 09:38:00,CNC-02,M,295.750538732195,311.0142138915012,1478.5422207137801,52.793794960384204,216.94078733045546,2.810383850096087,14.536164321689999,60.9580514726023,0,2026-10-06 01:36:15
2026-10-05 11:22:00,CNC-01,L,297.4398189103684,312.20147410006496,1323.6753874447843,54.89703501259483,202.62197559571726,2.827113703306478,13.594701916618584,57.345165668036124,1,2026-10-06 01:36:15
2026-10-05 11:11:00,CNC-01,L,297.18643794174073,312.16646105342517,1349.8508403432697,56.11213968589916,185.11904987513228,2.559005014237292,13.957854017361432,58.12873022687044,0,2026-10-06 01:36:15
2026-10-05 06:21:00,CNC-03,H,295.69462892447984,310.27593352538753,2048.8839832162485,37.183339561709815,83.02727129612032,2.668528928575175,14.471256508201662,61.857804250370634,0,2026-10-06 01:36:15
2026-10-05 03:31:00,CNC-03,H,296.9655108655198,310.19516965651434,2287.407094100457,24.130435687387976,140.55221740494267,3.08156785509703,10.317417015430642,56.832388072016975,0,2026-10-06 01:36:15
2026-10-05 08:06:00,CNC-01,L,296.34030505340706,311.1192304447057,1821.8312742912021,43.57774582640448,106.02961192744336,2.600683370255044,14.918887706510395,55.75844978024567,0,2026-10-06 01:36:15
2026-10-05 16:06:00,CNC-01,L,299.75367215247616,313.86019151888985,1741.982413324329,41.68180562789317,8.714408829057108,2.3290574603631877,13.469471300731058,52.133010558739926,0,2026-10-06 01:36:15
2026-10-05 11:12:00,CNC-01,L,297.3204436109909,312.1565140635499,1346.1307578238711,56.07208181620325,186.71815042756376,2.5824823275252635,14.00070425782481,51.66632177490163,0,2026-10-06 01:36:15
2026-10-05 09:38:00,CNC-01,L,296.4571463399224,310.7054274426443,1581.6427134649948,48.29311944875802,38.71497467815637,2.2204024272909573,14.357126076104894,59.44832326159883,0,2026-10-06 01:36:15
2026-10-05 12:31:00,CNC-01,L,297.9096645561568,311.58332237935434,1348.5633291920753,48.49183767614459,93.60856301382083,2.144878059954724,12.239369245593608,53.76078652709607,0,2026-10-06 01:36:15
2026-10-05 01:49:00,CNC-01,L,297.82790070895817,310.2193170758784,2626.6932244836125,19.716499076368628,52.92092897574678,3.16236512809759,9.698576264156264,57.42250156953896,0,2026-10-06 01:36:15
2026-10-05 10:00:00,CNC-03,H,295.5746102625905,309.87736633375863,1392.1886505692437,49.55156009204807,142.69701430336514,2.2638329922707805,12.886215552081683,61.828927523996114,0,2026-10-06 01:36:15
2026-10-05 03:59:00,CNC-03,H,296.60249609853025,310.5079659829064,2403.466566053388,26.494233179406077,173.66593470988497,3.2492781326371483,12.1449789734314,61.94816386753868,0,2026-10-06 01:36:15
2026-10-05 07:17:00,CNC-01,L,296.7131824243435,310.71515174256183,1915.153268153073,37.050648294147386,35.027995064766465,2.5364783183398516,13.552836821752786,55.96107480540407,0,2026-10-06 01:36:15
2026-10-05 15:39:00,CNC-03,H,299.0548749800632,313.57596010462584,1518.027813957429,46.342676207879535,157.8399672440609,2.3447974004472396,,53.11621641708819,0,2026-10-06 01:36:15
2026-10-05 23:50:00,CNC-02,M,24.828332340737234,37.220355483773574,2689.0565176449913,16.99031180684272,23.362217539928295,3.3008368282855765,8.67218582154604,55.10650039838832,0,2026-10-06 01:36:15
2026-10-05 11:33:00,CNC-02,M,295.930493093963,310.5277728933031,1391.6837870283737,51.626158746571626,141.03276030506632,2.240968358828796,13.556191685876803,62.38106051847422,0,2026-10-06 01:36:15
2026-10-05 06:34:00,CNC-01,L,296.3779977413056,311.9047246648556,1987.6075183927856,41.15741238288857,203.34124836003008,3.491659792436983,15.020758005428268,52.71231235003113,0,2026-10-06 01:36:15
2026-10-05 13:38:00,CNC-03,H,297.594975856151,312.89981916392003,1579.045042140299,,213.61578664090024,2.8311794689763494,14.569748364141123,59.5941123453147,0,2026-10-06 01:36:15
2026-10-05 11:05:00,CNC-03,H,295.9635328091459,311.04367349346313,1333.6839291238402,54.613773291097274,245.14323721661762,2.990857211014812,13.640621984154356,59.90737686820697,1,2026-10-06 01:36:15
2026-10-05 03:46:00,CNC-03,H,296.74067416157754,309.6317681801408,2487.3135903441903,20.71452242268453,158.06578457161868,3.3149529132898388,9.729450678429645,58.02437746207222,0,2026-10-06 01:36:15
2026-10-05 03:05:00,CNC-02,M,297.4548437151605,310.08343556048203,2685.9944326270793,18.390929393399553,142.3886644550317,3.457197058189807,9.228200740939306,56.559901708294625,0,2026-10-06 01:36:15
2026-10-06 01:26:00,CNC-02,M,297.0153929118977,310.35019541379955,2813.4251340269016,19.00181551329579,125.41421318552425,3.526790394325508,9.983202080391738,56.24615307307264,0,2026-10-06 01:36:15
2026-10-05 06:32:00,CNC-01,L,296.30507834220805,311.18971280928264,1864.7080066599342,41.12789791656777,200.63512174194523,3.3004174955469407,14.24438507164137,61.46591817831591,0,2026-10-06 01:36:15
2026-10-06 01:05:00,CNC-01,L,298.91465046812334,311.34127982526763,2544.9603299595756,19.707936588136693,39.4588623022461,3.12415818602848,9.349849451417978,52.205483826590864,0,2026-10-06 01:36:15
2026-10-05 08:35:57,CNC-01,L,296.35708578128,311.2478948162299,1576.8619628512286,49.96365614200239,150.59206767685836,2.466335906598977,14.603385855272583,60.028510196864545,0,2026-10-06 01:36:15
2026-10-05 12:27:00,CNC-01,L,297.8295078868667,311.8504676076416,1303.6247200153016,51.05356709098798,87.31036436653119,1.995768310243512,12.489065079599039,53.04261368843294,0,2026-10-06 01:36:15
2026-10-05 19:16:00,CNC-03,H,26.850783254089492,41.798317853398714,2192.9650690799576,34.132011979319955,205.37719631070107,3.370793394046658,14.06317894182384,56.97660145469449,0,2026-10-06 01:36:15
2026-10-05 12:13:00,CNC-03,H,301.6170919660394,309.8510592444912,1380.4583433439939,53.020253851907256,79.34683456112066,2.077891201602183,13.579049509529701,48.24910963898519,0,2026-10-06 01:36:15
2026-10-05 05:51:00,CNC-02,M,296.1557079115745,310.4269624469936,2175.2911445769473,31.329991662325924,112.70674103804042,2.9597135178320375,12.762456938343018,59.7628955815055,0,2026-10-06 01:36:15
2026-10-05 05:35:00,CNC-02,M,296.1665353156295,310.11310769051676,2062.378020064766,32.82209031183019,91.86553843476577,2.684832933291623,12.876441887852796,59.03877126995419,0,2026-10-06 01:36:15
2026-10-05 10:17:00,CNC-01,L,,310.5568255975136,1284.3167021282952,51.87743665334947,99.61163991932467,2.056034108428528,12.165096210175546,55.31171078529171,0,2026-10-06 01:36:15
2026-10-05 08:29:00,CNC-03,H,295.3677051995295,309.3650372170926,1742.3276991566845,42.02753768612986,2.919352595587835,23.48353263412765,13.71064694483348,58.89581186657252,0,2026-10-06 01:36:15
2026-10-05 10:30:00,CNC-01,L,296.8728235648749,311.8155471070485,1390.1683675335505,57.5703538407531,120.06374782746356,2.2673336282883927,15.143770300404011,57.93529424008238,0,2026-10-06 01:36:15
2026-10-05 23:38:01,CNC-01,L,26.50532173553262,39.2937382714714,2756.2221507697527,17.1501722230419,160.95031096920565,3.5877093173765324,9.20964953591467,49.33586529997554,0,2026-10-06 01:36:15
2026-10-05 22:59:00,CNC-03,H,299.77475143097246,313.7151361588583,2556.6128203460034,23.888305892987145,212.6469040326084,3.6822645580720255,11.505309379938804,51.10172702419679,0,2026-10-06 01:36:15
2026-10-05 04:01:00,CNC-01,L,297.06883753672827,310.33595544006886,2337.048751550065,26.80552725658394,7.056333599525489,2.8855032603600717,11.795280240969364,56.110039098774806,0,2026-10-06 01:36:15
2026-10-05 18:33:00,CNC-03,H,26.659511091397633,41.17505474853493,2048.067914563698,35.781550059861004,150.40664157294566,2.8414624979115,13.699712899668619,50.30137962808163,0,2026-10-06 01:36:15
2026-10-05 09:49:00,CNC-03,H,295.6123490632626,309.69931888927704,1364.2529188936078,49.89656240245273,125.42712839790785,2.1813377835038663,12.633379107305668,58.18021687750558,0,2026-10-06 01:36:15
2026-10-05 11:04:00,CNC-02,M,295.84917086036666,310.3520988422692,1347.6796286951258,53.909239125993736,94.83958719733829,2.1097214208255624,13.523636576304687,59.059939076917296,0,2026-10-06 01:36:15
2026-10-05 19:20:00,CNC-03,H,300.0214138345422,314.333121090394,2334.7359667875016,27.824144783082676,210.24921282334435,3.4594828913879168,12.38771245997419,49.913414564246075,0,2026-10-06 01:36:15
2026-10-05 17:34:00,CNC-03,H,299.8072058373281,313.69052632305727,2164.8704449512516,30.64683949656419,72.20837546028899,2.8075251741179446,12.28662182102562,49.29007204245083,0,2026-10-06 01:36:15
2026-10-05 06:32:00,CNC-03,H,295.651377292876,309.852421767471,2094.1404723264845,34.344772802742554,98.06037067287913,2.7581646732543956,13.213053120721419,55.640925060084875,0,2026-10-06 01:36:15
2026-10-05 06:56:00,CNC-03,H,295.61998873582996,310.27448131782313,1783.8049665570456,42.86227302734143,131.4454869064391,2.4695469752298296,14.380229882833559,62.734809823184534,0,2026-10-06 01:36:15
2026-10-05 07:07:00,CNC-03,H,295.39795175011363,310.49873085265676,1793.374165528085,45.127013805410435,146.90664418057594,2.746120243489794,15.087887985359277,59.585605542207475,0,2026-10-06 01:36:15
2026-10-05 19:38:00,CNC-02,M,298.9285546349522,313.3952401192256,2252.9619421388766,29.320132681909136,174.69774221137612,3.175845884900446,12.090735850213767,52.4023389950371,0,2026-10-06 01:36:15
2026-10-05 16:57:00,CNC-02,M,299.0195529920477,314.26292087713625,1922.569797916667,39.88291504271631,207.55330689290633,3.2326234290799998,14.453946760595603,49.05115951076881,0,2026-10-06 01:36:15
2026-10-05 16:00:00,CNC-02,M,298.3817075872725,313.30064142672825,1788.0121627936587,42.355656788790384,126.00981746890352,2.524499867353462,14.170327591987776,52.15482020665499,0,2026-10-06 01:36:15
2026-10-05 06:37:00,CNC-03,H,295.56951253394726,309.11040390132274,2094.281185610936,30.39899544065244,104.83879727201895,2.8245694316091643,11.953474429656566,57.81639094991141,0,2026-10-06 01:36:15
2026-10-05 04:18:00,CNC-02,M,296.94595742128604,311.2761685968808,2269.996383744985,29.467214971472252,228.290850294616,3.7796460110948287,12.694077795357758,57.062345116016054,0,2026-10-06 01:36:15
2026-10-05 14:52:00,CNC-03,H,298.4847923856034,312.5478314973627,1488.530412152715,48.33567992804345,86.80998834747034,2.282440599897183,13.723131949174617,55.87706575567437,0,2026-10-06 01:36:15
2026-10-05 06:44:00,CNC-03,H,295.719795051994,310.9370647154675,1806.6216736471242,45.74550667543129,114.68933135499047,2.510875594149326,15.521762182229981,61.43840984333788,0,2026-10-06 01:36:15
2026-10-05 13:19:00,CNC-03,H,297.45979005089134,312.2898575597885,1330.083957385545,55.73358967684391,183.78962184569937,2.425119327300532,13.88124083972969,54.42192522927977,0,2026-10-06 01:36:15
2026-10-05 08:00:00,CNC-03,H,295.26327124394845,310.21928230297226,1727.4223393633276,41.5963908883652,223.1102617863904,3.1020201409559,13.498277513043309,63.11030564485374,0,2026-10-06 01:36:15
2026-10-05 17:48:00,CNC-03,H,299.8872352507075,314.76036499784544,2003.2345618594222,39.41209713123435,91.45695286536635,2.597886609916176,14.84128319855961,55.74235481573353,0,2026-10-06 01:36:15
2026-10-05 19:04:00,CNC-03,H,26.640375136306318,41.53865342982317,2147.1220294614404,34.7897302274248,190.17388188512186,3.26248872615317,14.129193010376024,50.44163997652612,0,2026-10-06 01:36:15
2026-10-05 16:19:00,CNC-02,M,298.4552830677448,312.86504379467743,1640.277658862816,41.237457560650775,,2.643905519879492,12.489729939050783,54.65846723859038,0,2026-10-06 01:36:15
2026-10-05 04:14:00,CNC-01,L,302.3668260934274,308.93453133779855,2220.8950731265563,23.9681364081789,22.8277993324798,2.798871861300948,9.799335755775536,43.90081021939621,0,2026-10-06 01:36:15
2026-10-05 11:44:00,CNC-02,M,296.3135946121204,310.8249004883511,1357.2416972876201,52.946404914620494,158.48134174893656,2.3855258060210107,13.430494136674678,59.98074403623422,0,2026-10-06 01:36:15
2026-10-05 16:43:00,CNC-01,L,299.81269919031297,314.03244088284174,1862.4900116200076,39.141488552186175,61.88705972323596,2.549448548071314,13.602765282186649,52.5416611420755,0,2026-10-06 01:36:15
2026-10-05 03:26:00,CNC-02,M,297.19585418019824,311.07254125026066,2476.813085860774,25.995319406469587,166.4424329663515,3.384036330240241,12.294097215283657,51.507732724460396,0,2026-10-06 01:36:15
2026-10-05 14:12:00,CNC-01,L,,312.55098456770736,1319.3124120801806,52.748959241978106,62.565879277160796,1.921278572576338,13.078761652287126,54.70558891699732,0,2026-10-06 01:36:15
2026-10-05 15:52:00,CNC-02,M,298.2387998031248,313.2983074135627,1656.3369056116283,46.768000506105096,114.31651632851609,2.4388881025643765,14.62680209789604,54.530327795816305,0,2026-10-06 01:36:15
2026-10-05 03:51:00,CNC-02,M,297.16082582595084,312.0945326395522,2411.497088504942,30.33807101725332,195.87481624638053,3.5485731355416377,13.811669514606638,59.81286904889227,0,2026-10-06 01:36:15
2026-10-05 18:32:00,CNC-03,H,26.676282667872158,41.16082557057615,2122.0633325626513,33.71270454056464,149.09362795481192,2.9142936600631684,13.53213762454323,49.64278782470301,0,2026-10-06 01:36:15
2026-10-05 18:41:00,CNC-01,L,26.875862040637003,40.36731796635189,2330.586542948329,27.86416133721919,28.566137261085668,2.912086019698064,12.341686792345238,52.54192132504559,0,2026-10-06 01:36:15
2026-10-05 03:11:00,CNC-02,M,297.6962462660725,310.58075727978786,2559.152537937695,19.538902484759134,149.15592067234576,3.2726834618393776,9.070895818146639,51.99927117121928,0,2026-10-06 01:36:15
2026-10-05 09:26:00,CNC-01,L,296.5446476894736,310.8731378083059,1589.715396209042,47.263538660118094,20.118955572691597,2.277655865582337,14.3387083898128,50.305051199168766,0,2026-10-06 01:36:15
2026-10-05 14:57:00,CNC-01,L,298.8094319974161,313.54907433224764,1544.249224166305,49.3118995983602,131.84734004462914,2.393314340710012,14.203655894097537,52.00518530330567,0,2026-10-06 01:36:15
2026-10-06 00:16:00,CNC-01,L,26.319891264618548,39.08699912722574,2624.9227539680196,17.945430956224627,200.15994976927416,3.913409803329444,8.862917887208507,54.15869465498433,0,2026-10-06 01:36:15
2026-10-05 07:14:00,CNC-02,M,295.9431133379137,309.56493270096234,1762.1952897165343,38.16905236956187,2.847868219823831,,12.713613336953937,57.832737745235015,0,2026-10-06 01:36:15
2026-10-05 02:33:00,CNC-02,M,297.4830020048594,311.10688828766314,2416.7469547959713,25.777369224019342,105.92396332127869,3.0239836617807496,11.484046022225472,58.25056186766177,0,2026-10-06 01:36:15
2026-10-05 02:57:00,CNC-02,M,297.34445404256564,311.6371784085789,2353.535899765681,29.363317815418057,133.3323399063558,3.1717598886624425,12.970906618224605,55.888123657860405,0,2026-10-06 01:36:15
2026-10-05 11:08:00,CNC-03,H,296.2999257784877,311.40195199319254,1437.2283870650815,52.56697652318538,249.9294729099176,3.1303705768588004,14.257444419115984,58.10012895162643,1,2026-10-06 01:36:15
2026-10-05 14:17:00,CNC-01,L,298.9929874053705,313.2662714439103,1471.7618818900755,49.39753013087701,70.1785952997752,2.243904990706582,13.582503316257608,50.38991748472754,0,2026-10-06 01:36:15
2026-10-05 12:06:00,CNC-03,H,301.95499512308106,309.63944532626635,1346.7229096223236,50.36569553667199,68.18711987390691,1.9714580445195682,12.417949466360815,46.346753669484244,1,2026-10-06 01:36:15
2026-10-05 13:23:00,CNC-03,H,297.21627338100694,311.43013627651817,1319.0723238364474,50.774237957212584,190.11059624690947,2.469297830210751,12.552069587543759,54.11689614238618,0,2026-10-06 01:36:15
2026-10-06 01:29:00,CNC-03,H,298.42942657704293,311.2979124639429,2576.9764655613108,19.99237953623713,104.55940386795425,3.268105678688102,9.492001426843865,52.44669713526215,0,2026-10-06 01:36:15
2026-10-05 13:44:00,CNC-03,H,297.8098541476192,312.4973889186136,1329.8731202003116,52.775075625548794,223.01546096066505,2.651050939126868,12.90260649065545,57.076002912000874,0,2026-10-06 01:36:15
2026-10-05 03:42:00,CNC-03,H,296.7955811263578,311.12909402963527,2329.1460862692934,30.006690714395848,153.36696060398165,30.501991333963623,13.06233191509776,58.26925262600542,0,2026-10-06 01:36:15
2026-10-05 07:54:00,CNC-01,L,296.5952764960529,310.4583789684522,1729.0154111446363,40.147369910558595,88.27995980761578,,12.79043361147435,56.59030585961131,0,2026-10-06 01:36:15
2026-10-06 01:14:00,CNC-02,M,297.56565379015393,309.47729821599125,2833.0702820435545,12.673133296935495,112.62124776973708,3.5385226957949794,6.761589770810351,58.36062579664536,0,2026-10-06 01:36:15
2026-10-05 14:09:00,CNC-03,H,298.05060415143936,311.73396958173527,1476.2953196973704,47.60339694716417,20.20133658249347,2.1962861715747954,13.31931663207416,54.575328747800924,0,2026-10-06 01:36:15
2026-10-05 14:57:00,CNC-03,H,298.759938949035,312.77074822244913,1361.4906466456146,53.00727083770877,94.53542319972306,2.1146206454836243,13.549840391849994,56.936533780758175,0,2026-10-06 01:36:15
2026-10-05 03:54:00,CNC-03,H,296.590815020241,310.83467327776486,2308.3521169402457,28.3875742005867,167.61467942894038,3.130631376441655,12.211858669053095,59.82605001670509,0,2026-10-06 01:36:15
2026-10-05 14:55:00,CNC-03,H,298.68729789536377,312.9933352406617,1437.5180322749038,51.34776542316658,91.42777145197496,2.171025056920735,14.031889954001823,55.5901867226572,0,2026-10-06 01:36:15
2026-10-05 16:41:00,CNC-02,M,298.72127475021585,314.0086627764854,1901.4639983416434,41.2320585010093,185.1418146722581,2.9968460717021097,14.930495521406854,50.28713306990874,0,2026-10-06 01:36:15
2026-10-05 14:18:00,CNC-02,M,297.8417601303475,312.38737373827615,1440.9294601304566,48.971869944875266,186.002263436412,2.61382208460172,13.272558114629534,56.5464540772137,0,2026-10-06 01:36:15
2026-10-05 19:49:00,CNC-02,M,299.0849947352532,313.47799583100436,2356.7127414376077,28.17909305025435,187.9460622824218,3.543721616726235,12.43581216481022,56.5674426385255,0,2026-10-06 01:36:15
2026-10-05 13:24:00,CNC-02,M,297.24003238664255,311.4153303734009,1334.7283509520403,50.50651691650411,101.27736571080177,2.110522152053138,12.567168308007918,,0,2026-10-06 01:36:15
2026-10-05 18:10:00,CNC-02,M,304.67466217655635,312.12286321082223,2137.787939985431,28.690116526890947,63.14038631066137,2.661257566827297,11.273369672410794,41.44768083362602,0,2026-10-06 01:36:15
2026-10-05 02:36:00,CNC-02,M,297.3598807219895,310.0994881530748,2514.7434362504473,19.374524772302422,109.32149370307646,3.2073764020043756,9.258592473595165,58.84592587045728,0,2026-10-06 01:36:15
2026-10-05 19:18:00,CNC-02,M,299.0224788950049,313.3743929193634,2140.408753093646,31.110879161397982,150.13753264026153,2.9364716146001757,12.46768723465024,53.813781305407836,0,2026-10-06 01:36:15
2026-10-05 15:13:00,CNC-01,L,299.0921773725019,314.06556045208947,1587.0180857618654,49.1615459315456,155.99922157679373,2.6842730691185372,14.44761911792035,53.66170551506068,0,2026-10-06 01:36:15
2026-10-05 04:09:00,CNC-02,M,296.9247883329251,310.8145129381465,2384.983442399514,26.391806587938206,217.39936212884385,3.7506619019670953,11.80550400040677,54.064853630861364,0,2026-10-06 01:36:15
2026-10-05 20:32:00,CNC-01,L,300.16919950556536,313.0785293442026,2572.6679731129766,19.638328082107453,164.0939632383299,3.5511936731069853,9.382035793274321,52.10158142923477,0,2026-10-06 01:36:15
2026-10-05 19:28:00,CNC-01,L,300.5074806340395,314.534065493543,2221.07624605794,31.184701093190963,87.40355202594156,2.836354696076508,12.962438763746455,48.243735074260535,0,2026-10-06 01:36:15
2026-10-06 01:20:00,CNC-03,H,298.3938546557848,311.27005126889435,2649.711495384177,19.79671312172642,94.83735092282647,3.1946870070645916,10.192582726957612,53.27978233217883,0,2026-10-06 01:36:15
2026-10-05 18:06:00,CNC-02,M,304.4264977378926,312.75461561064685,1869.9319223316456,37.96058788197401,57.89183756865816,2.520578274490832,13.199204098209105,43.90230587545713,0,2026-10-06 01:36:15
2026-10-05 06:59:00,CNC-01,L,296.3066831996904,310.01487879929624,1857.5721179051768,35.90834815334983,9.67413070414077,2.586411899703397,12.360551729232824,58.524609256741506,0,2026-10-06 01:36:15
2026-10-05 07:30:00,CNC-03,H,,310.2949984669408,1748.5548863541533,41.43173604297322,179.55195638045015,2.7216469770289176,13.943107859181824,55.00170279480687,0,2026-10-06 01:36:15
2026-10-05 05:41:00,CNC-02,M,296.24404491360616,310.9003085966032,2127.0670023059274,35.14495130574946,99.59671592247251,2.797640205186361,14.014566232462991,58.88648038405909,0,2026-10-06 01:36:15
2026-10-05 06:13:00,CNC-03,H,295.7248676121637,309.91470204984194,2054.07482989069,34.64623237409402,72.22416952741781,2.6649677915195764,13.409922795422325,62.058352121063095,0,2026-10-06 01:36:15
2026-10-05 14:47:00,CNC-03,H,298.5051370121658,313.5878132816485,1566.1933566358268,50.26104060352809,79.24100769077886,2.1836069666450757,14.497841438530203,56.48465363917478,0,2026-10-06 01:36:15
2026-10-05 17:23:00,CNC-02,M,299.03446157278495,312.18698454520245,1879.9244958495124,32.616632512506484,0.0,2.448822997740346,11.426697874107907,50.49906933043079,0,2026-10-06 01:36:15
2026-10-06 01:21:00,CNC-02,M,297.6386398920799,310.5929099851763,2673.5631397649545,17.781101153761874,120.18086784834549,3.3379208873193087,8.797677997538479,55.284950731709195,0,2026-10-06 01:36:15
2026-10-05 15:27:00,CNC-01,L,299.39680143914865,314.06661156580395,1523.8135542934774,47.891241154802856,177.14294399851713,2.7440403849816764,13.582565219186717,52.712345190475276,0,2026-10-06 01:36:15
2026-10-05 11:33:00,CNC-03,H,301.838678732621,309.6546472307489,1392.723417725877,51.18627312446115,15.88776455553346,2.0440495306466566,13.23682449150567,48.5162125817413,0,2026-10-06 01:36:15
2026-10-05 04:10:00,CNC-02,M,296.9204362934422,310.9200681220429,2269.223902048762,27.365446483001353,218.62738832667026,3.7155884085128044,11.939520566720711,60.4891118113974,0,2026-10-06 01:36:15
2026-10-05 09:06:00,CNC-02,M,295.47066225011713,310.10726141265263,1588.3963647441155,45.28856756367803,167.91216683811948,2.5452723840511053,13.275775747811032,55.59845919465055,0,2026-10-06 01:36:15
2026-10-05 14:37:00,CNC-02,M,297.8110410681289,311.6351464842467,1424.3318513274753,47.7937575660519,1.5591825345154322,2.0637916422210303,12.702869562033996,54.83726631758252,0,2026-10-06 01:36:15
2026-10-05 15:37:00,CNC-02,M,298.125443308911,312.6214351053419,1673.6215938509954,43.924495220644125,92.01791451845602,2.3655799912685493,13.556935269950726,54.445816365401505,0,2026-10-06 01:36:15
2026-10-05 07:19:00,CNC-02,M,295.7879196957758,309.5875418978142,1850.3701403313205,37.80371464435016,9.913010420301434,2.464586968554106,13.23914843409939,60.772533448674295,0,2026-10-06 01:36:15
2026-10-05 17:29:00,CNC-03,H,300.1768593763069,313.6937387237298,1936.2539905197639,32.13131910438764,65.48223029273029,2.58693258780551,11.814854382817769,50.26997092584641,0,2026-10-06 01:36:15
2026-10-05 14:01:00,CNC-01,L,298.50844797239495,312.3287526369535,1407.4697198595634,50.806257707924736,45.540056433936456,2.1424652718675223,13.413096050300945,51.90565476166037,0,2026-10-06 01:36:15
2026-10-05 12:22:00,CNC-01,L,298.21298274117095,312.26313421881554,1391.5979456668185,50.665324031240495,79.40114378454074,2.0377515544147387,13.08951258628139,52.260754344966976,0,2026-10-06 01:36:15
2026-10-05 15:40:00,CNC-01,L,299.4403224990559,314.1103767748331,1511.7941563863249,48.93167407080345,196.5019869600619,3.0603274310108337,13.92136915461708,50.50986770793548,0,2026-10-06 01:36:15
2026-10-05 15:41:00,CNC-01,L,299.65169701917546,314.144100997871,1633.749687424755,40.63479214774226,197.99367980877517,3.016574272237651,12.452111027381074,52.72351706678875,0,2026-10-06 01:36:15
2026-10-05 23:59:00,CNC-01,L,26.238626854290032,39.216832533135005,2766.9808406096654,16.6648735830325,182.14421967277542,3.8750812121818714,8.56135984797259,54.04711240853998,0,2026-10-06 01:36:15
2026-10-05 20:59:00,CNC-01,L,,313.9107333927829,2528.8304311858533,20.726223624301852,195.16091938712688,3.8345693355757104,10.015297483423796,50.13696982156055,0,2026-10-06 01:36:15
2026-10-05 09:25:00,CNC-01,L,296.39611837833365,310.67226414376665,1602.7678950662291,47.89325990743309,18.58560370479229,2.3174426848345684,14.365811078848438,56.06546906472721,0,2026-10-06 01:36:15
2026-10-05 11:36:00,CNC-02,M,296.1003205949713,310.8797622812785,1365.2036679326395,54.84965802889407,145.74540266851025,2.2213489408380376,13.603868003410055,56.173048208117784,0,2026-10-06 01:36:15
2026-10-06 01:31:00,CNC-01,L,298.5093239288013,310.72203340352485,2723.3923140969814,17.224248608007123,67.09194800259188,3.381522612694743,8.77455197620209,51.793374721424485,0,2026-10-06 01:36:15
2026-10-05 14:03:04,CNC-03,H,,311.53363435459863,1407.2151439592255,48.51243443915301,12.532721302734812,2.108352298554664,12.607498160655693,55.231030580602265,0,2026-10-06 01:36:15
2026-10-05 15:02:00,CNC-01,L,299.05934373030726,313.2614993810464,1591.8526118204445,43.21341850747868,139.3444389032126,2.522023705115006,12.785976909310088,51.99766728808166,0,2026-10-06 01:36:15
2026-10-05 05:44:00,CNC-01,L,301.6945548993616,309.50708312739613,2038.6612186789782,31.847182558648207,136.205292558993,2.9138509204465644,12.304961932596116,47.58941157968881,0,2026-10-06 01:36:15
2026-10-05 03:08:00,CNC-03,H,297.35491260918644,310.70420176811376,2489.4811289400036,23.961613080004945,113.65992915782809,3.1875759986195553,11.163980636064677,54.82122171549597,0,2026-10-06 01:36:15
2026-10-05 23:04:46,CNC-03,H,299.6382213576652,312.95131635215444,2741.4069429335295,19.209281225446322,217.97093740752547,3.996906791795304,9.720849227136737,50.07493133293271,0,2026-10-06 01:36:15
2026-10-05 17:31:00,CNC-03,H,299.64911105626305,313.62491959882897,1972.834709126154,34.951829549607744,68.20993006996333,2.522890474265458,13.051384514945628,50.674163530842726,0,2026-10-06 01:36:15
2026-10-05 13:17:00,CNC-03,H,297.59554183287764,311.75111153888747,1440.4956951154868,47.06830650917153,180.5931113526565,2.4482619532805145,12.440380820558225,55.95820820876034,0,2026-10-06 01:36:15
2026-10-05 03:58:00,CNC-03,H,296.61599474422314,311.0141629096818,2294.988670409422,30.835890570615515,172.49791155669294,3.2087992898272044,13.340644451581975,59.02900562105436,0,2026-10-06 01:36:15
2026-10-05 17:23:00,CNC-03,H,299.7381431282469,313.70336344555574,1989.3123922274938,35.507979043867685,57.21197355852316,2.60058182983895,13.128845328482896,52.56982477050136,0,2026-10-06 01:36:15
2026-10-05 17:37:00,CNC-03,H,299.8007903189648,314.1665970698578,1857.5504360119016,39.48077930720319,76.379190441858,2.522789246832846,0.0,45.41514373469565,0,2026-10-06 01:36:15
2026-10-05 11:49:00,CNC-03,H,302.0385991835245,309.83668911446006,1434.5697509611666,48.62094736696824,41.298499890638595,2.103478600790475,13.10479951563653,51.02362265586781,0,2026-10-06 01:36:15
2026-10-05 23:02:00,CNC-01,L,299.3913927840172,311.3633137909052,2661.0288278373855,15.400462344911116,121.51089124227329,3.3953988668148702,7.416474508079917,49.011070251778605,0,2026-10-06 01:36:15
2026-10-05 18:38:00,CNC-02,M,31.594863536891808,40.208279106054874,2166.53387335273,0.0,99.69299435531208,2.7585339352502323,14.203784670272265,42.00623485824294,0,2026-10-06 01:36:15
2026-10-05 05:12:00,CNC-03,H,295.92564241080925,310.82596618278296,2177.171419049193,33.86813873213365,263.68411596677277,3.971650056529309,13.755291727825092,61.289494332130346,0,2026-10-06 01:36:15
2026-10-05 12:32:00,CNC-03,H,302.21869199524207,310.770210863551,1424.4725193674374,53.49017968226167,109.41413468406176,2.222202989258994,14.370434783663375,46.33603662524215,0,2026-10-06 01:36:15
2026-10-05 11:10:00,CNC-01,L,297.18220109356116,311.8656225322497,1396.62974541927,52.51420206363967,183.5195000107553,2.635138215406094,13.706407590159984,60.23490974298727,0,2026-10-06 01:36:15
2026-10-05 14:37:52,CNC-02,M,297.9634197004803,311.7455005136314,1534.8722439839648,,3.086973509116725,2.2114299817898657,13.095865623990678,58.579401185704754,0,2026-10-06 01:36:15
2026-10-05 15:22:00,CNC-03,H,298.90328526860446,314.4443962163191,1700.747158243094,49.45003611663703,132.09684340951964,2.504103361620927,15.70343417605731,55.54284404544712,0,2026-10-06 01:36:15
2026-10-05 10:26:00,CNC-03,H,295.61335541733484,310.1330652974877,1509.7369790925884,45.825831390448634,183.4465190785762,2.663575311214247,12.907614951714809,56.20581198988316,0,2026-10-06 01:36:15
2026-10-05 07:08:00,CNC-02,M,296.1841775305045,,1923.2189236442784,40.81105480654894,217.74532561457357,3.340374040226758,14.528287046864358,59.8734634723735,0,2026-10-06 01:36:15
2026-10-05 16:55:00,CNC-03,H,299.694577645734,313.5895522325002,1786.6394939571849,40.25098369548181,18.44476454302851,2.354617250695359,13.488365793404595,49.37295377335301,0,2026-10-06 01:36:15
2026-10-05 11:03:00,CNC-02,M,295.9306111039153,309.9065700971203,1413.1123432889426,46.66321190368132,93.2395871973383,2.0808050252449135,,57.12899148080748,0,2026-10-06 01:36:15
2026-10-05 03:19:00,CNC-02,M,297.59197252397126,310.8056193763714,2658.9267743079317,20.43367729113463,158.31920973284383,3.548528025433932,10.191913355594588,58.19988123302087,0,2026-10-06 01:36:15
2026-10-05 03:39:00,CNC-02,M,297.2214505039611,310.85144138524834,2431.847168178692,24.582856027342775,181.66720272046126,3.5002297997010436,11.30895842159745,56.972310849035765,0,2026-10-06 01:36:15
2026-10-05 23:00:08,CNC-03,H,299.6379759545533,313.10361873656984,2686.384024593935,20.55566764940149,213.72829506941324,3.8157582865562887,10.448821201223708,53.1385626182793,0,2026-10-06 01:36:15
2026-10-05 01:56:00,CNC-01,L,297.9572843117374,310.02623401313497,2477.8283148596,17.583069994773563,60.61327865331333,3.0783701828600676,8.25729474100378,53.39679924970001,0,2026-10-06 01:36:15
2026-10-05 11:37:00,CNC-02,M,296.19438641526045,310.922977223633,1376.0917599880904,52.31061228407774,147.32464824528296,2.1842297308011323,13.652746802039749,57.2242302828746,0,2026-10-06 01:36:15
2026-10-05 11:45:00,CNC-02,M,296.24664697886834,311.08631326613477,1379.584037847613,52.787084869912086,160.07742631652272,22.465636604706642,13.482534637724454,62.244687109676015,0,2026-10-06 01:36:15
2026-10-05 01:41:00,CNC-03,H,298.0150680142878,309.4458505686836,2709.455805268302,14.422748755738741,16.83665942666396,3.2303161849380455,7.200664930256091,54.223398253456175,0,2026-10-06 01:36:15
2026-10-05 18:01:00,CNC-02,M,304.6349579169047,312.9273364673237,1800.5076994179042,38.790274052406346,51.24023081216136,2.384538726897398,13.22454071526436,42.25623364115453,0,2026-10-06 01:36:15
2026-10-05 11:56:00,CNC-02,M,296.37908525511784,311.44470971702873,1446.9568869308891,52.51369578363731,177.55763385654996,2.562304721909613,14.182262218016152,55.67656951418029,0,2026-10-06 01:36:15
2026-10-05 15:28:00,CNC-01,L,299.2430651335781,313.59136633997394,1462.707240402957,47.794425102793795,178.69112319938503,2.7398052705799136,12.995930823590758,54.75734407801845,0,2026-10-06 01:36:15
2026-10-05 04:35:00,CNC-01,L,302.5984628014848,309.39677529805095,2354.2511493850766,24.32264800555594,48.48930158250469,2.871929681036338,10.80408722214484,41.26390144670301,0,2026-10-06 01:36:15
2026-10-05 20:13:00,CNC-03,H,300.3421983082308,313.9808545878556,2348.7924888111215,28.452723553960976,27.44500908766901,2.9900381939211433,12.626906228282149,48.61362757166427,0,2026-10-06 01:36:15
2026-10-05 23:01:00,CNC-03,H,299.9651623361075,312.26796230949554,2636.3150861030535,16.303294351338472,214.81796019491617,3.8018681811830684,8.061164835462993,52.60076254744592,0,2026-10-06 01:36:15
2026-10-05 15:49:00,CNC-03,H,298.9831578544833,314.2278825613335,1725.7592281846821,46.078455247434476,172.704497673163,2.6550718895422185,,53.293088636489635,0,2026-10-06 01:36:15
2026-10-05 23:33:36,CNC-03,H,26.2920471200232,40.52652750818959,2544.2109377706843,24.676175865492787,249.95164851354724,4.022558196999265,11.823744183695784,50.6838883633303,0,2026-10-06 01:36:15
2026-10-05 05:50:00,CNC-01,L,302.04586430582873,310.2233946441137,1963.5088452216426,35.39831915363152,144.1648041297261,2.872580746862884,12.982199707550402,48.69523648535057,0,2026-10-06 01:36:15
2026-10-05 17:46:00,CNC-01,L,299.60410888836554,314.0978195389739,1953.0625800941316,36.89496869512617,149.14462765298438,2.8730275300152486,13.599255906801755,53.74678157838314,0,2026-10-06 01:36:15
2026-10-05 02:40:20,CNC-03,H,297.67565300021806,311.07876924652606,2535.042276465182,23.955683586999108,80.66962541696928,3.1306516361131815,11.356147173790221,,0,2026-10-06 01:36:15
2026-10-05 19:21:00,CNC-01,L,300.6463696858259,314.00570183535945,2357.1535728788576,25.79281980543519,78.81617252435471,2.865550219692304,11.30662218502872,51.7337528265743,0,2026-10-06 01:36:15
2026-10-05 09:28:00,CNC-01,L,296.39491277801187,310.46198814022813,1561.2338794250672,46.69822211977846,23.15171710847019,2.2236588704759366,13.725422991263201,60.297312621824624,0,2026-10-06 01:36:15
2026-10-05 07:13:00,CNC-01,L,296.4875924582945,309.97877335780163,1862.718651762943,35.33329263448708,29.344262562976507,2.3968380053890415,12.278792554972359,61.458895349405026,0,2026-10-06 01:36:15
2026-10-05 10:27:00,CNC-03,H,295.8754772666297,310.66230821489836,1363.1968321461738,54.98965472695543,185.0320681149514,2.40362770510663,13.926594596771446,56.89839623622765,0,2026-10-06 01:36:15
2026-10-05 13:10:00,CNC-02,M,297.2451804903539,311.33050555347944,1279.7251667145988,50.58458975434019,79.13619386788064,1.9043752206411306,12.202144495983953,56.7356231723681,0,2026-10-06 01:36:15
2026-10-05 22:52:00,CNC-03,H,299.8187972295188,311.5902918735945,2717.9924406175255,12.460041566803818,205.1546242217868,3.8634928154476484,6.148327947281102,47.60828158216535,0,2026-10-06 01:36:15
2026-10-05 05:30:00,CNC-03,H,295.9032867882857,309.5958494849634,2159.9397781748053,30.87775165101507,15.356886783162198,2.723416881672608,12.537796322283546,63.29835858208543,0,2026-10-06 01:36:15
2026-10-05 07:34:00,CNC-02,M,295.8787479320533,309.516804570022,1774.1718054031448,37.220599007969966,31.450524584633904,2.3182863636009676,12.546711651064681,61.81132534056678,0,2026-10-06 01:36:15
2026-10-05 08:53:00,CNC-02,M,296.01357836350206,311.1206013020299,1583.1559157392983,49.20533721872945,148.17171334085933,2.3880360905494453,14.995715101956044,62.09758193340618,0,2026-10-06 01:36:15
2026-10-05 10:13:00,CNC-03,H,295.64763193642216,309.69271692442055,1569.272953590586,43.79624099589725,163.133889199328,2.5287185121331013,13.106088229366618,60.695796709365034,0,2026-10-06 01:36:15
2026-10-05 16:32:00,CNC-02,M,299.14149908799357,314.3690346357224,1701.1948092320388,46.11531019034155,172.34848092828352,2.769473764171465,14.640468233303892,51.715801877022415,0,2026-10-06 01:36:15
2026-10-05 07:25:00,CNC-03,H,295.5296502338883,309.94086642191985,1822.5885799031114,38.616696405080475,172.48798013433117,2.7371885286678035,13.504034477064263,58.32050830126367,0,2026-10-06 01:36:15
2026-10-05 10:28:00,CNC-03,H,295.66976622251303,310.2479456178753,1339.5215814620024,51.92316784657556,186.62290798398516,2.4172548249068817,13.048552168173854,57.82779393724451,0,2026-10-06 01:36:15
2026-10-05 05:07:00,CNC-03,H,296.0064932348847,310.94682502453355,2153.5750953956203,33.99752838289555,257.36471392912006,3.8602698236606003,13.777372149176486,58.78962531180143,0,2026-10-06 01:36:15
2026-10-05 07:36:00,CNC-03,H,295.63653022720933,310.6845683662902,1787.840081047291,43.48197529842169,188.07930858453614,2.9044234949426095,14.684064370325766,59.79403124242279,0,2026-10-06 01:36:15
2026-10-06 00:03:00,CNC-01,L,26.4720032635729,39.3863650333559,2655.757409259406,18.554112644285198,186.40151384314166,3.7937656316255253,9.292766357420337,54.284393448262,0,2026-10-06 01:36:15
2026-10-05 01:55:00,CNC-02,M,297.78697476174443,309.3823002286204,2798.8992434107736,12.900886299335568,63.938387010684245,3.351257666096955,6.719230281176115,54.883652821775804,0,2026-10-06 01:36:15
2026-10-05 22:11:00,CNC-01,L,299.81452499945544,311.9911783858745,2765.584004156023,17.00485978088699,66.47669841645191,3.3484194369716884,8.854312668843878,52.914695792277676,0,2026-10-06 01:36:15
2026-10-05 03:28:00,CNC-01,L,297.4276233475826,310.5656414920257,2365.3723563586395,23.233815370073167,164.30192934286995,3.3642149145765186,10.326159977243236,59.25451470424709,0,2026-10-06 01:36:15
2026-10-05 12:12:00,CNC-02,M,296.5478240607233,311.72114901974317,1325.9991322532524,57.134754248697476,202.9983115238967,2.7414838799864687,13.99261651602262,55.71570969941303,0,2026-10-06 01:36:15
2026-10-05 05:09:00,CNC-02,M,296.4433756565156,310.7375305272646,2127.7478987273353,35.16867648933792,58.57445398937353,2.674363739154247,14.055159871075979,59.6459869869117,0,2026-10-06 01:36:15
2026-10-05 14:24:00,CNC-02,M,297.8264829734853,312.67955105755226,1640.595655740146,44.27525660549117,195.22973137408465,2.843393105007451,13.513908893896092,54.6225193413579,0,2026-10-06 01:36:15
2026-10-05 11:01:00,CNC-01,L,297.07966044170485,312.06912850433775,1439.7318317422162,55.016203441849164,169.17295050562288,2.73451671274023,15.084828602875419,61.66637997681465,0,2026-10-06 01:36:15
2026-10-05 09:54:00,CNC-02,M,295.8868038736256,310.69963780882716,1480.7826494049466,49.4126954870637,241.73527165755286,3.33241427173754,13.550417231475134,57.83484710067481,0,2026-10-06 01:36:15
2026-10-05 11:24:00,CNC-02,M,296.1258153088962,310.48115730534545,1367.6079372521504,51.216835766972785,126.69814867396036,2.2287144077619097,12.7635864750541,60.31970877933829,0,2026-10-06 01:36:15
2026-10-05 11:16:00,CNC-02,M,295.77301192346886,310.3921946537852,1396.8395837753467,53.65685087129667,113.9395681283053,2.198691944856385,14.147575736061754,58.9397326138314,0,2026-10-06 01:36:15
2026-10-05 13:44:00,CNC-02,M,297.55092424762427,312.16244100775344,1451.322723168278,52.56832818150971,132.7733429932883,2.4021019110569872,14.315679616527904,58.21843038603832,0,2026-10-06 01:36:15
2026-10-05 13:13:00,CNC-01,L,298.4574722831186,312.7110509561119,1303.100400424999,52.96089123971159,5340.438839673624,2.433335544187721,12.933527550894496,54.94410422532504,0,2026-10-06 01:36:15
2026-10-05 17:54:00,CNC-01,L,299.78640259985247,313.82499921612913,2059.7358241625957,31.389505720237945,159.85321389487385,3.050654456786286,11.826501005316786,53.121215576114906,0,2026-10-06 01:36:15
2026-10-05 05:45:00,CNC-03,H,295.6533918726796,309.0906403181887,2209.8583948215114,28.63773399787407,34.71998969020343,2.7993128268200986,12.085113920182904,57.609097512829464,0,2026-10-06 01:36:15
2026-10-05 19:00:00,CNC-02,M,31.45484740916089,39.47850189243968,2177.60879695373,28.90969539607782,127.66063486422571,2.8752774062100603,11.756083630302209,44.67322546153043,0,2026-10-06 01:36:15
2026-10-05 15:31:00,CNC-03,H,299.0163219582751,313.7947911570856,1577.121162537984,50.24727247746622,145.775502042382,2.4719989895249452,14.836093391292444,53.72904159282886,0,2026-10-06 01:36:15
2026-10-05 20:57:00,CNC-03,H,0.0,313.05070892105914,2446.701859943037,18.246344977647187,78.28395949555726,3.121892638566944,8.220183791519819,54.65634758704278,0,2026-10-06 01:36:15
2026-10-05 18:26:00,CNC-02,M,31.584850413635877,39.80710566958015,2118.897353106011,32.29120556513344,84.13728033698384,2.7148224962937246,12.79371851598826,44.50272633660581,0,2026-10-06 01:36:15
2026-10-05 13:24:00,CNC-03,H,297.76858662943613,312.2278536076973,1286.5638938860795,53.87433979919027,191.7013155567897,2.38567675096369,12.96286321435304,54.99965520876021,0,2026-10-06 01:36:15
2026-10-05 15:35:00,CNC-01,L,299.5294433158177,,1677.776415497279,43.99778741989066,189.02455063995515,2.962097934958812,13.849961607360202,51.16432523587768,0,2026-10-06 01:36:15
2026-10-05 02:50:00,CNC-03,H,297.3864859262296,310.5095292390662,2390.908866552229,24.003734971472074,93.03599321253019,3.0147219208478355,10.813503395480597,60.4981047816081,0,2026-10-06 01:36:15
2026-10-05 20:26:00,CNC-01,L,300.4378812995322,313.44581689846694,2537.0139174042347,20.737816608899337,157.09303560038967,3.4908663073352826,9.722379106772543,52.78863437575492,0,2026-10-06 01:36:15
2026-10-05 16:26:00,CNC-03,H,299.26936949300017,314.82294079479675,1802.4268255836616,45.0649874461093,226.68928956396854,3.2463215787903006,15.12409753435034,53.107055109693675,1,2026-10-06 01:36:15
2026-10-05 18:13:49,CNC-03,H,26.876646439426565,41.391355552715595,2022.3741181981577,36.128360535459485,127.0200817490087,2.774169743598145,13.754720016705656,52.63927431464017,0,2026-10-06 01:36:15
2026-10-05 15:10:00,CNC-01,L,299.22772242574126,313.78538505914963,1530.673311718961,46.8251604052174,151.51130244015854,2.488056508268587,13.52322195970425,53.88362139380835,0,2026-10-06 01:36:15
2026-10-05 09:30:00,CNC-02,M,295.7243384403445,310.7593903500599,1425.6413556067803,52.47199584091903,204.60098900134136,2.7373270809559633,14.06031209573925,56.691618242299505,0,2026-10-06 01:36:15
2026-10-05 18:46:00,CNC-03,H,26.861465802304508,41.10487686650026,2120.9120637345723,31.135838915392014,167.11292652703068,29.5923758579799,12.5161427412033,49.85114649345122,0,2026-10-06 01:36:15
2026-10-05 17:09:00,CNC-03,H,299.82229590386237,313.68164817087944,1806.754538615434,38.97144411376522,37.91192373078795,2.4429009960677215,13.37893287149787,51.89935606572182,0,2026-10-06 01:36:15
2026-10-05 06:01:00,CNC-03,H,296.00570175346485,309.46117819959017,1965.7684404234874,32.102084997111774,56.19995444404232,2.57795981534897,11.834905985587097,60.793019716102236,0,2026-10-06 01:36:15
2026-10-05 19:40:00,CNC-02,M,299.09154514100317,313.4801732377702,2414.949508616735,27.492318495827963,177.1348610170499,3.448673114649649,12.291305646274234,55.52815675317175,0,2026-10-06 01:36:15
2026-10-05 04:12:00,CNC-01,L,302.5645052236784,309.32444872841006,2401.457001230385,23.620772611294903,20.40092278642821,2.9897470542352935,10.820586518618915,48.44806820841371,0,2026-10-06 01:36:15
2026-10-05 04:01:00,CNC-02,M,297.08959801787586,310.98977215323816,2371.953848110418,26.815513976366244,207.9046253119199,3.652270816600066,12.082047995264313,59.59821481412304,0,2026-10-06 01:36:15
2026-10-05 20:35:00,CNC-02,M,298.7577331233289,310.76293804234757,2584.1181478553713,15.915080750172763,34.84442212241659,3.15535748031327,7.715871738434511,53.41952021253109,0,2026-10-06 01:36:15
2026-10-05 09:56:00,CNC-03,H,295.79476578149684,310.3985158569167,1427.7131556314512,50.45266438701874,136.46039383933862,2.218934361493695,13.456194117097276,60.54107969035406,0,2026-10-06 01:36:15
2026-10-05 15:56:00,CNC-01,L,299.4572895320384,314.3382429038752,0.0,44.22356555153743,,3.278353629593893,13.998838746878723,52.707705664945834,0,2026-10-06 01:36:15
2026-10-05 21:55:00,CNC-02,M,298.65009490566337,312.16306795373725,2418.749066008187,22.923999032582273,124.74593032257862,3.119621044522215,10.623307312919401,54.33893806568799,0,2026-10-06 01:36:15
2026-10-05 20:00:00,CNC-02,M,298.8030498109524,313.25876611141894,2239.639368036908,29.163374234517814,201.23274175372555,3.443646930576473,12.300584493320141,53.55022701911524,0,2026-10-06 01:36:15
2026-10-05 11:49:00,CNC-01,L,297.94783918421757,311.4970474008389,1417.972121188993,46.30433368370916,27.01311217694052,18.949728821622948,12.440107280404586,56.79858894174619,0,2026-10-06 01:36:15
2026-10-05 15:25:00,CNC-02,M,298.27226780573267,312.07414940249595,1595.9468958634607,41.06074337675069,74.3231371494354,2.219852646327743,12.365735965859104,59.313814364164806,0,2026-10-06 01:36:15
2026-10-05 19:44:00,CNC-03,H,300.08108591951463,313.6583499330951,2343.149766727825,24.141233183673116,239.5494892397427,3.8402138702539146,10.92472508490313,56.792903055122224,0,2026-10-06 01:36:15
2026-10-05 21:04:00,CNC-02,M,298.51959064685514,311.63337766049005,2551.4477411974735,21.695419044258315,68.01343732890665,30.06421066328226,10.258942457937506,50.8730426688606,0,2026-10-06 01:36:15
2026-10-05 19:25:00,CNC-03,H,300.2977089583287,314.1053767128615,2279.0366711759634,26.696261343075328,216.33013298434108,3.484003988799644,11.200857783140522,52.45891321373214,0,2026-10-06 01:36:15
2026-10-05 05:20:00,CNC-03,H,295.87841948569326,309.52569103625444,2167.4268988483673,30.12968714427645,2.5560372124684667,2.733860913939804,12.069875447339584,61.14855007357577,0,2026-10-06 01:36:15
2026-10-05 15:30:00,CNC-02,M,298.06559696334267,312.5660897693603,1727.4890777016406,,81.7150505550313,2.311818957623698,13.427781044392095,54.97353975856487,0,2026-10-06 01:36:15
2026-10-05 10:31:00,CNC-02,M,296.0619235024488,310.16515783482447,1465.5440179959262,46.86945113474649,42.668152842328595,2.1014646009881703,12.942448390142559,57.85648274080726,0,2026-10-06 01:36:15
2026-10-05 23:04:00,CNC-02,M,298.0051882313563,311.5766728675964,2737.738914985457,19.115269272772764,199.74026790816532,3.8018577611236726,9.850281440391468,55.65485470765191,0,2026-10-06 01:36:15
2026-10-05 19:24:00,CNC-01,L,300.51355789630054,313.56333916040245,2212.86409296745,25.764244764860067,82.45743022740261,2.857135678896204,10.784216755503742,52.34212822607851,0,2026-10-06 01:36:15
2026-10-05 04:46:00,CNC-01,L,302.08905460805624,309.34620962220623,2190.9786976876835,26.715575702886312,62.13143909549249,2.6774568349893246,10.956467659317013,46.601138295937034,0,2026-10-06 01:36:15
2026-10-05 03:49:00,CNC-03,H,296.4685587833729,310.4785489577178,2360.471799136056,28.589077133430145,161.62987648751525,3.171101020681092,12.491144785996603,58.48490989406368,0,2026-10-06 01:36:15
2026-10-05 07:04:00,CNC-01,L,296.3636642631814,309.88668003226184,1762.0716571840753,37.86205588391717,16.689124281257747,2.295924070403378,12.56576310792012,57.669616403407524,0,2026-10-06 01:36:15
2026-10-05 12:12:00,CNC-03,H,301.9944829933086,310.3918861840166,1364.1340666207832,52.799160670835356,77.75075735338748,2.068840245446151,13.477533157767168,46.63377868254294,1,2026-10-06 01:36:15
2026-10-05 10:34:00,CNC-02,M,296.08316540851877,310.01527322455826,1348.1957045856955,50.08332535809072,47.41820451064144,2.039694491261088,12.707532379455113,58.54591032067953,0,2026-10-06 01:36:15
2026-10-05 12:10:00,CNC-02,M,296.57728071393655,312.1140393312019,1434.6678671662048,55.436166317381655,199.84461022107865,2.734759393345633,15.387432482811205,64.12136978027166,0,2026-10-06 01:36:15
2026-10-05 18:22:00,CNC-03,H,26.931558091432237,41.38651317363224,2041.7503930343805,36.05364709910434,136.17030794933552,2.7634889044136255,13.709207241975477,52.39928396258022,0,2026-10-06 01:36:15
2026-10-05 09:19:00,CNC-03,H,295.31388173004024,308.92884808401357,1536.0887632275098,42.06167372820677,78.71410657896723,2.2049360833118516,12.08585101523235,60.74287400576234,0,2026-10-06 01:36:15
2026-10-05 07:18:00,CNC-03,H,295.172645292215,309.881176658741,1752.4373653773205,41.514332033988026,162.52813968838998,2.7084480729726597,13.609157813977719,62.802609800420285,0,2026-10-06 01:36:15
2026-10-05 02:31:00,CNC-02,M,297.5874518278415,310.1908468308343,2581.1547418249706,18.338576035192943,103.61761172158427,3.138865361680425,8.829666725469828,55.652413091806196,0,2026-10-06 01:36:15
2026-10-05 10:25:00,CNC-02,M,296.0155039522764,309.19958124639925,1297.9802343946794,48.66040228259492,33.275352992811165,1.9365815371002144,11.872483925587318,59.806520029485284,0,2026-10-06 01:36:15
2026-10-06 00:14:00,CNC-03,H,25.74903554691582,37.321677531612465,2753.2440803850423,13.71600803196986,24.576496605842998,3.2502166467040063,7.201878698265152,49.15257213365727,0,2026-10-06 01:36:15
2026-10-05 19:06:00,CNC-02,M,31.472035955877516,39.490625877022126,2266.708135800195,28.17620161899179,135.15059080445533,3.0274045705371138,12.186416273191035,43.263808809562775,0,2026-10-06 01:36:15
2026-10-05 04:18:00,CNC-01,L,302.3042953163898,309.3134060677656,2268.0610978452096,24.980091789767275,27.71166720017935,2.884244395719612,10.722308178639397,49.711007919166136,0,2026-10-06 01:36:15
2026-10-05 12:04:00,CNC-02,M,296.5146500309202,311.60718816029816,1426.5384723414813,51.42444398689627,190.2659955231615,2.659935982456674,13.80368490119964,60.48233187698571,0,2026-10-06 01:36:15
2026-10-05 08:02:00,CNC-02,M,296.0241822625256,310.1613376522354,1499.877233894663,46.38602894023686,72.1308778016165,2.2076087487594265,13.207864329111242,57.24275148657154,0,2026-10-06 01:36:15
2026-10-05 14:24:00,CNC-03,H,298.02542489582936,312.2563824455507,1452.2075683603127,51.50833839944301,43.670472327980065,21.917997983978978,13.99463763072626,52.331321836314686,0,2026-10-06 01:36:15
2026-10-05 14:45:00,CNC-03,H,298.4578879081947,312.8771413199841,1477.6481908137089,52.91459224864013,76.18413530774873,2.1359197206570233,14.605754356168669,55.15998196416249,0,2026-10-06 01:36:15
2026-10-05 05:54:00,CNC-01,L,302.0483077777496,310.0231872620023,2142.694010907102,32.02401714863908,149.4840357734798,3.0918680437521986,12.632485851376048,50.48508802249919,0,2026-10-06 01:36:15
2026-10-05 16:09:00,CNC-01,L,299.6888818865696,313.5831578477739,1717.5466265842974,42.553644349669526,13.102717244602223,2.391900038141118,13.592159234786715,54.68613770976188,0,2026-10-06 01:36:15
2026-10-05 02:36:00,CNC-03,H,297.51852231866116,309.9570899631445,2593.066858107928,19.000770600137372,77.33958889395915,3.098751093248111,9.267807011750811,53.722111122796456,0,2026-10-06 01:36:15
2026-10-05 14:08:00,CNC-01,L,298.6575291650893,312.7492031382435,1518.6681531741408,47.982804145074574,56.29168135147458,2.169534557026406,13.661782068948565,53.623601285725954,0,2026-10-06 01:36:15
2026-10-05 06:09:00,CNC-03,H,295.30001186060736,309.0269014516764,2235.8318625345787,30.297861377327045,66.9102334825612,27.41481024929874,12.44400633800332,61.02875971048185,0,2026-10-06 01:36:15
2026-10-05 22:59:00,CNC-01,L,299.4235492438527,311.48669191919055,2769.359845454121,14.846856181341606,118.35220561759145,3.364734783428882,7.816011612998198,50.25321549423923,0,2026-10-06 01:36:15
2026-10-05 18:03:00,CNC-02,M,304.55518537808905,312.741241973808,2010.567303860281,33.95365575730742,53.86426013847604,2.623503742863792,12.558634780946345,48.384170158382815,0,2026-10-06 01:36:15
2026-10-05 06:40:00,CNC-01,L,296.8834627233492,311.6670316452817,,35.82355175439435,211.66907846611542,3.5045427584186184,13.353932247454074,53.5128083836845,0,2026-10-06 01:36:15
2026-10-05 08:30:00,CNC-01,L,296.4688581813531,310.80327138382165,1465.6138542817268,49.121016859358456,141.56119635489094,2.46948560725214,13.569235998442943,56.47658358711046,0,2026-10-06 01:36:15
2026-10-05 01:49:00,CNC-03,H,298.0405976625697,309.95825041832484,2650.2625418535895,15.881357172566078,25.59300034783773,3.185320843649425,7.972955745129547,54.557207548175846,0,2026-10-06 01:36:15
2026-10-05 03:14:00,CNC-02,M,297.5083870971609,311.4489909375578,2507.7850907354114,25.621180032764517,152.57239966857338,3.346722175208025,11.816049849608007,54.13734626386426,0,2026-10-06 01:36:15
2026-10-06 01:11:00,CNC-03,H,298.32647926687764,309.60263901391636,2635.72512342875,12.636420506997101,85.23264855151295,3.1486634697991187,6.3150522540814125,54.4664155218794,1,2026-10-06 01:36:15
2026-10-05 15:59:00,CNC-01,L,299.393954547948,314.7960410952848,1644.7666802405593,47.75273859453134,224.6351239375989,3.4698289798513233,14.502579197003877,48.49937034861517,0,2026-10-06 01:36:15
2026-10-05 11:47:00,CNC-02,M,296.3645381204457,311.6159358667804,1462.8232766221154,52.43412229887362,163.25604423339493,2.4662974464636465,14.731645209331887,57.77884135299019,0,2026-10-06 01:36:15
2026-10-05 09:58:00,CNC-03,H,295.3991138138154,310.0721014962178,1428.0313671476708,50.68458675748251,139.52913931389233,2.2789138679917658,13.50128836916455,61.18238515184009,0,2026-10-06 01:36:15
2026-10-05 20:57:00,CNC-02,M,298.9113710643159,311.22285909637884,2572.1846751745643,17.142351554009213,60.011117420486684,3.05964954617335,,57.21645718384987,0,2026-10-06 01:36:15
2026-10-05 07:29:00,CNC-01,L,296.43760474024265,310.39856668974096,1809.2644311240495,38.329091646882596,52.020014103006545,2.437041708172384,13.087344773494994,56.22502870794263,0,2026-10-06 01:36:15
2026-10-05 15:15:03,CNC-03,H,298.9364459922648,313.2843530899827,1577.0071702590994,46.495970017171466,120.13895766254657,2.2628510607624523,13.478612160581996,50.04915743502409,0,2026-10-06 01:36:15
2026-10-05 09:45:01,CNC-01,L,296.6895985455494,310.56055079872135,1422.5699561613953,48.56881255280064,48.02440082770711,2.054387419535383,13.079257750942597,54.70419635252654,0,2026-10-06 01:36:15
2026-10-05 08:05:00,CNC-02,M,295.9868948508367,310.4756967313783,1686.4328472680072,45.33910548626738,76.49902868522742,2.3591569196044415,14.174620363141162,54.85420896319104,0,2026-10-06 01:36:15
2026-10-05 03:35:00,CNC-01,L,297.54315318002693,311.10228735512567,2429.770793658199,24.319761503390666,172.42821722761065,3.5623318772635995,10.76498877159927,62.44902151880663,0,2026-10-06 01:36:15
2026-10-05 07:36:00,CNC-02,M,295.5074808763356,309.6052339427708,1603.743069323883,43.844742234045036,34.36854709271095,,13.089721563977987,59.23815351026113,0,2026-10-06 01:36:15
2026-10-05 20:11:00,CNC-02,M,298.8555294894146,311.5242849935035,2457.048046033118,20.413756713743084,6.946302371845219,3.053447345219364,9.304947772338917,54.08035371345479,0,2026-10-06 01:36:15
2026-10-05 20:07:00,CNC-02,M,299.0864062195204,311.4125856492943,2439.7447307543066,19.89828437909972,2.2841208230744288,2.9514870452628106,8.926024640935236,49.41007981000422,0,2026-10-06 01:36:15
2026-10-05 08:23:00,CNC-01,L,296.2928085775787,310.78242661942755,1637.4796080066915,44.84033665614473,131.10371136941893,2.5392102562564216,13.717276708685967,59.3578958822303,0,2026-10-06 01:36:15
2026-10-05 09:39:00,CNC-01,L,296.61997417934975,311.0017246262845,1613.6075287650274,47.50561637296771,40.22999629264199,2.367938146989136,14.236718967051916,58.622007711555405,0,2026-10-06 01:36:15
2026-10-05 06:37:00,CNC-02,M,296.0478493763224,310.5676608340937,1955.3423065451261,36.01696719716815,174.4713266971867,2.918944557877267,13.26231528096413,58.783349006977325,0,2026-10-06 01:36:15
2026-10-05 21:05:00,CNC-03,H,300.09793408574694,312.5015051954811,2620.1594893470156,18.3667664054489,87.37497966669726,3.1988023929098968,8.913182177393006,53.27782020902271,0,2026-10-06 01:36:15
2026-10-05 03:14:00,CNC-01,L,297.64328088425503,310.5409378621508,2504.992802088286,20.34690852834932,148.0577334008467,3.259984470635552,9.68848821427315,54.26895198397327,0,2026-10-06 01:36:15
2026-10-05 08:58:00,CNC-03,H,295.5543198004031,309.50654001808493,1586.7975669619775,43.892398725642096,46.71616889457071,2.2379882854858613,13.092332062969263,54.61786109154687,0,2026-10-06 01:36:15
2026-10-05 16:20:00,CNC-02,M,298.5800509915136,313.6382039688541,1674.4534690266528,45.62255612438917,155.05273274245985,2.6553737560101207,14.259405937531957,55.42478369208819,0,2026-10-06 01:36:15
2026-10-05 02:11:00,CNC-03,H,298.00008120341636,309.7030743418854,2664.271075731921,15.108448591806525,49.545989071549236,3.1605149902113405,7.555701974278891,52.35134594854264,0,2026-10-06 01:36:15
2026-10-05 13:46:00,CNC-03,H,297.7229766048771,313.2784694655635,1544.979410116051,51.43184124585559,226.0794949552798,2.9076156705390317,14.792912299164136,59.47906224458638,0,2026-10-06 01:36:15
2026-10-05 05:21:00,CNC-03,H,295.9424814281797,309.62850233572163,2161.6992026237745,32.08956158967819,3.8361295439663143,2.6741753184205006,12.769975434153586,62.99346455400073,0,2026-10-06 01:36:15
2026-10-06 01:21:00,CNC-01,L,298.6839391477489,310.7798835269212,2683.1623408737323,15.795778222977846,56.419252023916854,3.3061926498220346,8.065016200045259,55.348738603608,0,2026-10-06 01:36:15
2026-10-05 12:09:00,CNC-03,H,301.99500149747143,310.0535647784956,1390.6027401367967,50.54024487426837,72.95678116106336,2.080066776921606,13.282311808836946,45.551564225099526,0,2026-10-06 01:36:15
2026-10-05 03:15:00,CNC-01,L,297.42358375622615,310.4585311189841,2603.0041330589693,20.556424935587742,149.17125835493096,3.403294592800318,9.787831460374255,57.08187684245061,0,2026-10-06 01:36:15
2026-10-05 19:09:00,CNC-03,H,26.94952451773878,41.294730389542565,2172.0401229448166,31.921258013398397,196.55458446642737,3.1225448401754776,12.758045519561579,50.970422194573445,0,2026-10-06 01:36:15
2026-10-05 05:04:00,CNC-02,M,296.24727018931065,309.7819404306746,2128.671979281241,29.86622409860406,52.213818360452564,2.7678697085453816,12.049835303930271,61.25741913182944,0,2026-10-06 01:36:15
2026-10-05 13:39:00,CNC-02,M,297.447159838441,311.73323780446816,1331.186650916445,50.901473886170834,124.86050302887887,2.146023126307658,12.726070021414834,56.6223213418335,0,2026-10-06 01:36:15
2026-10-05 20:08:00,CNC-03,H,300.1838667115081,312.5137894239602,2296.972123491846,22.342026421360384,21.569697855978553,2.797800626145348,9.470137250032886,52.7504045618889,0,2026-10-06 01:36:15
2026-10-05 09:03:00,CNC-03,H,295.62554201675135,309.33229034721217,1462.0516627846364,45.96215359173872,54.21255839467739,2.164134881981734,12.572778423729185,58.09243203743922,0,2026-10-06 01:36:15
2026-10-05 18:47:00,CNC-01,L,27.03928333488267,40.634963453310775,2053.0039448107796,32.97386285320059,36.224298604683625,2.5917817727217214,12.412556171424418,48.453615441886306,0,2026-10-06 01:36:15
2026-10-05 06:22:00,CNC-01,L,296.49854153854045,311.2246184537794,2108.4680034450826,34.92402085201222,187.0444607930651,3.3516485001988263,13.424890427070325,57.96616384462876,0,2026-10-06 01:36:15
2026-10-05 04:20:00,CNC-02,M,296.79012707366604,311.5173324227413,2321.703663547069,30.081044069498255,230.72750476660735,3.7984929728544006,13.041683336201965,56.70718318664425,0,2026-10-06 01:36:15
2026-10-05 04:45:00,CNC-02,M,296.37300964166144,309.3299943780181,2261.7180443859793,25.88962953239882,28.49125894651937,2.9000582286302605,10.777095637406674,61.50735875406761,0,2026-10-06 01:36:15
2026-10-05 16:19:00,CNC-01,L,299.5612755653207,313.1608169730361,1774.024022717001,37.97352291386387,27.64894769951656,2.490686614660617,12.850972005164788,50.3253322550027,0,2026-10-06 01:36:15
2026-10-05 12:04:00,CNC-03,H,302.0554248383405,310.54843570589645,1508.018649900344,49.857927090231,65.01893506485237,2.085743717216462,14.021681551049165,45.25213858538911,0,2026-10-06 01:36:15
2026-10-05 06:47:00,CNC-01,L,296.4751068510013,311.31584480889103,1889.935950503908,40.94959804643384,221.31246162312507,3.624403951708356,14.394220140278275,58.3316477648636,0,2026-10-06 01:36:15
2026-10-05 13:48:00,CNC-01,L,298.3528614055058,311.79575296462133,1282.1851120578815,50.05374660770141,25.155763588430965,1.939843058703778,11.975479660071073,53.42614863085002,0,2026-10-06 01:36:15
2026-10-05 06:31:00,CNC-01,L,296.3103221812922,310.8457884356693,1996.6780837788199,34.86378210353216,199.26473867204405,3.410133607987608,12.877532180346716,57.33720917101324,0,2026-10-06 01:36:15
2026-10-05 11:55:00,CNC-01,L,297.7153020874572,311.7769597188795,1362.8611901407442,,36.58228472423136,2.120512611204086,13.453395799124298,56.546767989834976,0,2026-10-06 01:36:15
2026-10-05 16:02:00,CNC-02,M,298.3854445514222,313.1445883424631,1688.293795299392,44.44070188554962,128.97524238404762,2.4750316973077124,13.957673329110829,56.7494041550419,0,2026-10-06 01:36:15
2026-10-05 01:58:00,CNC-01,L,298.14809229914914,310.8521245254809,2519.7443969934916,20.231446592539022,62.87814577964336,3.1258517438668685,9.597038169302161,52.39692812402881,0,2026-10-06 01:36:15
2026-10-05 08:17:00,CNC-01,L,296.4896822114608,310.99165403911593,1675.3945260603052,43.86691467859853,122.34445620316983,23.90532243373859,13.957587018445473,60.488076698734545,0,2026-10-06 01:36:15
2026-10-05 02:16:00,CNC-02,M,297.69617359239817,309.53217357882045,2695.9097855295863,14.828261994086294,86.93755467608227,3.240643887321968,7.579576840774732,56.269298840629176,0,2026-10-06 01:36:15
2026-10-06 00:03:00,CNC-03,H,25.897563135249868,37.90056514720101,2735.6294283491466,17.122750565921518,12.837408954339718,3.4303721631014943,8.695029410440522,57.19326554481983,0,2026-10-06 01:36:15
2026-10-05 09:51:00,CNC-03,H,295.5612940807624,310.0932951082999,1480.3407227493153,50.00871315381952,128.57615149418595,2.2158346983078876,13.842566499191953,58.869279533854204,0,2026-10-06 01:36:15
2026-10-05 17:02:00,CNC-01,L,299.77237190020577,314.2584039603323,1834.7716133757442,41.72912473486425,88.59433677178457,2.527004891250134,14.406540309681933,56.16197836281904,0,2026-10-06 01:36:15
2026-10-05 09:05:00,CNC-01,L,296.80367017018585,311.9324466494236,1583.1886173054033,48.282912517954635,194.48351514074795,2.946869035635548,14.384802942585322,55.82590575007672,0,2026-10-06 01:36:15
2026-10-05 13:22:00,CNC-03,H,297.6187893089494,312.64484214438477,1544.282598500266,50.31869380972691,188.51961439999803,2.582932586090603,14.518995614578918,56.364520394941515,0,2026-10-06 01:36:15
2026-10-05 11:11:00,CNC-03,H,295.96666763821025,311.1720191995714,1368.416394380265,55.47193999541079,254.7039441324043,3.075659491798014,14.394688167651621,62.19609869328104,1,2026-10-06 01:36:15
2026-10-05 04:40:00,CNC-03,H,296.2608774200573,310.5860747974828,2390.17106007653,27.511032616003035,223.5938094812986,36.148570860155694,12.162941414531067,57.99798484896439,0,2026-10-06 01:36:15
2026-10-05 09:59:00,CNC-01,L,296.3122933092369,310.7318642018771,1482.483030327933,51.409008163688235,71.34654082028331,2.127931714588678,14.350869406626781,54.982162645655585,0,2026-10-06 01:36:15
2026-10-05 19:05:00,CNC-01,L,27.171630325133094,40.152951236498325,2407.2531043046743,23.50612658120768,58.900472396900874,3.040357898461722,10.786025878452811,49.163878757699514,0,2026-10-06 01:36:15
2026-10-06 01:18:00,CNC-03,H,298.82545805495914,310.35907587063645,2840.244944683215,12.545738719235272,92.67476288716217,3.55316048462901,6.923353267342625,52.77804815872847,0,2026-10-06 01:36:15
2026-10-05 19:59:00,CNC-01,L,300.2898579863708,313.3275737880938,2374.267943608792,23.02992626157513,125.2474605518504,3.1763044637661797,10.394058037218857,52.24205648392696,0,2026-10-06 01:36:15
2026-10-05 21:54:00,CNC-01,L,299.6129960134295,311.43777706218657,2596.8463759624224,16.82439905977475,47.85365620765775,3.134392831983879,8.207171634742387,50.96413073043903,0,2026-10-06 01:36:15
2026-10-05 06:38:00,CNC-03,H,295.4736531070189,309.30293800881236,1883.9013796446584,35.63815773617733,106.22229675856492,2.6108773681454607,12.548289482931084,60.6479789169406,0,2026-10-06 01:36:15
2026-10-06 00:16:00,CNC-03,H,25.880442755646015,37.472758064163486,2744.882711380961,15.297991055632497,26.716318533992897,31.62016607131865,7.856494495074628,57.375749857836105,0,2026-10-06 01:36:15
2026-10-05 18:04:00,CNC-01,L,300.18508099146334,314.8014613782713,1975.275210634332,35.359629901457545,173.13551152415684,3.1328947621988985,13.429909919726965,50.19547911603848,0,2026-10-06 01:36:15
2026-10-05 13:47:00,CNC-03,H,297.93524262525943,313.51986238871666,1437.657071749641,56.98801279700188,227.66331852727936,2.798691678268415,15.310152430726644,53.224799167612076,0,2026-10-06 01:36:15
2026-10-05 21:22:00,CNC-02,M,298.3901929782937,311.13285311423715,2639.1406629929843,18.65471137341404,88.32310742365021,3.3421622184391753,9.292679760876576,53.95177598794341,0,2026-10-06 01:36:15
2026-10-05 08:44:00,CNC-02,M,295.87832145461346,310.2687941959786,1549.253279434415,44.79367141133427,134.55561613267088,2.2989808365409043,12.981944991361189,57.70875131372806,0,2026-10-06 01:36:15
2026-10-05 03:52:00,CNC-02,M,297.1754770482316,311.41465559509163,2375.8448352294536,27.68432157015199,197.0793156296699,3.458719547081959,12.21215844796088,53.955618461563304,0,2026-10-06 01:36:15
2026-10-05 04:53:00,CNC-01,L,302.09670622539784,309.9070055639998,2188.695432674764,29.794680785694197,70.74829282150371,2.7359725900958214,12.26456744007761,47.920446301615364,0,2026-10-06 01:36:15
2026-10-05 13:32:09,CNC-03,H,297.70348332982684,312.73728594056104,1474.8072788944235,52.739579718671116,205.76971271746046,2.666427873550463,14.668569701508012,55.565956457426324,0,2026-10-06 01:36:15
2026-10-05 03:52:00,CNC-03,H,296.6973330428709,310.0665098764655,2366.4311196240988,24.664090437808778,165.21246230063363,3.2948358607494233,10.85683474527434,52.295202885362414,0,2026-10-06 01:36:15
2026-10-05 06:14:00,CNC-03,H,295.69611845669107,309.82817891967375,2001.5458686883082,34.76005361503082,73.56234701171766,2.704798884812616,13.003423269172401,62.099224294152414,0,2026-10-06 01:36:15
2026-10-05 12:15:00,CNC-01,L,297.630715853074,311.92347619259647,1379.298496522036,53.53129649446425,68.31062359531266,2.063664736316874,13.686842496979212,55.492416678089185,0,2026-10-06 01:36:15
2026-10-05 10:38:00,CNC-03,H,296.103455023261,311.0221918745826,1373.0824663641763,54.977490854800536,202.38756196259044,2.6386174792944845,14.223349109606664,58.86338515968214,0,2026-10-06 01:36:15
2026-10-05 11:32:00,CNC-03,H,301.78013079051203,309.3093560589273,1435.2189427501246,46.07729885372715,14.28776455553346,2.117950230758561,12.159807446212287,47.06131475316843,0,2026-10-06 01:36:15
2026-10-05 12:21:00,CNC-02,M,296.64160999265704,310.39676949192466,1405.4738760107716,49.94525988784917,1.576575621611684,2.01603203783862,13.214382589515367,56.00710547066971,0,2026-10-06 01:36:15
2026-10-05 11:33:00,CNC-01,L,297.52929637012033,311.1208833748634,1378.9131479101795,49.48474441779759,1.6,2.168090553840814,12.906446553765822,58.13507652988565,0,2026-10-06 01:36:15
2026-10-05 16:23:00,CNC-01,L,299.73080316931794,313.0233259044825,1755.401757534897,36.33640857822874,33.42205584629608,2.299688788751789,12.025234490374277,49.019089818415665,0,2026-10-06 01:36:15
2026-10-06 01:35:00,CNC-02,M,297.14808820610057,309.794460759121,2677.088825185156,15.034632707242388,135.17291060806014,3.317897048470755,7.5877048125925075,55.506419705385085,0,2026-10-06 01:36:15
2026-10-05 02:05:00,CNC-01,L,298.11396647134984,310.2994543745399,2644.5169811914047,18.099622744790366,70.56716807570238,3.2202197904583802,9.039676316841163,55.003663753681735,0,2026-10-06 01:36:15
2026-10-05 07:21:00,CNC-01,L,296.2505170341402,310.2488776232164,1860.4882145000452,38.44701312260419,40.61817939814982,2.503012699706384,13.466696852422542,52.386031806918155,0,2026-10-06 01:36:15
2026-10-05 05:46:00,CNC-03,H,295.7752479233733,309.42044905848894,2024.600262150783,33.537111262865054,36.06346312040484,2.649909157007633,12.910515331269051,59.52532982440261,0,2026-10-06 01:36:15
2026-10-05 20:03:00,CNC-01,L,300.2542628539342,313.6794002849652,2352.111813094716,25.256715317527032,129.94480116582653,3.0262677833669955,11.294399133431103,51.45033036983573,0,2026-10-06 01:36:15
2026-10-05 15:33:00,CNC-01,L,299.2026152387342,313.57822883657684,1604.791601399452,44.36879064616379,186.11456626152525,2.9824833518192735,13.298350458821439,61.24116060108179,0,2026-10-06 01:36:15
2026-10-05 11:50:00,CNC-03,H,301.85748220424387,309.1752018663594,1328.1727466622763,47.8140230792594,42.886003310637584,2.0283426392104427,12.17526440868943,,1,2026-10-06 01:36:15
2026-10-05 14:08:00,CNC-02,M,297.4401509454564,312.4297275150623,1430.5428161060104,52.55446522419519,170.39111731855454,2.559493613835397,14.29873818322643,55.63708470349825,0,2026-10-06 01:36:15
2026-10-05 18:24:00,CNC-01,L,26.79773190455552,39.58430582245472,2099.35653854247,26.80430581596843,6.5958521521519025,2.7048183381531916,10.554517043679828,50.26640471468992,0,2026-10-06 01:36:15
2026-10-05 16:50:00,CNC-01,L,300.1086723884668,314.38895326797785,1914.8479385694268,39.66806741439278,71.65680298724182,2.6306438119636635,14.358846942543641,51.56460894333634,0,2026-10-06 01:36:15
2026-10-05 02:04:00,CNC-01,L,298.30474415942126,310.9200179087891,2728.9663822067414,18.870109883995575,69.47762536738983,3.321198620773845,9.838834400337918,54.7912380777855,0,2026-10-06 01:36:15
2026-10-05 22:03:00,CNC-01,L,300.0116528287806,312.4247839085909,2534.8852447165254,19.868984727288414,57.70357695459564,3.1901316665364607,,48.21747772800025,0,2026-10-06 01:36:15
2026-10-05 06:12:00,CNC-01,L,296.456871375237,311.0271051566257,1949.3689796373146,36.82146878516442,173.5334336960504,3.1088030888211033,13.627811991577687,56.49029284828455,0,2026-10-06 01:36:15
2026-10-05 10:10:26,CNC-02,M,295.78537506330156,309.17775522517576,1328.8487096909055,48.46826767296814,11.018028330985562,1.9154722617973292,12.01524125922294,57.42010152539045,0,2026-10-06 01:36:15
2026-10-05 17:19:00,CNC-02,M,299.10298932412866,314.6505298807261,1841.3158575641048,41.81255444586094,238.2066851927322,3.439638501836623,14.35405938347357,51.11156157326298,0,2026-10-06 01:36:15
2026-10-05 15:23:00,CNC-01,L,299.0250402449086,313.37702404923425,1397.4063339827471,48.18212249390304,171.13828893504285,2.529538241819559,12.648419106767877,,0,2026-10-06 01:36:15
2026-10-05 14:35:00,CNC-02,M,298.02728087653725,313.52957072310573,1566.5424585194312,48.528156884233425,212.19585990375796,2.91702356426849,14.145440468610154,52.92754812993044,0,2026-10-06 01:36:15
2026-10-05 09:22:00,CNC-01,L,296.45217279498854,310.0360720713997,1533.6835366432756,44.327190668349466,13.95177380068662,2.213625444151842,12.915750418575259,59.82389216057213,0,2026-10-06 01:36:15
2026-10-05 15:08:00,CNC-03,H,298.82485607642155,313.48004866485206,1600.304531683734,49.13311420368002,111.1491208638629,2.298305454738333,14.807814780668513,57.519702068676395,0,2026-10-06 01:36:15
2026-10-05 14:41:00,CNC-02,M,297.99161412085334,312.0560983192392,1457.6611865132118,47.87141809438541,7.688939234880815,2.2125336865681966,12.771586116020144,55.29251977561709,0,2026-10-06 01:36:15
2026-10-05 21:58:00,CNC-01,L,299.8752541361434,312.4380789514772,2597.637091255998,19.5428904005083,52.18459846053917,3.1718696121593335,9.261369309011007,52.872587439574644,0,2026-10-06 01:36:15
2026-10-05 05:43:00,CNC-01,L,301.93744311994874,309.91889907700505,2087.913763708247,31.553441753529526,134.87577699846034,2.926221297501383,12.453715590236197,49.42204081804132,0,2026-10-06 01:36:15
2026-10-05 14:16:00,CNC-02,M,297.1108162457298,312.13466239162074,1565.90689258772,47.638833166283895,182.86799583538942,2.632298654538899,13.97068552895471,55.27584011381404,0,2026-10-06 01:36:15
2026-10-05 23:01:00,CNC-01,L,299.6895394579235,312.39270267484255,2658.3181046425416,18.783482197379723,120.43503690167523,3.336618922038994,9.577350746829344,52.437100093457225,0,2026-10-06 01:36:15
2026-10-05 03:48:00,CNC-02,M,297.359096741502,310.865450106192,2543.153770185414,20.99765147084267,192.25523768049013,3.5970746872140644,10.02781987319775,56.48776935307464,0,2026-10-06 01:36:15
2026-10-05 12:32:00,CNC-01,L,297.83020497859627,311.8525075453261,1404.6663205141688,49.22469044695917,95.1769462680423,2.2076874610506887,13.081593234342927,55.25032694049142,0,2026-10-06 01:36:15
2026-10-05 05:40:24,CNC-01,L,302.3350737215823,310.7903667860981,2172.400094543804,33.43274762186673,129.67222836172797,3.0043097010333257,13.633144473405173,48.93281205535903,0,2026-10-06 01:36:15
2026-10-05 16:26:00,CNC-02,M,298.3702141783344,313.4724098148637,1733.0216238070552,44.92541969420615,163.7245369458977,2.583014811305604,14.635226395980643,55.179767298924254,0,2026-10-06 01:36:15
2026-10-05 16:39:00,CNC-01,L,299.7064616600687,314.09740531657775,1839.18212753209,40.6404639199997,56.272901465953126,2.490573823178788,13.986454303486198,50.577850791616854,0,2026-10-06 01:36:15
2026-10-05 18:33:00,CNC-02,M,31.61715373550811,39.74370179981162,1923.488347802334,35.26200382053828,93.2156277372119,2.495036786127498,12.783862876776732,39.6677953571256,0,2026-10-06 01:36:15
2026-10-05 23:35:00,CNC-01,L,26.274732139373782,39.068763197134956,2649.811736689757,18.80741737630854,156.68230657412113,34.47640908787408,9.38542493948935,52.016471435196145,0,2026-10-06 01:36:15
2026-10-05 11:45:00,CNC-01,L,297.4736366584818,311.107042126572,1307.1260017914335,52.21309114593443,20.66582778354398,2.095588795683728,12.884550007823748,55.229776944579285,0,2026-10-06 01:36:15
2026-10-05 21:01:00,CNC-01,L,300.33864893533615,313.24773210345563,2468.093424678625,19.76256088491199,197.37260105320388,37.743320550866585,9.085939144832553,46.4595239077479,0,2026-10-06 01:36:15
2026-10-05 08:11:00,CNC-02,M,295.76613761564073,310.09360228037553,1670.408192535679,43.93232743449538,85.32278926922196,2.3286842416741567,13.591020631761058,61.04879461378863,0,2026-10-06 01:36:15
2026-10-05 16:34:00,CNC-03,H,299.23851290538136,313.57996630304234,1542.759112802013,43.62007968734493,238.1928331237034,31.35547623939094,12.574861950861544,52.426335420328776,0,2026-10-06 01:36:15
2026-10-05 12:02:00,CNC-02,M,296.4063113390131,310.95777598263703,1332.4143468991917,51.28370737106326,187.15060173821266,2.468977190374114,12.628261121055326,59.8864193061311,0,2026-10-06 01:36:15
2026-10-05 21:04:00,CNC-01,L,300.20688873536267,313.9074756744735,2534.1620296130795,23.473893264560274,200.77079348031984,3.78225404270569,11.009953009647687,56.26428765782247,0,2026-10-06 01:36:15
2026-10-05 12:42:01,CNC-01,L,297.83561975372095,312.18748788957606,1407.9505240101557,50.41927008900919,112.61723042648404,2.1794394232228536,12.934944977287266,55.76398465588244,0,2026-10-06 01:36:15
2026-10-05 09:10:00,CNC-01,L,296.565993023531,311.50106360330443,1504.2978232376854,49.93759508538909,202.15838725311474,2.9193766703534414,14.231168835401293,58.76109819550358,0,2026-10-06 01:36:15
2026-10-05 16:20:00,CNC-01,L,299.41318505144824,313.16983690484176,1761.6404306140644,39.46818386925858,29.10610834037131,2.3949157731763915,12.879508422996835,48.46121710452373,0,2026-10-06 01:36:15
2026-10-05 16:00:00,CNC-01,L,299.32131388717954,313.34089143915327,1616.8966698496665,46.52803804900706,0.0,21.791846325419442,14.142193287836673,55.20178811198795,0,2026-10-06 01:36:15
2026-10-05 17:47:00,CNC-01,L,299.881604018021,314.5290229432451,1970.5454893217914,36.555357243570704,150.49515282330896,2.9390579808809933,13.377236580054316,50.081306278506844,0,2026-10-06 01:36:15
2026-10-05 05:55:00,CNC-02,M,296.1131487094385,310.1256065365712,1942.7537963539382,35.02040615061991,118.04766121097879,2.736463355276061,12.726875827823594,60.511718969627935,0,2026-10-06 01:36:15
2026-10-05 10:24:00,CNC-03,H,295.4934798084652,310.27658846095113,1409.045914420491,52.392357415032485,180.3717157421947,2.434400643049592,13.827435723191654,57.9291317174513,0,2026-10-06 01:36:15
2026-10-05 01:49:00,CNC-02,M,298.06660538119223,310.1616061805362,2735.2813004081017,16.202907349478654,57.47181856341855,3.3047969451629267,8.153338991783237,53.91349229414441,0,2026-10-06 01:36:15
2026-10-05 01:52:12,CNC-02,M,297.92139377473455,310.0580562773483,2595.9437354486854,18.444761363927533,59.63879649823989,,8.740821877791863,55.07880656485739,0,2026-10-06 01:36:15
2026-10-05 19:27:00,CNC-01,L,300.46049984924184,314.21729738187946,2416.3824190828823,27.19480289770939,86.15652675007742,2.9951878859611427,12.3760469003055,52.39739941592269,0,2026-10-06 01:36:15
2026-10-05 13:53:00,CNC-02,M,297.360950703027,312.03064599093415,1385.662097264078,51.34728630937681,146.90139239459296,2.245797601166594,13.23017973820875,54.32210161811492,0,2026-10-06 01:36:15
2026-10-05 08:25:00,CNC-03,H,295.56744091490805,311.2098871728315,1553.3077200087505,53.14145157224158,260.0643972916941,3.3462736092025915,15.232301301811544,59.75666075322336,1,2026-10-06 01:36:15
2026-10-05 10:36:00,CNC-01,L,296.75749759228034,310.56346652396115,1438.6764108731136,46.00111034464521,129.55181032353792,2.1428040817591434,12.482522465029508,56.11411548814612,0,2026-10-06 01:36:15
2026-10-05 08:29:00,CNC-02,M,296.0519587690674,310.7793050169014,1620.3527426543067,45.175217404870736,111.96577557274384,2.2887958102787684,13.887982660319938,60.67248543302307,0,2026-10-06 01:36:15
2026-10-05 04:58:00,CNC-02,M,296.36934463389167,310.19557472534586,2064.760837345302,33.19347893521522,44.67066724971674,2.6844183016180634,12.936160251796352,54.1851571457575,0,2026-10-06 01:36:15
2026-10-05 20:16:00,CNC-01,L,300.41623091212733,313.2122639597672,2462.035476735161,20.640249943207113,145.34989398474048,3.3543882683789104,9.331136554061615,46.954574636618254,0,2026-10-06 01:36:15
2026-10-05 21:19:00,CNC-01,L,300.25416567549513,313.49468777099946,2550.706028486783,24.254426711305218,8.925506255693827,3.080228105625361,11.464798522822534,48.787261034073275,0,2026-10-06 01:36:15
2026-10-05 02:36:00,CNC-01,L,298.03240474947916,310.63993260612614,2369.0959209727444,21.05696585758073,105.08783296866224,3.0914863162728587,9.29887613375395,49.492814720956375,0,2026-10-06 01:36:15
2026-10-05 15:03:00,CNC-01,L,298.9174247394283,313.361455087401,1372.4690191048596,53.662819670671645,140.92093170495662,2.2550319322742145,13.723127254585796,52.53367661961586,0,2026-10-06 01:36:15
2026-10-05 03:31:00,CNC-02,M,297.22226832743667,311.25883038494965,2482.1836482463223,25.95851414074712,172.247748389013,3.433937691180988,12.048126256681194,50.99204931841129,0,2026-10-06 01:36:15
2026-10-05 18:34:00,CNC-01,L,27.073238531951063,40.324861736695084,2112.126428168712,29.21257055657634,19.630599238946974,2.593967625489677,11.510192779129317,52.34611792200024,0,2026-10-06 01:36:15
2026-10-05 19:03:00,CNC-03,H,27.100935593667998,41.39240401702017,2222.2137158326286,29.316756914324788,188.89527832606686,3.263041716619552,12.001009003084114,50.08955106417215,0,2026-10-06 01:36:15
2026-10-05 14:23:00,CNC-03,H,298.23048866963194,312.41506302674935,1391.0660308893916,0.0,42.10802446587436,2.0633095923772187,13.368884430746823,52.10534802512994,0,2026-10-06 01:36:15
2026-10-05 12:58:00,CNC-03,H,297.29273018807237,312.16818654782486,1423.494384803128,53.88377179340895,150.64780897444666,2.344668588422077,14.43236881074355,51.669624064413384,0,2026-10-06 01:36:15
2026-10-05 06:22:00,CNC-02,M,296.2289154937959,310.66166288057923,1956.1964810515265,36.04871983530684,154.10055617118385,2.8087187300241725,12.90419423983685,58.3931618136919,0,2026-10-06 01:36:15
2026-10-05 19:47:00,CNC-01,L,300.64014206713665,314.0264439181084,2340.486510610192,25.21491628899992,110.71455171745035,3.0670053454765704,11.325694147098735,49.51457788252284,0,2026-10-06 01:36:15
2026-10-05 03:41:00,CNC-03,H,296.9959978840881,310.4581778970002,2491.0080995942667,23.784042159599572,152.15505803816566,31.376625150915466,11.07795960278922,58.152346003268455,0,2026-10-06 01:36:15
2026-10-05 05:59:00,CNC-03,H,295.87894272399865,310.40918529527517,1890.622862468834,40.766119658054784,53.51135934096922,2.539705718845497,14.596817272979916,62.43886732150521,0,2026-10-06 01:36:15
2026-10-05 10:13:00,CNC-02,M,295.64146507237047,309.15022820046073,1353.214868640032,48.08513320690236,,2.0052254803796274,12.311364328087969,61.597083828233195,0,2026-10-06 01:36:15
2026-10-05 17:29:00,CNC-01,L,299.8160595557506,313.9063784413971,1849.9743855269064,36.67067190653974,126.04426539197333,2.661364951479725,12.870659223742463,52.564846460383244,0,2026-10-06 01:36:15
2026-10-05 02:49:00,CNC-01,L,297.46747554156303,310.3517414396357,2449.3505979370334,20.48786910825726,119.64881928541587,3.2364604475976733,9.45815258773347,54.28864804691682,0,2026-10-06 01:36:15
2026-10-05 18:07:00,CNC-01,L,300.04375443069273,314.16420476674773,2161.2727224736486,30.32938290247452,177.01971337368016,3.2473484638050136,12.481171496349567,52.38969063622496,0,2026-10-06 01:36:15
2026-10-05 20:22:00,CNC-03,H,300.29111301685225,313.7963503204347,2466.273620619961,24.65802789685304,37.91254017326336,2.973397023779732,11.433139271995369,53.92468097056751,0,2026-10-06 01:36:15
2026-10-06 01:30:00,CNC-02,M,296.93454031432805,309.93984054456917,2757.0542617963893,17.372690685847726,129.7299615182534,3.3981101990416582,8.75744567697851,51.89355473946622,0,2026-10-06 01:36:15
2026-10-05 03:29:00,CNC-02,M,297.4368780632907,310.6134734854593,2410.875662329932,22.4953817130678,169.91480349824857,3.401474256760434,10.139790542363768,54.1524046207973,0,2026-10-06 01:36:15
2026-10-05 04:38:00,CNC-01,L,302.2365751233959,309.5813782103685,2090.6391716658727,29.400556935321617,52.2634497504248,2.6811339333764943,11.674043864815415,46.039014370558554,0,2026-10-06 01:36:15
2026-10-05 06:33:53,CNC-03,H,295.54011277193916,309.66900627901435,2039.046586018986,33.94149563249246,100.78898102234439,2.677150498479691,12.787133252890136,63.36794475503443,0,2026-10-06 01:36:15
2026-10-05 02:01:00,CNC-02,M,298.1040751956559,310.97915593299757,2501.8423258798452,21.248659961329217,70.50597119573365,3.03370120808992,9.852637649331205,52.71886353684382,0,2026-10-06 01:36:15
2026-10-05 02:44:00,CNC-03,H,297.5132088520877,310.2718989995486,2556.92272206973,20.597758083900228,86.2594985679298,3.2006849706842,9.883586451256619,59.26039865881405,0,2026-10-06 01:36:15
2026-10-05 21:05:00,CNC-01,L,300.34421509874517,313.7638677014131,2413.730422103369,23.73157206895452,201.9360081586669,3.627628569993019,10.643057006844893,50.4661098150974,0,2026-10-06 01:36:15
2026-10-05 13:08:00,CNC-03,H,297.21600298897533,312.3261661019643,1568.388043603094,52.47134644499939,166.45413553983678,2.6184036161654296,15.537844630576407,58.455921199117775,0,2026-10-06 01:36:15
2026-10-05 09:01:00,CNC-03,H,295.57153922918457,309.75968672689237,1669.2843392679836,43.302922933152544,51.16812786674712,2.3582660575574135,13.413186203429595,61.26486641649945,0,2026-10-06 01:36:15
2026-10-05 07:22:00,CNC-03,H,295.543896809635,310.08354409881167,1792.291639382562,40.2508435457933,168.2323857871519,2.7330723786264595,13.55435626681758,57.58920747882355,0,2026-10-06 01:36:15
2026-10-05 03:32:00,CNC-01,L,297.3484114409565,310.2855691316696,2447.422186047527,20.388663257663726,168.94752322704258,3.5559307365050117,9.429559077313426,53.94009547874681,0,2026-10-06 01:36:15
2026-10-05 07:54:00,CNC-03,H,295.5419736111885,310.8736100287359,1714.029494582589,45.81462236466564,214.24755544929758,3.0027153633409833,14.54572649629506,61.9107694541649,0,2026-10-06 01:36:15
2026-10-05 10:42:00,CNC-02,M,295.90309222452447,310.50252725572693,1399.892654196706,53.01889217338598,60.01341592694662,2.0344143770132916,14.243557432995926,64.44231329240957,0,2026-10-06 01:36:15
2026-10-05 08:24:00,CNC-02,M,295.87808416364135,311.2556155003223,1807.3659307046921,45.07069042540804,104.59245323711627,2.5460232493233317,15.0785043897035,57.95620788773394,0,2026-10-06 01:36:15
2026-10-05 20:17:00,CNC-02,M,299.2420090127842,311.667340763141,2355.7644699806065,20.550187758519456,13.907441110561818,2.8825790790883747,8.833516560062716,54.05919446194828,0,2026-10-06 01:36:15
2026-10-05 19:15:00,CNC-03,H,26.975431497823877,41.79839111865181,2184.609207964019,33.49466808908094,204.09713585777556,3.2693614744164208,13.60971797715265,56.35336655623378,0,2026-10-06 01:36:15
2026-10-05 19:32:00,CNC-03,H,300.2214909539092,314.6856209019384,2229.6163179967857,31.027334330769285,225.09961063972267,3.5975771977070723,12.795975003619866,51.50396459308556,0,2026-10-06 01:36:15
2026-10-05 11:32:00,CNC-01,L,297.5091403463248,311.4257278372274,1398.3402164067547,51.41595221139296,0.0,2.079031606762929,13.25504563596978,53.89132253280672,0,2026-10-06 01:36:15
2026-10-05 08:09:00,CNC-01,L,296.35140882106316,310.839357025091,1797.0732559944556,41.41692548170946,110.4737648665067,2.623373884809408,13.827947819400077,57.88818100133678,0,2026-10-06 01:36:15
2026-10-05 13:28:00,CNC-03,H,297.69950081509734,312.71663397187916,1352.5676104568763,57.02562423808144,197.97977983541335,2.630570233667588,14.621288623777989,56.38013855664112,0,2026-10-06 01:36:15
2026-10-05 19:11:00,CNC-03,H,26.79784101235788,41.295076042857204,2153.5707829319585,32.3506452991139,199.1042689885978,3.3517547856909182,13.227714268376834,55.0902358193301,0,2026-10-06 01:36:15
2026-10-06 00:58:00,CNC-03,H,298.67558956121223,310.9375438865317,2594.1104435202274,17.196426418208294,71.30674960402033,3.083388167003471,8.365924130045187,51.99822439499103,0,2026-10-06 01:36:15
2026-10-05 15:36:00,CNC-02,M,,312.81197552146165,1584.733477659557,44.78990291732313,90.5547294806048,2.2996099923239393,13.317050138627753,52.68059351423763,0,2026-10-06 01:36:15
2026-10-05 08:03:00,CNC-03,H,295.22795358456773,310.1546546177112,1771.06895601361,40.85162510512192,227.4918578502172,3.1420530225162366,13.39354743738127,59.30981806222687,0,2026-10-06 01:36:15
2026-10-05 21:17:00,CNC-02,M,298.7149799531154,312.3018896742915,2700.122913684725,21.97761552013194,82.69828778934125,3.362902575976522,10.82681634213755,54.45527557769349,0,2026-10-06 01:36:15
2026-10-05 07:52:00,CNC-02,M,295.75319738080515,310.22332319202695,1732.0884499876229,42.29394863960461,57.505300673225925,2.291373032897343,13.760830675419161,52.09541812482898,0,2026-10-06 01:36:15
2026-10-05 17:00:00,CNC-01,L,299.67057180129143,314.0057904812085,1757.0690694390923,41.81980088648728,85.80359337149734,23.476812796031147,13.4626892576271,48.9326707651885,0,2026-10-06 01:36:15
2026-10-05 07:22:00,CNC-02,M,295.9434555928047,309.83106443100206,1857.6810735105864,38.988802337310496,14.24539555018291,2.5609480754904257,13.442213398388516,56.77834733123111,0,2026-10-06 01:36:15
2026-10-05 13:31:00,CNC-02,M,297.3685699092165,312.19669921677274,1523.1953124050144,49.397146326129416,112.31520745269648,2.226796391402542,14.07068532956031,50.47246593024884,0,2026-10-06 01:36:15
2026-10-05 21:12:00,CNC-02,M,298.5320338870806,311.3586191133829,2500.024811572671,19.88463784915075,77.07832834072724,3.072763569154309,9.194249947930285,49.72675882791669,0,2026-10-06 01:36:15
2026-10-05 20:15:00,CNC-02,M,299.0913223903791,311.662450829203,2560.0166461608774,19.860606155798006,11.586756216647682,30.047159558838665,9.643354492855885,55.84611117531036,0,2026-10-06 01:36:15
2026-10-05 11:13:00,CNC-01,L,297.1524253870348,312.0112722541195,1329.7523485438182,55.58998625897381,188.31815042756375,2.708312430085976,13.95091028847571,54.78011687239213,0,2026-10-06 01:36:15
2026-10-05 09:17:00,CNC-01,L,296.6031960897425,310.33498962025214,1417.2838100013482,49.35757217754344,6.218964966423759,2.104296818498157,12.987403860184724,60.60012559364865,0,2026-10-06 01:36:15
2026-10-05 12:03:00,CNC-03,H,302.28627771419593,310.2965158498094,36373.05138657084,52.07740595426465,63.44319628867647,2.0062899143887365,12.767857400371998,43.99502597994201,1,2026-10-06 01:36:15
2026-10-05 18:30:00,CNC-02,M,31.603086086613303,39.86645217634714,2290.8411750647206,29.290834210078355,89.24145447237444,2.824698057108029,12.377858783292869,40.59261798824557,0,2026-10-06 01:36:15
2026-10-05 04:20:35,CNC-01,L,302.449456119692,309.35305278747,2452.9876722228128,23.267895525470383,32.524113775630184,3.042413980791242,10.600476150554178,51.18476270731041,0,2026-10-06 01:36:15
2026-10-05 08:02:00,CNC-01,L,296.2158963300568,311.16585406141326,1710.1187900917837,46.6567512329248,100.08779047209289,2.4012099751391514,15.1164198732272,58.906498071870665,0,2026-10-06 01:36:15
2026-10-05 17:32:00,CNC-01,L,300.09079494304405,314.38299100289,1837.8704394031208,39.616879955226835,130.22685118609374,2.7684509349064554,13.480302221583562,48.953557855204046,0,2026-10-06 01:36:15
2026-10-05 18:23:00,CNC-02,M,31.508828728482,40.067972649168496,2068.82955336392,34.85881307155253,80.2644926776831,2.7465182309823946,13.428446230017219,46.05156495776892,0,2026-10-06 01:36:15
2026-10-05 10:52:00,CNC-02,M,295.58849568174435,309.61312702310454,1406.2205448855166,47.64191592092692,75.87942073134987,2.1086197762677377,12.556045821847023,57.84535281607728,0,2026-10-06 01:36:15
2026-10-05 19:14:00,CNC-02,M,31.421165156124175,39.44594127957231,2377.0349417071557,25.896436309657503,145.16220687429788,3.24382252269606,11.802340045296196,45.437961302325455,0,2026-10-06 01:36:15
2026-10-05 10:53:00,CNC-02,M,295.8596473655197,309.92751440575194,1420.9189250289114,48.269019975290966,77.44356872936434,2.182064911868346,12.814797836566411,59.63302371523648,0,2026-10-06 01:36:15
2026-10-05 09:50:00,CNC-02,M,295.8950356639515,311.5285681577966,1403.3740152031837,55.49763102516758,235.52319422576164,3.0839296769405915,14.488683544928096,58.62393507567105,1,2026-10-06 01:36:15
2026-10-05 09:44:00,CNC-03,H,295.34283191638445,309.47181391359624,1397.4931617583582,49.867578711224745,117.46695661236559,2.1482941797267086,13.32665194875267,61.080770812946575,0,2026-10-06 01:36:15
2026-10-05 21:58:00,CNC-02,M,298.5952999750026,311.84289983601246,2445.049064140042,21.88112162952316,,3.1853533014621918,10.101610016411238,55.49502821773524,0,2026-10-06 01:36:15
2026-10-05 08:44:00,CNC-03,H,295.2225595712882,309.3930332942978,1750.5257947444127,41.736814498302074,25.51207196228963,2.4092283539916317,13.771580421150562,61.6951101894381,0,2026-10-06 01:36:15
2026-10-05 08:49:00,CNC-01,L,296.42274176176,310.9258938151912,1607.5355389929816,45.004959962712604,170.24247676333567,2.669782487822846,13.749475852309311,59.83625634856408,0,2026-10-06 01:36:15
2026-10-06 00:09:00,CNC-03,H,26.202582125164042,37.29195761315782,2760.475596837416,11.977751432009157,19.272607466656375,3.3032895132479543,5.988667734008974,53.94299122807004,1,2026-10-06 01:36:15
2026-10-05 02:28:00,CNC-01,L,297.8637193123949,311.0497210849619,2552.813246361257,20.701254139222026,96.10467866685508,3.0581983947473916,9.854637499276208,52.82610145198847,0,2026-10-06 01:36:15
2026-10-05 09:14:00,CNC-03,H,295.382421087472,309.80171949026953,1394.6280539644101,54.84289866942999,71.10968390103436,2.097151145985846,14.169875549800388,59.008915900693964,0,2026-10-06 01:36:15
2026-10-05 07:44:00,CNC-01,L,296.54099008073257,310.71114833398195,1599.5934263767267,44.722718281882905,73.84177095532114,2.3458711754726354,13.317625579196195,58.28406230961354,0,2026-10-06 01:36:15
2026-10-05 15:20:00,CNC-01,L,299.1298032422193,313.6451557067817,1639.2503173000864,43.744500067460216,166.54532988258543,2.8340848794431364,13.432098446880378,54.56349901492882,0,2026-10-06 01:36:15
2026-10-05 20:26:00,CNC-03,H,300.44570031943994,313.15958278793227,2350.580808262428,22.119018829047363,42.54898358388947,2.980958164123598,9.653763041793809,49.767367341290736,0,2026-10-06 01:36:15
2026-10-05 04:48:00,CNC-01,L,302.3967611267158,310.0362259021407,2134.322654431749,30.559663603767632,64.67087711720586,2.7718923363386057,12.102440848135746,46.73311920812429,0,2026-10-06 01:36:15
2026-10-05 01:40:00,CNC-03,H,298.13982020090407,309.56948942965664,2747.1992635066413,14.021650874528993,15.77468692747264,3.312321906580652,7.337101493271207,54.23539842950617,0,2026-10-06 01:36:15
2026-10-05 13:31:00,CNC-01,L,298.4562427334548,313.4481290833315,1608.3287261804358,46.4018819400515,188.34014161392003,2.9883269328877686,13.942219670588734,55.582586700532545,0,2026-10-06 01:36:15
2026-10-05 04:16:00,CNC-03,H,296.4512768321699,310.6154661896874,2318.5235215348393,28.048704191659333,194.25528260912913,3.4397554634346728,12.115008902562364,56.97683215521876,0,2026-10-06 01:36:15
2026-10-05 15:41:14,CNC-03,H,298.97895658676583,313.7942865568796,1600.9343504030098,47.68302855550488,159.31330897569774,2.614121100553543,14.260496462811144,49.084210805019595,0,2026-10-06 01:36:15
2026-10-05 02:42:00,CNC-02,M,297.6865245165102,311.3386001792756,2557.233111030887,23.949642796504577,116.17277461667949,3.1695429785354547,11.369205181019035,55.03339505488866,0,2026-10-06 01:36:15
2026-10-05 02:33:00,CNC-03,H,297.56709372759116,310.33266272162723,2529.11278370879,20.210903694358965,73.98287852598861,3.1609210678203064,9.58233941992861,54.32502601125892,0,2026-10-06 01:36:15
2026-10-05 09:13:00,CNC-03,H,295.3866972373607,309.6549611485412,1587.799471084468,46.29876335614735,69.50968390103436,2.3378299840018553,13.83301776590817,59.95668963063197,0,2026-10-06 01:36:15
2026-10-05 05:21:00,CNC-02,M,296.3275970652309,310.8486874306042,2216.848512218826,33.13097038746324,73.80464607816855,27.74215556473552,13.47456059601791,56.97636303975298,0,2026-10-06 01:36:15
2026-10-05 14:17:00,CNC-02,M,297.6408246209602,312.36747453733244,1411.9202610446703,51.9434435790682,184.45411895690356,25.167966125208437,13.639318712319499,53.30902450991572,0,2026-10-06 01:36:15
2026-10-05 23:44:00,CNC-01,L,26.373453297397873,39.18576558318563,2696.6108057855827,18.328882052786803,166.22560395640218,3.7491886211864562,9.25987974187032,52.326325423863594,0,2026-10-06 01:36:15
2026-10-05 17:07:00,CNC-02,M,298.88246530827655,314.0782554625427,1642.5391641118986,47.90892548196548,221.50194277838276,3.1987989752779162,14.676366242999864,54.32673793963324,0,2026-10-06 01:36:15
2026-10-06 00:10:00,CNC-01,L,26.313703303058105,38.535892313561874,2830.231376087597,14.135949771153387,193.8301366535906,4.104531076700885,7.382393903348498,52.30908272011385,0,2026-10-06 01:36:15
2026-10-05 12:47:00,CNC-03,H,302.8493189711881,,1383.570738391039,54.248880352321336,133.15642428298983,2.1960191507715345,14.234781676565678,44.81660853518203,0,2026-10-06 01:36:15
2026-10-05 19:58:00,CNC-02,M,298.9675324527705,312.5787873060832,2426.461610545197,23.023702101134358,198.7568495480567,3.6855006057634543,10.46449431301511,54.500534846730574,0,2026-10-06 01:36:15
2026-10-05 02:13:00,CNC-03,H,297.55350173892714,309.0327355769746,2612.092052210513,15.036584630302734,51.704229742820786,3.20503076498018,7.17191033275718,55.63420718260077,0,2026-10-06 01:36:15
2026-10-05 04:36:00,CNC-02,M,296.7515276924962,310.67325064039454,2169.209306899645,31.940586703988465,17.31755769108114,2.7349206722871098,12.744007566359764,55.332863227211675,0,2026-10-06 01:36:15
2026-10-05 13:30:00,CNC-01,L,298.6895055512553,313.6126099337838,1536.877692429612,48.83316496166333,186.8204327597691,2.754088219527857,13.861808171506997,53.64976348907035,0,2026-10-06 01:36:15
2026-10-05 11:36:00,CNC-01,L,297.79980367813124,311.078600589816,1337.4597301469366,47.67902788077981,6.347837767203609,1.96105966316793,11.947247408828103,55.04318046398536,0,2026-10-06 01:36:15
2026-10-05 12:25:00,CNC-03,H,302.12427916920046,310.02746683426494,1387.3263076360743,49.345351042886136,98.30537190093952,2.06098093353122,12.601661224226934,43.082835072486716,0,2026-10-06 01:36:15
2026-10-05 22:14:00,CNC-01,L,299.7443950523657,311.9757630592357,2775.3061975290066,16.109334537209694,69.72219472405133,3.305213795952925,8.62176126626122,50.330017530624765,0,2026-10-06 01:36:15
2026-10-05 17:48:00,CNC-01,L,299.67265133539314,314.09785675659003,1960.775709485287,37.14765825367853,151.8523468175918,2.969709126520071,13.746732937858747,52.162138778651475,0,2026-10-06 01:36:15
2026-10-05 07:26:00,CNC-02,M,295.7896977063663,309.9330956989845,1762.1330558436791,40.898047028496194,19.96982933844581,2.451655034087098,13.351033019104213,56.41729509508367,0,2026-10-06 01:36:15
2026-10-05 17:06:00,CNC-01,L,299.8991575320255,9901.26898101156,1819.9903205669561,37.009287666283086,94.21578077664253,2.5119402934881667,12.631761002910931,50.83832763409107,0,2026-10-06 01:36:15
2026-10-05 20:41:00,CNC-03,H,300.2234652944237,312.6506394267328,2434.270758741046,21.648353196664846,59.811515140851846,2.964629870803837,9.992681172316649,49.439699821900504,0,2026-10-06 01:36:15
2026-10-05 02:08:00,CNC-01,L,297.90123144324764,309.98538200517055,2677.558689773273,16.491027329403078,73.76481446945442,3.3023649059617965,8.240990553113262,55.52021163996965,0,2026-10-06 01:36:15
2026-10-05 10:06:00,CNC-02,M,295.7204622874518,310.1263758024674,1458.9324885600752,50.54396818752951,3.139881001066607,2.101762582909329,14.050302873328116,59.05456030372498,0,2026-10-06 01:36:15
2026-10-05 13:35:00,CNC-02,M,297.26690020362196,311.3356237139937,1309.4805798683897,51.961168633326345,118.62204701317533,2.0590394068390436,12.606376528335485,57.1989425965058,0,2026-10-06 01:36:15
2026-10-05 15:48:00,CNC-03,H,299.3733761496669,314.3816738640199,1741.0852703927776,45.131614313798686,171.253913416163,2.6596551873237324,14.722602369752469,54.95290139077396,0,2026-10-06 01:36:15
2026-10-05 04:21:00,CNC-01,L,302.3110002127436,309.30801692560794,2321.580296892828,24.520279373528297,31.339871961114625,2.819770861799105,10.52894679469237,45.33616391915717,0,2026-10-06 01:36:15
2026-10-06 00:08:00,CNC-01,L,26.21469975175006,39.70473956118707,2460.0919894222543,23.186225529753006,191.72508809882515,3.6618290407801473,10.89192676271405,52.707409867920944,0,2026-10-06 01:36:15
2026-10-05 07:21:00,CNC-03,H,295.30670350138064,309.6241558088921,1742.820586678473,40.12558139250946,166.8056313234044,2.65748127164312,13.21844628329848,58.673993765861105,0,2026-10-06 01:36:15
2026-10-05 05:54:00,CNC-02,M,296.1817858339123,309.90589264389513,2041.5619285459768,32.405851912677875,116.69277569228436,2.7595945436746163,12.354564980313524,55.63597827187563,0,2026-10-06 01:36:15
2026-10-05 20:20:00,CNC-03,H,300.3092962449254,312.38004252486246,2576.420332271485,18.07336767249087,35.56031322663594,3.017930193018646,8.54344226900451,49.597908475403294,0,2026-10-06 01:36:15
2026-10-05 15:39:00,CNC-01,L,299.525989781153,314.35879223318835,1601.290152084402,47.01270396923077,195.0009903491579,2.937807306595925,14.097165602664875,52.054850725420266,0,2026-10-06 01:36:15
2026-10-05 05:44:00,CNC-03,H,295.90360095925956,309.06540945100284,2145.207413369706,28.486074445042473,33.45849296731165,2.723440332597003,11.621474218482959,60.81721756833335,0,2026-10-06 01:36:15
2026-10-05 10:04:00,CNC-03,H,295.52894784381607,310.5800741065329,1479.663914065259,52.26109652296557,149.00437475205456,2.2722996049829733,14.458882688252064,55.38800216423001,0,2026-10-06 01:36:15
2026-10-05 23:54:00,CNC-02,M,24.910870911932875,35.67344245773978,2847.227001210291,9.955183873221724,27.57735570165101,3.363359537915531,5.434064879344101,57.17550110030118,1,2026-10-06 01:36:15
2026-10-05 03:10:00,CNC-03,H,297.1092057067716,309.507229019979,2375.460089202782,20.789489976911444,115.99794693229279,3.046475818230644,9.157123245724494,56.07638214729095,0,2026-10-06 01:36:15
2026-10-05 13:58:40,CNC-01,L,298.60392228821956,312.6048878170243,1570.8274957328804,45.621832494414896,40.75176577095637,2.224253526042078,13.603805369963343,54.10554473026968,0,2026-10-06 01:36:15
2026-10-05 16:14:00,CNC-02,M,298.2576915330494,312.80568392336625,1622.5001727827264,44.84373600960001,146.39853499953867,2.5786730833792353,13.669335162093725,58.78372541302886,0,2026-10-06 01:36:15
2026-10-05 06:38:00,CNC-02,M,296.10625376280643,310.9242902515232,1780.408664903342,40.52691990463695,175.8833757146946,28.069749776385166,13.297017890826613,61.74571467337481,0,2026-10-06 01:36:15
2026-10-05 09:22:00,CNC-02,M,295.76790803054445,311.38249115247424,1430.5468546888112,57.50559874154126,192.20388374674775,2.798629778081728,15.308244171124857,2158.9753305189656,0,2026-10-06 01:36:15
2026-10-05 14:49:00,CNC-01,L,298.9611281816108,312.9670128198514,1331.2795268446005,50.991247979182674,119.48182353449822,2.1061602414385394,12.709750142049417,53.32922077619448,0,2026-10-06 01:36:15
2026-10-05 14:15:00,CNC-01,L,298.7752528942347,312.8577102051149,1624.1493534557894,45.37294635814852,67.09870951032514,2.2438910911176433,13.89259921062969,59.71286654349127,0,2026-10-06 01:36:15
2026-10-05 15:06:00,CNC-03,H,298.8636396936357,313.13282912950694,1629.8395410532,45.57403427688223,108.13718879539928,2.2762973398055584,13.8364001730895,,0,2026-10-06 01:36:15
2026-10-05 12:17:00,CNC-01,L,297.7365518803055,311.6738737261257,1384.0974915422992,51.40186795803867,71.51062359531265,2.1322436963934415,13.264396655920962,53.88423451954212,0,2026-10-06 01:36:15
2026-10-05 02:37:00,CNC-01,L,297.54848119794576,310.7594527319821,2554.5939517252427,21.78278517859508,106.1872556368004,3.2425711741908554,10.473019205209129,53.832018827099766,0,2026-10-06 01:36:15
2026-10-05 10:12:00,CNC-01,L,296.6587823372317,310.60729427768206,1573.516028190758,43.32518286195155,91.71459679917686,2.2757894799062015,12.849644366696054,58.92963545366244,0,2026-10-06 01:36:15
2026-10-05 13:49:00,CNC-03,H,298.2964255880578,313.68725507605234,1618.8369390145049,48.869050261527015,230.76069085184872,2.991342537083573,15.01787034782232,53.290170534307805,0,2026-10-06 01:36:15
2026-10-05 15:08:00,CNC-02,M,297.8111546276851,311.9354060120284,1583.4165654294984,44.927098493978605,48.790546293717185,2.2418512883500745,13.558598700049137,,0,2026-10-06 01:36:15
2026-10-05 07:29:00,CNC-03,H,295.5606518774141,309.7585801427698,1677.3173272231625,39.34088917016397,178.14561120522,2.572893248596578,12.23148134561804,57.34615112332853,0,2026-10-06 01:36:15
2026-10-05 12:00:00,CNC-01,L,297.46220893398646,311.31818486532023,1466.8057029119057,47.62607912436996,44.54799959195835,2.178984155698504,13.206382717180214,58.15343184238393,0,2026-10-06 01:36:15
2026-10-05 17:38:00,CNC-01,L,300.02789643404344,314.0938330603149,2055.8224275040416,33.45490662144596,138.3053991053225,2.870345883998148,12.796932043851985,51.304361718121406,0,2026-10-06 01:36:15
2026-10-05 12:40:00,CNC-03,H,302.3629658765763,310.62601217368365,1478.9798935207193,48.50292874982656,122.03086089127898,2.309722562240649,13.55916524149122,44.47799430662693,0,2026-10-06 01:36:15
2026-10-05 13:12:00,CNC-01,L,298.3373359769151,312.67118075606356,1337.7277088306387,52.640169631900875,158.43928579152268,2.4107125592358813,13.010027861042927,58.569515315296556,0,2026-10-06 01:36:15
2026-10-05 17:27:00,CNC-02,M,298.9085773806548,311.78322197546476,2074.189678913947,25.195173228196154,5.503601193047455,2.672899253149565,9.710027822093744,55.18955904303666,0,2026-10-06 01:36:15
2026-10-05 03:58:06,CNC-01,L,296.9325981753445,309.4681106347931,2461.147454358537,22.103142719518374,4.648596006893933,3.0831649017103318,10.186648896166147,2340.8803569096285,0,2026-10-06 01:36:15
2026-10-05 07:25:00,CNC-02,M,295.8156093753745,309.9098145034763,1837.0634315917732,39.41331776547412,18.522830587449118,2.535641740243033,13.439792684670564,61.41628656732832,0,2026-10-06 01:36:15
2026-10-05 05:07:00,CNC-01,L,302.1093862846962,309.13925939220553,2123.949117963321,26.967842477751528,88.3948750618835,2.6975951914738943,10.640724978225098,48.086025999851714,0,2026-10-06 01:36:15
2026-10-05 20:47:00,CNC-03,H,300.28957901978794,312.8063775512091,2558.704892607,19.72723274958078,66.78071999558021,3.0930800247523575,9.42124749342496,49.2288739629824,0,2026-10-06 01:36:15
2026-10-05 08:36:00,CNC-03,H,295.4990688356289,,1512.2371095548415,48.916942810977325,13.47374269205698,2.1311348110307864,13.98503755663725,59.38533695339051,0,2026-10-06 01:36:15
2026-10-05 10:08:00,CNC-03,H,295.4915688125609,310.2056696978738,1366.9825282047839,55.119496431881814,155.3485828902424,2.217635385508639,14.293807784508868,59.13301782605846,0,2026-10-06 01:36:15
2026-10-05 12:55:00,CNC-01,L,298.075595626702,312.2748878773889,1395.6364416482227,49.71371020531849,131.57597087413666,2.274484067267704,12.954175286931303,56.32171783599977,0,2026-10-06 01:36:15
2026-10-05 05:01:00,CNC-02,M,296.45649526386984,309.55175539325467,2161.7366226395843,28.5312658409185,48.427698066351134,2.7572826819553065,11.833966088417718,64.56131612049606,0,2026-10-06 01:36:15
2026-10-05 03:33:00,CNC-01,L,297.07954010149405,310.64129077408006,2397.484011154609,24.536494257421836,170.12886599983236,3.4195334334595384,11.138303412515135,51.623102878456976,0,2026-10-06 01:36:15
2026-10-05 18:43:00,CNC-01,L,27.080561847702768,40.33054434440004,2170.1128083906747,28.12685800153876,31.116940080905056,2.751561558922149,11.652534943500482,48.96262279273409,0,2026-10-06 01:36:15
2026-10-05 20:18:00,CNC-02,M,298.89136884293663,311.6861722702102,2317.8310587088954,23.492213731175283,15.105866178534306,2.9326285418310842,10.228056159089116,56.88125768690793,0,2026-10-06 01:36:15
2026-10-05 08:31:00,CNC-02,M,295.9729711859646,310.85353604949637,1572.8881883721856,46.94073079107455,114.99224978702286,2.421012289409895,13.692316299463487,63.82859917282167,0,2026-10-06 01:36:15
2026-10-05 14:51:00,CNC-01,L,298.7039014386154,313.07463241961284,1546.958417754892,45.79291448660374,122.54066842481897,2.411645021078696,13.430268421390291,51.08591960165138,0,2026-10-06 01:36:15
2026-10-05 11:22:00,CNC-03,H,301.4871181394839,311.0364315902036,1391.1968471957186,57.32323968061015,272.18648029921786,3.341030371622309,14.970133832503326,47.644940211543016,1,2026-10-06 01:36:15
2026-10-05 19:33:00,CNC-02,M,299.1871579989048,313.59262084225844,2405.9240341701175,27.143176955422387,168.5443352834932,3.3431624067257215,12.230848091858045,53.32417278408526,0,2026-10-06 01:36:15
2026-10-05 16:16:00,CNC-03,H,299.16519626838686,314.5693192643229,1860.4272857617884,42.516280070434675,212.23459657746108,3.137968698443379,14.871789356102367,58.34709003907937,0,2026-10-06 01:36:15
2026-10-05 13:05:00,CNC-03,H,297.3938367383652,311.59931893694227,1356.944177295979,50.68895474040748,161.72612175223617,2.2983641386309746,12.854062431211451,51.50323950592592,0,2026-10-06 01:36:15
2026-10-05 11:21:57,CNC-02,M,296.2033199255071,310.61621443806985,1367.0145985768909,50.84157752133358,125.11802740692859,2.244002733144596,13.170725761718202,57.28971618355602,0,2026-10-06 01:36:15
2026-10-05 18:46:00,CNC-02,M,31.50531479264157,39.371665189879025,2234.153703599066,27.824449451345906,109.9153772490889,2.9374405331657356,11.506015290026687,46.685402301150546,0,2026-10-06 01:36:15
2026-10-05 16:09:00,CNC-02,M,298.52073010149746,313.0501761917172,1785.9795577159514,39.14134232309437,139.07460044998427,2.6320645605503903,12.878161744233914,50.45581767981605,0,2026-10-06 01:36:15
2026-10-06 01:01:00,CNC-02,M,297.5534559562747,309.65580349708455,2785.609333085571,13.402140727295377,98.73398927618823,3.449030973956963,7.143256340956918,57.26284903080561,0,2026-10-06 01:36:15
2026-10-05 09:37:00,CNC-03,H,295.3491968314928,309.52650383496007,1455.295905825534,47.680348530158,106.63005124154078,2.320710004973694,12.873612384680614,57.80899423993847,0,2026-10-06 01:36:15
2026-10-05 03:59:00,CNC-02,M,297.01704407558054,311.77747672995935,2377.9677324976183,29.78810121360845,205.52326479381952,3.5779486382280874,13.542519346374517,55.15529553013741,0,2026-10-06 01:36:15
2026-10-05 12:29:00,CNC-01,L,298.05764300285296,312.1634338228058,1330.7171831202431,53.356905621851595,90.46947679579273,2.043538641239498,13.479763063587283,49.070734066152376,0,2026-10-06 01:36:15
2026-10-05 03:02:00,CNC-03,H,297.17817284593497,0.0,2511.920397156276,21.689883715689273,106.70119933892497,3.1074857333918353,10.087764412067482,53.01748658913659,0,2026-10-06 01:36:15
2026-10-05 09:56:00,CNC-01,L,296.7171298283825,310.37001588801655,1272.467072724539,51.4713218850997,66.72741000949601,1.933443214715936,11.974255210120155,55.7724206587001,0,2026-10-06 01:36:15
2026-10-05 20:10:00,CNC-03,H,300.29147413840036,312.09213547091457,2566.541012698318,16.811070478676935,23.89687257815864,31.134812153831984,8.206436155984672,53.85853688586485,0,2026-10-06 01:36:15
2026-10-06 00:07:00,CNC-02,M,24.649973695167716,35.88132630948547,2837.571906680356,11.11514173808535,41.37163937364846,3.3970198682407324,5.515761396392687,55.64156342089064,1,2026-10-06 01:36:15
2026-10-05 02:49:42,CNC-02,M,297.774840373684,311.4436789988606,2437.2786953894056,25.666783808589976,126.39658359443479,3.1451211966395425,11.691078677822196,53.379433636693705,0,2026-10-06 01:36:15
2026-10-05 17:30:00,CNC-01,L,299.8369052845559,313.9598625435308,1713.1525773442913,39.475620952079375,127.46480629571144,2.5131501361774125,12.769642064808838,51.47733801896619,0,2026-10-06 01:36:15
2026-10-05 03:55:00,CNC-02,M,296.796974205677,311.30044591903265,2541.604981322273,26.260239129058032,200.6169100074255,3.7649932364111005,12.190203408155606,57.22435598001827,0,2026-10-06 01:36:15
2026-10-05 18:25:00,CNC-01,L,27.09233077285205,40.373710796384046,2189.1752601346134,29.25645106275874,7.856897974504966,2.7821316399594727,12.132973202852352,50.601024084029326,0,2026-10-06 01:36:15
2026-10-05 14:00:00,CNC-01,L,298.64816169205164,312.58437380433423,1382.1296955986281,50.31413106022058,43.9453765578591,2.1573499833227054,13.093963126923764,51.094052875987934,0,2026-10-06 01:36:15
2026-10-05 06:50:00,CNC-03,H,295.5300207728961,310.1094750568209,1867.514291477629,39.966363363900165,122.99358141633866,2.654592590640866,14.120863594606755,58.62047624231339,0,2026-10-06 01:36:15
2026-10-05 23:40:00,CNC-03,H,26.337013878790003,39.69582537786971,2681.1623281365023,19.202838230900145,256.29720318221183,4.270522374266877,9.765891590237144,55.940707454307955,0,2026-10-06 01:36:15
2026-10-05 13:42:00,CNC-02,M,297.43602151601596,312.1412529887036,1400.4054627676933,52.28100038170794,129.614789332664,2.23011142007199,13.831383761295344,53.468835341092095,0,2026-10-06 01:36:15
2026-10-05 23:57:00,CNC-01,L,26.047012567006846,38.28637681515886,2782.538381187356,14.679285184467444,180.0157839279833,3.901238692890909,7.507384368832605,52.807310174186505,0,2026-10-06 01:36:15
2026-10-05 21:07:00,CNC-02,M,298.44956911513196,,2553.131760357544,20.3860854620282,71.40758599933802,3.067204428845397,9.878107263351751,55.7409525153406,0,2026-10-06 01:36:15
2026-10-05 09:23:00,CNC-03,H,295.66488653035947,309.81246830948214,1567.8698834281472,46.10852889691389,84.85895558945025,2.1766497978514665,13.662107388468332,59.23921831707219,0,2026-10-06 01:36:15
2026-10-05 07:12:00,CNC-03,H,295.40318515041366,309.55632199590286,1839.7486890573873,38.48518916900333,153.90121605937244,2.678663827305499,13.12986593269119,60.04705853602211,0,2026-10-06 01:36:15
2026-10-05 04:23:00,CNC-01,L,302.4306498414489,309.68327003342256,2273.622322902363,26.02614879419282,33.73848334730601,28.174294397021068,10.895962481063972,49.98408283503709,0,2026-10-06 01:36:15
2026-10-05 18:19:00,CNC-03,H,26.783250599923065,41.0407347750176,2038.0168864822456,33.775434302420386,132.20237190149354,2.7642597047396933,12.723430162095962,51.96139082286156,0,2026-10-06 01:36:15
2026-10-05 23:04:00,CNC-01,L,299.96947625602434,311.57546340622594,2645.173561310886,13.642598394587273,123.64602982523627,3.430426314364729,6.558154066546184,49.553769478300175,0,2026-10-06 01:36:15
2026-10-05 07:05:00,CNC-01,L,296.39522601552164,309.8908170166122,1733.66624350842,39.7322371219149,18.140666067584075,2.3658567742727565,12.705586640210013,58.41079393473105,0,2026-10-06 01:36:15
2026-10-05 15:34:00,CNC-02,M,,313.22653329984075,1783.3822692207837,43.38981149740337,87.61826090190388,2.4849719581268377,14.22144998473465,51.59359968691279,0,2026-10-06 01:36:15
2026-10-05 01:54:00,CNC-01,L,297.96090827743444,310.2829013336652,2481.8015057505963,18.80190231033115,58.38671807136085,3.0832708023602033,8.575282288937702,52.74391663177809,0,2026-10-06 01:36:15
2026-10-05 10:18:00,CNC-02,M,295.7754759222001,309.7011024660409,1374.843063504648,50.91738103115994,22.129672474553068,2.028211543707782,13.194086850019207,61.5975705891873,0,2026-10-06 01:36:15
2026-10-05 02:00:00,CNC-02,M,297.9312739132992,309.9593782242562,2542.7232913137377,18.24880598080849,69.3799950351686,3.0160729887469455,8.827948987192963,57.24711059995113,0,2026-10-06 01:36:15
2026-10-05 13:36:00,CNC-02,M,297.51821533037304,312.1230473714916,1565.1076805461596,46.450905424382384,120.13479625673074,2.261548851237729,13.589521497879739,56.291621974799746,0,2026-10-06 01:36:15
2026-10-05 22:59:00,CNC-02,M,298.0229048249119,310.53251474726295,2633.2901893604367,15.323898550786529,194.33053692671808,3.7723270226625836,7.384749207277069,55.84597443833262,0,2026-10-06 01:36:15
2026-10-05 18:41:00,CNC-02,M,31.51218578047832,40.17550324595669,2149.129772230442,35.52909649052963,103.5427646524498,2.85887884643842,14.275495214084943,45.0489105836031,0,2026-10-06 01:36:15
2026-10-05 16:57:00,CNC-03,H,299.7040075345819,313.7886806171323,1664.7766759444305,43.80537755814755,21.277840432798083,2.1771538395639443,13.821378156524922,52.007737112435926,0,2026-10-06 01:36:15
2026-10-05 16:58:00,CNC-01,L,299.78394237984764,314.29379007750185,1829.726706539849,41.39219654755337,82.91711003130894,2.427400568322596,14.158352697640758,52.207542541106584,0,2026-10-06 01:36:15
2026-10-05 14:47:00,CNC-02,M,297.73688478330956,311.8631813361015,1586.6335947303292,45.336683799130086,16.859628329190596,2.245881852376402,13.691310799703274,56.822814684930464,0,2026-10-06 01:36:15
2026-10-05 05:59:00,CNC-02,M,296.07474273165803,310.2644616494527,1954.131817610985,,123.32076146816684,2.7021052586625856,13.203309441666788,55.313407352907674,0,2026-10-06 01:36:15
2026-10-05 13:02:00,CNC-02,M,297.1332378123158,311.1444836727542,1311.115812167447,49.39614659460824,66.47218696921517,2.1209735480815537,11.981054305449621,54.52788755604976,0,2026-10-06 01:36:15
2026-10-05 17:28:00,CNC-01,L,299.9876218991818,314.29077373923815,2017.7230419269986,36.066739407999954,124.6598822290587,2.7836391674403234,13.595405895542529,52.5136417090865,0,2026-10-06 01:36:15
2026-10-05 13:54:00,CNC-01,L,298.4362539128101,312.350658824769,1498.460903134835,46.86337242210248,34.543570437322465,2.1528393224123596,13.388730383271884,54.86901803378818,0,2026-10-06 01:36:15
2026-10-05 06:14:00,CNC-02,M,296.0471757379547,310.1072069857218,2037.4350531214063,32.433709960537186,143.39640670623726,2.846165465978072,12.325673137146572,60.36215662198919,0,2026-10-06 01:36:15
2026-10-05 11:51:00,CNC-01,L,297.4138987313191,310.92663281302174,1297.258766429247,49.16319187433042,30.1842644936672,1.9458016037465418,11.94791386873108,55.010979733718465,0,2026-10-06 01:36:15
2026-10-05 11:08:00,CNC-01,L,296.9770567531218,311.8341535413297,1356.0559874785974,52.66482756901981,180.34589310615232,2.6482598178356254,13.182907820107975,52.80836090312269,0,2026-10-06 01:36:15
2026-10-05 13:20:00,CNC-02,M,297.22782791328774,311.522874860656,1465.8722209651721,48.508655937266724,94.96073138630936,2.234787880935819,13.42439962933805,53.309783756627596,0,2026-10-06 01:36:15
2026-10-05 15:09:00,CNC-01,L,298.64800669304856,313.43426230699123,1597.517650689011,45.301252655224594,149.97149021772583,2.6807992918195636,13.496201961319429,52.09355253743938,0,2026-10-06 01:36:15
2026-10-05 22:04:00,CNC-01,L,299.9582242056768,312.5100450782757,2505.6832251073542,20.427501622380817,58.82643942648103,2.9627541261732904,9.612841314445397,50.9852750991017,0,2026-10-06 01:36:15
2026-10-05 13:09:00,CNC-01,L,298.1684254454056,313.25413997853036,1524.8588498352285,52.368518269751526,153.66077520772893,2.4499007134609343,14.979012654173287,56.372308794747184,0,2026-10-06 01:36:15
2026-10-05 23:42:00,CNC-03,H,26.196366812098006,39.567362518814946,2685.113549315413,18.996650294663738,258.3922583155845,4.37290198406921,9.832805633715644,52.78880849690246,0,2026-10-06 01:36:15
2026-10-05 20:24:00,CNC-03,H,300.0168400653612,313.1128268727378,2445.2324659690853,25.59796425177557,40.24955737807552,3.060792304238491,11.930705776558723,52.08481905145234,0,2026-10-06 01:36:15
2026-10-05 23:36:00,CNC-02,M,25.010916978938894,36.97295285656929,2696.5657701009186,15.494867674998694,8.523417347999638,3.1941049906225363,7.659428693374986,53.973055865007225,0,2026-10-06 01:36:15
2026-10-05 16:25:00,CNC-01,L,299.5421407460595,313.7026800309728,1722.3716736060985,42.04989614442958,36.29635624537403,2.3625390730810807,13.534423732608534,52.1256034965119,0,2026-10-06 01:36:15
2026-10-05 11:26:00,CNC-02,M,296.07428295377247,310.4722016501702,1342.8689005097115,51.25075978050567,129.89814867396035,2.082019504628879,13.000797089409625,60.52297526024063,0,2026-10-06 01:36:15
2026-10-05 14:01:00,CNC-03,H,298.1423600192603,312.0733923885934,1412.0399109967889,51.03309464412243,7.907054021619265,2.1213398248371473,13.764810412288082,56.738429321358424,0,2026-10-06 01:36:15
2026-10-05 03:44:00,CNC-01,L,296.9961348809324,310.3290802215797,2337.634912858153,25.43095486624522,182.97567326242992,3.5345096714457127,10.99915758112968,57.30434328229756,0,2026-10-06 01:36:15
2026-10-05 10:16:00,CNC-02,M,295.75627508127235,310.1578842375187,1439.643797462117,52.75736224055919,18.96398586054406,2.1754787145253913,14.252837041494043,59.38442466898397,0,2026-10-06 01:36:15
2026-10-05 13:57:00,CNC-02,M,297.7014131294159,312.23680621245205,1317.364018261037,53.18973270598892,153.164086197647,2.2839021144360125,13.103685552487441,51.39400477275656,0,2026-10-06 01:36:15
2026-10-05 19:15:00,CNC-02,M,31.834540639132967,40.55372729063237,2283.818459636188,30.61172321091671,146.42554494496645,3.050884365623674,13.176983507588714,44.41954953764082,0,2026-10-06 01:36:15
2026-10-06 01:23:00,CNC-01,L,298.9361996257885,310.36870099116203,2690.9217483782504,12.346564955687821,58.60160783192292,3.2008013589030067,6.189191954928502,56.28195894472618,1,2026-10-06 01:36:15
2026-10-05 10:13:00,CNC-01,L,296.76366975959667,311.10608325407895,1516.7398638344694,49.06013218744227,93.28952121466662,2.259843340314979,14.066472418459579,61.16108349415846,0,2026-10-06 01:36:15
2026-10-05 13:02:00,CNC-03,H,297.22943705570685,311.85943332351167,1375.5294255137846,53.663581671746364,157.03794559093143,2.360679246076334,14.060745326223476,59.00012823612785,0,2026-10-06 01:36:15
2026-10-05 04:00:00,CNC-01,L,297.0776795407248,,2282.113202182899,23.86040129868811,5.853203411803687,2.8660618952887638,10.144671922171256,51.42497447484458,0,2026-10-06 01:36:15
2026-10-05 22:52:00,CNC-01,L,299.73586248187127,312.5960433012094,2670.963002723789,19.233294366699546,110.9001126846591,3.3973176356876467,9.601697764185825,52.83451751297728,0,2026-10-06 01:36:15
2026-10-05 10:33:00,CNC-03,H,295.79222945026066,310.76052669460836,1438.5621686015186,52.28080232523591,194.49006022121898,2.604130721842075,13.94286851158624,56.20268433456073,0,2026-10-06 01:36:15
2026-10-05 01:38:00,CNC-01,L,298.1200202656045,309.7990537181146,2721.4776064260686,13.651780685237318,40.78161501519267,3.2468049962476124,7.013539548496127,55.75010238740677,0,2026-10-06 01:36:15
2026-10-05 11:44:00,CNC-01,L,297.74300171326104,312.05554402336026,1490.4545143305172,50.61729576036589,19.065827783543977,2.0922892983720947,14.2071670145513,54.961913599984406,0,2026-10-06 01:36:15
2026-10-05 15:03:00,CNC-02,M,298.1974125730768,312.56098823610165,1549.3810102693683,47.12587417880833,41.284052881763486,2.212008639879878,13.956326433550807,53.61553253020744,0,2026-10-06 01:36:15
2026-10-05 15:05:00,CNC-01,L,298.8508501678992,313.1504090089063,1456.7377669594705,48.536953903461416,143.95573414346723,2.4734422508596676,13.411492693836909,53.69068218258831,0,2026-10-06 01:36:15
2026-10-05 09:48:00,CNC-01,L,296.43303408544335,310.4185499475539,1407.2757501300644,50.40740869086447,54.1976700794837,2.0622000605344146,13.199857646716813,54.643972708734296,0,2026-10-06 01:36:15
2026-10-05 12:35:00,CNC-01,L,298.0404589231164,312.5388290352775,1399.2310229655823,52.862185220712945,99.93704132188671,2.1739707762675273,13.72697775896061,53.05253783364801,0,2026-10-06 01:36:15
2026-10-05 23:36:00,CNC-03,H,26.312312797833044,39.86676608245409,2652.1124961208816,20.319905477535777,252.0718605441049,4.257264637983619,10.41074764252563,53.85780527913908,0,2026-10-06 01:36:15
2026-10-05 07:16:00,CNC-03,H,295.2895213631399,309.6966677142384,1676.8066030132418,41.92734259511442,159.62808414254937,2.6812344473544445,12.99571168884028,62.32514581857861,0,2026-10-06 01:36:15
2026-10-05 05:18:00,CNC-02,M,296.1180461330414,310.0302448217714,2224.8538813925024,29.884766927425495,69.98609399761595,2.8426776315450337,12.533946596585958,55.81730620839137,0,2026-10-06 01:36:15
2026-10-05 17:13:00,CNC-01,L,300.0622424899524,314.24911892375866,1816.0151669094862,38.17908383226093,104.00083619540747,2.4489758274403273,12.886122854298165,54.60365629172878,0,2026-10-06 01:36:15
2026-10-05 09:45:00,CNC-03,H,295.51815669266244,310.16934019916056,1449.2399951591228,52.030460895703605,119.05248171492408,2.198778480244865,14.277667229539642,60.71573873461793,0,2026-10-06 01:36:15
2026-10-05 21:01:31,CNC-01,L,300.3105916062067,313.895934976111,2472.1365566913023,22.941839803862848,199.62883063270644,3.7734378248428873,10.712422666109243,55.86363091378904,0,2026-10-06 01:36:15
2026-10-05 07:48:00,CNC-01,L,296.4116369988673,310.8462697763546,1731.4279670910034,42.85058548693241,79.63855064012326,2.3406547346825888,14.001463935128493,58.478398841600345,0,2026-10-06 01:36:15
2026-10-05 06:03:00,CNC-01,L,302.1947080986108,310.5968520533085,2001.7566501562198,35.379706131160454,161.41912871999165,3.0144574310115426,13.034356060148037,46.5005398330964,0,2026-10-06 01:36:15
2026-10-05 12:15:00,CNC-03,H,301.97858165766615,309.77119634601104,1450.4219316864087,47.570270547086544,82.5009917427072,2.1732637147088805,12.846362384795032,49.647613563788696,0,2026-10-06 01:36:15
2026-10-05 08:35:00,CNC-01,L,296.80280553406567,311.6159323700452,1602.2299173583137,48.32947485496667,149.0664653331733,2.6708476661232403,14.708107662270907,54.20404850401254,0,2026-10-06 01:36:15
2026-10-05 18:27:00,CNC-02,M,31.428253379663147,38.842315325848745,2197.745021879369,26.210667563698433,85.4135840469572,2.8218801731179544,10.759141028745637,44.15936362997016,0,2026-10-06 01:36:15
2026-10-05 22:03:00,CNC-03,H,299.7082947575755,312.328897689885,2596.5249709504337,17.838967590933798,151.97599138699272,3.3450560380027365,8.631386881824595,53.17045648449115,0,2026-10-06 01:36:15
2026-10-05 12:20:00,CNC-01,L,297.75927425587065,311.6901490490638,1431.2588736499915,49.261280980620974,76.24182162061626,0.0,13.065916375361022,55.74159230637532,0,2026-10-06 01:36:15
2026-10-05 12:50:00,CNC-02,M,297.1102504698903,310.80233468774225,1398.4951635495877,48.32633583834867,47.432732748858456,2.0329220557590624,12.749381135693781,56.998988040509225,0,2026-10-06 01:36:15
2026-10-05 17:35:00,CNC-02,M,298.9720508467611,312.82017477727993,1935.1687482874954,34.63875278773195,16.435394896430523,2.578084689006434,12.851141626620946,60.0168530203446,0,2026-10-06 01:36:15
2026-10-05 14:04:00,CNC-01,L,298.69894702336876,312.3961480532177,1548.129150490266,43.4095511944363,50.16384085217071,2.186270866076157,12.388922747111005,52.547743764527006,0,2026-10-06 01:36:15
2026-10-05 19:08:00,CNC-03,H,26.5746488485251,41.76763393582502,2203.89232427073,35.29028214904256,195.28169095416004,3.2994467693689717,14.652437899650824,51.384476828087855,0,2026-10-06 01:36:15
2026-10-05 08:50:00,CNC-02,M,295.90465241490494,310.7350172658603,1491.6154953948367,49.97984583311253,143.6544213163347,2.514309806147749,,56.01370311662803,0,2026-10-06 01:36:15
2026-10-05 17:45:00,CNC-02,M,304.40640414654524,312.3363301750979,1858.8877382587289,35.558151050970196,29.99155367924157,2.5255626442801504,12.451920745885355,40.60786489225044,0,2026-10-06 01:36:15
2026-10-05 10:00:13,CNC-02,M,295.78691006199676,311.4028180612426,1493.1355717636843,52.01201974918565,249.60655804576606,3.3749862599370677,14.329292765246432,55.20715584090224,1,2026-10-06 01:36:15
2026-10-05 06:29:00,CNC-02,M,295.9778310341171,310.0000649332122,1937.916074461833,34.44466658980864,163.58219328709646,2.846433158637398,12.809372602127644,59.922645691998916,0,2026-10-06 01:36:15
2026-10-05 16:02:00,CNC-03,H,299.198390216986,314.64566574983,1790.4449364219577,46.723664052836845,191.8371487812735,2.8045061909529676,15.840340963091196,56.34241531672111,0,2026-10-06 01:36:15
2026-10-05 11:41:00,CNC-01,L,297.7693936016374,310.7742937769701,1257.5566035199952,47.268091026710486,14.347837767203607,1.9403724174728576,11.174122717800431,55.25797399435402,0,2026-10-06 01:36:15
2026-10-05 15:27:00,CNC-03,H,298.90433508866704,313.34612236532433,1481.7670729691536,48.17501867689891,139.71959121657085,2.2880232668536613,13.47591211367777,52.691837187324055,0,2026-10-06 01:36:15
2026-10-05 17:03:00,CNC-02,M,298.8314893547364,313.8231764289754,1801.5982383321889,40.40932673241383,215.92252680492697,3.188127390760233,13.514640640135397,52.56895532819232,0,2026-10-06 01:36:15
2026-10-05 22:08:00,CNC-01,L,299.4104946975783,312.10122378588096,2408.9217609152174,21.488942315800088,63.2057523478373,3.015914080310713,9.650183313256958,51.38274014191303,0,2026-10-06 01:36:15
2026-10-05 03:50:00,CNC-02,M,297.04887109460253,311.7511512951891,2285.651889223629,29.908892149706514,194.7102697522844,3.485298389947073,12.789983393894072,55.507907762908125,0,2026-10-06 01:36:15
2026-10-05 03:12:00,CNC-03,H,297.06385254212285,309.7457926708961,2674.3645513241677,18.390443339165618,118.19156936601948,3.354851213140377,9.580439038837145,59.9942533010741,0,2026-10-06 01:36:15
2026-10-05 05:06:00,CNC-02,M,296.24760328301545,309.5667907317875,2204.7950425255176,27.78753059733627,54.73040679259101,2.8578678871432097,11.727637803702141,60.24435051621141,0,2026-10-06 01:36:15
2026-10-05 21:14:00,CNC-02,M,298.5404993469857,311.35879167774567,2545.491304536768,19.34855095760971,79.35540897375718,3.2188748546875106,9.34913619031615,57.33756077765072,0,2026-10-06 01:36:15
2026-10-05 04:31:00,CNC-01,L,302.084049583396,309.4100647167884,2392.8107343350457,24.719205054606512,43.537254179883824,3.0356741324072973,11.12116831764587,50.12338962929667,0,2026-10-06 01:36:15
2026-10-05 05:00:00,CNC-01,L,302.2746930577221,310.60044303836395,2132.049972131446,33.976892633915355,79.63356681728597,2.7862167390835753,13.545197901401618,46.555817540395594,0,2026-10-06 01:36:15
2026-10-05 05:35:00,CNC-01,L,301.8251178418811,309.85565085579753,2142.6831021851904,32.319820532330596,124.47892767838694,2.9276785871882565,12.976257428403567,49.17888340028777,0,2026-10-06 01:36:15
2026-10-05 05:36:00,CNC-03,H,295.57542769937794,308.61156789460676,2315.1525929500162,26.555280315296923,23.094973489031155,2.860877342144699,11.458682809445383,59.56607318201023,0,2026-10-06 01:36:15
2026-10-05 14:29:00,CNC-01,L,298.89244545098416,313.3679834801394,1505.9109416485169,48.598627602068596,88.7540385047517,2.2034760573356955,0.0,55.77254802167976,0,2026-10-06 01:36:15
2026-10-05 17:18:00,CNC-01,L,300.0424745937543,314.4103156408299,2027.7582561657127,35.58059138290129,110.90930446910615,2.790568283708816,,53.19128012615308,0,2026-10-06 01:36:15
2026-10-05 18:23:00,CNC-03,H,26.64027738589698,40.02126374166352,2119.1583613720877,28.42882595054476,137.46534160339965,2.8644465668656114,11.349170071840707,53.076853506305085,0,2026-10-06 01:36:15
2026-10-05 12:52:00,CNC-03,H,302.5327981534055,311.15981891668184,1356.194226236466,55.148096202968375,141.08679989346496,2.172827962407348,14.25378033718714,46.59671993143543,0,2026-10-06 01:36:15
2026-10-05 08:10:00,CNC-02,M,296.0154604087792,309.85828860202867,1674.423059256957,40.21823137890058,83.87044641426137,2.24750844565195,12.415184444670125,59.92944037576,0,2026-10-06 01:36:15
2026-10-05 17:23:00,CNC-01,L,300.0655402161773,314.6129087032657,1857.8228039845353,41.773791022298724,117.79009076536383,2.5820769656149904,14.496581648909528,54.264604006169144,0,2026-10-06 01:36:15
2026-10-05 08:20:00,CNC-03,H,295.3536209532104,311.12674764664774,1577.2109093856036,54.04720170620755,252.62827893458757,3.3422985982688496,16.053400121587025,59.354424654882706,1,2026-10-06 01:36:15
2026-10-05 04:03:00,CNC-03,H,296.83460116472145,311.05332224881477,2327.3751807830663,28.001353165310526,178.45898029405797,3.2820240647647396,12.26916175000817,61.69894285936839,0,2026-10-06 01:36:15
2026-10-05 01:56:00,CNC-02,M,297.9688992598731,310.55013005457545,2656.708756699653,17.672464438657858,65.00138777812063,3.210628567458607,8.502349396736445,53.62662841620592,0,2026-10-06 01:36:15
2026-10-05 15:45:00,CNC-02,M,298.0610500341197,312.78103750198306,1611.847227636932,45.41035799084025,103.92532844052316,2.2866237322175906,13.446479907818206,53.75893404506077,0,2026-10-06 01:36:15
2026-10-05 03:00:00,CNC-03,H,297.2957469002112,311.05914236292676,2417.972923599117,26.876864298054972,104.47046696797209,3.036721236585926,12.138333538748121,56.18980501639381,0,2026-10-06 01:36:15
2026-10-05 10:09:00,CNC-03,H,295.3646879419026,310.16563857488245,1445.8160839351071,53.849890707204416,156.94117807762788,2.3341144044873277,14.648476653220792,58.21176878828573,0,2026-10-06 01:36:15
2026-10-05 21:06:00,CNC-01,L,300.5400140877224,314.4748945760525,2646.402790910619,23.218587362127742,203.03023265712773,3.9403869783029304,11.448367511095443,48.92879134731866,0,2026-10-06 01:36:15
2026-10-05 09:51:00,CNC-02,M,296.02870556806135,311.85939069193677,1568.1289149063475,52.41687725651048,237.04973976578938,3.178565653177545,15.290469047436554,56.20476603544023,1,2026-10-06 01:36:15
2026-10-05 10:57:00,CNC-02,M,295.7973380262557,309.9501731109426,1467.2035045667515,47.52227454280575,83.77283409588556,2.1090756746052532,12.949589139648078,63.58871591903049,0,2026-10-06 01:36:15
2026-10-05 10:38:00,CNC-01,L,296.6611010621263,311.11513036866023,1352.7268810348553,52.379442554132076,132.71330077248652,21.674424213580835,13.541286231077633,57.951057814325985,0,2026-10-06 01:36:15
2026-10-05 12:41:00,CNC-02,M,296.8402113689981,310.57620323841917,1373.122083060385,48.04282448989586,33.18845393244317,2.1133083072351977,12.41394819720237,52.516665142653025,0,2026-10-06 01:36:15
2026-10-05 08:34:00,CNC-01,L,296.5762141483661,311.0433068609797,1620.864848140372,44.68903560923633,147.55813181523524,2.5750760901516925,13.56408530370747,58.41654564731019,0,2026-10-06 01:36:15
2026-10-05 13:00:00,CNC-01,L,298.59519153162,313.0737776338604,1381.3704038523717,52.75810775649446,139.444267887396,2.2011446498511305,13.720890899657748,50.82028154990153,0,2026-10-06 01:36:15
2026-10-05 22:13:00,CNC-03,H,299.6952654074265,313.09123542360265,2670.0096809876663,21.011718101061795,162.84309080195027,3.5095829092313013,10.238987370492229,54.775637764142296,0,2026-10-06 01:36:15
2026-10-05 13:08:00,CNC-01,L,298.41343802294824,312.62465855488324,1402.6776099616059,50.66628408630171,152.09179098991854,2.4150724516140607,13.254124237534219,53.43741635443482,0,2026-10-06 01:36:15
2026-10-05 10:53:00,CNC-01,L,297.0527862821327,311.569028917208,1364.840026601876,53.5121057354367,156.5069912331818,2.4049519737440908,13.367422868265974,52.604388683510564,0,2026-10-06 01:36:15
2026-10-06 01:12:00,CNC-01,L,298.5702793910026,310.08157586427274,2720.66395031551,14.353721924704516,46.85594994553367,3.204550079675434,7.326449457031938,55.794850483867926,0,2026-10-06 01:36:15
2026-10-05 12:45:00,CNC-02,M,296.91644463983715,311.0307777457443,1423.6811316120404,48.58722397484483,39.50811717307079,2.047183699582812,12.821395697951376,57.0379442707274,0,2026-10-06 01:36:15
2026-10-05 14:01:00,CNC-02,M,297.5048182116577,311.725317481228,1403.3055353676036,47.65185540467168,159.38897549870478,2.394718446470534,12.403524237871382,58.6484200919569,0,2026-10-06 01:36:15
2026-10-05 18:45:00,CNC-03,H,26.733741455933853,41.74155863262666,2177.984256192722,34.77623108752768,165.818355676936,3.0240432194900526,14.333959088051497,54.98611671462582,0,2026-10-06 01:36:15
2026-10-05 23:55:00,CNC-03,H,26.16026567207399,38.29953929954178,2708.1882011242574,16.674173912144802,4.29448311071471,3.286860441520827,8.541799991469938,51.589899264415365,0,2026-10-06 01:36:15
2026-10-05 05:37:00,CNC-01,L,,309.5699412473687,2060.7207705516203,30.11436593540878,127.09822817795406,2.82332241102376,11.607445425463613,45.28570989310232,0,2026-10-06 01:36:15
2026-10-05 07:01:00,CNC-01,L,296.4923025350782,310.13668556227776,1774.235471404897,39.43170869946052,12.509265438992868,2.3054136883985894,13.103253567382113,59.174183091227256,0,2026-10-06 01:36:15
2026-10-05 06:38:00,CNC-01,L,296.54404278919674,311.23827359924786,1942.4721639129157,38.5553876032067,208.87214363234244,3.4807560726182674,13.970724802658603,61.926822868952854,0,2026-10-06 01:36:15
2026-10-05 18:39:00,CNC-03,H,26.729351321130878,41.04367706340503,2339.1694358453515,29.662597583496293,158.05927230886803,3.1561254643243877,12.906291274887456,48.6431579664002,0,2026-10-06 01:36:15
2026-10-05 09:20:00,CNC-03,H,295.416101931809,310.0081718452283,1514.978489921848,51.18864510927612,,2.2066680893365516,14.608594546189764,54.21894709937728,0,2026-10-06 01:36:15
2026-10-05 20:56:57,CNC-01,L,300.4996036264049,314.70455744228036,2456.6169252384216,27.40204638022394,194.03222277971477,3.7140359775462857,12.885885656777337,51.246691750587644,0,2026-10-06 01:36:15
2026-10-05 12:18:00,CNC-03,H,302.0738704379153,310.3957434319524,1397.0081381015461,52.28047943454102,87.23084432751848,2.121104143662104,13.599402645689988,48.091550958022076,0,2026-10-06 01:36:15
2026-10-05 13:37:00,CNC-01,L,298.4344937934883,312.2489629571218,1375.1370625855357,50.73389933469453,7.8881168707939056,2.0747327288155164,13.121228406885933,54.20450057448347,0,2026-10-06 01:36:15
2026-10-05 14:33:00,CNC-02,M,297.63271452846294,313.0375915678642,1570.8743031090282,50.04639505899808,209.11991410618336,2.933610252764611,14.816438826699084,51.89296996829259,0,2026-10-06 01:36:15
2026-10-05 02:54:00,CNC-01,L,297.4109203942492,311.09443586963414,2436.5074524777087,25.714222157238417,125.2806501868027,3.21998899367904,11.560468843609415,58.39421979062832,0,2026-10-06 01:36:15
2026-10-05 23:39:00,CNC-02,M,24.75208872240063,36.206802431484846,2674.9591491345423,13.123829542107789,11.720355017000871,3.1757885570714453,6.600528850914255,55.87701719160088,0,2026-10-06 01:36:15
2026-10-06 00:58:00,CNC-01,L,298.98683151133974,311.09141616942395,2710.205794506408,17.250687110738927,32.02856208975083,3.285493570692513,8.847204275912388,52.255771588134266,0,2026-10-06 01:36:15
2026-10-05 12:34:00,CNC-03,H,302.4069038858836,310.70398835347135,1437.6885404439272,51.00046811430315,112.53631020669395,2.218205176458174,14.038356674293293,52.03024402665896,0,2026-10-06 01:36:15
2026-10-05 19:41:00,CNC-02,M,299.3976668120697,314.68745657807307,2263.727865315121,32.971420109434945,178.396017118214,3.2123991360130506,0.0,53.22228803285179,0,2026-10-06 01:36:15
2026-10-05 14:38:00,CNC-01,L,298.5258091222826,312.6141336504189,1380.8468725506177,49.38265939785064,102.65951047339394,20.611807553811218,12.898056885976159,51.95641528305644,0,2026-10-06 01:36:15
2026-10-05 06:19:00,CNC-01,L,296.3001520343851,310.58869314945287,1924.2952122749628,35.4416840880817,182.99694083707507,3.107133596850793,12.791968634451065,60.87337032634059,0,2026-10-06 01:36:15
2026-10-06 01:33:00,CNC-02,M,297.35607455048296,310.46404018645194,2567.529724187895,18.748557372329586,133.03308182237092,3.383288575272084,8.865340221254646,54.397260429381376,0,2026-10-06 01:36:15
2026-10-05 20:40:00,CNC-01,L,300.04173466560553,314.1067966817481,,25.475910436518888,173.32734691846468,3.5263504892543303,11.950952775478969,53.38673252865493,0,2026-10-06 01:36:15
2026-10-05 11:13:00,CNC-02,M,295.99785953446195,310.09781649153086,1384.2594224868817,50.25924518812635,109.19789069470963,2.271861767211587,12.929297265646703,59.23786652397954,0,2026-10-06 01:36:15
2026-10-05 04:20:00,CNC-03,H,296.4883825387359,310.73227980656475,2347.4026775528346,27.629873633048803,199.10080458154755,3.498750397106274,12.264480614539671,57.61948786933725,0,2026-10-06 01:36:15
2026-10-05 12:23:00,CNC-02,M,296.7372141769803,310.22989796548023,1345.506733570173,47.05397243727637,4.75728813271506,2.0744804292935166,11.87694460849603,55.73749603991761,0,2026-10-06 01:36:15
2026-10-05 16:20:18,CNC-02,M,298.52062427244016,313.5231794828327,1603.5917732915648,47.352325108050024,156.52990251784271,2.5896048852106244,14.35601532205346,54.36537563893479,0,2026-10-06 01:36:15
2026-10-05 09:50:00,CNC-03,H,295.5989738964471,309.92613219184847,1372.8373991913622,52.74682914089075,126.99741065203543,2.140118077465478,13.47546833015362,,0,2026-10-06 01:36:15
2026-10-05 18:30:00,CNC-03,H,26.72478792874,41.09977740931072,1938.7679711523224,35.99182276738705,146.52971629395216,2.7474937633108683,13.129981000068417,52.28634820644956,0,2026-10-06 01:36:15
2026-10-05 16:49:00,CNC-03,H,299.637356408643,313.4875917094547,1863.7489780215992,38.433187242053755,9.889373877225166,2.6149885638521893,13.511075964009038,54.43910372094502,0,2026-10-06 01:36:15
2026-10-05 05:30:00,CNC-01,L,302.023747652198,309.87462865176104,2135.7604292023884,30.80887201784248,117.99238273125262,2.978831477383486,11.973199426478816,48.98484921299101,0,2026-10-06 01:36:15
2026-10-05 16:51:00,CNC-03,H,299.69463703068703,313.7480798237048,1708.049074239699,42.62506802858808,12.74009348629989,22.218806887423366,13.559857738917007,56.100493906289486,0,2026-10-06 01:36:15
2026-10-05 07:39:00,CNC-03,H,295.5355644667114,310.7568836047869,1746.5114434245763,45.037509863678025,192.38780846907363,2.954598920104489,14.720425363316883,60.92742500893363,0,2026-10-06 01:36:15
2026-10-05 15:54:00,CNC-01,L,299.69157170717335,314.9383135367985,1539.9689518107177,49.96617308218341,217.33187046032495,3.137090817570988,14.170662222550588,49.639361746395586,0,2026-10-06 01:36:15
2026-10-05 10:23:00,CNC-01,L,296.7600769422078,310.5843028021614,1352.5244808684029,48.40783755801718,108.93168365958982,2.1623256617768645,12.017033033124612,61.43171336433243,0,2026-10-06 01:36:15
2026-10-05 04:43:00,CNC-02,M,296.8383631062947,310.8450989140018,2243.483518455407,32.09265596128009,26.001768727654422,2.898679510673519,13.613951178933759,53.03108605986617,0,2026-10-06 01:36:15
2026-10-05 19:43:00,CNC-03,H,299.96103725162726,314.589861841267,2320.597564092647,29.64631957193638,238.37224652464144,3.764200589973432,12.977181896075095,49.45206648269253,0,2026-10-06 01:36:15
2026-10-05 16:23:00,CNC-03,H,299.36004629750005,314.6316393109176,1821.7469666063369,43.255563623558366,222.3304772377042,3.0698449276275306,14.800994607056914,49.54515572168341,0,2026-10-06 01:36:15
2026-10-05 23:42:01,CNC-03,H,26.151865153681,39.7300294557873,2604.303643459699,19.397850041332486,259.48199557003846,4.244087777757162,9.49882266346002,53.79816096594805,0,2026-10-06 01:36:15
2026-10-05 04:47:00,CNC-02,M,296.0041930959078,308.24726000150855,2319.774472946034,20.351190765523086,30.96189120252355,2.86002757827074,8.672251047718031,61.01564918414947,0,2026-10-06 01:36:15
2026-10-05 13:03:00,CNC-02,M,297.34250327641035,311.359832444379,1340.252436522141,50.87984989947345,68.07218696921517,19.416802995551176,12.83257382800953,52.55859767525065,0,2026-10-06 01:36:15
2026-10-05 05:47:00,CNC-01,L,302.0802922988392,310.9503058862048,2027.344488475876,37.096842074226444,140.1633632713933,2.9458185897458184,14.176705786923005,50.73671198392753,0,2026-10-06 01:36:15
2026-10-05 07:27:00,CNC-01,L,296.6212479331339,310.50304030667945,1743.6828483185382,38.22579672786552,49.11317798139864,23.39258345363253,12.53611450323948,56.19814266466058,0,2026-10-06 01:36:15
2026-10-05 11:48:00,CNC-01,L,297.5153194879465,311.1498809122151,1386.3176718048503,48.073195028902624,25.449139507208415,2.0947818311296262,12.093167844595698,59.52812042205455,0,2026-10-06 01:36:15
2026-10-05 16:04:00,CNC-01,L,299.43358380181115,312.74813306106864,1660.932572109489,37.80891571650865,5.824569397281431,2.2911960139969705,11.775747895983239,55.71890132588952,0,2026-10-06 01:36:15
2026-10-05 06:58:00,CNC-01,L,296.4513080509289,310.0427422108851,1880.5998677774683,35.94821239414957,8.276388811628964,2.4761986536478218,12.845106697339496,58.65766971301061,0,2026-10-06 01:36:15
2026-10-05 19:20:00,CNC-02,M,299.21679605124024,313.0469082024168,2265.2111325045134,25.272633370463588,152.59941590768995,3.1376881222739237,10.876911686684416,51.27375081711831,0,2026-10-06 01:36:15
2026-10-05 06:00:00,CNC-01,L,302.0484389796858,310.30413696489717,2078.343457210599,33.618611760516266,157.43222740566299,3.08948891221749,13.067394794345173,50.586604658748875,0,2026-10-06 01:36:15
2026-10-05 19:32:00,CNC-02,M,299.21008567180303,312.9297760299782,2431.880858118016,22.946436895884673,167.32458481721935,3.3739923154913933,10.540661135358688,54.584639629529626,0,2026-10-06 01:36:15
2026-10-05 11:34:00,CNC-01,L,297.42575226442307,310.89862067071226,1321.7125258967412,50.25579836444104,3.2,1.993311027462809,12.316133305922202,57.296216929344865,0,2026-10-06 01:36:15
2026-10-05 15:20:00,CNC-03,H,298.53758642659494,313.4229849154573,1655.7922541818364,,129.1208189845312,2.4436674825679505,14.67389449014342,54.643403063725685,0,2026-10-06 01:36:15
2026-10-05 14:26:00,CNC-01,L,298.60180143057954,313.4304329484954,1590.2190947766637,51.21966651493986,84.08956291373666,2.4025340373714106,15.29772539363648,57.18516046076206,0,2026-10-06 01:36:15
2026-10-05 13:15:00,CNC-03,H,297.81180501696304,312.86613847364646,1407.661281910031,54.244879748386,177.46835918749107,2.4787438878711194,14.326805387411392,55.389677993479175,0,2026-10-06 01:36:15
2026-10-05 19:46:00,CNC-02,M,299.3355325576459,312.86023134262456,2293.9321363933586,23.969283426212595,184.33740303943244,3.4076423922483787,10.2790745025156,54.84033927224494,0,2026-10-06 01:36:15
2026-10-05 04:06:00,CNC-01,L,297.003859531763,310.0457853160406,2411.2877050403836,25.85715724685973,13.057184870365024,2.959579928409661,11.398825668583289,57.80085318792379,0,2026-10-06 01:36:15
2026-10-05 19:39:00,CNC-03,H,300.32870451085665,314.7759978808676,2366.179020227051,29.009055816352923,233.59241340133198,3.8267829917877094,12.921717943580127,53.43320779822779,0,2026-10-06 01:36:15
2026-10-05 05:16:00,CNC-03,H,295.8429979077003,310.63470517881166,2327.6143439354464,30.165829646476528,268.7331579155948,4.107728788475085,,58.48657516186468,0,2026-10-06 01:36:15
2026-10-06 01:17:00,CNC-01,L,298.6373430893136,310.73308719776867,2712.3137189505096,16.587146410135315,52.204306892211704,3.353411095301797,8.37949414627386,55.339985880869314,0,2026-10-06 01:36:15
2026-10-05 17:33:00,CNC-03,H,299.87687035361614,313.7056146535607,1993.381484600653,32.0682136822764,70.93735129739079,2.6699479131785266,12.006276663410958,49.496245426498525,0,2026-10-06 01:36:15
2026-10-05 03:34:00,CNC-01,L,297.492166932775,311.08415777200673,2461.567897211342,23.450527899847117,171.27611731817365,3.514177292442978,10.473973099519664,56.82570204063288,0,2026-10-06 01:36:15
2026-10-05 06:15:00,CNC-03,H,295.7098443685873,309.94916956510156,1925.2707567792213,38.47760298892404,74.95385334241456,2.575729874380626,13.812918015688393,,0,2026-10-06 01:36:15
2026-10-05 02:06:00,CNC-01,L,297.91947909822255,308.849462154957,2745.9114070816477,,71.59716807570238,3.2767314084227417,5.3058008652144855,52.194280155185865,1,2026-10-06 01:36:15
2026-10-05 21:15:00,CNC-01,L,300.37094227651005,311.32291952214587,2703.9400259715394,12.344469819962885,4.4164179275756865,3.30359094786868,6.218860262440953,51.86725462732326,1,2026-10-06 01:36:15
2026-10-05 01:37:00,CNC-01,L,298.2526740116153,311.0524427719882,2554.7974426645164,21.72860708106174,39.711474117047764,3.021292119106839,10.356480459624489,54.95503787106194,0,2026-10-06 01:36:15
2026-10-05 14:25:00,CNC-01,L,298.5529162235541,313.0015126875687,1553.5337699218148,47.51803288735706,82.5693433091551,2.3614398633966225,13.977026967254073,51.631860824311815,0,2026-10-06 01:36:15
2026-10-05 16:44:00,CNC-02,M,298.8461515180442,313.5118325984062,1961.5430549760663,35.189163039786976,189.38047785078567,3.1077926167486347,13.053589117408073,58.22741705730902,0,2026-10-06 01:36:15
2026-10-05 06:42:00,CNC-02,M,295.9541855164806,310.3128215455754,1829.2029221213104,35.396685895729554,6053.125136261665,2.888072899414649,12.28328383778673,59.15430264983093,0,2026-10-06 01:36:15
2026-10-05 05:04:00,CNC-01,L,302.0669665248847,309.51779947675806,2162.8745971078783,29.108134072084912,84.63315588409276,2.797746548041682,12.087456204526951,47.5533369198463,0,2026-10-06 01:36:15
2026-10-05 22:54:00,CNC-02,M,298.2099043243711,311.79633646069556,2645.283701302846,19.777731841664593,188.9495202450188,3.655144378717594,9.85970155437996,,0,2026-10-06 01:36:15
2026-10-05 11:12:00,CNC-03,H,296.2060310764932,311.26827812745756,1329.6630663291678,56.28525639429217,256.3039441324043,3.088922356561151,13.93943706302461,58.45120820407516,1,2026-10-06 01:36:15
2026-10-05 03:36:00,CNC-02,M,297.27208911027515,310.75559858392495,2456.2475687111028,23.673509456280573,178.09988922637575,3.4979681937422753,10.810691777383568,51.2886509554126,0,2026-10-06 01:36:15
2026-10-05 22:04:00,CNC-02,M,298.5114531762293,311.9642935588501,2543.7184447454674,21.010127868565732,134.70261960328227,3.363420081075833,9.966516056032471,54.42401255619017,0,2026-10-06 01:36:15
2026-10-05 20:23:00,CNC-02,M,299.05032473558515,311.85833847294356,2480.3920234820384,20.030961910372106,20.927863277331912,3.128081849213038,9.185347786918097,53.66381216906628,0,2026-10-06 01:36:15
2026-10-05 23:49:00,CNC-02,M,24.636603152697433,36.85362259902064,2792.2692805217703,15.375876294314255,22.29021677176318,3.322585604217403,7.89278667066631,50.51654841185423,0,2026-10-06 01:36:15
2026-10-05 17:43:00,CNC-01,L,299.9348910059394,313.86967459775906,2081.0624629048802,32.280845175554354,145.0655444381969,2.9823930772769525,12.481121765210162,50.9049114365891,0,2026-10-06 01:36:15
2026-10-05 20:02:00,CNC-03,H,300.0261661002697,312.8937957275362,2311.3723038883204,24.387610020019576,14.36908709804468,2.8379458590802233,10.697759803111618,52.641564560234826,0,2026-10-06 01:36:15
2026-10-05 11:09:00,CNC-02,M,295.8059402293868,310.24479207758657,1356.0855933893479,51.44193437161803,102.83958719733826,2.127948012341202,12.991786602096195,64.60563396531926,0,2026-10-06 01:36:15
2026-10-05 17:02:00,CNC-03,H,299.6821812614557,312.99681403897614,1850.5332439609392,34.156081163062964,28.20466413606494,2.426280248718784,11.967456723805176,45.830754500747986,0,2026-10-06 01:36:15
2026-10-05 15:26:00,CNC-02,M,298.2883378189552,313.25362772873194,1715.816400253022,45.22504177263094,75.78934487884818,2.3969995821896695,14.391419754859118,55.79166995815197,0,2026-10-06 01:36:15
2026-10-05 07:08:00,CNC-03,H,295.39176296368186,310.01667511920795,1912.2772089381992,39.481419158273994,148.3150819578493,2.697670399012432,14.334787465796342,61.02595462876998,0,2026-10-06 01:36:15
2026-10-05 10:51:00,CNC-03,H,295.92542562303555,310.75684231505437,1343.0163968600004,53.61897784043172,222.99162589706643,2.7359349711450096,13.413975537008678,60.17693691552981,0,2026-10-06 01:36:15
2026-10-05 10:51:00,CNC-02,M,296.02526667833706,309.96108590938985,1365.2489707848715,49.978470637190966,74.31896964534822,2.07982371328927,12.886465398351172,57.24275663031514,0,2026-10-06 01:36:15
2026-10-05 13:13:00,CNC-02,M,297.2390692739418,311.55553678639467,1328.0433374110185,51.708693398750405,83.92897824429528,2.0042732757587953,12.824945336562076,55.40877088547196,0,2026-10-06 01:36:15
2026-10-05 16:48:00,CNC-03,H,299.3787086931489,313.10228108693923,1906.833703422464,37.191958168524174,8.469692743622344,2.5099231984346084,13.338484282309587,54.29355412792341,0,2026-10-06 01:36:15
2026-10-06 01:25:00,CNC-03,H,298.44788232775545,309.9788716118386,2666.1318433865904,14.83117039926994,100.31354497905389,3.3436609860952315,7.273445232600247,52.1388736392987,0,2026-10-06 01:36:15
2026-10-05 15:57:00,CNC-03,H,299.2445671617269,313.91104107163926,1565.9242525945945,46.234055933036856,184.53548681815354,2.6690061366432825,13.248729729960761,53.80593370966945,0,2026-10-06 01:36:15
2026-10-05 09:20:00,CNC-02,M,295.5936554824714,310.60471601870535,1711.0323528870497,45.35622129175445,189.1006019134188,2.882486507715532,14.409203351314119,61.72300979139086,0,2026-10-06 01:36:15
2026-10-05 09:12:00,CNC-03,H,295.8085167127749,310.02735812740207,1565.64137705798,45.588335120074994,68.0041827399804,2.238714033843518,13.47483180428591,62.5673371698084,0,2026-10-06 01:36:15
2026-10-05 12:39:00,CNC-01,L,298.0501525954299,311.9251510135432,1307.3363088190129,50.86129026898379,106.30574276790577,2.1368870644748266,12.44508276248312,60.960174068999834,0,2026-10-06 01:36:15
2026-10-05 07:38:00,CNC-01,L,296.6074167565859,310.90922363852536,1685.400997412008,44.638985755604864,65.01806049982422,2.3769885830542967,13.919518180765856,57.6348289177385,0,2026-10-06 01:36:15
2026-10-05 11:39:00,CNC-03,H,301.84195944394946,309.6920265935579,1328.4044798168952,52.994196226414395,25.412769099537798,2.046203300176353,12.880299786929221,48.20135075575905,1,2026-10-06 01:36:15
2026-10-05 15:29:00,CNC-02,M,298.43420542621254,313.4765938379452,,48.47612330635155,80.25633472040256,2.345754168707977,14.865952014991427,52.22392251721718,0,2026-10-06 01:36:15
2026-10-05 06:43:00,CNC-01,L,296.266910447184,311.7422129541106,1907.8514566440733,42.28537834315777,215.75934634034084,3.4568062674444717,15.23638728558374,57.74000059794925,0,2026-10-06 01:36:15
2026-10-05 11:05:00,CNC-01,L,297.08369158142153,312.1064969281729,1410.122818249283,54.6166819123122,175.54589310615233,2.5949808053829795,14.513103092111745,57.92741290266345,0,2026-10-06 01:36:15
2026-10-05 19:24:00,CNC-03,H,300.26580099443254,314.7862873128378,2379.740149027243,29.42696001560499,215.116436822532,3.547056327165904,13.107474219989701,50.290451085761774,0,2026-10-06 01:36:15
2026-10-05 06:05:00,CNC-03,H,295.44927607789907,309.7645147557681,1823.2736529771018,40.47781155002544,61.641288928637664,2.4923234874242057,13.871719142131177,58.10080271428826,0,2026-10-06 01:36:15
2026-10-05 05:57:00,CNC-01,L,302.3695452739346,310.92359167332734,2037.5765079348141,35.46237776104901,153.43755096215563,2.999884470796659,13.44447347088415,49.401457134225275,0,2026-10-06 01:36:15
2026-10-05 16:44:00,CNC-03,H,299.38516966256674,313.3439282807375,1782.065155051129,40.05391604900884,2.870095539049906,2.388788644134229,13.415793960237258,50.716452959271265,0,2026-10-06 01:36:15
2026-10-05 18:14:09,CNC-01,L,27.292678228352543,42.150716346747004,2061.0536245772437,36.16231791363946,184.9106785004532,3.275908716589038,14.041315001553977,49.2681051301885,0,2026-10-06 01:36:15
2026-10-05 08:21:00,CNC-03,H,295.10360875931326,310.23598934257876,1627.8430055430501,44.96366671751155,254.13993925655004,3.260657222862158,13.847756297940515,59.62556225600085,0,2026-10-06 01:36:15
2026-10-05 13:06:00,CNC-02,M,297.19694141239796,311.5455303818529,1372.9784296290188,51.08852851350216,72.87218696921515,2.085887590468841,13.009802564907789,52.168843944954176,0,2026-10-06 01:36:15
2026-10-05 16:47:00,CNC-03,H,299.58262391074123,313.6344036211008,1893.926816953163,38.74061862528106,7.073519188426676,2.481466089765866,13.600717488669938,51.36694233594029,0,2026-10-06 01:36:15
2026-10-05 05:25:00,CNC-01,L,302.219261073662,310.01806415696717,2309.4048737341773,28.201548604666137,111.53517402451325,3.0153382241131736,12.140536298726659,45.05467704976922,0,2026-10-06 01:36:15
2026-10-05 12:44:00,CNC-03,H,3599.5313113940488,310.3183874536191,1310.8607244050381,48.71296821668885,128.36289352632735,2.177311103007443,12.219130566688701,45.498856277768155,1,2026-10-06 01:36:15
2026-10-05 05:07:00,CNC-02,M,296.57482756454533,309.9574769377621,2208.961092197454,27.01405796152236,55.995283985236206,2.7889361889224453,10.984600016446857,55.674437777357035,0,2026-10-06 01:36:15
2026-10-05 14:39:00,CNC-02,M,297.85168891336593,311.9152445201305,1510.5039589334588,46.329994086320305,4.645772092875703,2.1955592243120354,12.95293288692609,54.39315761625288,0,2026-10-06 01:36:15
2026-10-06 01:07:00,CNC-02,M,297.18307294236325,309.1388906704271,2627.696961656232,13.730966761382616,0.0,3.2429373965968162,6.505719651199983,52.70115327503869,0,2026-10-06 01:36:15
2026-10-05 11:39:00,CNC-02,M,296.06338992873424,310.3983333772262,1307.269596296316,52.6768200674929,150.50324093927998,2.2141377338506087,12.967982510511169,57.495233008138,0,2026-10-06 01:36:15
2026-10-05 12:16:00,CNC-01,L,297.7382722702405,311.68044572816376,1394.7061907562215,48.62907126675394,69.91062359531266,2.004218657944709,13.017565606758808,58.1614718817805,0,2026-10-06 01:36:15
2026-10-05 14:58:00,CNC-03,H,298.2932418255708,312.6328181469645,1581.2157100985307,46.07056597350256,96.06246973354799,22.620095296170977,13.560167199770468,49.7321884967685,0,2026-10-06 01:36:15
2026-10-05 07:56:00,CNC-02,M,295.98460510525524,310.20895051165945,1779.8481859703818,40.899119313154934,63.307236080419905,2.459171683140842,13.645855280360491,52.29502861142916,0,2026-10-06 01:36:15
2026-10-05 19:35:00,CNC-01,L,300.4200645867758,313.70703907810326,2362.966281243427,25.788348780532683,95.97839236413516,3.1271313937201506,11.384212974747987,46.913309816380384,0,2026-10-06 01:36:15
2026-10-05 02:47:00,CNC-03,H,297.55620027374096,310.6537770657868,2514.3184448168427,22.683385133488407,89.6436891040205,3.0888799870334807,10.477735023461419,56.94442086510311,0,2026-10-06 01:36:15
2026-10-05 20:49:00,CNC-01,L,300.2245177766963,313.2510329903384,2569.5856279091036,19.543802618151137,183.69871079546996,3.6514798238804307,9.377653937904675,50.589535069937256,0,2026-10-06 01:36:15
2026-10-05 11:26:00,CNC-03,H,301.7103716538547,309.2006961057057,1390.0823943989787,50.251535460061206,4.708009718983821,2.054666182064517,13.080431774247371,55.629682454216095,0,2026-10-06 01:36:15
2026-10-05 20:14:00,CNC-01,L,300.81009666976894,314.62189205057257,2462.8583167679813,26.233505740032662,143.0216195052894,3.3297541678670832,12.256318053947624,44.27390555215669,0,2026-10-06 01:36:15
2026-10-05 16:58:00,CNC-03,H,299.7457306029017,313.6897916212291,1785.6668476186157,38.660494967315195,22.700640787753095,2.4391387209898965,12.733890430598217,50.55013136125004,0,2026-10-06 01:36:15
2026-10-05 12:14:00,CNC-03,H,301.8151488406294,309.715023091414,1285.476414145425,52.3989062815104,80.94683456112065,1.9639945659307747,12.761801126169424,52.81182238229401,1,2026-10-06 01:36:15
2026-10-05 10:35:00,CNC-02,M,295.85662159898385,309.6602508544577,1307.098295533271,47.98220470438308,49.01182365024577,2.0050917894652702,11.997127809148202,61.059741295013644,0,2026-10-06 01:36:15
2026-10-05 10:51:00,CNC-01,L,297.0348753131548,311.6111195036522,1393.5200175020227,52.920936503267235,153.3284072136174,2.3727509711560386,14.059476860817743,56.04498058021504,0,2026-10-06 01:36:15
2026-10-05 21:21:00,CNC-01,L,299.88961058579,312.2625844183624,2560.8861480830865,19.848725012466602,11.179282466792955,3.167873725229733,9.643753901920402,54.59561429394467,0,2026-10-06 01:36:15
2026-10-05 02:03:00,CNC-01,L,297.9760039654373,310.3403573257048,2738.2844175886285,16.975424005435475,68.38115380100535,3.2969696139644324,8.727692048590205,56.21276750170772,0,2026-10-06 01:36:15
2026-10-05 13:07:00,CNC-02,M,297.25441569405507,311.2570668189047,1361.9861695435734,49.412051488703526,74.44646258278974,1.8870993659361142,12.622543485372816,54.53157331121861,0,2026-10-06 01:36:15
2026-10-05 04:22:00,CNC-02,M,297.0310372481434,309.6418952093325,2351.2197506582656,22.60090279080573,0.0,2.865870624814599,10.087358696787497,57.97321258164654,0,2026-10-06 01:36:15
2026-10-05 17:34:00,CNC-01,L,299.91305299729777,314.5002342627979,2000.2455933577198,37.734704135076896,132.92551704798112,2.9845786213896934,13.975264585603494,50.04811529012259,0,2026-10-06 01:36:15
2026-10-05 15:00:00,CNC-03,H,298.6383156243836,312.2473301395415,1620.633211678686,40.35162457415771,98.98522961747389,2.31066354500478,12.307282317563748,53.556862025823335,0,2026-10-06 01:36:15
2026-10-05 06:19:00,CNC-03,H,295.8189086226701,309.63419092206476,2005.0214927518018,33.75076711867302,80.33939310000638,2.734420806945691,12.668720287521172,54.69076488266835,0,2026-10-06 01:36:15
2026-10-05 09:08:00,CNC-03,H,295.5090859085173,309.57082248084885,1387.8627337799226,51.62839315092607,61.873436036348565,2.1691201105040157,13.421557195708056,63.59762137802146,0,2026-10-06 01:36:15
2026-10-05 09:26:00,CNC-03,H,295.63839930713056,310.2043245726508,1433.2274018521587,53.21618614874702,89.58467502237775,2.071591020007281,14.449158266576994,61.05025915584733,0,2026-10-06 01:36:15
2026-10-05 05:03:00,CNC-02,M,296.23903170682485,309.5030120065736,2274.289858041742,,50.92987923015992,2.786105855391839,11.526622290417599,55.68817052935329,0,2026-10-06 01:36:15
2026-10-05 03:40:00,CNC-03,H,296.9461179969795,309.94343581292907,2507.860815165873,20.964098621179588,150.9933348335842,3.256315148381583,9.65009181558907,55.64912141594895,0,2026-10-06 01:36:15
2026-10-05 14:30:00,CNC-03,H,298.3948811288683,312.50528824783294,1420.4213210889843,50.11702178840167,53.0033250130778,2.0479692927032294,13.245504691383488,53.00870626099143,0,2026-10-06 01:36:15
2026-10-05 04:58:00,CNC-03,H,296.26509231502513,311.4620588338837,2221.1755612636607,34.35119088749806,246.00421371597082,3.7939501907298263,14.021497870587448,58.23174547476388,0,2026-10-06 01:36:15
2026-10-05 13:18:00,CNC-02,M,297.2317758736311,311.8871690866588,1391.5804682703579,54.32038701645178,91.8179140270103,2.1462436016691866,14.055675238335143,57.02230848108855,0,2026-10-06 01:36:15
2026-10-05 04:52:00,CNC-01,L,301.9789858148941,309.3801840562224,2363.3823164279565,25.78669974626383,69.48385079464573,3.0043937601954935,11.39968672943992,49.30655887943209,0,2026-10-06 01:36:15
2026-10-05 15:16:00,CNC-03,H,298.97949938699907,313.21188833924975,1586.8239733666344,44.614101157585715,123.09208740847366,2.3527251843647736,13.10597588764888,55.4241105467014,0,2026-10-06 01:36:15
2026-10-05 04:35:00,CNC-03,H,296.1466848593316,310.60774308172734,2309.6419607449134,28.665309678446526,217.2973584327058,3.600424585064703,12.06958158863459,60.42840237695464,0,2026-10-06 01:36:15
2026-10-05 05:56:00,CNC-02,M,296.21849038779925,310.44371093972006,2063.4006997808137,34.39407827078662,119.35184243668155,2.7480366138548904,13.407952782752236,57.237123046911584,0,2026-10-06 01:36:15
2026-10-06 01:35:00,CNC-03,H,298.1794355389797,309.87908595597105,2711.3755553697097,14.07744575215554,111.11139050823543,3.353308758735892,7.094315892388295,55.600343899310715,0,2026-10-06 01:36:15
2026-10-05 19:53:00,CNC-03,H,300.3672263649929,313.44345815427795,2348.698021658583,25.392260051412947,3.5515976952581054,2.8636018428761902,11.007875453075933,50.29460045958423,0,2026-10-06 01:36:15
2026-10-05 08:01:00,CNC-03,H,295.4047356946649,310.3068262832141,1846.9836902491143,40.96133004025559,224.49365872103078,3.285772036125408,,57.99665610027742,0,2026-10-06 01:36:15
2026-10-05 19:48:00,CNC-03,H,299.9935233512391,314.7323271730701,2264.306229042463,31.37925479502535,244.3463058562372,3.8511585548879217,13.248584037181756,52.539455907572254,0,2026-10-06 01:36:15
2026-10-05 12:20:00,CNC-02,M,296.6823838462525,310.47997764488997,1360.5214261420633,51.78695430578806,0.0,2.0511888807737315,13.477511436799459,53.6047011529137,0,2026-10-06 01:36:15
2026-10-05 10:01:00,CNC-02,M,295.8489487696479,311.01915836065484,1408.2468625194963,52.39744581416719,252.71534741746086,3.378345076390629,13.792893721695334,59.12312987842844,1,2026-10-06 01:36:15
2026-10-05 08:43:00,CNC-01,L,296.46013966162946,311.5181057583997,1568.5465137688134,49.38898800123946,,2.629908117099035,14.751664499233424,57.21052212531991,0,2026-10-06 01:36:15
2026-10-05 21:13:00,CNC-01,L,300.10122292192796,311.7159416274108,2612.247044332722,14.599493294478401,2.206122167384241,3.146451601449384,7.25457314446118,53.57941929370069,0,2026-10-06 01:36:15
2026-10-05 14:21:00,CNC-01,L,298.8163495366666,312.8148789206615,1544.5908614119503,45.8032323368139,76.40354340946662,2.170981696225361,13.234623873823823,54.800659028004866,0,2026-10-06 01:36:15
2026-10-06 01:31:00,CNC-03,H,298.20349575502297,311.01026464291766,2638.161808706859,19.431136119311752,106.75320517773623,3.1828644627629217,9.63229332408719,57.98676838226065,0,2026-10-06 01:36:15
2026-10-05 14:53:00,CNC-03,H,298.5329415093862,312.50365849494875,1520.942247679768,45.61696361661391,88.33510689040581,2.2350907129390793,13.03276567707562,51.774622894844484,0,2026-10-06 01:36:15
2026-10-05 22:56:00,CNC-02,M,298.30931926884836,311.96235884680004,2577.525173868155,21.607436415254625,191.17043475653816,36.185727727694086,10.55136350217351,59.72016694304199,0,2026-10-06 01:36:15
2026-10-05 03:43:00,CNC-01,L,297.2165390980275,311.45066757504,2330.2463844349286,28.346405085217512,181.80186026879284,3.3956560561488756,12.572805302882045,61.65839578362879,0,2026-10-06 01:36:15
2026-10-05 08:07:20,CNC-01,L,296.49298349144914,310.8533262404683,1561.8150280390273,48.2777220283726,107.54433510039914,2.359493538418598,14.022793308312794,52.66605110394253,0,2026-10-06 01:36:15
2026-10-05 01:50:00,CNC-02,M,297.95131021235085,310.0677232682756,2682.5894982266445,16.92347494342417,58.53871236077231,3.3106482806577096,8.67987846095981,59.75768804822864,0,2026-10-06 01:36:15
2026-10-05 18:22:00,CNC-02,M,31.16363319004614,38.87923563353144,2108.895120142864,29.615635803102432,78.9372241007292,2.8587813352490956,11.636194190769894,40.42537302358366,0,2026-10-06 01:36:15
2026-10-05 03:15:00,CNC-03,H,297.0194025610928,309.7729362746167,2478.3267579825915,20.664550050462992,121.60924062926726,3.034877328441876,9.749668763628417,56.58924912274748,0,2026-10-06 01:36:15
2026-10-05 15:23:00,CNC-03,H,298.88583277129976,313.8966267623988,1553.7006273263064,50.231436056507,133.64468789029118,2.3073816511445093,14.53076121713151,57.41571620288892,0,2026-10-06 01:36:15
2026-10-05 14:14:00,CNC-02,M,297.8510549359828,312.90113352666333,1437.2071761915327,53.53884875953548,179.7405315678519,2.5456337206172077,14.377587334028261,55.560510241287155,0,2026-10-06 01:36:15
2026-10-05 17:51:00,CNC-02,M,304.5247267321174,311.9648488029308,2116.825698255315,29.769350331241387,37.926174459166475,2.7110549986987285,11.414968025614925,43.08635427181569,0,2026-10-06 01:36:15
2026-10-05 06:04:00,CNC-01,L,302.1051012318713,310.83097175768404,2013.0265524483395,36.43155380344334,162.74601986252404,3.0979284969043173,13.86567402893039,47.99456523103901,0,2026-10-06 01:36:15
2026-10-05 07:00:00,CNC-03,H,295.38535213837497,310.15305335344027,0.0,42.72404438846791,137.07674049820912,2.4995084410450477,14.1279258725002,56.348012450843555,0,2026-10-06 01:36:15
2026-10-05 18:47:00,CNC-02,M,31.59013944252638,39.985634689840765,2076.005730554497,34.53767756545467,111.22491628569303,27.812613354199648,13.26446598211028,40.36286232705398,0,2026-10-06 01:36:15
2026-10-05 08:16:00,CNC-01,L,296.3205321643492,311.1379850941372,1713.2308101485166,44.59335141553903,120.87266249365675,2.5311479912899966,14.225895643773026,60.56190057872882,0,2026-10-06 01:36:15
2026-10-05 07:30:00,CNC-01,L,296.229736508729,310.1801653267853,1761.3901628591445,39.60026695083329,53.4622943434094,2.4364663022215978,13.234679575364906,62.275136865312874,0,2026-10-06 01:36:15
2026-10-05 20:50:00,CNC-01,L,300.5027310621133,314.4385606636249,,25.22920541305911,184.86915712685933,35.094488601895925,11.332731559826193,52.5883519470989,0,2026-10-06 01:36:15
2026-10-05 09:32:00,CNC-02,M,295.9497018958696,310.8541351190007,1440.8953497052016,50.90502025947742,207.68327585687408,2.8501586935946293,13.724337602133902,62.90410333149461,0,2026-10-06 01:36:15
2026-10-05 10:10:00,CNC-02,M,295.6071992107249,309.5608565218066,1433.8531524828716,49.58000511833481,9.418028330985562,2.2705639445914003,13.218896889268684,63.42791972417023,0,2026-10-06 01:36:15
2026-10-05 19:15:00,CNC-01,L,27.315122714720076,40.745766273382856,2173.9446333876344,29.073231788047103,71.41937804139368,2.8220950687532036,12.301616918931177,52.058612616664625,0,2026-10-06 01:36:15
2026-10-05 21:11:00,CNC-03,H,299.9975895605595,312.0100559993763,2434.1125962106944,17.71509844760696,94.1434886739291,0.0,8.315750638025643,50.492694932922134,0,2026-10-06 01:36:15
2026-10-05 20:00:00,CNC-01,L,300.4457488209966,313.5481276790497,2418.302564339016,23.161091358861725,126.41241632898773,3.100384265626391,10.621005277194657,51.329286054441255,0,2026-10-06 01:36:15
2026-10-05 15:18:00,CNC-03,H,299.10077498154186,313.90622479585636,1503.812342495752,50.03856138869442,126.09648322718671,2.2926529168361847,14.040140676516277,52.830958463611424,0,2026-10-06 01:36:15
2026-10-05 11:11:00,CNC-02,M,295.7612462195373,310.3076801735657,1346.320090887512,53.4106207011089,106.00475686993485,2.0503422892254535,13.6368152620323,56.04225453417524,0,2026-10-06 01:36:15
2026-10-05 18:38:00,CNC-01,L,26.881131301000778,40.455837262005105,2073.5350638091136,32.22340682490452,24.75643778531306,2.757631223114907,12.55123699640515,48.46364914492714,0,2026-10-06 01:36:15
2026-10-05 01:59:00,CNC-01,L,297.98979680681276,310.1249777563385,2603.710477342754,16.757500992706213,63.98654086948174,3.193087566740874,8.31019100003731,58.36146823382906,0,2026-10-06 01:36:15
2026-10-05 10:02:00,CNC-02,M,295.7093393530827,311.18953284252234,1507.2250683113575,52.097936831697076,254.2630973426962,3.4400371897395727,14.710901524910946,62.061308220440644,1,2026-10-06 01:36:15
2026-10-06 01:35:00,CNC-01,L,298.5117544997151,310.45248946575674,2725.759494872609,14.889874862563772,71.39946617774152,3.2058214596380377,7.57230459972444,53.307819508190924,0,2026-10-06 01:36:15
2026-10-05 17:11:00,CNC-03,H,299.64466236190583,312.94606464511185,1863.4952370974713,33.89110310839563,1358.8035455878464,2.5335410039064197,11.72036976655007,,0,2026-10-06 01:36:15
2026-10-05 17:43:00,CNC-03,H,299.787867550719,314.29746887257994,1862.1116907047888,40.05367233438185,84.68577556475955,2.437970870040223,14.315903066407344,52.384774954144625,0,2026-10-06 01:36:15
2026-10-05 01:48:00,CNC-03,H,298.27685140803584,310.819748283624,2586.2368882629294,20.254128725055015,24.474998871705303,3.064865502907315,9.8018540022575,55.622179740588585,0,2026-10-06 01:36:15
2026-10-05 16:47:00,CNC-01,L,299.85033584668287,313.4718370509071,1754.3361755361723,37.0788018495919,67.46513388506132,2.373906024872214,12.203527092265295,50.64834409710241,0,2026-10-06 01:36:15
2026-10-05 15:17:00,CNC-01,L,299.1692932020681,313.28760968257393,1501.8643324003192,45.2734482912922,162.04137335451557,24.21811372798676,12.64040766557412,54.79038198060173,0,2026-10-06 01:36:15
2026-10-05 04:31:00,CNC-03,H,296.2534260459942,310.71522927265477,2176.1317833289336,32.527881764187136,212.36496336728356,33.473106994679576,13.272361693169653,61.54211610493365,0,2026-10-06 01:36:15
2026-10-05 14:42:00,CNC-01,L,298.9785702281224,313.24747816771355,1509.5573230917037,45.75214534852838,108.76868768957748,2.1972595389069927,13.17122045095508,50.113074848481006,0,2026-10-06 01:36:15
2026-10-05 10:58:00,CNC-01,L,296.9546595623796,311.6049603330059,1438.0276320674159,52.2180038981833,164.46826689629592,2.462301595425667,14.16626553727439,58.920546300178735,0,2026-10-06 01:36:15
2026-10-05 08:59:00,CNC-01,L,296.5553308834172,311.5209652333118,43754.15397828698,46.782042135570585,185.39818347298996,2.780959812641806,13.916787232122722,51.88470002602182,0,2026-10-06 01:36:15
2026-10-05 07:47:00,CNC-01,L,296.5577166188732,311.02545063343354,1709.596571886287,44.05231199399948,78.16247870165931,2.307973780855171,14.239356267128773,60.89467940120738,0,2026-10-06 01:36:15
2026-10-05 06:23:00,CNC-03,H,295.6820574495597,309.46411178669973,1967.8390969069742,33.53725058571648,85.75921861606236,2.6674853087703023,12.349492831594823,56.39500398352813,0,2026-10-06 01:36:15
2026-10-05 08:29:00,CNC-01,L,296.50275314297244,310.9852961808604,1508.0683770420287,49.12554831708847,140.02891501126183,2.382934405177833,13.888844252773502,62.98476119777958,0,2026-10-06 01:36:15
2026-10-06 00:05:00,CNC-01,L,26.12168779994596,38.62345522760387,2787.9306869033917,15.41066657351294,188.49071274179914,3.9767914237616337,8.265269661847535,49.07988148188218,0,2026-10-06 01:36:15
2026-10-05 18:18:00,CNC-03,H,26.922162228350487,41.416682695817485,2034.5116838159977,35.5560511427569,130.8786091268917,2.761990753090162,13.699593648902583,51.35498635988891,0,2026-10-06 01:36:15
2026-10-05 12:40:00,CNC-02,M,296.86428431153917,311.0196995672736,1397.6429885360603,52.034017336557206,31.588453932443166,20.63900503595612,13.526098999876647,58.66662220253978,0,2026-10-06 01:36:15
2026-10-05 01:38:00,CNC-03,H,298.2252144182116,309.64257298540775,2531.4197831494084,14.584678656199145,13.590602946030947,3.1117467435506363,6.733605467405716,54.245851563375886,0,2026-10-06 01:36:15
2026-10-05 20:25:00,CNC-03,H,300.3481417124064,312.59953954849556,2543.1359335286147,18.581127782902378,41.3602060961666,3.0446316293201043,8.94905884315696,49.667448274174895,0,2026-10-06 01:36:15
2026-10-05 10:22:00,CNC-03,H,295.6860288365235,310.6106633970653,1351.120072705289,56.41783217128122,177.27306626757465,2.3670013958541043,14.27806949282216,59.10736826962778,0,2026-10-06 01:36:15
2026-10-05 04:50:00,CNC-01,L,302.27383951525053,310.2459614518342,2314.7840849229124,28.451754888600217,67.04847417551962,2.9415840052667823,12.183874566092191,46.80928915316093,0,2026-10-06 01:36:15
2026-10-05 10:37:00,CNC-01,L,296.460348341749,311.00619449464995,1475.5876637559595,1790.8394576561539,131.11330077248653,2.331457324356208,14.504599248062362,60.453724161687,0,2026-10-06 01:36:15
2026-10-05 21:50:00,CNC-03,H,299.6614385786037,313.54588774857075,2576.2650770534124,25.02663584294416,137.59397181636197,3.3044038838497727,12.24645621557452,46.08106798792589,0,2026-10-06 01:36:15
2026-10-05 04:46:00,CNC-02,M,296.5443585098348,309.9020568376217,2221.1688767152405,29.18798067392284,29.764383220209627,2.773062445921423,11.995234526033274,59.09966306791551,0,2026-10-06 01:36:15
2026-10-05 10:24:00,CNC-02,M,295.8305731777638,309.8285920106842,1373.1452916325277,49.225061828212475,31.675352992811163,2.0415717079530014,12.72076632141595,56.11135115095048,0,2026-10-06 01:36:15
2026-10-05 10:36:00,CNC-03,H,295.83349927947484,310.3289622686873,1386.2351323070639,52.06547729804374,199.19129215347266,2.6053259111313203,13.691521614987185,55.99222183945631,0,2026-10-06 01:36:15
2026-10-05 19:26:00,CNC-01,L,300.2558448485207,313.58606855689885,2173.4681946528585,28.396845251564024,84.92926929133843,2.760180902286426,11.5157861130031,47.5551853179729,0,2026-10-06 01:36:15
2026-10-05 05:31:00,CNC-01,L,302.2489324821203,309.8658847189369,2221.6953088808773,27.26387856526039,119.240723474116,2.8825449806622343,11.346993784689273,52.12162979451848,0,2026-10-06 01:36:15
2026-10-05 21:53:00,CNC-03,H,299.73098971222856,311.8721394315631,2661.2420487949853,15.137014328593207,140.9565814204502,3.461823133224044,7.617034127886341,0.0,0,2026-10-06 01:36:15
2026-10-05 11:53:00,CNC-03,H,302.1208660761639,310.0847900797138,1563.1894362870275,44.60963300565735,47.600124810548465,2.2195410049620836,13.156763930666378,47.51457218675225,0,2026-10-06 01:36:15
2026-10-05 15:55:00,CNC-03,H,299.30822898647193,314.19553463788964,1626.531115681584,45.163049622069515,181.56133027296528,2.6232578645995495,13.892288254801382,53.17642798368034,0,2026-10-06 01:36:15
2026-10-05 05:42:00,CNC-03,H,295.6880740626419,309.29112057000134,2190.272482371331,30.506502710533383,30.926912985604687,2.824041320082563,12.417786015006577,58.36806182859703,0,2026-10-06 01:36:15
2026-10-05 19:37:00,CNC-01,L,300.499573021976,314.62274811919235,2156.7559933285247,32.04930975578472,98.49021819689457,2.88332514656781,13.197183694499447,50.93623567700096,0,2026-10-06 01:36:15
2026-10-05 07:52:00,CNC-03,H,296.05735822267707,311.67232608459443,1698.4137282900751,47.48432651754075,211.35464870225687,2.976356732184676,15.133945363857984,58.91781102362783,0,2026-10-06 01:36:15
2026-10-05 11:37:00,CNC-03,H,301.9092995477248,309.9868318330836,1330.7083957623845,53.00815325599937,22.223122830534972,2.0452688848551186,13.312367566249955,47.11017198608022,1,2026-10-06 01:36:15
2026-10-05 15:40:00,CNC-02,M,298.5086453606581,312.6091468789463,1672.4716208704403,40.65146570161835,96.5208618476397,2.396272699993832,12.576139096946562,50.42312839186895,0,2026-10-06 01:36:15
2026-10-05 04:19:00,CNC-01,L,302.7511543570726,309.5424450407886,2504.4473853507443,22.97382915927352,28.874892615455064,3.218274037771181,10.918525532542938,48.37194710643935,0,2026-10-06 01:36:15
2026-10-05 15:47:00,CNC-03,H,298.9987316809588,314.3148038603713,1534.4135832769875,53.22515017872268,169.75644830692633,2.504165648329673,15.434261331948496,50.853075986540276,0,2026-10-06 01:36:15
2026-10-05 17:17:40,CNC-03,H,299.46082831162596,313.29067499393955,1891.8248501898822,37.30786457192023,49.099150362860506,2.595902085324658,13.214653146193646,50.596423229459745,0,2026-10-06 01:36:15
2026-10-05 07:25:00,CNC-01,L,296.31635183294327,309.6242414694892,1819.8360503582055,34.80239316200935,46.25700279357855,2.4333089511482955,12.13226308023963,52.932270441899924,0,2026-10-06 01:36:15
2026-10-05 10:19:00,CNC-02,M,295.74697035656993,309.3776755087423,1408.4420989898583,47.86094556665702,23.72967247455307,1.9800660514315118,12.623991739335683,56.88193498830694,0,2026-10-06 01:36:15
2026-10-05 14:14:00,CNC-01,L,298.73535044407157,312.95337093328834,1568.71358875363,45.834429629187085,65.61422479104746,2.3017387678566195,13.41129434573301,56.421846668259946,0,2026-10-06 01:36:15
2026-10-05 07:11:00,CNC-03,H,295.4964263494456,309.9722143112392,1940.4375748414734,36.597919383857665,152.50579275262706,2.7182045023886903,13.319750091240213,56.569206895804804,0,2026-10-06 01:36:15
2026-10-05 15:22:00,CNC-01,L,299.29932707486176,314.1240107122771,1533.4411461834525,,169.60349533668142,2.6380025768513193,13.748299023034411,51.10424708960387,0,2026-10-06 01:36:15
2026-10-05 09:35:00,CNC-01,L,296.4486918608574,310.5957332995249,1484.0573037683384,49.72871801901756,34.09441894113638,2.0138824693939887,13.839408660018966,55.26694392863381,0,2026-10-06 01:36:15
2026-10-05 15:39:00,CNC-02,M,298.05185502346535,312.7891028307523,1647.800546625713,46.11623791127573,95.06031891556158,2.3578330452093543,14.246401006770984,54.94128285044191,0,2026-10-06 01:36:15
2026-10-05 08:48:00,CNC-01,L,296.49630046601743,311.8800674419251,1638.3582914410674,51.16527465263724,168.73052476381756,2.8177863021740976,15.569985329796513,57.44559501896477,0,2026-10-06 01:36:15
2026-10-05 04:16:00,CNC-01,L,302.41349653869656,309.4023782061435,2238.489454938731,26.467266963336822,25.24061876014794,2.8186561808653385,11.172514374702395,47.84119221155255,0,2026-10-06 01:36:15
2026-10-05 22:58:00,CNC-03,H,299.6998103974033,312.4855881703293,2706.413441192708,16.418108550100886,211.515076025472,3.797334062822678,8.321786844317026,52.48599562907413,0,2026-10-06 01:36:15
2026-10-05 09:23:00,CNC-01,L,296.5034539275451,310.7497478332672,1581.468952221603,47.845463240380134,15.503371186165634,2.1769925147348506,14.231567653083319,,0,2026-10-06 01:36:15
2026-10-05 11:12:00,CNC-02,M,296.11221799956365,311.0420528203734,1422.3312710018345,53.54138628834972,107.59789069470963,2.1826991411289005,14.407058955716897,55.86897524408713,0,2026-10-06 01:36:15
2026-10-05 11:57:00,CNC-02,M,296.14201139836524,310.9169179254654,1444.5211630301972,50.9277769485181,179.15763385654995,2.4699798748237094,13.906065715565298,58.369637196642294,0,2026-10-06 01:36:15
2026-10-05 14:07:00,CNC-02,M,297.6731096972274,312.47175779421497,1377.699667510013,51.97473634405891,168.82066660257308,2.417277171271473,13.311420013733148,57.89875740096698,0,2026-10-06 01:36:15
2026-10-06 01:34:00,CNC-02,M,297.1565500073102,310.43654574529415,2662.533732589776,19.426022846467074,134.12678378089967,3.333204729087861,9.67889331117881,54.289494868619954,0,2026-10-06 01:36:15
2026-10-05 11:14:41,CNC-01,L,297.27977183088825,311.91774367225565,1302.462487520127,55.19721867902465,191.51815042756374,2.5473784144146534,13.308710011050819,54.73171986886317,0,2026-10-06 01:36:15
2026-10-05 16:09:00,CNC-03,H,299.16219592126384,313.6621954159705,1607.8252805630418,44.20798531794459,202.20221466121632,2.646098411506312,13.644933835171823,49.02976274765347,0,2026-10-06 01:36:15
2026-10-05 11:46:00,CNC-03,H,301.87547656778105,309.7610460282714,1364.736781722574,51.167253741065565,36.49849989063859,2.014283031056562,13.02467715431544,49.06116955184782,1,2026-10-06 01:36:15
2026-10-05 11:10:00,CNC-03,H,296.34104506003956,311.84387919905856,1438.7925417169727,54.92198147676449,253.1039441324043,3.115112264080948,15.01658778792475,51.43702678034496,1,2026-10-06 01:36:15
2026-10-05 19:39:00,CNC-02,M,299.2063208849711,314.01006967747185,2320.7411220726735,30.114764300703218,175.91671910639232,3.273640724714455,12.970565690996454,50.51736258910778,0,2026-10-06 01:36:15
2026-10-05 10:02:00,CNC-03,H,295.4315069895696,309.48235064057286,1298.6220320477216,53.64901657462947,145.87594048822268,2.2201145434325293,13.056253457849452,61.895822699086146,0,2026-10-06 01:36:15
2026-10-05 05:08:00,CNC-03,H,296.21023079521143,310.770843272784,2062.749464611956,33.517899047647575,258.6691468914149,3.7573400825068135,12.73023225166398,61.43132762514446,0,2026-10-06 01:36:15
2026-10-05 23:35:00,CNC-02,M,24.80258438283971,36.38032368892004,2580.1092935103015,14.295375822000517,7.4644371845902535,3.111860840273595,6.8482112003863005,51.709311596919754,0,2026-10-06 01:36:15
2026-10-05 17:15:00,CNC-02,M,299.0045344167949,314.2476565286816,1783.3865433906535,42.10196322739773,232.64370665809275,3.4522650175472407,13.921211597125087,57.7041630062955,0,2026-10-06 01:36:15
2026-10-05 12:50:49,CNC-02,M,297.0247368955973,310.7069286646828,1321.3687066974476,48.37632873948652,50.585309482725876,2.085059368143515,12.175988139036235,52.70578981876811,0,2026-10-06 01:36:15
2026-10-06 01:06:33,CNC-02,M,297.36556530960996,310.01517142138687,2690.511766805037,17.60910784634973,104.03487008461215,3.3184907183010464,8.982156139017006,58.7662278626675,0,2026-10-06 01:36:15
2026-10-05 04:29:00,CNC-03,H,296.467380398946,311.18216806744704,2345.86106188962,30.279777756845263,209.92729896343192,3.5127037070429123,13.253041163002,62.52494406494633,0,2026-10-06 01:36:15
2026-10-05 03:51:00,CNC-01,L,297.01025847123503,311.3002206871159,2294.686188086219,28.487899519748964,191.30481627359987,3.542286706974108,12.101360870497059,,0,2026-10-06 01:36:15
2026-10-05 14:20:00,CNC-02,M,297.62883222697496,312.50703376956767,1485.1820544227417,48.816690753780435,189.06053688376036,2.8155818316371892,13.54299914949096,55.76435789595483,0,2026-10-06 01:36:15
2026-10-05 08:22:00,CNC-01,L,296.5260109858256,311.5340574775261,1743.3425427899645,47.257197943567,129.61500802724,2.64401474376296,15.368484262031721,52.018402113429644,0,2026-10-06 01:36:15
2026-10-05 21:14:00,CNC-01,L,300.24216024595745,312.15453547828486,2593.5360611542014,16.355979194145128,3.3507452199961336,3.177277935841968,7.815547099373063,51.70467924232288,0,2026-10-06 01:36:15
2026-10-05 19:22:00,CNC-01,L,300.61533501793275,313.7888521563049,2371.362538699369,24.28850701281514,80.01384996331191,3.013679167030932,10.52905793873701,53.65875879522619,0,2026-10-06 01:36:15
2026-10-05 12:31:00,CNC-03,H,302.601288867574,310.77542605137785,1388.6467859160364,51.802206108502034,,2.1636047899650532,13.303733420297725,52.15842345193949,0,2026-10-06 01:36:15
2026-10-05 03:43:00,CNC-03,H,296.79771508368736,310.1409547450554,2193.1148753384787,26.641934742061927,154.57595704014636,3.0530868833665883,10.789284219943418,60.07192681223677,0,2026-10-06 01:36:15
2026-10-05 18:51:00,CNC-01,L,27.189057878239964,40.926161910416226,2067.659065314594,31.768970237586565,41.379837399841826,2.635198627535996,12.400252256282933,53.08909015866001,0,2026-10-06 01:36:15
2026-10-05 13:10:00,CNC-01,L,298.264804625793,312.7857612044031,1437.91839619231,49.71460781383562,155.2392857915227,24.290395860027946,13.29885115365531,54.56750417020036,0,2026-10-06 01:36:15
2026-10-05 20:09:00,CNC-02,M,298.9054491908713,312.3681345650022,2386.293594590167,26.476012498540182,4.619057204361303,2.960324581835865,11.499016680213737,52.624384104410666,0,2026-10-06 01:36:15
2026-10-05 21:19:00,CNC-03,H,300.1012333291548,312.3183544162672,2693.6328604818464,16.83544455152914,103.08142914704595,3.3161932447763034,8.524240991740372,48.480253784422615,0,2026-10-06 01:36:15
2026-10-05 21:06:00,CNC-02,M,298.47216997382515,312.03249125707885,2607.162587294177,23.186097357904018,70.24336359496843,3.1243449708828073,11.545478176537602,53.86730991069159,0,2026-10-06 01:36:15
2026-10-05 15:37:00,CNC-03,H,299.28558494980166,313.96926214881114,1631.555766470038,46.72451706646442,154.7777086160562,2.4982880671274406,14.353986957626757,55.39437571857465,0,2026-10-06 01:36:15
2026-10-05 13:01:00,CNC-01,L,298.38446009497363,313.0396310162046,1371.7381392409372,54.386377044994745,141.044267887396,2.2776112816368084,13.926050963364549,53.85498921964591,0,2026-10-06 01:36:15
2026-10-05 22:05:00,CNC-03,H,299.84779120944773,313.32686899871123,2599.817539149735,22.02052371326696,154.22563965892815,3.397151802812523,10.66475722598904,51.74712536007825,0,2026-10-06 01:36:15
2026-10-05 23:53:00,CNC-01,L,26.41959555454605,,2766.672492794449,18.46010916422199,175.82472508805336,3.8203656502081027,9.60972576998488,54.63279576789954,0,2026-10-06 01:36:15
2026-10-05 10:41:00,CNC-03,H,296.1076955202475,310.62993453560625,1399.3245419159075,48.674700190186556,207.13696679466892,2.6560755522861483,12.457433947375373,62.15519902439018,0,2026-10-06 01:36:15
2026-10-05 08:38:00,CNC-03,H,295.1707434331012,308.6222909808,1462.147115710545,45.05203772677219,16.54456190275606,2.176799735388269,12.236492136986687,61.5671196707179,0,2026-10-06 01:36:15
2026-10-05 05:50:00,CNC-02,M,295.99285891182643,310.08884208191256,1967.5735469231934,34.01253475651706,111.4263260122726,2.6179899607346275,,57.1092163644922,0,2026-10-06 01:36:15
2026-10-05 01:45:00,CNC-02,M,298.17609319202967,310.1975209765974,2583.3381939738165,17.593904797958984,53.160446121944986,3.1391803928214066,8.439121331398171,48.875777551824854,0,2026-10-06 01:36:15
2026-10-05 10:22:00,CNC-02,M,295.75173262179675,309.62825804243494,1381.5146706804455,49.52959277449041,28.504126889824,2.0808928229847603,12.778606116439322,56.725443364848395,0,2026-10-06 01:36:15
2026-10-06 01:08:00,CNC-03,H,298.3459233094508,311.22216896299983,2666.7062707015916,20.559631195966713,82.05008554247122,3.269459099036218,10.32984612750526,52.996220263574216,0,2026-10-06 01:36:15
2026-10-05 12:18:00,CNC-02,M,,311.518073471751,1429.7310288375772,50.31537844344737,212.55635165156275,2.8432312933513364,13.541308964631728,60.08266210680832,0,2026-10-06 01:36:15
2026-10-05 18:36:00,CNC-01,L,27.055767606096424,40.52963040300074,2176.9774609760734,29.330987827818685,22.175821594026488,2.8427897152177306,12.176900076605559,47.8267138505408,0,2026-10-06 01:36:15
2026-10-05 19:28:00,CNC-02,M,299.2795013283697,313.2693210473276,2320.1841629417695,24.91182366312266,162.4484472133556,3.3880360262882965,10.69206668985322,49.273897412779945,0,2026-10-06 01:36:15
2026-10-05 03:10:00,CNC-01,L,297.6947627814942,311.2040130265439,2438.3787051754284,23.835767208115595,143.43658909077809,3.334092951150952,10.87341432415441,52.57941945905201,0,2026-10-06 01:36:15
2026-10-05 13:16:00,CNC-02,M,297.29300994960136,312.24693600638204,1413.8628133402701,55.14858594049236,88.64754980363217,2.2000514923243655,14.64234349078423,54.69095467670325,0,2026-10-06 01:36:15
2026-10-05 03:38:16,CNC-01,L,297.30256947439466,310.87929174724775,2262.795357492146,25.780559982942062,177.11211199759964,3.376067562435278,10.941536110053931,53.71616535212188,0,2026-10-06 01:36:15
2026-10-05 18:34:00,CNC-03,H,26.743859438774166,41.17263624900488,2178.3181036210126,33.54129787677862,151.70631963391446,2.980319010612152,13.657168846757084,55.97715931613683,0,2026-10-06 01:36:15
2026-10-05 14:57:00,CNC-02,M,298.2178015665914,312.040445836227,1561.4024390560317,43.26906411981564,32.1256768564537,21.992944567680816,12.786303950900376,55.93307450874296,0,2026-10-06 01:36:15
2026-10-05 18:57:00,CNC-03,H,26.642095270144296,41.51367867658297,2060.239763702536,35.03234828497855,181.20372585290812,3.0738018568458263,13.770472511364774,52.41840015664573,0,2026-10-06 01:36:15
2026-10-05 11:03:00,CNC-01,L,297.26331622854667,311.85328104477975,1402.8693323764394,50.751133777124664,172.3614878949944,2.570576656443185,13.523664299418266,54.42719541273594,0,2026-10-06 01:36:15
2026-10-05 19:56:00,CNC-02,M,298.80028954789697,312.8827207313055,2488.839615290741,24.927805050850303,196.36419914501664,3.6726158962695457,11.663271058195743,57.26666943292444,0,2026-10-06 01:36:15
2026-10-05 04:37:00,CNC-01,L,302.4239231600111,309.10853287701696,2176.7239069997045,24.582181015636806,50.97322001127556,2.7931064745921113,10.00761738912222,49.76464673462033,0,2026-10-06 01:36:15
2026-10-05 13:55:00,CNC-03,H,297.9027996580049,313.0983962365469,1405.193922818694,53.99967558610234,240.1849242531288,3.0384374868911412,13.950336191192585,50.56476752816755,0,2026-10-06 01:36:15
2026-10-05 08:50:00,CNC-03,H,295.37216163884375,309.4098166891749,1654.2206512624186,44.60619578731125,34.586567054911605,2.359084346237452,13.875070378364335,59.7989182234127,0,2026-10-06 01:36:15
2026-10-05 04:54:00,CNC-02,M,296.27264486083254,309.4200740855994,2234.685569601371,26.323921792617444,39.778371975884525,2.7901322900096033,11.027679933136744,61.104418458171125,0,2026-10-06 01:36:15
2026-10-06 00:11:00,CNC-01,L,26.25013184053273,38.6187988387444,2713.3410792126124,14.738830474841468,194.8939605801049,4.029929316845081,7.419974542497484,53.797957710919825,0,2026-10-06 01:36:15
2026-10-05 09:40:00,CNC-03,H,295.7526840099579,310.0797934888957,1430.8282448599537,47.407039353886944,111.30085288208241,2.2780493625688947,12.876501805058705,56.361516917219234,0,2026-10-06 01:36:15
2026-10-05 12:19:00,CNC-03,H,302.105366580967,309.99193313232223,1320.196638118292,51.39680314526346,88.83084432751848,2.025332090904215,12.90539773939655,49.55873457937241,1,2026-10-06 01:36:15
2026-10-05 14:22:00,CNC-02,M,297.52172405885074,312.71417575992007,1636.7501280715867,47.68211719782237,192.15745054645942,2.848347898641886,15.062656416846261,54.20868092899019,0,2026-10-06 01:36:15
2026-10-05 04:34:00,CNC-02,M,296.8062458467573,309.75366387464413,2362.5142072763438,22.625539606380812,14.791905469352464,2.8429645883622467,9.856056974363048,53.285943046183085,0,2026-10-06 01:36:15
2026-10-05 20:36:00,CNC-03,H,300.0217771832831,312.8223164314806,2534.928984252227,20.96937090794722,54.11825587955688,3.0787438364248056,9.78983650134098,49.18809311193363,0,2026-10-06 01:36:15
2026-10-05 08:00:00,CNC-01,L,,310.74010103375093,1534.8582759467004,46.73887734444271,97.20079892177662,2.2999640437077318,13.522114877522418,61.10347344536602,0,2026-10-06 01:36:15
2026-10-05 08:18:00,CNC-02,M,295.7942871556227,310.0228933634306,1553.542640410338,46.75103442544975,95.72200756881824,2.2367980430150562,13.77019128959106,55.01896243558145,0,2026-10-06 01:36:15
2026-10-05 11:57:00,CNC-01,L,297.7008163981716,311.73776995928216,1473.0178980132166,49.53855476781637,39.755387618632426,2.151161886236975,13.680720432424181,56.22861991294194,0,2026-10-06 01:36:15
2026-10-05 09:18:00,CNC-01,L,296.4209496595534,310.37525352834143,1454.57131346141,48.17625286290468,7.777112127211854,2.092063879796063,13.06913464822637,58.86220323046638,0,2026-10-06 01:36:15
2026-10-05 08:24:00,CNC-03,H,295.3864444050559,311.2224186839233,1673.4781452183895,49.54252759868532,258.5624767668367,3.4432177032389832,15.170172228059636,64.05964316827371,0,2026-10-06 01:36:15
2026-10-05 07:37:00,CNC-03,H,295.7784897885142,310.4966116905331,1839.3431484591795,39.75376540152536,189.49510491908623,2.8611649015137406,13.688286354852083,58.26788402165945,0,2026-10-06 01:36:15
2026-10-05 05:11:00,CNC-03,H,295.9692082847919,310.58804183790096,2159.6406316714683,31.994486908597647,262.40975819543166,3.899313874403558,12.93373696503286,59.49544245391556,0,2026-10-06 01:36:15
2026-10-05 20:04:00,CNC-03,H,300.2813646234197,312.99873379818723,2385.158360962534,24.0073682529131,16.736469660741896,2.8667498908733564,10.701988537745217,46.47498715355707,0,2026-10-06 01:36:15
2026-10-05 02:53:00,CNC-03,H,297.3520625050316,309.331775072984,2450.8468275673295,16.718810960479072,96.36273045639324,31.248612261220984,7.665273199204797,55.53476329358469,0,2026-10-06 01:36:15
2026-10-05 23:45:50,CNC-02,M,24.765489287813182,36.685349068819676,2743.2530879596907,14.646799822667546,18.105029927496982,3.3353171712732244,7.342875947266741,54.10824589589198,0,2026-10-06 01:36:15
2026-10-05 06:14:00,CNC-01,L,296.5897756942989,311.3721381408393,2091.1834823615764,34.61856009596463,176.26158248261578,3.1640711104771126,13.58086186341786,59.2586887275714,0,2026-10-06 01:36:15
2026-10-05 07:21:00,CNC-02,M,295.95293074828805,310.30878021280745,1792.2632131434427,42.70971847265827,12.821245985291725,2.356488407859645,14.199414471365335,61.317607428396975,0,2026-10-06 01:36:15
2026-10-05 05:00:00,CNC-02,M,296.48533539862603,310.02165471050097,2315.4551205828843,27.157973944364,47.172898371113,2.889525334011068,11.634437127609264,60.1204624248893,0,2026-10-06 01:36:15
2026-10-05 13:14:00,CNC-01,L,298.43355896579766,313.18171487733906,1363.4486984555497,53.49799898230574,161.63928579152267,2.479976688936267,13.496479546775994,55.07619885094967,0,2026-10-06 01:36:15
2026-10-05 15:23:00,CNC-02,M,297.96740628682704,312.0818099829471,1604.458640694385,43.98114180779317,71.33529853223182,2.19673809291807,13.166927391983767,59.52960690001277,0,2026-10-06 01:36:15
2026-10-05 13:20:00,CNC-01,L,298.4528257817597,313.66436096316187,1536.97853644301,51.351499945255924,171.05534506717817,2.740141810508152,14.520112256841179,52.73016313243358,0,2026-10-06 01:36:15
2026-10-05 12:40:00,CNC-01,L,297.82898481766966,312.0366862330677,1387.7456075220095,51.89111912515407,107.89779674354024,2.1525472508581167,13.372984186199885,58.200153170194795,0,2026-10-06 01:36:15
2026-10-05 13:03:00,CNC-01,L,298.5525725201656,313.31594640996406,1452.1856774691842,53.172680917777996,144.1658881818542,23.374177020944835,14.323796686039978,52.46103353698742,0,2026-10-06 01:36:15
2026-10-05 16:53:00,CNC-02,M,298.9212851667737,313.83455779182486,1920.5080975869048,38.51065669697279,201.97917426646546,3.208629267787618,14.142414725964096,48.653474719257325,0,2026-10-06 01:36:15
2026-10-05 03:30:00,CNC-02,M,297.2877582600269,310.244947389709,2446.2903034835144,20.006828058006967,171.07726095761703,3.3932865459770434,9.144189673998293,57.055642285676655,0,2026-10-06 01:36:15
2026-10-06 01:19:00,CNC-02,M,297.3615746386628,309.7497170814112,2604.331692930183,16.897218059043617,117.99839842555359,3.234024623696362,8.140924141357004,55.55272130939633,0,2026-10-06 01:36:15
2026-10-05 17:41:00,CNC-02,M,304.6760269346121,312.68914971746847,1984.4661377362684,34.92486615245248,24.547343468704415,2.709129942541673,13.307684782177054,46.045223552818655,0,2026-10-06 01:36:15
2026-10-05 10:26:00,CNC-02,M,296.1212058304921,309.9012725980508,1339.4079635634412,48.98354888534797,34.875352992811166,1.9579227769492262,12.201418183652995,58.593269307180776,0,2026-10-06 01:36:15
2026-10-05 11:29:00,CNC-01,L,297.2038641809789,312.0991249635779,1440.7243671028966,52.35882375471185,213.69991546096333,3.0448486305718676,14.40135452804322,60.011124616408736,1,2026-10-06 01:36:15
2026-10-05 08:15:00,CNC-02,M,295.9999860309157,310.1989571128181,1719.1339327382611,42.51187298165426,91.21806678625954,,13.575151043115579,57.29812460552006,0,2026-10-06 01:36:15
2026-10-05 17:37:00,CNC-02,M,299.08078722387506,313.0648110718848,1963.5638438541318,35.578796033490995,19.123842547597555,2.5599386379707627,12.975729911677114,52.1499894285941,0,2026-10-06 01:36:15
2026-10-05 19:42:00,CNC-01,L,300.6869827132453,314.83909948675523,2286.1916397537852,30.399668537950603,104.60719208467995,29.67795828296327,12.846288068604887,53.46191906113785,0,2026-10-06 01:36:15
2026-10-05 15:59:00,CNC-03,H,299.4043131441912,314.0573518464825,1613.4223859893425,45.17639059267033,187.4847893338969,26.6251725078846,13.580710589115586,50.66793082803545,0,2026-10-06 01:36:15
2026-10-05 18:35:00,CNC-03,H,26.675253777002638,40.827415347403985,2106.4662062248585,30.340590165243047,152.9816142978313,2.96208402374663,12.1558309804719,49.8799077479691,0,2026-10-06 01:36:15
2026-10-05 19:10:00,CNC-03,H,26.4023358245762,40.56230050770665,2172.4271141248705,30.941331859627443,197.8112782386299,3.2835810600773865,12.341257735920916,54.77027100212361,0,2026-10-06 01:36:15
2026-10-05 22:54:00,CNC-03,H,299.7894393285119,313.71462518560924,2708.4023679747147,22.172862613736516,207.30069200991304,3.8038824157995026,11.413260156933923,56.26768891367738,0,2026-10-06 01:36:15
2026-10-05 17:29:00,CNC-02,M,298.7778003570842,312.4681528043714,1966.4553474485003,35.15984904460832,8.256448516232403,2.602997906624451,12.818580703475593,52.53334122556573,0,2026-10-06 01:36:15
2026-10-05 17:09:00,CNC-01,L,299.66332717481276,313.7564684078033,1938.8511311670832,35.6059084228697,98.41023262571551,2.5570493713133344,12.9101533818419,53.690599896314716,0,2026-10-06 01:36:15
2026-10-05 17:03:00,CNC-03,H,299.5956050334607,313.24437923411136,1872.786656481777,35.51353712147388,29.604800565671205,2.500179719711232,12.548509475853905,46.278890092227755,0,2026-10-06 01:36:15
2026-10-05 08:56:00,CNC-03,H,295.7555718768166,309.91165978650673,1515.157819872915,47.47579736002467,43.63970417766125,2.134112659071558,13.469314376504533,60.48637026982515,0,2026-10-06 01:36:15
2026-10-05 14:41:00,CNC-01,L,298.73740677991873,313.27189050827184,1540.3252160864029,48.42984788435439,107.2414926341122,2.255173770091757,14.341588223306298,55.35228475381396,0,2026-10-06 01:36:15
2026-10-05 19:01:00,CNC-02,M,31.647984570633355,39.168417163834135,2251.2661519762682,25.355035850109548,128.90539660844976,2.9863497304558546,10.78843205338737,43.51650332686953,0,2026-10-06 01:36:15
2026-10-05 23:51:00,CNC-03,H,25.864426638341456,37.40476281511235,73439.72286214308,14.774357013848906,0.0,3.1574923209089616,7.105230006961147,48.24751421707485,0,2026-10-06 01:36:15
2026-10-05 08:53:00,CNC-01,L,296.5568318201334,311.1280604055818,1549.5100539945272,48.86552730428985,176.33880020294438,,14.052475146720862,60.323145842840525,0,2026-10-06 01:36:15
2026-10-05 15:12:00,CNC-01,L,298.9570038218415,313.6806698096209,1727.193571919544,44.84876136964416,154.47249711088324,25.5146895262426,14.714124223067746,53.94814770321007,0,2026-10-06 01:36:15
2026-10-05 13:51:00,CNC-03,H,298.0390710256445,313.32541805212435,1453.13765063497,53.26337833154776,,2.9604425029417927,14.488651796925666,54.33303768301171,0,2026-10-06 01:36:15
2026-10-05 11:07:00,CNC-02,M,295.93593261450883,310.1071108243558,35920.73015614937,50.44610898231791,99.63958719733827,1.974824437997501,12.26993892009233,60.50746977586012,0,2026-10-06 01:36:15
2026-10-05 13:54:00,CNC-02,M,297.45686911044464,312.1397084445846,1345.1587094766035,53.68931430200154,148.50139239459295,2.2665257043446347,13.542247262532408,51.26419935728818,0,2026-10-06 01:36:15
2026-10-05 06:30:00,CNC-02,M,295.83971508130014,310.4292305382401,1918.3999167101567,37.05262160527761,164.96049156455834,2.846848037484009,13.254172320925004,61.690688599749045,0,2026-10-06 01:36:15
2026-10-05 17:16:00,CNC-01,L,299.90665720112366,313.91555582564195,2012.913264552973,34.01583660493468,108.16598673012517,2.773678038882377,12.73234912198807,50.1396880526431,0,2026-10-06 01:36:15
2026-10-05 09:35:00,CNC-02,M,295.7143052044099,310.7929019786745,1541.7242575245693,48.9286031637616,212.3169063848732,2.814955758758504,14.153482908219532,53.278472806943945,0,2026-10-06 01:36:15
2026-10-05 08:33:00,CNC-02,M,295.82529595657695,309.7385072648944,1576.0489565675412,42.44916396600819,118.03143629095858,2.355092170351865,12.519999342729369,57.80116622779841,0,2026-10-06 01:36:15
2026-10-05 20:04:00,CNC-02,M,299.163660847643,313.2460266115077,2410.554157522652,24.520367574625425,205.95451734962379,3.647720822912142,11.00091447634445,53.00475972967608,0,2026-10-06 01:36:15
2026-10-05 07:02:00,CNC-03,H,295.578091079958,310.1525396822159,1982.002205971871,36.504001693924366,139.8325175483424,2.6157581097279707,13.513295012066099,58.22793526728296,0,2026-10-06 01:36:15
2026-10-05 20:33:00,CNC-02,M,298.92575935492016,311.5950135095944,2556.8458243507266,20.053752408984614,32.586848479443574,3.0992238697550696,9.51979874823482,52.83049575106006,0,2026-10-06 01:36:15
2026-10-05 10:37:00,CNC-02,M,295.7554810082817,309.29627405029623,1421.0618832195778,44.762353947482964,52.18247911675374,2.031729138124809,11.927775735493242,55.66083039680962,0,2026-10-06 01:36:15
2026-10-05 12:01:00,CNC-02,M,296.4409743263823,311.63954722336854,1336.2964540040437,56.909879706919384,185.55215030125342,2.4548768504920284,14.352194302591577,54.40760989193243,0,2026-10-06 01:36:15
2026-10-06 01:28:00,CNC-01,L,298.53583103652,310.4228551096438,2606.984767618593,17.05336350034524,63.916032328299146,3.1776965674702184,8.090085343776314,56.59794440992458,0,2026-10-06 01:36:15
2026-10-05 17:12:00,CNC-03,H,299.4798908876312,313.4469577557956,1688.6042632491767,42.511527608921455,42.185516803201274,2.225841774020005,13.547608433622209,52.85273527991166,0,2026-10-06 01:36:15
2026-10-05 03:24:00,CNC-03,H,297.1738357522456,311.00049615810525,2379.3266982326045,27.07927498093502,132.26630494581045,3.197107274423203,12.161983169627966,53.40297131207192,0,2026-10-06 01:36:15
2026-10-05 12:59:00,CNC-01,L,298.3947744518796,313.1029435534062,1494.9407589328484,50.412794716090126,137.86854809364144,2.3768492785053925,14.05095234919643,55.52659099483204,0,2026-10-06 01:36:15
2026-10-05 21:11:00,CNC-02,M,298.699066467769,311.46907773221886,2494.0701907457315,20.813217194370587,75.94576554934778,3.078406789880246,9.701696134469264,53.19838547100165,0,2026-10-06 01:36:15
2026-10-05 12:27:00,CNC-02,M,296.8729316789831,310.84473697313314,1361.2420495076933,51.23650209437098,11.153323272007336,2.092300239449476,13.070662656567395,59.14210217020879,0,2026-10-06 01:36:15
2026-10-05 03:22:00,CNC-03,H,296.9541794269572,309.71564611520756,2344.35733225291,22.284051653180345,129.90107312796852,3.129362919070661,9.750147301127459,59.85156254015615,0,2026-10-06 01:36:15
2026-10-05 18:36:00,CNC-02,M,31.324923353504005,39.50330509618726,2176.828681032391,29.473814928534615,97.1618259286279,2.7985411593635625,11.900100033923296,39.093809407437895,0,2026-10-06 01:36:15
2026-10-05 14:23:00,CNC-02,M,297.72953185110265,312.84892503535315,1485.425226175372,51.45915077175683,193.72130774845593,2.709073902549879,14.313312509344359,56.53683685905924,0,2026-10-06 01:36:15
2026-10-05 18:20:00,CNC-01,L,27.08407931662208,40.305167958474385,2103.2332601815324,29.604756511105972,1.2948297146322205,2.6560527741229563,11.753622617166535,47.884030845838495,0,2026-10-06 01:36:15
2026-10-05 03:13:00,CNC-03,H,297.2607489296226,310.1783934357748,2607.5938562421748,20.329883579905108,119.32309438356037,3.25878111000588,9.781616259683771,57.98592082041946,0,2026-10-06 01:36:15
2026-10-05 16:22:00,CNC-01,L,299.54886428100366,313.92419089017915,1786.1181148297655,41.9027386041329,32.00375004250392,2.4115487103771285,14.185618109270514,51.58919309221669,0,2026-10-06 01:36:15
2026-10-05 21:23:00,CNC-01,L,300.04424829895754,312.00247223841455,2596.1303985525706,17.733087285833363,13.41705291570092,3.194158741681718,8.681645023949242,53.27386026268344,0,2026-10-06 01:36:15
2026-10-05 07:37:00,CNC-01,L,296.5501651447013,311.1268363178625,1796.5092434600356,43.320054836192355,63.547756631472744,2.514922314723516,14.71886418907736,60.69003151667832,0,2026-10-06 01:36:15
2026-10-05 18:50:00,CNC-01,L,27.24359132131076,40.54299197865282,2205.980936653714,27.375435724442287,40.079222249851284,2.9198987965517804,11.337186072251033,51.22621828187741,0,2026-10-06 01:36:15
2026-10-05 18:01:00,CNC-01,L,299.7905393888423,314.2501106780646,2016.9791967103179,34.72288353219064,169.227301605553,29.57311806014029,13.2128457774797,55.354238452361734,0,2026-10-06 01:36:15
2026-10-05 09:03:00,CNC-01,L,296.8272787192013,311.5320008104665,1697.9165065064744,42.784917518296574,191.45554403230722,2.871830884510709,13.519836725233565,58.57939254693412,0,2026-10-06 01:36:15
2026-10-05 02:43:00,CNC-03,H,297.4824320602715,310.69885740594486,2482.140060561781,22.508217743333052,85.1395796798502,3.0267603491899373,10.556288378010457,55.87496476147787,0,2026-10-06 01:36:15
2026-10-05 15:53:00,CNC-03,H,299.242235115218,314.12681836993846,1760.5591677405148,42.164304707128395,178.63314059207642,2.793840177505706,13.975181226121224,52.74297667604006,0,2026-10-06 01:36:15
2026-10-05 07:14:00,CNC-01,L,296.46234464366694,310.13903404125585,1852.926180201723,36.445743385703324,30.749146021332933,25.304306156342854,12.562415246958627,60.46945678657709,0,2026-10-06 01:36:15
2026-10-05 02:59:00,CNC-03,H,297.5374215682676,310.58680111728694,2429.3688485590437,23.725952252544538,103.29174510834963,3.0782981704313266,10.641681585054469,54.82577362876988,0,2026-10-06 01:36:15
2026-10-05 16:22:00,CNC-03,H,299.46818723898684,315.1351518548255,1777.1441655873214,47.42758244455809,220.89707271609976,3.119653438366782,16.037979179260457,52.27971045687953,0,2026-10-06 01:36:15
2026-10-05 10:20:00,CNC-03,H,295.7112579238981,310.6953536769245,1593.8272305903101,50.12092646979446,174.0809493270135,2.7233495887463555,15.046122829122735,61.49120885848128,0,2026-10-06 01:36:15
2026-10-05 05:02:00,CNC-01,L,302.23692357926154,309.82798455592376,2202.0112954824526,29.105271907676443,82.08544424009999,2.8069861103303952,11.737909393029899,43.99961414824896,0,2026-10-06 01:36:15
2026-10-05 02:01:00,CNC-03,H,297.87656964042594,310.00338616496947,2619.3747679212106,16.88592136441096,38.58070296980614,3.122940544984694,8.308079193192098,54.56773803842324,0,2026-10-06 01:36:15
2026-10-05 19:08:47,CNC-02,M,31.484746680527962,40.01965040795426,2154.285328377702,31.87947789631907,137.67334050378875,3.003486869147426,13.036743079419972,35.692713064602835,0,2026-10-06 01:36:15
2026-10-05 11:08:00,CNC-02,M,296.0067418230671,310.8259887035914,1377.6420627820366,,101.23958719733827,2.1420075848568665,14.02980109251339,55.988537327469636,0,2026-10-06 01:36:15
2026-10-05 02:44:00,CNC-01,L,297.85542520425173,311.62678859601425,2477.3734220008473,0.0,114.12308976883855,3.210280599843121,11.656588116286633,55.20285903380801,0,2026-10-06 01:36:15
2026-10-05 05:30:00,CNC-02,M,296.48701724972096,310.6674227241747,2069.9903114106905,34.170208944992744,85.39798683823697,2.8170123579885464,13.08502606431173,60.47710927137159,0,2026-10-06 01:36:15
2026-10-05 12:37:00,CNC-01,L,297.99297277688294,312.68982589042463,1442.8281692474998,51.63732845259896,103.10574276790578,2.2580896638665005,13.825191155548389,55.91465219587131,0,2026-10-06 01:36:15
2026-10-05 10:29:00,CNC-03,H,295.37458326426554,310.1309051483985,1374.2038156481638,54.46266072856968,188.19459381463065,2.450615536531571,13.937153969884273,63.26785306020051,0,2026-10-06 01:36:15
2026-10-05 05:47:00,CNC-02,M,296.3099071240932,310.7593744389709,2150.8385407991727,35.038450808597815,107.43360549819805,2.8112937515553496,13.929518910897194,61.05459900404888,0,2026-10-06 01:36:15
2026-10-05 15:48:00,CNC-02,M,298.2495159980088,312.88828870829263,1763.9744200720695,41.67903947986759,108.34486272422033,2.5025278515207905,13.74497202294545,56.38130350763239,0,2026-10-06 01:36:15
2026-10-05 23:33:00,CNC-03,H,26.386327835491443,39.91189196292521,2794.2112559404727,18.79403916038191,248.82506841800543,4.379397795914539,9.982504712739816,53.214583243042675,0,2026-10-06 01:36:15
2026-10-05 04:26:00,CNC-03,H,296.34399404450267,310.3860126342095,2310.5422113480217,28.56509813885107,206.27179575318948,32.71244772483361,12.400779360336665,60.25709829484581,0,2026-10-06 01:36:15
2026-10-05 16:42:00,CNC-03,H,299.22573572374546,312.95210580673194,1656.743379091089,42.260292913727326,0.0,2.2729990983400765,13.231334230242714,58.30259257396272,0,2026-10-06 01:36:15
2026-10-05 16:18:00,CNC-01,L,299.87235371526634,313.5115080644765,1722.7441494868988,39.927184616466384,26.212337077438328,2.3433218953194475,12.94332210198924,51.308055248619375,0,2026-10-06 01:36:15
2026-10-05 07:33:00,CNC-02,M,296.04652131170485,309.8653634310171,1972.8693021128313,33.28694135780816,30.018809960397217,2.571034681383597,12.41822278146026,56.02671953552978,0,2026-10-06 01:36:15
2026-10-05 15:13:00,CNC-02,M,298.00568374783103,311.85775477980866,1525.1225165222008,43.971557980513886,56.351854341797356,2.221854490465852,12.514542971407288,55.4394229395564,0,2026-10-06 01:36:15
2026-10-05 07:10:32,CNC-01,L,296.41206901779344,310.6857272071028,1945.504758112527,38.23507981794815,25.178200901363056,2.5003368675305664,13.841267034121556,59.77088523089158,0,2026-10-06 01:36:15
2026-10-05 13:37:00,CNC-03,H,297.7093206367876,312.76736629691715,1434.6163172089778,52.99492828416335,212.08395125261123,2.6800281629549154,14.19416064617325,50.387950619775005,0,2026-10-06 01:36:15
2026-10-05 15:56:00,CNC-03,H,299.07325901702546,314.0145061140631,1712.4179329744115,44.10696297370468,183.0509809764014,2.7142060146522446,14.160998273723385,53.07636693649523,0,2026-10-06 01:36:15
2026-10-05 08:05:00,CNC-03,H,295.4145482487925,310.4067030825199,1636.5890268057353,44.6508641600964,230.4069969319842,3.1269014249996636,13.783385686317187,61.07800782588539,0,2026-10-06 01:36:15
2026-10-05 04:29:00,CNC-01,L,302.4659560066207,309.55575346481425,2427.5207422714684,24.863601982866783,41.094110395237195,2.9095156503454067,11.285168585917281,51.85613809240954,0,2026-10-06 01:36:15
2026-10-05 10:04:00,CNC-02,M,295.81102621511434,309.6295427436526,1427.6182728822455,46.48476915726171,0.0,2.1052567218283356,12.272701150952095,60.039263559844365,0,2026-10-06 01:36:15
2026-10-06 00:57:00,CNC-01,L,298.7675133551985,,2694.3883002859043,19.361975535576196,30.93025842180202,3.1704617769998413,9.742793030228636,55.33008017063905,0,2026-10-06 01:36:15
2026-10-05 17:37:00,CNC-01,L,299.87928680972607,314.52956910067354,1948.6916548345723,38.90471768541627,136.99284786252647,2.8218733524418784,14.123507249714887,49.7189424338639,0,2026-10-06 01:36:15
2026-10-05 07:52:00,CNC-01,L,296.6271927802273,310.9831879634804,1741.2552413390592,42.12054235879923,85.3553122642754,2.4337127920951764,13.513146244828087,57.533838084510286,0,2026-10-06 01:36:15
2026-10-05 12:06:00,CNC-01,L,297.4712021943859,311.87353646713456,1418.2042540734576,52.64269972201336,54.05116972335429,2.171421929826518,13.866887933423659,59.03033127525079,0,2026-10-06 01:36:15
2026-10-05 08:13:52,CNC-01,L,296.1760879108473,310.771870534557,1680.8658350807384,43.9291193471247,117.84541623926626,2.535485404354465,13.825136752112751,58.01874372086254,0,2026-10-06 01:36:15
2026-10-05 02:38:00,CNC-02,M,297.4653741382467,310.6710877356756,2540.559815236292,21.974067628798103,111.63705744157035,3.298113721881961,10.532074123412134,55.28055457422225,0,2026-10-06 01:36:15
2026-10-05 15:58:00,CNC-01,L,299.3998976786868,,1581.0956110442553,45.60838489379646,223.1540054193926,3.273610082169889,13.75345243373674,47.97019656935498,0,2026-10-06 01:36:15
2026-10-05 13:21:00,CNC-01,L,298.46982771106707,313.37690527345666,1408.489153502007,55.12314306631386,172.65534506717816,2.5077167961157145,14.390102701898932,49.75365233860367,0,2026-10-06 01:36:15
2026-10-05 04:51:00,CNC-01,L,302.1792463968971,308.8604499302431,2254.5167268720406,22.8025453468868,68.24207509177799,2.968145126692623,9.493738810467256,48.53162552624834,0,2026-10-06 01:36:15
2026-10-05 14:17:00,CNC-03,H,297.92333639577464,311.3820392474977,1302.2115212142035,49.31694174692201,32.74545741782142,2.002961650929533,11.760733033550235,56.572981849796825,0,2026-10-06 01:36:15
2026-10-05 19:12:00,CNC-02,M,31.780372166038035,39.163469372638986,2162.38462243539,25.81730181345424,142.6718062634225,3.0037969638730955,,45.82520099292756,0,2026-10-06 01:36:15
2026-10-05 01:44:00,CNC-01,L,298.3109971811964,310.0209447583681,2587.590984301714,15.576545028280282,47.407453221114054,3.15677324214299,7.8731301473322075,54.86457723188542,0,2026-10-06 01:36:15
2026-10-05 09:14:00,CNC-02,M,295.73053589996516,310.80801131097616,1540.8525480284763,49.057890393941676,180.0457221567159,25.995765632295065,14.270380939609584,59.04274342219476,0,2026-10-06 01:36:15
2026-10-05 07:02:00,CNC-01,L,296.3952428214357,310.20608927939554,1866.1495359988062,37.183435171039186,463.355618807132,2.5367316711188894,13.04421313212114,55.5375994352135,0,2026-10-06 01:36:15
2026-10-05 03:04:00,CNC-02,M,297.60569528480306,310.81932481981966,2481.797067066572,21.175814004985135,141.28538170932106,3.282139549872037,9.959479800948444,56.07429361212288,0,2026-10-06 01:36:15
2026-10-05 04:20:00,CNC-01,L,302.3318836641017,309.7436770024111,2276.8883071408927,28.58406157959201,30.119909936318084,2.8488571746841003,12.214774329841275,44.96442330756134,0,2026-10-06 01:36:15
2026-10-05 18:14:00,CNC-01,L,26.784248378250766,41.40981022521362,2088.060721754492,33.86875856826532,186.23313114851112,3.20995483295983,13.355108507445015,53.30361492051651,0,2026-10-06 01:36:15
2026-10-05 12:28:00,CNC-03,H,302.342045425937,310.55290923441214,1542.4957834399122,46.13711982709889,103.03808566329253,2.3699340382068987,13.516065785030193,46.16843505246036,0,2026-10-06 01:36:15
2026-10-05 05:10:00,CNC-03,H,296.14123205342344,311.57340318022597,2222.368467965191,35.08375004658082,261.1318946033709,3.9658819667829057,14.591991365865228,58.30532093439558,0,2026-10-06 01:36:15
2026-10-05 03:12:00,CNC-01,L,297.49139004626636,311.3381893081918,2531.750739257214,23.980782154463697,145.763209000647,3.4222621128275,11.19352265475118,54.5674330831869,0,2026-10-06 01:36:15
2026-10-05 06:45:00,CNC-03,H,295.55225986788923,310.262225945248,2011.321937725921,37.08207667021939,116.03808952623997,2.698194277404276,13.766224005670212,63.64520708877143,0,2026-10-06 01:36:15
2026-10-05 09:15:00,CNC-01,L,296.5409377369837,310.1883272977184,1584.8958898181077,43.58826245388998,3.0963319411537937,2.2348183852835257,13.03815392114751,53.54984542919324,0,2026-10-06 01:36:15
2026-10-06 01:25:00,CNC-01,L,298.3427185994189,309.56949321774664,2783.908626940481,12.863211057100921,0.0,3.305893531820755,6.607858866197328,57.47290923628765,0,2026-10-06 01:36:15
2026-10-06 01:13:00,CNC-02,M,297.63869894578164,310.54719719515543,2763.7391785933087,16.542007489535898,111.58625251481476,3.3918284120161095,8.621626388279054,56.182900828165245,0,2026-10-06 01:36:15
2026-10-05 09:58:00,CNC-01,L,296.62377311976604,310.62415664877636,1474.7987218457301,46.57345348338038,69.77408630434212,2.1798117297344426,13.23539135274583,52.75966537107764,0,2026-10-06 01:36:15
2026-10-06 01:00:00,CNC-01,L,298.95108378552084,310.66276910264736,2725.216945426165,14.409058557387938,34.1619812155902,3.3149076517587828,7.171129854525472,54.610565763716146,0,2026-10-06 01:36:15
2026-10-05 17:17:00,CNC-01,L,299.79683776636034,313.88389052652883,1959.840610389039,35.672076046371544,109.5415146182201,2.7758570192368848,12.823056037451188,52.723955710587006,0,2026-10-06 01:36:15
2026-10-05 01:57:00,CNC-02,M,298.0164330613177,310.6428614490565,2676.420071922713,19.412200505560243,66.07551312897881,3.134376085885646,9.517788507378366,54.02558876973387,0,2026-10-06 01:36:15
2026-10-05 02:15:00,CNC-03,H,297.8832545274507,310.5128425192614,2491.974238503966,20.542705638668163,53.942870566398746,2.9708351619067206,9.355604325302279,59.007019003210644,0,2026-10-06 01:36:15
2026-10-05 23:47:00,CNC-02,M,25.074495330369928,36.870270157702635,2527.1331181090873,16.22487439225865,20.23021677176318,3.1360224262536516,7.872754167381857,61.2031650303091,0,2026-10-06 01:36:15
2026-10-05 13:55:00,CNC-02,M,297.3976197507206,312.2212405520533,1641.953911699156,45.79321755414596,150.01791537711793,2.5599967669047965,14.050454120767938,54.73087275909342,0,2026-10-06 01:36:15
2026-10-05 13:06:00,CNC-01,L,298.639579652505,313.03269626650325,1369.1881046622602,51.528363028077536,148.91807118801378,2.357430581291616,13.044341696563627,52.34667452773553,0,2026-10-06 01:36:15
2026-10-05 15:00:00,CNC-01,L,298.99112854763183,313.5865147853579,1617.9811115062746,47.48292111078342,136.38066467532747,2.5805780708651818,14.19968219949691,52.62176841730268,0,2026-10-06 01:36:15
2026-10-05 09:46:00,CNC-01,L,296.56028383365884,310.632436105185,1474.238796500498,48.31331808427703,51.10225657615297,2.1428617236681564,13.076454631370193,54.73311017060908,0,2026-10-06 01:36:15
2026-10-05 09:45:00,CNC-01,L,296.6174421852468,311.026183256223,1496.2373235668776,50.192087512355286,49.558101804062936,2.1235891700099656,13.883567449779946,58.07235198962955,0,2026-10-06 01:36:15
2026-10-05 05:11:34,CNC-02,M,296.3920446540168,310.54442963355166,66011.37944495575,28.056728616910412,63.69068749565174,2.8912217000130545,12.345451833478181,57.60068691946738,0,2026-10-06 01:36:15
2026-10-05 11:48:00,CNC-02,M,296.3791921340673,311.2955636924546,1425.1377501200618,52.03765047574019,164.83436159441794,2.5305553709338904,14.139593132804967,59.36727402481185,0,2026-10-06 01:36:15
2026-10-05 14:06:01,CNC-03,H,297.6914398479714,311.35175526259906,1535.5341591297686,44.69991715563671,15.606960655871319,2.3104089437889903,12.87092104306307,53.71619106627338,0,2026-10-06 01:36:15
2026-10-05 07:01:00,CNC-02,M,295.8853374014863,310.8380047939822,1706.2188093151194,43.466776769761346,207.88534812173242,3.0176050448310443,13.935199678749607,57.27343758395352,0,2026-10-06 01:36:15
2026-10-05 06:07:00,CNC-01,L,296.47257757802197,311.19955690613756,2073.841112693529,36.82475807448767,166.84900132389305,3.1096669335311344,14.24994132585452,,0,2026-10-06 01:36:15
2026-10-05 23:48:00,CNC-01,L,26.300457704905796,39.21530517701024,2720.042082773579,18.140692260762684,170.48311580622968,3.771989079958904,9.36012980942315,49.71238618381476,0,2026-10-06 01:36:15
2026-10-05 05:09:00,CNC-03,H,296.0007296458872,310.63252661501633,2294.050871301615,30.53807862339051,259.88938995095845,3.9575349225208383,13.285852959236284,56.455039476803364,0,2026-10-06 01:36:15
2026-10-05 22:55:58,CNC-02,M,298.28323915612725,311.9037585000111,2702.4945617254375,19.74559025716431,192.22266511058925,3.72441621633739,9.866250339735315,54.22785340405964,0,2026-10-06 01:36:15
2026-10-05 20:22:00,CNC-02,M,299.23837808977254,312.50327422250945,2355.727157720738,24.891610036979987,19.774856434251447,2.871506253221036,10.90909250893072,56.723220058978136,0,2026-10-06 01:36:15
2026-10-05 16:43:00,CNC-03,H,299.28708345523415,312.5825192088724,1787.447928026694,36.85788428298898,1.4363248188090507,2.368266269939851,12.585558339890113,51.59856373574586,0,2026-10-06 01:36:15
2026-10-05 16:52:00,CNC-02,M,298.67657014528686,313.54512177405695,1813.8336356483162,39.75259724057138,200.56517169147185,3.082614487642586,13.402000063378612,54.00993041089988,0,2026-10-06 01:36:15
2026-10-05 19:04:00,CNC-02,M,31.555202449402486,40.05868486376556,2377.131972616275,28.125948001356324,132.7246692609653,3.2179755577284186,12.536439976492197,,0,2026-10-06 01:36:15
2026-10-05 07:09:00,CNC-02,M,296.1320749654453,310.97201507425336,1723.1163986667734,41.198105127376,219.1976820868774,3.1741032362706503,13.108442127056737,60.67029621028742,0,2026-10-06 01:36:15
2026-10-05 05:23:00,CNC-02,M,296.29832813532647,309.5214826730408,2230.7964955130406,26.323391759557992,76.33752639064866,2.8102585497483212,11.050708275907748,57.219681110044654,0,2026-10-06 01:36:15
2026-10-05 07:51:00,CNC-02,M,295.6077710558851,309.8533632513757,1754.0764451148254,40.66627469875288,56.04720329998153,2.4074498122128474,13.295069918562106,60.83387423364533,0,2026-10-06 01:36:15
2026-10-05 01:47:00,CNC-02,M,298.07790409596015,310.90919640024043,2616.7791169650773,20.10748847510975,55.31810784972433,3.1125105263158734,9.820813779145615,52.305620328908695,0,2026-10-06 01:36:15
2026-10-05 17:00:00,CNC-02,M,299.06560231926,314.6328215046413,1788.7338572937197,43.961021962363375,211.74465674420247,3.224765614070716,14.752769158697879,54.53179979920308,0,2026-10-06 01:36:15
2026-10-06 01:18:00,CNC-02,M,297.624729003418,310.5584487580197,2699.4022477175004,18.363121640117917,116.92527961850955,3.22871406106194,9.187937432839172,54.85978254174617,0,2026-10-06 01:36:15
2026-10-05 16:10:00,CNC-01,L,299.64055367425004,313.1475382408216,1507.8931011572402,42.81651790867331,14.615535889258304,2.198373052903798,11.896612749172414,54.474982251587164,0,2026-10-06 01:36:15
2026-10-05 07:18:00,CNC-01,L,296.7757637221291,310.7361490429488,1935.1906782225906,35.90808388795968,36.415399855234384,2.4695592343578703,13.091705533040587,63.17670042112528,0,2026-10-06 01:36:15
2026-10-05 19:07:00,CNC-01,L,27.273781791406748,40.38771116476005,2173.934793907311,27.91023657456736,61.414750233431775,2.8038514686904215,11.24053932889381,49.45994803390977,0,2026-10-06 01:36:15
2026-10-05 21:19:00,CNC-02,M,299.0760932740253,311.96061954215696,2536.709361560853,19.033461680317036,84.94175798042468,3.070428543539091,8.91084748867737,55.9800430488806,0,2026-10-06 01:36:15
2026-10-05 02:53:00,CNC-01,L,297.4989365349208,310.2681598215521,2637.691065343444,18.859152546907772,124.10287994188423,3.4814567231926135,9.139321711351512,56.634641472343425,0,2026-10-06 01:36:15
2026-10-05 10:39:00,CNC-03,H,295.9880543714335,311.0201047793363,1408.885681470226,0.0,203.9782554530488,2.6105663168702162,14.682064393140106,53.67008842741906,0,2026-10-06 01:36:15
2026-10-05 15:28:00,CNC-03,H,298.73313907711065,313.7778772995015,1546.4663546528755,50.08803177057985,141.23173046130327,2.394918829098668,14.623448403726902,52.075918986027425,0,2026-10-06 01:36:15
2026-10-05 12:42:00,CNC-01,L,298.0535634876176,312.7922735840496,1463.7270893204063,54.41417856496723,111.04412870052681,2.278602579140237,14.557214061113246,54.10830192195204,0,2026-10-06 01:36:15
2026-10-05 17:03:00,CNC-01,L,299.9741325241816,313.96494292805,1905.5430257368841,,89.96214327918912,2.5282147453730732,13.050578902042004,53.46182383991708,0,2026-10-06 01:36:15
2026-10-05 20:35:00,CNC-01,L,300.3768410841791,313.79682740664794,2579.809028705684,22.135699102381857,167.5550642022348,3.5613100436215857,10.846397027827715,50.60357808251446,0,2026-10-06 01:36:15
2026-10-05 19:32:00,CNC-01,L,,314.0475379545354,2238.652102075596,,92.34886774626321,3.0002136361066496,11.88297533636598,56.29743524906006,0,2026-10-06 01:36:15
2026-10-05 02:45:00,CNC-02,M,297.67764951234955,310.27330308923564,2585.751736884597,19.50602706127756,119.4922685215083,3.2824934797726373,9.572298007432373,55.199515753017735,0,2026-10-06 01:36:15
2026-10-05 03:57:00,CNC-03,H,296.7086534820999,311.43900927656705,2365.811243357371,30.49360397421482,171.24282651790833,3.187381610750183,13.535447518671653,57.88592778908293,0,2026-10-06 01:36:15
2026-10-05 07:59:00,CNC-01,L,296.22826090083436,310.7301626179432,1634.6667810631864,45.350724783928406,95.69089542148467,2.372400302802315,14.124246454867132,54.05483015125173,0,2026-10-06 01:36:15
2026-10-05 13:35:00,CNC-03,H,297.73170205575985,312.15778064000375,1336.8259035929216,50.833256262382754,208.9285154194427,2.5744405476022147,12.922100567316667,57.62782892937662,0,2026-10-06 01:36:15
2026-10-05 18:13:00,CNC-02,M,31.391109081222623,40.53098172089949,1993.6779043625722,40.23883192343916,67.10969660910376,2.5512582224458438,15.033187252324959,44.850543661063064,0,2026-10-06 01:36:15
2026-10-05 18:11:00,CNC-02,M,31.300464196629093,39.06130117281373,2183.422103683946,29.62634126087561,64.4054494162502,2.8095410605003086,12.11886436949625,48.29392762146615,0,2026-10-06 01:36:15
2026-10-06 00:13:00,CNC-03,H,25.781034235450534,37.3590826173982,2651.4284066063537,14.973571421062507,23.52396395780279,3.1855222698616164,7.579834831294555,54.44721235149381,0,2026-10-06 01:36:15
2026-10-05 17:11:00,CNC-01,L,300.0424789197319,313.9268201964763,1997.959718058551,32.316873221566574,101.22226947087736,2.817384183409328,12.072458918135153,50.29912385104994,0,2026-10-06 01:36:15
2026-10-05 13:13:00,CNC-03,H,297.6628647128233,312.5526310589319,1457.7090285263534,51.05716269598413,174.2683591874911,2.4207687869019376,13.792387334196494,55.92261276591988,0,2026-10-06 01:36:15
2026-10-05 20:40:00,CNC-02,M,299.08901241960103,311.07566820019184,2568.8847754175927,15.7346540284443,40.51168775549569,3.12813672609949,7.388689638949678,53.110314407678736,0,2026-10-06 01:36:15
2026-10-05 22:06:00,CNC-01,L,299.8547114932893,312.0605352552499,2699.367842331454,17.311380657971725,60.99076706415053,3.338890217732144,8.596757517817686,53.11469890873483,0,2026-10-06 01:36:15
2026-10-05 10:45:00,CNC-01,L,296.75938468091954,311.284794542808,1410.8988047217867,50.86454614763333,143.8254791396006,2.4064367787465972,13.37829388051503,61.2517714590135,0,2026-10-06 01:36:15
2026-10-05 12:42:00,CNC-03,H,302.67415886558183,310.9202944248611,1347.0168468187578,51.77138266716652,125.20779435544956,2.1041384555987896,13.077859556756907,44.81815694787678,1,2026-10-06 01:36:15
2026-10-05 05:05:00,CNC-01,L,302.3104177203478,310.09968167057065,2286.8439516429726,27.95745335666926,85.86414702026427,2.933076775814458,11.905540418650416,48.39817349204318,0,2026-10-06 01:36:15
2026-10-05 03:58:00,CNC-02,M,297.09277396819743,311.23852770460115,2143.474420103646,30.23358994638662,204.3187589947948,3.4861644778161347,12.226849286372575,55.768910309636595,0,2026-10-06 01:36:15
2026-10-05 18:57:00,CNC-02,M,31.488887866289872,39.925243794384244,2110.811812300268,33.77786619570947,123.85864360215312,28.135172866180095,13.429706218091436,44.354779008391475,0,2026-10-06 01:36:15
2026-10-05 20:47:00,CNC-01,L,300.3091677781516,314.55733938150223,2487.3785764956547,26.79663037881434,181.4273281488592,3.5955819979114962,12.34891271428983,53.550849644125186,0,2026-10-06 01:36:15
2026-10-05 11:43:00,CNC-02,M,296.07405297823357,310.90257232527165,1396.774436163996,53.04280128507134,156.88668543119417,2.2582129939558886,13.867125748607142,57.93127123758029,0,2026-10-06 01:36:15
2026-10-05 03:44:00,CNC-03,H,296.8532646949874,310.4937214474065,2482.1391054066958,22.833417099975144,155.74082545635358,3.312271778903124,10.603921738648943,54.400505370908306,0,2026-10-06 01:36:15
2026-10-05 02:37:00,CNC-03,H,297.5968677518506,310.4579095668602,2599.898656766996,20.405440124811435,78.45518072889313,3.1561030008264788,10.092530296022927,54.43531025399715,0,2026-10-06 01:36:15
2026-10-05 06:10:00,CNC-02,M,296.0771056624542,311.06704126343504,2080.730640474188,38.683326488686724,137.95917738404674,2.7812289223430438,15.056407480416636,60.67182315415965,0,2026-10-06 01:36:15
2026-10-05 18:58:00,CNC-03,H,26.767556732562582,40.82283396228286,2072.742485725862,31.193883201908783,182.50182644865762,3.1305208560828666,12.179398887427647,53.20276436999079,0,2026-10-06 01:36:15
2026-10-05 03:47:00,CNC-02,M,297.12021550855894,311.4235251138578,2445.918462274365,27.22724178714873,191.10589056499228,3.619195724199118,12.566259397083705,57.564613404462044,0,2026-10-06 01:36:15
2026-10-05 02:46:00,CNC-03,H,297.6116442970315,310.1258800230074,2575.3829499406643,19.696685637007075,88.53332653725333,3.206391179030305,9.65337717572387,54.24521437007681,0,2026-10-06 01:36:15
2026-10-05 06:33:00,CNC-03,H,295.61688215522776,310.02786391479736,1832.0378148650389,40.367253589900734,99.4498941170218,2.4203344752562534,13.822530548174191,59.116035807826215,0,2026-10-06 01:36:15
2026-10-05 16:45:00,CNC-01,L,299.9273179517539,313.6683927677329,1883.2310160057768,35.73380189567166,64.68165268935489,2.6428915024815103,12.641744691749949,53.07788456231585,0,2026-10-06 01:36:15
2026-10-05 03:30:00,CNC-01,L,297.36456329462163,311.5910258121162,2301.9311769434016,30.077002003609987,166.62283999048805,3.273589885772384,13.033178314442358,54.22089940919148,0,2026-10-06 01:36:15
2026-10-06 01:01:54,CNC-01,L,298.5792591795259,310.21111995952833,2748.0171367624944,15.169106417040796,35.203490354272084,3.2040982916559604,8.05859782750589,51.54818817616582,0,2026-10-06 01:36:15
2026-10-05 09:04:00,CNC-03,H,295.3788670029146,309.4278737155578,1446.2245846382116,48.3532900599102,55.77568744510256,21.961347136197713,13.087767488423651,59.68971970376214,0,2026-10-06 01:36:15
2026-10-05 13:37:00,CNC-02,M,297.2420934938605,312.11233652280976,0.0,47.091557419106564,121.66050302887888,2.4012107970805867,13.57857384673492,56.261537246909256,0,2026-10-06 01:36:15
2026-10-05 08:14:00,CNC-03,H,295.3877526376957,310.918162123682,1566.1730807832603,51.09485621682713,243.73326382739,3.221565691756844,15.108028143416966,61.74664023537362,0,2026-10-06 01:36:15
2026-10-05 20:39:00,CNC-03,H,300.21000620836264,312.8159433179278,2655.735048869084,19.477665724402595,57.48358605571664,3.1240517266700465,9.495578098079799,48.1078367971139,0,2026-10-06 01:36:15
2026-10-05 08:19:00,CNC-03,H,295.4334140595783,311.22054236955177,1521.5546296568502,55.089694021652754,251.10833177209918,3.200055106183174,15.704081095021923,61.38577246331548,1,2026-10-06 01:36:15
2026-10-05 06:57:00,CNC-03,H,295.4970081900799,310.25944214886914,1812.4265848187956,40.288701921254194,132.85253183515093,2.472883211196405,13.537623865689202,56.57423408403071,0,2026-10-06 01:36:15
2026-10-05 13:38:00,CNC-02,M,297.36389296868435,312.1513343803356,1461.825001754984,52.13391262605065,123.26050302887887,2.324086712705115,14.259101318222383,,0,2026-10-06 01:36:15
2026-10-05 19:25:00,CNC-02,M,299.2769904999701,313.2597952777936,2214.8948427252485,27.575846842165863,158.80026344246974,3.053146153632381,11.543196094468179,50.51006851945368,0,2026-10-06 01:36:15
2026-10-05 05:18:00,CNC-03,H,295.89978433075,309.35074252027147,2185.99168017424,29.945409664130214,0.0,2.8203591251691944,12.319517861343952,55.49725078609813,0,2026-10-06 01:36:15
2026-10-06 00:39:00,CNC-02,M,297.5121197297321,310.1144366086214,2713.820658953436,16.590095943389684,75.25375420808307,3.248676862627417,8.397224224361,57.35023065314041,0,2026-10-06 01:36:15
2026-10-05 01:37:00,CNC-02,M,298.1589313031798,309.27494229534136,2592.7654726871174,12.356378033586942,44.602338124477015,3.2099029441135523,6.045186255771125,51.76289404221632,1,2026-10-06 01:36:15
2026-10-05 10:03:00,CNC-03,H,295.82095843662944,310.06552388208183,1345.2413187364682,50.51190668855839,147.4442665419804,2.1748124233623445,12.596269364599033,57.626475173750485,0,2026-10-06 01:36:15
2026-10-06 01:05:00,CNC-03,H,298.7554022555389,311.00405878406985,2697.8932921514884,16.67662538816123,78.81226670649845,3.233347930196271,8.590404949986382,55.54678098051536,0,2026-10-06 01:36:15
2026-10-05 15:01:00,CNC-02,M,297.95945682765966,312.2552315817183,1570.4508564328569,46.01384048094877,38.199601133628256,2.2985302130676972,13.306306585005927,56.99997773274971,0,2026-10-06 01:36:15
2026-10-06 00:17:00,CNC-03,H,25.801320394128993,37.55495746930859,2721.5859399212422,15.292959654427277,27.777399148573128,3.245880680732999,7.752351986523611,51.1612015199173,0,2026-10-06 01:36:15
2026-10-05 20:10:00,CNC-01,L,300.59071182156055,314.5383703559912,2429.166619161413,26.234810737039947,138.3125963764539,3.2766812784407717,11.969394158561155,56.465231063655054,0,2026-10-06 01:36:15
2026-10-05 14:28:00,CNC-02,M,297.90327116075963,312.50863651609956,1464.6831318458853,48.0963865031151,201.5053864476167,2.746059660539159,13.06156111312166,55.31230132498768,0,2026-10-06 01:36:15
2026-10-05 14:53:00,CNC-02,M,298.06776726885374,311.76186092068787,1595.1184260717666,40.3599765909196,26.025230082293312,2.265459646296128,12.133002818348436,55.99343933632376,0,2026-10-06 01:36:15
2026-10-05 11:27:00,CNC-01,L,297.6961956636924,312.6514847610737,1367.780893160083,56.31375665176704,210.5238626219911,2.80612761132941,14.470776329440586,56.32685831398807,1,2026-10-06 01:36:15
2026-10-05 16:34:00,CNC-02,M,298.85249976791346,313.89864202557055,1763.6401170692227,42.149418235049,175.29599970028272,2.818239063377731,14.124698840530302,51.43571772392368,0,2026-10-06 01:36:15
2026-10-05 01:47:00,CNC-03,H,298.1290017320634,310.1802059727228,2545.2481953181004,17.844458332054185,23.369081607569605,3.078373297701178,8.499961461575014,56.644245244941544,0,2026-10-06 01:36:15
2026-10-05 10:49:00,CNC-01,L,296.9737161349443,311.2808977707935,1330.8961302480793,52.23799358880777,150.17167417215134,2.3242004745690488,13.16084494476312,59.93407191016567,0,2026-10-06 01:36:15
2026-10-05 06:20:00,CNC-03,H,295.4080974269929,309.57732018796247,2055.5451422825204,33.36091761731409,81.69642593276936,2.727629546646489,13.053466726877824,62.53194081098614,0,2026-10-06 01:36:15
2026-10-05 11:54:00,CNC-01,L,297.6268681992674,311.6270151070222,1477.7313371333544,47.993998755679705,34.984264493667204,2.167349933477814,12.976897319404513,54.10361140440328,0,2026-10-06 01:36:15
2026-10-05 12:54:00,CNC-02,M,297.30582194806556,311.54733301115607,1370.702828092261,53.161531817451554,53.7807856902121,2.149375567606965,13.705224796125847,54.940922799571936,0,2026-10-06 01:36:15
2026-10-05 08:35:00,CNC-03,H,295.4184530535417,309.1639114793862,1597.5039734931568,43.4089948345701,11.909209061758418,2.2325918019850715,12.977405039720157,61.23641742464987,0,2026-10-06 01:36:15
2026-10-05 02:06:00,CNC-03,H,297.9486915699919,309.8608930681458,2689.750251556186,17.037036239774267,44.03450702078009,3.180893043103641,8.548417574048008,50.23036268559653,0,2026-10-06 01:36:15
2026-10-05 19:42:00,CNC-02,M,299.21263911804607,313.72435528527876,2430.597153451997,27.36763802278753,179.58486683659586,3.4379788522050303,12.463548440779153,52.446278181949864,0,2026-10-06 01:36:15
2026-10-05 05:32:00,CNC-03,H,296.0433627735767,309.47548124004555,2114.9449674956936,30.46172026729192,17.990220760588223,2.7271649259394035,,57.807636865018324,0,2026-10-06 01:36:15
2026-10-05 14:19:00,CNC-01,L,298.8036308817052,312.7204644127387,1620.3758236902122,44.05062492971346,73.29037590074228,2.3390408785063124,13.200241092897866,54.04832157059903,0,2026-10-06 01:36:15
2026-10-05 09:21:00,CNC-03,H,295.3032792532934,309.9054453038642,1603.5010340992285,47.99214938651772,81.75812477071655,2.2050338329349075,14.404572251233,63.76022434335759,0,2026-10-06 01:36:15
2026-10-05 13:47:00,CNC-02,M,297.44193830719934,311.76716360821626,1315.9152768920715,51.415470772969634,137.466488989588,2.2714699165533134,12.783314650416406,56.56626077711452,0,2026-10-06 01:36:15
2026-10-05 10:54:00,CNC-02,M,295.9785198569284,310.13610632183514,1428.356099948556,49.183426277360624,79.02870157787147,2.1554302890203174,13.190670557486653,,0,2026-10-06 01:36:15
2026-10-05 12:14:00,CNC-02,M,296.4394433464341,311.686425469044,1452.5202824454952,53.24013744957638,206.18104272269403,2.781181193749354,14.568755346507917,55.73747379336696,0,2026-10-06 01:36:15
2026-10-05 10:43:00,CNC-01,L,297.1030545090958,311.60549383385415,1379.5648002185335,54.35162553888009,140.63645612118688,2.3161316504824976,14.278458426604747,58.367728472437854,0,2026-10-06 01:36:15
2026-10-05 23:46:00,CNC-02,M,24.737308892211672,36.50252164736452,2842.0927624542237,12.497816800222454,19.135029927496984,3.312740258366109,6.320488580955327,55.170912281223124,0,2026-10-06 01:36:15
2026-10-05 06:50:00,CNC-01,L,296.42612220605497,311.35493587876596,1956.262134547607,38.278771358300446,225.44235383923785,36.78514429352279,14.222092266433702,60.83675832903917,0,2026-10-06 01:36:15
2026-10-05 16:42:00,CNC-02,M,298.8913174863542,313.33786191588734,1725.0545401898873,39.80819719917366,186.58618072393307,2.916673490237617,12.801583459564103,52.7802462891361,0,2026-10-06 01:36:15
2026-10-05 02:05:00,CNC-03,H,298.0831144354844,310.27413852425104,2564.5431037858943,19.92589640409034,42.97492854784255,3.044084396623819,9.292506894727392,58.69888890068667,0,2026-10-06 01:36:15
2026-10-05 19:27:39,CNC-02,M,299.1206319158797,313.8421782378034,2308.5711756325395,30.66400735121982,163.69233220764923,3.2153275670882384,13.452897255996676,54.997133702252796,0,2026-10-06 01:36:15
2026-10-05 07:42:00,CNC-03,H,295.6077639953231,310.62834626439366,1693.9124015051932,45.81846755599098,196.69968805324564,2.7963255719142617,14.514331377372496,65.49804615068899,0,2026-10-06 01:36:15
2026-10-05 08:52:00,CNC-03,H,295.25155470226684,309.3527004850595,,45.872441684738746,37.57783064052692,2.3285393747810277,14.192992095277338,65.26124746457434,0,2026-10-06 01:36:15
2026-10-05 04:07:00,CNC-03,H,297.0890527011997,311.26019361703476,2337.856656385461,27.429633570777124,183.22553350952154,3.3917830108164737,12.041281223442924,54.97744817543933,0,2026-10-06 01:36:15
2026-10-05 17:20:00,CNC-02,M,298.9482829827369,314.66234542390316,1969.128868831395,40.713743811531614,239.57980264121238,3.667113147248213,14.969072004470165,49.83314323113596,0,2026-10-06 01:36:15
2026-10-05 08:49:00,CNC-03,H,295.60259717272163,309.57214564821516,1488.801557691646,45.50102854019631,33.086233969996165,2.1642950592768537,12.78219496868606,59.36666422442005,0,2026-10-06 01:36:15
2026-10-05 18:15:45,CNC-01,L,27.236277781928663,42.46995087802708,2013.2753512072711,39.401061461707634,188.87793348375084,3.284088467686234,15.025623993109434,55.52394176243204,0,2026-10-06 01:36:15
2026-10-05 10:10:00,CNC-01,L,296.47548083025,310.7364216518944,1495.4092688263297,48.58334150927392,88.63077518965513,2.2297871589855056,13.359132919762178,60.44500715322336,0,2026-10-06 01:36:15
2026-10-05 12:36:00,CNC-02,M,296.75319600358506,310.68040659970455,1578.9923827867215,41.902765577796174,25.277545604498933,64.69948628048199,12.68038635293382,56.62678296866651,0,2026-10-06 01:36:15
2026-10-05 13:07:00,CNC-01,L,298.56679762807903,313.44904808533886,1364.0661808618975,55.760995605997714,150.49179098991854,2.377801840817979,14.481303256980764,56.174780863324166,0,2026-10-06 01:36:15
2026-10-05 17:53:00,CNC-01,L,300.0518881971396,314.76665116012714,1974.6478415546344,37.40916700795479,158.52982997327064,3.0255268281350145,13.76036126952399,56.42014695254296,0,2026-10-06 01:36:15
2026-10-05 09:16:00,CNC-03,H,295.6061759165121,309.7611639263848,1478.7046866700214,47.21265830319044,74.16626332784078,2.1820625716586437,13.158665104987612,,0,2026-10-06 01:36:15
2026-10-05 08:30:00,CNC-03,H,295.3913815226671,309.0054367142055,1574.2054320485777,1473.0994619752412,4.441679922255036,2.273248055767219,13.061916220079475,61.50166205989678,0,2026-10-06 01:36:15
2026-10-05 01:42:00,CNC-02,M,298.0772106068101,310.1511492734866,2649.9318307667468,16.57380135647694,49.93330859136479,3.174530115619565,8.182386491148435,54.33349846243686,0,2026-10-06 01:36:15
2026-10-05 16:11:00,CNC-03,H,299.4694987372105,314.4762354492781,1881.1299759943736,41.307096537293305,205.076400715428,3.051118964455039,14.185483030083821,50.147053456273596,0,2026-10-06 01:36:15
2026-10-05 17:24:00,CNC-01,L,299.888709100245,313.7297277292723,1969.7107254336993,34.15302698503201,3976.9670769088934,26.554470863714293,12.592217240195222,52.50874208836678,0,2026-10-06 01:36:15
2026-10-06 00:01:00,CNC-02,M,,37.214697103141475,2772.60128689591,17.49137051333155,34.97760747597525,3.3710286022518416,9.134448247483343,54.6169253854047,0,2026-10-06 01:36:15
2026-10-05 03:04:00,CNC-01,L,297.68625960581755,311.0722153734036,2454.435043341591,24.450198991852602,136.59064274955873,31.708635797616132,11.158326035199288,57.36439056731267,0,2026-10-06 01:36:15
2026-10-05 14:10:00,CNC-03,H,297.9953063439402,312.1225175300522,1521.342859362007,49.56931970810609,21.755127706362344,2.22718477802061,14.32251924090347,56.614933325321736,0,2026-10-06 01:36:15
2026-10-05 06:49:00,CNC-02,M,296.05816680248006,310.7009767580139,1715.0707826511386,41.063861835050275,191.10204844600526,2.8543268231361285,13.145963527002953,60.74992357517325,0,2026-10-06 01:36:15
2026-10-05 13:59:00,CNC-02,M,297.5401715934672,311.99771229941643,1390.7997298417465,47.99450326960421,156.25830342651622,2.4013952801277605,12.616854689611552,52.2839187444507,0,2026-10-06 01:36:15
2026-10-05 13:52:00,CNC-01,L,298.43721093038516,313.0083124340988,1560.114308391954,49.73080003256592,31.42725300291093,2.2440119063751287,14.736042473453072,52.984782871778876,0,2026-10-06 01:36:15
2026-10-05 07:50:00,CNC-03,H,295.09478190819385,310.0579330357917,1632.9189209757433,47.26903997869661,208.41766716533172,2.8408667844755513,14.561494684858847,59.02394551117008,0,2026-10-06 01:36:15
2026-10-05 23:45:00,CNC-01,L,26.35030656245408,38.94881164732868,2606.537722816089,16.848045390438724,167.30527503934275,36.16652451352429,8.198608224210062,51.5541347337727,0,2026-10-06 01:36:15
2026-10-05 19:57:00,CNC-03,H,300.3609763673814,313.9356653653758,2352.731186757342,28.29289133876118,8.424449950028173,2.982632606862943,12.388038682773521,49.564770132457674,0,2026-10-06 01:36:15
2026-10-05 14:44:00,CNC-03,H,298.22697770422945,312.4669283994664,1535.5145407154505,46.28434877488418,74.60694430571947,2.1893021441745772,13.215286635862272,54.4964726341464,0,2026-10-06 01:36:15
2026-10-05 20:43:00,CNC-03,H,300.29314960207097,,2551.6871164299673,19.323324709988498,62.1215290935992,3.168574711850921,8.993022874273127,53.369437319096825,0,2026-10-06 01:36:15
2026-10-05 20:19:00,CNC-03,H,300.3912682155108,312.50413977930197,2255.118748257904,21.111085669622856,34.454313470517,2.8785918371749535,9.08156694100775,52.1040284235259,0,2026-10-06 01:36:15
2026-10-05 22:56:00,CNC-01,L,299.7234869532179,313.0257842221013,2517.6229833034286,21.838832772629,115.18967809057334,3.208919374739894,10.710228213567621,50.42439755294308,0,2026-10-06 01:36:15
2026-10-05 14:45:00,CNC-01,L,298.990516002684,313.3499709707219,1597.1842543899818,44.27447015939189,113.29755231387097,2.3963402657054043,13.287817823873164,48.92334607691893,0,2026-10-06 01:36:15
2026-10-05 16:16:00,CNC-01,L,299.87233857018674,314.5157515197625,1822.5544647920647,44.52779556080148,23.350291525075598,2.444237876625759,15.371338301268528,55.7198836862117,0,2026-10-06 01:36:15
2026-10-05 18:49:00,CNC-02,M,31.71612356889966,40.25861954486311,2242.7007507365947,31.933823841426197,113.77026402623113,2.92671596131415,13.449029194813958,47.27886412157534,0,2026-10-06 01:36:15
2026-10-05 22:12:00,CNC-02,M,298.27953984659166,311.20018120623297,2647.2854725912875,17.463887172212765,,3.3910686421914997,8.65212311888656,57.08358635169615,0,2026-10-06 01:36:15
2026-10-05 09:57:00,CNC-01,L,296.8266403579629,310.39138184747077,,40.7434743970677,68.23222557306032,2.2507651037977356,12.318630790152334,55.16146430007115,0,2026-10-06 01:36:15
2026-10-05 02:50:00,CNC-02,M,297.5944931476931,311.3116409356888,2362.8196144054236,26.10602614789022,125.22384027503375,3.0483828271376314,11.848601451524855,62.31811005324945,0,2026-10-06 01:36:15
2026-10-06 00:42:00,CNC-03,H,298.6752051667659,309.80334936685153,2712.9875057024647,12.58476764454056,54.15949258728761,3.3032736762099266,6.31204784987893,59.56732806900872,0,2026-10-06 01:36:15
2026-10-05 08:26:00,CNC-01,L,296.40186744739424,311.41879001914606,1765.321288354212,44.09760013822397,135.5036743513001,2.5751435402423963,14.527460322843794,58.17360609305299,0,2026-10-06 01:36:15
2026-10-06 00:12:00,CNC-02,M,24.663513865678624,37.138556602446386,2738.766564126578,15.49398859884292,46.637300325483054,3.2067223189108827,7.966264247823758,56.263221850057576,0,2026-10-06 01:36:15
2026-10-05 12:54:00,CNC-01,L,298.49620009506185,312.96180367652454,1376.72163832052,53.44293898561206,130.00487866116978,2.2556930522761878,13.548342074898445,56.12224901153334,0,2026-10-06 01:36:15
2026-10-05 14:33:00,CNC-03,H,298.5239043163311,312.6784631625396,1553.6127533467106,46.891698470105204,57.59952528764532,21.555150173413487,13.714380394718084,53.968150582396675,0,2026-10-06 01:36:15
2026-10-05 03:26:00,CNC-01,L,297.2667286085186,310.3827384163325,2493.9111947064166,21.27124512337727,162.00532769340958,3.4248557089830425,10.044231554990693,54.88017967898254,0,2026-10-06 01:36:15
2026-10-05 04:03:00,CNC-01,L,296.73987116316226,309.74430067249233,2279.2031852615505,27.50894357708102,9.484154404062876,2.85471933252885,11.789289546743698,55.536310042784166,0,2026-10-06 01:36:15
2026-10-05 17:21:00,CNC-02,M,299.0831319905779,313.92200465737386,1831.7275497844914,38.74476589134082,240.96027318904066,3.4421235071240153,13.166497911171755,52.623904546804,0,2026-10-06 01:36:15
2026-10-05 17:56:00,CNC-02,M,304.73216291827936,312.2463175329453,2002.1834161022177,31.612138109717545,44.616046288764565,2.5919025592819365,11.6165226891379,44.286227681321,0,2026-10-06 01:36:15
2026-10-05 01:44:00,CNC-03,H,298.7421546551541,310.5042355738508,2740.440454470433,16.45096327745461,20.12222092089428,3.35681215246157,8.298709673885346,52.255097765412735,0,2026-10-06 01:36:15
2026-10-05 02:46:00,CNC-01,L,297.57069563629665,310.32288550460396,2616.138435033048,20.293061157834742,116.31886834135618,3.3221335107661916,9.984558163450377,54.950852228565566,0,2026-10-06 01:36:15
2026-10-05 15:38:00,CNC-02,M,298.42026075338674,312.7671853086095,1488.0025016678705,47.82847298145057,93.55535464680459,2.2115137763577253,13.352819303904269,56.14441440645039,0,2026-10-06 01:36:15
2026-10-05 20:29:00,CNC-03,H,300.0636666952834,312.4520232318693,2358.0276489126973,21.558496866542615,46.134527992337695,2.8982052225734947,9.683661317214067,50.82676251740532,0,2026-10-06 01:36:15
2026-10-05 11:09:00,CNC-01,L,296.87390459542496,311.2012933016515,1248.7306339998524,52.08127501585975,181.9458931061523,2.5476981265411474,12.379458291695597,58.18997629506156,0,2026-10-06 01:36:15
2026-10-05 15:43:43,CNC-02,M,298.13856617314946,311.80462412175353,1591.6384006737844,37.709299582918014,102.44152245558149,2.324858883259085,11.347545794823299,52.80339729156264,0,2026-10-06 01:36:15
2026-10-05 10:57:00,CNC-01,L,296.9119641910759,311.5112926762724,1379.6319467507103,52.51660331307357,162.88362285617345,2.530939250114726,13.48442883710542,59.543239654728325,0,2026-10-06 01:36:15
2026-10-05 01:48:00,CNC-01,L,298.1550182992498,311.00789789007916,2638.7189633873954,20.49280037689473,51.813611227131624,3.16797219215864,9.896942701786251,56.81112808236329,0,2026-10-06 01:36:15
2026-10-05 17:13:00,CNC-02,M,298.9280185957927,313.9372876349262,1826.2037610561488,40.26215986524144,229.85038089525906,3.382884168054432,13.596257669978955,51.34414512036663,0,2026-10-06 01:36:15
2026-10-05 10:20:00,CNC-02,M,295.74864558910264,309.6238821256207,1395.282992279613,51.280173123416226,25.3205671822193,2.071089499226962,13.477884685095205,58.24513814562719,0,2026-10-06 01:36:15
2026-10-05 05:17:00,CNC-01,L,302.1841047577676,310.1162711693892,2066.4593923111934,31.582730009477164,101.31124918297907,2.7157669461218377,12.271943148095847,48.48676501702092,0,2026-10-06 01:36:15
2026-10-05 15:17:00,CNC-02,M,298.32078437515423,312.73327446760607,1601.969928016157,44.445462194256116,62.31527752648393,2.276397660443476,13.238798536630021,51.984009841037704,0,2026-10-06 01:36:15
2026-10-05 05:32:00,CNC-01,L,301.92751713231127,309.951628578773,2124.450874865202,32.109147117261976,120.53581920605139,2.8817522046207316,12.95650635250098,47.07672710670835,0,2026-10-06 01:36:15
2026-10-05 20:11:00,CNC-03,H,300.2409959473072,312.9920865845972,2498.6988491888746,21.027163808167817,25.064022169012855,3.0472759509946084,9.756876686161759,49.56763678435033,0,2026-10-06 01:36:15
2026-10-05 08:28:00,CNC-03,H,295.105111158973,308.9533095094325,1694.4829990684234,42.26822729550844,1.4665425398294305,2.3042502241207052,13.393897744123745,64.77340686883474,0,2026-10-06 01:36:15
2026-10-05 04:21:00,CNC-03,H,296.6255935912929,310.6704154700327,2412.7986539156527,26.92415045994874,200.2947423180044,3.5351291962029996,12.074105720068383,56.80864506047836,0,2026-10-06 01:36:15
2026-10-05 10:09:00,CNC-01,L,296.5737598992729,310.45428723883316,1384.374214315227,50.238794945127744,87.07407183172944,2.1459549633628807,12.84448171713007,58.374913304777756,0,2026-10-06 01:36:15
2026-10-05 11:58:00,CNC-03,H,301.77564602052405,309.76883078011696,1310.0350307115402,52.7450353677286,55.520747616229926,2.0424292621443976,12.822476962941352,49.25162437738933,1,2026-10-06 01:36:15
2026-10-05 19:02:00,CNC-01,L,27.105651865817435,41.45656991864115,2118.1961082204584,34.89672631175316,55.21599598014576,2.7183880070291964,13.905208299921153,52.71388116099002,0,2026-10-06 01:36:15
2026-10-05 09:11:00,CNC-03,H,295.4716576428953,309.76574599579124,1529.823017871014,46.569871992935816,66.50077111436677,2.282623335491413,13.199192285203026,56.73206780202436,0,2026-10-06 01:36:15
2026-10-05 04:11:00,CNC-03,H,296.6385528197386,310.36495319523664,2238.0635096490064,940.0038307077165,188.1394180239915,3.2219738689123223,11.67575492264391,55.776854890447,0,2026-10-06 01:36:15
2026-10-05 15:31:00,CNC-01,L,298.8990853935648,313.4838356492166,1600.4592767548295,44.438115902286974,183.07974495949702,2.8145630896558935,13.434420076827756,50.75814106697766,0,2026-10-06 01:36:15
2026-10-05 18:40:00,CNC-02,M,31.70963162612054,40.36229441475837,2125.8501464207384,33.96926685284066,102.24914051926953,2.7964984377073643,13.690574776253971,45.19258581849688,0,2026-10-06 01:36:15
2026-10-05 16:17:00,CNC-03,H,299.4262940855371,314.26942334821433,1714.756896653155,43.20114718826074,213.678175902054,2.9386776433978516,13.828002742160121,52.719812580460214,0,2026-10-06 01:36:15
2026-10-05 04:30:00,CNC-02,M,296.7119278019676,309.61999521298856,2353.1566082430427,24.774611267241955,9.795480912665694,28.965689969233658,10.99149197008972,58.585422961039995,0,2026-10-06 01:36:15
2026-10-05 11:51:00,CNC-03,H,302.3100437843019,310.4638648192161,1415.8301408593697,50.865661552855435,44.46880270301911,2.130412919309983,13.553206103682433,47.76978285082667,0,2026-10-06 01:36:15
2026-10-05 15:36:00,CNC-03,H,299.08360169852114,313.99283676487295,1659.6490183994672,45.52701634177505,153.2936990550433,2.5927863025159255,14.27107529645485,53.287384042706954,0,2026-10-06 01:36:15
2026-10-05 21:10:00,CNC-02,M,298.7191963255175,311.47435611749313,2383.102325796665,21.012812672804962,74.7958395018737,2.978142623711882,9.423791333793808,52.23092704355512,0,2026-10-06 01:36:15
2026-10-05 20:38:00,CNC-03,H,300.1801589160633,313.2807332219644,2441.102509341435,24.32779369147209,56.38785351846921,29.330706604173667,11.353350886060563,49.87023634388685,0,2026-10-06 01:36:15
2026-10-05 07:17:00,CNC-03,H,295.5369829518887,310.82475950538077,1754.618317976221,46.94071988210339,161.07563741338888,2.6380929742835137,15.47274078805284,58.86305435355837,0,2026-10-06 01:36:15
2026-10-05 09:34:00,CNC-03,H,295.6270452710638,309.65057116400254,1409.828582997432,47.56909566930891,101.93861507208086,20.251835847374846,12.675582606445742,57.02841020203417,0,2026-10-06 01:36:15
2026-10-05 19:07:00,CNC-03,H,26.64928730646102,41.003582309345006,2238.6060141268727,31.129958636069393,194.01181103843174,3.2030225461583535,13.134288628215439,56.60055202126823,0,2026-10-06 01:36:15
2026-10-05 07:39:49,CNC-02,M,295.92315848435493,309.4821721419308,1747.2367456229838,36.79561778058457,41.53619623474475,2.359506252026619,12.158817868916673,59.69615014877009,0,2026-10-06 01:36:15
2026-10-05 16:38:00,CNC-03,H,299.5571137057963,314.79115412263644,1754.8928104784516,43.75556101756644,243.89214219907475,3.269657977097003,14.295915768449483,49.4491383825061,0,2026-10-06 01:36:15
2026-10-05 21:51:00,CNC-02,M,298.5806188877519,311.70874169711067,2654.9309037543003,18.74288851537117,120.37297847751854,3.355930110800177,9.272502244816229,53.56638744990814,0,2026-10-06 01:36:15
2026-10-05 09:52:00,CNC-01,L,296.52048523294684,310.11899033269435,1314.0784660546371,48.97858079064626,60.467802427101105,1.937494651499187,12.030088172910883,55.61248028280099,0,2026-10-06 01:36:15
2026-10-05 20:51:00,CNC-03,H,299.9389356804253,313.0194737960269,2236.5475660361158,26.579127353447696,71.45507877564292,2.769679043044207,10.973433162793144,52.276465061238035,0,2026-10-06 01:36:15
2026-10-05 15:05:00,CNC-02,M,298.12919264902354,312.3266355123546,1536.60276823127,46.56737741741298,44.32606063832647,2.070560336391606,13.595814309581696,53.06639468951414,0,2026-10-06 01:36:15
2026-10-06 01:28:00,CNC-02,M,296.90498322409434,310.613331348059,2684.52588953224,21.15573408938267,127.60016385546054,33.98241712734014,10.559555646381824,55.28768692825294,0,2026-10-06 01:36:15
2026-10-05 09:52:00,CNC-02,M,295.76526803730457,311.38385418474627,1469.4657016883232,54.6847805479634,238.61153167532387,3.2917838166497524,15.256742820217791,59.281595789289455,1,2026-10-06 01:36:15
2026-10-05 19:35:00,CNC-02,M,299.34752445001476,313.89428796406025,2263.170770154674,29.583900141698265,171.0235229700227,3.276873075721344,12.509704392096786,52.67527990178973,0,2026-10-06 01:36:15
2026-10-05 13:17:00,CNC-02,M,297.21910664898235,311.89841992914234,1415.1016404781024,52.192254628945314,90.21985335828309,2.190174847527804,13.91363906450128,62.47072118687835,0,2026-10-06 01:36:15
2026-10-05 14:47:00,CNC-01,L,298.64768902046285,313.83187165454933,1595.23585959508,51.676201233028706,116.3541046093146,2.357449712009838,15.414357765035046,54.96260275806161,0,2026-10-06 01:36:15
2026-10-05 18:44:00,CNC-03,H,26.70893365737703,40.578698211493645,2175.3939039353004,30.611993592035898,164.535963822784,3.0522262289449102,12.278969666193275,46.75546331167385,0,2026-10-06 01:36:15
2026-10-05 16:04:00,CNC-02,M,298.39145925203593,312.7611144524163,1708.2383738362691,40.13148742609278,131.8935308500029,2.4696606304812523,13.057492726978946,53.74806409416139,0,2026-10-06 01:36:15
2026-10-05 23:41:00,CNC-03,H,26.159021838616525,39.25231031721671,2831.5096040095923,15.829071728282186,257.3389566945121,4.532253184524897,8.155449297098974,50.39761711860108,0,2026-10-06 01:36:15
2026-10-05 06:05:41,CNC-01,L,302.01820046504696,310.7566894732955,1964.9388876564474,38.882534116028076,164.14148597673707,3.0591947108546913,14.343125596054893,53.984696231370854,0,2026-10-06 01:36:15
2026-10-05 17:34:00,CNC-02,M,298.9358541206733,312.4551777652365,1959.1917957561743,31.38638230837189,15.10448837668784,2.5484740644843025,11.540403238002458,57.120352963474254,0,2026-10-06 01:36:15
2026-10-05 04:40:00,CNC-01,L,302.31640331825395,309.5932313806522,2250.4374258997696,27.73759721725954,54.70542746457565,2.8373262566252664,11.753183077470359,50.18237645483452,0,2026-10-06 01:36:15
2026-10-05 13:57:00,CNC-03,H,298.08992120987085,311.6102905203381,1438.171569380618,47.22740534026991,1.5504532977638674,1.976617363744881,12.886713873553168,54.058635869681495,0,2026-10-06 01:36:15
2026-10-05 10:47:00,CNC-01,L,297.26515159005055,311.6251821816755,1429.0258051769674,48.512011763446,146.97167417215135,2.370796045142806,12.9271608949864,56.60852522380576,0,2026-10-06 01:36:15
2026-10-05 01:54:00,CNC-03,H,297.9643933742827,310.8801939936297,2505.833704894085,22.73560537999591,30.935157408602105,30.141802692562468,10.712136461794737,57.674424938192494,0,2026-10-06 01:36:15
2026-10-05 12:33:00,CNC-01,L,297.8471452189633,311.9495718154946,1489.0827095405466,48.147476532050874,96.74694889192362,2.211394883923788,13.498072547908409,56.60809307510461,0,2026-10-06 01:36:15
2026-10-05 12:20:00,CNC-03,H,301.92196387145935,309.83412073291004,1346.3056437728073,49.91588669759509,90.43084432751847,2.007610984666295,12.59338083400242,46.37441067301654,1,2026-10-06 01:36:15
2026-10-05 07:13:00,CNC-02,M,295.6629848843532,309.54539457921106,1730.140637098149,39.96925013096264,1.4161730499770027,2.3658043463790315,12.805237764556228,59.61540590345953,0,2026-10-06 01:36:15
2026-10-05 17:58:00,CNC-01,L,299.8761384586512,315.1234156096767,2102.2740626917307,38.65557670274802,165.18467796957128,3.12773882613871,15.240734272149258,49.50176151048831,0,2026-10-06 01:36:15
2026-10-05 15:54:00,CNC-02,M,298.4490665354449,312.2765852746871,1601.845023402811,40.38050166377082,117.2141178070965,2.4185193803228655,12.19453029884218,56.89316678238779,0,2026-10-06 01:36:15
2026-10-05 04:56:00,CNC-03,H,296.12184170138926,311.56207187307524,2351.835247541373,33.49545463358505,243.52572530516431,3.7946026351508917,14.63172922393935,56.40414336402841,0,2026-10-06 01:36:15
2026-10-05 17:17:00,CNC-02,M,299.1710275844354,314.65686944259625,1796.464090132456,42.980584076209404,235.46671507332553,3.4395310183561834,14.657823998738763,53.891675350323794,0,2026-10-06 01:36:15
2026-10-05 16:24:00,CNC-02,M,298.4810561157102,314.2802321513229,1755.7336648909406,47.47382788396758,160.84559567484686,2.8276266229296065,15.690695622786043,53.43733327579379,0,2026-10-06 01:36:15
2026-10-05 04:50:00,CNC-03,H,296.110492816135,310.3861845561886,2374.2156542886505,26.2283016384424,236.12489467116035,3.633784994621883,11.781561747518772,57.73679855177307,0,2026-10-06 01:36:15
2026-10-05 09:01:00,CNC-02,M,295.96112805800016,310.92788775965323,1591.5133436460012,48.74827156535746,160.2577443338257,2.5958708702804443,,52.799550144884456,0,2026-10-06 01:36:15
2026-10-05 01:41:00,CNC-01,L,298.14762714353475,310.647836585541,2758.428951832088,17.704100087030543,44.06051398056154,33.36692937317222,9.285048269633451,56.73057258979274,0,2026-10-06 01:36:15
2026-10-05 10:29:00,CNC-02,M,296.21127932145316,310.34882848080093,1373.8898186162949,53.692289761661954,39.600750486961196,2.06715977518965,13.72410955577157,58.482108118403616,0,2026-10-06 01:36:15
2026-10-05 17:10:00,CNC-01,L,299.9645328746042,314.43611497669775,1756.1832166820323,41.62861093876001,99.86688952029687,2.500300342299122,13.436206751337966,47.91217416823217,0,2026-10-06 01:36:15
2026-10-05 09:36:00,CNC-02,M,295.76442974527794,311.1753768203028,1555.4220189123519,48.626066831636166,213.8372702423987,2.9845148436578315,14.103325800929156,58.739282048679556,0,2026-10-06 01:36:15
2026-10-05 10:46:47,CNC-03,H,295.9536908334883,310.611879940067,1432.57163820766,49.38875803767511,216.67881171781153,2.766871140691094,13.04812755856403,58.78180696996147,0,2026-10-06 01:36:15
2026-10-05 10:28:00,CNC-01,L,296.7562803899918,311.2243350345236,1430.5523618455486,51.62636533494581,116.86509480898003,2.210832663476897,13.932925591247187,58.61840118306271,0,2026-10-06 01:36:15
2026-10-05 19:55:00,CNC-02,M,298.78076111941834,313.16584129313617,2360.284391145855,26.981903388057003,195.1951411448885,3.5467347661796627,11.904044448960668,55.02176731425509,0,2026-10-06 01:36:15
2026-10-05 10:24:00,CNC-01,L,297.03710103198193,311.57709227896146,1411.0821363342118,51.35260814086954,110.53168365958982,2.181208840003695,13.796455541253485,56.8672737560592,0,2026-10-06 01:36:15
2026-10-05 10:58:00,CNC-03,H,295.90070794302517,311.2379320755439,1392.8316477243864,,233.99277486231165,2.8663217660856604,14.29041168241905,58.62640446280308,0,2026-10-06 01:36:15
2026-10-06 00:08:00,CNC-03,H,25.82317387928896,37.260707442935484,2826.2308983838902,13.838307911176157,18.225145244088026,3.3374190391191467,7.554791002492262,50.07203548777689,0,2026-10-06 01:36:15
2026-10-05 02:55:00,CNC-02,M,297.4403934851584,311.1244801319918,2515.366966074924,24.330559800085584,131.0027107110269,3.196931460239707,11.768870152002338,55.695858390644176,0,2026-10-06 01:36:15
2026-10-05 15:14:00,CNC-02,M,298.20912340050126,312.5347351976128,1657.762525597725,43.11660316166246,57.826203966232555,2.2907364606466594,13.28960084460424,55.992116773236816,0,2026-10-06 01:36:15
2026-10-05 12:36:00,CNC-01,L,298.1629923620265,312.27658277055997,1377.2122876828091,50.859433342016345,101.52363285605007,2.106872301694879,13.021657561943726,53.159669573208085,0,2026-10-06 01:36:15
2026-10-05 10:23:00,CNC-02,M,295.9060462378012,309.61962053191127,1318.6189144711116,51.02258661984944,30.104126889824002,1.9314612673211833,12.491806709034012,56.45467387296114,0,2026-10-06 01:36:15
2026-10-06 00:08:00,CNC-02,M,24.79222086235211,0.0,2722.2716678515067,12.052601445320466,42.401639373648464,3.2435002785070663,6.285348352360562,54.54995323311828,1,2026-10-06 01:36:15
2026-10-05 16:46:00,CNC-01,L,299.773656067486,313.60096800173716,1878.0284383864193,35.27271244466879,66.06704754703998,2.609488879707579,12.465999304812966,51.00354565223347,0,2026-10-06 01:36:15
2026-10-05 09:53:00,CNC-02,M,295.49391897971566,310.22572835693086,1355.8999773945056,51.289663640449945,240.20106908285743,,13.003333663848547,62.67945056512277,1,2026-10-06 01:36:15
2026-10-05 22:11:00,CNC-03,H,299.9110588737286,312.9976415564604,2738.7031874793897,19.841100961050838,160.68934844855173,3.542147864371991,10.14317740790105,48.326684530138145,0,2026-10-06 01:36:15
2026-10-05 22:52:00,CNC-02,M,298.20777346509783,312.0886278195658,2610.4462054379005,21.88387221373091,186.7711345612196,3.7326546954426743,10.532003733909985,58.675907837976084,0,2026-10-06 01:36:15
2026-10-05 03:44:00,CNC-02,M,296.99404681757517,310.889089821405,2381.891999159386,25.512181825383045,187.59281883493804,3.501389763376227,11.112026839211268,59.154286873458545,0,2026-10-06 01:36:15
2026-10-05 03:53:00,CNC-01,L,296.76213554330405,310.95674189389985,2414.30613844234,27.265075952019863,193.64315862064984,3.7011902053050356,12.458612646367976,59.53352196821429,0,2026-10-06 01:36:15
2026-10-05 17:28:00,CNC-03,H,299.70310562196534,313.5118825312852,1954.485450155583,34.3002446767976,64.12639141533167,2.6209691960127106,12.648324706566985,50.58522714436064,0,2026-10-06 01:36:15
2026-10-05 06:29:00,CNC-01,L,296.4824723754998,311.3801668494418,1944.6638613781492,38.637254933712725,196.58413475660927,3.351476363088219,14.210874672142657,59.09984925013875,0,2026-10-06 01:36:15
2026-10-05 20:34:06,CNC-03,H,300.10096788556075,312.4547604091297,2632.952726255627,17.929277759608915,51.86760901316368,3.2034171593988594,8.834640311773567,50.45445686816002,0,2026-10-06 01:36:15
2026-10-05 04:38:00,CNC-02,M,296.6089649160398,309.80645183799317,2207.7723186310686,28.783920836586695,19.828124613335532,2.6926191199242484,11.75058370117914,57.481029893198034,0,2026-10-06 01:36:15
2026-10-05 21:07:00,CNC-03,H,300.11809143315537,312.63589642063107,2601.4825981376953,18.338953246134466,89.63993615984185,3.1713846179982905,8.927813256844294,1744.0960964064934,0,2026-10-06 01:36:15
2026-10-06 00:00:00,CNC-03,H,26.091083456196372,37.039029069281014,2774.463359244743,11.036893657071941,9.643695713798028,3.244404439933584,5.822673160952703,48.052176231794014,1,2026-10-06 01:36:15
2026-10-05 10:14:00,CNC-01,L,296.54545065019227,310.3799377921636,1350.0423795064112,48.74771649097997,94.88952121466662,2.0435870616155327,12.471408184850825,56.60274213865042,0,2026-10-06 01:36:15
2026-10-05 02:03:00,CNC-03,H,298.0118998784336,310.56633749327,2587.0591014738884,19.4494678332157,40.78386083937745,3.2216158544932387,9.244502401911516,53.29893457400094,0,2026-10-06 01:36:15
2026-10-05 21:11:00,CNC-01,L,300.3313115970705,311.89825235176363,2400.6190184352517,17.780997150281316,0.0,2.912728150043906,7.778685187488158,56.46297609420772,0,2026-10-06 01:36:15
2026-10-05 03:32:00,CNC-03,H,296.8509546156405,309.7421568818422,2435.722169360761,21.441730969147127,141.72473029233913,3.1710317784777553,9.62995849048977,59.45304940988043,0,2026-10-06 01:36:15
2026-10-05 14:05:00,CNC-01,L,298.6193794813626,313.0044166828911,1527.6725198005126,49.15787082914116,51.70651497933461,2.1495930856206082,13.980067964496811,55.2063054620844,0,2026-10-06 01:36:15
2026-10-06 01:16:00,CNC-01,L,298.98298542723217,311.26118365230843,2622.3885053215354,18.369089935522233,51.12823345965481,3.3155780814699636,9.184902871783642,48.86142766603545,0,2026-10-06 01:36:15
2026-10-05 07:27:00,CNC-02,M,295.87721849499275,310.2490853191363,1749.7752450767161,42.83479781811485,21.44761411408681,2.3288594443697477,14.058500172107042,62.314322345059544,0,2026-10-06 01:36:15
2026-10-05 05:57:00,CNC-03,H,295.607643309249,309.3474657423727,2056.3477907549986,32.61615575235518,50.74927587063042,2.708447165253479,12.684001779069272,56.959162371008546,0,2026-10-06 01:36:15
2026-10-05 18:25:00,CNC-02,M,31.456636169976093,40.11611981519644,2146.0135259730255,34.38707095531628,82.83712243334705,2.6822066458373075,13.677210865855812,38.3319932954848,0,2026-10-06 01:36:15
2026-10-05 15:06:00,CNC-02,M,298.08163524279774,312.11843431533055,1705.7456414160276,41.39572576798288,45.78478510317613,2.3247038339099544,13.262881523702887,51.5476217279487,0,2026-10-06 01:36:15
2026-10-05 04:35:00,CNC-02,M,296.68860992471616,309.93700818405995,2182.4667358036595,28.779082513160187,16.042419861227778,2.821587448317817,11.940287286022448,54.52660730187872,0,2026-10-06 01:36:15
2026-10-06 01:20:00,CNC-02,M,297.41013912060373,310.6685294086904,2614.165216062179,19.102183814863746,119.10314765658869,3.2233103051119736,9.607780904814824,59.962591038865085,0,2026-10-06 01:36:15
2026-10-05 07:19:00,CNC-03,H,295.56084000008485,310.03686318932716,1896.038703739606,39.27873479420344,163.9299381921303,2.929521354978457,13.703834479854203,60.362435200277595,0,2026-10-06 01:36:15
2026-10-05 05:09:00,CNC-01,L,302.2220897767672,309.95406520646975,2232.443487027133,29.330277697964647,90.9693135175491,2.9280158221002273,12.173469337873437,44.50929895493062,0,2026-10-06 01:36:15
2026-10-05 12:10:00,CNC-01,L,297.771127741283,311.91927100185336,1474.49927918776,47.972440260738466,60.34737163736098,2.0872068726333297,13.15721595761295,55.19282599458665,0,2026-10-06 01:36:15
2026-10-05 14:06:00,CNC-01,L,298.4695005554092,312.53105201891753,1575.8802175683109,45.73195195410608,53.23342591129838,2.225349979117772,13.27755803045806,52.53613295304068,0,2026-10-06 01:36:15
2026-10-05 18:29:00,CNC-01,L,27.115437771882398,41.025800984715374,2065.3677894838333,33.697369397237246,13.094163650449703,2.7171733387833634,12.951288516235467,50.53780406533868,0,2026-10-06 01:36:15
2026-10-05 19:17:00,CNC-01,L,27.433363153477558,41.07774750371715,2225.2663208329745,28.562970938561666,73.94914481008625,2.8384872202447724,11.858088377930027,55.13671086462445,0,2026-10-06 01:36:15
2026-10-05 18:26:00,CNC-03,H,26.614162781552125,40.67957411995508,2228.6493399090805,30.54499071846221,141.2728678658456,3.007301191862563,12.724959486845762,54.18402770770415,0,2026-10-06 01:36:15
2026-10-06 00:15:00,CNC-01,L,26.22725897369787,39.813606449500526,2657.1461010847634,22.211237649183865,199.08250864468428,4.018698339425993,,49.76274692044179,0,2026-10-06 01:36:15
2026-10-05 12:09:00,CNC-02,M,296.28785362343103,310.8727304813016,1352.1384199448185,53.1594100308411,198.25419731842786,2.519264002346832,13.344353109048438,57.057783786325984,0,2026-10-06 01:36:15
2026-10-05 04:17:00,CNC-03,H,296.463934710828,310.48849586631013,2245.30368422836,27.640523700508137,195.49707117118928,3.340042778382545,11.499090442045823,59.20934431767834,0,2026-10-06 01:36:15
2026-10-05 06:58:00,CNC-03,H,295.70580301612335,310.1048398744909,1868.1034320921467,38.69084717367954,134.2681490118927,2.5809233556514894,13.806532379587853,54.06046729666264,0,2026-10-06 01:36:15
2026-10-05 17:16:00,CNC-02,M,299.09204397803694,314.53091094487297,1816.8809451635648,42.91150918625624,234.05180162390982,3.434561562665698,14.586427744079801,50.23544621420261,0,2026-10-06 01:36:15
2026-10-05 11:10:00,CNC-02,M,295.6708223528807,310.4755418818645,1413.5326517391509,53.49983699341105,104.40608108806616,2.2210652081145743,14.009733734601562,58.387538800153116,0,2026-10-06 01:36:15
2026-10-05 19:00:00,CNC-03,H,26.83867784755637,40.98917061071461,2135.388491898986,30.443018017298,185.07717216970596,3.1570305260214564,11.96813672465666,50.77428510980485,0,2026-10-06 01:36:15
2026-10-05 17:33:00,CNC-02,M,298.7943458566371,312.41861992043033,1892.7957115967508,34.6181413835176,13.76226575992327,2.454745925394007,12.047179864106031,56.01748498092067,0,2026-10-06 01:36:15
2026-10-05 12:01:00,CNC-01,L,297.6258811928273,310.9826131902815,1347.3979777966942,47.11139589786228,46.13151656562283,2.2202999459596713,11.831863834610854,57.35895610096083,0,2026-10-06 01:36:15
2026-10-05 11:36:00,CNC-03,H,301.8576481954729,309.61301037104164,1338.6109177755502,51.25988184521282,20.62312283053497,2.0793364379464094,12.718841688599813,50.417258549711,1,2026-10-06 01:36:15
2026-10-05 13:56:17,CNC-02,M,297.53225534916,311.75402274450624,1499.1225992421325,45.20239127793262,151.56408619764701,23.54330040360326,12.641934108317246,55.25744585503303,0,2026-10-06 01:36:15
2026-10-06 00:12:00,CNC-03,H,25.889096373618884,37.76994426478382,2664.324273488476,16.77508806609565,22.463193931166334,3.1747033568625924,8.51487474049116,50.913366610456706,0,2026-10-06 01:36:15
2026-10-06 00:11:00,CNC-02,M,24.67301339029217,36.014051370592085,2760.318836392399,12.365968043445267,45.57232472831187,3.2534957605989487,6.290450975885684,54.71106734475249,0,2026-10-06 01:36:15
2026-10-05 03:18:00,CNC-02,M,297.2016851553976,310.67609514774347,2334.744826228522,25.098129799298064,157.19838489605732,3.1997289570629386,11.03817300518196,58.408441310380695,0,2026-10-06 01:36:15
2026-10-05 12:49:00,CNC-02,M,297.1181159128764,311.45309273670887,1369.7070362797294,52.027732717194006,45.848710383355176,2.001284039978138,13.205583057404713,56.345691802975445,0,2026-10-06 01:36:15
2026-10-05 23:39:00,CNC-03,H,26.481899069020756,39.87266350398659,2709.0286642700307,19.63481155998975,255.2271373067644,4.345066923245096,9.945347705905162,55.643845840016624,0,2026-10-06 01:36:15
2026-10-06 01:12:00,CNC-02,M,297.59538576914923,310.46365944367216,2714.3586853410616,18.13425346608439,110.5134008891858,3.3798278764789442,9.363981774248973,55.385279595552646,0,2026-10-06 01:36:15
2026-10-05 02:02:00,CNC-03,H,298.0181929195247,310.68736501001285,2545.453301479719,21.41741366074802,39.66857132378013,30.793004801209026,10.15393578814259,55.50670799509887,0,2026-10-06 01:36:15
2026-10-05 21:18:00,CNC-01,L,300.5038707728058,313.3288854838388,2380.609719908551,24.467298283078698,7.798615888631698,2.9338058831807996,10.848247243942508,52.55826925964717,0,2026-10-06 01:36:15
2026-10-05 08:04:47,CNC-03,H,295.4145482487925,310.4067030825199,1636.5890268057353,44.6508641600964,230.4069969319842,3.1269014249996636,13.783385686317187,61.07800782588539,0,2026-10-06 01:36:15
2026-10-05 03:21:00,CNC-02,M,297.04050360639394,310.6124875141238,2377.1011893027453,24.73027933785757,160.66769308230607,3.2160073444392867,11.16679295774809,56.37815466262365,0,2026-10-06 01:36:15
2026-10-05 05:48:00,CNC-01,L,302.2229419206899,310.5071932617402,2035.7697009473038,32.30951126855838,141.4806524891959,2.838176494576205,12.349956828510589,51.18470652593539,0,2026-10-06 01:36:15
2026-10-05 02:41:00,CNC-01,L,297.5890021978784,309.8813712093814,2510.8143188950007,18.12408301113462,110.71004613324973,3.215718276529645,8.282028231941684,55.492445913242136,0,2026-10-06 01:36:15
2026-10-05 04:16:00,CNC-02,M,296.82024496648455,310.78115056227733,2410.038251618483,25.6520795219436,225.88428385132417,3.9125059687740062,11.76492270555338,61.03272963675671,0,2026-10-06 01:36:15
2026-10-05 05:38:00,CNC-02,M,296.527503335332,311.76547109029406,2127.2974545909988,38.853882285355475,95.76100845291597,2.720868717385936,15.260220623208983,54.85445016396757,0,2026-10-06 01:36:15
2026-10-05 05:46:00,CNC-02,M,296.29115233103,310.42723716749464,1979.3705456341254,36.48319351948006,106.14943599960658,2.7962433209340816,13.535752131206106,60.987308805565654,0,2026-10-06 01:36:15
2026-10-05 08:27:00,CNC-02,M,295.9177559849441,310.59989324134136,1747.984453170554,42.941225137133294,108.98586830450044,2.5043755297954133,14.060069434243475,63.15967048290746,0,2026-10-06 01:36:15
2026-10-05 07:55:00,CNC-03,H,295.4026065915801,311.30728941042236,1657.3008912103678,50.577149986571115,215.73946800142656,2.981224904420109,15.647492973062631,58.05049914742259,0,2026-10-06 01:36:15
2026-10-05 15:04:00,CNC-03,H,299.03042078545246,313.54395562466124,1521.712512031774,49.17374231931494,105.10730484518824,2.2336297898462436,13.920413532893692,52.87541995153243,0,2026-10-06 01:36:15
2026-10-05 01:52:00,CNC-03,H,297.9986814182971,309.4984016585319,2718.5199644148042,13.547333536886178,28.728594318453087,3.314933779902093,6.953008975436263,60.69378595197137,0,2026-10-06 01:36:15
2026-10-05 18:21:04,CNC-03,H,26.870427969037394,40.82197176622543,2209.6297886164107,30.581968095515958,133.49565458668408,27.998497579020583,12.6446207272228,52.93729139710029,0,2026-10-06 01:36:15
2026-10-05 23:49:00,CNC-03,H,25.932413345648342,39.202806035775325,2689.8184922070986,18.55253020267018,265.83856912494707,4.522021156331786,9.417687322844548,56.92078384202558,0,2026-10-06 01:36:15
2026-10-05 14:52:00,CNC-02,M,297.8640159756272,311.51074066067986,1529.9289774314962,43.165045175941124,24.497795305420816,2.265266072386006,12.209105285250088,54.78747785956949,0,2026-10-06 01:36:15
2026-10-05 10:42:48,CNC-01,L,296.854862421983,311.22841053869894,1362.315499562606,52.83036706116779,139.0364561211869,2.376326501303305,13.83886467063669,61.619173377703596,0,2026-10-06 01:36:15
2026-10-05 14:03:00,CNC-01,L,298.8332330527146,312.9309823779857,1522.669072198349,47.82682080127689,48.63812772405511,2.2743783103871875,13.537115551848945,50.2567970815116,0,2026-10-06 01:36:15
2026-10-05 20:43:00,CNC-01,L,300.5852463860521,313.77548159233976,2473.614602450924,21.578801800666035,176.79014211799407,3.559262153647342,9.91586707368433,54.1944550150183,0,2026-10-06 01:36:15
2026-10-05 20:08:00,CNC-01,L,300.60395153661005,314.17742233777716,2400.1901430699136,24.788476617623342,135.93896153342166,3.2204102703093374,11.19655396975111,51.559292227747,0,2026-10-06 01:36:15
2026-10-05 14:51:00,CNC-02,M,297.9258618476228,311.9192285250179,1487.5321045879211,46.019244099547734,22.98050738850754,2.098439380426117,12.756859449042059,54.50063035899752,0,2026-10-06 01:36:15
2026-10-05 08:54:00,CNC-02,M,295.65450232300077,310.1131620359596,1758.209170825938,40.57455870134655,149.63121090070376,25.74855681385262,13.360673422180515,62.041019849202875,0,2026-10-06 01:36:15
2026-10-05 15:51:00,CNC-03,H,298.962174741135,313.15904817047317,1618.559752936579,41.542744841621,175.6885486359265,2.684722524024053,12.748032143478644,54.558026047940814,0,2026-10-06 01:36:15
2026-10-05 14:35:00,CNC-01,L,298.9620205577697,313.07479572570924,1441.765264102021,48.35801644906015,98.03272894251393,2.1747738793272227,13.103240787366458,54.65069206383571,0,2026-10-06 01:36:15
2026-10-05 08:27:00,CNC-01,L,296.4864036169735,311.3420020619992,1607.5819166177787,46.95143719921279,137.0100152693401,2.511027776824676,14.118434790855405,53.20778912564315,0,2026-10-06 01:36:15
2026-10-05 04:21:00,CNC-02,M,296.9193737267592,311.58323108811476,2330.5042069544143,28.62811626391605,231.94055313712738,3.8952061715256066,12.554899814623072,56.999183342133364,0,2026-10-06 01:36:15
2026-10-05 17:45:00,CNC-03,H,299.8112791297937,313.7997606329712,1958.3471783420084,35.72821299761913,87.37149583174688,2.6371136444425733,13.041175207745187,48.9424291569652,0,2026-10-06 01:36:15
2026-10-05 20:57:00,CNC-01,L,300.6046538793085,314.38357216261335,2524.508477875494,23.93566619351522,192.85895657404814,3.8088257579116704,10.922021695708949,51.04177293288471,0,2026-10-06 01:36:15
2026-10-05 10:20:00,CNC-01,L,296.56762745549116,310.39755349840976,1381.380996880321,47.91698022336339,104.2540053965458,2.2148855616469634,12.33751249438194,58.05925365245011,0,2026-10-06 01:36:15
2026-10-05 11:52:00,CNC-02,M,296.24013220938224,310.85435613700594,1343.72311642508,51.432030377426415,171.20452171279373,2.316363300692046,12.821481707764562,56.30850618254118,0,2026-10-06 01:36:15
2026-10-05 04:32:00,CNC-01,L,302.2346208318347,309.3987044940638,2359.1583263308125,23.812628938505483,44.761047097040326,2.9100404956976673,10.494586080934978,44.86243146077668,0,2026-10-06 01:36:15
2026-10-05 21:47:00,CNC-01,L,299.9241300136812,312.0547195850253,2492.7257797562042,18.582635287395718,40.18099519566551,3.148109476858237,8.784496126406783,50.23503614793826,0,2026-10-06 01:36:15
2026-10-05 17:15:00,CNC-01,L,299.712703638702,314.0693450335301,1789.3878985703718,40.638020483036705,106.82997678125383,2.4467232072745975,13.67420355778587,49.63046439744889,0,2026-10-06 01:36:15
2026-10-05 05:28:00,CNC-02,M,296.3791952685431,310.2234612263211,1984.0099424047748,34.609525118054265,82.85369330135556,2.6628121726721616,12.849569178178822,62.24996075901298,0,2026-10-06 01:36:15
2026-10-05 03:07:00,CNC-03,H,297.3497428291999,310.08955546545457,2406.2975391180535,21.39910910689505,112.49470288626445,3.0582302484750703,9.84721740337702,52.42717086618758,0,2026-10-06 01:36:15
2026-10-05 03:40:00,CNC-02,M,297.2178967757875,310.882923634367,2519.1862426505004,23.809252945477898,182.8194133770751,3.579447727021139,11.241396771419513,53.08525730297998,0,2026-10-06 01:36:15
2026-10-05 05:25:00,CNC-02,M,296.57976134009147,310.0197904763023,2175.496969769387,26.794491374539213,78.92935052315065,2.741061144259832,10.83356435316675,59.04150769092975,0,2026-10-06 01:36:15
2026-10-05 04:19:00,CNC-02,M,297.0059850284812,311.53272079555774,2415.052659621134,28.297654688032026,229.49729069809482,3.8925034753004897,12.94893270419821,56.048268836289985,0,2026-10-06 01:36:15
2026-10-05 12:54:00,CNC-03,H,302.81964705638126,311.784084764727,1382.6746540502468,55.05693501922654,144.28679989346494,2.428713625854081,14.407236417363267,45.4641074799498,0,2026-10-06 01:36:15
2026-10-05 11:46:00,CNC-02,M,296.1670582819589,311.1158226194915,1330.0135074493717,54.749182814137875,161.6774263165227,2.2936202387055347,13.557384697184835,60.91778909022561,0,2026-10-06 01:36:15
2026-10-05 07:39:00,CNC-02,M,295.94529918803164,309.56436389722325,1743.9732956214132,38.02451187910955,38.674423607627034,2.367112233642632,12.558440789394421,61.748164055892296,0,2026-10-06 01:36:15
2026-10-05 21:51:00,CNC-01,L,299.84078466527836,311.1461679694593,2712.8340850392374,12.609027932387972,44.59366258601617,3.1457490124774576,6.573451704009962,52.364024525638925,0,2026-10-06 01:36:15
2026-10-05 21:57:45,CNC-02,M,298.5677510551329,310.84741963582735,2737.114840517513,15.089181806821697,129.20071276375074,3.4171289665304543,7.790656927313846,51.877566053778885,0,2026-10-06 01:36:15
2026-10-05 18:45:00,CNC-02,M,31.744846834421082,39.67613269481075,2148.7882038876,30.53960646714681,108.67348988845117,2.8581449683448104,12.270233841579136,37.89907989591334,0,2026-10-06 01:36:15
2026-10-05 20:34:00,CNC-02,M,298.8739532470595,311.36572700268516,2494.7351016828607,20.336393310128972,33.71987246708459,2.9995219012887793,9.538062881968155,51.35063617302413,0,2026-10-06 01:36:15
2026-10-05 10:54:00,CNC-03,H,295.6902536347006,310.7152298067032,1459.8710137240114,50.73223199970382,227.73800671513771,2.9501119277038823,13.784353217418372,60.78897346726077,0,2026-10-06 01:36:15
2026-10-05 09:27:00,CNC-02,M,296.01253493724977,310.84538493973673,1479.475362949813,48.45930349792097,199.9587994298034,2.7145692000814865,13.534725875448801,56.78345223171847,0,2026-10-06 01:36:15
2026-10-05 11:43:00,CNC-03,H,301.8836059569741,309.6905866328212,1359.8030858652558,50.55588223991222,31.793414547098806,2.0391455236523823,12.937411460787587,43.704538931927516,1,2026-10-06 01:36:15
2026-10-05 05:29:00,CNC-02,M,296.60664423374106,310.16634075640286,2325.7819496605844,27.04393412397486,84.07894300449107,2.9786303949515083,11.6703962221471,59.40329265896547,0,2026-10-06 01:36:15
2026-10-05 06:48:00,CNC-01,L,296.5514844247714,311.3668077855002,1888.4601736446323,38.85253564015455,222.68711379779975,3.6561785720638023,13.833258851727543,58.47327490729956,0,2026-10-06 01:36:15
2026-10-05 06:45:00,CNC-01,L,296.63288830842936,311.5669427863963,1909.9635847801374,38.66781099383248,218.5401545524757,3.5380770012627907,13.899012125150083,56.98429703402593,0,2026-10-06 01:36:15
2026-10-05 15:17:00,CNC-03,H,298.7643353722912,313.3886299683657,1740.5445921146566,42.49520222961708,124.55759748736011,2.4894584809245783,13.862373636131561,55.564250953772216,0,2026-10-06 01:36:15
2026-10-05 04:06:00,CNC-03,H,296.4149716950551,310.442815830008,2432.0779778206715,25.743698580250296,182.00965137900442,3.476978386306249,11.547633526780558,54.59017360731234,0,2026-10-06 01:36:15
2026-10-05 23:52:00,CNC-02,M,24.713553313956766,35.74655723279625,2699.1340669040405,10.337745521000912,25.49357997531855,3.291290081054156,5.449864743173652,54.577081171024965,1,2026-10-06 01:36:15
2026-10-05 17:24:59,CNC-01,L,299.8674222004396,314.2302770562805,1871.178465299599,38.91626136895989,121.91208798683378,2.5838934463850896,13.594893907170173,53.02331018570666,0,2026-10-06 01:36:15
2026-10-05 12:06:00,CNC-02,M,296.4827805740156,311.23915875157877,1347.22860974359,52.225472267253636,193.45981855732722,2.5904084996112413,13.269226266354961,56.85970879987024,0,2026-10-06 01:36:15
2026-10-05 07:40:00,CNC-02,M,295.55460022788515,309.1336595074484,1694.4791847436586,40.11273499420525,40.11499154432902,2.2845261276909903,12.881001432146489,58.115509820692765,0,2026-10-06 01:36:15
2026-10-05 12:50:00,CNC-01,L,298.24054003219175,312.79213888446145,1411.1272473827796,50.95743877048972,123.70022544056386,0.0,13.435842179294843,56.96018495462058,0,2026-10-06 01:36:15
2026-10-05 11:19:00,CNC-03,H,301.7277045347965,311.10704327402107,1481.5137101635491,52.56093175490575,267.4166801315033,3.4689913410829516,14.538271800805393,50.01538708294746,1,2026-10-06 01:36:15
2026-10-05 11:52:00,CNC-01,L,297.5335931077106,311.189112423701,1312.64175708523,50.726544478446954,31.7842644936672,1.9124292436240746,12.548909683238671,59.845418287722694,0,2026-10-06 01:36:15
2026-10-05 08:27:00,CNC-03,H,295.8246598864505,309.95276750493827,1678.2882684396645,44.95115448544719,0.0,2.3075730552862463,14.510990368681188,,0,2026-10-06 01:36:15
2026-10-06 01:00:00,CNC-03,H,298.43059473403895,309.9093944575493,2579.922877020803,13.406743704162963,73.47238262842433,3.1596109625562554,6.402715398876134,53.89037841659408,0,2026-10-06 01:36:15
2026-10-05 03:13:00,CNC-02,M,297.4157778824414,311.198062651101,,24.638404154489262,151.4430842219696,3.2748462398637646,11.828135576371501,55.20055019718527,0,2026-10-06 01:36:15
2026-10-05 15:07:00,CNC-01,L,298.9820695221961,314.00678666484447,1511.8474684061339,52.12068597600559,147.03179291436066,25.25465254093382,14.631595877588214,55.09235866484215,0,2026-10-06 01:36:15
2026-10-05 17:06:00,CNC-03,H,299.79088854963845,313.85479627253875,1833.1386436405803,38.04646607423002,33.705354645149555,2.5676219690544206,12.872759023421494,51.768762947395615,0,2026-10-06 01:36:15
2026-10-05 13:40:00,CNC-01,L,298.5059036921509,312.9458557228659,1487.036580737146,51.98136322243942,12.609222283385721,2.127161062667764,14.598938425427967,52.620720670836,0,2026-10-06 01:36:15
2026-10-05 18:14:00,CNC-02,M,31.596614804629553,39.010864813639444,2102.8797784111352,28.489802974261664,68.41708524432974,2.701442510232408,11.31042868682012,45.53852159203239,0,2026-10-06 01:36:15
2026-10-05 05:35:00,CNC-03,H,295.85750259139417,308.9583217372607,2115.9737989407085,29.948510775800603,21.884464594619487,26.478376621014366,12.042276583423067,60.962158365306045,0,2026-10-06 01:36:15
2026-10-05 05:24:00,CNC-02,M,296.27631857101704,310.6165968698142,2057.2616394071974,35.834554187552925,77.66002669598437,2.675792388049347,13.915744864705548,59.406227799382705,0,2026-10-06 01:36:15
2026-10-05 13:10:00,CNC-03,H,297.48643620732366,311.85181079866356,1420.8242190300953,48.593212380960395,169.60165070132973,2.4557210331602657,12.670834422664424,55.29344817093516,0,2026-10-06 01:36:15
2026-10-05 14:49:00,CNC-03,H,298.4956273956468,312.33400004479245,1490.0000732741446,46.27990848141596,82.31672007148447,2.2173842897284715,12.773283210981356,55.67375196368039,0,2026-10-06 01:36:15
2026-10-05 04:25:00,CNC-03,H,296.38112518510957,309.6956644323435,2298.8293989023964,22.852066217308852,205.06175459925737,3.4217488247416328,10.03965729056884,54.89407462459898,0,2026-10-06 01:36:15
2026-10-05 21:19:48,CNC-01,L,300.10714252163774,312.3381706955541,2515.0912854605735,19.5856656117742,10.063466254960295,3.125478000980538,9.171590825505325,51.645093352748844,0,2026-10-06 01:36:15
2026-10-05 04:31:00,CNC-02,M,296.1829702404628,308.5339242422107,2218.8035592523574,22.652908194936266,11.018966161858366,2.8357338266364844,9.455690359408655,57.524450743239406,0,2026-10-06 01:36:15
2026-10-05 20:52:00,CNC-01,L,300.3139825844888,313.63245050966606,2574.0022407231463,21.0008463675968,187.13724685945877,3.755924568724189,10.257630650406092,49.80775562501839,0,2026-10-06 01:36:15
2026-10-05 03:14:00,CNC-03,H,297.0576372449045,310.80960440743155,2445.486139787649,26.650474347484966,120.47144604850239,3.0978796190933386,12.475408744057596,56.25721963555068,0,2026-10-06 01:36:15
2026-10-05 19:17:00,CNC-03,H,299.77095113803205,314.03434172833374,2305.3020554567247,29.615129994048345,206.6147902069698,3.432138911312733,12.696228149300707,48.12304267527028,0,2026-10-06 01:36:15
2026-10-05 17:40:00,CNC-03,H,300.01481696047625,314.20166730501273,1939.1934059541995,35.95637280754009,80.52341854615317,2.615653311014384,12.90353924399284,51.57291982614347,0,2026-10-06 01:36:15
2026-10-05 13:25:52,CNC-01,L,,313.5580397129065,1331.0334280278798,57.128889388636,179.01374911065108,2.4758752552384755,14.18713795773,52.36943209981028,0,2026-10-06 01:36:15
2026-10-05 04:57:00,CNC-03,H,296.0376724414792,310.9286297268775,2414.430261746754,29.826808515521144,244.74176512059773,3.9405132728157497,13.170125446490053,55.2476290602015,0,2026-10-06 01:36:15
2026-10-05 10:50:00,CNC-02,M,295.9558975890612,309.73193608175444,1369.3493191018601,48.70946323290094,72.73782604695892,1.9313449528861366,12.825894542869182,59.834396098130895,0,2026-10-06 01:36:15
2026-10-05 16:36:00,CNC-01,L,299.722683311827,314.00148156479054,1786.2070032526271,40.60441199164796,51.96289756726547,2.3683790701904113,13.536243611698582,53.48209299049242,0,2026-10-06 01:36:15
2026-10-05 23:41:00,CNC-01,L,26.28229679766639,38.133568613044304,2726.4548094126235,13.873732239388941,163.0187362182089,3.7162242996248867,7.2359981339642845,56.385608024125695,0,2026-10-06 01:36:15
2026-10-05 11:01:00,CNC-02,M,295.89172283832005,310.3831260388127,1387.2261037373444,52.23395687605473,90.07315442640726,2.0775293404637947,13.343676553882112,57.36148142014527,0,2026-10-06 01:36:15
2026-10-05 12:34:00,CNC-02,M,296.84224683435343,310.9604552204517,1482.6920419409842,48.17453233246332,22.164100747233114,2.031290667876067,13.484078160333834,60.366378486283395,0,2026-10-06 01:36:15
2026-10-05 09:15:00,CNC-03,H,295.5619017864928,309.6280112526973,,44.57837176627765,72.612673871799,2.318282247546197,13.761715444127285,59.79605564569945,0,2026-10-06 01:36:15
2026-10-05 14:34:00,CNC-01,L,298.7810967131984,313.127891700161,1457.292455703677,51.146861533867025,96.46455139464872,2.2546857198388532,14.06537635000844,54.63963959253627,0,2026-10-06 01:36:15
2026-10-05 07:55:00,CNC-01,L,296.29883168769555,310.6406154652181,,45.87626389482585,89.77309486133703,2.3900582840265887,13.950325727666266,59.14965515612124,0,2026-10-06 01:36:15
2026-10-05 20:41:00,CNC-01,L,300.3420495413904,313.46287937041933,2550.7565506233013,22.070119417234928,174.44486789307126,3.571455969709054,10.5786984169527,49.67561800549638,0,2026-10-06 01:36:15
2026-10-05 09:29:00,CNC-03,H,295.80642144229114,309.83485048617115,1454.5899028243564,47.001798611944935,94.19780653339896,2.1155901271699618,12.897794112375946,58.22636914343655,0,2026-10-06 01:36:15
2026-10-05 13:56:00,CNC-03,H,297.88483439512095,311.7749648858565,1404.035204802008,53.21880500968304,0.0,1.9724561804730054,14.217829969593964,54.474687871455856,0,2026-10-06 01:36:15
2026-10-05 06:04:00,CNC-03,H,295.5749809127631,308.8113123254505,2084.765331173918,29.626463082581683,60.23591251329002,2.6893936763518513,11.627895771220393,54.942829305946745,0,2026-10-06 01:36:15
2026-10-05 08:40:00,CNC-02,M,295.9673976890776,309.95003861295686,1538.3329907656612,44.019490956101414,128.55048457385348,2.3868002435558817,12.640048047020578,58.98534273301721,0,2026-10-06 01:36:15
2026-10-05 19:14:00,CNC-01,L,27.555125241687165,41.08642795594818,2285.923250775038,28.197505808532284,70.15362503124028,3.0374139760148218,12.145887068463333,53.26712490267874,0,2026-10-06 01:36:15
2026-10-05 04:34:00,CNC-01,L,302.19451976737014,309.536008370694,2184.7325644199227,28.557930472587113,47.27975855689799,2.765418895722915,11.703125603349996,44.703929722058376,0,2026-10-06 01:36:15
2026-10-05 11:43:00,CNC-01,L,297.8134814117264,311.7703201967484,1430.4455204685048,50.554383675999674,17.507201323364843,2.0460144187174976,13.587227520285238,56.76872605506019,0,2026-10-06 01:36:15
2026-10-05 19:39:00,CNC-01,L,300.7047593860173,314.42681032559165,2332.8179549829897,26.741521018889337,100.92061609322766,,11.757610363611978,49.26643719206602,0,2026-10-06 01:36:15
2026-10-05 22:06:00,CNC-03,H,299.9274838360794,312.79665164827276,2478.8199456004495,20.65242782715168,155.3606712896311,3.231043941923523,9.415084062714842,55.524814268896534,0,2026-10-06 01:36:15
2026-10-05 03:29:00,CNC-01,L,297.20433766990715,309.98596857297366,2608.412582845876,18.569723151363316,165.41154073228407,3.489922176278106,8.926833821579528,57.853090303974305,0,2026-10-06 01:36:15
2026-10-05 20:44:00,CNC-03,H,300.1585661412397,313.8098073000062,2392.383450574485,27.062474783049257,63.30879693778572,2.929548700352021,12.220398588995304,51.30183826021269,0,2026-10-06 01:36:15
2026-10-05 01:40:00,CNC-02,M,298.39129413689665,309.9473219366411,2788.9584547941704,13.449160192189657,47.8052970756828,3.2781094464867797,7.105981465085714,54.659134200085674,0,2026-10-06 01:36:15
2026-10-05 21:56:00,CNC-01,L,300.0202570255281,312.3006143661356,2814.506641284488,16.605425322083246,49.948768067096616,3.3593523074761262,213.5222466589459,50.80089756634591,0,2026-10-06 01:36:15
2026-10-05 12:11:00,CNC-03,H,302.1704380090708,310.3844495014275,1374.5786611893166,52.34000398177369,,2.0068740575691155,13.52688540704897,48.14360744809714,1,2026-10-06 01:36:15
2026-10-05 12:12:00,CNC-01,L,297.6046819135293,311.3392792451319,1403.745459855227,47.93769605371539,63.51062359531268,2.0123406725778334,12.56751445379952,55.03758752594778,0,2026-10-06 01:36:15
2026-10-05 09:47:00,CNC-01,L,296.57009080868977,310.3306320632326,1528.8327937003423,44.822679433945765,52.623543331307594,2.1434782942413526,12.757531538127296,60.39510496092059,0,2026-10-06 01:36:15
2026-10-05 01:51:00,CNC-03,H,298.0449931008125,309.3024199038926,2894.865620044985,11.719100500499271,27.685690574279487,3.3738995126750346,6.109591740502153,57.899222418018546,0,2026-10-06 01:36:15
2026-10-05 21:46:00,CNC-02,M,298.7355300947571,312.0813872230613,2364.53841533835,21.816886690029172,114.95044495922411,3.0882378489085065,9.553553442587528,54.95737605142509,0,2026-10-06 01:36:15
2026-10-05 07:18:00,CNC-02,M,295.8345549949194,309.777795358744,1711.6145546216967,40.79575644752718,8.507248683557448,2.1464413542324867,13.086054438901403,60.55420122553677,0,2026-10-06 01:36:15
2026-10-05 23:00:00,CNC-01,L,299.58069310211715,311.023695418925,2848.391086440576,12.136726716647642,119.38220561759145,3.593029758387866,6.28174045213645,50.15514477691599,0,2026-10-06 01:36:15
2026-10-05 22:57:00,CNC-01,L,299.68200838847133,310.9066880081972,2790.00847695687,11.460325873456894,116.21967809057334,35.75874168459365,5.902128758438355,54.98229131817841,1,2026-10-06 01:36:15
2026-10-05 14:52:00,CNC-01,L,298.9179701180856,313.7720201372158,1564.270611960513,49.80109748830039,124.07579933442831,2.285808561963834,14.6106035117123,53.79880126648073,0,2026-10-06 01:36:15
2026-10-05 12:44:00,CNC-02,M,296.73277960463963,311.3010457758131,1574.3071210380426,48.09578556790762,37.93722046322608,2.196997534004082,14.105578443189414,57.83145773130988,0,2026-10-06 01:36:15
2026-10-05 22:53:00,CNC-03,H,299.6251039521343,312.4299825757901,2617.503359894998,17.72010968783677,206.2227397564092,3.7556909217470125,8.781002771401294,50.71686766500495,0,2026-10-06 01:36:15
2026-10-06 01:14:00,CNC-01,L,298.7332887734733,310.13060128662516,2846.386419763858,12.92387346444804,48.97329663488855,3.4296359179197378,6.708412791527294,51.79276323299364,0,2026-10-06 01:36:15
2026-10-05 07:41:00,CNC-01,L,296.46680011083845,310.5734912725675,1645.3623424116631,44.40768994722113,69.41271630562642,2.322007722647953,13.764120562743553,56.80942059930528,0,2026-10-06 01:36:15
2026-10-05 11:28:00,CNC-02,M,295.9794037630574,310.7198171839454,1407.8870212132706,53.299097044899206,133.0928207122271,2.173022826906352,13.867375408050549,57.20704976664173,0,2026-10-06 01:36:15
2026-10-05 15:04:00,CNC-01,L,298.9844585655228,314.08546905206515,1719.422997673401,47.2130643045935,142.40351171252908,2.672442274989397,15.485074943589751,53.86219473663613,0,2026-10-06 01:36:15
2026-10-05 20:55:00,CNC-03,H,299.96433425723546,313.20853272209337,2461.810883844837,24.27793776653662,76.05284117048281,3.0047107226115983,11.325373802956486,52.89654944799746,0,2026-10-06 01:36:15
2026-10-05 16:29:00,CNC-01,L,299.62341498319927,313.61414087462697,1791.6140065721636,40.31791180030631,41.922575920345714,2.5122119832995446,13.346664798600434,50.84348590231835,0,2026-10-06 01:36:15
2026-10-05 18:57:00,CNC-01,L,27.050107110853958,40.932444368649726,2272.761314575268,29.568340425353917,48.915564177830504,2.7133353099055135,12.752217070603221,52.30798067307593,0,2026-10-06 01:36:15
2026-10-05 18:25:00,CNC-03,H,26.644204491499295,41.25482151913462,2139.1815589000485,34.05954476726406,140.01586305551723,2.7601435817295426,13.71394212610457,47.87288741126337,0,2026-10-06 01:36:15
2026-10-05 18:08:00,CNC-02,M,304.61313022549774,312.6485108564358,2006.123822982679,34.70163519470772,60.54790032622124,2.674944610020215,13.016386031692008,44.90473742277333,0,2026-10-06 01:36:15
2026-10-05 11:44:00,CNC-03,H,301.97403794280285,309.5125766612941,1446.8322801318693,45.454530149835094,33.347156778118716,2.102928363888316,12.439555779093459,47.458972280052045,0,2026-10-06 01:36:15
2026-10-05 06:53:00,CNC-01,L,296.6314779925479,310.6185048991633,1882.6721995830071,37.528994384845376,1.3854360674693222,2.524311285940131,13.074964905920714,54.800703459447284,0,2026-10-06 01:36:15
2026-10-05 05:05:00,CNC-02,M,296.5687158951874,309.8220999389559,2090.611758636562,28.265130916680565,53.48277217720413,2.7285736209201135,11.08979667197208,56.60919230906147,0,2026-10-06 01:36:15
2026-10-05 13:12:00,CNC-03,H,297.3022149976991,311.8737250986235,1382.4176293940855,52.59518965943063,172.7374676911138,2.447007658682961,13.41455047673821,61.022516936355174,0,2026-10-06 01:36:15
2026-10-05 22:10:00,CNC-01,L,299.9633435679326,311.5619895226404,2770.726566038864,14.27268436085666,65.41233971848757,3.2782000628745904,7.541655604279579,55.78414270214686,0,2026-10-06 01:36:15
2026-10-05 15:44:00,CNC-01,L,299.5365323223222,314.679158950086,1737.7243861656025,44.83666003611469,202.4198237608337,3.115907863213307,14.575859892735773,51.32202431591138,0,2026-10-06 01:36:15
2026-10-05 09:13:00,CNC-01,L,296.63931373806247,310.4311958923394,1365.6801075647206,48.54857400136961,0.0,1.9806797040512751,12.508286217460924,56.73868176982451,0,2026-10-06 01:36:15
2026-10-05 04:32:00,CNC-02,M,296.5129999624316,309.4466129851955,2204.845317077531,26.55790311265735,12.280475333810946,2.814649226904503,11.102232410217544,60.174847909934435,0,2026-10-06 01:36:15
2026-10-05 03:17:00,CNC-01,L,297.4813686709047,310.82497681574097,2400.4708158132994,23.845007484267043,151.54870710668942,3.367040663890643,10.767790369920597,51.989456187151035,0,2026-10-06 01:36:15
2026-10-05 21:22:00,CNC-01,L,300.39701738643237,311.787629016284,2562.9555587155273,15.067421111439229,12.299417478209481,3.096513073025539,7.421244062402926,49.444675821874036,0,2026-10-06 01:36:15
2026-10-05 03:16:00,CNC-03,H,297.1035037728928,309.56543196769843,2548.568586783518,18.402755092022293,122.71884471080784,3.3181399755000185,8.778061970398197,57.632335662884884,0,2026-10-06 01:36:15
2026-10-05 06:18:00,CNC-03,H,295.819742898179,309.7030215497767,,34.976316870115184,79.00438904331324,2.540042611644858,12.49046515853618,58.80588732610386,0,2026-10-06 01:36:15
2026-10-05 15:53:00,CNC-02,M,298.24622934929897,313.3089664879946,1836.7193132115467,42.88480973778104,115.75111178129688,2.528333327212795,14.752759267861926,56.81774848338195,0,2026-10-06 01:36:15
2026-10-05 23:37:00,CNC-03,H,26.372527024811518,39.778559976227086,2794.8616407820296,19.22151545913252,253.10269861331045,4.3855691816829765,10.233636049500499,52.26971719200272,0,2026-10-06 01:36:15
2026-10-05 16:01:00,CNC-01,L,299.50519785794165,313.0043432686973,1749.5852269707934,38.33590027684432,1.4807152788908629,2.3613038012823075,12.793571417765248,49.063423576006336,0,2026-10-06 01:36:15
2026-10-05 09:57:00,CNC-03,H,,310.64408625912927,1579.949016771829,49.61027281621133,137.96525785077637,2.3905733677738152,14.464631188959034,62.31008782234242,0,2026-10-06 01:36:15
2026-10-05 22:12:00,CNC-03,H,300.01172187394565,312.15452493997253,2665.834652202193,16.244938983565238,,3.524604923024122,8.227479705934888,53.15566151540919,0,2026-10-06 01:36:15
2026-10-05 08:14:00,CNC-02,M,295.9394840314578,310.90588949764606,1724.672985261544,45.81676386315756,89.75755131442803,2.409276501080626,14.756048613638015,56.62694399331669,0,2026-10-06 01:36:15
2026-10-05 20:01:00,CNC-02,M,299.12566574168613,313.1913573398947,2302.259718415307,25.511333093621186,202.45498729143054,3.466547794403851,11.135703612767733,56.59605511829001,0,2026-10-06 01:36:15
2026-10-05 07:54:00,CNC-02,M,295.75575112592855,309.86528065244136,1662.916290997216,41.440394881518266,60.38677456318624,2.3172354670548234,12.946114196065594,62.48171918219066,0,2026-10-06 01:36:15
2026-10-05 05:34:00,CNC-01,L,302.26824998153427,310.7760004777177,1912.2195563022817,39.047096186232125,,2.746420356424673,,48.77079190211755,0,2026-10-06 01:36:15
2026-10-05 13:36:00,CNC-03,H,297.8062885281052,312.95366220023635,1433.7744444954747,53.07862396654722,210.50842677114133,2.6727081340644845,14.267091575018434,54.4359013338085,0,2026-10-06 01:36:15
2026-10-05 16:25:00,CNC-02,M,298.6433907229635,313.37928503154365,1777.0680443560711,40.18021358567604,162.2769829861836,2.640201120815292,13.105118746709925,56.13844304160585,0,2026-10-06 01:36:15
2026-10-05 19:11:00,CNC-01,L,27.192526286632926,39.9042051176026,2220.2262294675675,24.106781845222482,66.39162467254232,26.39813863001657,9.867020359335537,50.96529144049612,0,2026-10-06 01:36:15
2026-10-05 16:30:00,CNC-01,L,299.8823032424886,314.03186572608365,1748.583263006725,41.17910198056894,43.35588020942113,2.390446298118697,13.55775623820747,51.77953937972771,0,2026-10-06 01:36:15
2026-10-05 07:45:00,CNC-02,M,296.05967758170146,309.93548054195224,1676.478791500747,41.10647851514614,47.263739803037275,2.273171171564204,12.749468575012672,54.53146553845364,0,2026-10-06 01:36:15
2026-10-05 06:57:00,CNC-02,M,295.70516153483,310.5789172598542,1955.793440689877,38.22211040608737,202.24834271458553,3.2163767219863475,14.168892875538317,58.2382438797737,0,2026-10-06 01:36:15
2026-10-05 02:02:00,CNC-02,M,298.0749399542904,310.6964756038463,2517.415994055603,21.02960305653108,71.63739724366498,3.0822886231936346,9.949688168239641,56.2455360893634,0,2026-10-06 01:36:15
2026-10-05 16:59:00,CNC-03,H,299.7253735786334,313.9023991104283,1992.0227724172823,37.518909607185726,24.0532209875197,2.497274812737212,13.913281414309573,53.263848059078946,0,2026-10-06 01:36:15
2026-10-05 19:58:00,CNC-03,H,300.27141532633425,312.6636573208106,2324.579269159301,22.895753337257528,9.6240015866811,2.8691943159110496,10.018147564434264,53.26883790436971,0,2026-10-06 01:36:15
2026-10-05 10:55:00,CNC-03,H,296.0035121964687,311.1288453680303,1459.4671674479116,51.21605562547471,229.3380067151377,2.9788010444003152,13.735274776217587,59.34590789220331,0,2026-10-06 01:36:15
2026-10-05 11:13:00,CNC-03,H,296.13775944139024,311.560516585062,1403.3935367235235,57.62458342581961,257.9039441324043,3.26977227344893,15.160512875086441,57.398262223002405,1,2026-10-06 01:36:15
2026-10-05 02:15:00,CNC-02,M,297.86788587342255,310.8823711535219,2638.076935060321,21.74891708063735,85.86243111706696,31.18689224664919,10.8775697956361,53.088987004479854,0,2026-10-06 01:36:15
2026-10-05 20:56:00,CNC-02,M,298.72319397539025,311.4790835741754,2665.100835521125,17.37267803601736,58.89004296945808,3.150897290154872,8.496321278836826,57.184477571619,0,2026-10-06 01:36:15
2026-10-05 11:16:00,CNC-01,L,297.05231091223567,311.8656348946341,1382.1289735653338,52.79930655398005,193.10523535425824,2.8580632282082297,14.017234280372552,,0,2026-10-06 01:36:15
2026-10-05 04:25:00,CNC-01,L,302.4267412696064,309.8588399125086,2193.5023909913693,30.325741355851594,36.21297741596111,2.773510317489879,12.259495106306224,49.693437098528804,0,2026-10-06 01:36:15
2026-10-05 06:55:00,CNC-03,H,295.516268512948,310.0735825839313,1713.1789551538725,43.00224801453899,129.99338378155997,2.4748975314559845,14.116290220918803,60.753899300044,0,2026-10-06 01:36:15
2026-10-06 01:10:00,CNC-03,H,298.30307270021916,310.16913346423945,2681.0720616233857,16.61847178516571,84.17648942062596,3.2900294000828048,8.143928148651513,55.78471429591132,0,2026-10-06 01:36:15
2026-10-05 19:29:00,CNC-01,L,300.25207844832767,313.32287761066664,2193.5196085471202,26.60149774977426,88.66431635981944,2.8666396274109545,11.028641099487812,49.6977088364835,0,2026-10-06 01:36:15
2026-10-05 05:26:00,CNC-02,M,296.3730009035236,309.40488192705027,2197.067264529282,26.73617070108061,80.17649976101582,2.8822236430333357,10.887990244508737,57.468153681963926,0,2026-10-06 01:36:15
2026-10-05 20:28:00,CNC-02,M,299.03529125186157,312.09645745023823,2406.4809856146053,23.095003793675627,26.80278552442965,2.8571418001727142,10.591426583127127,54.2859066148357,0,2026-10-06 01:36:15
2026-10-05 07:07:00,CNC-01,L,296.437774982625,309.956013224436,1734.163761438143,36.650895431030094,20.97553156728949,2.381867843135043,11.955940623909832,57.68974479215216,0,2026-10-06 01:36:15
2026-10-05 15:12:00,CNC-03,H,298.90605860566876,313.5716117785547,1681.9843250794613,46.29727076144637,117.12614918949359,2.383345304861376,14.72912421109319,55.060864983145976,0,2026-10-06 01:36:15
2026-10-05 13:56:00,CNC-01,L,298.7193211634872,312.4668190976874,,50.80714905923317,37.655921461869895,1.9236394967581034,13.142595186437926,50.6949302734188,0,2026-10-06 01:36:15
2026-10-05 20:32:00,CNC-02,M,298.6713354515226,311.6040116970509,2397.7722833895327,22.716415644294162,31.461658978114876,2.997454686871312,10.113743114633053,52.26243208482949,0,2026-10-06 01:36:15
2026-10-05 05:15:00,CNC-03,H,296.06702448385715,310.70888967405244,2184.206449415129,31.272519627961334,267.49534596375713,3.9632276706065346,12.903799166560562,52.206495333129595,0,2026-10-06 01:36:15
2026-10-05 18:09:00,CNC-03,H,299.80331178968237,313.7444282686743,2223.0606887347963,29.90663578511138,119.09384838092824,2.9233778654405915,12.459702912235155,51.709440443790704,0,2026-10-06 01:36:15
2026-10-05 16:17:00,CNC-01,L,299.3896503758577,312.8299566715402,1773.7522706676225,36.96921266112077,24.783824938155686,2.3903937802750272,12.474727920492576,53.074713600285655,0,2026-10-06 01:36:15
2026-10-05 15:43:00,CNC-03,H,298.98514441862915,314.4218422688575,1719.5791354774485,47.68545608727945,163.80428994831493,2.7232566691176454,15.079945577730442,54.5985256394652,0,2026-10-06 01:36:15
2026-10-05 19:03:00,CNC-01,L,26.999583419005717,40.461048667082935,2200.080926864365,29.561905626384434,56.46997785088544,2.798403618243856,12.257523864907624,47.561193870460244,0,2026-10-06 01:36:15
2026-10-05 16:27:00,CNC-03,H,299.0333849419637,313.9827217610637,1885.0731520155339,40.252315181783786,228.1081405667962,31.552923397539807,14.03783180451987,53.3026288202578,0,2026-10-06 01:36:15
2026-10-05 16:32:00,CNC-01,L,300.0349775724315,313.8083439793334,1720.9860973613597,40.61268190975035,46.20016224423336,2.252507209657265,13.363854333003298,51.54463655873146,0,2026-10-06 01:36:15
2026-10-05 17:19:00,CNC-03,H,299.6941338601504,314.2645846813892,2007.0790684426368,37.805660916778955,51.82153390037258,2.744323547288542,14.217684999729203,51.862123789121995,0,2026-10-06 01:36:15
2026-10-05 11:19:00,CNC-01,L,296.9409204075682,311.59849281800393,1318.715614025296,54.831112800022154,197.82197559571728,2.807426476213767,13.585347818680493,57.35659990997972,0,2026-10-06 01:36:15
2026-10-05 12:51:00,CNC-01,L,298.37237750649024,312.5669414105271,1373.5855094085575,51.13171132276498,125.29228140454113,2.200403824772793,13.105005905029266,52.16731000211351,0,2026-10-06 01:36:15
2026-10-05 08:13:00,CNC-01,L,296.373089723864,310.45998895787983,1604.3401106395227,43.539893842081476,116.39621208519385,2.369814503209029,13.058007602804942,58.08474739719568,0,2026-10-06 01:36:15
2026-10-05 20:12:00,CNC-01,L,300.485696735963,314.94881112668435,2443.0839033279353,28.98069411736006,140.69679718532416,3.3037634112247773,13.179470525752242,49.62641676948422,0,2026-10-06 01:36:15
2026-10-05 10:34:00,CNC-01,L,296.57892570696845,311.1539472141121,1295.7554056785316,55.62256659407927,126.38350548923978,2.152987505989762,13.60946161067041,59.8152816258456,0,2026-10-06 01:36:15
2026-10-05 14:27:00,CNC-01,L,298.8309249435941,312.78779650577684,1450.733219803717,46.81460266153411,85.63620661948377,2.1313885152423016,12.856827642708415,49.832524492965504,0,2026-10-06 01:36:15
2026-10-05 04:54:00,CNC-03,H,295.66702850314994,310.47852983029964,2214.105721710374,32.472448933360965,241.1201966381941,3.6890812163982987,13.214142968102978,58.503332059007775,0,2026-10-06 01:36:15
2026-10-05 11:30:00,CNC-03,H,301.89957628985195,309.47771446644606,1308.1372237542892,51.1853010494372,11.106664774825038,1.961198958327597,12.435185792154355,43.92990378949859,1,2026-10-06 01:36:15
2026-10-05 07:28:00,CNC-02,M,295.62181865982865,309.6738453949698,1698.9244534049922,42.17969799369029,22.890315850928097,2.3210927333086917,13.22708822779701,58.12510961593184,0,2026-10-06 01:36:15
2026-10-05 14:37:00,CNC-03,H,298.2550450897535,312.4430179095093,1511.2512051634922,47.62996841278808,63.773717503089046,2.1863369904429373,13.27375117438687,58.596854779203554,0,2026-10-06 01:36:15
2026-10-05 10:44:00,CNC-02,M,295.93544263955374,310.4271249714169,1437.8358300625187,50.60983380804592,63.18479286677222,2.1399018069326536,13.725547528185894,57.55937474090628,0,2026-10-06 01:36:15
2026-10-05 23:59:17,CNC-01,L,26.62675894086118,39.55689263532133,2533.812793213695,20.039778680415672,183.27064984729293,3.8140496282506846,9.452752774069568,48.528586050755536,0,2026-10-06 01:36:15
2026-10-06 01:27:00,CNC-03,H,298.4853479770205,310.2178357423585,2831.7502556346317,12.997666162321645,102.43083650712582,3.4630735393768552,6.9520107300905085,54.20953198765538,0,2026-10-06 01:36:15
2026-10-05 09:06:00,CNC-03,H,295.57211691359214,310.08896053034795,1750.8366911188994,43.61702478960694,58.785077877198326,2.4664638513145762,14.271608487796115,59.85846043079821,0,2026-10-06 01:36:15
2026-10-05 06:40:00,CNC-03,H,295.6194370264054,310.0693722179964,1800.922617390002,40.321132973648105,109.00955950908602,2.438582735733826,13.583882206219494,57.00083973183589,0,2026-10-06 01:36:15
2026-10-05 08:08:00,CNC-03,H,295.3830065037922,310.01188370448614,1656.4293788914229,41.72119739408543,234.80472751521495,3.108457152662116,12.932085852626523,61.27043772571068,0,2026-10-06 01:36:15
2026-10-05 18:42:00,CNC-03,H,26.561499416350046,41.51019129383212,2066.636992761414,38.23420619823488,161.96986686342862,28.621135530432397,14.740791952896181,47.422695743409264,0,2026-10-06 01:36:15
2026-10-05 01:47:00,CNC-01,L,298.09543279906495,310.48355088214356,2610.4170992977506,17.86712825917096,50.71070702545204,29.956640879718837,8.816011697317256,56.45688632774944,0,2026-10-06 01:36:15
2026-10-05 02:52:00,CNC-02,M,297.50663081349506,,2461.0643778811877,23.693991238226353,127.54055806593057,3.1654259596208214,10.879632041427847,57.195409446868524,0,2026-10-06 01:36:15
2026-10-05 19:51:00,CNC-03,H,300.24797202597506,312.097635474496,2459.723739882569,17.764055538322907,1.1649157965091848,2.9428107293380745,8.040576188603016,51.56234468666038,0,2026-10-06 01:36:15
2026-10-05 10:23:00,CNC-03,H,295.82731801602046,310.16354293458284,1480.2447182849317,47.90075860941665,178.80080037909175,2.569065659787594,13.228027526479414,56.473475218912085,0,2026-10-06 01:36:15
2026-10-05 16:01:00,CNC-03,H,299.30002481563616,314.6034527102995,1810.0858621496495,45.31900105145286,190.40969071688227,2.8779295740107966,15.47496890999654,53.15729317479572,0,2026-10-06 01:36:15
2026-10-05 07:47:00,CNC-03,H,295.44621949629004,310.82210866371014,1673.3452212413115,46.91236280607278,203.92485945960024,2.8565510064358044,14.765986063334719,58.44793571255955,0,2026-10-06 01:36:15
