ts,machine_id,type,air_temp_k,process_temp_k,rot_speed_rpm,torque_nm,tool_wear_min,vibration_mms,current_a,humidity_pct,machine_failure,collected_at
2026-10-07 22:29:00,CNC-02,M,299.40287747977305,312.94051726162274,2543.736568962344,20.206497061157428,232.66715792475057,4.1682380987183025,9.673436191959961,52.161622292387804,0,2026-10-08 00:33:57
2026-10-07 11:09:00,CNC-02,M,296.3759890961446,311.39398432404784,1418.7298016214795,51.94408214946762,233.06125164621912,3.073791147555373,13.761223199609931,60.27744223521101,1,2026-10-08 00:33:57
2026-10-07 10:29:00,CNC-03,H,296.7795888523677,311.2835846014568,1408.959979064858,54.475009861086704,32.72862530606006,2.081433193371687,14.161104197951337,62.271940506169486,0,2026-10-08 00:33:57
2026-10-07 22:02:00,CNC-01,L,305.11250653400674,310.2100698554728,2569.1655956489635,13.786434783095464,6.390208475328102,3.1856837506361035,6.698237603414689,41.304838080558945,0,2026-10-08 00:33:57
2026-10-07 06:16:00,CNC-02,M,296.3670785968206,310.077324608857,2049.7605499832775,33.169466915152235,13.399931208903357,2.6536375674756023,12.558425116885344,54.50491253620012,0,2026-10-08 00:33:57
2026-10-07 15:53:00,CNC-03,H,25.973003128399284,40.31670223996463,1765.169651326239,41.64831886869384,71.8146034690272,23.21894743199335,13.897105850027115,52.146404558110646,0,2026-10-08 00:33:57
2026-10-07 18:52:00,CNC-02,M,299.11849238607465,314.2398822329744,2156.9686502436066,34.02039024062103,199.16106467751908,3.353899426608192,13.795403318171394,52.55563336423252,0,2026-10-08 00:33:57
2026-10-07 08:22:00,CNC-03,H,296.3613045078705,310.8828375082656,1726.4392405194171,43.63038951162024,109.70590265108181,2.373959173634743,14.05691508999871,54.59388845647496,0,2026-10-08 00:33:57
2026-10-07 09:04:00,CNC-02,M,295.5519444236792,309.4808089623539,1506.5894357100171,47.250060876292004,37.91544718990102,2.1324704848111122,13.117145310891637,64.40563614313577,0,2026-10-08 00:33:57
2026-10-07 07:02:00,CNC-02,M,295.7534157359296,309.8160280553097,1800.047793066963,38.69518503782328,76.61654409808853,2.487262047572919,,61.986385877690836,0,2026-10-08 00:33:57
2026-10-07 20:20:00,CNC-01,L,299.9582433701554,313.40068142461195,2389.385229366607,25.227737348117255,96.20228398740184,29.2010114407708,11.546956495516033,49.61383709645979,0,2026-10-08 00:33:57
2026-10-07 07:25:00,CNC-03,H,295.8074372597178,309.3977378223641,1880.6626046426923,35.464145216406706,26.86111971651138,2.5551883876743178,12.462562053162333,56.887937337819594,0,2026-10-08 00:33:57
2026-10-07 05:51:00,CNC-02,M,296.63487679519335,311.6412437486768,1968.6227917282588,37.269106699980206,201.77452196061168,3.245801734214858,13.635867523630605,55.172278467742224,0,2026-10-08 00:33:57
2026-10-07 22:08:00,CNC-02,M,299.2679325878422,312.8504768513767,2514.4197356295954,20.528050896141874,209.67742776316388,3.8419975133539026,9.797311373026492,55.64361473320649,0,2026-10-08 00:33:57
2026-10-07 01:47:00,CNC-02,M,298.381736174639,312.04413695257455,2700.498120828535,22.580693443074388,126.30753010254412,33.25485447659037,11.522659360113616,56.056750409438145,0,2026-10-08 00:33:57
2026-10-07 04:23:00,CNC-01,L,296.55316457973134,309.7081246992248,2271.105472193984,26.598565885162465,70.24588894875974,2.9069672814557754,11.444077746374402,,0,2026-10-08 00:33:57
2026-10-07 10:29:00,CNC-02,M,296.3546027174993,310.99021936213893,1378.136987062468,51.430279225935976,169.80916184311462,2.3963712805871413,13.412598295825418,58.52514961532013,0,2026-10-08 00:33:57
2026-10-07 14:15:00,CNC-02,M,297.9049342570686,312.21268216333243,1626.8800773692126,46.63766995611497,31.003256895822464,2.297758636007689,14.220821358818416,49.70326364329623,0,2026-10-08 00:33:57
2026-10-07 00:33:00,CNC-02,M,298.93380407073266,310.6684635587448,2779.271939172259,14.33062189363259,46.8011199148956,3.3431819312130844,7.576665128278734,54.08474394155295,0,2026-10-08 00:33:57
2026-10-07 13:14:00,CNC-01,L,296.91281250470763,311.72374292854477,1452.9857286289157,51.49972113950853,174.25286711442516,2.620725517387607,13.95887043879275,54.81784331987536,0,2026-10-08 00:33:57
2026-10-07 19:47:00,CNC-02,M,299.04323754242216,312.59138220119866,2174.3493890118193,27.46369526189868,47.98510554479273,2.765965760358975,,52.97881941361046,0,2026-10-08 00:33:57
2026-10-07 09:37:00,CNC-02,M,295.84393494030047,310.33363628988803,1558.0951136745525,46.9392765445034,88.43510307803682,2.2458967115343857,13.844790710453626,,0,2026-10-08 00:33:57
2026-10-07 19:48:00,CNC-02,M,299.067460949795,313.4489040673468,2223.7280575579557,32.31760399195895,49.262442186155255,2.713288055522051,13.806162499369318,50.578118046731625,0,2026-10-08 00:33:57
2026-10-07 13:51:00,CNC-02,M,297.3219840404034,312.815607464115,1480.1121840862809,52.28651282159108,240.79895126591893,3.189707813171263,14.59424238426018,52.86908087317096,1,2026-10-08 00:33:57
2026-10-07 00:50:00,CNC-02,M,298.74871170954003,310.13106051743466,0.0,12.985273342373674,64.9038936907738,3.2922887969830366,6.385147705709586,51.81865379290895,0,2026-10-08 00:33:57
2026-10-07 22:25:00,CNC-03,H,304.70401013707755,310.6062393819947,2621.438114426262,15.652939565597316,65.75637560788026,3.1996405924995734,7.810560188744754,41.33977825379205,0,2026-10-08 00:33:57
2026-10-07 23:55:00,CNC-01,L,298.76280566135426,311.5428110845758,2541.262859810003,19.78893841356586,128.22765759369835,3.344070431597104,9.473444902741685,54.2672265358768,0,2026-10-08 00:33:57
2026-10-07 04:57:00,CNC-03,H,296.3732922315521,310.3496487558464,2196.70040678163,,71.00332427797746,2.7686416783635557,13.425498633156007,,0,2026-10-08 00:33:57
2026-10-07 02:39:00,CNC-01,L,297.59903382708023,310.37382846632283,2566.389005981985,19.672440446408565,153.63378525685278,3.345192674121934,9.233080516680781,62.21083406236036,0,2026-10-08 00:33:57
2026-10-07 15:15:00,CNC-02,M,298.0521422493286,312.71899874014304,1569.6156472007774,46.1161194867065,122.79339736583522,2.38402062796417,13.790016309902715,56.90278243106588,0,2026-10-08 00:33:57
2026-10-07 17:50:00,CNC-01,L,299.0938600242038,313.5400920739282,2041.0556585740085,35.39753817716531,138.63604065250598,2.9776931805460514,13.467099549993657,51.11558853735311,0,2026-10-08 00:33:57
2026-10-07 14:46:00,CNC-03,H,298.7940626061825,313.78358470904806,1529.119252370814,50.34996832490234,188.678545747908,2.6981254069070437,14.452642565471162,52.762172515116546,0,2026-10-08 00:33:57
2026-10-07 06:42:00,CNC-01,L,295.64245879049395,310.0463641666368,1953.7503954807667,38.74635322157957,27.407213912003286,2.515764467939618,14.178838357495065,62.01818389279193,0,2026-10-08 00:33:57
2026-10-07 09:56:00,CNC-01,L,295.9231063308378,310.1185969366943,1554.1272967851294,46.40662429664988,77.42463912250878,2.2546189419486447,13.753118816912536,53.16094093644611,0,2026-10-08 00:33:57
2026-10-07 21:20:00,CNC-03,H,299.8188654707544,313.04464286091866,2720.6261493463703,17.915644296537238,246.76597767429942,4.188186106793691,9.28374035770894,55.2152532094736,0,2026-10-08 00:33:57
2026-10-07 07:11:00,CNC-01,L,295.51098209102634,309.44744940331327,1868.3692772687934,37.700541490201154,67.80512808582185,2.5481204209105104,13.10296009381052,58.08570092298356,0,2026-10-08 00:33:57
2026-10-07 00:52:00,CNC-03,H,298.36139546711075,310.67722501661257,2466.72044773457,20.051894900777775,23.630916568086686,3.0097228481035865,9.378151930138927,52.500336529884734,0,2026-10-08 00:33:57
2026-10-07 19:08:00,CNC-02,M,298.81697737228325,312.34700206442,2202.109440227424,28.838261402930737,0.0,2.677476484928694,11.934640087343508,53.40581185992154,0,2026-10-08 00:33:57
2026-10-07 21:53:00,CNC-03,H,299.34460759499297,311.5273274195207,2450.740635436572,18.41091289352391,30.840532529621036,2.95671972155502,8.423511193695255,53.4153919120907,0,2026-10-08 00:33:57
2026-10-07 19:40:00,CNC-02,M,298.8138054594998,311.78667613001477,2353.387390164957,23.169587253745412,39.4775708196964,2.905706455495487,10.152976600643369,51.342994867686386,0,2026-10-08 00:33:57
2026-10-07 13:10:00,CNC-03,H,24.697287501976007,38.112252987030274,1486.1570136450975,42.87051433311098,39.37634555042464,2.0385172302527588,11.907429767766597,54.69675668449301,0,2026-10-08 00:33:57
2026-10-07 08:37:00,CNC-02,M,296.13643681589673,311.00742148145116,1601.4716174470966,47.852485357871494,214.48473127903011,3.000224366671796,14.307479702029196,54.84384558372154,0,2026-10-08 00:33:57
2026-10-07 18:51:00,CNC-02,M,299.0116416062842,314.5259542436028,2134.746577938569,34.79706179864969,197.86767193374854,3.3331138690012305,14.037708746331468,56.37712973585101,0,2026-10-08 00:33:57
2026-10-07 05:28:00,CNC-03,H,296.2556299641391,310.16992491265546,2206.7897292517514,28.86026401230738,110.62808840760258,2.8375013287612814,12.1018423170489,57.596856007726466,0,2026-10-08 00:33:57
2026-10-07 09:00:00,CNC-01,L,295.3162369767546,310.0353240308246,1592.8963452793062,45.86196491290799,227.81404061121964,3.3138709914770437,13.764224561855503,63.16330506866364,0,2026-10-08 00:33:57
2026-10-07 17:13:00,CNC-02,M,298.9508181511978,312.6594594931735,1902.3503164578287,33.0268875759789,67.78856301977122,2.554892360567535,11.72096555514475,53.65027836996043,0,2026-10-08 00:33:57
2026-10-07 19:56:00,CNC-01,L,299.57681115779917,313.26442029675803,2194.714151015397,30.373922097000083,67.82172056736435,2.8228947678161216,12.577464143903313,52.772712476136284,0,2026-10-08 00:33:57
2026-10-07 16:06:00,CNC-01,L,25.52665937778596,40.9503531743581,1851.9661946270867,42.846887126420164,211.23410863276598,3.263224556352432,14.845917822409355,52.763224704396535,0,2026-10-08 00:33:57
2026-10-07 20:19:00,CNC-03,H,299.91051321487623,313.326795945164,2377.5059630004425,24.616921087830775,176.58255252704296,3.2415980455431286,11.01045812836519,52.16557979162748,0,2026-10-08 00:33:57
2026-10-07 19:07:00,CNC-02,M,298.6666251109356,314.2570978513898,2325.366447864964,32.33603204870005,218.10873201518663,3.7380993509779663,13.944613725725434,56.60972485234982,0,2026-10-08 00:33:57
2026-10-07 10:21:00,CNC-03,H,296.5225027552759,310.8085257965349,1502.4099913189712,48.62243287579183,20.255124242692194,2.165068784909916,13.692165322363614,60.97162464294085,0,2026-10-08 00:33:57
2026-10-07 22:26:00,CNC-01,L,299.3829648182634,311.44249965649385,2560.3858641360493,17.650102864128616,32.494219487605925,3.089746826942392,8.44119219801015,53.49494703600884,0,2026-10-08 00:33:57
2026-10-07 17:50:00,CNC-02,M,298.87807616246147,312.9471652816536,2026.7026971168818,32.8102403533621,118.27855653061282,2.8214156364753866,12.276464777276395,51.23041837993837,0,2026-10-08 00:33:57
2026-10-07 09:31:00,CNC-03,H,296.23941887254597,311.6381974771074,1611.3384098375411,49.364278400491095,214.22556486919927,2.908533082777622,14.837431877987878,57.18236459980704,0,2026-10-08 00:33:57
2026-10-07 10:47:00,CNC-03,H,296.8039690137141,311.15750233030593,1412.1931843186098,52.736202384509596,61.14866197584553,1.9783885542086805,364.271618663779,57.65277124773297,0,2026-10-08 00:33:57
2026-10-07 20:02:00,CNC-03,H,299.8367743174601,313.9805997124399,2253.5635327712093,29.2544995351211,156.41367999332803,3.0788122808248763,12.10290512251895,48.77458208400568,0,2026-10-08 00:33:57
2026-10-07 15:33:00,CNC-01,L,25.02360348782412,39.73984600228766,1677.9668229670337,42.78944710559685,162.65591930022234,2.6257958979071816,13.26091185379473,54.33962827243495,0,2026-10-08 00:33:57
2026-10-07 19:58:00,CNC-02,M,299.0240394159367,312.9860962432157,2265.1652592750866,29.78168819531748,61.36726199187561,2.8330537211834605,12.657889087080571,51.34500531864342,0,2026-10-08 00:33:57
2026-10-07 00:47:00,CNC-01,L,298.97239093536496,,2851.1832759379986,17.838399043302587,31.564982788943645,3.333856099535126,,54.78323065713868,0,2026-10-08 00:33:57
2026-10-07 03:19:00,CNC-01,L,297.0116767516361,311.46671474764577,2541.037956890717,26.795893054608594,198.83800762241802,3.871421175415459,12.726492300591831,52.023284198351504,0,2026-10-08 00:33:57
2026-10-07 23:17:00,CNC-03,H,304.59594966303007,310.90313627285684,2669.482892877623,16.453289092096885,121.56574679798315,3.38737422145283,8.262907748991932,44.79457402062823,0,2026-10-08 00:33:57
2026-10-07 17:02:00,CNC-01,L,299.3806381280676,313.3539993209349,2101.2384090434907,32.26970796255595,72.8331065709954,2.7164152833599986,12.45023169829283,50.43846536683459,0,2026-10-08 00:33:57
2026-10-07 06:29:00,CNC-02,M,296.1524204264708,309.9140284400825,1906.398218971822,34.65029330172755,31.129989105378428,2.534665903554123,12.513033030381397,61.76527844286373,0,2026-10-08 00:33:57
2026-10-07 16:05:00,CNC-03,H,26.511000268270834,41.121796015878374,1684.6118945587361,44.408163941940934,89.2683068855491,2.3957129738742378,13.775733897743047,52.70034768784457,0,2026-10-08 00:33:57
2026-10-07 06:42:00,CNC-03,H,296.1907725594524,311.67042830784527,1857.2765814879513,43.48532912814576,209.09943948206134,3.0482217075605287,15.16963630640606,59.673544245039075,0,2026-10-08 00:33:57
2026-10-07 10:03:00,CNC-01,L,295.8006622863668,310.3277790111968,1559.6178189877548,48.68228413612694,88.28890701388872,2.326521069870255,14.218205618061143,59.83761037200488,0,2026-10-08 00:33:57
2026-10-07 13:13:00,CNC-02,M,297.15829022437634,312.12042801482215,1514.9653065159414,50.81581880499537,181.04664270177912,2.631093973209237,14.464465845163462,54.347410487891665,0,2026-10-08 00:33:57
2026-10-07 02:06:03,CNC-02,M,298.04985752044007,310.481666713866,2755.8946379623276,15.845337586706343,147.24365067611265,3.5674790252285185,8.339069446192804,57.516207554805,0,2026-10-08 00:33:57
2026-10-07 05:20:00,CNC-01,L,295.77508863471377,310.2657132660119,2131.685194212768,34.05609219723262,141.5900337283007,3.123416322108415,13.614729315522348,59.7664951277662,0,2026-10-08 00:33:57
2026-10-07 19:56:00,CNC-03,H,299.9052160487306,313.68438816953767,2218.3958917046957,29.050828147812314,149.23267879452516,3.115737703308009,12.129428257050002,48.526774732990376,0,2026-10-08 00:33:57
2026-10-07 09:35:00,CNC-02,M,296.10552412295874,310.5038093432179,1470.054939721942,50.02599363016946,85.40359943709919,2.1584188701575044,14.027598366060245,60.020589027897984,0,2026-10-08 00:33:57
2026-10-07 01:43:00,CNC-03,H,298.1171014059538,310.05375018751073,,15.426204982102078,79.1636687912864,3.240644346754957,7.8034911962289595,53.84224610405531,0,2026-10-08 00:33:57
2026-10-07 18:29:00,CNC-02,M,298.6820975597318,313.79492787841684,2130.171196009525,35.60904041966614,169.71452434082343,3.160662023816339,14.200941443776909,48.25669405046175,0,2026-10-08 00:33:57
2026-10-07 01:09:00,CNC-03,H,298.5109113368186,309.55978582544054,2731.043052979421,11.35533162882464,41.860145431073796,3.150086818924959,5.615946754138109,53.80755103107646,1,2026-10-08 00:33:57
2026-10-07 10:12:00,CNC-02,M,296.1661879318103,310.7333301955879,1417.2315385291975,48.069244160729006,142.99459317876114,2.206262814058568,12.673724047299702,59.363551752189245,0,2026-10-08 00:33:57
2026-10-07 18:41:00,CNC-03,H,299.8886570256814,313.22456544186406,2170.1408329312094,28.70645416391686,56.338059283378456,2.7941073751387955,11.55588506014187,46.13758646577255,0,2026-10-08 00:33:57
2026-10-07 08:45:36,CNC-01,L,295.46688293634327,310.51850293498165,1518.5794315676358,52.003150904067674,206.6958062236978,3.029855275870038,14.907351986173927,55.32900132677096,0,2026-10-08 00:33:57
2026-10-07 21:17:00,CNC-01,L,305.1062830018867,313.41479230818203,2466.7049510572892,27.667110321689265,161.52477066832418,3.3039147434810343,12.790907551854795,42.220619483662,0,2026-10-08 00:33:57
2026-10-07 10:35:00,CNC-03,H,296.6554338059047,310.1871335034378,1372.8230336501792,49.367112836471065,42.21080228498902,2.030013742823254,12.649083222825295,58.94302438149687,0,2026-10-08 00:33:57
2026-10-07 13:54:00,CNC-02,M,297.26638539521355,312.94684366919796,1427.0693126825568,56.620118806013366,245.50209649582584,31.466023610050733,15.32371748149728,56.525143625913536,1,2026-10-08 00:33:57
2026-10-07 16:19:00,CNC-03,H,26.216139055297106,40.51019229912498,1670.6727329149555,43.839057382578474,109.55626881986576,2.3567513527365938,13.951008928710387,54.89052848323282,0,2026-10-08 00:33:57
2026-10-07 18:44:20,CNC-03,H,300.13066983751634,313.11859008729584,2351.311923522119,24.670700433328616,60.091595011280816,2.9451504531185493,10.900954940894737,49.13734284147545,0,2026-10-08 00:33:57
2026-10-07 15:29:00,CNC-01,L,24.925859448528513,39.965739980671515,1795.887061999309,43.26532846886717,156.7342709389378,2.767904740128828,14.688912144591118,55.96986484319405,0,2026-10-08 00:33:57
2026-10-07 17:51:00,CNC-02,M,299.1305759762146,313.52424467779036,1935.3549605195396,35.50514539854063,119.63651907205266,2.583028917687402,12.881482753422508,46.47903882034881,0,2026-10-08 00:33:57
2026-10-07 07:08:00,CNC-02,M,296.34095799471777,310.3338904882303,1827.6117955154234,38.05131334116816,85.05938189143976,2.497824824546919,12.977318191475941,0.0,0,2026-10-08 00:33:57
2026-10-07 21:27:00,CNC-02,M,299.6916136696183,313.4702308418554,2725.7224189194926,20.105118383452147,164.39165889959583,3.570559054998846,10.276011039475708,54.923819046106,0,2026-10-08 00:33:57
2026-10-07 07:59:00,CNC-03,H,296.2196755555208,311.0706149808856,1699.0038622876039,48.60199615834334,75.8038143045365,2.387474381483902,15.227090489522167,56.8545443233908,0,2026-10-08 00:33:57
2026-10-07 18:09:00,CNC-03,H,299.87365106784694,313.5910665422541,2090.69029848704,32.73434714641393,14.568896432254414,2.6509608274322263,12.732681994633563,52.32073318829042,0,2026-10-08 00:33:57
2026-10-07 15:30:00,CNC-02,M,25.21963371541483,40.43372269376772,1627.8120299029133,49.209752949692366,145.19275514563492,2.531607061164586,15.094312861639443,51.45781965927245,0,2026-10-08 00:33:57
2026-10-07 00:45:00,CNC-01,L,298.7957497455935,309.8641282987527,2692.0405278632184,11.864926544422879,29.438287531831683,3.228266997710511,5.81351782706168,51.75810215198016,1,2026-10-08 00:33:57
2026-10-07 17:03:00,CNC-01,L,299.0589576192071,312.6484699039921,1877.10845124388,35.87056840153687,74.22382249248777,2.6044690869825917,12.632258506582467,53.56255994235817,0,2026-10-08 00:33:57
2026-10-07 02:45:00,CNC-02,M,297.7846842945241,311.87430918721446,2555.9838029439115,25.45025864494833,190.64524543731912,3.689157186586828,12.228674738130582,53.789255701520005,0,2026-10-08 00:33:57
2026-10-07 03:44:00,CNC-02,M,297.2020294211229,310.036646919325,2452.9845523878093,22.295982965263182,43.12899083893719,3.0955297405227977,10.10643709478802,55.111781829573644,0,2026-10-08 00:33:57
2026-10-07 03:34:00,CNC-02,M,297.3283833659205,310.4204533122972,2361.678935601663,25.642405560949204,31.378935067503495,2.959535619058868,11.387038501567607,56.273454119471914,0,2026-10-08 00:33:57
2026-10-07 08:56:00,CNC-01,L,295.6285177561952,310.94701911022327,1687.1357134481834,47.92654025774061,221.7576763279929,3.4463815056381573,15.21003699939309,60.628707250650095,0,2026-10-08 00:33:57
2026-10-07 05:38:00,CNC-02,M,301.9603162131361,310.8460296257666,2015.742298224393,35.01263822699142,184.7953045731693,3.116835104158112,13.138373961655939,48.875792591540154,0,2026-10-08 00:33:57
2026-10-07 01:07:00,CNC-02,M,298.3436565903273,310.35769729069904,2492.9438644707116,17.228097032023097,83.19437554030219,3.1384030893296773,7.8002214033255015,49.66196356067796,0,2026-10-08 00:33:57
2026-10-07 06:33:00,CNC-03,H,295.80170746429286,310.83746157390283,2002.0866461110293,36.66884563446257,196.87040472001476,3.103712989614717,13.716574270458388,57.57388151418982,0,2026-10-08 00:33:57
2026-10-07 20:22:00,CNC-02,M,299.2257129548835,312.777731010992,2328.44409597426,25.88395005133689,90.14165143932104,2.97387522451079,11.335223757406458,53.92375605469567,0,2026-10-08 00:33:57
2026-10-07 18:47:00,CNC-03,H,300.031912964433,313.9527933945392,2133.528334340505,31.523351369906223,63.90984552815354,2.749127795748582,12.680004948612021,52.84013477819703,0,2026-10-08 00:33:57
2026-10-07 22:13:00,CNC-02,M,299.4242041952377,312.8252875472179,2603.3750659917873,19.694470547497055,215.15276509307478,3.9675974624495014,9.698039301155465,53.48765540986547,0,2026-10-08 00:33:57
2026-10-07 00:52:00,CNC-02,M,298.6588159841446,310.87973026757237,2665.661676894341,17.265582732115778,67.0838085541594,3.2973761394067873,8.342552590869678,51.01014336197734,0,2026-10-08 00:33:57
2026-10-07 12:28:00,CNC-02,M,23.671621277801364,38.1497445292494,1339.4607655445823,53.72301514434483,109.60504472793752,21.0037144649336,13.66888929686259,56.523515014390405,0,2026-10-08 00:33:57
2026-10-07 14:54:00,CNC-02,M,297.7028200594041,311.63958613731614,1475.2367952580398,45.3705532516808,90.88940977147297,2.147668159813412,12.610935335898468,54.46397411199008,0,2026-10-08 00:33:57
2026-10-07 00:42:00,CNC-03,H,298.6660191140309,309.5679038479261,2753.073303669066,10.43534493894158,12.946841010133221,3.3853371596932518,5.463163149820194,55.52713574778735,1,2026-10-08 00:33:57
2026-10-07 21:01:00,CNC-01,L,305.26659322364054,313.09041998905417,2515.11982166811,26.18802308703502,143.47574850124158,3.38329609128022,12.379668631591308,44.9411365381612,0,2026-10-08 00:33:57
2026-10-07 22:39:00,CNC-02,M,299.67431799532847,312.3447346118749,2641.398444850132,18.870460199699664,5.404300131257442,3.1598215165999526,9.252918423988701,52.62889532126808,0,2026-10-08 00:33:57
2026-10-07 02:26:00,CNC-03,H,297.6364684225122,311.0168640874195,2495.696495334516,23.180570335237995,126.38082316921171,3.089965031122487,10.720114453592853,51.102505027648405,0,2026-10-08 00:33:57
2026-10-07 05:49:00,CNC-02,M,296.72359995355845,312.22797684159315,2187.0887473713037,36.2850162363045,199.12344096810082,3.449135651091648,14.64354013729056,57.89453216366925,0,2026-10-08 00:33:57
2026-10-07 11:51:00,CNC-02,M,296.4858815576113,310.5239849781028,1388.0009325859573,50.25125551650226,50.84139604821099,2.0695168252139635,13.06796639967033,55.3088349176622,0,2026-10-08 00:33:57
2026-10-07 05:37:00,CNC-02,M,302.3886346238813,311.28663696227545,2010.8696975594023,36.23924916685946,183.49903275183433,3.19439471323976,13.623852957852563,44.17198281472008,0,2026-10-08 00:33:57
2026-10-07 16:01:00,CNC-03,H,26.508765806599,40.97663855097903,1729.3713307055016,42.543315328523086,83.44054195022599,2.4208176983343956,13.964251476404096,53.766188473751434,0,2026-10-08 00:33:57
2026-10-07 10:44:00,CNC-03,H,296.73181246678075,310.95506843953075,1371.9512791110562,52.52701226497142,56.35429015275667,1.9894121217752179,13.598025845836132,59.59823849223697,0,2026-10-08 00:33:57
2026-10-07 02:12:00,CNC-02,M,298.1062818585305,312.32784222446486,2489.6978362355812,26.584813914580174,153.80336819910926,3.2673496434906815,12.590247008038295,53.345966791893375,0,2026-10-08 00:33:57
2026-10-07 16:10:00,CNC-01,L,25.178621831065755,39.69764563123755,1669.6552894417791,42.917971364357825,217.01654203135095,3.345444319888808,13.514231232122697,52.81633521170676,0,2026-10-08 00:33:57
2026-10-07 20:55:00,CNC-02,M,299.4859860608345,312.9208137398033,2538.4201923721535,22.25295810224102,128.39959771548746,3.2184342300452116,10.702245281939911,50.694659778600105,0,2026-10-08 00:33:57
2026-10-07 09:34:00,CNC-02,M,295.8713025214832,309.57647766034916,1573.0047387326458,41.33741681300101,83.84322075786766,2.2109153990547528,12.57312780413099,61.84841550669398,0,2026-10-08 00:33:57
2026-10-07 18:42:00,CNC-03,H,299.76968328382117,313.4304247839782,2216.419703744854,30.084844360909038,57.622503656762035,2.6849553722655735,12.501606474711371,55.146878313693605,0,2026-10-08 00:33:57
2026-10-07 13:58:48,CNC-03,H,298.09192728386,312.89647341272223,1496.2121065441584,50.37042493628526,114.6212405146514,2.1745057436898354,14.352894083821333,52.710382084441605,0,2026-10-08 00:33:57
2026-10-07 04:09:00,CNC-01,L,296.6501197565531,309.8316568696401,2299.5894826750537,25.710343819648998,53.11083093268084,3.0082329602444964,11.197177952604596,57.490815739315806,0,2026-10-08 00:33:57
2026-10-07 11:23:00,CNC-01,L,296.33534381542137,311.32322534957353,1408.4710500924743,53.54333495123003,214.48552375131092,2.8992788486681484,14.52771540424085,59.53239000406513,1,2026-10-08 00:33:57
2026-10-07 04:06:00,CNC-01,L,296.49791255708436,309.07960799480213,2327.9881870367144,23.58834493409406,49.504903460618124,2.7952341729003862,10.459810662980336,60.12647457630321,0,2026-10-08 00:33:57
2026-10-07 08:19:00,CNC-02,M,295.9787493474057,310.8123848338342,1607.3448319071588,44.699080334219644,187.71114140348982,2.8344503775395906,13.770378523087262,57.94743832155413,0,2026-10-08 00:33:57
2026-10-07 23:22:00,CNC-03,H,304.75521197730416,311.37191262064596,2709.5852250117564,17.178997493209888,126.78406513884474,3.3906816463897225,8.729875601211987,43.442298821416124,0,2026-10-08 00:33:57
2026-10-07 21:21:00,CNC-01,L,305.29207648421857,312.9038318867513,2432.7314961412176,24.036344971165537,165.98796497836204,3.4900535490053435,11.160459453859891,37.92599467243536,0,2026-10-08 00:33:57
2026-10-07 15:08:00,CNC-01,L,298.09285646706127,311.9922127534585,1487.7287360206365,43.17342363180593,125.18576802694162,2.3945218083282667,11.97216842947207,55.80762496450226,0,2026-10-08 00:33:57
2026-10-07 13:22:00,CNC-03,H,297.80282804883046,311.9150246638551,1495.678383451448,47.048594331133785,58.28103766406701,2.1478532065905767,13.030804365415097,52.670704464126395,0,2026-10-08 00:33:57
2026-10-07 05:04:00,CNC-03,H,,311.002664824763,2163.93776149856,34.42374708052722,79.81926893947704,2.796599522232017,14.030157898645358,56.83135552813425,0,2026-10-08 00:33:57
2026-10-07 04:49:00,CNC-02,M,302.02467908466855,309.0354721252529,2312.5222723656793,21.914211122908842,122.25826961609245,3.069838298416641,9.51414217395735,47.68594662465991,0,2026-10-08 00:33:57
2026-10-07 22:42:00,CNC-02,M,299.6570065220671,312.1740354062983,71604.51470649093,18.1784258590582,8.649962562508357,3.2618010638473485,9.48363999719083,52.7460991096265,0,2026-10-08 00:33:57
2026-10-07 22:13:00,CNC-01,L,304.65214941868015,310.23388451316197,2672.6721435629897,14.829277886545515,18.361235878690657,3.236654428120822,7.517630668972877,41.94740892958331,0,2026-10-08 00:33:57
2026-10-07 10:45:43,CNC-03,H,296.9675951541696,311.38825655556417,1359.4709983229534,52.39683451163737,59.548661975845526,2.028252868148293,13.307279292484019,56.92659594350239,0,2026-10-08 00:33:57
2026-10-07 16:45:00,CNC-02,M,298.60393591603525,312.86351561919076,1972.761795615956,36.10000499616891,28.581265149197858,2.546513617559814,13.302642717239229,52.000766753951005,0,2026-10-08 00:33:57
2026-10-07 06:22:00,CNC-01,L,295.809067077378,309.22954905915014,2005.8925636649954,32.65831798646889,0.0,2.4885467032672017,12.423439101194678,61.178734950236105,0,2026-10-08 00:33:57
2026-10-07 20:10:00,CNC-03,H,300.08113397434636,313.77322129337824,2364.8830753582656,25.6044432308445,166.06485004462357,0.0,11.47923759905665,51.27984352442256,0,2026-10-08 00:33:57
2026-10-07 22:40:00,CNC-03,H,304.65910182130983,310.8011253821383,2808.7259576603574,15.902499064837352,81.94902309752963,76.24162361977845,8.236617072941023,41.81463024441635,0,2026-10-08 00:33:57
2026-10-07 14:17:00,CNC-03,H,298.48394664199515,312.86868384401095,1398.774886051862,51.566147411836724,,2.283621426726312,13.407928303190916,51.20032528028254,0,2026-10-08 00:33:57
2026-10-07 21:22:00,CNC-02,M,299.55835955873545,313.05008640892635,2533.2958271166076,22.006609887215056,158.74182328433938,3.3186953017316476,10.2717922545604,48.48142909052586,0,2026-10-08 00:33:57
2026-10-07 22:05:00,CNC-02,M,299.3966636676923,312.69307508518335,2719.2691826690307,18.11692243745082,206.32114133201347,3.9313724020907546,9.329777555651003,51.02509886932246,0,2026-10-08 00:33:57
2026-10-07 16:08:00,CNC-02,M,25.633357648068397,40.52327553065743,1659.6994343329263,43.24976908618611,201.12586090596463,2.882530016983807,13.36293339254633,53.22885305999736,0,2026-10-08 00:33:57
2026-10-07 23:33:00,CNC-02,M,299.1911075363582,311.26761625274384,2674.053962316159,14.959761088988033,63.00163118079075,3.2081465259427304,7.7520251162708576,52.446735228607494,0,2026-10-08 00:33:57
2026-10-07 03:02:32,CNC-02,M,297.69431885163743,311.8830291860203,2488.478847323655,25.079077204253505,211.0807929651596,3.7620826077305316,11.650265175873669,61.41319719520149,0,2026-10-08 00:33:57
2026-10-07 00:56:00,CNC-02,M,298.68676693615083,310.05196771531786,2712.119291237223,13.287181384957536,71.31941758464745,3.357810397234494,6.808182732876152,48.43581897633737,0,2026-10-08 00:33:57
2026-10-07 16:24:00,CNC-02,M,25.468988504173183,40.69167229890985,1716.5695941412323,43.413444457705076,224.3048471010798,3.273371422137964,13.96268649774236,53.021151283619574,0,2026-10-08 00:33:57
2026-10-07 03:22:00,CNC-01,L,297.03484456482863,310.66342287725854,2673.0089684172267,22.78172075602498,202.25675267395636,3.9104413677120204,11.480875842338902,58.696794702895325,0,2026-10-08 00:33:57
2026-10-07 03:14:14,CNC-03,H,297.59014631135324,311.41166087919817,2529.2764850784843,23.651891819135045,180.27263308990052,3.4495010678531632,10.988066478694769,59.15408064716943,0,2026-10-08 00:33:57
2026-10-07 20:17:00,CNC-02,M,299.21529442870934,311.9183722437511,2493.6112950734796,19.39911482729195,84.17764675117455,3.083073695064554,9.21843790634746,51.38476490482086,0,2026-10-08 00:33:57
2026-10-07 20:11:00,CNC-03,H,300.04838471094365,314.09251177268385,2403.0978155786447,25.889298948908966,167.25926696116886,3.2438288221678158,11.894995015151055,54.61478797582804,0,2026-10-08 00:33:57
2026-10-07 11:25:00,CNC-02,M,296.5555158037654,310.3261534801581,1323.9007332497804,50.95115902266438,9.510844718256111,2.0405554952405867,12.910200156565404,60.89407590122633,0,2026-10-08 00:33:57
2026-10-07 22:24:00,CNC-01,L,299.6490278569626,311.15430674254833,2780.5747239943166,14.222268816990843,30.277963244424395,3.251427685223699,7.5714987830514575,48.222526734788126,0,2026-10-08 00:33:57
2026-10-07 06:50:00,CNC-01,L,295.8928313908169,310.0144823838183,1843.8421986269075,38.25184122941286,38.463264342119,2.414550759433293,13.368875716287953,55.920990102616486,0,2026-10-08 00:33:57
2026-10-07 18:45:00,CNC-03,H,299.9934760234818,313.7658413338073,2166.458113611852,29.96238356612008,61.37900969292781,2.884287264265994,12.134510852338027,47.30966709111801,0,2026-10-08 00:33:57
2026-10-07 23:44:00,CNC-03,H,304.03977373745556,309.83818275512954,2698.64265835552,13.933297357291785,150.15855931582715,3.422566709808728,6.945340340278134,41.85513215355922,0,2026-10-08 00:33:57
2026-10-07 16:44:00,CNC-01,L,298.7683840424377,312.9739793277209,1774.3964856486693,41.90554552465058,47.463304706910186,2.2766387177731873,13.930489422794754,52.24358890607369,0,2026-10-08 00:33:57
2026-10-07 02:27:00,CNC-01,L,297.6881824137181,310.64672692911665,2600.3642531659593,18.776192160123816,140.14370153331532,3.366101423911203,9.13139160924075,58.39487997060574,0,2026-10-08 00:33:57
2026-10-07 13:13:00,CNC-01,L,297.05141332234524,311.87926800258026,1384.3801865182138,54.203511131886046,172.65286711442516,2.5758131988527966,14.113359121799016,56.136632889251715,0,2026-10-08 00:33:57
2026-10-07 02:54:00,CNC-02,M,297.8412883723447,311.5613963421589,2562.660514515186,23.667848225154323,200.76751562902163,3.81175951483546,11.436712789033278,57.139643063768055,0,2026-10-08 00:33:57
2026-10-07 14:10:00,CNC-02,M,297.56572591709306,311.17454996718493,1390.1558311441952,45.63118443358681,23.260796321908565,1.990010627465216,11.81683589810913,57.94571201789492,0,2026-10-08 00:33:57
2026-10-07 02:20:00,CNC-02,M,298.1604369700629,311.7089447251217,2582.684295810019,23.097869784784194,162.64553375810544,3.391367415053191,11.064032071470121,52.00800236004998,0,2026-10-08 00:33:57
2026-10-07 11:27:00,CNC-03,H,296.85134222975194,311.62060765237527,1453.7651571416413,53.51221119915942,124.49894493992444,2.276551633078582,14.860021711689903,57.820344330736646,0,2026-10-08 00:33:57
2026-10-07 07:21:00,CNC-03,H,296.285599262284,310.8353400379331,1834.5385741291689,43.55993327811246,21.226907752135787,2.475946196250232,14.75446872416543,59.51780102115675,0,2026-10-08 00:33:57
2026-10-07 01:49:00,CNC-03,H,298.07643208262795,310.90837554694815,2592.401276173867,20.364646216898365,85.67389008030565,3.222331343240821,9.79815445516184,57.28895814451889,0,2026-10-08 00:33:57
2026-10-07 06:25:00,CNC-03,H,296.1545367609316,311.26960912045223,2051.507396693415,36.12653143020982,185.91091222164846,3.104705805565281,14.05343926080472,60.21091699410597,0,2026-10-08 00:33:57
2026-10-07 04:39:00,CNC-03,H,296.6048916239533,309.4742321655218,2295.3951899699987,24.551030661517547,48.48547827338944,2.8277038725506407,274.35905056007954,56.36695002311906,0,2026-10-08 00:33:57
2026-10-07 05:14:00,CNC-03,H,296.5127434067385,310.09171600859906,2168.4296329161566,28.431000411756052,92.58208323466587,2.820559811110832,11.562186131832433,57.588335828344974,0,2026-10-08 00:33:57
2026-10-07 07:17:00,CNC-03,H,295.98443851397786,309.55074104353696,1702.4993519027546,39.827668007868276,15.553586408861186,2.2180507240502405,12.888105818739497,54.30895161988277,0,2026-10-08 00:33:57
2026-10-07 16:52:00,CNC-03,H,299.4966906765229,314.0291220098303,1895.7552934665664,39.185643429923196,156.62821836179802,2.7502779654941008,13.908900620656722,52.040024759260334,0,2026-10-08 00:33:57
2026-10-07 06:21:00,CNC-02,M,296.51642827540786,,1935.7938267806392,31.549275263248976,20.242538973109205,2.609404137821095,11.224695381925978,57.34414362042986,0,2026-10-08 00:33:57
2026-10-07 15:13:00,CNC-01,L,297.9484784976855,312.57409029774806,1489.621151033111,50.0606790717581,132.68160976654633,2.371786827037156,13.79195305454981,57.09648901852053,0,2026-10-08 00:33:57
2026-10-07 23:18:00,CNC-01,L,299.2715497197723,311.02571509180416,2729.841841421296,,88.57557006118833,3.286117707098389,6.951891519769987,50.15690698619757,0,2026-10-08 00:33:57
2026-10-07 14:11:00,CNC-03,H,298.11562000410686,312.7290356622424,1477.1019574584966,49.589388087558525,134.86401367418094,2.2964567224657606,13.591653635796831,55.12671717455981,0,2026-10-08 00:33:57
2026-10-08 00:30:00,CNC-01,L,298.34350723160213,311.8396311002112,2665.552065534108,22.551119569514952,165.18911920955233,3.562724169080239,10.916383888775156,56.886955561400484,0,2026-10-08 00:33:57
2026-10-07 16:43:00,CNC-01,L,298.7764998297251,313.46215831962945,1838.1418973515708,44.47086918663368,46.01665488458763,2.4554960197170166,15.49841927118097,53.49071358526595,0,2026-10-08 00:33:57
2026-10-07 01:22:00,CNC-01,L,298.2859800106625,310.1901303307458,2751.208491517062,15.448471648344203,69.19637736825695,3.2726365254907033,8.349719795940462,55.04133287941708,0,2026-10-08 00:33:57
2026-10-07 11:23:00,CNC-02,M,296.60699825704376,310.5580501683399,1450.717056459805,47.75650184014556,6.356242907916938,21.04310662191627,13.08799629860972,55.736964120114514,0,2026-10-08 00:33:57
2026-10-07 02:34:00,CNC-01,L,297.3908455675475,310.45004055824734,2499.3359123207006,21.224449489819847,148.0304195812846,3.402618357159107,9.936851591815003,53.83538053419336,0,2026-10-08 00:33:57
2026-10-07 03:11:00,CNC-03,H,297.412913090334,310.42153992933095,2543.933135245492,20.29216396649367,176.8307680232528,3.423350139188013,9.69277016433053,52.789214654318236,0,2026-10-08 00:33:57
2026-10-07 15:24:00,CNC-03,H,298.93788656468723,312.8786293579243,1624.5006318327378,43.15523443038157,28.850357267879,2.2596570960220457,13.08282021851613,54.79311011307399,0,2026-10-08 00:33:57
2026-10-07 19:39:00,CNC-03,H,299.8161071481705,313.5538135602778,2359.0805674447597,26.318120688863218,128.23693543712824,3.067072990067695,11.880893465983307,50.69337082315615,0,2026-10-08 00:33:57
2026-10-07 19:06:00,CNC-03,H,299.9014024590739,313.6079646291683,2274.915533920727,27.810657695359872,87.75355244337423,2.931657144109462,11.881489691733481,52.02490098885354,0,2026-10-08 00:33:57
2026-10-07 01:35:00,CNC-03,H,298.1688085915081,310.9734291226572,2606.7329998924624,20.813477632846485,70.45507889488866,3.112978392844426,10.253754005437372,51.56380899007143,0,2026-10-08 00:33:57
2026-10-07 16:53:00,CNC-02,M,299.1610473520622,312.8706523314219,1948.212124645011,35.197130934979825,39.831765590821014,2.562046985637477,13.01740448882134,52.32251077250374,0,2026-10-08 00:33:57
2026-10-07 05:26:00,CNC-02,M,302.1297579072637,310.4780090197914,2084.512688038646,32.97708575118779,169.24719049424502,3.046373869882975,13.06077605536286,44.505892838776724,0,2026-10-08 00:33:57
2026-10-07 17:07:00,CNC-01,L,299.1086050762062,312.9307942195272,1960.551904884548,34.7887840087121,79.72391219987864,2.581710928333837,12.728176187216304,50.96956698113016,0,2026-10-08 00:33:57
2026-10-07 13:55:00,CNC-02,M,297.27667113208275,310.93188529453204,1621.1319602733342,41.080373796571756,0.0,2.2719699977954466,12.384992139015658,55.99716288695716,0,2026-10-08 00:33:57
2026-10-07 06:37:39,CNC-03,H,296.3285042602297,311.5553925803398,2051.4417690738387,39.68326802434729,202.28129928357788,31.190990875794128,15.051763609257897,55.031002211564825,0,2026-10-08 00:33:57
2026-10-07 04:55:00,CNC-02,M,302.3271172352774,311.2931896674103,2166.2799971451223,35.63035091019436,129.85773630705933,2.919959534573981,14.464288670004334,45.44377760369997,0,2026-10-08 00:33:57
2026-10-07 05:14:00,CNC-01,L,296.02110351712184,310.7256049944876,2146.4995025211642,35.57068585570435,133.8705899802458,3.010351679785026,14.176758373600633,56.06780846379368,0,2026-10-08 00:33:57
2026-10-07 13:01:00,CNC-03,H,24.86272216285016,38.373008619381096,1378.5469492820328,47.768775294719184,25.204392741116944,1.9152133127300865,12.168530837199466,57.44638791038514,0,2026-10-08 00:33:57
2026-10-07 23:48:00,CNC-02,M,298.7308151100265,310.55241479880823,2792.9721645780837,13.475037705580577,78.9584264764092,3.3264149697368603,7.070804414417996,56.584828044555,0,2026-10-08 00:33:57
2026-10-07 05:26:00,CNC-03,H,296.4323863243019,309.95640251064486,2235.538393725322,27.89511883703152,108.03108280456577,2.918034747989522,11.67034810547435,55.13602302759722,0,2026-10-08 00:33:57
2026-10-07 08:59:00,CNC-02,M,296.0215495332947,309.64102794613564,1692.1236526352939,39.546799980822804,30.32565477674099,2.3389906724958442,12.3092063961708,58.30213558500999,0,2026-10-08 00:33:57
2026-10-07 03:49:00,CNC-03,H,297.23555800128946,310.33924462986226,2501.0163224888897,18.915825672762576,221.04726616777143,3.6953812383251434,8.81492896971237,57.53413682566816,0,2026-10-08 00:33:57
2026-10-07 14:00:00,CNC-01,L,297.32336916766394,311.6855634857532,1650.6744916859843,46.21510173055229,20.401298550277097,2.350770749361907,14.30878184499869,51.975925188417975,0,2026-10-08 00:33:57
2026-10-07 18:43:43,CNC-02,M,298.7878341146049,313.2867258451337,2277.0306173563313,28.967357266306696,188.934821307431,3.437120056992932,12.398581873965144,52.84630617174412,0,2026-10-08 00:33:57
2026-10-07 19:35:00,CNC-02,M,299.0861659632579,312.98435172575955,2192.2175214104045,31.012928179614097,33.38039226862696,2.854180600031971,12.7496960997117,52.06109362033688,0,2026-10-08 00:33:57
2026-10-07 03:03:00,CNC-01,L,297.5298557177109,310.95062966578973,2548.933983047876,20.991184047510984,180.6559624760261,3.702171266913873,9.945949852812694,52.74862744607927,0,2026-10-08 00:33:57
2026-10-07 12:53:00,CNC-03,H,24.68366439933294,38.42237735403336,1510.1694044308595,45.63758291850223,12.562429068500656,2.2086304824195153,13.2272378320926,52.544235332587164,0,2026-10-08 00:33:57
2026-10-07 20:35:00,CNC-01,L,299.94100063780377,313.5065802277955,2451.0880030028598,24.791666112546014,113.6576598017199,3.1134747961663947,11.276010633085484,49.07469249812674,0,2026-10-08 00:33:57
2026-10-07 05:22:00,CNC-03,H,296.2359435677598,309.8872343291896,2340.3894936225206,26.55505342082575,102.83488562597447,2.9564007587927477,11.707568779942608,58.546240269600716,0,2026-10-08 00:33:57
2026-10-07 05:02:00,CNC-02,M,301.9913643240629,310.1952257601344,2137.0784948937935,31.223596326509675,138.62437208862184,2.8799947295618367,12.357823254586487,51.65611514704576,0,2026-10-08 00:33:57
2026-10-07 19:57:00,CNC-03,H,300.16962205650714,314.31699088264503,2436.7125275268518,27.57112893681044,150.44457082470322,3.2917606633562673,12.345566918508686,52.3962440662162,0,2026-10-08 00:33:57
2026-10-07 18:12:00,CNC-02,M,298.9635024490255,313.2712429623363,2102.725617451279,31.84552648228171,147.484714862321,2.917148683322051,,52.231334022205566,0,2026-10-08 00:33:57
2026-10-07 18:19:00,CNC-01,L,299.5874125467443,314.50344602383853,2124.433834632777,36.88484488017382,177.22003942464286,3.2098061474021007,14.671674151013384,55.5643412803433,0,2026-10-08 00:33:57
2026-10-07 18:59:00,CNC-01,L,299.2875926284372,314.0989695007004,2241.990119571097,32.44714574458502,228.24579345562503,3.9440987195111727,13.605907011314372,53.43378127127655,0,2026-10-08 00:33:57
2026-10-07 07:01:00,CNC-01,L,295.6882041447011,310.15948733019246,1927.5669395185073,38.74232328226903,53.80000389788567,2.544172785319651,14.26717769265499,56.58499148321741,0,2026-10-08 00:33:57
2026-10-07 16:29:00,CNC-02,M,25.39991680486878,39.20024752142257,1833.2394993277903,37.24205487965506,5.690650947008892,2.457729094183519,12.837415274791658,53.259321886687,0,2026-10-08 00:33:57
2026-10-07 21:52:00,CNC-03,H,299.59629691712075,311.44918407060015,2758.537055485644,16.11645985894736,29.688081671170746,3.2599265248540945,8.45457805445521,53.99578862912203,0,2026-10-08 00:33:57
2026-10-07 05:33:00,CNC-03,H,296.2545222746567,310.19221306107494,,32.108540816788434,117.09345048718083,2.9075782765426865,12.593366559291546,58.0332945824746,0,2026-10-08 00:33:57
2026-10-07 02:46:00,CNC-02,M,298.1008003054473,311.77318445319946,2590.4626322714594,22.56323813252601,191.76989144517083,3.6087733866654466,10.742513139670198,52.7006402931041,0,2026-10-08 00:33:57
2026-10-07 18:52:00,CNC-03,H,300.05580270899554,313.9792663165715,2105.388089521662,31.692671800398386,70.26387706449786,2.734880795929993,12.355304097532894,53.50961496119737,0,2026-10-08 00:33:57
2026-10-07 02:30:00,CNC-02,M,298.06566747882056,311.4642373630672,2445.676661220426,22.69195622973481,173.83843384548325,3.5065445584178874,10.655300916380122,59.12457671940887,0,2026-10-08 00:33:57
2026-10-07 22:02:00,CNC-02,M,299.37398934431974,311.99134579547945,2763.6609399858844,15.477563602080327,203.02592328232888,3.8772851078224133,8.237342607695313,50.272144563786895,0,2026-10-08 00:33:57
2026-10-07 02:55:00,CNC-01,L,297.54058338964586,311.3351360171162,2484.7721426845096,24.1184268588563,171.61919387362954,3.560808884546271,11.309831608445297,58.067536198838866,0,2026-10-08 00:33:57
2026-10-07 20:43:00,CNC-02,M,299.46057897156135,313.60067867875944,2307.9399508812644,27.437601057301315,114.60053917349214,2.976455634246834,11.925973611152452,57.16966746510154,0,2026-10-08 00:33:57
2026-10-07 22:08:00,CNC-03,H,299.633161134966,311.63610931298865,2436.5521710108055,18.953474079610217,47.273813280272655,2.9034630075391545,8.447253845334322,56.50730549466972,0,2026-10-08 00:33:57
2026-10-07 21:05:00,CNC-01,L,305.15185083812486,311.7317527450063,2614.6513455344843,18.113926864063096,148.01840085368343,3.496686307056325,8.589754246383094,39.82449567809277,0,2026-10-08 00:33:57
2026-10-07 02:21:00,CNC-02,M,298.1312487907064,311.9216677770994,2508.7893986204945,25.42226367773976,163.77619493438664,3.3859523571616372,12.160555356379206,53.230331975488696,0,2026-10-08 00:33:57
2026-10-07 19:38:00,CNC-01,L,299.72279441930834,313.5844735989357,2307.8602476647266,27.885649400028882,45.88523820561555,2.838685194357026,12.062805281320845,44.57790041604062,0,2026-10-08 00:33:57
2026-10-07 18:23:00,CNC-02,M,298.7265467643343,313.05808539440795,2263.5641623921492,29.50732946949962,161.82993310418703,3.186880093891127,12.516685137969901,52.210389773408394,0,2026-10-08 00:33:57
2026-10-07 07:47:00,CNC-01,L,295.6404868921102,309.7875115015047,1956.0122280099888,36.05836965544929,119.16274847680691,2.7142483024507382,13.166474501916541,62.79772826508524,0,2026-10-08 00:33:57
2026-10-07 11:25:00,CNC-03,H,297.0068988805139,311.5387672872763,1461.2328540561305,50.155031464514096,121.32628320808723,2.2038523530009746,13.818177746736682,61.21710370603784,0,2026-10-08 00:33:57
2026-10-07 14:03:00,CNC-02,M,297.6492967398029,311.898667014755,1546.543994689665,45.974022473165974,12.445553133776121,2.167321603974522,12.872545302694144,56.59468794485725,0,2026-10-08 00:33:57
2026-10-07 19:47:00,CNC-01,L,299.99353214779154,313.553294804764,2402.1208923198046,26.053035270720954,56.87349316279847,3.055376358635155,11.701057769334753,57.042991001018954,0,2026-10-08 00:33:57
2026-10-07 23:54:00,CNC-01,L,298.5853725957041,311.71142919681125,2732.162113499902,19.651384254856072,127.11801713431082,3.376061362798981,9.91999252072646,54.41248591540384,0,2026-10-08 00:33:57
2026-10-07 04:13:00,CNC-03,H,296.9194143255326,310.58662416255993,2368.066747709141,28.218636764629775,16.606118289297594,2.8002773470943665,12.403317702220566,55.0567205513558,0,2026-10-08 00:33:57
2026-10-07 19:37:00,CNC-02,M,299.4530721442991,312.0109951355621,2367.391115428756,21.02141786753002,35.814972131387265,2.8554021024255785,9.624008051916817,57.63194200039345,0,2026-10-08 00:33:57
2026-10-07 07:59:00,CNC-02,M,295.9275152179161,310.7823319123005,1846.3052492074569,41.33301211661326,158.37429697229558,2.757611340691535,14.096747872967919,54.261084753614156,0,2026-10-08 00:33:57
2026-10-07 06:22:00,CNC-03,H,296.17041511144527,310.9032529636839,2128.5750476947437,33.128033925176275,181.90434069353762,3.08324960584262,13.185560015283743,58.784884953110215,0,2026-10-08 00:33:57
2026-10-07 01:29:00,CNC-02,M,298.431577708751,311.57621115342056,2631.621437606873,21.017721933945484,106.86861793048203,3.3364592944216245,10.105324618007842,57.47013635615684,0,2026-10-08 00:33:57
2026-10-07 20:40:00,CNC-03,H,299.932418809726,313.4959051537997,2480.591223737926,23.443481934224174,201.01950312057676,3.4187215175966736,10.52630213013022,54.44534175707702,0,2026-10-08 00:33:57
2026-10-07 13:11:00,CNC-03,H,24.548092190352236,38.50519312287719,1430.9785967053356,50.60416098550459,40.93645305799335,1.9941231173802378,13.45417687007727,52.7928654388388,0,2026-10-08 00:33:57
2026-10-07 19:02:00,CNC-02,M,299.05743200910575,313.6291985966876,2156.7312454702314,30.78425849078563,211.85255323552659,3.4924340229970157,12.436705927897712,50.7649113353128,0,2026-10-08 00:33:57
2026-10-07 16:50:00,CNC-01,L,299.1834984839083,313.3324896931602,1872.8802473623716,38.84541492148942,56.061198706839605,2.4747956725022697,13.48350484107143,50.63477324315422,0,2026-10-08 00:33:57
2026-10-07 05:53:00,CNC-03,H,296.2796304248214,310.53289111003284,2089.726595524799,34.09836651749736,143.1163873662139,2.754513800541982,13.28443172673381,57.48098671325714,0,2026-10-08 00:33:57
2026-10-07 05:17:00,CNC-02,M,302.0306979436988,310.5539868248073,2123.402232874705,34.523443260983896,157.593898495338,3.031617476018027,13.752401208367917,49.41892899133128,0,2026-10-08 00:33:57
2026-10-07 18:34:00,CNC-03,H,299.8128792236881,314.0553251607322,2089.272579220814,35.342051051765196,47.37242888020041,2.7044112356109795,13.933350380464166,49.069210442090835,0,2026-10-08 00:33:57
2026-10-07 01:48:00,CNC-03,H,298.0919630629496,310.9863323553545,2716.585455397648,18.91642423432482,84.56662424763539,3.28699621272196,9.566201984970482,57.33839954836201,0,2026-10-08 00:33:57
2026-10-07 17:35:00,CNC-02,M,299.1154409936332,313.16923866264733,2069.31870203703,32.74990839760453,97.78447297070419,2.7186412679842022,12.604526465365703,53.282800736387316,0,2026-10-08 00:33:57
2026-10-07 08:38:00,CNC-03,H,296.54503424650596,311.00633478101247,1522.4467599309362,48.54927989951943,133.60527779945357,2.397059139601082,13.697842137900754,56.658177550182614,0,2026-10-08 00:33:57
2026-10-07 04:56:00,CNC-02,M,301.83503674353176,310.4433605755024,2384.7029432998684,30.464214212514374,131.0867344042011,3.0104057685045458,13.5109630192446,47.57582539810137,0,2026-10-08 00:33:57
2026-10-07 05:52:00,CNC-03,H,296.1227808240745,310.3021605460025,2000.9594511390537,34.300849291359654,141.81289985615777,2.8041392970866887,12.885604293649905,59.21012292542247,0,2026-10-08 00:33:57
2026-10-07 12:29:00,CNC-02,M,23.64786143639469,38.50502442918582,1429.5270093400711,51.4446200347994,111.20504472793752,21.395041365164143,13.50364488784567,58.40334499581073,0,2026-10-08 00:33:57
2026-10-07 02:17:00,CNC-02,M,298.10037627792394,311.391143599773,2649.6250877208436,20.812741145433876,159.3407066535416,3.4603478446177207,10.443783771454767,53.52127225136027,0,2026-10-08 00:33:57
2026-10-07 11:58:00,CNC-03,H,297.1517070131165,312.0919536486561,1444.2422771387287,52.56609049418164,173.79219078752598,2.291428754948475,14.433651276343928,56.50490481470355,0,2026-10-08 00:33:57
2026-10-07 19:04:00,CNC-01,L,299.66372261626356,312.72362019164274,2258.3900955054996,26.133640477245265,3.7939643229194777,2.8460417386878434,10.972100245388356,49.9868644128936,0,2026-10-08 00:33:57
2026-10-07 22:44:00,CNC-01,L,299.58392059419896,311.3565612014314,2501.7135178824396,,51.978954047092685,3.046290904631506,8.160648869028662,52.98736461099617,0,2026-10-08 00:33:57
2026-10-07 06:05:00,CNC-01,L,295.8508342403981,310.3091121463054,2121.6233699488625,32.196945272938144,200.579731240656,3.5141742298189738,12.948374174847192,60.484566878690465,0,2026-10-08 00:33:57
2026-10-07 01:52:00,CNC-03,H,298.1033035233414,310.9690342413731,2619.1380884140417,20.84192652507994,88.9152788369252,3.210909544810036,10.468732589254168,50.83043075928433,0,2026-10-08 00:33:57
2026-10-07 10:42:00,CNC-03,H,296.7092635217647,310.217444237115,1469.0585659540925,44.644328220118375,53.16118297427297,21.77058541457027,12.225092048082901,59.90956721481949,0,2026-10-08 00:33:57
2026-10-07 23:51:00,CNC-01,L,299.01425728630903,310.7229776443607,2838.974130955819,14.056133644853473,123.89305780904894,3.5561729435299205,7.455026098625494,52.41622877336669,0,2026-10-08 00:33:57
2026-10-07 07:28:00,CNC-03,H,295.9853456074384,309.6229348652439,1839.473198821598,35.649122218531204,31.05386719360407,2.4276373160174822,12.228010921563074,55.38988185888279,0,2026-10-08 00:33:57
2026-10-07 04:57:00,CNC-01,L,296.1550383925366,310.1934464212487,1986.1701386494624,36.333476637975636,112.37521201182855,2.689413068075631,13.279825701671891,57.43936516820353,0,2026-10-08 00:33:57
2026-10-07 03:20:00,CNC-03,H,297.4462920214086,310.57729730980253,2559.763163735575,19.63396473819008,187.09758142438372,3.4499450191583514,9.471803985086797,59.342686052674736,0,2026-10-08 00:33:57
2026-10-07 13:09:00,CNC-02,M,23.7979037282812,38.40603930561207,1361.6140299349295,51.677240482626196,174.72912632177767,2.475320984388139,13.149965570681916,60.33644956987303,0,2026-10-08 00:33:57
2026-10-07 22:15:00,CNC-03,H,304.95364214275713,311.25377920166034,2542.6240750480856,18.874006993346637,55.003129785954705,3.0564568497884004,9.14605518214124,43.420343273459586,0,2026-10-08 00:33:57
2026-10-07 12:58:00,CNC-02,M,23.847226325938948,38.60914683817879,1384.548735058872,55.38055204616072,157.2906845976267,23.868236072007466,14.138273929020626,54.59235924562137,0,2026-10-08 00:33:57
2026-10-07 13:16:00,CNC-01,L,297.0071420953688,312.00261718756235,1509.6200868044064,48.32782901394935,177.3430338672405,2.5948977157802777,13.690548785409263,58.94018868925389,0,2026-10-08 00:33:57
2026-10-07 19:58:00,CNC-03,H,300.10964820599725,313.8592537823478,2284.045441110625,27.181968471788384,151.67635561811466,3.1389745203796053,11.566934010538745,55.56180621341962,0,2026-10-08 00:33:57
2026-10-07 07:56:00,CNC-01,L,295.6987515886309,309.81385665572816,1651.491699465696,42.50639716110396,132.2857388447129,2.4809413992148444,13.15672565921928,58.25939761395618,0,2026-10-08 00:33:57
2026-10-07 09:48:23,CNC-03,H,296.5612585450654,311.7290046998633,1432.8417294863918,52.55657789553028,238.95040212159918,3.0294528587046328,14.14858618236283,62.78541938260667,0,2026-10-08 00:33:57
2026-10-07 04:01:00,CNC-02,M,297.0718568740646,309.9185168170516,2458.7410239453684,22.673419552624875,63.32427341597286,2.9845319601810263,10.350244800922061,53.4627988908654,0,2026-10-08 00:33:57
2026-10-07 00:55:00,CNC-02,M,298.7178720305325,310.51560718642236,2693.94471506313,15.318032234536886,70.26136731300251,3.2691416303756022,7.828990364270104,56.21180545578431,0,2026-10-08 00:33:57
2026-10-07 03:53:00,CNC-03,H,297.168669849179,311.6665887374134,2283.4204492054864,30.079558395193516,225.8000751923385,3.605047938373225,12.931535946341873,53.707514252975045,0,2026-10-08 00:33:57
2026-10-07 17:00:00,CNC-02,M,299.1151101638099,313.6358621381984,1871.7426473061287,41.16981152751153,49.77246409791662,2.4640049222615947,14.758667304433782,48.52603108858945,0,2026-10-08 00:33:57
2026-10-07 07:58:00,CNC-03,H,296.0451832292341,310.5287323624322,1780.6333388762405,41.70725282006514,74.3330746097892,2.3869834884906664,13.72875732629874,59.19384284853721,0,2026-10-08 00:33:57
2026-10-07 02:58:00,CNC-01,L,297.3563501516877,310.1816937316601,2685.0120680112564,18.213084188074568,174.99133068703304,3.7535164442532136,9.011604254768796,54.66525411685522,0,2026-10-08 00:33:57
2026-10-07 01:55:00,CNC-03,H,298.0403039380249,310.92310668987767,2394.3041393499375,22.032821549328776,92.27971498785156,3.0489471884882824,9.648738804439287,54.133832361666386,0,2026-10-08 00:33:57
2026-10-07 16:42:00,CNC-03,H,299.7809452855297,314.25475058920125,1681.956185792808,43.18529373897059,142.41119500624862,2.4820534469738367,13.540721528569023,54.11363606737489,0,2026-10-08 00:33:57
2026-10-07 04:52:00,CNC-03,H,296.55677188161627,310.11410726780736,2136.276690602489,30.570730454059177,64.73153800773179,2.8860693755815836,11.93229320908232,58.72404048550242,0,2026-10-08 00:33:57
2026-10-07 09:22:00,CNC-03,H,296.12893932504414,311.1749977957846,1462.9882586642198,51.201489511177705,200.46483831680234,2.638650592492141,13.947790371912438,61.0819030313459,0,2026-10-08 00:33:57
2026-10-07 20:54:00,CNC-02,M,299.10516159896446,312.19934606531115,2392.171354575441,22.103624289358418,127.26607660123938,3.1080749880322682,9.97175258117139,53.83971452493867,0,2026-10-08 00:33:57
2026-10-07 08:03:00,CNC-03,H,296.00063873122565,309.9787107783038,1519.6599751148242,44.49032243836235,81.6728132602185,2.127044000517378,12.51725868010108,56.535763326681916,0,2026-10-08 00:33:57
2026-10-07 17:55:00,CNC-02,M,299.00963401469454,313.8207552955581,2074.0865435813885,35.488492474994146,124.94775221406333,2.8223901372387243,13.740597520541453,51.307487151832795,0,2026-10-08 00:33:57
2026-10-07 17:11:00,CNC-01,L,299.07839424084426,313.10889659924203,1923.7460178060064,36.05145799972537,85.2455243096824,2.5935662932902823,12.899232186899999,50.73020917160317,0,2026-10-08 00:33:57
2026-10-07 07:38:00,CNC-02,M,295.63228542690837,310.09911913999434,1746.0598190539954,40.22592097180573,127.74979279031847,2.579085543732744,13.13651271857936,62.44137030804759,0,2026-10-08 00:33:57
2026-10-07 15:57:00,CNC-01,L,25.088591608483,40.161892965502716,1822.8946072859665,43.755101380406664,198.1850698520733,3.192936358389169,14.685839299664012,55.12005410478772,0,2026-10-08 00:33:57
2026-10-07 23:47:00,CNC-01,L,298.9789723346936,311.17711277418437,2760.4260856805563,14.931694228495822,119.58725756987208,3.5826058466356714,7.87016676800894,56.908520111084826,0,2026-10-08 00:33:57
2026-10-07 06:54:00,CNC-01,L,295.88878987227787,309.4934999781666,1918.844897809253,34.43102274774732,44.025889213103916,2.5412364756634833,12.386098185935586,57.703591056283074,0,2026-10-08 00:33:57
2026-10-07 01:57:00,CNC-03,H,298.10325568981983,310.9192655928494,2638.6571024462696,19.397265741733136,94.43405444837398,3.287418209076466,9.528597035937848,57.98204121132956,0,2026-10-08 00:33:57
2026-10-07 07:29:00,CNC-03,H,296.21718801792343,310.2560548907135,1814.3025960524203,40.23412134258877,32.47662533441168,2.554042909039336,13.605968800529478,54.81997934702878,0,2026-10-08 00:33:57
2026-10-07 06:04:00,CNC-02,M,,310.8532343471412,2274.7649199043112,28.920188763915235,218.94814529887407,3.6792988820065053,12.40346015271264,56.576253263264945,0,2026-10-08 00:33:57
2026-10-07 16:57:00,CNC-01,L,299.06170095011186,313.6115324855815,1852.6612997905388,40.72980509034761,65.89716210156601,2.472824734621389,14.079304200256068,53.07566235105297,0,2026-10-08 00:33:57
2026-10-07 11:50:00,CNC-03,H,297.18880765661515,311.63451294179305,1291.3263409196327,53.93223477233363,161.1016839055702,21.5659900762476,12.940846280972753,54.07285410509447,0,2026-10-08 00:33:57
2026-10-07 03:13:00,CNC-03,H,297.31024575804327,310.98488085556176,2506.5732976365616,23.602091671148067,179.12480504088055,3.566850262025958,11.194323569248683,56.716810999243805,0,2026-10-08 00:33:57
2026-10-07 22:37:00,CNC-01,L,299.4147728159065,311.56218995602796,2704.573393135793,17.577842018070086,44.37597905665922,3.47261406980779,8.899646694757148,53.66359665534951,0,2026-10-08 00:33:57
2026-10-07 18:20:00,CNC-03,H,300.1224707029591,313.6962206803189,1984.8003045425585,32.90121517432856,29.179481769354407,24.480249033917563,12.361101330224946,49.11899386292405,0,2026-10-08 00:33:57
2026-10-07 11:48:00,CNC-01,L,295.98787447937144,309.5991668041068,1441.9660143956476,46.23099866801197,38.050816572858885,2.192835747185943,12.558791682681536,59.679754412058145,0,2026-10-08 00:33:57
2026-10-07 02:21:00,CNC-01,L,297.78997748341317,310.79595085606485,2374.5827188356584,21.858127486896695,133.47761997362065,3.1423618421319417,9.599109546418413,55.4690444751886,0,2026-10-08 00:33:57
2026-10-07 06:36:00,CNC-01,L,295.7433806683371,309.47749085038214,2053.100550214335,34.08897351980113,19.075332394145505,25.58968402322327,12.887214478163104,57.9079283198055,0,2026-10-08 00:33:57
2026-10-07 03:55:00,CNC-02,M,297.1484008926682,310.056045440739,2389.7468277978473,22.849498145243945,56.250085518904164,3.0611653080006227,10.208839500138044,56.236846290881466,0,2026-10-08 00:33:57
2026-10-07 20:15:00,CNC-01,L,299.846044497994,313.03763992112044,2497.8444129550808,24.006318239068097,90.35869386539473,3.1404662435417,10.999323165841801,52.35663327019841,0,2026-10-08 00:33:57
2026-10-07 04:29:00,CNC-02,M,297.1715683780192,310.8540127729134,2253.4316907619013,28.619779755185277,97.43797731484646,2.906880334626674,11.935506581567884,53.89117017181038,0,2026-10-08 00:33:57
2026-10-07 19:15:00,CNC-02,M,298.8668485977217,311.27672541026504,2309.1193285535737,,8.736836744936447,2.925476734998315,8.965671853544219,52.15697246677077,0,2026-10-08 00:33:57
2026-10-07 16:45:00,CNC-03,H,299.3909102923057,314.36621148443265,1831.067571955583,42.69124187068715,146.60837217788725,2.679230203428359,14.602172075612492,52.42125751336698,0,2026-10-08 00:33:57
2026-10-08 00:25:22,CNC-02,M,298.7754050675943,311.40047121672154,2624.9688224617803,16.770864801024956,117.06120809979743,3.32171286574021,8.249433837488729,53.677888286598446,0,2026-10-08 00:33:57
2026-10-07 15:02:00,CNC-02,M,298.1704216967329,313.20963541986197,1681.6164800341273,46.574726285845834,103.10026558462127,24.14910719848715,14.51233989727289,52.359530472162774,0,2026-10-08 00:33:57
2026-10-07 15:42:00,CNC-01,L,25.127650994969656,40.09052865856802,1681.29620130583,43.95065966978196,176.01344155655156,2.8683193983340662,14.281821561865062,53.769075266886645,0,2026-10-08 00:33:57
2026-10-07 23:51:00,CNC-03,H,304.26297393371885,310.9063391870882,2794.131652398734,16.643801162393746,157.44503618892364,3.5690641803446908,8.509519006809846,44.018388594870885,0,2026-10-08 00:33:57
2026-10-07 07:51:00,CNC-01,L,295.42292645331185,309.7129676799648,1722.2241935155444,41.67154723242122,124.91431049809006,2.444945410099615,13.34486129944951,57.020784143898105,0,2026-10-08 00:33:57
2026-10-07 02:52:00,CNC-01,L,297.50305533927815,309.8481222097809,2524.9998584245177,16.368375929702857,168.23065921977823,3.551293876486452,7.625073137070198,56.818980679863515,0,2026-10-08 00:33:57
2026-10-07 10:36:00,CNC-03,H,296.74158438321786,310.15684919058464,1403.4107982853018,44.607505189884144,43.78128029441604,2.004025905783892,11.594335135909335,52.8437726972892,0,2026-10-08 00:33:57
2026-10-07 06:26:00,CNC-03,H,296.08683272389754,310.9521378762608,1963.9592328982956,38.55661413702361,187.29522320544027,3.0306350560103072,14.237072099782074,57.15676095709457,0,2026-10-08 00:33:57
2026-10-07 19:17:00,CNC-02,M,299.043391722998,312.25142744038067,2148.63528237243,28.21669664622131,11.238186673309947,2.6916327005991403,11.098404266083811,51.63542338407838,0,2026-10-08 00:33:57
2026-10-07 09:27:00,CNC-03,H,296.13122423393037,311.20552166417735,1630.6667249714815,46.88373156313827,208.0588987766791,2.819041391412984,14.541566983732285,62.652993647991615,0,2026-10-08 00:33:57
2026-10-07 17:23:00,CNC-03,H,299.86128844945625,315.0840926948412,1883.016063986658,40.74297417524816,199.8597480862922,3.098499844737867,14.347379572307135,50.51938797114917,0,2026-10-08 00:33:57
2026-10-07 09:57:00,CNC-03,H,296.2318885122961,311.32910018542964,1448.5617603429528,52.78122862020392,254.50089344570517,3.1097282530864443,14.64583434298642,58.615898711396646,1,2026-10-08 00:33:57
2026-10-07 05:42:00,CNC-02,M,302.0865286886019,310.07411036923935,2165.3506076669123,29.878073278706488,189.96300822371492,3.2829962303461135,,45.50376956036354,0,2026-10-08 00:33:57
2026-10-07 14:07:00,CNC-01,L,297.3966173276986,311.4105259845666,1508.7196034837114,47.434483157441996,31.416969594600747,2.229188981146813,13.447740346809738,51.89428612427429,0,2026-10-08 00:33:57
2026-10-07 10:48:00,CNC-02,M,296.1411498637659,311.2138011023994,1345.7999142748126,54.55178864502052,199.76375671691935,2.569835194434531,13.885839890163242,61.73926184398978,0,2026-10-08 00:33:57
2026-10-07 10:16:00,CNC-03,H,296.5552153232826,310.454070177122,1384.9308221206077,51.798875806148224,12.496004185911485,2.027948352196388,13.467557952786137,58.363297341417145,0,2026-10-08 00:33:57
2026-10-07 06:23:00,CNC-02,M,296.2335707906496,309.8110816668761,2063.6942865986566,31.179224812167664,22.938672088157524,26.359031756182585,12.115292625708825,55.97598603804167,0,2026-10-08 00:33:57
2026-10-07 20:59:00,CNC-02,M,299.3755829809434,312.15931782998325,2547.1641782235065,18.116328391960938,132.92004442578863,3.3049857463280157,8.439226305656717,55.538452700924154,0,2026-10-08 00:33:57
2026-10-07 07:12:00,CNC-02,M,296.1844962634743,310.4640854850522,1976.0675217163116,35.899460921723374,90.6389781640627,2.669936255793103,13.557471465557473,52.7268671440725,0,2026-10-08 00:33:57
2026-10-07 05:01:00,CNC-01,L,296.03708890079344,309.53135915415015,2253.9618997884777,28.61886456045638,117.35967873440927,2.9412096320437207,12.137686426054069,60.49661429314626,0,2026-10-08 00:33:57
2026-10-07 13:12:00,CNC-01,L,23.89831508765627,37.89821630632491,1289.344546152414,50.8534457051794,171.09957048460768,2.3896228870254723,12.072356249417476,54.59210715646066,0,2026-10-08 00:33:57
2026-10-07 23:21:00,CNC-03,H,304.66947407082415,311.2584188542239,2806.4278484998335,16.76282033769556,125.73043871024453,3.382857497082803,8.807168327348393,45.31199103639269,0,2026-10-08 00:33:57
2026-10-07 06:28:00,CNC-02,M,296.3494743975037,309.741415176052,1960.0218915171579,31.924830598030624,29.748616146402938,2.6657923792359934,11.563926824418415,60.12973173010734,0,2026-10-08 00:33:57
2026-10-07 15:01:00,CNC-02,M,298.14463067229616,312.8092176814192,1521.657269257562,48.756051305653685,101.60299064122864,2.234703030183161,,55.430360498379365,0,2026-10-08 00:33:57
2026-10-07 17:30:00,CNC-03,H,299.40770894612353,314.6592627529198,1904.2767896204418,41.65668231412198,209.5297881251491,3.0940101750645406,14.805953397414335,52.786438606886044,0,2026-10-08 00:33:57
2026-10-07 08:15:00,CNC-03,H,296.1378535770292,310.546959369143,1630.8568497668946,43.23788070386281,99.29208198658698,2.3748848549571835,13.233162755676496,62.05518028216641,0,2026-10-08 00:33:57
2026-10-07 01:13:00,CNC-03,H,298.3722139961154,310.5555658229014,2678.141677497589,16.91617701723321,46.22140304838758,3.235518521073347,8.457127821332273,56.43310655847929,0,2026-10-08 00:33:57
2026-10-07 22:23:00,CNC-01,L,299.5329435721357,310.3730458808642,2745.9315678917683,12.431016413183272,29.22373118333555,3.2690583404954134,6.51098923185203,52.670541980203495,0,2026-10-08 00:33:57
2026-10-07 03:48:00,CNC-03,H,297.5297490485001,311.0031530265034,2501.442779883687,21.775789221708774,219.8913080039623,3.705423942828264,10.370447149311385,56.97391464426874,0,2026-10-08 00:33:57
2026-10-07 14:37:00,CNC-01,L,297.56096274396157,312.4858626036075,1742.1027802669305,45.81464023800927,77.756919176384,24.48117320258551,15.125451037944933,57.315665504171626,0,2026-10-08 00:33:57
2026-10-07 23:28:00,CNC-01,L,299.01019450881944,311.48882750467334,2666.9680042067516,17.3923867720938,99.24964524225476,3.3018300374608494,8.67779620519216,52.199400034286725,0,2026-10-08 00:33:57
2026-10-07 18:01:00,CNC-02,M,298.9308338471351,312.87378493529155,1976.7274528135176,32.455497464773416,132.957240407584,2.783192959385908,12.084832795965598,54.368464329510786,0,2026-10-08 00:33:57
2026-10-07 06:22:00,CNC-02,M,296.26558546642326,310.03558605255455,1957.4942421924757,31.548880256029395,21.604258914105063,2.557236598602546,11.689137518641628,57.938720057079856,0,2026-10-08 00:33:57
2026-10-07 23:08:00,CNC-03,H,304.3545209645755,310.8738741230822,2610.3087430339783,,112.04313750839682,3.2873135096454096,9.101815312871013,44.665043714925815,0,2026-10-08 00:33:57
2026-10-07 09:05:00,CNC-01,L,295.5429588502008,310.6532152624685,1471.7261621974792,50.375087784810624,235.4328549730887,3.3340414487970067,13.609779613965625,61.358668986636104,1,2026-10-08 00:33:57
2026-10-07 12:57:00,CNC-02,M,23.631071823352215,38.566527529634584,1401.7105742517144,53.45296188695309,155.6906845976267,,14.232305907418722,55.91218315526106,0,2026-10-08 00:33:57
2026-10-07 01:04:00,CNC-02,M,298.88891031783055,311.24946831465274,2726.6202741626826,17.484886170132295,79.8919747423954,3.27816815237173,8.920297691317437,51.03869429355123,0,2026-10-08 00:33:57
2026-10-07 11:26:00,CNC-03,H,296.84634363929104,310.96294709934335,1295.6560090964174,54.654331959503196,122.91964549062189,2.1017051143867995,13.30244604374944,58.052400031872885,0,2026-10-08 00:33:57
2026-10-07 11:45:00,CNC-02,M,296.45993154061625,310.42638155998895,1321.4932354014502,51.6430050775318,41.30340448636666,2.0208267715778025,12.6670924026218,55.46135482625533,0,2026-10-08 00:33:57
2026-10-07 08:56:00,CNC-03,H,296.06812253923715,311.01051172223555,1561.5650623038741,49.303591428898855,160.56391003757918,2.62263563895505,14.474788138095079,56.038171192561094,0,2026-10-08 00:33:57
2026-10-07 14:10:00,CNC-01,L,297.4149602850078,311.0673658918915,1329.8853211474363,50.823628487834085,36.09001549731252,1.961207125209916,12.43833519077758,58.15679567438594,0,2026-10-08 00:33:57
2026-10-07 03:28:00,CNC-01,L,297.09649251732634,309.51472969509183,2473.7467278006607,20.92509580403182,4.668428281911371,2.924090628225684,9.681245759622083,54.59446614259757,0,2026-10-08 00:33:57
2026-10-07 04:34:00,CNC-03,H,296.7233070151722,310.0295642150785,2358.504853772058,25.829950549165908,42.338994706638104,2.9718895926834796,11.291195460656523,58.229857017184486,0,2026-10-08 00:33:57
2026-10-07 21:49:00,CNC-03,H,299.50759112958366,310.7480523751367,2571.1011761945956,13.12793660905312,26.39273155167431,3.0155119987884715,6.4383270458236055,55.719336302543134,0,2026-10-08 00:33:57
2026-10-07 04:25:00,CNC-02,M,296.85884622141856,310.7902890585711,2473.482562650441,27.530179968387262,92.55518780692398,3.093352925890647,12.718785631959332,54.161142757935465,0,2026-10-08 00:33:57
2026-10-07 22:11:00,CNC-03,H,,311.71670416272957,2698.6090342684697,17.964204520897606,50.617001160774976,3.3514329598055044,8.998435331246021,51.55859547835164,0,2026-10-08 00:33:57
2026-10-07 03:48:00,CNC-01,L,296.9373787687198,309.61266566772264,2423.907357846065,23.037684473354396,28.034836753213842,2.9427528790395256,10.681597583853277,51.69639874057649,0,2026-10-08 00:33:57
2026-10-07 19:43:00,CNC-02,M,299.1125007735028,313.3379049711273,2316.0535335128784,29.82854424899276,43.08927550450008,2.9215578051625064,12.7733160846007,50.756729875477255,0,2026-10-08 00:33:57
2026-10-07 21:36:00,CNC-01,L,304.95022203763676,312.75378702249117,2531.3718901727148,24.66722475552237,182.74765736735438,3.6079037084285184,11.855878969101052,46.73453263782921,0,2026-10-08 00:33:57
2026-10-07 05:32:42,CNC-01,L,296.0447539948359,309.7034107376888,2285.7349314150256,27.558585511232824,157.234556946482,3.267380653450384,11.611295692405482,56.4959555253542,0,2026-10-08 00:33:57
2026-10-07 22:59:00,CNC-02,M,299.3208237500088,311.0544282607857,2799.9821922723845,12.899663049162678,26.774111592768193,3.4263849414412557,6.864767267093231,48.73416831663966,0,2026-10-08 00:33:57
2026-10-07 02:59:00,CNC-01,L,297.56018718952646,310.3138969521954,2509.969952005551,18.372487015510554,176.10333214061032,3.5480671923902753,8.51173034914749,57.971591028053204,0,2026-10-08 00:33:57
2026-10-07 21:31:00,CNC-02,M,299.44206547507133,313.31148084601807,2711.0600424388795,22.30823831271232,168.84775146866656,3.579492229645941,11.248021039290872,51.182235356725265,0,2026-10-08 00:33:57
2026-10-07 06:58:00,CNC-03,H,295.8771971134912,311.39621435028357,1975.95842707589,41.200952261496624,231.38066345199223,3.4098921354887115,15.314250173212356,0.0,0,2026-10-08 00:33:57
2026-10-07 03:30:00,CNC-01,L,296.92681794794515,309.1337826226405,2514.4471791392602,18.855043335975704,6.980535900686329,3.098990631035107,8.811362047516289,58.18654930016974,0,2026-10-08 00:33:57
2026-10-07 05:05:00,CNC-02,M,302.01960753273704,310.1056314167959,2238.5726352227416,29.351633276051793,142.4060506349091,2.988835635916508,12.36876731960127,47.46662034716313,0,2026-10-08 00:33:57
2026-10-07 08:00:00,CNC-01,L,295.4704650250979,309.7722762711289,1685.6304817364921,41.80248607988626,138.07032850499766,2.5759833703824437,13.133991784272897,60.28080501543955,0,2026-10-08 00:33:57
2026-10-07 11:36:00,CNC-01,L,296.0896517148745,310.05558507859735,1326.2911727371923,53.30829211278109,18.922334303577358,1.9830596283373232,13.180411419181473,58.285121579186864,0,2026-10-08 00:33:57
2026-10-07 07:51:00,CNC-03,H,295.9556549021861,309.78454740240863,1609.6390091850797,41.41978551075325,64.20058791530379,2.295189676315246,12.698566534325119,56.206032519962804,0,2026-10-08 00:33:57
2026-10-07 22:38:00,CNC-01,L,299.41165561013105,310.9159988716059,2650.3153616006284,15.568912145268428,45.44794997009728,3.2264210010737537,7.466855823456058,53.58936419255234,0,2026-10-08 00:33:57
2026-10-08 00:25:00,CNC-01,L,298.269629049785,311.3492152780945,2733.7923989497467,17.60983949743758,159.94280201316448,3.737287672528318,9.154547036578284,52.896026487480555,0,2026-10-08 00:33:57
2026-10-07 05:39:00,CNC-01,L,295.6566617268202,309.82699075092523,2080.434714190875,31.205929052909163,166.33209998417655,3.0732316691392843,12.0759290950693,58.709386215231696,0,2026-10-08 00:33:57
2026-10-07 19:19:00,CNC-03,H,299.7493617866363,313.2323927962162,2351.3573475634425,26.505664254963293,103.76248751134547,68.85215812259267,11.881376874485566,54.665091130028884,0,2026-10-08 00:33:57
2026-10-07 16:48:00,CNC-01,L,299.0385458554855,312.92164524194504,1705.3936488632153,38.93445793930935,53.26415790019893,2.354330751035438,12.316378041248706,52.668778709301634,0,2026-10-08 00:33:57
2026-10-07 13:30:00,CNC-01,L,296.971933108587,311.67419312005956,1332.654525313161,54.477028627407435,199.44062675896598,2.8439844491725266,13.529416147915695,53.661648441350515,0,2026-10-08 00:33:57
2026-10-07 15:42:00,CNC-03,H,26.163172866542027,40.19674775890189,1584.8637444866395,46.16708993769628,55.62279858990524,2.2648213262614707,14.093113590757282,52.306439687552015,0,2026-10-08 00:33:57
2026-10-07 15:38:00,CNC-01,L,24.90998602622318,39.54116159398143,1761.4348688413281,42.520108060073156,170.09393938813423,2.894964623500206,14.047822766191427,58.50048513546128,0,2026-10-08 00:33:57
2026-10-07 02:19:00,CNC-02,M,297.9835488024909,311.1673825993941,2676.860957758036,19.558681598323936,161.5182344227376,3.363179985465658,9.924701781592052,53.63802754631941,0,2026-10-08 00:33:57
2026-10-07 14:06:00,CNC-03,H,298.3186601607878,313.1116018743856,1453.83681637184,52.018839613756434,127.0932604678068,2.281275138091225,13.781725778988921,55.54393271936826,0,2026-10-08 00:33:57
2026-10-07 15:18:00,CNC-01,L,298.0449848734577,312.80954471066764,1570.103473486946,48.55103092069305,140.29282681363657,2.47410205300805,14.45550746028093,57.285152367648934,0,2026-10-08 00:33:57
2026-10-07 02:50:00,CNC-03,H,297.4320333005811,310.74144039232635,2519.624024338877,21.773396545347577,153.1116046944461,32.480467885683154,10.458480699560027,57.214963769069335,0,2026-10-08 00:33:57
2026-10-07 20:39:00,CNC-01,L,299.74501455411877,312.5528882856148,2397.6551145409708,20.456362524747203,118.26482445334975,3.247375865302836,9.413641075197846,54.079701660318676,0,2026-10-08 00:33:57
2026-10-07 16:25:00,CNC-03,H,26.580107615865813,41.31953707858639,1662.802114172479,45.84288032912967,118.24596020685526,2.417925050393645,14.097027028057939,48.39492605499899,0,2026-10-08 00:33:57
2026-10-07 20:22:00,CNC-01,L,299.79197505428596,313.01965674500315,2449.780755719152,23.338026028784633,98.50586328621225,3.151138877144135,10.57068521742111,50.848054441646326,0,2026-10-08 00:33:57
2026-10-07 15:39:00,CNC-03,H,26.222408115049802,39.6818616147869,1705.6846108979605,35.60198379107419,51.201803764721234,2.4259426553394845,11.567802340152006,49.93645514359722,0,2026-10-08 00:33:57
2026-10-07 09:44:00,CNC-01,L,295.5460477497648,,1458.6569209998731,48.644442279417696,58.870525590074685,2.17170467880629,13.421389736657902,61.58516727930059,0,2026-10-08 00:33:57
2026-10-07 19:21:43,CNC-01,L,299.63254179404396,312.61701945795215,2228.261292146586,26.695844453888405,27.496862589640756,2.87871904148626,11.17829576821382,52.70487969668345,0,2026-10-08 00:33:57
2026-10-07 19:54:00,CNC-01,L,300.00101306986727,312.44969542664165,2486.72209731574,19.821008623109904,65.40306410506253,3.055893342149233,9.02706728891354,50.880244073723695,0,2026-10-08 00:33:57
2026-10-07 21:49:00,CNC-02,M,299.29270313170724,313.24953320274744,2457.287517065146,23.78039745011029,188.70440467750785,3.651047549156276,11.014268145643872,55.728698991692625,0,2026-10-08 00:33:57
2026-10-07 21:09:00,CNC-01,L,305.3720669167074,312.81945136857706,2539.464491861331,22.075639533202708,152.5103765919603,3.5086496301538626,10.474306484068512,42.50268673671452,0,2026-10-08 00:33:57
2026-10-07 08:44:00,CNC-03,H,296.3234748883855,311.1366998947127,1785.3864480680145,41.74000469765983,142.49797498610457,2.709621858075974,14.02409622211574,54.81202751093493,0,2026-10-08 00:33:57
2026-10-07 17:05:00,CNC-01,L,299.00115902907766,312.85121098989833,1971.7213857098043,34.244633321972536,76.95432119830903,2.565769932052374,12.855631347767732,0.0,0,2026-10-08 00:33:57
2026-10-07 04:01:00,CNC-01,L,296.7147540426661,310.0684994128636,2333.2983932563366,27.16520456228953,43.49828499854713,2.8913376413821896,11.999800926276777,57.6898102471302,0,2026-10-08 00:33:57
2026-10-07 02:53:00,CNC-02,M,297.87158232344416,310.7009845289619,2517.0096502789493,18.81046346793451,199.65724024148088,3.64977398509747,8.855579647166811,50.525501792936744,0,2026-10-08 00:33:57
2026-10-07 21:43:00,CNC-03,H,299.474938183882,311.22031471033176,2524.3889726216553,16.94838781720034,19.73586586413344,3.1196339479661424,8.313684453769605,51.66312355515498,0,2026-10-08 00:33:57
2026-10-07 17:49:00,CNC-02,M,298.82411768407775,313.18884032401047,1904.3404560835847,36.8938891325966,116.95150502641867,2.692789700029988,13.018514261882139,56.9486180450931,0,2026-10-08 00:33:57
2026-10-07 10:28:00,CNC-01,L,295.7724403712063,310.126708193148,1405.5448419587533,51.268489979507876,127.53505255021857,2.3193482791777185,,59.10898631584482,0,2026-10-08 00:33:57
2026-10-07 06:23:00,CNC-03,H,296.0969776394813,310.1159959573822,1972.0051756165442,33.1219259504742,183.25997481147363,2.9601621342226756,12.373732175234174,57.52584438007359,0,2026-10-08 00:33:57
2026-10-07 04:44:51,CNC-02,M,296.76124914225016,310.0214750044014,2184.3169253768874,25.887123929143087,117.27529723259374,2.964469868244067,10.251299834182566,59.70163277038604,0,2026-10-08 00:33:57
2026-10-07 20:50:00,CNC-01,L,305.2809051583627,312.44454934762433,2408.768233560161,22.520713865776834,131.01091372123656,,10.121162130721173,45.29902309552032,0,2026-10-08 00:33:57
2026-10-07 14:14:00,CNC-02,M,297.6202822435181,311.50088813889073,1425.3786272874825,46.67195088137581,29.496980134678527,20.61228573223438,12.31827428063304,53.52374301434346,0,2026-10-08 00:33:57
2026-10-07 19:17:00,CNC-03,H,299.9778052936507,313.66512742754344,2363.283952409806,26.44852426498691,101.25383335478487,2.957804202748656,12.198540921842328,47.97815981344001,0,2026-10-08 00:33:57
2026-10-07 08:19:00,CNC-01,L,295.7069136335117,310.84930508990624,1832.7418753955167,43.474162569802026,166.29919925967056,2.7475870546593764,14.744654114692562,56.606312580260905,0,2026-10-08 00:33:57
2026-10-07 14:58:00,CNC-03,H,298.8163162713362,313.34843652931994,1502.1502315272262,47.26503960709249,207.10621379144013,2.7896243052919507,13.091536279859312,53.823924181596155,0,2026-10-08 00:33:57
2026-10-07 20:45:00,CNC-03,H,299.92428071624676,313.57735147325025,2488.7180998608806,22.57227451457218,206.8952143187423,3.5911765015259416,10.648178613909684,53.00234097558977,0,2026-10-08 00:33:57
2026-10-07 12:34:00,CNC-02,M,23.635352839994255,38.36340127116068,1574.7363520399263,47.44066606369333,119.11495759559656,2.4229389796451537,14.22936115612266,63.854957026840644,0,2026-10-08 00:33:57
2026-10-07 09:35:00,CNC-01,L,295.6400370984432,309.40644423941563,1489.9480619849037,45.7546093335549,44.85327029557362,2.081587050278453,12.775085823960813,58.42080737516241,0,2026-10-08 00:33:57
2026-10-07 02:42:00,CNC-02,M,297.92451519458206,311.7682730282255,2592.6086511653752,23.260490398627496,187.23995276129668,3.649523557645395,11.235366914301514,53.91173854401893,0,2026-10-08 00:33:57
2026-10-07 16:36:00,CNC-01,L,298.6105582470428,312.39441724124407,1746.174325628657,40.32834684485449,36.13231830580375,2.3115745592297294,13.37992763812394,53.66075402042589,0,2026-10-08 00:33:57
2026-10-07 21:54:00,CNC-03,H,299.36811924030866,311.46861748903365,2692.71766420078,17.26568614466225,31.912353742814847,3.2800684054538745,8.774622968682875,52.02380864631418,0,2026-10-08 00:33:57
2026-10-07 05:06:00,CNC-01,L,296.24009240673365,0.0,2095.8468015053054,31.258386632571433,123.68037501211502,2.88420323834334,12.32603147990564,60.92613771056817,0,2026-10-08 00:33:57
2026-10-07 16:19:00,CNC-02,M,25.58925359397705,41.1853898047263,1755.3441261116823,44.19433782617972,217.16443096281512,3.158274554409589,14.500838064942448,52.03985696172245,0,2026-10-08 00:33:57
2026-10-07 19:14:00,CNC-03,H,299.6132179030502,312.65201979120445,2350.6449890489835,24.1541958418964,97.64372183227597,2.9559583576052475,10.590720233052467,56.01702170923453,0,2026-10-08 00:33:57
2026-10-07 11:43:00,CNC-01,L,296.05579484911937,310.14145131795976,1451.8238738468078,48.917041639353414,30.05081657285888,2.0888645957815806,13.414050120698423,58.81485100114216,0,2026-10-08 00:33:57
2026-10-07 16:28:00,CNC-01,L,25.349447743914936,39.59049146864453,1741.4135032032702,44.521601604270316,24.654064621301966,2.341372519138909,14.239656027450076,51.97286832260444,0,2026-10-08 00:33:57
2026-10-07 16:10:00,CNC-03,H,26.4838171138706,41.37868902178644,1741.7352027492977,46.630135860751224,96.50980695345864,2.4069130823494898,15.12208033546965,53.66636270038569,0,2026-10-08 00:33:57
2026-10-07 14:54:00,CNC-01,L,297.7338064085258,,1583.18504322827,47.973838546341334,103.92184513552641,2.303502568156214,14.086653472982913,54.13334404799835,0,2026-10-08 00:33:57
2026-10-07 01:42:00,CNC-02,M,298.40395213167034,310.9179761079724,2587.0429404461925,17.79745565979715,120.9576317582557,3.230915305303228,8.556933510712085,55.5505324138365,0,2026-10-08 00:33:57
2026-10-08 00:30:00,CNC-02,M,298.99870004202387,311.83802128020784,2692.048362779849,16.789985904079966,123.44958947423977,3.2942316081235967,8.585027862114062,49.36988985415018,0,2026-10-08 00:33:57
2026-10-07 01:11:00,CNC-02,M,298.3470369932673,310.2727120594163,2771.9053524190376,14.33052650556373,87.4135379495091,3.411410824558159,7.440533852427905,,0,2026-10-08 00:33:57
2026-10-07 17:23:00,CNC-01,L,299.12866640600345,313.29446451062097,1776.5403651143972,39.76273971747606,101.84287820945477,2.5093183577895215,13.20035367097655,49.787903089513556,0,2026-10-08 00:33:57
2026-10-07 17:04:00,CNC-02,M,298.44698394794744,,1886.1536015656402,38.86397512891146,55.36202070710865,2.4833516376942457,13.536830817751332,54.40967265183528,0,2026-10-08 00:33:57
2026-10-07 17:59:00,CNC-01,L,299.0962972485163,313.5399929152664,2241.604236459327,32.794523710552234,150.69465170556614,3.279129071978412,13.896613443862243,53.55002210108059,0,2026-10-08 00:33:57
2026-10-07 16:28:00,CNC-03,H,26.594810884074207,41.682140963379936,1818.0369786534384,43.74390359624874,122.58227214810033,2.594488768351503,15.126999231119207,48.49667039831345,0,2026-10-08 00:33:57
2026-10-07 19:14:00,CNC-01,L,299.87123836306796,312.4300648444734,2287.6372926489553,23.412281793461084,16.318118958062996,2.869843706206898,10.175427756497731,56.924793871821194,0,2026-10-08 00:33:57
2026-10-07 06:45:00,CNC-03,H,296.237649196983,311.433606938291,1805.7988027843721,43.03984187585013,213.3218806101129,3.056123842782379,14.245492967922411,59.091380927924014,0,2026-10-08 00:33:57
2026-10-07 01:49:03,CNC-01,L,297.9352196605438,,2513.724181508123,19.14753056954078,99.56693540874366,3.2658107393665667,9.312537791202724,57.36130217656908,0,2026-10-08 00:33:57
2026-10-07 22:57:00,CNC-03,H,304.76528810712455,310.5523813277243,2665.1107652670153,15.25184473430463,100.30998779975663,3.1390788035120596,7.882235517293896,40.55420227515881,0,2026-10-08 00:33:57
2026-10-07 10:31:00,CNC-03,H,296.8252142828995,311.251944390851,1518.7478727663906,51.834440572977776,35.8876260775922,2.31080177710241,14.636211497463018,58.186640912021105,0,2026-10-08 00:33:57
2026-10-07 23:07:00,CNC-02,M,299.13200419024884,310.87261131520614,2736.027872712555,13.610329817805717,35.29713388370804,3.1495778814541637,7.050595080198502,53.12770354464758,0,2026-10-08 00:33:57
2026-10-07 13:06:00,CNC-03,H,24.152375384959385,37.66288754767248,1380.65476138728,47.42082032414788,33.120562132762586,20.04741447151415,12.250372803072352,61.09732709626478,0,2026-10-08 00:33:57
2026-10-07 05:44:00,CNC-01,L,295.9946820635618,310.8698474719727,2078.1723932337227,36.53955181553872,172.84558940547086,3.2019278937999736,14.340678486500401,58.90679030357355,0,2026-10-08 00:33:57
2026-10-07 01:56:00,CNC-03,H,298.12992647970873,310.5001994660925,2637.502644496117,17.872274644013114,93.36015395813493,3.2004609741689527,8.880529313115316,53.72790607005366,0,2026-10-08 00:33:57
2026-10-07 14:53:00,CNC-02,M,298.06946915932446,312.81958298002684,1628.0021766292907,46.826859965986635,89.36754997208072,2.353440031559656,13.861529765971738,52.59978712772203,0,2026-10-08 00:33:57
2026-10-07 16:39:00,CNC-02,M,298.7521516770818,312.96521102373214,1864.5208288193676,37.68410103598232,20.001126608179533,2.478708161292145,13.135921283979311,53.005681675554605,0,2026-10-08 00:33:57
2026-10-07 07:54:00,CNC-02,M,295.9706229760858,310.7042602581176,1707.428382547099,43.25877536890996,151.06082239480986,2.5635347843186,13.80120816202732,56.75673219960119,0,2026-10-08 00:33:57
2026-10-07 15:55:00,CNC-02,M,25.255484204597053,40.47556680745441,1634.115956480798,47.79285139024022,182.0113403235566,2.7497306528566465,14.577603153541771,54.02307225922252,0,2026-10-08 00:33:57
2026-10-07 18:17:00,CNC-02,M,298.9805603755146,313.2714180429089,1996.7881718925469,32.82884067518356,154.10773944689882,2.927610899300377,12.532930668269051,51.97312528301077,0,2026-10-08 00:33:57
2026-10-07 16:46:00,CNC-02,M,298.87703311896547,312.77869398797225,1632.521344498201,41.612648709853275,30.0270661948029,2.346830185270734,12.86990603605641,54.42808851904714,0,2026-10-08 00:33:57
2026-10-07 15:47:00,CNC-02,M,25.19180420697944,40.607014561228084,1730.6704244626849,46.16206865310472,170.19574843575143,2.706481089856616,15.042096369740356,54.96530080678985,0,2026-10-08 00:33:57
2026-10-07 20:57:41,CNC-03,H,299.69584618509464,313.60249289431135,2510.5535597532685,24.257445136287686,223.07827940727134,3.8461023136154022,11.503148111313173,50.76899877026093,0,2026-10-08 00:33:57
2026-10-07 07:33:00,CNC-01,L,295.3696536361874,310.0818748681646,1781.8399492778926,1635.6250648384907,99.02606613125258,2.4994021935706963,14.480186873100848,57.230994531617526,0,2026-10-08 00:33:57
2026-10-07 15:58:00,CNC-02,M,25.33800455561527,40.534065524736036,1743.4073527872486,44.27050272805276,186.3907148965602,2.919747831449838,14.300175314037714,55.64802766036871,0,2026-10-08 00:33:57
2026-10-07 10:18:00,CNC-03,H,296.6040331301836,310.52756359264885,1563.1290145762594,45.431432093796936,15.596937331911885,2.152262537483093,13.562907401420388,63.545521950453946,0,2026-10-08 00:33:57
2026-10-07 17:48:00,CNC-02,M,298.99930154780225,314.03227601435316,1856.3034467813652,42.22258166137232,115.57776126163606,2.611962457472513,14.639532418784885,54.506663325744704,0,2026-10-08 00:33:57
2026-10-07 22:18:00,CNC-01,L,299.6440775108541,310.9993155690947,2746.8194287964825,13.298108747643157,23.798266914886764,3.236256134791017,6.626851943919673,52.4627003619387,0,2026-10-08 00:33:57
2026-10-07 21:08:00,CNC-01,L,305.3655123530759,312.07654237181697,2614.1250980479645,18.899604722714095,151.3583721761143,3.5045273026769594,9.129658173544472,44.27200509471487,0,2026-10-08 00:33:57
2026-10-07 18:35:00,CNC-03,H,299.7427497918364,313.2078659561631,2138.017718802381,29.875922848546104,48.67905644740515,2.770496542008626,11.985644805786634,55.261713836516776,0,2026-10-08 00:33:57
2026-10-07 21:04:00,CNC-02,M,299.3396753392003,313.1997906364439,2560.8715143781546,23.230704469268815,138.652748188051,3.2542113218324036,11.014384768564426,52.89615557657065,0,2026-10-08 00:33:57
2026-10-07 11:13:00,CNC-02,M,296.35784250522096,311.52618088209,1426.1892789099672,51.55667692840017,239.34743397511863,3.255593141938427,13.485174232605788,56.27868021579107,1,2026-10-08 00:33:57
2026-10-07 12:32:00,CNC-03,H,24.398879565642574,39.379437969804144,1372.61673794066,54.7231610699043,227.63496063359216,2.812683896705635,13.781683246860819,54.64844520270281,0,2026-10-08 00:33:57
2026-10-07 04:50:00,CNC-03,H,296.5380194196489,310.1864648678762,2314.756852271,27.676946091827805,62.22221359210939,2.9810925582058676,12.167099917961073,57.901809138503104,0,2026-10-08 00:33:57
2026-10-07 04:02:00,CNC-01,L,296.6106751172549,310.12138389360956,2384.460313740288,27.607193314280742,44.715112524700885,3.0308304602366816,12.296625033083398,58.81473669608856,0,2026-10-08 00:33:57
2026-10-07 17:23:00,CNC-02,M,298.6422577669443,312.89089619045114,2065.0708776187953,33.99919401877902,81.41161314442225,2.6538872363659345,12.918590924269933,56.593227282888414,0,2026-10-08 00:33:57
2026-10-07 06:12:00,CNC-02,M,296.3865292974646,310.4721140888079,2015.7991263766628,35.338595821382754,8.033570760224286,2.562620427205641,13.294619770766825,57.39963999468142,0,2026-10-08 00:33:57
2026-10-08 00:26:00,CNC-01,L,298.46466760051356,310.4448888069641,2812.31708821397,13.679698760502127,160.97280201316448,3.747701568140332,7.1031133099046055,53.10350088181041,0,2026-10-08 00:33:57
2026-10-07 10:23:30,CNC-01,L,295.62465401706277,309.56131794759534,1328.9207531461248,51.301292592437115,122.84011196126092,2.137500552301034,12.864532287826806,60.477139585399634,0,2026-10-08 00:33:57
2026-10-07 04:37:00,CNC-02,M,296.862012075361,310.07372319888844,2301.1696191660535,25.53489113329846,107.32583924469309,2.9210330362797468,10.876052087377628,56.11980409179374,0,2026-10-08 00:33:57
2026-10-07 06:30:00,CNC-01,L,295.88103175274557,309.6603250520146,1838.7173785607786,37.62033381580079,10.966821806543397,2.5204595612789227,12.834702682310171,61.16453363004197,0,2026-10-08 00:33:57
2026-10-07 07:39:00,CNC-02,M,295.9895847239045,310.4181320043779,1689.4915637157494,40.58442443908352,129.1989476746318,2.4755771050419453,12.792080852604752,55.37911873462994,0,2026-10-08 00:33:57
2026-10-07 15:43:00,CNC-03,H,26.149948184572906,40.29371370570351,1697.5483896761602,42.63403465139908,57.0989624373947,2.382345909619311,13.412325058525246,49.97291968224878,0,2026-10-08 00:33:57
2026-10-07 16:07:00,CNC-01,L,25.347708703188857,40.67562961437966,1771.0089766017531,44.41154795742714,212.70115268011938,3.298079307157811,14.616880498189792,55.78751867633083,0,2026-10-08 00:33:57
2026-10-07 11:53:00,CNC-03,H,297.0543405497305,311.4334656082516,1404.324100071125,51.39692983074689,165.87689325535587,2.454764999660551,13.385546696026225,58.076341377654565,0,2026-10-08 00:33:57
2026-10-07 02:53:00,CNC-03,H,297.3413018786349,311.2889000489896,2378.703365107777,26.887061916973973,156.5339830602494,3.157918065338841,12.033967618053714,54.76722943131202,0,2026-10-08 00:33:57
2026-10-07 14:11:00,CNC-01,L,297.3882807315148,312.10315679251414,1484.3266287215333,50.97348347269087,37.65685027435747,2.1621427745683097,14.001359494783697,57.45128921394294,0,2026-10-08 00:33:57
2026-10-07 06:13:00,CNC-02,M,296.40944147345846,310.047201153077,1982.7696792818435,35.39666231509904,9.387319079885389,2.5296454649722104,13.093792984002278,56.71297427698899,0,2026-10-08 00:33:57
2026-10-07 05:29:00,CNC-01,L,295.9424194372134,309.67796831059746,2123.141225021948,28.983457253080985,153.35706609514588,3.044859896376087,11.692735943426909,54.98042112145165,0,2026-10-08 00:33:57
2026-10-07 17:28:00,CNC-01,L,299.4052319588,313.7002638582456,1808.7414829472125,39.3343075094289,108.73170002501811,2.3220805446260715,13.36420679223101,47.50710276483216,0,2026-10-08 00:33:57
2026-10-07 20:51:00,CNC-01,L,305.16421574441523,312.4243267302383,2640.0817089580755,22.518597451915674,132.12410144767088,3.454704631292237,11.125176126904272,40.63671291625395,0,2026-10-08 00:33:57
2026-10-07 19:27:00,CNC-02,M,299.093196240993,312.5741955699363,2282.739146071879,27.245161886008734,23.482184156629422,2.8201691957764408,11.897855015936502,53.1126937873096,0,2026-10-08 00:33:57
2026-10-07 04:18:00,CNC-03,H,297.0330326965528,309.81837503206754,2362.684735362103,23.493811560413178,22.687683725146627,2.788493673532167,10.417704428191428,57.870455408917316,0,2026-10-08 00:33:57
2026-10-07 02:12:00,CNC-01,L,297.82319081268747,309.9803130308537,2738.0815377313847,14.83540181453925,123.57303157237772,3.4766254099698375,7.543934884059094,55.17091396611309,0,2026-10-08 00:33:57
2026-10-07 04:15:00,CNC-02,M,296.92096581217425,310.70655183581533,2327.046570681042,26.771381370465672,80.37712479678615,2.9444127622272482,11.57759812182035,56.7308667039407,0,2026-10-08 00:33:57
2026-10-07 11:42:00,CNC-01,L,296.388250224168,309.7761551470833,1331.640277122005,48.52513043402191,28.45081657285888,2.00803810496359,12.064821183019816,56.08450529446259,0,2026-10-08 00:33:57
2026-10-07 10:32:00,CNC-01,L,295.7651965630401,309.85090881755775,1383.5994168390498,49.30711747228952,133.76262773817686,2.3131612584516414,12.900960165694848,61.44789929842529,0,2026-10-08 00:33:57
2026-10-07 02:02:00,CNC-02,M,298.1721843277647,311.56828589113775,2516.570116700662,21.960653296938943,142.8631759398559,3.4215457257022828,10.544156729754878,54.93731221865902,0,2026-10-08 00:33:57
2026-10-07 03:47:00,CNC-01,L,296.9995435516426,309.77749332854023,2353.393039652641,23.8291261408112,26.87780992414529,2.973834514395664,10.636258676143825,58.54743175255022,0,2026-10-08 00:33:57
2026-10-07 01:26:00,CNC-03,H,298.3759460191288,310.7234679171383,,19.653684371909453,60.48841346578768,3.0445309922763637,9.54600849132767,56.83349642653927,0,2026-10-08 00:33:57
2026-10-07 06:31:00,CNC-03,H,296.1441470880043,311.11952213791284,1965.1797241274883,38.49490358371575,194.1056636652623,3.174854547021967,14.096783961257827,52.220608818395725,0,2026-10-08 00:33:57
2026-10-07 01:28:00,CNC-02,M,298.3272973748221,310.37225384579654,2719.8402484529083,15.104354252726122,105.76328747778088,3.381426548369594,7.83122094339983,50.74533438768373,0,2026-10-08 00:33:57
2026-10-07 01:06:00,CNC-02,M,298.80638115124066,310.8134936935151,2609.7985210250745,17.317686188548077,82.08505559647801,3.220797024349534,8.290067562263909,57.41784443995811,0,2026-10-08 00:33:57
2026-10-07 03:59:00,CNC-03,H,296.9806233834422,309.8183073530001,2404.3289770720326,24.29138629213921,0.0,2.962357923089021,10.76423721699416,60.818407630351004,0,2026-10-08 00:33:57
2026-10-07 16:56:00,CNC-03,H,299.5236417589814,314.49966357530553,1856.6268318453817,42.33624756643916,162.28768978577511,2.8175041414291226,14.283455514482792,53.804786703469986,0,2026-10-08 00:33:57
2026-10-07 03:57:00,CNC-01,L,296.7447719576689,310.08313453402644,2348.556299593576,27.158642817716554,38.73617086796313,3.0273065344311347,12.182134317351066,58.925989345292095,0,2026-10-08 00:33:57
2026-10-07 16:22:00,CNC-02,M,25.419498131849934,40.38217524893207,1722.3049984375168,42.248892156921045,221.45222620319407,3.2440117851635795,13.705107356221433,56.71254791365092,0,2026-10-08 00:33:57
2026-10-07 18:40:00,CNC-01,L,299.4932055097433,313.64173956367523,2224.9915294047823,28.589727890826634,204.07079463380634,3.7136874194749527,12.102529832572735,52.016274500046784,0,2026-10-08 00:33:57
2026-10-07 20:21:00,CNC-01,L,300.159218285263,313.5608138451546,2523.7390329219966,23.813198894244284,97.36053871150672,3.1387907792491263,11.189615618694601,48.56973464666882,0,2026-10-08 00:33:57
2026-10-07 05:55:00,CNC-03,H,296.56174310353157,311.68294893409995,2092.105553451319,37.449408070104006,145.77152253847575,2.962664497879614,14.643478409257641,56.89921478179872,0,2026-10-08 00:33:57
2026-10-07 14:53:00,CNC-01,L,297.85657771511103,311.5956869358862,1456.425576438137,44.415782852510134,102.4289130020382,2.272477542324829,12.337862631788711,52.593862094814135,0,2026-10-08 00:33:57
2026-10-07 09:51:00,CNC-02,M,295.9794450308598,310.4416633821284,1507.4997377156103,48.71672133767828,110.25570138730428,22.406762101017705,13.61015470858561,59.116698481115655,0,2026-10-08 00:33:57
2026-10-07 14:48:00,CNC-01,L,297.6074845800553,311.9318635871509,1612.4004473790662,45.55010555577298,94.74837177026077,2.3107679839468367,13.874788974648185,57.860917950835315,0,2026-10-08 00:33:57
2026-10-07 03:50:00,CNC-02,M,297.24659313192166,310.14976888466754,2198.1080309792283,24.610779377753286,50.23338308574227,2.880691611259778,10.379819842600739,50.86859311598334,0,2026-10-08 00:33:57
2026-10-07 18:21:00,CNC-01,L,299.5350890342752,314.0807550032296,2151.1486566175995,31.651622588494895,179.8315029792113,3.2571497843411517,12.663874225104776,51.588892440421034,0,2026-10-08 00:33:57
2026-10-07 03:44:00,CNC-03,H,297.541052327807,312.0623233551805,2470.313912590759,26.999428295306657,215.13427194628161,3.746608180628088,12.581252750516693,53.902342958886216,0,2026-10-08 00:33:57
2026-10-07 04:42:00,CNC-01,L,296.5591276090098,310.15917039422186,2263.653664134543,28.757760796934186,93.54972605924297,2.9462448282549207,12.24594070534225,56.5010833149382,0,2026-10-08 00:33:57
2026-10-07 08:34:00,CNC-03,H,296.0522887728923,310.62872079780954,1696.1478221996651,42.670755497201334,127.60872590152563,2.452120030323126,13.672474967884936,63.42232961494654,0,2026-10-08 00:33:57
2026-10-07 06:28:00,CNC-01,L,295.78702150655744,309.0138103378125,1958.668028890953,32.205752382699,8.205196163387226,2.747031548470493,11.787681042154924,,0,2026-10-08 00:33:57
2026-10-07 04:53:00,CNC-02,M,302.07506410381774,310.5663814760787,2251.2656295904603,32.05053370870567,127.321121525546,3.0113622783629226,13.301411116484715,48.357082286324555,0,2026-10-08 00:33:57
2026-10-07 06:44:00,CNC-01,L,295.81965623418495,309.72223164171584,1902.39785264023,38.459367110736494,30.184597438682264,24.320553041484352,13.612367841899262,58.077477764320115,0,2026-10-08 00:33:57
2026-10-07 19:13:00,CNC-01,L,299.96278675369814,313.39535453541293,2211.3168063654643,30.779855929358465,15.08555704068603,2.8146929924030983,12.792120510253568,53.791582333224525,0,2026-10-08 00:33:57
2026-10-07 21:03:00,CNC-03,H,299.85863683943165,313.831148501058,2431.875182535791,25.87992280415848,227.6834363599459,3.7690233435325906,11.694359239785914,50.295187106428884,0,2026-10-08 00:33:57
2026-10-07 11:13:38,CNC-01,L,296.54077316142883,311.5672729876329,1372.0326737384105,53.13967157888578,200.2508246916826,2.8271821044190335,13.569455946447503,61.38879904053891,0,2026-10-08 00:33:57
2026-10-07 06:14:00,CNC-03,H,296.3149329337628,311.457507138229,1997.4239426535532,39.865075848754586,171.2184264452444,2.8868556728263126,14.900267187250781,57.82556936142006,0,2026-10-08 00:33:57
2026-10-07 11:29:00,CNC-03,H,,311.0709254694504,1388.962256355123,49.25916861147379,127.68951134639086,2.1458234853545313,12.811575570546124,58.30040180047673,0,2026-10-08 00:33:57
2026-10-07 00:59:00,CNC-02,M,298.46848762271463,310.7192225078091,2775.9010603639585,16.91951475461023,74.48542982078135,3.36028640173881,8.670184421915371,55.73758622832223,0,2026-10-08 00:33:57
2026-10-07 16:18:00,CNC-03,H,26.413989746723416,,1732.2406722058531,43.93048232955275,108.10142223461003,2.5005661976887965,14.3131542875698,47.510996889805945,0,2026-10-08 00:33:57
2026-10-07 23:46:00,CNC-01,L,299.18594610652394,311.68180043602905,2640.521991492338,16.81827519129691,118.53885053801021,,8.172676536257143,53.20587900630168,0,2026-10-08 00:33:57
2026-10-07 21:46:00,CNC-02,M,299.24120010830364,311.9067885331628,2686.43530706887,16.057443908238987,185.34355483580748,3.7424963864133236,7.798445835180408,49.66883494106224,0,2026-10-08 00:33:57
2026-10-07 23:39:00,CNC-03,H,304.19470883746874,310.91247245039915,2814.7408048889897,17.33689371657759,144.8915087854127,3.571897327710783,9.196937440573658,41.770837727021764,0,2026-10-08 00:33:57
2026-10-07 03:13:00,CNC-01,L,297.36201798724215,311.39844199950613,2396.2729993558487,26.438749507320125,191.90785507337367,3.694214288288086,11.61243026251165,57.5358705996875,0,2026-10-08 00:33:57
2026-10-07 07:55:00,CNC-01,L,295.7212267850252,310.8089904042143,1538.0979073447165,52.4607792870913,130.79364886286186,2.3260231593727845,15.419545564753685,56.8074824841383,0,2026-10-08 00:33:57
2026-10-07 18:29:00,CNC-03,H,300.0818821306727,314.0237741899001,2134.0149483705345,32.92946336005335,40.78509334570752,2.7740809881118014,13.059409924746918,47.20706088617508,0,2026-10-08 00:33:57
2026-10-07 02:37:00,CNC-01,L,297.5598993219197,310.75582394946264,2600.697988086689,20.470093047203523,151.43056657994086,3.5162608665771837,10.014655359993604,54.01043969537666,0,2026-10-08 00:33:57
2026-10-07 21:02:00,CNC-02,M,299.3899349054895,313.5496752676967,2461.4121462755743,25.711370712958335,136.37308871633223,3.0580358845479116,11.903799067658145,53.894389545222666,0,2026-10-08 00:33:57
2026-10-07 07:43:00,CNC-03,H,295.8943347461171,310.01441458732637,1775.372353241018,42.1732172711641,52.45980952274523,2.5581133959537663,13.98806907983486,55.03002667181926,0,2026-10-08 00:33:57
2026-10-07 06:36:03,CNC-03,H,296.2737992059532,310.94407655625537,2119.4966714782536,34.35088528337026,200.9329251755827,3.3275090436950423,13.730391854117308,54.188235975857175,0,2026-10-08 00:33:57
2026-10-07 20:25:00,CNC-03,H,299.83371092597133,313.6676285862859,2496.3454795286475,23.512451809207807,183.55375057228682,3.4324110277520137,10.925682873150734,50.6173714012674,0,2026-10-08 00:33:57
2026-10-07 14:29:00,CNC-02,M,297.8801945834366,312.1235260280638,1518.1293848803687,47.71620670959315,52.66293355086599,2.14753128036214,13.748630068632647,53.070223039536316,0,2026-10-08 00:33:57
2026-10-07 04:46:00,CNC-03,H,296.7616924601362,310.8336885595981,2224.550212550173,31.562978152172008,57.30489040850625,2.8192493769372806,13.314165377278837,55.662843291728066,0,2026-10-08 00:33:57
2026-10-07 18:27:00,CNC-01,L,299.5621771504527,314.19716903610964,2122.4214067933653,34.1265570327932,187.56623830007155,3.3543662450893996,13.833310099159446,56.79941404179718,0,2026-10-08 00:33:57
2026-10-07 02:13:00,CNC-02,M,298.22844505470647,311.1044692521168,2648.9158064869353,19.415149194012447,154.9086871883048,33.88433480481327,9.442134371570136,53.90817592102532,0,2026-10-08 00:33:57
2026-10-07 08:59:00,CNC-03,H,296.3062107821311,311.19030188594036,1680.4602215782204,46.80969657991338,165.12818692351905,2.678036551224383,14.952794333690028,61.28375020928097,0,2026-10-08 00:33:57
2026-10-07 21:37:00,CNC-01,L,305.0264815003615,311.6690229500302,2596.644863153588,17.27158911364245,183.82652891529264,3.729715676372001,8.486225052176323,43.127145287789894,0,2026-10-08 00:33:57
2026-10-07 22:05:00,CNC-01,L,304.9285674869973,310.91439457059624,2523.5910061454547,17.76732308043326,9.692082947887517,3.1762859555981486,8.553158931737698,43.70565707404681,0,2026-10-08 00:33:57
2026-10-07 11:22:00,CNC-02,M,296.56963530733793,310.4220617673073,1355.7159140280205,50.5116245591338,4.768686071567636,2.063827346373894,12.751707934933714,59.68726727905552,0,2026-10-08 00:33:57
2026-10-07 14:57:00,CNC-01,L,298.0210842649923,312.26448138848355,1556.57701904169,46.39193161897705,108.44214177356784,2.2376348202307272,13.467339869398907,57.85151741094636,0,2026-10-08 00:33:57
2026-10-08 00:24:00,CNC-01,L,298.6529261433251,311.4612163126168,2583.8608190798445,18.743662424358387,158.91280201316448,3.5470524512781965,9.109891063985213,54.08358968162477,0,2026-10-08 00:33:57
2026-10-07 11:10:00,CNC-02,M,296.1224830439864,311.4309647313968,1451.8187339948022,52.458420302140304,234.63193446451413,3.102922320313609,14.086827682805499,60.72769888985774,1,2026-10-08 00:33:57
2026-10-07 15:15:00,CNC-03,H,299.1197241069696,312.82953563848656,1612.21582350044,42.448654206267406,15.179282244439145,2.2343645979554916,12.546080137795164,52.99768492397309,0,2026-10-08 00:33:57
2026-10-07 19:13:00,CNC-02,M,299.0202331451603,312.41179322560833,2369.8618111843934,25.25673183463483,6.274226177157303,2.9108335085981656,11.038882161709894,52.27872760720864,0,2026-10-08 00:33:57
2026-10-07 07:04:00,CNC-01,L,295.9552742739314,309.8230159525149,,34.77587454742495,57.95618915457538,2.5259994722757284,12.573008073305672,60.0305447150439,0,2026-10-08 00:33:57
2026-10-07 15:09:00,CNC-02,M,298.25437460431743,312.71257507136335,1526.6018275177273,47.123395886199006,113.71839109953274,2.217560692504666,13.39635538725095,55.94580884793101,0,2026-10-08 00:33:57
2026-10-07 06:43:00,CNC-01,L,295.9350159052578,309.3676019504399,1906.7502583151015,34.357902099762015,28.787770499894705,2.5425886075778936,12.230750543194489,60.25978289992696,0,2026-10-08 00:33:57
2026-10-07 15:43:00,CNC-01,L,25.125020542724826,40.17524534912167,1606.6582645819076,47.240148421034924,177.5127607704896,2.7547842749374745,14.414279773022606,53.599202532230734,0,2026-10-08 00:33:57
2026-10-07 07:19:00,CNC-01,L,295.83864547151495,309.4723905014778,1931.0413218898398,32.44633926098277,79.03077666269698,2.6356367046058122,11.922208877126616,63.695570353922996,0,2026-10-08 00:33:57
2026-10-07 02:25:00,CNC-03,H,297.62205353384996,310.350966782352,2567.7098882297137,19.375223358537284,125.25457288992834,3.299011408242408,9.308612708061844,58.959206987354236,0,2026-10-08 00:33:57
2026-10-07 06:55:00,CNC-02,M,296.3402112961677,310.54105786404745,1743.080753527816,41.89099751871547,66.79000636591495,2.3408642720070785,13.763334588336903,56.36119788073521,0,2026-10-08 00:33:57
2026-10-07 16:49:00,CNC-01,L,298.76283537621686,312.69725132665684,,37.928453838097504,54.673165324132874,2.4588080139557045,12.696758213481486,51.07891924349477,0,2026-10-08 00:33:57
2026-10-07 16:50:00,CNC-03,H,299.6150948700409,314.05149434190946,1749.8498402118398,39.87345431023417,153.79370334727773,2.696965794978927,13.217916483647667,56.16636219253618,0,2026-10-08 00:33:57
2026-10-07 17:01:00,CNC-02,M,299.0390661417986,312.9364582103871,1843.3064036372941,33.894974998326234,51.15084386519281,2.5046735808472036,11.651362384160201,53.84628001135283,0,2026-10-08 00:33:57
2026-10-07 23:04:00,CNC-03,H,304.564550625814,311.19801227065244,2580.430528549832,17.446037046597436,107.79477193957675,3.187394480194548,8.392609168756374,46.426977415194116,0,2026-10-08 00:33:57
2026-10-07 18:13:12,CNC-01,L,299.31096929932164,313.96916667087424,1868.8856835672152,40.04001046458529,168.00491879701508,2.937897335925465,13.990225571538142,51.543981902838865,0,2026-10-08 00:33:57
2026-10-07 17:38:00,CNC-01,L,299.40188534738365,313.838440155759,1917.0051928363944,37.02765809490679,122.48626040701559,2.6923432821360005,13.536353165347219,53.09590951618739,0,2026-10-08 00:33:57
2026-10-07 08:55:00,CNC-03,H,295.9315890218546,310.7852513695712,1611.2955459541995,46.69673002061876,159.01822283394182,2.48998653328416,13.99095073168321,53.1699236030218,0,2026-10-08 00:33:57
2026-10-07 21:10:05,CNC-02,M,299.3590620149713,312.6503557992158,2484.886208070043,21.566588340505024,145.4239927617893,3.140483530484431,10.18226406116604,56.55172693287653,0,2026-10-08 00:33:57
2026-10-07 15:11:00,CNC-03,H,298.7350371822961,312.7301899543478,1564.1692351884285,46.03300926342584,9.163762837971007,2.3512088699688976,13.836955848721466,55.69161207334196,0,2026-10-08 00:33:57
2026-10-07 03:11:00,CNC-01,L,297.2378699676428,310.8028610443603,2412.2224984928084,23.738443761126653,189.5883950409487,3.675707324732151,10.43179922515495,58.581250969099855,0,2026-10-08 00:33:57
2026-10-07 11:54:00,CNC-03,H,297.2315709654347,311.807118919756,1323.377196253355,55.570653583615865,167.47007004627682,2.2642831372692,13.541929501734767,53.75262907752436,0,2026-10-08 00:33:57
2026-10-08 00:31:00,CNC-01,L,298.15235450893374,310.7874485748555,2636.479041595239,17.31345733179723,166.26103613296505,3.5854195923642918,8.564282665358242,58.01104477657996,0,2026-10-08 00:33:57
2026-10-07 10:46:00,CNC-01,L,295.9517445865184,310.3355295328104,1528.8119461547647,47.755212963133324,155.81458948917088,2.5231111722778774,13.482050501960353,57.157527165570926,0,2026-10-08 00:33:57
2026-10-07 00:39:00,CNC-01,L,298.6121007424114,309.8512769509167,2659.3492427928795,,23.067827660485236,3.2408083205823774,6.4399814428927735,52.099866212038435,0,2026-10-08 00:33:57
2026-10-07 19:47:00,CNC-03,H,300.031687688029,313.9241745840412,2255.417144371523,28.23310625289456,138.16873475558444,2.966319815646857,11.705088794805919,51.98830584854087,0,2026-10-08 00:33:57
2026-10-07 08:24:00,CNC-02,M,296.0840311103172,311.3783928117013,1728.5008848922578,43.718906707091804,195.06208890868356,3.074059916183035,13.855423760395114,61.3028806325279,0,2026-10-08 00:33:57
2026-10-07 18:32:00,CNC-01,L,299.3359444882543,313.8746226520408,2157.4142858820633,32.470279125617175,193.98899674837975,3.4922579601688017,13.04613910202279,52.177069408193965,0,2026-10-08 00:33:57
2026-10-07 17:57:00,CNC-03,H,299.8950578665691,315.5803959083814,1919.7804301556964,41.331838625768555,245.8884145711091,3.5015080601638178,14.97746833197313,52.39357801042608,0,2026-10-08 00:33:57
2026-10-07 05:34:00,CNC-01,L,295.5368525639963,309.80858078278123,2253.7189248078607,27.830699439887738,159.778635615066,3.1868175681281454,12.053111622531196,57.712448355720646,0,2026-10-08 00:33:57
2026-10-07 04:22:00,CNC-03,H,296.7013593791694,309.1343547282833,2357.005849546656,23.079799297975843,27.584458379555645,2.886204860144999,10.160926471806118,57.024903256443494,0,2026-10-08 00:33:57
2026-10-07 09:12:00,CNC-02,M,295.75485861745994,309.7156648081154,1531.8214861320798,44.88652331825203,50.16181395161846,2.207270718780295,12.747231274004724,55.312396457492454,0,2026-10-08 00:33:57
2026-10-07 05:00:00,CNC-02,M,302.1728840869827,310.1664900050986,2030.2704010542377,32.247680362553176,136.1133611022668,2.8362921461144057,11.96993707522341,43.578225060761966,0,2026-10-08 00:33:57
2026-10-07 06:41:00,CNC-02,M,296.1075384145309,310.08449477105756,2014.1134036234155,34.3703981520375,47.42364612392708,2.7647145225679672,13.118163662281207,55.46741010587585,0,2026-10-08 00:33:57
2026-10-07 21:45:00,CNC-01,L,305.1312789697244,312.66941039781614,2649.267877928881,22.43414518994375,192.67166003900974,3.899826549938406,11.168425445035817,44.24095980715962,0,2026-10-08 00:33:57
2026-10-07 11:40:00,CNC-03,H,297.0446959370546,311.1248153344457,1318.209535697322,52.00535221800153,145.1273403106651,2.1474027065495895,12.76890420178325,51.82700802198737,0,2026-10-08 00:33:57
2026-10-07 18:55:00,CNC-01,L,299.7488716938165,314.74521708013555,2273.9328866138712,32.97350423967342,223.146827995106,3.9523152542945876,14.05824231539445,52.80397554695825,0,2026-10-08 00:33:57
2026-10-07 04:47:43,CNC-03,H,296.52442321008357,310.03640330879625,2205.441785137302,29.73552836365677,61.00288142926755,2.9117693164229386,12.308123100010334,59.70518018118377,0,2026-10-08 00:33:57
2026-10-07 07:27:00,CNC-01,L,295.74355507084493,310.6458190511009,1895.7361265246059,41.888639622245634,90.38825057417651,2.542006174073863,14.828271507874751,56.52848027914689,0,2026-10-08 00:33:57
2026-10-07 18:53:00,CNC-01,L,299.8758972532262,314.8969687422302,2152.5067496497873,35.81916077342362,220.65639659516683,3.8464349443578936,14.437745939477178,50.41239779975314,0,2026-10-08 00:33:57
2026-10-07 21:17:00,CNC-02,M,299.4498574049714,312.73483638230624,2489.9079010404257,20.515378486465707,153.14300155651694,3.3658884844717587,9.67415130878448,50.74407819475292,0,2026-10-08 00:33:57
2026-10-07 03:42:00,CNC-03,H,297.4005154896499,311.6014457956485,2334.7713577271074,29.055872720209706,212.81236771529615,3.6725625665646264,12.716863315702069,59.10326284649526,0,2026-10-08 00:33:57
2026-10-07 14:09:00,CNC-03,H,298.09019647574326,312.5150009752085,1543.2836121988312,47.790736335672726,131.7490466275419,2.4654550667647266,13.867147810187653,54.39562993357537,0,2026-10-08 00:33:57
2026-10-07 08:45:00,CNC-03,H,296.1891238268376,311.10327041160394,1592.469045932433,48.38651543483523,143.99820984677265,2.4406862087711625,14.490911669864026,59.537853883938766,0,2026-10-08 00:33:57
2026-10-07 04:04:00,CNC-01,L,296.7845181686891,310.50695097331527,2467.166158574388,27.621047660572245,47.11715173819901,3.1465138329287496,12.617728541234163,56.803544967410026,0,2026-10-08 00:33:57
2026-10-07 22:32:00,CNC-03,H,304.8341205754078,310.9789153399674,2728.926696999127,15.359696512452892,73.34775157333131,3.160299510780204,7.865701562112178,42.082547317725,0,2026-10-08 00:33:57
2026-10-07 23:29:00,CNC-02,M,299.02715537805653,311.1465305639277,2723.845305248804,14.917237092708849,58.71862904078953,3.275099239873232,7.8548948337867674,53.29863560343315,0,2026-10-08 00:33:57
2026-10-07 09:23:00,CNC-03,H,296.34073326388665,311.7563540090741,1533.9228664094594,52.557261861955176,202.01062962687186,2.798184029280046,15.210155780351826,56.01308126449892,0,2026-10-08 00:33:57
2026-10-07 10:30:00,CNC-03,H,296.8366073487894,310.0125371190279,1371.7971582111597,45.36318504760412,34.32862530606006,2.130435721990054,11.644632594655267,56.04853677741876,0,2026-10-08 00:33:57
2026-10-07 05:59:00,CNC-03,H,296.2627795554041,310.3577799454777,1938.64679399313,35.65617612133571,151.14953289638794,2.770112175030235,13.201148044335865,59.74214869221326,0,2026-10-08 00:33:57
2026-10-07 00:54:00,CNC-02,M,298.5606702834531,310.76956881377725,2672.7978663689714,17.06104691467963,69.2028131729954,3.260112417318951,8.54271815117932,,0,2026-10-08 00:33:57
2026-10-07 10:16:00,CNC-01,L,296.0813892116821,310.4083823121035,1527.6850888695612,47.99899357478519,108.73586271447691,2.2103431824101185,13.865323719632729,59.58772280174613,0,2026-10-08 00:33:57
2026-10-07 14:22:00,CNC-01,L,297.3396352952212,311.14655391624785,1452.8130826110735,47.348252376030565,54.61497115438742,2.157561408872031,12.964110535956674,55.31117711007494,0,2026-10-08 00:33:57
2026-10-07 08:20:00,CNC-01,L,295.91852753227477,310.38275699862174,1701.9032843059808,41.743605497948415,167.75440527208758,2.721906020612461,13.419262989628526,59.321797773418155,0,2026-10-08 00:33:57
2026-10-07 05:52:00,CNC-01,L,295.6443410044391,309.36414933204134,2210.807039617091,28.182834230114622,183.33721447314537,3.4610745409132466,11.695550896519462,62.05545964013869,0,2026-10-08 00:33:57
2026-10-07 16:24:00,CNC-01,L,25.311528584341943,39.56453923671734,1769.2034381838132,41.55346210401765,18.85261969583047,2.5016158721117834,13.817909665084203,53.75416305582493,0,2026-10-08 00:33:57
2026-10-07 22:58:00,CNC-03,H,305.01857495383234,310.91192303135983,2712.903896257586,15.028205018598602,101.38836159873216,3.2839751633456746,7.586754645499029,39.60994516234118,0,2026-10-08 00:33:57
2026-10-07 05:31:00,CNC-02,M,301.92397316864395,310.1974433348458,2140.99223116234,33.510131518871226,175.67691168143097,3.057202666603979,13.481575973708305,44.71638927530763,0,2026-10-08 00:33:57
2026-10-07 04:39:00,CNC-01,L,296.59366917762793,310.02249070259154,2374.7888848565394,25.490907561682587,89.90383705686527,2.9189171887859904,11.20343523003273,55.36900920300322,0,2026-10-08 00:33:57
2026-10-07 05:46:00,CNC-01,L,295.87036406497447,310.4377760426303,2089.6718692946197,34.1196755201001,175.47811773190574,3.08940511710347,13.32797989316311,61.36076447352345,0,2026-10-08 00:33:57
2026-10-07 11:28:00,CNC-01,L,296.4630292232037,,1411.0213301812655,49.621747089668155,6.262041854355413,2.0060921476642846,12.995766849586,60.95832378008498,0,2026-10-08 00:33:57
2026-10-07 09:50:00,CNC-01,L,295.66404867602887,309.9802564551474,1473.2342102665664,49.140104761287446,68.14511374969953,2.103094024087406,13.669149329903815,60.18282396534231,0,2026-10-08 00:33:57
2026-10-07 04:28:00,CNC-03,H,296.6876331527844,309.8954627491446,2295.7732886762105,26.70550214581628,35.02016265608145,2.9139620483579907,11.445118984549138,1788.5869553730477,0,2026-10-08 00:33:57
2026-10-07 13:21:00,CNC-01,L,297.2933695186583,312.04235763721005,1443.2165270009953,50.721586950134736,185.2205927547843,2.66257126182942,13.399099137287918,53.75055765231613,0,2026-10-08 00:33:57
2026-10-07 21:11:00,CNC-02,M,299.6706461754225,312.7109845497017,2547.595808283499,20.36400324844514,146.53541595637193,3.3841939645454793,9.632921057142813,49.13912706254083,0,2026-10-08 00:33:57
2026-10-07 13:45:00,CNC-03,H,298.0720421998257,312.3553789408267,1345.7248056055444,55.04398117845593,94.3374518097777,1.9971976344868578,13.769631353953736,52.57203506949657,0,2026-10-08 00:33:57
2026-10-07 22:04:00,CNC-03,H,299.45133977670736,311.32876994083455,2790.237146985721,15.165067120121943,42.82737408418772,3.33615949364247,7.837618108823031,52.867090760250676,0,2026-10-08 00:33:57
2026-10-07 06:46:00,CNC-02,M,295.85740315831146,309.74277394244217,1945.6661851348476,36.4033440141134,54.248347240969636,2.5733356513778354,13.461508834841485,62.89576172566216,0,2026-10-08 00:33:57
2026-10-07 21:09:00,CNC-02,M,299.41979692534585,313.054752089854,2533.05531729424,22.83289477357352,144.2953466663549,3.32232566121216,10.93381507609724,52.19174873293268,0,2026-10-08 00:33:57
2026-10-07 06:24:00,CNC-03,H,296.0948338153358,310.7841545005148,1995.4619407682383,37.769476141503866,184.59362482771476,3.1255665882394594,14.159785128483039,55.89195072440952,0,2026-10-08 00:33:57
2026-10-07 18:50:00,CNC-03,H,299.84719273785817,313.91670367456345,2084.596232299795,32.39325676887685,67.73382505693588,2.6105168051932983,12.64174368390358,48.9060548891146,0,2026-10-08 00:33:57
2026-10-07 18:58:00,CNC-03,H,300.05908191605516,314.51491139248407,2214.300412499934,33.49009519835242,77.87367270427215,2.7902393688966582,14.019509892814236,54.95530427167784,0,2026-10-08 00:33:57
2026-10-07 19:05:00,CNC-03,H,299.93006005929794,313.72977501545876,2308.8375749092356,29.14611892553964,86.52242558786692,3.0018983490173032,12.528794243519407,55.183623789058394,0,2026-10-08 00:33:57
2026-10-07 14:36:00,CNC-01,L,297.8087915356145,312.23188772774927,1508.2138959327349,48.75702989975386,76.26115426615868,2.1256467841923996,13.442403608697337,55.00605578869677,0,2026-10-08 00:33:57
2026-10-07 08:29:00,CNC-02,M,295.9796787621739,310.5818519650135,1689.4656750492172,43.47145657945648,202.4651853649061,29.53719555189872,13.734969965853882,54.8108251648946,0,2026-10-08 00:33:57
2026-10-07 01:10:00,CNC-02,M,298.7681649785235,310.6964568891234,2715.2025211681153,14.578685655843092,86.3562533809978,3.3408851867218137,7.6020440645577025,51.33132560249106,0,2026-10-08 00:33:57
2026-10-07 18:47:00,CNC-01,L,299.74748769184316,315.33133466678294,2169.9191200027517,38.814080683157506,213.06427684100407,3.7458816026072927,15.592224497207411,54.046349069344295,0,2026-10-08 00:33:57
2026-10-07 08:43:00,CNC-01,L,295.5375261980201,310.8818115549482,1605.152381612157,50.03435218904325,202.14170894282825,3.0444326624105975,15.205307086981675,58.55934795540134,0,2026-10-08 00:33:57
2026-10-07 18:37:00,CNC-02,M,298.8618435784662,312.67292473206123,2201.773867994386,26.39720508202546,180.05994255191152,3.183391018776685,10.726378627043225,54.11939218257554,0,2026-10-08 00:33:57
2026-10-07 12:31:00,CNC-01,L,23.159841787333903,37.67003640842188,1450.8093297248226,50.160283807054924,106.26694875903333,2.2856214517693347,13.639102425622193,57.49250446189925,0,2026-10-08 00:33:57
2026-10-07 05:31:00,CNC-01,L,295.92309610672896,309.81402271978754,2143.283518368357,29.195070007385983,155.99721579256794,3.0321066557565315,11.816934172665968,56.802120430090085,0,2026-10-08 00:33:57
2026-10-07 18:31:00,CNC-02,M,298.83233902623977,313.60278053152024,2173.0527854239112,32.72977742068415,172.35792922957862,30.664791098726436,13.427113531786818,54.70082479683796,0,2026-10-08 00:33:57
2026-10-07 11:52:00,CNC-03,H,297.1748189457716,311.68540973031367,1387.8279777049609,51.573304929667216,164.27689325535587,2.3664075186197238,13.377710402054218,55.06633086093809,0,2026-10-08 00:33:57
2026-10-07 23:49:00,CNC-01,L,298.8220981744059,311.3165958328012,2599.709578196294,17.560402392244853,121.74696505362088,3.3471267782534593,8.55874278055503,56.86139136309813,0,2026-10-08 00:33:57
2026-10-07 08:08:00,CNC-02,M,296.09822719775275,310.697663682216,1737.0449418717465,41.632893786463654,171.47127848048453,2.769814659921119,13.789430776958053,58.7871475686095,0,2026-10-08 00:33:57
2026-10-07 13:34:00,CNC-02,M,297.01089125326627,312.4223413256866,1620.276393587445,47.69838821721131,214.17655928434692,3.0140849437887045,14.513059988216014,53.83798159019337,0,2026-10-08 00:33:57
2026-10-07 23:15:00,CNC-03,H,304.483332065499,310.82265913711433,2743.0279105980862,16.402591641346394,119.42288892047574,3.419377302384383,,43.45597887354963,0,2026-10-08 00:33:57
2026-10-07 15:55:00,CNC-01,L,25.234764308553338,40.68499140149913,1642.3278337158006,49.28297251062258,195.27602238127267,2.9620280117359625,15.095145256427347,54.84031351696248,0,2026-10-08 00:33:57
2026-10-07 03:51:00,CNC-02,M,297.26468684513566,310.43038230005135,2335.888882317805,25.159856432916982,51.437543490463554,2.805740308683172,10.930377678331917,56.2540342229949,0,2026-10-08 00:33:57
2026-10-07 16:13:00,CNC-01,L,25.272582764288472,38.839726679663215,1781.4678953216269,37.82867669106355,2.9175340016625313,2.3929858322927804,12.669947241940125,53.558349187566805,0,2026-10-08 00:33:57
2026-10-07 16:06:00,CNC-02,M,25.3222065921463,40.101395059685785,1797.303949193433,39.66809274411785,198.15476391949176,3.08337474250941,13.299075519296276,54.16005217384425,0,2026-10-08 00:33:57
2026-10-07 14:42:00,CNC-02,M,297.91166399787716,312.0291180275754,1562.1072151268854,44.056241113887154,72.54921095650458,2.27145313757478,12.951129701169819,59.43645972898115,0,2026-10-08 00:33:57
2026-10-07 16:42:00,CNC-02,M,298.45926275472885,312.8171735793387,1783.8258241161145,39.74978233673039,24.27224495788288,2.28041139492819,13.024332473027819,53.28821782992004,0,2026-10-08 00:33:57
2026-10-07 01:39:00,CNC-01,L,298.11712976683003,310.5687229650501,2469.7695780296826,18.799622459310758,87.63270936829407,3.0690132804372263,8.814901483673404,52.77556691092821,0,2026-10-08 00:33:57
2026-10-07 02:00:00,CNC-02,M,298.30285675631023,311.50561844916746,2542.675724481117,20.494010068579453,140.6121089814869,3.2856540775268783,10.027758377476527,52.672703954247,0,2026-10-08 00:33:57
2026-10-07 05:07:00,CNC-03,H,296.5757868125514,310.69588273359693,2342.276236499604,30.085848954122934,83.58581638064817,2.9403657720621252,13.089597408477452,58.06716242903841,0,2026-10-08 00:33:57
2026-10-07 03:18:00,CNC-03,H,297.2341431668498,311.12901809268243,2512.436686387634,24.974880471798198,184.85907770979063,84.00217200514847,,55.60555054803022,0,2026-10-08 00:33:57
2026-10-07 21:35:00,CNC-02,M,299.5864307185838,313.5816171333703,2617.1658561107133,23.12375323095835,173.213856316974,3.431037201055428,11.42184490298211,52.165459833713825,0,2026-10-08 00:33:57
2026-10-07 08:37:00,CNC-03,H,295.92077342309955,311.07779478362556,1567.6829416132528,50.94198275661094,132.07305207576613,2.416499040344313,15.044545645104888,59.693035210820554,0,2026-10-08 00:33:57
2026-10-07 18:26:00,CNC-03,H,299.85488814548364,313.45446541948485,2241.900292511583,29.586211830656392,36.93507375579079,2.810337083524599,12.538217811301404,51.13392059632295,0,2026-10-08 00:33:57
2026-10-07 15:03:00,CNC-02,M,298.04645899319365,312.70567490947093,1573.501384365744,46.713752116359196,104.62216547454975,2.234032914703814,13.58006175392846,53.743969469560426,0,2026-10-08 00:33:57
2026-10-07 01:08:00,CNC-03,H,298.63633206788523,309.77493660169176,2658.71145485473,12.786377588127124,40.79395989424267,3.1246143776981206,6.454735847242499,53.16609277039366,0,2026-10-08 00:33:57
2026-10-07 04:07:00,CNC-02,M,296.972158757714,311.15959309236695,2264.1072658863272,29.59881303080675,70.57453018271092,2.817424478719378,12.49179250860605,54.42922206542998,0,2026-10-08 00:33:57
2026-10-07 09:09:00,CNC-03,H,296.2551504602495,311.0559743748132,1553.7865154354968,49.96007465217478,180.48452760730407,2.4910611133470413,14.78433461021398,59.40046911115696,0,2026-10-08 00:33:57
2026-10-07 20:05:00,CNC-02,M,299.1919835994238,311.7782382161941,2466.5989091090696,18.754794159563776,69.74761344429089,3.114310962056761,8.80021010250046,56.534919102852264,0,2026-10-08 00:33:57
2026-10-07 08:40:00,CNC-03,H,296.1324759994772,310.86761183887904,1736.950777020792,43.823482332217225,136.59116678526718,2.614586630855201,14.059446509056366,62.45611205991368,0,2026-10-08 00:33:57
2026-10-07 14:10:00,CNC-03,H,297.9460889745918,311.9287671666861,1372.1811650349375,48.24870705314703,133.33723920081397,2.2000016740879906,12.077341084151985,54.74051179772525,0,2026-10-08 00:33:57
2026-10-07 18:02:00,CNC-01,L,299.1239726891079,313.37256890750564,1991.8717540249238,34.03673068059018,154.6310787722667,2.9470880157344452,12.49269547108507,51.17207493200018,0,2026-10-08 00:33:57
2026-10-07 03:57:00,CNC-03,H,297.01052559838536,311.6437802836593,2395.702001362981,28.066953870207627,230.52516345381216,3.785683091476364,12.558451162951448,55.301815673792255,0,2026-10-08 00:33:57
2026-10-07 13:05:00,CNC-03,H,24.417581158501207,38.1974393245531,1365.581201342331,50.4081630042758,31.545138506144298,1.9656147071814984,12.803201383995283,59.23058797960281,0,2026-10-08 00:33:57
2026-10-07 00:46:00,CNC-02,M,298.99454195458947,311.33554174439956,2753.8765293715055,17.884468787466556,60.58725502543514,3.2815894340457126,9.263718258096269,50.84107884667668,0,2026-10-08 00:33:57
2026-10-07 22:16:00,CNC-02,M,299.36231792775726,313.1537659133279,2533.7793154834885,21.87192078413544,218.4917694901575,3.8745092831142967,10.277823678602791,56.748486749037966,0,2026-10-08 00:33:57
2026-10-07 15:23:00,CNC-02,M,298.0761005394666,312.6272486394109,1531.5217737887735,46.687154479493955,134.6688504245049,2.255256702388957,13.316110527780616,56.195593172598876,0,2026-10-08 00:33:57
2026-10-07 06:15:00,CNC-03,H,296.3617099847086,311.31134290217227,1962.0077119359655,39.2988466387201,172.56809961835583,2.961603311619555,14.354019376574229,,0,2026-10-08 00:33:57
2026-10-07 17:58:14,CNC-01,L,299.2158859557025,314.2319365031343,1959.866775997616,39.70536470546547,149.40774100264446,2.8936121206794407,14.648107902102755,54.96200228478516,0,2026-10-08 00:33:57
2026-10-07 11:13:00,CNC-03,H,296.8379429901265,311.5705338874071,1414.4417578841287,53.211293393368884,102.34726237403247,2.097937392871627,14.137607846861606,57.24074168745356,0,2026-10-08 00:33:57
2026-10-07 05:37:00,CNC-03,H,296.3623374978599,310.8058243368981,1947.2687041564393,36.19032143151984,122.29216366785985,2.678282235022282,13.130149084901591,58.01680641529183,0,2026-10-08 00:33:57
2026-10-07 22:20:00,CNC-01,L,299.60687417781276,310.9075911665963,2783.965289504821,12.509540900743103,25.93879033518371,3.2641731314612343,6.557688951101978,54.92744659566238,0,2026-10-08 00:33:57
2026-10-07 04:10:00,CNC-02,M,297.08161566799043,310.6709691342358,2265.4726746450438,28.06300987718388,74.31494887597474,2.9268769565782917,11.669271025465372,54.52390443240119,0,2026-10-08 00:33:57
2026-10-07 06:33:00,CNC-01,L,295.9489302612287,308.884958762651,1943.0005048978066,29.937940593380397,15.001656234057663,2.624823464089913,10.958938913271316,59.47855282734807,0,2026-10-08 00:33:57
2026-10-07 15:30:00,CNC-01,L,24.91467389410093,39.209025999845665,1634.580478986448,41.177498528157756,158.20085571339828,2.744738624503212,12.814942671230277,55.28053208812621,0,2026-10-08 00:33:57
2026-10-07 21:53:00,CNC-01,L,304.9068046920809,311.71445912494585,2636.296001338728,17.794605016719384,201.5785423829843,3.779722634275595,8.791945592068888,45.05429937802414,0,2026-10-08 00:33:57
2026-10-07 14:31:00,CNC-01,L,297.4473360683253,311.4677403124495,1411.7284057243407,48.2982414043362,68.4544688548286,1.9929005789295537,12.930711802809721,54.86793913598582,0,2026-10-08 00:33:57
2026-10-07 07:45:00,CNC-03,H,296.2103176237739,310.1195979276348,1878.551455491987,36.128430122864266,55.31997480173278,2.4592509909704896,,58.60464309434687,0,2026-10-08 00:33:57
2026-10-07 10:27:00,CNC-02,M,296.18503743193673,310.6414629381899,1316.904014939586,52.1110334577099,166.6301235013468,2.386182851702435,13.051698292267917,56.443890256717374,0,2026-10-08 00:33:57
2026-10-07 13:59:00,CNC-02,M,297.5208295518336,311.0689073961214,1397.9887650895455,48.37916491189212,6.178922433847607,1.9297097820594065,,59.82659097668037,0,2026-10-08 00:33:57
2026-10-07 10:15:00,CNC-02,M,296.2568551491999,310.9173584782396,1400.6571290347795,51.93528315797266,147.72211658114318,22.018856997315197,13.42955857018988,55.25588816874382,0,2026-10-08 00:33:57
2026-10-07 09:45:00,CNC-01,L,295.4980070808324,309.6183286054898,1413.297123855879,52.03049922982095,60.423761561879154,2.0601263436508197,13.8278033352708,58.26735188242858,0,2026-10-08 00:33:57
2026-10-07 19:27:00,CNC-01,L,299.74411975773023,313.1360065372413,2234.1559049832695,28.716254664955205,32.39904196411363,2.7749777778962867,12.07390454025459,53.573241504030655,0,2026-10-08 00:33:57
2026-10-07 23:15:00,CNC-01,L,299.14444318648435,311.21266840072303,2717.840223056079,15.887677240175364,85.3449120175066,3.369007073119734,8.389733142692823,55.70857491385131,0,2026-10-08 00:33:57
2026-10-07 15:03:21,CNC-01,L,297.90023374268793,312.61764876970295,1543.016025093299,50.366356992011895,116.08515920969134,2.270722731638665,14.610745415415414,56.48922180629295,0,2026-10-08 00:33:57
2026-10-07 13:52:04,CNC-03,H,298.04838608679756,312.03369377216853,1332.9043377144887,53.29632533804315,106.83764037824322,2.087829545912566,13.54285706484679,54.394182698281924,0,2026-10-08 00:33:57
2026-10-07 13:21:00,CNC-02,M,296.9254126492567,312.46316532497246,1505.5402758584457,52.6125722526017,193.66298362697924,2.8114352928688695,14.889169194931188,56.005402711657325,0,2026-10-08 00:33:57
2026-10-07 23:22:00,CNC-02,M,299.15402387261406,310.5777161257604,2770.8730432574657,12.295948472114405,51.27553408277038,3.3048880938860155,6.312953377186182,49.5744899891714,0,2026-10-08 00:33:57
2026-10-07 04:55:31,CNC-03,H,296.28506308645586,310.503630791312,2202.6624446274486,33.389084300299416,69.73835664353717,2.8386611147234153,13.607649890154356,60.47455395743796,0,2026-10-08 00:33:57
2026-10-07 12:00:00,CNC-03,H,297.06304927257855,311.64984043962056,1427.0959169801793,51.38612983550113,176.91185943785473,2.5216090099459083,13.861129929828905,57.78470821569067,0,2026-10-08 00:33:57
2026-10-07 11:58:00,CNC-02,M,296.7197428699249,10243.947015363852,1403.9863972809926,52.79803856094499,61.9788145467816,2.0744219036557694,13.87617655632907,56.42746224544729,0,2026-10-08 00:33:57
2026-10-07 21:45:00,CNC-03,H,299.63686310785266,311.4746866837308,2575.8900563740867,16.46524125242176,21.950960931833734,3.146119050667055,7.889314182493509,47.143374007077746,0,2026-10-08 00:33:57
2026-10-07 11:47:00,CNC-01,L,296.0179030841237,309.8870528204382,1407.1046426956625,50.87580438404684,36.45081657285888,2.139792289072314,13.175377523209177,58.07820864538415,0,2026-10-08 00:33:57
2026-10-07 19:24:00,CNC-02,M,298.94252394671315,312.06901430408874,2121.674676496139,26.775205335744047,19.86826134165584,2.7096282675036596,10.716380015956375,49.33444084227222,1,2026-10-08 00:33:57
2026-10-07 01:28:00,CNC-03,H,298.3229596941219,310.307266742345,2669.7356006899377,16.060196587183647,62.69171104178607,3.3194393067761663,8.223241901175133,51.322380699891454,0,2026-10-08 00:33:57
2026-10-07 01:30:00,CNC-02,M,298.5674146234809,310.86117226882254,2688.74438034044,15.748094424768992,107.94844152985708,3.2552015067149394,8.046059146970691,54.404039552851096,0,2026-10-08 00:33:57
2026-10-07 14:33:00,CNC-03,H,298.445500547699,313.3868509852563,1472.9397361314432,52.014930394066056,168.7553126274958,2.4610928737466238,14.267707863893431,52.16100879282134,0,2026-10-08 00:33:57
2026-10-07 17:16:00,CNC-03,H,299.78123370349135,314.7231555747227,1860.1403568192397,40.54597561642476,190.07984611205612,2.8574277057601445,14.273956408335676,52.71863492299446,0,2026-10-08 00:33:57
2026-10-07 15:55:00,CNC-03,H,26.210454985294632,40.13007659617955,1760.2063662723692,39.366605813564505,74.74609567902162,2.469747368465674,12.951078882135862,52.323157568756265,0,2026-10-08 00:33:57
2026-10-07 17:11:00,CNC-03,H,299.77726314516036,314.4710821938115,1928.5378878814886,38.16004398383288,183.11843219975654,2.8850808557780976,13.714196137910754,52.8898716171792,0,2026-10-08 00:33:57
2026-10-07 14:44:00,CNC-02,M,297.97100598138036,311.85394157742485,1484.2090484526054,45.11167304233212,75.63499538567764,2.196165737998345,12.347825503862534,57.32124325757341,0,2026-10-08 00:33:57
2026-10-07 04:29:00,CNC-03,H,296.6366032355078,309.52034205864527,2324.9762108567847,25.64540738559932,36.21883740428695,27.749901657013044,11.297538732545679,55.607387208734785,0,2026-10-08 00:33:57
2026-10-07 17:44:00,CNC-03,H,299.7916845966109,315.1865677412865,1959.0303484117921,40.01831756085183,228.45450890574543,3.2959157605580196,14.677943184639274,53.48371588169369,0,2026-10-08 00:33:57
2026-10-07 10:30:00,CNC-01,L,295.9152712534683,310.47631898054215,1543.913489485604,46.77351128099459,130.66027203390425,2.3689492050238514,13.299661095863362,61.489953717674815,0,2026-10-08 00:33:57
2026-10-07 20:12:00,CNC-02,M,299.1384008885559,313.7424921201631,2374.85518485831,32.156190289699396,78.23365723684294,2.990796826935697,14.161586307639134,49.3236819062346,0,2026-10-08 00:33:57
2026-10-07 01:44:00,CNC-02,M,298.24824707018115,310.66680133416565,2689.121230213948,17.656385328523683,123.09663727135141,3.29505921052149,9.13025093406922,57.15543622022039,0,2026-10-08 00:33:57
2026-10-07 13:09:00,CNC-03,H,24.691763162826874,38.53751723642182,1425.4935455196432,46.34692225344087,37.84492239513516,2.041704248500292,12.252695978327441,57.09240267800109,0,2026-10-08 00:33:57
2026-10-07 20:23:00,CNC-02,M,299.37568632619247,311.98871577183513,2317.2729123381628,20.24440096354341,91.32452339910128,2.9728210770867185,8.931053700845949,56.078192845600064,0,2026-10-08 00:33:57
2026-10-07 08:23:00,CNC-03,H,296.16098235770846,310.73976555537257,1655.757593270748,45.95626049082782,111.16597481802802,2.4052305955231996,14.220531969720852,56.78057074697763,0,2026-10-08 00:33:57
2026-10-07 09:19:00,CNC-02,M,296.0051457417775,310.2359048464745,1590.9224015135285,43.290722549472044,60.89579637544901,2.2941736488064053,13.11033316710195,59.86086229856623,0,2026-10-08 00:33:57
2026-10-07 13:43:00,CNC-02,M,296.9848063358732,311.5787597376825,1424.5805541744699,48.052371697167835,228.24483387879386,2.9554522128799885,12.879592510907273,57.31278559490378,0,2026-10-08 00:33:57
2026-10-07 21:15:25,CNC-01,L,305.34095735963746,312.39582373513736,2557.475461159004,20.695257142156777,158.12683457171417,3.3738230834995004,9.829622690974594,37.45957973156148,0,2026-10-08 00:33:57
2026-10-07 21:39:00,CNC-01,L,305.1616996472845,312.8265170698515,2531.3508214336725,22.70551867406703,186.08701691648554,3.6441730681900997,10.653294900371248,43.48797356222151,0,2026-10-08 00:33:57
2026-10-07 15:51:00,CNC-01,L,25.22196639865615,,1674.8236461000356,47.4177405786764,189.39606322249313,3.002971320539627,14.81037240312618,54.63109133653644,0,2026-10-08 00:33:57
2026-10-07 08:41:00,CNC-02,M,296.0021016994487,309.9239358803949,1535.6132802996415,44.83290564024547,3.0660734899215005,21.11953106148847,12.965613626597692,59.996840486273676,0,2026-10-08 00:33:57
2026-10-07 20:38:00,CNC-02,M,299.3933043976956,313.0279803862394,2439.57908740001,24.523676037695445,108.78288979656564,3.1827429672091805,11.075330004080792,48.60205413304139,0,2026-10-08 00:33:57
2026-10-07 02:55:00,CNC-03,H,297.62614662882794,311.1945044527627,2459.316324016796,23.672100375322973,158.75326539164186,3.2580466201115383,10.851024063604523,49.929793489877234,0,2026-10-08 00:33:57
2026-10-07 07:19:00,CNC-02,M,296.32942708614235,310.7246850381787,1667.4743252967403,43.71062276523001,100.52906133069675,2.304226220163557,13.794721233461937,55.48216663783141,0,2026-10-08 00:33:57
2026-10-07 02:23:00,CNC-01,L,297.9354620793772,310.74124574496886,2618.454474790006,19.272934192414553,135.6949338141241,3.5571595670359435,9.409360330634287,55.160768150768575,0,2026-10-08 00:33:57
2026-10-07 14:25:00,CNC-01,L,297.5383239640632,311.1201273540044,1428.2860233747563,0.0,59.255319260596664,2.1497195736024617,12.076958011694433,55.44160686886165,0,2026-10-08 00:33:57
2026-10-07 22:37:00,CNC-02,M,299.26118267369634,311.89733297859806,2659.4028259297047,18.34393961818914,3.2154038465350956,3.204046485651513,9.075943703070454,52.68346781409693,0,2026-10-08 00:33:57
2026-10-07 22:06:00,CNC-01,L,305.10424931076636,311.1452057127538,2621.2724656721857,17.120166164323127,10.778970381505648,3.2676390973952785,,44.315778620543966,0,2026-10-08 00:33:57
2026-10-07 19:08:00,CNC-03,H,299.79267619822497,313.6574885466456,2170.5025494804777,31.414866298216666,90.26290480801053,2.7453324170077296,12.562467231925268,49.165015418230475,0,2026-10-08 00:33:57
2026-10-07 03:17:00,CNC-01,L,297.4032444424623,311.4831326418895,2488.9419245321683,24.7517209732128,196.5585470944213,3.932077389664919,11.57053186944151,58.22493885049844,0,2026-10-08 00:33:57
2026-10-07 18:28:00,CNC-01,L,299.7761511706611,314.7082352370885,2105.864846996734,36.32563182870083,188.8890589074791,3.304125309899969,14.230064281795817,51.54248365736895,0,2026-10-08 00:33:57
2026-10-07 16:50:07,CNC-03,H,299.8240494745318,314.51716062105976,1878.44731433017,38.18874062850045,152.34923651572956,2.7066447185030933,13.638173006937844,54.20535092688428,0,2026-10-08 00:33:57
2026-10-07 07:16:00,CNC-03,H,296.1232050237509,309.71857795233655,1714.6986558724545,39.22704526205565,14.10467761927739,2.285816109436804,12.655516134538857,56.86474070696348,0,2026-10-08 00:33:57
2026-10-07 08:21:00,CNC-02,M,295.98557321593086,311.4055875642163,1713.661200211538,46.20459228901093,190.65683464127144,2.8982050527226773,14.610075860364168,61.37449342845088,0,2026-10-08 00:33:57
2026-10-07 02:23:00,CNC-02,M,298.02794116746634,311.7551420030969,2471.936860941287,24.141053396713236,166.04582343127672,3.3668580078302464,11.210985300382058,55.7423575020021,0,2026-10-08 00:33:57
2026-10-07 11:22:00,CNC-01,L,296.4142363913105,311.3674011940992,1535.0895938573492,46.975236750939615,212.9177711728136,3.1150690403411683,13.513670475902368,59.61048374543155,0,2026-10-08 00:33:57
2026-10-07 13:39:00,CNC-03,H,297.9692480038186,311.9522230109161,1334.874356604608,49.32860032988451,84.85762172353306,1.97857977386248,12.38731439757255,56.29582033883072,0,2026-10-08 00:33:57
2026-10-07 14:37:00,CNC-02,M,297.7947529674255,312.64021265598626,1635.6446166919081,47.519493899392636,64.83786744644935,2.3847894673630607,14.597443089040834,56.8764760794024,0,2026-10-08 00:33:57
2026-10-07 21:29:00,CNC-03,H,299.4981636902129,311.20288902148224,2644.0099550894106,17.81936747895685,4.343768094996209,3.113835311364178,8.744819858674996,49.59041338890545,0,2026-10-08 00:33:57
2026-10-07 08:24:00,CNC-01,L,295.51657606272295,310.82104401720574,1700.005689759452,47.70790731040894,173.6874120155793,2.8744775013215658,15.242754276828109,59.19569828721586,0,2026-10-08 00:33:57
2026-10-07 18:03:00,CNC-03,H,299.69570544924625,313.1240691520932,1827.2108528329848,35.07885156326072,6.729051179077138,2.4458584048638614,11.942875725490437,50.30155132566975,0,2026-10-08 00:33:57
2026-10-07 02:18:00,CNC-02,M,298.0657239341727,310.8174412248964,2590.3072841463345,18.876465608529312,160.4392459207655,3.5718478728044696,9.289274678728804,53.4013825869729,0,2026-10-08 00:33:57
2026-10-07 15:02:00,CNC-03,H,299.0292029101189,313.65906363093757,1365.6885575832653,49.771285815298505,213.23867464284996,2.7365034902561884,12.467738079528841,52.90415585611215,0,2026-10-08 00:33:57
2026-10-07 19:25:00,CNC-02,M,299.4430097607499,312.94780200867933,2434.7568743312086,25.63314464337686,21.052236335868688,2.998198971955813,11.71815580417975,51.782901544736404,0,2026-10-08 00:33:57
2026-10-07 18:31:00,CNC-01,L,299.4219887792957,313.80274907298485,2191.7870486720426,31.931346868473813,192.7172636292015,3.492647276600996,12.976427349152326,53.66206442875678,0,2026-10-08 00:33:57
2026-10-07 10:06:00,CNC-03,H,296.50779505293946,311.72800136949456,1438.3985132659386,52.66262802025251,268.61950018617387,3.4319919356250965,14.503992467177643,56.764304675838005,1,2026-10-08 00:33:57
2026-10-07 03:06:00,CNC-02,M,297.4512080948849,311.28223940542256,2571.9205432610347,22.453368139928116,214.4395753325466,3.951407526235283,11.014738059312391,54.19585301696857,0,2026-10-08 00:33:57
2026-10-07 00:45:00,CNC-03,H,298.7478900285906,310.7818545234135,2627.4062580489385,17.05821901375626,16.163891884704828,3.110026101747487,8.41168988532486,57.22323193130811,0,2026-10-08 00:33:57
2026-10-07 19:37:31,CNC-03,H,300.04445580109353,314.2420242028257,2211.2571617435406,31.326899357464587,125.80034402931943,2.89847370507222,12.890912748879542,50.63232355871841,0,2026-10-08 00:33:57
2026-10-07 22:27:00,CNC-02,M,299.58740302849986,313.3162684318744,2653.8021443747602,19.404606391830992,230.4568490201548,4.124700383392154,9.830914743030082,52.35730853397045,0,2026-10-08 00:33:57
2026-10-07 00:51:00,CNC-03,H,298.5298233233207,309.53279812222985,2705.6024714998352,12.25446359707933,22.48874843961385,3.329856947415656,6.213016574472941,54.62993741964665,1,2026-10-08 00:33:57
2026-10-07 23:34:00,CNC-03,H,304.46684547897036,,2511.799225449199,22.212828816485107,139.60404991057993,3.263861561781082,10.309921476557733,42.617783269409486,0,2026-10-08 00:33:57
2026-10-07 17:15:00,CNC-02,M,298.8899707124768,313.15542877729274,1882.5253408619565,36.77000620577004,70.56765340660668,2.5015636064479425,12.887388338709389,54.114928538164605,0,2026-10-08 00:33:57
2026-10-07 20:44:00,CNC-01,L,305.2338538470434,312.75819696754377,2404.008943039713,25.390158737323894,124.05004511673329,3.1932923055593343,11.514497764187356,42.91946961011024,0,2026-10-08 00:33:57
2026-10-07 03:21:00,CNC-01,L,297.31927655343344,311.1783458823277,2436.7075655512226,25.52544265634717,201.14011429325922,3.7847907030264736,11.621731489952575,60.579007098197806,0,2026-10-08 00:33:57
2026-10-07 13:02:00,CNC-03,H,24.412904858033926,38.2956044595299,1376.407565037215,52.31509372337254,26.804392741116946,2.137917527974687,13.601624601898873,55.007575094258534,0,2026-10-08 00:33:57
2026-10-07 03:32:36,CNC-03,H,297.17112813569065,310.855888322258,2602.6780813067166,22.037958447754967,,3.7795830180812278,10.791798839069045,54.768457051156716,0,2026-10-08 00:33:57
2026-10-07 21:56:00,CNC-03,H,299.2607679935949,310.9689593107645,2707.274584709504,15.813153974926351,34.082812966469696,3.2168409835081375,8.009008369325521,53.19626192891932,0,2026-10-08 00:33:57
2026-10-07 07:34:00,CNC-02,M,6166.387450520969,310.4713177548336,1739.895898368977,39.271675411507765,121.9857847486189,2.5016830076526295,12.612047300829527,57.09712440990368,0,2026-10-08 00:33:57
2026-10-07 21:14:00,CNC-02,M,299.47234782607205,312.85602392501215,2579.5738574629254,19.482970262000148,149.83713219018938,3.3560929672480766,9.29002302368763,52.655098092558916,0,2026-10-08 00:33:57
2026-10-07 21:55:00,CNC-02,M,299.40679271206136,312.29908232876215,2540.011506474697,17.25057431382678,195.3714615432567,36.40214618803717,8.389424553445714,54.9754359384134,0,2026-10-08 00:33:57
2026-10-07 16:25:00,CNC-02,M,25.42549440144768,39.1478138340251,1806.0707557812964,37.49881305540944,0.0,2.457420528922947,,54.359967623195026,0,2026-10-08 00:33:57
2026-10-07 16:52:00,CNC-02,M,298.8236943582552,313.0548204026293,1767.047512067682,40.216625610157365,38.436980335945,2.4743307414483775,13.14466029208064,47.757175734309655,0,2026-10-08 00:33:57
2026-10-07 13:55:00,CNC-03,H,298.41740520143304,312.9416712902643,1444.8167813995951,50.21223426367476,109.96951800163451,2.066732645962358,13.57984766035038,59.001596224617785,0,2026-10-08 00:33:57
2026-10-07 04:07:00,CNC-03,H,296.84200822149285,309.1709964831535,2542.812309375092,20.10925625330279,9.516947380314484,3.0693519918002306,9.439155021551622,56.95952353311073,0,2026-10-08 00:33:57
2026-10-07 17:06:00,CNC-03,H,299.6352758755941,314.31637463323017,1941.8694561827717,37.17220667699953,176.24012611712254,2.955832046182647,13.407701407407307,53.13154494757192,0,2026-10-08 00:33:57
2026-10-07 19:59:00,CNC-01,L,300.007291061122,313.50001897924466,2358.0798622422367,27.01034966141886,71.40884418314062,2.9946938009141264,12.009830708809792,51.46131265558302,0,2026-10-08 00:33:57
2026-10-07 14:23:00,CNC-02,M,297.9500503423851,312.2304492800473,1618.9326270740082,43.855888317070985,43.41530228055303,2.3229876988940794,13.363295674735525,53.468931063577244,0,2026-10-08 00:33:57
2026-10-07 02:50:00,CNC-02,M,297.5522981555486,310.891490164154,2595.7829665791533,21.09796374237232,196.2689772679136,3.843087389455218,9.984890523160056,56.95842059487466,0,2026-10-08 00:33:57
2026-10-07 20:27:00,CNC-03,H,299.97230949121985,314.4975336095878,2388.1706815648317,28.81587653750248,185.8815007846653,3.4170775086602423,12.898043887086663,47.706115956963416,0,2026-10-08 00:33:57
2026-10-07 13:11:00,CNC-02,M,23.76627624250193,39.449823690446465,1384.6264761329933,57.87102770508374,177.91813377884841,2.571229311876085,14.905492402565816,59.081978726735926,0,2026-10-08 00:33:57
2026-10-07 12:56:00,CNC-01,L,23.82218444343397,38.32001359200217,1332.5248574338104,53.510294013173855,145.93062893053758,2.1992187502522045,13.118591688186125,59.35416008009228,0,2026-10-08 00:33:57
2026-10-07 01:31:58,CNC-02,M,298.0919910065156,310.54441776239076,2723.473263406277,16.99059630252166,111.18310001729752,3.3533240483978566,8.708465629099193,53.17526505946806,0,2026-10-08 00:33:57
2026-10-07 11:59:00,CNC-03,H,297.1904439160055,312.0634794125402,1490.5566070317611,50.79792037227068,175.3568167542785,,14.062862369516127,56.472634577346554,0,2026-10-08 00:33:57
2026-10-07 02:33:00,CNC-01,L,297.72527929174976,310.4067573992459,2488.917170586759,18.98562577166739,146.88540817220857,3.315661583331176,8.999660312131283,58.45757304243273,0,2026-10-08 00:33:57
2026-10-07 20:31:00,CNC-02,M,299.2476023756528,311.9654074304783,2525.4992921047174,19.153642699375233,100.56511250277617,3.191532281327007,9.021273244110448,51.83342536982323,0,2026-10-08 00:33:57
2026-10-07 22:20:50,CNC-02,M,299.2375940463645,312.6055849345594,2645.476596260731,18.97118326844929,223.9670263998879,4.086260696535203,9.498730294857907,57.889935326839506,0,2026-10-08 00:33:57
2026-10-07 06:35:00,CNC-01,L,295.65451724322776,308.7203715433931,1974.192167758312,31.576643724047173,17.74587081513887,2.504036952970186,11.828066105863691,58.16779723597344,0,2026-10-08 00:33:57
2026-10-07 03:21:00,CNC-03,H,297.5077856290051,311.3657427235224,2466.009354493856,23.81340974417767,188.2356268825656,3.392557738485603,11.29478823833085,51.72600304159163,0,2026-10-08 00:33:57
2026-10-07 08:10:00,CNC-02,M,295.9395031350607,310.27239161848354,1680.2617162776478,40.35429759030891,174.43336317002502,2.676836913027662,12.61161733411207,54.34757697632574,0,2026-10-08 00:33:57
2026-10-07 14:16:41,CNC-02,M,297.72040169080225,312.0921008646703,1558.9352914371066,48.48493536823452,35.678977069553376,22.09163580074334,14.263859736889188,61.68788544701769,0,2026-10-08 00:33:57
2026-10-07 23:45:00,CNC-02,M,299.2192481526767,311.7718822389563,2669.438026474646,16.442395326123503,75.70241518022962,3.1790958047311393,8.099236840286226,50.7426969649633,0,2026-10-08 00:33:57
2026-10-07 21:42:00,CNC-01,L,304.99994990069746,312.475791012328,2797.137552045478,20.552466991128657,189.34796800320075,3.9533869002579975,10.531507346630947,45.05642551735144,0,2026-10-08 00:33:57
2026-10-07 17:32:00,CNC-02,M,,313.6075688760372,1921.5588234071722,38.39791002300451,93.69055151607432,2.6583314257484454,13.885572540670333,57.343178444372775,0,2026-10-08 00:33:57
2026-10-07 23:03:00,CNC-02,M,299.35175906559215,310.7830533370548,2592.750387191019,12.867566402995294,31.056242138267752,3.162871855715793,6.191570107371007,53.3240159134453,1,2026-10-08 00:33:57
2026-10-07 21:04:00,CNC-03,H,299.7308703873833,313.73236733088476,2696.759207234354,22.415693551826372,228.7738035830752,39.84245929401255,11.436331538511544,50.63257318396244,0,2026-10-08 00:33:57
2026-10-07 09:44:00,CNC-02,M,295.8764988487872,310.5438339931266,1491.0849360803477,48.22298422133971,99.23798100718989,2.1900716729260927,13.55434263771943,59.41262184271399,0,2026-10-08 00:33:57
2026-10-07 03:08:00,CNC-03,H,297.44909092249316,311.35078040952345,2465.2960260272557,24.10660216619,173.47739317457305,3.3727399964205897,11.248394153685679,58.94068722001127,0,2026-10-08 00:33:57
2026-10-07 10:28:00,CNC-02,M,296.3925586856547,311.5477967732791,1363.5620214591938,56.31555253504043,168.23012350134678,2.419829935478404,14.233750082640686,57.04087600561789,0,2026-10-08 00:33:57
2026-10-07 16:09:00,CNC-02,M,25.54917025762944,40.75237144928059,1847.4290920114581,41.643710526868,202.55705183586602,3.1069262610126156,14.593705815954428,51.91347454936583,0,2026-10-08 00:33:57
2026-10-07 09:26:00,CNC-02,M,296.06738946018146,310.13043012399265,1543.4982242617516,44.00718553083042,71.68075268136033,2.2086016386876284,12.894673327624211,60.132848488049255,0,2026-10-08 00:33:57
2026-10-07 04:23:00,CNC-02,M,296.9220555562592,310.7641392362918,2136.545584902244,29.032977289221407,90.14308890058264,2.700423293865887,11.89018562681688,55.28941573534442,0,2026-10-08 00:33:57
2026-10-07 09:40:00,CNC-01,L,295.8961573170099,309.46381544623233,1534.8168169683279,43.489275755604325,,2.1660797219412777,12.709443386207878,59.43021260745882,0,2026-10-08 00:33:57
2026-10-07 13:03:00,CNC-03,H,24.44550320913868,38.22027821507777,1399.1440167971161,48.571260895011626,28.391342597193006,2.155635161483503,12.850981840913175,55.991269886188924,0,2026-10-08 00:33:57
2026-10-07 16:21:00,CNC-01,L,25.78302927889905,39.48793209081248,1701.9284372903828,40.584727632563265,14.490570088769406,2.370240876141544,13.002446629947299,55.59799622521658,0,2026-10-08 00:33:57
2026-10-07 15:25:00,CNC-01,L,298.0980107482032,312.66860072105897,1508.1354605372458,47.31220923493017,150.80347747572353,2.4825905852232037,13.524744199318901,54.81176866157669,0,2026-10-08 00:33:57
2026-10-07 20:07:00,CNC-03,H,300.15927295844483,313.67328984008213,2431.3526652357004,23.64518771780857,162.42181824807375,3.497130304934401,11.005387667056484,51.12075559370467,0,2026-10-08 00:33:57
2026-10-07 22:43:00,CNC-02,M,299.34338429479203,311.4474540211776,2714.3710242888974,15.94808152093346,9.71369426530949,3.3169901825398513,8.096420941852898,57.451362004123865,0,2026-10-08 00:33:57
2026-10-07 05:32:00,CNC-02,M,302.15975689692493,310.3053814004049,2206.845348117981,29.437889389061645,176.93604401730335,3.2285480149359183,12.156616321433638,48.59444918174432,0,2026-10-08 00:33:57
2026-10-07 16:44:00,CNC-03,H,299.78972872541334,314.18090180345706,1779.146305338124,40.15206264666957,145.20249778029168,2.6038602626271636,13.33903814080728,48.837082392143536,0,2026-10-08 00:33:57
2026-10-07 18:13:00,CNC-02,M,299.07294366636853,313.7093151582973,2012.8406847105143,35.906390637860056,148.82885109072365,2.872715732432476,13.286252514042824,53.5492050642149,0,2026-10-08 00:33:57
2026-10-07 05:59:00,CNC-01,L,295.56312522208884,309.92503278067744,2135.013247273749,32.08190542138861,192.58160713881236,3.336262442954704,12.604355117172334,58.75279667536183,0,2026-10-08 00:33:57
2026-10-07 07:06:54,CNC-02,M,296.15588826367264,309.9380969528332,1826.742609488905,35.55658891510331,,2.45571098877821,12.24587032303739,59.188540208108584,0,2026-10-08 00:33:57
2026-10-07 01:17:00,CNC-01,L,298.4849061403262,310.7395108544471,2685.094608266677,17.72667540137595,63.778547261551545,31.40811877981888,,53.7830884085575,0,2026-10-08 00:33:57
2026-10-07 05:12:00,CNC-03,H,296.52920533046876,310.13313591868206,2179.288202857439,29.050308773235333,89.95556422250345,2.7617852979358632,11.961054191347973,53.97903155445314,0,2026-10-08 00:33:57
2026-10-07 07:53:00,CNC-02,M,296.006084306201,310.6774011328183,1753.2112349408396,42.334086311307665,149.60650279941933,2.5949532780225635,13.770232453107592,58.69410371411926,0,2026-10-08 00:33:57
2026-10-07 21:00:00,CNC-02,M,299.755427222276,313.61308197519736,,25.538815277916317,134.08281685439573,3.1800441561430346,11.548706517567572,52.60201774057655,0,2026-10-08 00:33:57
2026-10-07 09:02:00,CNC-03,H,296.3741523200069,311.4924835803906,1560.0318467289899,49.05101077778153,169.73123026942656,2.535496606092356,14.185695412005048,53.50674184370304,0,2026-10-08 00:33:57
2026-10-07 11:26:00,CNC-02,M,296.4581047638936,310.1525302628803,1426.0134811237974,48.248604658771306,11.094620917707346,2.171499521430127,12.90315822082704,58.18912629589286,0,2026-10-08 00:33:57
2026-10-08 00:31:00,CNC-02,M,298.4953489561495,310.9527888048716,2692.256240632003,15.056704750254198,124.50353442512818,3.375323018944261,7.464677600810619,52.377891110475986,0,2026-10-08 00:33:57
2026-10-07 01:12:00,CNC-03,H,298.24654800355955,310.7680224558476,2497.149902137048,20.485351706977312,45.16065044532625,3.079326797676426,9.437375657701299,50.51064333559969,0,2026-10-08 00:33:57
2026-10-07 06:20:00,CNC-01,L,295.86104229434466,310.7223962096364,2049.116619858025,36.96104760219264,220.9375595708444,3.7344613406787732,14.120220273428028,54.66185020882512,0,2026-10-08 00:33:57
2026-10-07 14:47:00,CNC-02,M,297.9849103321698,312.76506095034426,1576.0353743118353,47.72673345616182,80.26718595433907,2.2130325959203025,14.108072330246962,52.31995438380655,0,2026-10-08 00:33:57
2026-10-07 08:33:00,CNC-03,H,295.99472834601056,310.4019705043569,1577.2931266917992,47.2500905356903,126.14851192428283,2.4011653600692364,14.118506790909345,60.01725879248482,0,2026-10-08 00:33:57
2026-10-07 23:35:00,CNC-02,M,298.8235358248271,310.18001766501334,2680.258934580232,11.585959306464241,65.10937038013077,3.2126086345025935,5.895063734387913,53.093775895762995,1,2026-10-08 00:33:57
2026-10-07 02:02:00,CNC-01,L,297.4963920808796,310.05354814698325,2675.0913273008173,18.149014663362326,112.69037688263609,3.3767804771883547,9.12491903875888,54.22124305183922,0,2026-10-08 00:33:57
2026-10-07 07:41:00,CNC-03,H,296.1321564629511,310.21340032476394,1768.4545776495381,40.383449586116846,49.62213343823888,2.4015889348257753,13.265119343670017,62.124582622963324,0,2026-10-08 00:33:57
2026-10-07 06:30:00,CNC-03,H,296.09324355653723,311.0823684401982,1858.466545400603,41.199767677017086,192.75316806459603,2.9777956810962687,14.504913858299293,57.183317363542756,0,2026-10-08 00:33:57
2026-10-07 03:27:00,CNC-01,L,297.2964865373818,309.8726126652203,2457.1769018179293,21.927617433332994,3.528720105207479,3.0839510547597775,10.127719416893642,52.95981733140007,0,2026-10-08 00:33:57
2026-10-07 01:46:00,CNC-02,M,,311.3462557498077,2642.295066909361,20.035033009041587,125.21618592411258,3.314428038684178,10.05521952025836,50.766758563225935,0,2026-10-08 00:33:57
2026-10-08 00:27:00,CNC-01,L,298.4234053003655,311.4318068919073,2659.141824643321,18.215031394962732,162.0390180257513,3.672356183435989,9.12349933433512,52.95621087483393,0,2026-10-08 00:33:57
2026-10-07 20:33:00,CNC-01,L,300.02062092143376,312.7155697952698,2497.9018222645236,20.260941090451965,111.34693893257737,3.117486369865953,9.224801858908394,51.376403096816446,0,2026-10-08 00:33:57
2026-10-07 17:16:00,CNC-02,M,298.67649121964195,312.6694544502714,1977.057491668987,33.18233944582288,71.91953586159447,2.579408814724736,12.180435433656294,53.76841551545889,0,2026-10-08 00:33:57
2026-10-07 16:53:00,CNC-03,H,299.4271961208639,313.8860226536305,1808.9249047320798,,158.0674062958118,2.69038168148687,13.484720143121011,55.98256181068364,0,2026-10-08 00:33:57
2026-10-07 06:53:00,CNC-03,H,295.86882446624514,311.3056738782565,1839.9706669479513,43.43485208797646,224.4104185513844,3.212069165604661,14.947194872571872,59.87195599553361,0,2026-10-08 00:33:57
2026-10-07 01:21:00,CNC-03,H,298.4906369325262,310.33005929529077,2585.73995544877,17.14797364373734,54.99883382693898,3.0582311399069253,8.255564956686175,57.679146812577166,0,2026-10-08 00:33:57
2026-10-07 22:17:00,CNC-01,L,304.96553661632055,310.2806151804201,2594.855550609352,14.451079885971449,22.763021076919827,30.37838999830775,6.970016984802695,44.48448832625929,0,2026-10-08 00:33:57
2026-10-07 17:20:00,CNC-03,H,300.04977405553495,315.36820081597585,1933.722928303049,40.9472802771402,195.66090362035555,3.063204435871833,14.903268500947808,53.23631758221205,0,2026-10-08 00:33:57
2026-10-07 23:15:00,CNC-02,M,299.05332622788154,310.8250056671187,2723.0298001713595,12.6508675604465,43.81053355024482,3.2692394314827866,6.661910995431282,54.845830627656824,0,2026-10-08 00:33:57
2026-10-07 17:30:00,CNC-01,L,299.2028210447453,313.10742528767196,1803.7485034321812,36.45484561761991,111.51614609340825,2.4758252702173706,12.182993006771893,55.07757753586311,0,2026-10-08 00:33:57
2026-10-07 08:28:52,CNC-02,M,295.95421634648744,311.060435360834,1523.413010608352,48.473148922471836,203.97388040623875,2.7966630451258214,13.863603234804572,59.469554302119526,0,2026-10-08 00:33:57
2026-10-07 20:25:00,CNC-02,M,299.2955775306256,312.55451419987634,2396.236291304485,23.69036470156983,93.71204765381414,3.0684284699994198,10.86576121165559,53.039493926749586,0,2026-10-08 00:33:57
2026-10-07 07:57:00,CNC-03,H,296.08266845869895,310.93506283299655,1835.2123424863548,44.33062174723915,72.88543364998002,2.352302699710195,15.144991668867538,61.85683314177325,0,2026-10-08 00:33:57
2026-10-07 23:31:00,CNC-02,M,298.96081558559763,311.985878182344,2671.23192223823,19.958973064737958,60.85424764865729,3.1944586349507644,10.04549441293437,55.29996448449016,0,2026-10-08 00:33:57
2026-10-07 21:24:00,CNC-01,L,305.20563540603337,312.80816729953693,2580.030528488636,22.89167777377935,169.2842122404854,3.5631716014368364,10.75307008981039,43.61515210182906,0,2026-10-08 00:33:57
2026-10-07 14:34:00,CNC-01,L,297.5658763247206,311.60190289394757,1465.3997962905908,47.98344282837182,73.14881014305764,2.085745360801713,12.869185997645719,57.20439817045013,0,2026-10-08 00:33:57
2026-10-07 22:29:00,CNC-03,H,304.564371087812,311.1652405091652,2562.448455980005,19.485761035400518,70.08751721229994,3.110659163937594,9.15811865261332,47.36341056581953,0,2026-10-08 00:33:57
2026-10-07 18:24:00,CNC-01,L,299.25691271608713,313.6812186505505,2134.1978968733692,31.50492318568171,183.67321057175326,3.3419592478603697,12.727863392701149,53.25778494667318,0,2026-10-08 00:33:57
2026-10-07 03:08:00,CNC-02,M,297.4861759656506,309.69598062148395,2366.1900482605024,20.38912908692657,1.1936033326746536,2.9113407964645215,,58.757242033140685,0,2026-10-08 00:33:57
2026-10-07 05:56:00,CNC-03,H,296.23541157535277,310.436692597028,2020.5495948978648,34.13560162094257,147.1270749317046,2.7783404564716245,13.074251953791144,57.23915909304135,0,2026-10-08 00:33:57
2026-10-07 14:52:00,CNC-03,H,298.8439991967852,313.53585957687085,1485.4330155578573,48.766154079317324,197.93074309822723,2.6529157301309616,13.729843339768722,51.85528317511283,0,2026-10-08 00:33:57
2026-10-07 11:56:00,CNC-02,M,296.8321706110218,310.78833189229806,1360.0858140694509,49.3994981320515,58.78032698497171,2.039994969284718,12.276513982521253,57.46304543056528,0,2026-10-08 00:33:57
2026-10-07 06:58:00,CNC-01,L,295.85169745991027,309.5931079835276,1851.729520790167,36.09832307826875,49.64808332014096,2.412243186132047,12.616440072505043,60.74920109657465,0,2026-10-08 00:33:57
2026-10-07 05:03:00,CNC-01,L,296.0938107517618,310.47613692731846,2129.273506942605,32.68207708409668,119.86220028247726,2.9179880545619232,13.160543277344024,56.76859756264134,0,2026-10-08 00:33:57
2026-10-07 19:51:00,CNC-02,M,298.8463762626374,311.6813552354318,2409.803562283867,21.781528273679136,52.88667020319556,2.992633646631708,9.843738824866659,51.24016578135569,0,2026-10-08 00:33:57
2026-10-07 00:51:00,CNC-01,L,298.849834753512,309.4625567649348,2733.9481190055876,9.943611404858313,35.841809238775326,3.239925787622042,4.914457450232068,56.36353710599021,1,2026-10-08 00:33:57
2026-10-07 21:10:18,CNC-03,H,299.7817221964076,313.9638474644034,2446.1241001178073,26.294353060669373,234.4861564640101,3.9118685724665925,11.960652003448082,51.61661722254227,0,2026-10-08 00:33:57
2026-10-07 10:22:00,CNC-03,H,296.7031748066587,310.4354694686908,1461.1341501414315,48.78653207514077,21.80830521480641,2.1683129583125296,13.286741147754096,59.62393361324301,0,2026-10-08 00:33:57
2026-10-07 18:30:00,CNC-01,L,299.2911783021965,313.476434192224,2071.327953000366,32.09209233084898,191.46383271421578,3.3166773356276806,12.372024874628515,52.53458560757312,0,2026-10-08 00:33:57
2026-10-07 08:58:00,CNC-03,H,295.9919204926257,310.33129761667624,1506.8775005488574,45.90721816594052,163.63690872744894,2.4442760973502278,12.783040429635733,60.069290112886904,0,2026-10-08 00:33:57
2026-10-07 01:16:00,CNC-01,L,298.2325482657043,310.38689790522494,2638.4662861609877,17.294575632861555,62.72226619536871,3.241895490837296,8.48713524118951,59.130872481030664,0,2026-10-08 00:33:57
2026-10-07 19:35:00,CNC-01,L,300.02181665015553,313.43560115156174,2205.3056121658256,28.20556061085487,42.191945506595424,2.665859822424215,11.668279633856441,47.606233956798654,0,2026-10-08 00:33:57
2026-10-07 15:51:00,CNC-03,H,26.404555828861874,40.24858630586613,1738.617970085462,37.54161983506313,68.96055319391137,2.5407947897695062,12.270494113920998,48.610274605200075,0,2026-10-08 00:33:57
2026-10-07 16:42:00,CNC-01,L,298.7863268627224,312.82217209420793,1940.2534307609235,37.472876621970364,44.586301008360856,2.606942356446741,13.43590160273842,54.41024455207725,0,2026-10-08 00:33:57
2026-10-07 21:40:00,CNC-03,H,299.53428312295694,311.0506437698963,2624.6470223010915,14.11159474270673,16.502723774481275,,7.0365868105234926,52.18142272097157,0,2026-10-08 00:33:57
2026-10-07 00:34:00,CNC-03,H,298.8934736278612,310.83100124144306,2774.8052105266893,16.05030040131762,4.514388926246392,3.2585338868124203,8.288343691229777,52.4955925631304,0,2026-10-08 00:33:57
2026-10-07 07:16:00,CNC-02,M,296.11512489244546,310.58468017296116,1820.4824624392497,39.81520203867814,96.2276566051872,2.4841655473170663,13.41474666361841,60.14587228883012,0,2026-10-08 00:33:57
2026-10-07 19:13:00,CNC-03,H,299.9712230376717,313.4049435302496,2329.3923129904124,26.110069806664185,96.44583438260342,2.927991879315743,11.465736703107762,51.50181403404913,0,2026-10-08 00:33:57
2026-10-07 13:39:00,CNC-02,M,297.2006221916529,313.08216574029524,1589.084969252835,53.866752693479484,222.06743468415965,3.167964702176948,16.134108921590244,57.4155042036731,0,2026-10-08 00:33:57
2026-10-07 07:03:00,CNC-03,H,296.10636025798254,311.2037997216149,1789.345543463802,41.913795891949505,238.34784187941887,3.3178542470343437,14.223849312919224,59.58594407495352,0,2026-10-08 00:33:57
2026-10-07 14:17:00,CNC-01,L,297.4611834856659,311.3707710872799,1450.809016166912,48.133879689302255,46.96140069640555,2.046912903509184,13.068420732013687,54.90322939639364,0,2026-10-08 00:33:57
2026-10-07 21:17:00,CNC-03,H,299.3278376533043,313.6013767622038,2459.098565611843,26.13233979708076,243.41456366055732,3.950804628091756,12.118454039241229,53.74612323775298,0,2026-10-08 00:33:57
2026-10-07 14:09:00,CNC-02,M,297.3547555455025,310.7099582893384,1359.1633799694691,48.48936227989795,21.700616375543056,2.0305837325258986,12.161055411662437,58.726013869775564,0,2026-10-08 00:33:57
2026-10-07 04:00:00,CNC-02,M,297.0987331992147,310.0328141001974,2410.6598741024836,23.82189128197342,62.160414771155224,2.8701548034117046,10.825488109584528,58.741120887084094,0,2026-10-08 00:33:57
2026-10-07 01:56:00,CNC-01,L,298.1025190867512,311.2951578642965,2565.1384005233285,22.211922302493914,106.10254275911025,3.128591222770838,10.819519027025251,51.58411083621435,0,2026-10-08 00:33:57
2026-10-07 08:52:00,CNC-02,M,296.01204466449775,310.00620345532946,1367.7824023592952,49.90068607755754,410.5024915732334,2.0556354876803917,12.74786905277478,54.213266727718086,0,2026-10-08 00:33:57
2026-10-07 13:47:00,CNC-01,L,297.29383425961754,311.27401132424416,1462.2109718010524,48.46678381051113,0.0,2.064221154999527,13.114893873714909,51.867923368988684,0,2026-10-08 00:33:57
2026-10-07 17:14:00,CNC-01,L,299.10139195348273,313.3008271732196,1761.7388010535692,42.08412646832837,89.39430599519947,2.407147031334359,13.855564801337994,50.51455663122023,0,2026-10-08 00:33:57
2026-10-07 10:29:00,CNC-01,L,295.97787050946545,310.286673007562,1370.6012985357324,51.36935248723636,129.11781273947526,2.171793958992268,13.247686146744158,64.41801534558897,0,2026-10-08 00:33:57
2026-10-07 02:24:00,CNC-01,L,298.0177564550866,311.8045015407823,2419.4900017845316,25.088206487151236,136.86198704079274,3.111152011701688,11.634843875756982,56.10086804787423,0,2026-10-08 00:33:57
2026-10-07 08:42:00,CNC-01,L,295.1285122402626,310.7289525338687,1725.5048757390687,49.52826144155812,200.63905033305448,3.1632628039512616,15.650723543995953,59.507485715152654,0,2026-10-08 00:33:57
2026-10-07 03:34:00,CNC-01,L,296.90881982955074,309.1105961520214,2533.638380842203,19.112770089521135,11.606724914407433,2.9856666835752774,9.12085165129568,58.56781366948419,0,2026-10-08 00:33:57
2026-10-07 03:57:00,CNC-02,M,296.9909033026862,309.67442475470386,2416.949851838387,21.33222104898119,58.61124947760749,3.007331407033291,9.580366611795588,60.9768363447907,0,2026-10-08 00:33:57
2026-10-07 15:22:00,CNC-02,M,297.9643512932945,312.36917319084705,1540.0572388415253,45.877032429890065,133.14756760768114,2.2995696785121695,13.272853151023135,56.37658127281661,0,2026-10-08 00:33:57
2026-10-07 09:42:00,CNC-01,L,295.5316470287571,309.56549889524814,1455.7828000323018,47.97537934831671,55.743693205831434,2.0924644739291454,12.996303734343572,59.52325061333309,0,2026-10-08 00:33:57
2026-10-07 08:18:00,CNC-03,H,296.1593518364677,310.150707897356,1583.8983920948776,41.09846960643224,103.79135820486383,2.278222287017326,12.27581948958005,59.76950339846978,0,2026-10-08 00:33:57
2026-10-07 02:53:00,CNC-01,L,297.58321856479733,310.61088547829416,2548.1914611686284,21.15055593180235,169.34987294638802,3.5382245874225844,10.071664497056766,54.172612831519345,0,2026-10-08 00:33:57
2026-10-07 14:05:00,CNC-03,H,298.11399568262885,312.44975482544015,1430.367866325926,49.221342395754675,125.55806818063567,,12.965810192343879,54.374788695846426,0,2026-10-08 00:33:57
2026-10-07 01:20:00,CNC-03,H,298.3841152995028,310.6719282812885,2676.049234853675,17.12401731460826,53.883279194135824,3.2616747589040775,8.449133606495813,54.84101968137289,0,2026-10-08 00:33:57
2026-10-07 14:40:00,CNC-01,L,297.5013946946739,311.6332920553774,1519.5228852049008,45.63314165920583,82.4568300657691,2.1888241181390606,12.989470110957045,52.46887814455387,0,2026-10-08 00:33:57
2026-10-07 03:23:00,CNC-01,L,297.1828040808644,310.7129252300011,2315.073605170987,24.95243618520574,203.45110575570178,3.753885437695324,10.866124510636833,54.650342087290575,0,2026-10-08 00:33:57
2026-10-07 13:18:00,CNC-01,L,297.1317995642883,311.6007709292411,1428.204861264702,48.08654545339998,180.4782632424462,2.589513721533228,13.019443752488563,54.547473693734595,0,2026-10-08 00:33:57
2026-10-07 07:15:00,CNC-02,M,296.1595667684252,310.6420790851597,1904.059145984012,39.09506952109117,94.81882051251382,2.6583915378440626,14.00771546622573,58.96292631761151,0,2026-10-08 00:33:57
2026-10-07 13:34:00,CNC-01,L,296.95674148296996,312.3544744507499,1488.3561695464596,52.53918890340688,205.73286995422527,2.9898000477460887,14.568300066132759,58.31219073332076,0,2026-10-08 00:33:57
2026-10-07 11:15:00,CNC-03,H,296.734622322688,311.2243831812811,1384.7384489024714,53.52957782595931,105.47463547800191,2.1204976499586823,14.03741786994974,60.064770776855994,0,2026-10-08 00:33:57
2026-10-07 20:05:00,CNC-01,L,300.1028783333103,313.08393595251795,2524.1043420190085,22.019283121815917,78.46518238106847,3.054077999632456,10.413535094040718,51.94257993737698,0,2026-10-08 00:33:57
2026-10-07 09:45:00,CNC-03,H,296.33892458818354,311.35138511578197,1376.9124904856521,55.66048816065723,235.8666784550272,2.8828431721266403,14.52474999255666,54.75721688934842,1,2026-10-08 00:33:57
2026-10-07 05:09:00,CNC-03,H,296.5087885938763,309.927034057446,2106.8695548965684,28.215155121663553,86.10592358467062,2.8633741991066457,11.22678344737709,57.11659011173984,0,2026-10-08 00:33:57
2026-10-07 13:22:00,CNC-01,L,297.20231990548467,311.99208420373037,1422.6123403960198,52.345255483833974,186.8012574177492,2.731805509406918,14.174253389509866,55.22200662393659,0,2026-10-08 00:33:57
2026-10-07 23:28:00,CNC-03,H,304.60679338691665,310.68407919788484,2821.1991930869885,14.456412358589178,133.0554589567953,3.529099553138148,7.583679036134253,40.97674223149084,0,2026-10-08 00:33:57
2026-10-07 02:51:00,CNC-03,H,297.7259498180099,310.6293030582633,2693.12251376972,18.978062004746935,154.18165004853327,3.5250787577919955,9.494792338487748,53.097808752248305,0,2026-10-08 00:33:57
2026-10-07 16:26:00,CNC-01,L,25.565868396555288,39.06801528338627,1703.1463423894038,39.25414051596296,21.742042429242442,2.3868125568212903,12.60062647150809,58.16438944470927,0,2026-10-08 00:33:57
2026-10-07 12:54:00,CNC-03,H,24.633058005871874,38.69844447221129,1592.886179137998,46.37921340272309,14.096620025620442,2.2997002136657887,0.0,57.757291672419164,0,2026-10-08 00:33:57
2026-10-07 14:56:00,CNC-02,M,298.0158805371545,312.21067803740937,1557.3710701611076,44.31069583285609,93.90253310679765,2.215920277403999,13.176910348155596,55.918923331731186,0,2026-10-08 00:33:57
2026-10-07 13:54:10,CNC-01,L,297.4720071840706,310.7340817864542,1369.9028459103613,46.58493763048734,10.99703506772913,2.035615503830746,12.082900374262838,53.76549673621766,0,2026-10-08 00:33:57
2026-10-07 04:31:00,CNC-02,M,296.685023520224,310.8674253889671,2339.93255979081,30.21091937290587,99.8817393257718,3.1172352707925413,13.255167347465402,57.22151039878806,0,2026-10-08 00:33:57
2026-10-07 15:09:00,CNC-03,H,298.7437225273524,312.18311773256545,1421.5997476326513,46.85091660101045,6.1360068738366,2.2008430149264866,12.51781712078117,56.6498406296202,0,2026-10-08 00:33:57
2026-10-07 23:35:00,CNC-03,H,304.2523563940902,310.2558172305585,2650.764186619305,15.586314309278533,140.68105569612263,3.421224961068109,7.6935939219988985,44.29536618799131,0,2026-10-08 00:33:57
2026-10-07 04:38:00,CNC-02,M,296.6771756522782,310.3522866188183,2329.003646289851,28.02370508338751,108.5507294602792,3.0018255085846968,12.23907639480367,54.49321788119047,0,2026-10-08 00:33:57
2026-10-07 15:06:00,CNC-02,M,298.0784325231951,313.01660977682377,1616.8452594998926,46.80444720253897,109.11067369513913,2.315183279640293,14.430345767684953,53.74515085750461,0,2026-10-08 00:33:57
2026-10-07 08:43:00,CNC-03,H,296.2331310679209,,1574.3071595913357,48.70487181567925,141.04813900867887,2.31930920010591,14.430364707317212,62.963190231798755,0,2026-10-08 00:33:57
2026-10-07 17:44:00,CNC-01,L,298.9298269121405,313.37283012985574,1888.622582051076,37.86014061505715,130.598485058583,2.764665532196827,13.14172257583133,53.685332557448724,0,2026-10-08 00:33:57
2026-10-07 09:10:00,CNC-03,H,296.34280332180356,310.42563979872006,1418.106699762996,47.177185681244794,182.0514048532066,2.4199726743948373,12.532427593188237,59.150590086705876,0,2026-10-08 00:33:57
2026-10-07 21:29:00,CNC-02,M,299.3690137546722,311.9022601679862,2617.041381110023,15.396502978263138,0.0,3.569674383477299,7.546123345624834,55.83173049597367,0,2026-10-08 00:33:57
2026-10-07 19:52:00,CNC-02,M,299.128549002882,312.1051419934639,2327.574062740294,22.08139009131242,54.0812673854004,2.901924851860119,9.72321058216039,50.83480112909494,0,2026-10-08 00:33:57
2026-10-07 19:29:00,CNC-01,L,300.04669861879347,313.86772579590144,2244.591969636313,29.47543928383462,34.898064365569255,2.9186277942227425,12.476059529569106,48.30666063134856,0,2026-10-08 00:33:57
2026-10-07 18:37:00,CNC-03,H,299.91950785681615,314.44986444615256,2273.410975580619,33.37227273613226,51.21139076589527,2.8770238607579497,14.135128775930955,49.705842269963725,0,2026-10-08 00:33:57
2026-10-07 23:32:00,CNC-02,M,298.88662222321113,310.53234617809477,2831.3386490530515,11.938015342285192,61.893834261933854,3.319575709692895,6.295381694291134,57.1731804685528,0,2026-10-08 00:33:57
2026-10-07 21:18:00,CNC-02,M,299.4661685967305,313.0431509106736,2563.796680414752,21.81477379475462,154.25364714074615,3.3288856682335948,10.367947527613232,51.82545272279543,0,2026-10-08 00:33:57
2026-10-07 09:21:00,CNC-01,L,295.38963171973353,309.10846343641606,1598.7341226891774,43.90921769056879,23.18411771031462,2.2209370201002265,13.034040257909723,65.47534868878215,0,2026-10-08 00:33:57
2026-10-07 02:15:32,CNC-03,H,298.09358342958234,311.16818705870514,2564.9871941882934,21.47806143777712,114.20766761120711,3.1662962603572353,10.184558167485166,52.334048201065556,0,2026-10-08 00:33:57
2026-10-07 18:02:00,CNC-02,M,299.0994359902851,313.66257429332813,2097.8444296033144,33.65154475747925,134.27590542908766,2.867526881780347,12.937703505177453,55.75270160300288,0,2026-10-08 00:33:57
2026-10-07 01:44:00,CNC-03,H,298.31944210284973,310.4212592879525,2520.093325251728,17.054516345359747,80.31381318823853,3.149229412948149,8.009213774605298,48.3615128039554,0,2026-10-08 00:33:57
2026-10-07 11:49:00,CNC-03,H,297.1667695613788,311.75071289710377,1321.2187466561224,52.197083545544785,159.50168390557022,2.317044653177374,12.950166481729546,54.7391655288515,0,2026-10-08 00:33:57
2026-10-08 00:29:00,CNC-01,L,298.3169057943015,311.07019933152714,2781.637776920346,17.687174694868535,164.13322430283165,3.6095065376695206,9.398006296950083,52.734343933740625,0,2026-10-08 00:33:57
2026-10-07 03:55:00,CNC-01,L,296.74239267065735,309.7784400860652,2337.593805185077,25.680010020024202,36.29195669384527,2.9178933135129603,11.188963639599294,57.069116097158,0,2026-10-08 00:33:57
2026-10-07 05:15:00,CNC-03,H,296.6597386237952,310.8438667324766,2096.7181166484843,34.06093682543351,93.8744337954977,2.7528552172722804,,58.43893110376411,0,2026-10-08 00:33:57
2026-10-07 02:41:00,CNC-01,L,297.4894609677222,309.93735553672104,2627.840090412153,17.044204596674533,155.8721574160637,3.4712951125999787,8.487608127071848,56.48636233667002,0,2026-10-08 00:33:57
2026-10-07 02:09:00,CNC-02,M,297.959856240401,310.9682736536148,2669.6437087976874,19.539439129471702,150.4818975176114,3.4887298789677987,9.714221831693544,55.9583407648696,0,2026-10-08 00:33:57
2026-10-07 18:35:00,CNC-02,M,298.81060590794687,312.9976004544393,2140.0778335392674,29.139507338583076,177.50882464896642,3.1555076073242896,11.939865541860021,56.27824613877472,0,2026-10-08 00:33:57
2026-10-07 14:55:00,CNC-02,M,297.81209573998,312.29977762424016,1616.054829881599,44.73615314012914,92.40632131044445,2.3319068087825525,13.599500201325874,55.46493324034776,0,2026-10-08 00:33:57
2026-10-07 09:42:00,CNC-03,H,296.2945108303041,311.8993281852868,1648.2064477675906,49.99175080043271,231.13284706445762,3.1053207737880286,15.555651482622636,58.65874360463996,0,2026-10-08 00:33:57
2026-10-07 19:57:00,CNC-02,M,299.1835922366768,312.8525228746442,2347.3111420066525,27.02383850208807,60.1137090917007,2.9119459327809154,11.749580706278902,52.02085941844053,0,2026-10-08 00:33:57
2026-10-07 06:00:00,CNC-03,H,296.2415106477261,310.9931630595734,2038.457164030835,37.00694732742912,152.4853134986926,2.8385416898436975,14.415770696384946,61.7724433517844,0,2026-10-08 00:33:57
2026-10-07 10:15:00,CNC-03,H,296.4159791450751,310.2317137888169,1528.1123065943266,44.41111492608515,10.899566996143552,2.1317528672928447,,59.0465105502926,0,2026-10-08 00:33:57
2026-10-07 22:17:17,CNC-02,M,299.4138603483585,313.5958585343213,2745.895295279781,21.321766799305806,220.67486631944575,4.084242893145119,10.91896661261566,50.53134152406284,0,2026-10-08 00:33:57
2026-10-07 02:00:00,CNC-03,H,297.75492978516013,310.1298170158434,2714.870091021477,17.71322503200148,97.658275180321,32.4189879414536,9.23042670971805,54.43624649707473,0,2026-10-08 00:33:57
2026-10-07 16:04:00,CNC-03,H,26.323504567803354,40.87276189554643,1727.4933817418503,43.24024967909156,87.80611373302958,2.382990484173681,14.140215383555965,52.90875793947676,0,2026-10-08 00:33:57
2026-10-07 16:02:00,CNC-01,L,25.253762744244398,40.10956662589325,1686.843528020523,44.93258624765986,205.42744935377664,3.25994344799125,14.356138739280041,52.32793950259984,0,2026-10-08 00:33:57
2026-10-07 07:50:00,CNC-03,H,295.97000738771857,310.7259875062584,1726.8761782988631,46.198701277062526,62.701161799486854,2.4208703951691177,14.712387556893034,57.139553952086764,0,2026-10-08 00:33:57
2026-10-07 18:11:00,CNC-02,M,298.8661019204432,313.5931779987616,2091.140422488856,34.95934867365542,146.16305509813287,2.914418529031993,14.030836712674983,53.568915454999676,0,2026-10-08 00:33:57
2026-10-07 02:14:00,CNC-01,L,297.82585555548377,310.6018734805338,,20.95788619956141,125.74545220670923,3.441265218893525,10.071356932461159,55.24133607130408,0,2026-10-08 00:33:57
2026-10-07 16:45:00,CNC-01,L,299.15302711427745,312.85284659179166,1745.440322347406,36.81726367049087,48.90818278763458,2.380769172130329,11.944364744956072,56.36835240406848,0,2026-10-08 00:33:57
2026-10-07 15:35:00,CNC-02,M,25.105258853136945,39.909433141795205,1724.1831019284011,40.59354205023939,152.4769950962145,2.671772828461441,13.215046375777343,55.67767048717449,0,2026-10-08 00:33:57
2026-10-07 07:13:00,CNC-03,H,296.19969605703585,309.1397296580688,1889.8305623095027,31.12211675919139,9.819540064657003,2.5230392011925646,11.430239978597426,55.86547648912299,0,2026-10-08 00:33:57
2026-10-07 22:35:00,CNC-02,M,299.49309812249095,311.19954684525266,2694.688296577497,13.818207231730637,1.0644923091827285,3.243485709296671,6.845836954219205,52.39079135711513,0,2026-10-08 00:33:57
2026-10-07 02:23:00,CNC-03,H,297.85151614354146,310.3661040546574,2618.9559330606244,18.518813031805557,123.04546916030546,3.160810525988647,9.146531594066252,57.92355808677496,0,2026-10-08 00:33:57
2026-10-07 14:52:00,CNC-01,L,297.5411769668632,311.6397988901115,1457.0189030875272,47.59684818408194,100.90529935455417,2.2445505539620663,12.886189959286687,55.228233646102424,0,2026-10-08 00:33:57
2026-10-07 20:36:00,CNC-03,H,299.68054674525206,312.5140902093772,2554.6136219147884,18.960495064163943,196.3201900288686,3.6290012895485257,9.042163353584971,51.04909914169786,0,2026-10-08 00:33:57
2026-10-07 06:26:00,CNC-01,L,295.68035365781077,309.28587777319433,1918.0164877157752,36.331235417753746,5.483187781475792,2.5785503794570737,12.979518386104122,56.32231467539987,0,2026-10-08 00:33:57
2026-10-07 04:19:00,CNC-03,H,297.04277661121773,310.341162005356,2398.6859512473666,26.988200577983807,23.887713943791077,2.857886884358288,11.938883854613332,57.2385700546385,0,2026-10-08 00:33:57
2026-10-07 10:26:00,CNC-03,H,296.51886131194635,310.74598430660166,1510.0007789552624,49.205002417868954,28.01832401663559,2.1938549053153062,,54.833292747864846,0,2026-10-08 00:33:57
2026-10-07 04:24:00,CNC-01,L,296.30068679124236,309.7390021571903,2376.256713647637,25.788909343075506,71.45233767147172,3.040313258820875,11.447930903287764,54.91418806314255,0,2026-10-08 00:33:57
2026-10-07 03:43:00,CNC-01,L,297.3598134202723,310.2000681266185,2432.4280176171474,22.553219911527513,22.1394386607226,2.9431884404727087,10.299546745841035,56.209283340001306,0,2026-10-08 00:33:57
2026-10-07 04:34:00,CNC-01,L,296.1193934318125,309.18442482991844,2312.0916783990274,24.592847087291553,83.74526755213968,2.9870825146641513,10.633044713511742,62.63527845602685,0,2026-10-08 00:33:57
2026-10-07 09:39:00,CNC-02,M,295.9729033485966,310.82430390292524,1570.3026492853758,49.13344731447472,91.47227364677401,2.296812600435957,14.238586075588593,54.5039554018455,0,2026-10-08 00:33:57
2026-10-07 17:29:00,CNC-02,M,298.9305829321318,313.24005077989375,1945.2038834029704,35.33009742010547,89.55750935190532,2.6155770425714904,12.934624916964799,52.64350279676587,0,2026-10-08 00:33:57
2026-10-07 04:09:00,CNC-03,H,296.9219580663323,309.8433213526135,2260.9571731493843,25.02641563483507,11.886286472294076,2.7965599586191963,10.520455778092655,57.45047859738325,0,2026-10-08 00:33:57
2026-10-07 06:56:00,CNC-03,H,295.832169863308,310.4556718386359,1802.186966399378,39.295796375132596,228.60654417924005,3.1801585623388298,13.552802569972005,60.83096652217151,0,2026-10-08 00:33:57
2026-10-07 09:19:26,CNC-01,L,295.2289323343987,308.6494165863198,1404.2510747495019,46.989346314754634,21.648580698682167,2.0395075160960294,12.082805821206616,57.98214036900839,0,2026-10-08 00:33:57
2026-10-07 06:47:00,CNC-03,H,296.11989016064206,311.0462519512514,1989.91530583537,39.07312894804674,216.07085936813854,3.1867985112325723,14.513544819542076,58.310469246587544,0,2026-10-08 00:33:57
2026-10-07 15:04:00,CNC-01,L,297.80162280913834,312.6063352630662,1608.6055651306658,47.57530861864751,119.12030920276865,2.4788955982703538,14.136304131063358,55.71225763232343,0,2026-10-08 00:33:57
2026-10-07 04:58:00,CNC-03,H,296.5898199970475,310.4009018670426,2213.9409198785233,30.36051985586172,72.27394942505845,2.8839745256007996,12.564679801542589,61.695422033791075,0,2026-10-08 00:33:57
2026-10-07 05:11:00,CNC-02,M,302.334102211843,310.79247911001397,2073.206397316967,33.500005475746235,150.016726037899,3.057818592945784,12.973524074627262,47.27432310456278,0,2026-10-08 00:33:57
2026-10-07 16:20:00,CNC-03,H,26.197528273715704,41.03232295321982,1713.272839751749,44.22402178946803,111.002290982071,2.4995591055283213,14.399322249003628,56.77640987457011,0,2026-10-08 00:33:57
2026-10-07 21:50:00,CNC-01,L,304.8230313565062,312.0549395669455,2519.400278345772,21.752495776380044,198.23281139000574,38.21862887820901,9.938744505538411,45.09980786045439,0,2026-10-08 00:33:57
2026-10-07 17:59:00,CNC-02,M,299.0633471949638,313.6651553869009,2043.004097041322,34.64240073144208,130.3270627623454,2.673439549494608,13.26081325289308,53.51288545282986,0,2026-10-08 00:33:57
2026-10-07 22:08:00,CNC-01,L,305.08684644921925,311.0139640945908,2594.6491436687215,16.4390956845918,12.987234845483648,3.090230944595458,8.095250786016681,44.14156009396978,0,2026-10-08 00:33:57
2026-10-07 21:19:00,CNC-03,H,299.55118309625897,314.39490926598745,2488.916582625227,28.81830801665007,245.70278645499872,4.0733135731007195,13.505198145227327,52.47045128943728,0,2026-10-08 00:33:57
2026-10-07 22:06:00,CNC-02,M,299.36755990950337,313.6391964417356,2612.697812134929,23.503325341844832,207.4581213726354,3.7652289032242603,11.123669173763838,51.53587891254989,0,2026-10-08 00:33:57
2026-10-07 22:20:00,CNC-03,H,304.76669616652345,310.39092898484256,2646.0549439070987,14.630590952992062,60.38788759898168,3.1590387526983648,6.999238806026875,44.95578391835709,0,2026-10-08 00:33:57
2026-10-07 04:11:00,CNC-03,H,296.9833272697241,310.0856542083273,2340.458448435181,26.27546612427854,14.213812048315809,2.845399175015796,11.664804366390811,55.52077333647838,0,2026-10-08 00:33:57
2026-10-07 17:06:00,CNC-02,M,298.854984506361,312.67126819334413,1999.1256907667712,32.39735846396177,58.04910399925171,2.572591128489067,11.964572120019515,53.40734491216891,0,2026-10-08 00:33:57
2026-10-07 08:54:00,CNC-02,M,295.8988771607505,309.44686965210644,1630.785376094441,40.400002426871,22.77449554370152,2.2921091347491718,12.359363544438304,57.08911155333753,0,2026-10-08 00:33:57
2026-10-07 14:56:00,CNC-03,H,298.830109102283,313.66993205941213,1550.942342902145,48.960054717634804,204.07668341680312,2.7782514805901144,14.179036802460967,55.03967494755579,0,2026-10-08 00:33:57
2026-10-07 04:28:00,CNC-02,M,296.92764638239385,310.33896667356134,2373.6250249529467,24.291318259637112,96.18727759410501,2.944911041489477,11.006725256298344,56.92377473124325,0,2026-10-08 00:33:57
2026-10-07 19:58:00,CNC-01,L,299.64002961396824,,2365.1280162320486,27.38733342772183,70.21205378201547,2.89706433915145,12.047634808058838,51.39758911507973,0,2026-10-08 00:33:57
2026-10-07 15:16:00,CNC-02,M,298.4559037207629,313.01247681396046,1528.499824701055,45.82368720798621,124.30772820730726,2.3192871862814775,13.155592581118944,55.770120834449976,0,2026-10-08 00:33:57
2026-10-07 09:27:00,CNC-02,M,295.8299968534581,310.20083822265036,1495.7470955555507,48.68136017326123,73.21441289195396,2.0990706377212462,13.520235303375705,58.743895092805666,0,2026-10-08 00:33:57
2026-10-07 19:01:05,CNC-03,H,299.98548710161987,313.53435343714494,2392.8228147920818,26.18414338732473,82.85726673697042,3.065359428983947,11.924159202262869,56.01738796749127,0,2026-10-08 00:33:57
2026-10-07 09:11:00,CNC-03,H,296.36993293894545,311.4838769632918,1674.44251998849,47.39258419618434,183.5353229407332,2.7061014282168787,14.797022340811981,55.83533272825555,0,2026-10-08 00:33:57
2026-10-07 11:17:00,CNC-02,M,296.4878244099508,311.84583475958493,1464.9131737662437,52.75281571494167,245.69276357728864,3.2511154040142567,14.657248463295295,58.933685311986096,1,2026-10-08 00:33:57
2026-10-07 22:17:00,CNC-03,H,304.90850521400995,311.2590901192803,2787.495298933714,16.400860415288175,57.12782499181191,3.2873041865348185,8.48044560237775,41.92177764152684,0,2026-10-08 00:33:57
2026-10-07 04:37:00,CNC-03,H,296.48222643265944,309.894612651514,2251.427629737354,28.015311137014606,46.04640331726509,2.898830477743172,11.86106110236934,57.27153689957652,0,2026-10-08 00:33:57
2026-10-07 05:13:02,CNC-01,L,295.8923011984258,309.7309454201544,2103.8674766905688,31.787103566265493,132.56805487534106,2.879946999829782,12.490531485995428,59.01756027241827,0,2026-10-08 00:33:57
2026-10-07 12:25:44,CNC-03,H,24.254532642374045,39.57539121156219,1552.480746143466,49.49855511933613,218.0782266419023,2.8523416302566003,14.556426307706122,58.45386979877091,0,2026-10-08 00:33:57
2026-10-07 14:37:00,CNC-03,H,298.66080801679414,313.43180674943693,1448.4386514421992,51.48573272713818,174.9368125257166,2.4457339876724595,367.9454379656293,48.91090950191427,0,2026-10-08 00:33:57
2026-10-07 22:31:00,CNC-02,M,299.2650823034638,313.2215973984286,2606.3310361717863,21.93175957783382,234.84652072965852,4.153998057076639,10.83253553969685,50.99522137657681,0,2026-10-08 00:33:57
2026-10-07 23:53:00,CNC-02,M,299.36217800314125,311.8515511679245,2740.3512143448124,16.16317885472247,84.21096003741489,3.395165207910364,8.381557336695149,52.66255067856987,0,2026-10-08 00:33:57
2026-10-07 16:04:00,CNC-02,M,25.395136864382266,40.42057533871895,1691.0907292275551,45.37530788552513,195.23225893506424,2.81757951467602,14.204167466967741,53.844866735780414,0,2026-10-08 00:33:57
2026-10-07 07:26:00,CNC-01,L,295.61975825922684,310.22816535831004,1722.2605665759047,44.84847837036038,89.0084918686598,2.330347456916372,14.664602776156151,55.98355663847703,0,2026-10-08 00:33:57
2026-10-07 02:35:00,CNC-03,H,297.76854537110063,310.9094626857174,2609.7951058417907,20.08158090529605,136.3961262467945,3.3192044566245666,10.006304659558772,54.335265896680944,0,2026-10-08 00:33:57
2026-10-07 06:49:00,CNC-03,H,295.8833420979017,310.55579952423494,1846.2281324359058,38.80198773696094,218.82043817207366,3.1076747095172412,13.63062447790254,53.97078336319797,0,2026-10-08 00:33:57
2026-10-07 03:45:00,CNC-03,H,297.32680614249364,311.3192793693213,2350.0061253399285,26.66353027234514,216.32451491597516,3.5673555006961224,11.84897713176415,55.7746681434296,0,2026-10-08 00:33:57
2026-10-07 07:03:00,CNC-02,M,296.04234216489544,310.7455598097782,1925.635602061077,40.54784896184821,77.98692764710096,2.5867711067126744,14.488435963114856,54.42548750546982,0,2026-10-08 00:33:57
2026-10-07 12:38:00,CNC-01,L,23.55101595737284,37.75754030823413,1349.4543804632167,52.835669809144335,117.32306713410688,2.1493672105948076,13.382034579207108,55.84664632618165,0,2026-10-08 00:33:57
2026-10-07 01:12:00,CNC-01,L,298.33825952268637,309.4702386719354,2771.7853166101813,12.538354188699406,58.372826286750204,3.3438081713948,6.5274968894778445,54.12831230364992,0,2026-10-08 00:33:57
2026-10-07 01:27:00,CNC-02,M,298.4687771641631,310.1936205356353,2744.6151346471647,13.894962564635733,104.70332072439955,3.408042917969863,7.245140970120806,56.26802230380557,0,2026-10-08 00:33:57
2026-10-07 17:35:00,CNC-01,L,299.0291495214951,313.44554121520395,2051.4236959686195,35.58319352430253,118.41353671224837,2.769644436679044,13.585191552329032,57.25135851655673,0,2026-10-08 00:33:57
2026-10-07 21:33:00,CNC-02,M,299.1703157391428,311.61337047449905,2689.6609551057495,14.649975556238346,171.0223335505845,3.562621922559851,7.490266758913465,51.27485517185614,0,2026-10-08 00:33:57
2026-10-07 07:56:00,CNC-02,M,296.0428176623521,311.2035759645406,1659.158427854331,47.754902994856124,154.07131509171657,2.6140301901912597,14.939752332307927,61.918032162387696,0,2026-10-08 00:33:57
2026-10-07 23:51:00,CNC-02,M,299.0905761290792,311.4211037326444,2726.7312320156316,14.833051613707504,82.12341394409586,32.5961975814512,7.714856345339112,50.83847212598771,0,2026-10-08 00:33:57
2026-10-07 18:46:00,CNC-03,H,299.85291897722936,313.0380590318042,2197.1554273086053,26.99081887530148,62.642922912606494,2.782055276649479,11.059014964071064,49.337799334725446,0,2026-10-08 00:33:57
2026-10-07 23:40:00,CNC-03,H,,310.05191352870105,2603.150334062054,15.219970851658806,145.95694171274556,3.4257659381788814,7.440710759757212,42.06261199089628,0,2026-10-08 00:33:57
2026-10-07 06:37:34,CNC-03,H,296.39333586774234,311.4123065246453,1953.6407937099764,40.41201392684855,203.62627278842245,3.167654180082354,15.076760843669637,59.60787988870409,0,2026-10-08 00:33:57
2026-10-07 19:34:00,CNC-03,H,299.92212500636475,313.91109180381346,2217.0338693171793,30.043671302929727,122.16712881401861,2.913949853845884,12.256926766761262,56.17505176673548,0,2026-10-08 00:33:57
2026-10-07 20:57:00,CNC-01,L,305.25397946207335,312.42525604917967,2585.985334299762,20.966644098101593,138.96235996231744,3.280254183637059,10.47701599410846,42.55029923102778,0,2026-10-08 00:33:57
2026-10-07 10:22:00,CNC-02,M,296.12419880886966,310.6294065704995,1336.395842754248,52.502134135783294,158.71099223184845,2.3182677810836623,13.130677007632727,59.999247198612075,0,2026-10-08 00:33:57
2026-10-07 21:57:00,CNC-01,L,304.800042833132,310.27699921527187,2750.5958771236724,15.538188723701884,1.0504131279165598,3.1811721687439083,7.761631378310835,43.998615725562956,0,2026-10-08 00:33:57
2026-10-07 19:23:00,CNC-02,M,298.9990555078822,312.171225202578,2182.9363610849623,26.574605139572103,18.61077562188038,2.6290145404983196,11.028892688882674,53.62712579807906,0,2026-10-08 00:33:57
2026-10-07 07:46:00,CNC-02,M,296.009061538504,310.94103821214304,1823.7821005594153,41.66368963628854,139.45715781434907,2.66075662363797,13.986607534693986,62.85593132397101,0,2026-10-08 00:33:57
2026-10-07 02:25:00,CNC-01,L,297.9839448155071,311.25641719048514,2537.9137771427404,23.28517049183723,137.97607835695513,3.379388535272912,11.01301823365683,57.11596424419256,0,2026-10-08 00:33:57
2026-10-07 21:16:00,CNC-01,L,305.3423392163751,312.19753372577105,2543.2688627183666,20.35686812617449,160.3651651414517,3.5339719383391213,9.519896091209265,41.62573369006826,0,2026-10-08 00:33:57
2026-10-07 14:29:00,CNC-01,L,297.38365428930103,311.57421042737735,1599.9764591812668,45.28160887527785,65.317143617593,2.314525890903318,13.639961670043292,53.78032634859354,0,2026-10-08 00:33:57
2026-10-07 19:21:00,CNC-03,H,300.11091905404805,312.9745026686019,2269.086161118668,23.075251929940144,106.21838856170345,2.9893890090512274,0.0,50.21466864101473,0,2026-10-08 00:33:57
2026-10-07 22:34:00,CNC-01,L,299.36096475569184,311.05567324115816,2633.203495108961,14.688804741222597,41.0993298151489,3.1988925772331407,7.048963967156799,55.159248425411946,0,2026-10-08 00:33:57
2026-10-07 01:20:00,CNC-02,M,298.315518275585,310.7747929399313,2618.9740450191935,17.92822955266748,97.18646705275458,3.034443786421205,8.696490479486913,54.93547064849081,0,2026-10-08 00:33:57
2026-10-07 00:47:00,CNC-03,H,298.50402169209224,310.2263197678611,2627.178197320977,15.508116930598224,18.285416685919564,3.078782427254266,7.797081775251106,52.094304451090224,0,2026-10-08 00:33:57
2026-10-07 03:39:00,CNC-01,L,296.790013653571,308.94454392572896,2446.430554648328,21.08275415435133,17.45371449761132,2.9260826704894884,9.479878935526667,57.04401932727564,0,2026-10-08 00:33:57
2026-10-07 17:10:00,CNC-01,L,298.99967951942864,313.19810036153115,1931.388508656367,36.950957963861185,83.87038388053632,2.5677274496624216,13.421198671336763,55.18448867724942,0,2026-10-08 00:33:57
2026-10-07 07:06:00,CNC-01,L,295.8971601253345,309.3461108034903,1752.7546467272368,36.45527579712845,60.77851877430766,2.430139537040363,11.937210971280518,61.8758948959323,0,2026-10-08 00:33:57
2026-10-07 13:16:00,CNC-02,M,297.21438593920675,312.0931180881033,1486.6775343314107,49.29044007637541,185.74849036354038,2.61892327854081,13.781426308540254,54.971198492083545,0,2026-10-08 00:33:57
2026-10-07 18:05:00,CNC-03,H,300.08037981357813,313.1048187506686,1914.1737206087487,31.427404204773655,9.395903080987456,2.6320024485838793,11.304060697597013,49.84205479672328,0,2026-10-08 00:33:57
2026-10-07 07:09:00,CNC-01,L,295.467174246435,309.8968762977222,1834.1755336430263,42.12655323238002,64.97267666445069,2.486732102860312,14.125778816741443,63.422667177140326,0,2026-10-08 00:33:57
2026-10-07 08:01:00,CNC-03,H,296.2226000885605,310.2729902190383,1669.2488144193183,41.31230750041509,78.6766980919368,2.3697089848842205,12.797307641912226,62.33727546968259,0,2026-10-08 00:33:57
2026-10-07 22:28:00,CNC-01,L,299.614443736984,311.23876279993556,2829.4421833297006,13.47536288680292,34.634079740457906,3.383701060405875,7.2787864443641155,49.38301242859681,0,2026-10-08 00:33:57
2026-10-07 14:38:00,CNC-01,L,297.93688120669464,311.6203830773757,1320.371456640466,47.58149233124116,,1.9828159513934702,11.801861043995444,57.90546156187573,0,2026-10-08 00:33:57
2026-10-07 11:40:00,CNC-01,L,296.0840784546237,309.4359928640912,1322.248015341563,47.50202349843183,25.285597349406963,2.011144374150726,11.908517554201413,58.93700505220737,0,2026-10-08 00:33:57
2026-10-07 16:35:00,CNC-03,H,299.5919263692771,314.1134746055969,1882.125835502568,38.57217751882497,132.45950636526783,2.608394350834373,0.0,49.51235382020612,0,2026-10-08 00:33:57
2026-10-07 04:10:00,CNC-03,H,297.04827814247966,309.50246904949194,2535.881388090657,20.5263975741848,13.023716143618454,3.117756690151846,9.546839755906428,55.5801152083283,0,2026-10-08 00:33:57
2026-10-07 01:03:11,CNC-01,L,298.66932624120216,310.76529232418744,2614.029852363549,17.660746377666097,48.798112309165994,3.1834967497416207,8.731519633580424,50.68109093647936,0,2026-10-08 00:33:57
2026-10-07 03:35:00,CNC-01,L,297.07747716938354,309.3565861506594,2389.1835871265835,20.619864210050366,12.812568679448665,3.0835944870067897,9.364264726409493,55.90649586876653,0,2026-10-08 00:33:57
2026-10-07 05:00:00,CNC-01,L,296.02913511827904,308.9668832346924,2276.2576480429166,24.040481395772453,116.10177064817111,3.091365126732927,10.439222690679937,58.75162377954725,0,2026-10-08 00:33:57
2026-10-07 02:08:00,CNC-03,H,298.1261423954758,311.1000797092011,2490.5873098809316,22.09223157326888,106.46181769278813,3.1337301901984116,10.480613348556957,51.47173262544432,0,2026-10-08 00:33:57
2026-10-07 19:04:00,CNC-02,M,298.9127267179105,313.8033415852925,2213.277905885569,32.351836265127055,214.36362737116008,34.585825078671604,13.2876887762981,52.222504412681346,0,2026-10-08 00:33:57
2026-10-07 10:01:00,CNC-03,H,296.571361291665,311.780970732014,1345.1001384725184,56.82514263213917,260.8305133772227,3.160309388520874,14.151986257280063,55.74719657477835,1,2026-10-08 00:33:57
2026-10-07 21:44:00,CNC-03,H,299.8728493626181,312.4632086172258,2596.203849329798,19.489846324395703,20.84944582162142,3.00641333546396,9.389854498107837,56.026277193408305,0,2026-10-08 00:33:57
2026-10-07 18:07:00,CNC-01,L,299.5198526663048,313.8444951217711,2032.8073570599734,34.67435205388117,161.31830567070753,3.051209939855935,13.420470468761897,49.33255404583569,0,2026-10-08 00:33:57
2026-10-07 11:23:00,CNC-03,H,296.81013851167756,310.77371020284403,1296.9623911854455,52.66356018515191,118.18604153170085,1.950957567127703,12.453607045168575,57.9464964431495,0,2026-10-08 00:33:57
2026-10-07 22:42:00,CNC-03,H,304.4252742420056,310.9815137052471,2782.2309230321275,17.528409528091785,84.0947584257294,3.3899527107414418,9.339117855807949,43.33400880824811,0,2026-10-08 00:33:57
2026-10-07 11:30:00,CNC-02,M,296.6718930327852,310.86089373799234,1481.0186915828572,49.25526945221032,17.395188597572876,2.2000120018578846,13.670725606506776,62.10640919835664,0,2026-10-08 00:33:57
2026-10-07 06:15:00,CNC-01,L,295.620729414623,310.6139527183751,1904.403848169414,38.68304606318998,214.12845708965418,3.4867424208487305,13.669097533029566,58.27228816368192,0,2026-10-08 00:33:57
2026-10-07 16:05:00,CNC-02,M,25.42230990947138,41.028186052240414,1806.752589607701,46.14507119867101,196.70119955178407,3.0097846743986936,15.581738120596984,59.576482690995334,0,2026-10-08 00:33:57
2026-10-07 19:18:00,CNC-02,M,298.5793008581919,311.8379218668471,2278.6683188749575,27.06272075250432,12.467017048075569,2.8132156918561466,11.72926795007205,54.7429049317754,0,2026-10-08 00:33:57
2026-10-07 11:35:00,CNC-02,M,296.6229117443286,310.3812266999767,1356.5901001046132,49.39554162736355,25.371931922788885,1.9603692553553158,12.796155009825407,59.547760139530304,0,2026-10-08 00:33:57
2026-10-07 08:36:00,CNC-03,H,296.2630883327212,311.0116440157547,1671.4528364831945,45.678895472876945,130.54078241111213,56.87770919558379,14.278352628281759,59.329995774698595,0,2026-10-08 00:33:57
2026-10-07 15:18:00,CNC-03,H,299.13218641515783,312.97094077270594,1546.1689059762925,45.31270696054545,19.733075772152556,2.167407868022072,13.345860138234267,50.8324065951333,0,2026-10-08 00:33:57
2026-10-07 19:31:00,CNC-03,H,300.0417856181756,313.36788585288735,2375.4258793988843,25.10965688655193,118.50721991535781,3.0912643969609372,11.271830713216355,51.15245017029393,0,2026-10-08 00:33:57
2026-10-07 08:26:00,CNC-02,M,296.05480032911953,311.58819688390304,1643.261514090119,49.10007947848777,198.06016483865957,3.0016848339682016,14.90905938276704,61.477145317745595,0,2026-10-08 00:33:57
2026-10-07 19:22:00,CNC-01,L,299.86598802862704,312.9639468963045,2460.2039495282356,23.75456805757843,26.22664086401549,3.0160823023326944,10.615078407788445,51.955435493768206,0,2026-10-08 00:33:57
2026-10-07 08:14:00,CNC-01,L,295.63129417367156,311.2245775413658,1735.7786447654767,48.90141995377651,158.81867816802563,2.7206862702238723,16.219425349712083,60.01760041340619,0,2026-10-08 00:33:57
2026-10-07 05:18:00,CNC-02,M,302.0448850171325,310.6569676404335,2071.7573104645817,35.330842117665355,158.8912996950107,3.071276982332556,13.81918336505726,44.34784004479029,0,2026-10-08 00:33:57
2026-10-07 22:36:00,CNC-02,M,299.4336236102276,310.60361058790573,2678.64516839532,12.187974231652028,2.125947774422285,3.2517968831781547,5.96967293475967,51.35955981288846,1,2026-10-08 00:33:57
2026-10-07 04:14:00,CNC-01,L,296.62666554090526,309.5534273138044,2280.2988098076016,24.637124239037824,59.22874256672366,2.819470428312111,10.546464416346184,57.78717598876778,0,2026-10-08 00:33:57
2026-10-07 14:47:00,CNC-03,H,298.8463030744789,313.7431902517569,1500.6511808916127,50.82983843849473,190.24169007471409,2.5536533448976138,14.545048295498397,51.00755066737235,0,2026-10-08 00:33:57
2026-10-07 15:13:00,CNC-03,H,298.6509476458727,312.37739468034266,1456.4897755475133,47.322937393184255,12.236120936018603,2.062602564385538,13.06640687603417,53.820575795273726,0,2026-10-08 00:33:57
2026-10-07 21:06:00,CNC-02,M,299.3341459680474,313.05458077584854,2525.361759474866,22.310248629959073,140.92679095847873,3.3966956922582026,10.552279672871022,55.195504547524244,0,2026-10-08 00:33:57
2026-10-07 09:24:00,CNC-01,L,295.4492847058878,309.71799294742647,1586.6592960258695,46.4517983555504,27.828503380340248,2.2403738173753296,13.66071305507336,,0,2026-10-08 00:33:57
2026-10-07 00:36:00,CNC-03,H,298.4827573285149,309.32529733278693,2721.5540740767874,10.99534708665307,6.648077634589061,3.3452153032610537,5.624235876992044,54.60396930271144,1,2026-10-08 00:33:57
2026-10-07 22:14:00,CNC-02,M,299.25409966069174,313.1026211311209,2590.518936761546,20.763590825228082,216.2625757132071,4.030385599370513,10.072939567564092,51.857682616052536,0,2026-10-08 00:33:57
2026-10-07 10:27:00,CNC-03,H,296.58271694803597,310.513679462719,1619.9712856804383,43.46620572818028,29.52862530606006,2.2966486382607076,13.0982626571537,60.48346737152447,0,2026-10-08 00:33:57
2026-10-07 20:41:00,CNC-03,H,299.8363272499628,313.5100507131921,2451.7764280023766,24.439928911269934,202.1967893739787,3.463067389638513,11.25110877358145,55.061416866626566,0,2026-10-08 00:33:57
2026-10-07 21:05:00,CNC-02,M,299.45815532093354,313.3164345113048,2462.540929951533,24.39363023857134,139.81092659919565,3.2056814303891032,11.283478243257015,51.87028916951683,0,2026-10-08 00:33:57
2026-10-07 06:19:56,CNC-02,M,296.2631275054398,310.4808129885217,1942.1749188734323,37.41840806713642,17.510963167394685,2.5013526071078926,13.3816472074786,57.9930744101118,0,2026-10-08 00:33:57
2026-10-07 13:13:00,CNC-03,H,297.76754608561475,,1341.6741439233315,52.676492928673866,44.13645305799335,1.9138598992745577,13.42049130309353,47.511211695840785,0,2026-10-08 00:33:57
2026-10-07 09:34:00,CNC-03,H,296.2634362133341,311.5603114641049,1551.622968839799,51.73995675320592,218.84622232877788,2.897425477992818,15.29568771856401,58.138267247279074,0,2026-10-08 00:33:57
2026-10-07 13:35:00,CNC-01,L,297.18731103500284,312.7958510658296,1440.3590450244858,56.70001706815079,207.33286995422526,2.948551120656644,15.461881155512174,58.13842892745361,1,2026-10-08 00:33:57
2026-10-07 15:00:00,CNC-02,M,297.9883147086758,312.081790676178,1464.3999677868524,45.413991774100786,100.06135728280432,2.196763157601641,12.679630348811978,56.44797496774958,0,2026-10-08 00:33:57
2026-10-07 04:59:00,CNC-02,M,302.2520930491381,309.93640003535626,2243.8755715036646,27.817475125976024,134.79219622023487,29.275075407137482,11.615969770639401,46.113120325040924,0,2026-10-08 00:33:57
2026-10-07 00:58:00,CNC-02,M,298.5771868849171,310.0561831440782,2828.8592479708796,12.613654279311753,73.43198664171871,3.38581909032271,6.903335745727091,54.33865986560808,0,2026-10-08 00:33:57
2026-10-07 14:03:00,CNC-03,H,297.8912588828267,312.1309577974763,1452.5846992554464,50.23426230305498,122.45829542534794,2.2543021706956434,13.566097972951315,54.51642497828969,0,2026-10-08 00:33:57
2026-10-07 18:27:00,CNC-02,M,298.8753847794568,313.1010323992735,2152.301262482115,31.597376525638605,167.11255403796926,3.2000593182150303,12.392170141194217,55.55973543038853,0,2026-10-08 00:33:57
2026-10-07 21:07:00,CNC-01,L,305.1976924999787,312.2716828164467,2564.856673234092,21.21287169965148,150.24344803851497,3.3958402633308307,10.300876446612019,41.70802841812997,0,2026-10-08 00:33:57
2026-10-07 16:39:00,CNC-01,L,299.07475409174225,312.72625537978445,1859.0225658032339,35.3189117959851,40.34254087885956,2.4626720267614273,12.23713103723237,53.29455504698063,0,2026-10-08 00:33:57
2026-10-07 15:05:00,CNC-01,L,297.9629909272549,312.36196524367756,1675.6642166835857,42.95997923497897,120.59045177895115,2.3721351091711527,13.835984725519369,57.18718096408791,0,2026-10-08 00:33:57
2026-10-07 19:44:00,CNC-03,H,299.9190174083452,314.3470319083894,2301.131217497277,30.873685757579594,134.4657112254105,2.9574229083771493,13.386643916212025,52.64114273239819,0,2026-10-08 00:33:57
2026-10-07 03:32:00,CNC-01,L,296.8230908855067,309.4212480842323,2569.236375483177,20.371615037577318,9.264272373849504,3.050680598482411,9.793776684717374,58.349001334013124,0,2026-10-08 00:33:57
2026-10-07 15:10:00,CNC-01,L,297.9592744382861,312.4585963223619,1657.1883531196695,46.72528052690141,128.16351557250962,2.4744112074910736,14.549744515367522,52.49058981336215,0,2026-10-08 00:33:57
2026-10-07 05:44:00,CNC-03,H,296.04063069452906,310.7504525337198,2125.09716631378,34.86390425519684,131.36140637311732,2.863711187216479,13.863102886143102,57.60672417306881,0,2026-10-08 00:33:57
2026-10-07 14:24:00,CNC-01,L,297.6698855995728,311.437895014392,1435.8514022385698,48.818360742375006,57.70305783381591,2.102677064869141,13.151451816283673,58.52700048494926,0,2026-10-08 00:33:57
2026-10-07 17:56:00,CNC-02,M,299.1971716743196,313.18103332668386,2087.3154562804584,31.037179724462028,126.26334325721686,2.818156905965635,12.20122468416237,53.8180323826778,0,2026-10-08 00:33:57
2026-10-07 07:31:00,CNC-01,L,295.7424046650314,310.2691921271397,1814.9340024566186,40.98617530441689,96.14401877781222,2.5089318897193618,14.148920167131164,58.805148654564654,0,2026-10-08 00:33:57
2026-10-07 23:26:00,CNC-01,L,298.98210890960746,311.0520305688071,2614.811189958487,16.195244581643525,97.08005161573254,3.3683768304091943,7.944477274956773,54.03973820120296,0,2026-10-08 00:33:57
2026-10-07 00:33:00,CNC-03,H,298.5843347429781,310.50419733603235,2588.560303203022,17.3601082074441,3.4843889262463916,3.07573006306276,8.300772650753284,54.464113844535134,0,2026-10-08 00:33:57
2026-10-07 02:45:00,CNC-03,H,297.3309643415783,310.4354991480294,2662.5223461773,19.956564150901304,147.51810507440146,3.421116237155304,9.863158032469457,52.32042433185678,0,2026-10-08 00:33:57
2026-10-07 22:22:00,CNC-02,M,299.5542813498769,312.9851609841831,2826.4393862379225,18.062291924321045,225.01639516715892,4.2555500900498835,9.341458075136735,49.14533328032848,0,2026-10-08 00:33:57
2026-10-07 02:21:00,CNC-03,H,297.88752148648376,310.9969678204349,2651.7091502385388,20.41173406457539,120.83150861105835,3.232001341496353,10.074437861580346,57.74171583779922,0,2026-10-08 00:33:57
2026-10-07 08:14:00,CNC-02,M,296.2292118958565,311.3644076531069,1723.0527187806792,45.66779623830811,180.34061354980648,2.858868673311905,15.033186027990478,59.78974266722226,0,2026-10-08 00:33:57
2026-10-07 14:00:00,CNC-02,M,297.6257017774588,310.95576868178506,1439.5459136822062,43.28717909109522,7.758467389521606,2.1260194606652063,11.398168794987942,56.179351077721954,0,2026-10-08 00:33:57
2026-10-07 15:12:00,CNC-03,H,299.03040883445505,312.8870308564115,1579.8054420055746,44.71962755924761,10.66951503511878,2.2443555945713207,13.063551698509993,53.02517255751413,0,2026-10-08 00:33:57
2026-10-07 04:20:00,CNC-03,H,296.67083810762625,310.16182444803235,2306.3110815909436,27.767168057013414,25.107558139490465,2.873502202395292,12.217852839093725,54.02966306098493,0,2026-10-08 00:33:57
2026-10-07 04:12:00,CNC-03,H,297.274774608163,310.05418265196505,2413.0640129695403,22.82191161655291,15.408649939161023,3.012841994876364,9.992334796753823,55.16837372439487,0,2026-10-08 00:33:57
2026-10-07 19:42:00,CNC-02,M,299.31701781844544,312.0023619365292,2377.8122961244344,0.0,41.848574907562295,2.98967605347333,9.160250779284489,52.43142843134975,0,2026-10-08 00:33:57
2026-10-07 14:25:00,CNC-02,M,297.60554475419406,311.97345644132434,1501.2984092288352,47.4420097994487,46.52357303912588,2.1759864330438683,13.320965304189796,59.325340036785114,0,2026-10-08 00:33:57
2026-10-07 23:19:00,CNC-02,M,299.0668247700303,311.85143211932166,2560.981342778193,19.541983034118232,48.13673062417792,3.0547083076691566,9.400345672506251,55.04790301705978,0,2026-10-08 00:33:57
2026-10-07 12:25:17,CNC-03,H,24.528452383086062,38.99407972800606,1354.9320096246174,49.633818758575885,216.55247333891913,2.725368916910608,12.606880827681003,56.65257815750332,0,2026-10-08 00:33:57
2026-10-07 15:17:00,CNC-02,M,298.047162330811,312.8425395605502,1739.2951665256162,42.4178925116369,125.76458198628083,24.020880585511826,13.816470441450791,55.1433856331818,0,2026-10-08 00:33:57
2026-10-07 17:11:00,CNC-02,M,299.09386777014174,314.0135879655161,,40.75879024401446,64.99251310482178,2.4348014014850823,13.982458994964402,51.947932158530506,0,2026-10-08 00:33:57
2026-10-07 15:06:00,CNC-03,H,298.9617981581281,312.6750412087542,1436.3330269658018,48.26170379462071,1.5566080060525016,2.0817347936083586,13.032801035385143,52.824262844137124,0,2026-10-08 00:33:57
2026-10-07 20:12:00,CNC-03,H,300.0568144704287,313.89857065605116,2426.8618080908373,25.25908361537554,168.4083800821019,3.21815760179694,11.567296814465362,51.30591953369572,0,2026-10-08 00:33:57
2026-10-07 19:03:00,CNC-03,H,299.70655626270076,313.4783674900675,2242.427282320466,28.500284281059432,84.0972838264506,2.7904058440984687,11.885956905458116,50.498795848257856,0,2026-10-08 00:33:57
2026-10-07 06:55:00,CNC-01,L,295.6564493601515,310.23051719019725,1896.8064995055458,40.79444789013421,45.409773027434724,2.503696472179886,14.57751895839695,62.65048317381033,0,2026-10-08 00:33:57
2026-10-07 19:11:00,CNC-01,L,299.97234487508143,312.891819959855,2342.027090530664,25.087394246898484,12.555456866254776,2.8976768194063274,10.86462718779912,54.23037421646783,0,2026-10-08 00:33:57
2026-10-07 23:41:00,CNC-03,H,304.2525266891443,311.05997777132967,2725.7200590117463,17.546468162917996,147.00668564407744,3.489427909876584,9.092502979059121,42.404128790633294,0,2026-10-08 00:33:57
2026-10-07 21:44:00,CNC-01,L,305.1600673974126,312.6561621085261,2543.0676014987216,22.428175171332907,191.58075956274723,3.811135307095976,,40.250802839399405,0,2026-10-08 00:33:57
2026-10-07 23:44:00,CNC-01,L,298.6135129535423,310.59050071189,2669.783750230453,14.336603525104339,116.41337362966571,3.4033358287480056,7.3928247767891975,53.39614468154492,0,2026-10-08 00:33:57
2026-10-07 19:05:00,CNC-02,M,298.9084439200328,313.99583453757975,2327.4646315155856,31.448026685832104,215.58377623340834,3.6671301509082177,13.53606977766474,55.91656226819182,0,2026-10-08 00:33:57
2026-10-07 06:54:00,CNC-03,H,296.1618342332825,311.4813521788429,1972.482937886249,38.12635744492591,225.77351126342995,3.3066686731408446,,57.676302988922764,0,2026-10-08 00:33:57
2026-10-07 16:14:00,CNC-02,M,25.396746856137952,40.060600415419344,1637.4504648226637,41.76967711732352,4367.401451013324,2.9891132400503313,12.698620537375318,54.765857552364444,0,2026-10-08 00:33:57
2026-10-07 02:47:00,CNC-01,L,297.78794605639695,311.1261380388917,2579.3306563398464,22.093745386817595,162.6468498296178,3.556583214203024,10.606088428753955,54.81278136609315,0,2026-10-08 00:33:57
2026-10-07 09:21:00,CNC-02,M,296.0722987126931,310.2806213379591,1542.263329869939,46.17405939288393,63.98703966213137,2.2344533444348538,13.304598848929388,62.679641216252236,0,2026-10-08 00:33:57
2026-10-07 05:07:00,CNC-02,M,301.86904505335565,310.5205707044045,2285.5676798473833,30.736637718524747,144.94651349086843,2.9994912819725963,13.401753283512905,48.959906999723046,0,2026-10-08 00:33:57
2026-10-07 11:13:00,CNC-01,L,296.16779078717315,310.5990982218922,1389.485355539957,51.320289223513264,198.65178376671852,2.830524934540677,13.34990622314389,57.664799573001694,0,2026-10-08 00:33:57
2026-10-07 15:18:00,CNC-02,M,298.1544754260917,312.7213074878312,1675.2154639080265,42.772969690284604,127.23653163336687,2.5736271794947183,13.38532309664962,54.46405212198396,0,2026-10-08 00:33:57
2026-10-07 00:50:00,CNC-01,L,298.45863657170867,309.58404066322487,2823.558134359196,12.566440266984536,34.811809238775325,3.385045278122608,6.588012867018383,59.002521702667856,0,2026-10-08 00:33:57
2026-10-07 15:57:00,CNC-03,H,26.312375783786933,40.306864938061665,1894.8849096393194,36.19886969668856,77.65256145156953,2.539974038561129,12.780194179141278,55.86897829272077,0,2026-10-08 00:33:57
2026-10-07 21:27:00,CNC-01,L,305.3401575033467,312.59532028308524,2442.4461521086996,22.256842166690458,172.72731455803935,3.588825837128318,10.2256177957071,42.869862475243345,0,2026-10-08 00:33:57
2026-10-07 01:09:00,CNC-01,L,298.36339213423673,310.4499741124973,2686.485913605439,16.532265577530588,55.21716001989695,3.243414229080117,8.297586470292249,50.98218366131518,0,2026-10-08 00:33:57
2026-10-07 10:48:00,CNC-01,L,296.04040382697985,310.58093400833536,1347.5698996307772,55.05130309006714,158.98204474343984,2.37774652132482,14.100844699144252,58.22223421430337,0,2026-10-08 00:33:57
2026-10-07 11:10:00,CNC-01,L,296.07916960086123,310.3725629677025,1333.5655729690145,51.99014592950143,193.92685605643084,2.7254371540063267,12.916385074686609,59.10434503543164,0,2026-10-08 00:33:57
2026-10-07 04:45:00,CNC-01,L,296.03140796042624,310.27997810849615,2189.2898188245404,33.2537595096869,97.27424897536669,2.8408996792109376,13.808358044388056,63.36961085444075,0,2026-10-08 00:33:57
2026-10-07 20:02:00,CNC-01,L,299.8688527492702,314.1295504645481,2332.1610130523186,30.95043166807215,74.95634711661167,2.9337344704450077,13.583662008498319,46.58376301150821,0,2026-10-08 00:33:57
2026-10-07 03:02:00,CNC-02,M,297.7686618990439,311.22501107330606,2508.3014168582204,21.25658152117211,209.91602578038095,3.7180929089663715,9.791637364376916,58.47160307985648,0,2026-10-08 00:33:57
2026-10-07 11:16:00,CNC-01,L,296.42721555482086,,1453.7962697618605,49.043116066294104,203.40577943586945,2.874269395170113,13.560780846099604,62.091452186795586,0,2026-10-08 00:33:57
2026-10-07 07:52:00,CNC-02,M,296.04545898643084,310.5711780751047,1748.3688273179323,40.69003043009226,148.15635051421293,2.6184398996526443,13.27991239926793,58.174329543148104,0,2026-10-08 00:33:57
2026-10-07 01:14:00,CNC-02,M,298.5292299742734,310.49208831997055,2626.5204940246545,15.047449771317673,90.68774806670444,3.155123572277739,7.405172296161485,58.24714406832833,0,2026-10-08 00:33:57
2026-10-07 09:49:00,CNC-02,M,295.81574298145443,310.3860983120746,1419.1697761189828,50.491314727227866,107.13618768101405,2.0498238597889284,13.269319004779245,59.90294588650676,0,2026-10-08 00:33:57
2026-10-07 21:04:00,CNC-01,L,305.07485168351997,313.07644732571947,2567.678710862076,25.91063261638471,146.91684567988224,3.4326383868569876,12.516821168758101,44.40292788407802,0,2026-10-08 00:33:57
2026-10-07 07:52:00,CNC-03,H,296.04888468746043,310.0929602067053,1636.8151721782338,42.99671797454187,65.68429351869473,2.3330623826755774,13.043231989527968,58.603266317337734,0,2026-10-08 00:33:57
2026-10-07 15:40:00,CNC-02,M,25.21635824714224,40.469962655724885,1514.9523341763527,50.205278601019664,159.94895368697075,2.4636851650460705,14.254246149637709,53.01917639750393,0,2026-10-08 00:33:57
2026-10-07 23:20:53,CNC-01,L,298.8467668466302,311.5284678582354,2669.2048386698134,19.08260630893134,91.74674558382411,3.1956705042196947,9.645199529242083,53.148476328716015,0,2026-10-08 00:33:57
2026-10-07 21:15:00,CNC-03,H,299.83124151192965,313.7554833876164,2615.498732177047,22.88417291897613,241.20715604498793,4.023043778967864,11.280725921602986,55.29204412121293,0,2026-10-08 00:33:57
2026-10-07 14:00:00,CNC-03,H,298.0871466027528,313.1914358041079,1456.6418290200381,55.837927450223454,117.79698772665802,2.240398650713993,15.473402427687377,56.14802155036767,0,2026-10-08 00:33:57
2026-10-07 21:51:00,CNC-01,L,305.10370203498076,312.7219086962834,2515.0785788071603,23.131779961197875,199.3495655444366,3.79517925403699,11.147989972210919,41.410135380482764,0,2026-10-08 00:33:57
2026-10-07 12:34:00,CNC-03,H,24.452767674867403,39.606628148819766,1455.5077395186281,51.98087930523165,230.80005226202914,2.9314384956015664,14.285822594630542,55.75298963742421,0,2026-10-08 00:33:57
2026-10-07 14:40:00,CNC-03,H,298.48126275300865,312.94828443517645,1539.4725322447248,45.158736353816444,179.501301714563,2.5774006780627543,12.99978670387414,51.52252501728016,0,2026-10-08 00:33:57
2026-10-07 16:54:00,CNC-03,H,299.8626498780569,314.5223545207557,1802.2782160818076,41.1354235891309,159.45949116623484,2.7014440820702075,13.58453472834214,49.73665163974162,0,2026-10-08 00:33:57
2026-10-07 23:38:00,CNC-03,H,304.40314607170706,311.0800974381887,2678.3634020581376,18.01323766812792,143.8575271570271,3.406046567067315,8.977912969320792,43.79911158652082,0,2026-10-08 00:33:57
2026-10-07 03:37:00,CNC-03,H,297.16649334904105,311.4074644546774,2432.2289312427943,26.66319022411508,206.86596536682265,3.6325118675816657,12.44961686585528,56.70747737886091,0,2026-10-08 00:33:57
2026-10-07 10:39:00,CNC-02,M,296.27027641653825,311.3654627997475,1436.8964031437968,52.59669192513095,185.53878258696435,2.6052530479592098,13.822491217753809,58.389107859645904,0,2026-10-08 00:33:57
2026-10-07 09:18:00,CNC-03,H,296.2638301583259,311.5413320755588,1524.5171697508295,51.36838186443522,194.33128212045355,2.6687449798133,14.616370640478442,61.22892273797457,0,2026-10-08 00:33:57
2026-10-07 20:26:00,CNC-01,L,299.78905615217724,312.80549410394724,2394.289226414718,22.224283669209722,103.21271163740256,3.1180052855105544,10.241768107358338,51.14311864254228,0,2026-10-08 00:33:57
2026-10-07 17:56:00,CNC-01,L,299.3311625134828,314.0170011111169,2101.3490892320124,36.95240583648661,146.72798096355535,2.914618869658999,14.296526549309599,55.61464455401659,0,2026-10-08 00:33:57
2026-10-07 23:00:00,CNC-01,L,299.3282237053737,311.0670414678863,2659.6272242052196,14.026553445240065,69.20203843733869,3.1456348861322194,7.2996440003019885,48.93542392022109,0,2026-10-08 00:33:57
2026-10-07 14:36:00,CNC-03,H,298.6217093299697,313.65227356359713,1421.8417814164115,54.24413256585406,173.3993939871418,2.41157216555324,14.157072613995306,53.3019166797155,0,2026-10-08 00:33:57
2026-10-07 02:10:00,CNC-03,H,297.7958978171405,310.36666531672444,2695.5018831624584,18.818053154712583,108.65076898403542,3.206573288360188,9.445077573088518,57.62358525772921,0,2026-10-08 00:33:57
2026-10-07 00:50:00,CNC-03,H,298.41786053035935,309.44309904455895,2632.8492370542263,11.873003098926885,21.45874843961385,3.1568443500368373,5.976041580079773,49.834120255795604,1,2026-10-08 00:33:57
2026-10-07 12:56:00,CNC-03,H,24.548139392173937,38.85391790696423,1493.1030573718626,49.86313590363804,17.261807635290232,2.1748084289084617,13.736583331373968,54.53325405352056,0,2026-10-08 00:33:57
2026-10-07 23:02:00,CNC-03,H,304.69011861983944,310.6849015496689,2691.0650133911795,14.494150261195973,105.6498915384803,3.3656080876226815,7.271586926808237,41.90013345656729,0,2026-10-08 00:33:57
2026-10-07 02:52:00,CNC-02,M,298.04496235338763,311.57126289738386,2545.26146632142,21.894728612444418,198.53363828082558,3.7169553011299445,10.640490091892206,54.81491222424158,0,2026-10-08 00:33:57
2026-10-07 13:07:00,CNC-03,H,24.53562488919249,38.56795606145033,1432.3071839741742,51.84092624406538,34.7172685760186,2.0808324803811504,13.996808171575882,53.643210130182986,0,2026-10-08 00:33:57
2026-10-07 07:44:00,CNC-02,M,295.80880787686465,310.5701534432761,1865.5495070429772,42.16076524045694,136.53924206432143,2.6826534491667227,14.79620359036606,64.72077350017962,0,2026-10-08 00:33:57
2026-10-07 03:53:00,CNC-02,M,297.1722454969988,310.9497561348226,2273.2096809552254,29.402143192268635,53.872001748082475,2.9169717457529165,12.472793946267755,58.81664782457408,0,2026-10-08 00:33:57
2026-10-07 06:05:00,CNC-03,H,296.13448899353745,310.6825044710915,2048.8973471014706,36.300700412296834,159.06816593302105,3.017641314416926,13.826981155391238,58.396073483912204,0,2026-10-08 00:33:57
2026-10-07 20:17:00,CNC-01,L,299.8927697563618,311.760335553879,2585.5851724418976,14.822043843895154,92.66804796843671,3.4085607247077894,7.2547175198536245,49.830416472322895,0,2026-10-08 00:33:57
2026-10-07 13:30:00,CNC-03,H,297.9795079109981,312.13767387414975,1361.0867335503042,50.57884923720465,70.81778934435894,2.0119368179809047,12.983461224361788,51.448906685745754,0,2026-10-08 00:33:57
2026-10-07 04:02:00,CNC-03,H,296.5807586863079,309.4450668662012,,24.7250322566454,,2.924116261457709,11.094671465580976,55.29036385779753,0,2026-10-08 00:33:57
2026-10-07 18:09:00,CNC-02,M,299.03047479464277,313.62428912642827,2040.3015437319477,34.82409660535572,143.57264087035676,2.9124208695381446,13.25221997827646,43.44778144299204,0,2026-10-08 00:33:57
2026-10-07 06:08:00,CNC-03,H,296.09232802305115,311.01180043057093,1960.89471383041,40.70421000062881,163.134925695572,2.891685949609582,14.988776411223144,60.51530640566716,0,2026-10-08 00:33:57
2026-10-07 20:45:00,CNC-02,M,299.31495363681427,312.65082932645697,2500.120508413741,22.045339568038653,116.92375457528948,3.207612438723133,10.179238519833998,54.01930453962754,0,2026-10-08 00:33:57
2026-10-07 02:16:00,CNC-02,M,298.0934806914199,311.30036395604225,2529.1322382903713,21.589030468511094,158.20792818477304,3.2930308394861063,10.253591700059202,49.4290287810358,0,2026-10-08 00:33:57
2026-10-07 15:12:00,CNC-01,L,,312.18620430030376,1613.9340712000524,43.71278443099924,131.1352424859258,25.490576590038852,13.181605692637543,54.99560574450062,0,2026-10-08 00:33:57
2026-10-07 10:24:00,CNC-01,L,296.1480420201417,310.5128446052728,1400.0956803358135,51.93999203500766,121.24011196126092,2.1609773775911654,13.721691636704975,57.79640265292658,0,2026-10-08 00:33:57
2026-10-07 09:07:00,CNC-02,M,295.6540753458128,310.2257547570752,1668.5176862583664,47.6154919447414,42.523628576966864,2.28159361476081,14.73526561686038,61.88785023597036,0,2026-10-08 00:33:57
2026-10-07 16:03:00,CNC-02,M,25.173850336580642,40.50629269585539,1670.5043760363808,45.81220651145845,193.7838034682149,2.7937479575029425,14.418238493257448,49.52278599929089,0,2026-10-08 00:33:57
2026-10-07 19:20:00,CNC-03,H,299.65517512435,312.95448222264645,2241.1364107955533,26.801421227277125,105.00944493777426,2.931279824141862,11.514511177314576,52.460055707279245,0,2026-10-08 00:33:57
2026-10-07 07:10:00,CNC-03,H,296.014809180568,309.9203764723241,1880.6579375657404,39.55019044232366,5.5566920765751195,2.442396977951725,13.677330376511177,54.36090261329514,0,2026-10-08 00:33:57
2026-10-07 18:32:00,CNC-03,H,299.9805130420256,313.72234971058793,2087.631390270107,33.50260764137431,44.74798707454347,2.6466339453894987,12.851391682568266,53.5904127842115,0,2026-10-08 00:33:57
2026-10-07 14:27:00,CNC-02,M,0.0,312.11330629379137,1525.6709711417536,47.98101892497213,49.59657357339287,2.282193350769982,13.663706033096673,54.935093634186266,0,2026-10-08 00:33:57
2026-10-07 21:41:00,CNC-02,M,299.22346579155817,312.84050573553833,2633.8394281030796,20.23448165280378,179.82655472096945,3.6462677991147543,10.276040514144654,55.68565798356279,0,2026-10-08 00:33:57
2026-10-07 19:44:00,CNC-01,L,300.00931559496615,312.7682711165985,2367.234803772104,23.33838114817918,53.24599136727307,2.9780837977121104,10.475381523897099,55.519109678983675,0,2026-10-08 00:33:57
2026-10-07 03:46:00,CNC-03,H,297.2627386650789,311.22535316519776,2370.6127322684324,26.10669661613706,217.52366160659096,3.6112025697734302,11.737235904000942,57.3928256827047,0,2026-10-08 00:33:57
2026-10-07 13:22:37,CNC-02,M,297.03573488136254,312.06836093325563,1389.163739379152,53.12911532053805,195.26298362697923,2.620163225228328,13.629447468103217,55.178899747729744,0,2026-10-08 00:33:57
2026-10-07 11:41:00,CNC-02,M,296.57004669404597,310.809485968837,1395.5048520342782,51.56948555139892,34.938304887708036,2.0146394833746792,13.980052151457969,58.231558332893435,0,2026-10-08 00:33:57
2026-10-07 23:42:00,CNC-02,M,298.8730888257115,310.16230499104864,2669.3103293664763,9.932386051956778,72.52794977743635,3.187395848372137,5.054792371091805,57.37515090288512,1,2026-10-08 00:33:57
2026-10-07 14:39:00,CNC-03,H,298.76921573135473,314.18166546614697,1610.3914162764056,50.840422346941516,177.99166115467938,2.679055566529151,15.350453987215188,51.33638704733463,0,2026-10-08 00:33:57
2026-10-07 14:02:00,CNC-01,L,297.23384294143113,310.35273676991216,1370.2486008697663,45.89697339941364,23.556415871245107,2.053560636430841,,57.283534037638226,0,2026-10-08 00:33:57
2026-10-07 16:54:00,CNC-02,M,298.87253149893957,312.98131295135414,1820.3582881045816,38.627343041285904,41.245865433276734,,13.190804530882817,51.91022310121527,0,2026-10-08 00:33:57
2026-10-07 07:04:00,CNC-03,H,295.966216481484,310.9846578631858,1831.3430959312982,40.39772401729646,239.7251741440636,3.3999743097417507,13.639250807919797,59.02520578956258,0,2026-10-08 00:33:57
2026-10-07 20:49:00,CNC-02,M,299.38024827382856,313.0073843288755,2546.9677310565694,24.22153501310665,121.51154323423755,3.2354792648086304,11.702128728649999,52.60618495094734,0,2026-10-08 00:33:57
2026-10-07 10:42:00,CNC-02,M,296.40782184954406,311.4963175630933,1428.7884473901718,50.57352380907732,190.32381567089107,2.6184112262716956,13.550289832376944,59.38160384274128,0,2026-10-08 00:33:57
2026-10-07 17:09:00,CNC-01,L,299.1061172101195,312.9661470463109,1900.158274677084,35.11930569474344,82.461717120171,25.042367537307697,12.605862231297714,52.37512179968843,0,2026-10-08 00:33:57
2026-10-07 06:31:25,CNC-03,H,295.99375630436725,310.48534405015533,1834.0009770889508,40.42552932261459,195.51649724763396,2.921848446346222,13.866282741443301,56.15661140764776,0,2026-10-08 00:33:57
2026-10-07 13:18:00,CNC-03,H,297.80955437207945,311.6367247482959,1487.9097689263908,45.71970214794,51.95811451753991,2.0834922485923877,12.776222401813039,58.96167097868309,0,2026-10-08 00:33:57
2026-10-07 20:00:00,CNC-02,M,299.06188647302315,312.13981229978526,2356.1418248781047,21.61697351129335,63.79600417441475,2.992663997817162,9.420021688305702,52.262742525805685,0,2026-10-08 00:33:57
2026-10-07 11:45:00,CNC-03,H,297.30180080619505,311.38899217437466,1286.4722775470675,51.16183846255949,153.1074481354239,2.1839043997851784,12.363137271407071,56.4287566427137,0,2026-10-08 00:33:57
2026-10-07 21:13:00,CNC-01,L,305.41198246765396,312.615336960364,2490.5719610409806,21.899822999422977,157.01614491996833,3.2996729449071944,10.103729335968493,39.52838230784717,0,2026-10-08 00:33:57
2026-10-07 09:25:00,CNC-03,H,296.0802406841303,311.2062457732642,1645.858556935121,47.604813917659285,205.00751429584423,2.852876087313959,14.711080135775072,56.76846096428117,0,2026-10-08 00:33:57
2026-10-07 01:36:00,CNC-03,H,297.99181735612495,310.1789388426726,2705.0554231878887,16.569247636989864,71.51964938724943,3.351800675611836,8.531786594510177,59.27625213064966,0,2026-10-08 00:33:57
2026-10-07 00:41:00,CNC-01,L,298.6840524378057,310.16465269077634,2757.0227399844935,13.06106586683464,25.17110048639583,3.438418011391649,6.896143097588705,51.34364886692647,0,2026-10-08 00:33:57
2026-10-07 04:13:00,CNC-02,M,297.1735255964437,310.3508935609249,2320.1210953445498,24.8315510199837,77.960276084843,2.8631709477532317,10.8448534165208,56.638145226197736,0,2026-10-08 00:33:57
2026-10-07 08:26:00,CNC-01,L,295.6081421667571,310.2306139174123,1688.7383211726658,44.91410353749824,176.63474109995425,2.856668047452635,14.58337653707812,64.21672933847844,0,2026-10-08 00:33:57
2026-10-07 20:48:00,CNC-03,H,299.6843664874449,313.7167636287743,2488.759122018089,25.833966085614982,210.36391521165905,3.6964412436967415,12.074978443085364,49.001348019322386,0,2026-10-08 00:33:57
2026-10-07 08:36:46,CNC-01,L,295.38646571525595,310.64830685439085,1632.6535033325554,47.67689275384508,194.7293372143928,3.008787077595175,14.348687668056487,57.631785313086866,0,2026-10-08 00:33:57
2026-10-07 16:40:00,CNC-01,L,298.66330764480045,313.0905509239158,1735.8133683238962,43.42876082589988,41.80004608249553,2.383771495825886,14.013860309558055,55.49400225942222,0,2026-10-08 00:33:57
2026-10-07 15:19:00,CNC-01,L,298.1005177589675,312.62805064678713,1624.4457914504396,45.08418814744367,141.7774439692668,2.649731801842238,13.743778839042436,52.088432333573415,0,2026-10-08 00:33:57
2026-10-07 01:43:00,CNC-02,M,298.22255392728493,309.5998579010708,2733.3149259894526,11.463614390594625,122.00643631990977,3.37753762005107,5.902293059646485,51.21610990443407,1,2026-10-08 00:33:57
2026-10-07 13:15:00,CNC-01,L,297.1513498544748,312.31588402756597,1534.8325147956646,50.26359874796985,175.82731808416239,2.7784461770095823,14.362421688818912,58.70976933466099,0,2026-10-08 00:33:57
2026-10-07 19:00:00,CNC-02,M,299.08346366018213,314.08567241611274,2217.7015191073665,32.873417630720766,209.27754970719374,3.479218913823767,13.592749635757436,53.54648265401915,0,2026-10-08 00:33:57
2026-10-07 14:46:00,CNC-01,L,297.6828098000829,312.06929944689836,1539.0052374940242,48.05965035213111,91.66297146672441,2.297661569692055,13.912004583582162,53.338296954884484,0,2026-10-08 00:33:57
2026-10-07 05:10:00,CNC-02,M,302.2360081944651,310.85737751505326,2191.7342800639294,33.36984365740822,148.72695974606648,3.1017779413534097,13.630577053743085,45.337811815104814,0,2026-10-08 00:33:57
2026-10-07 17:53:00,CNC-01,L,298.9909099965482,313.62987930190144,1982.733578659889,36.33858258190998,142.6794908151632,2.855366999844271,13.420081515508166,52.790682432041955,0,2026-10-08 00:33:57
2026-10-07 19:10:00,CNC-02,M,299.02845267585883,312.458363241627,2134.842048958508,29.701009590420323,2.55237622731861,2.7147092610827572,11.870793871125928,52.54326853216614,0,2026-10-08 00:33:57
2026-10-07 21:07:00,CNC-03,H,299.5716441222475,313.38996425280396,2445.8984512320576,23.632821353235364,4830.910135608474,3.9292706173301637,10.973400333790362,55.2856329784479,0,2026-10-08 00:33:57
2026-10-07 15:11:00,CNC-02,M,298.31894031862413,313.42771812857615,1633.8528393439212,46.80716089326172,116.76060257013464,2.3977242695168455,14.269089529060444,55.41591131672063,0,2026-10-08 00:33:57
2026-10-07 07:30:00,CNC-02,M,296.3537331448605,310.8188012713408,1781.5298209862112,39.02065371133947,116.20575737845036,2.606124151969004,13.097782717485025,56.43563171539602,0,2026-10-08 00:33:57
2026-10-07 02:48:00,CNC-02,M,297.91695436962857,311.8588156128322,2442.527221758037,25.724706603662447,194.00407240426404,3.5518168698114487,11.782597228819693,53.27039722982648,0,2026-10-08 00:33:57
2026-10-07 07:22:00,CNC-01,L,295.63350435395756,309.65721888800516,1759.352480659142,40.950113115646545,83.24426066819075,2.56177410178136,13.424389462150428,59.81755959166346,0,2026-10-08 00:33:57
2026-10-07 03:00:00,CNC-03,H,297.5120867583797,310.88593368991116,2552.3608633916238,22.41956575384127,164.4579539966532,33.59506057835892,10.520845766936013,56.58105784203147,0,2026-10-08 00:33:57
2026-10-07 19:26:00,CNC-02,M,298.87106827295634,311.96048336559033,2342.1791072744068,24.491401024483817,22.256617708859718,2.877464344170794,10.726647809110403,51.77328867819703,0,2026-10-08 00:33:57
2026-10-07 20:08:00,CNC-02,M,299.3078561011556,312.7212541888588,2350.352541550999,23.758036524256312,73.31135972868071,2.997029130857755,10.895210711207977,52.6804251927004,0,2026-10-08 00:33:57
2026-10-07 14:44:00,CNC-03,H,298.7808629176804,313.1853909379895,1463.0403482290592,48.66663353104671,185.60486545860724,0.0,13.179560416682392,56.84198590267906,0,2026-10-08 00:33:57
2026-10-07 01:06:00,CNC-03,H,298.3453442839558,310.3544801747707,2655.865546125438,17.687167700143057,38.67496841618344,3.213965022753138,8.94656515880162,51.83275143086005,0,2026-10-08 00:33:57
2026-10-07 04:31:00,CNC-01,L,296.1787507839149,309.24108793427547,2219.5580962524095,25.027854878569197,80.0557948721616,2.8713666002320775,10.439959908967833,60.17024695877417,0,2026-10-08 00:33:57
2026-10-07 05:55:00,CNC-01,L,295.5856974517976,310.21797791736714,2252.1882998340193,31.202663355657926,187.3237888687521,3.4894353266390703,13.297664557318127,62.181430710284914,0,2026-10-08 00:33:57
2026-10-07 12:30:54,CNC-02,M,23.428547309626765,38.32580537464804,1386.306720073738,55.00748450475132,112.80504472793751,2.089606712476872,14.328659582216034,61.393467336698755,0,2026-10-08 00:33:57
2026-10-07 18:49:49,CNC-02,M,298.8520922908741,313.5507860112945,2252.2653034380237,30.121592003287965,196.59758621684327,3.513629028929044,12.75952536759454,58.62062566877834,0,2026-10-08 00:33:57
2026-10-07 14:28:05,CNC-03,H,298.509334460167,313.2903412207363,1531.70469000135,49.792524338945256,161.05513028405477,2.4721299473614815,14.448943762085655,52.49002394875527,0,2026-10-08 00:33:57
2026-10-07 06:42:00,CNC-02,M,296.43832249545665,310.50904008697256,1818.4676351949806,38.51773446399427,48.83237087689341,24.070994950429604,13.15133266353162,55.12888550204338,0,2026-10-08 00:33:57
2026-10-07 08:57:00,CNC-03,H,296.274537781788,311.4039175780636,1482.2180297041211,51.53816825094734,162.1005754410492,2.3823737149068545,14.453811661097015,55.1343666600921,0,2026-10-08 00:33:57
2026-10-07 01:34:00,CNC-02,M,298.4700086353966,311.1583953064727,2658.358776301881,18.050193094684673,112.27592271651827,3.297240479597615,8.807432461894756,52.28279570444774,0,2026-10-08 00:33:57
2026-10-07 17:39:00,CNC-03,H,299.8306977059739,314.650016131707,2109.3536008690576,34.19479679994536,221.6859244891977,3.368944561950326,13.441405081250744,47.77855824701667,0,2026-10-08 00:33:57
2026-10-07 20:37:00,CNC-03,H,299.7344111966338,313.40425940547976,2412.110723466331,25.284346584158357,197.50471314148115,3.604531693949467,11.478638251372846,55.82208090585939,0,2026-10-08 00:33:57
2026-10-07 19:21:00,CNC-02,M,298.77803700448715,312.16986015942484,2262.072334694358,26.255778741291145,16.14389744609488,2.8529099197457106,10.955043814357692,51.90755899598326,0,2026-10-08 00:33:57
2026-10-07 22:25:00,CNC-01,L,299.69838327263847,311.09101172713235,2664.0789960011025,13.515416990146765,31.346416269583127,3.1796276948392483,6.8846113219074025,49.44260376944848,0,2026-10-08 00:33:57
2026-10-07 16:41:00,CNC-01,L,298.90611818233907,312.3088234416473,1744.7501688094294,37.495894449120996,43.19253939656001,2.327119065847137,12.130067938437444,53.557735683669435,0,2026-10-08 00:33:57
2026-10-07 06:48:00,CNC-02,M,296.0453515576195,310.6723309259423,1847.1376925505317,40.30897740694235,57.073133400563584,2.511383807394022,13.874836068965099,57.41551281711716,0,2026-10-08 00:33:57
2026-10-07 21:30:00,CNC-02,M,299.4987606812519,313.0504281147922,2528.59808666319,21.623948853966642,167.75582098662215,3.4013019683027603,10.235013566139875,54.38488929543142,0,2026-10-08 00:33:57
2026-10-07 13:49:00,CNC-01,L,297.26212758301887,310.75221399194453,1467.6064773033813,43.80262934801414,3.1382733631294184,21.232987187268282,11.873429052452126,54.77289851144141,0,2026-10-08 00:33:57
2026-10-07 23:23:00,CNC-03,H,304.6580060504812,311.5697875188312,2659.023048370699,18.970327903044005,127.83750257071695,3.489136222902955,9.392706853732005,43.23395421591409,0,2026-10-08 00:33:57
2026-10-07 03:33:00,CNC-03,H,297.28046146875187,311.7223918743577,2402.0836247346947,28.325278802870947,202.19583480198244,3.460552962650718,12.632797507196354,53.088790541189425,0,2026-10-08 00:33:57
2026-10-07 14:16:00,CNC-02,M,297.7086696919536,311.6450336191313,1481.8458206363562,46.59925619055043,32.54373828552362,,12.991390783156548,55.48605415218028,0,2026-10-08 00:33:57
2026-10-07 14:16:00,CNC-01,L,297.62987170099456,311.46736503888354,1413.0281914931722,48.73437808621195,45.40183587978945,2.0742199910458203,12.794992048520799,57.30079739743636,0,2026-10-08 00:33:57
2026-10-07 21:34:00,CNC-01,L,305.0610210992306,312.12729713217783,2644.811430040173,19.33148653162911,180.50909752083774,3.6855480212576475,9.845673661043701,43.7728989896981,0,2026-10-08 00:33:57
2026-10-07 22:31:00,CNC-01,L,299.38535347344816,312.2375864734711,2612.391989113063,21.679875711928705,37.92025837957779,3.2570482844971558,10.40636545945519,50.40388621157168,0,2026-10-08 00:33:57
2026-10-07 13:21:00,CNC-03,H,297.7836778618972,311.83840749609004,1375.9398864122813,50.51316437606983,56.7132271575956,1.99145069960391,12.984761678479419,55.538190248479964,0,2026-10-08 00:33:57
2026-10-07 18:54:00,CNC-01,L,299.8235167522895,314.46429376980444,2160.1271338407983,33.645700688170585,221.9123261058255,3.9196574892177583,13.719315317713512,51.23660590164617,0,2026-10-08 00:33:57
2026-10-07 03:58:00,CNC-02,M,297.2113681324166,310.86677270196185,,26.259680927563082,59.788421171015045,3.057569649762454,12.080306106677657,58.4332443624579,0,2026-10-08 00:33:57
2026-10-07 22:27:00,CNC-03,H,304.6122097797564,310.62332687686165,2679.2302166459995,16.644392972643665,67.89201263717749,3.2698180819426503,8.274673941103389,45.82455449034357,0,2026-10-08 00:33:57
2026-10-07 22:42:00,CNC-01,L,299.57772621792316,311.6508647533768,2615.113986146374,16.911251001888843,49.79578576192108,3.2199238978675067,8.152629453323318,54.592577654517704,0,2026-10-08 00:33:57
2026-10-07 14:11:00,CNC-02,M,297.50146195009046,311.72189168109793,1386.7850019051452,52.284479262101605,24.860796321908566,1.9880658272257312,13.653712350778106,60.58080752148886,0,2026-10-08 00:33:57
2026-10-07 01:10:00,CNC-01,L,298.39668243341526,308.99408401625305,2793.1310295262633,9.578949189716536,56.26684849944499,3.421794970689491,4.654391607993933,59.4033686957663,1,2026-10-08 00:33:57
2026-10-07 14:39:00,CNC-01,L,297.84780555268463,311.9693318548814,1412.1646082844038,50.520534360939834,80.91821463987199,2.128644276038752,13.357130394140983,51.26185694261968,0,2026-10-08 00:33:57
2026-10-07 06:51:00,CNC-02,M,296.2921583032077,310.0036284371252,1859.7889613382517,36.054255448148204,61.222617627114204,2.4595736521821467,12.398117242345666,55.204582536634625,0,2026-10-08 00:33:57
2026-10-07 16:13:00,CNC-03,H,26.40701889846855,40.6345449850059,1774.9675391660112,37.87784153120246,100.84287971124724,2.3942596920620716,12.342854149745538,54.74148185272882,0,2026-10-08 00:33:57
2026-10-07 18:39:00,CNC-03,H,300.27527284733065,313.91731728225335,1979.2918678057267,33.54313089559777,53.80928926316332,2.612132958262301,12.641235655205156,47.73630825038332,0,2026-10-08 00:33:57
2026-10-07 06:26:00,CNC-02,M,296.10143784829745,309.64581572548303,1869.8807621346964,35.37843473132671,27.070876619857938,2.506703812373884,12.364799250684458,63.88320567961576,0,2026-10-08 00:33:57
2026-10-07 23:03:00,CNC-03,H,304.40105189684806,310.08951685886194,2768.149217495783,13.496357220404223,106.6798915384803,3.4253383579939123,7.158814002513584,41.46728065840525,0,2026-10-08 00:33:57
2026-10-07 03:29:00,CNC-02,M,297.24949131475563,309.9169276141301,2511.751000651555,21.431646134954143,25.470007316058044,3.1154196196842365,10.118489614046844,58.72317537718307,0,2026-10-08 00:33:57
2026-10-07 18:55:00,CNC-03,H,299.95536508583695,314.01391696972627,2202.410769390624,32.28053331744809,74.05363055875007,2.7442857883813345,346.80803053878617,52.44170548878733,0,2026-10-08 00:33:57
2026-10-07 02:06:00,CNC-03,H,297.79039121513375,309.8872419029785,2676.2137149542777,15.182930719893237,104.2253573255942,3.27222176278019,7.528406504052926,53.19970154564763,0,2026-10-08 00:33:57
2026-10-07 03:54:00,CNC-03,H,297.08333137650146,311.42110770974375,2330.374226823157,28.117207850545803,227.01127361575504,3.7770410106887535,12.19877110268868,58.32518885348878,0,2026-10-08 00:33:57
2026-10-07 00:36:00,CNC-01,L,298.78795560166157,310.16770265535627,2785.260225510303,13.355732075796885,19.83768717512322,3.431278981584926,7.077112784385455,52.91851877396243,0,2026-10-08 00:33:57
2026-10-07 20:58:00,CNC-02,M,299.6000801592282,313.04599087728656,2476.7399174316997,22.387187732636736,131.81483431704436,3.175594846434928,10.031472347716923,53.66455539592447,0,2026-10-08 00:33:57
2026-10-07 09:02:00,CNC-01,L,295.32537941113185,310.37759840906364,1525.6869233954988,50.23081951993269,230.82205135044032,3.433658767588348,14.305487144719136,56.9014126442916,1,2026-10-08 00:33:57
2026-10-07 01:35:00,CNC-02,M,298.6382224482052,311.228809273516,2650.984506678427,17.772429667684342,113.37486608299584,3.2793301069778873,8.762913753885357,55.63314955733694,0,2026-10-08 00:33:57
2026-10-07 13:20:00,CNC-02,M,297.42641959479346,311.7580687756748,1378.8278645223158,49.42049397302175,192.11509177808819,2.5892274716897403,12.846285590242758,54.44715862260512,0,2026-10-08 00:33:57
2026-10-07 19:46:00,CNC-03,H,299.86644178206126,313.74169451109805,2342.4670789258967,27.671045372906434,136.91029482213762,3.0846894580404443,12.239170857173999,51.74437342562294,0,2026-10-08 00:33:57
2026-10-07 03:36:00,CNC-01,L,296.6937820356763,308.77406569156716,2411.319975763172,20.535281540441147,13.982122503063458,2.902436247715422,9.280437401078306,57.29950937654642,0,2026-10-08 00:33:57
2026-10-07 09:12:00,CNC-01,L,295.473036613079,309.5282864881817,1579.7502569373278,46.35975002257231,9.266982371580518,2.19621019120365,13.55687710429227,61.122883504544255,0,2026-10-08 00:33:57
2026-10-07 22:23:00,CNC-03,H,304.9003203666615,311.0281182554131,2638.55087335825,16.47380763484984,63.63522975860323,3.1382975378851294,8.200382900994418,38.738658291212346,0,2026-10-08 00:33:57
2026-10-07 10:41:17,CNC-03,H,296.9191056765983,311.3498429350265,1410.7705796668758,52.81168786353907,51.62791499535839,1.980853754989588,14.048921824579399,54.957046677048986,0,2026-10-08 00:33:57
2026-10-07 10:37:00,CNC-03,H,296.53004172371135,310.76424227624386,1542.7692003534266,47.928101101711185,45.33185846568205,2.2590229608291006,13.980070393568367,56.16776095730044,0,2026-10-08 00:33:57
2026-10-07 11:38:00,CNC-01,L,296.22225316708347,309.8214635582312,1492.554636592893,45.39018442233886,22.08559734940696,2.072155370123922,12.595906550959066,55.20916865849619,0,2026-10-08 00:33:57
2026-10-07 02:57:00,CNC-02,M,297.88017829925974,311.6304301592778,2578.5718732681694,22.491740407009043,204.17019239620953,3.8750237384134234,10.775041969066711,55.08181871735029,0,2026-10-08 00:33:57
2026-10-07 02:24:00,CNC-02,M,298.3410836803609,311.51197263778914,2528.898270387219,21.324472146147937,167.18447254098118,3.3450324165718137,10.161627988114384,53.83366378891272,0,2026-10-08 00:33:57
2026-10-07 06:34:00,CNC-03,H,296.12514752948687,310.9658173401256,1871.7112929013674,40.64422461614826,198.26253106319112,3.084124508229163,14.278311703169923,60.14552806529553,0,2026-10-08 00:33:57
2026-10-07 20:34:00,CNC-02,M,299.57462732909255,312.8346013375025,2462.060400392289,21.451708321734046,104.16160569242858,3.162324663947488,,49.391351597709615,0,2026-10-08 00:33:57
2026-10-07 16:07:00,CNC-03,H,26.184110442924464,40.465379265658555,1840.9852545978692,38.98986223299293,92.14146242467145,2.5377156477539407,13.499214278907225,52.6378594483861,0,2026-10-08 00:33:57
2026-10-07 18:14:00,CNC-03,H,299.6345435717284,312.84105706575656,2075.743805866349,30.09952958145831,21.223582298397687,2.5656178669336986,11.629074534656194,58.578556156989556,0,2026-10-08 00:33:57
2026-10-07 08:33:00,CNC-01,L,295.40181209531653,310.25576579587187,1720.7804181518545,44.348382168857725,187.11586555444947,2.9490827115089626,14.385292461387975,62.597400677416395,0,2026-10-08 00:33:57
2026-10-07 23:00:00,CNC-03,H,304.6398230617977,310.6137482845669,2805.300993960119,15.513217500654296,103.4825575959246,3.4155632917541663,8.132676396495672,39.48989008774788,0,2026-10-08 00:33:57
2026-10-07 20:33:00,CNC-02,M,299.1315152887774,312.99662709241534,2394.7539427043544,25.42308841452078,102.99228874341885,3.095933499026163,11.208413104620172,50.386637970856306,0,2026-10-08 00:33:57
2026-10-07 13:31:00,CNC-03,H,297.94845951936634,312.21490529177356,1471.6623440770486,52.02800384186762,72.37463043928177,2.14828468861356,14.48535314813558,55.105529187900174,0,2026-10-08 00:33:57
2026-10-07 02:20:00,CNC-01,L,297.8069430948295,310.2711466319862,2480.111737812879,18.308949634306995,132.3254259478025,3.200731151337331,8.430760179056321,55.834812767966426,0,2026-10-08 00:33:57
2026-10-07 17:04:46,CNC-03,H,299.768319657711,315.04731563322923,1927.3236934779907,40.60662581694273,174.87191035515934,2.8547074447478673,14.642919961115961,51.979771398803784,0,2026-10-08 00:33:57
2026-10-07 13:18:00,CNC-02,M,297.2442862373626,312.19003458361954,1309.9472600491288,55.95471256428834,188.94849036354037,2.4947908172740116,14.082642529222506,59.102603741076415,0,2026-10-08 00:33:57
2026-10-07 18:03:00,CNC-02,M,299.25873533289973,313.4263972170321,1969.5189541968248,32.412142777851415,135.61545578756702,2.6601911329419226,,50.62454948336318,0,2026-10-08 00:33:57
2026-10-07 17:27:00,CNC-02,M,299.0776275031298,313.70392021329656,1954.28736817938,37.211585376131445,86.8137847700266,2.6374687406780954,13.622651386827938,51.3903068683627,0,2026-10-08 00:33:57
2026-10-07 22:30:00,CNC-03,H,304.732260599914,311.2689244477767,2643.5819639257024,18.39098479982703,71.20426595664222,3.213200592644277,9.044556896921705,47.95619671591304,0,2026-10-08 00:33:57
2026-10-07 15:30:00,CNC-03,H,25.759381261862814,39.14709218152154,1552.7911034156364,40.380989299469576,37.729732939864626,2.172717333420785,11.913357806126486,59.152299185832725,0,2026-10-08 00:33:57
2026-10-07 09:11:00,CNC-01,L,295.57746500339005,309.7004826711784,1577.2278220636117,46.33404142971513,7.746034297247979,2.1619506200824663,13.567112103162094,59.2113616444811,0,2026-10-08 00:33:57
2026-10-07 01:49:00,CNC-01,L,298.25870880651195,310.5310476296806,2587.719165816467,18.590113603414935,98.44286163176352,31.419618578826828,8.870917340063022,56.35264776069431,0,2026-10-08 00:33:57
2026-10-07 22:19:00,CNC-02,M,299.34040699341494,312.4276677955353,2716.6375840534383,16.96994267831783,221.76867354260241,4.064554445776485,8.756191138795025,52.93968736024636,0,2026-10-08 00:33:57
2026-10-07 19:06:00,CNC-02,M,298.8899961962281,313.6964347155917,2204.1728797061905,30.622732651332687,216.86349514673964,3.563863699758889,12.446078980934534,50.12980283370111,0,2026-10-08 00:33:57
2026-10-07 10:16:00,CNC-02,M,296.2298284433989,310.50406478565327,1444.1523957203685,47.280248605868955,149.26940825446823,2.463315387204807,12.714403077399067,59.08398735686536,0,2026-10-08 00:33:57
2026-10-07 02:36:00,CNC-03,H,297.63194593150814,310.38072555251983,2659.303610938349,17.497740562153115,137.4512382720949,3.3435759290799085,8.86963812595825,57.89774215795015,0,2026-10-08 00:33:57
2026-10-07 04:15:00,CNC-03,H,296.84299973660103,309.46612776242984,2353.81519992469,23.023262566917555,19.056575070848925,2.870263120489598,10.12757370080969,58.20698892090606,0,2026-10-08 00:33:57
2026-10-07 21:25:00,CNC-01,L,305.0808299481947,312.5095775265203,2465.065168094652,22.44277762311789,170.41400213510323,3.5295693884131545,10.199483539835757,41.55423322094826,0,2026-10-08 00:33:57
2026-10-07 11:48:00,CNC-02,M,296.4327116705695,310.44389746824555,1375.3770791568477,51.649051039890054,46.041396048210984,2.0655758941912605,13.540296940274043,58.05534518705985,0,2026-10-08 00:33:57
2026-10-07 20:04:00,CNC-02,M,,312.2866136236529,2442.8010829312966,23.813290008861745,68.56006019221446,2.960255061115991,10.888784368762044,54.27642516161118,0,2026-10-08 00:33:57
2026-10-07 18:06:00,CNC-01,L,299.57331588221797,314.1040748351104,1979.8321769481981,37.08462984598388,160.00713516151308,3.0041984434079168,13.65526058981794,48.23173121547373,0,2026-10-08 00:33:57
2026-10-07 15:48:00,CNC-02,M,25.266271593896874,40.2240771943047,1458.0455037199836,49.854005508344436,171.74941547085504,2.4449623763450594,13.68707847101066,54.66469163959412,0,2026-10-08 00:33:57
2026-10-07 18:01:03,CNC-03,H,299.7850625964405,313.23975614362575,1965.7692873752944,33.56253322387633,5.326346077830287,2.6664487154602354,12.199239865473398,49.38338290388584,0,2026-10-08 00:33:57
2026-10-07 20:09:00,CNC-01,L,299.63291487066124,313.0871380099669,2474.0710078784246,25.172105963396636,83.20725892691074,3.0841837597219732,11.303993548416143,49.47835719652073,0,2026-10-08 00:33:57
2026-10-07 23:08:00,CNC-02,M,299.318771060364,310.957799161372,2719.6272293274487,12.95299890729643,36.34333195658565,3.2370946799624876,6.45577744431422,48.82125581937735,0,2026-10-08 00:33:57
2026-10-07 09:39:00,CNC-03,H,296.3568547148349,311.00425682961884,1325.3642383592905,52.081924616838776,226.55873833191518,2.7800693343117686,12.872869738709856,58.82224783732518,0,2026-10-08 00:33:57
2026-10-07 20:34:00,CNC-01,L,299.8859631693565,313.17573979908616,2530.8116976876463,21.119831556160797,112.4855076563715,3.2346922771455877,10.031659058852902,53.87498616046007,0,2026-10-08 00:33:57
2026-10-07 00:39:00,CNC-02,M,298.7850265131107,310.62138470224903,2642.3141064085034,16.301485096539075,53.14670330074887,3.299562381648254,8.029066633972423,54.90616653821407,0,2026-10-08 00:33:57
2026-10-07 17:15:00,CNC-01,L,299.1443686880732,313.30930802226084,1928.6706785340848,37.338513272937135,90.76777384624506,2.6696149276889303,13.648677523985052,52.25025715391464,0,2026-10-08 00:33:57
2026-10-07 01:32:00,CNC-02,M,298.46842921785674,311.18278303177607,2712.82861633332,18.625348605425717,110.12269297967734,3.334239266088684,9.463712610463933,57.590132723526935,0,2026-10-08 00:33:57
2026-10-07 13:27:00,CNC-02,M,297.41969914865484,312.51092706254883,1306.446342089123,57.9793494694779,203.21927052224422,2.5394803172850318,14.39880471789165,58.0202158679426,0,2026-10-08 00:33:57
2026-10-07 16:57:00,CNC-02,M,298.7539456470758,313.0990595446332,1932.6956610187324,37.39550140531873,45.46466144815506,2.590564286930456,13.864530839869385,50.89499942130984,0,2026-10-08 00:33:57
2026-10-07 02:34:00,CNC-03,H,,310.0168292384415,2592.97725506336,17.478128303165626,135.30039817766036,3.3277710776745,8.55396038426326,52.66962051134965,0,2026-10-08 00:33:57
2026-10-07 14:50:00,CNC-03,H,298.6212038494892,313.7412130776712,1531.0277081187471,49.52912158755416,194.8475335441683,2.6244601849086235,13.99623484884737,53.65800328615029,0,2026-10-08 00:33:57
2026-10-07 14:08:00,CNC-02,M,297.5993497314855,311.56598858031776,1583.6321690555944,42.41916681647124,20.110776752159737,2.243168223476282,12.565909076568692,50.70705783485092,0,2026-10-08 00:33:57
2026-10-07 02:01:00,CNC-02,M,298.1924322028772,311.536544198532,2544.847895158251,21.40430102187262,141.71073915964084,3.3650090220156437,10.036943226568894,53.19660410614998,0,2026-10-08 00:33:57
2026-10-07 15:59:00,CNC-01,L,24.992849367528834,39.758947332369814,1814.914632152452,40.34958816384916,201.02470998177867,3.165727061892436,13.665608022749797,51.96324386348448,0,2026-10-08 00:33:57
2026-10-07 02:18:00,CNC-03,H,297.56531753256195,310.3669800668376,2608.3884737878375,20.128066497378313,117.49936530560817,3.282208792398253,9.72853383691217,59.168611400699135,0,2026-10-08 00:33:57
2026-10-07 10:08:00,CNC-02,M,296.3317020975093,310.8070269516064,1350.2569687499301,50.74372217132439,136.663689300902,2.369839832736957,12.845036549125952,58.495665219676674,0,2026-10-08 00:33:57
2026-10-07 15:36:00,CNC-01,L,25.010120358627773,39.6688902397384,1604.1579567172143,46.57065332303375,167.15382577205668,2.6743632396613504,14.17637968179882,57.03692676748595,0,2026-10-08 00:33:57
2026-10-07 02:39:00,CNC-03,H,297.442247786192,310.30675360442797,2540.692363857538,19.412636069503108,140.78027021340327,3.2986514495385224,9.315355523052382,55.526872154221806,0,2026-10-08 00:33:57
2026-10-07 17:21:00,CNC-03,H,299.6374540556584,314.30208080896114,1886.3103147201393,36.57230048659517,197.04998466290186,3.001449760463447,12.640005354698216,51.68652403717861,0,2026-10-08 00:33:57
2026-10-07 06:54:00,CNC-02,M,295.88384910962105,309.3901411853271,1892.0836349454526,33.08391726284587,65.36806157626343,2.5044956900710256,11.661526646433606,59.19424168363078,0,2026-10-08 00:33:57
2026-10-07 03:22:00,CNC-02,M,297.2650284366804,309.7410416774063,2453.1118188410596,20.46096833763259,17.232964082588317,3.013620312817958,9.494318642525077,53.636095627850636,0,2026-10-08 00:33:57
2026-10-07 07:20:00,CNC-01,L,295.79380323602845,309.4563823749297,1921.2063599762791,35.480515694317106,80.40364558226949,2.5784324451370306,12.96181102867147,55.837469293944515,0,2026-10-08 00:33:57
2026-10-07 03:54:00,CNC-02,M,296.9857897281667,310.063848683155,2400.6424897823836,24.655134717402646,55.069355712987246,3.0028086195828507,10.873796371416402,53.43199758879584,0,2026-10-08 00:33:57
2026-10-07 11:47:00,CNC-02,M,296.82426441430715,310.4998184719975,1310.6287190199519,47.39357311190169,44.44139604821098,2.003878444264865,11.7323643518346,56.56805871148655,0,2026-10-08 00:33:57
2026-10-07 16:40:00,CNC-03,H,299.4964915163357,314.2961302341572,1685.4702321307525,44.141617976679846,139.57258957274198,2.4469390873819408,14.00672028983702,50.7229550166715,0,2026-10-08 00:33:57
2026-10-07 15:58:00,CNC-03,H,25.822920393918366,40.08450319782355,1788.900843609364,40.530865737289005,79.08433592840322,2.4961913959953894,13.832521646719464,51.27867161740092,0,2026-10-08 00:33:57
2026-10-07 05:25:00,CNC-01,L,295.96146086655455,309.6899178096932,2195.995125670305,27.552353256816627,148.17236124345922,3.093701041277382,11.023403720194198,66.13414691469659,0,2026-10-08 00:33:57
2026-10-07 02:47:00,CNC-03,H,297.7204362038381,311.0192597863369,2529.903053397065,21.296232407809367,149.76849179820778,3.3149384888560878,10.207872415564871,53.39692286777736,0,2026-10-08 00:33:57
2026-10-07 05:34:00,CNC-02,M,302.11892417665854,310.86944100962626,2099.6417080746746,35.25985407308375,179.54700707165702,3.3181126680517314,13.829283617157447,49.10814670871537,0,2026-10-08 00:33:57
2026-10-07 06:18:00,CNC-03,H,296.1942490550056,311.23081762435464,2105.245572959323,36.248694409604354,176.6375619203374,3.0167586593550135,14.481150638621127,57.04501284943515,0,2026-10-08 00:33:57
2026-10-07 09:35:00,CNC-03,H,296.41005845479816,311.47334570923607,1558.769966474528,48.691318506501496,220.38369705546404,2.9561765901592665,14.528461612105964,54.49626844311141,0,2026-10-08 00:33:57
2026-10-07 00:44:00,CNC-03,H,298.8494986181934,309.9961100269381,2683.69461671625,13.37323008821517,15.084874678567392,3.245087565351201,6.631187387942669,54.59657276491294,0,2026-10-08 00:33:57
2026-10-07 09:17:00,CNC-01,L,295.43406672075537,308.7947333956867,1415.0956200382586,47.42574489108695,16.965295499063775,20.40822996984201,12.669264856766617,56.2808750367102,0,2026-10-08 00:33:57
2026-10-07 19:36:00,CNC-03,H,299.7123667043159,311.875869269779,2367.201814435252,18.897277630194736,124.5260174195519,3.089446554858729,8.077509800938277,53.29102858901792,0,2026-10-08 00:33:57
2026-10-07 05:41:00,CNC-02,M,302.1678911084147,310.31466086961115,2291.7191377716167,28.62308954845649,188.66517961051358,3.4378901167870977,12.07518969656188,52.84114684371034,0,2026-10-08 00:33:57
2026-10-07 01:46:00,CNC-03,H,298.1479529879609,310.33098876206054,2698.5325889356864,17.079306992921467,82.40766621292053,3.276685302136041,8.697914889416232,46.85533044614416,0,2026-10-08 00:33:57
2026-10-07 01:13:00,CNC-01,L,298.31081523544333,309.6080082104618,2649.778340749063,12.797166524047638,59.44691894628141,3.2493429432731156,6.328715450264437,58.26874789153377,0,2026-10-08 00:33:57
2026-10-07 13:29:00,CNC-03,H,298.15561819535986,312.11765695112274,1332.141176728677,50.68343624468624,69.23976134227222,2.125032855942412,12.74805692598818,54.32596132796949,0,2026-10-08 00:33:57
2026-10-07 16:22:00,CNC-01,L,25.388350425625276,39.21234637450783,1736.4040641634947,40.26083767756786,15.941408753027456,2.4433469735351903,13.244512035453523,50.24769098422495,0,2026-10-08 00:33:57
2026-10-07 01:40:00,CNC-01,L,298.12801147082956,310.71895817728864,2664.0138641102794,18.596787743114866,88.73233007416557,3.269448903784,9.222960220851874,54.02656257199292,0,2026-10-08 00:33:57
2026-10-07 22:07:00,CNC-03,H,299.5521334225481,311.8856420575533,2569.6067812550796,18.29809643162951,46.147347954324445,3.117949886216305,8.857972173933613,54.74966595744498,0,2026-10-08 00:33:57
2026-10-07 08:53:00,CNC-01,L,295.47655228836777,310.5721419608978,1432.7382891327138,51.284772505285076,217.27964628299807,3.038939404318557,13.723203682205757,59.73194155399957,1,2026-10-08 00:33:57
2026-10-07 02:48:46,CNC-01,L,297.4805387898719,311.8702610580194,2504.9014301083116,27.49778779165571,164.8757176064844,3.511611742328083,13.011898961667837,55.65750379670585,0,2026-10-08 00:33:57
2026-10-07 15:46:00,CNC-03,H,26.306245088559024,40.79384290338464,1750.0132407598153,43.28270304699279,61.507992106045435,2.462889694687533,14.167616918166758,52.80815766174116,0,2026-10-08 00:33:57
2026-10-07 03:49:00,CNC-01,L,297.01378894501283,309.90474526790064,2455.9648713669258,22.20387962789912,29.19562685851823,2.9005300204415487,10.272682700555952,54.4855535189744,0,2026-10-08 00:33:57
2026-10-07 13:36:00,CNC-01,L,297.28046104972856,312.24670400408155,1435.038838822217,51.103290664142506,208.8955533409508,3.0385275396274443,13.950653315287878,55.14607418724096,0,2026-10-08 00:33:57
2026-10-07 18:25:00,CNC-02,M,298.616043696363,313.33978903542754,2131.998585417104,33.31531045579858,164.463083401961,3.121150815187353,13.33688474346116,50.26517820177267,0,2026-10-08 00:33:57
2026-10-07 23:20:00,CNC-02,M,299.0724864745731,310.83797329919116,2813.6303634202786,13.36880071752882,49.16673062417792,3.309643198300935,7.058485790617909,,0,2026-10-08 00:33:57
2026-10-07 10:45:00,CNC-03,H,296.76690076218995,310.97712644747776,1416.9399924501047,52.00624161055023,57.95429015275667,2.0462713146426412,13.745315547221404,53.9663948881462,0,2026-10-08 00:33:57
2026-10-07 12:35:00,CNC-02,M,23.87895443103423,38.201851653540984,1349.3259442323501,50.316427184100924,120.7061685782105,2.0701657244505767,12.889377354416755,58.63725738412156,0,2026-10-08 00:33:57
2026-10-07 16:00:00,CNC-03,H,26.291218254492037,40.77830590273061,1718.3796302362525,43.584285349569654,81.9946186088845,2.3175652484921585,14.188031580542273,55.17971528203959,0,2026-10-08 00:33:57
2026-10-07 10:24:00,CNC-03,H,296.44603604332616,310.52409736637355,1580.7482851969821,47.93408249922751,24.894995353072364,2.2557674706249027,14.064867376981931,54.82089453203782,0,2026-10-08 00:33:57
2026-10-07 09:06:00,CNC-03,H,296.3373751229426,311.209915889926,1546.3369615310971,48.81286375112511,175.84517499557114,2.475465115390631,14.320368249066725,58.036083552219516,0,2026-10-08 00:33:57
2026-10-07 22:24:00,CNC-02,M,299.3158395102363,312.8270184978463,2722.7400858838987,18.32658871633097,227.18767111905245,4.090536950640943,9.030885042591914,56.0373888350429,0,2026-10-08 00:33:57
2026-10-07 05:27:00,CNC-01,L,295.8057642927967,309.8846730340392,1916.6480129462732,34.71841167241582,150.82140423469016,2.902097800051474,12.50595972429931,59.813626917399844,0,2026-10-08 00:33:57
2026-10-07 01:50:00,CNC-02,M,298.2512399362875,311.23367751684805,2520.406751463549,22.221199153980944,129.70617047682626,3.2802224761652834,10.512379371145753,51.19255443583941,0,2026-10-08 00:33:57
2026-10-07 03:27:00,CNC-03,H,297.5735237455482,310.89495190732276,2543.4114880780544,21.469367616706798,195.2231461719567,3.6105617500021867,10.366091702328108,58.2373417076304,0,2026-10-08 00:33:57
2026-10-07 05:26:00,CNC-01,L,296.0813433826435,311.0510337470549,2004.579271591651,38.73947743800708,149.49556371577853,2.9489520815023473,14.996857809128032,61.2188848799948,0,2026-10-08 00:33:57
2026-10-07 04:17:00,CNC-03,H,296.78216105515475,309.32653453938116,2383.444831951708,21.829829657005416,21.46858059440194,2.943704638337075,9.819846151489735,55.90958178094849,0,2026-10-08 00:33:57
2026-10-07 15:37:00,CNC-01,L,25.15435581616714,40.15580844126566,1760.7305079913904,43.459274207974886,168.61918703371498,2.7257410605414694,14.227450752956743,52.48841281535269,0,2026-10-08 00:33:57
2026-10-07 09:29:00,CNC-02,M,295.6451553838889,309.8496012233479,1530.2903960234771,45.97898085728842,76.27347846729441,2.2880218815830218,12.91618762515176,58.45842040329495,0,2026-10-08 00:33:57
2026-10-07 02:42:00,CNC-03,H,297.6848342251259,310.1273172222412,2746.6569629208543,17.09986502382151,144.07957423626758,3.4412755808509234,8.818830869853915,55.723849045409544,0,2026-10-08 00:33:57
2026-10-07 02:08:00,CNC-02,M,298.3387634247188,311.46171776399416,2742.2369602795015,19.66547614100591,149.3915711168411,3.536041679351037,10.07078942664836,50.086537325392385,0,2026-10-08 00:33:57
2026-10-07 21:55:00,CNC-03,H,299.45769403176837,311.42780039988486,2663.1577237191746,17.048295993511285,33.01907938793029,3.1403638405143277,8.43613790657795,54.5650089390971,0,2026-10-08 00:33:57
2026-10-07 20:26:00,CNC-02,M,299.47834520096103,,2522.632079130408,21.8366827393567,94.85574082505104,3.0480624257286966,10.408678105476152,52.885770786269774,0,2026-10-08 00:33:57
2026-10-07 09:58:00,CNC-03,H,296.49851298972175,311.6848327575169,1506.9205689085206,51.00588884771189,256.05167204266183,3.3247082624548727,14.375131545620926,56.959789363210376,1,2026-10-08 00:33:57
2026-10-07 11:55:00,CNC-01,L,295.98279430934963,310.23831357034555,1363.5071262630006,52.70904729786724,49.242961620365335,19.709198132895065,13.714185624210605,59.12400257738289,0,2026-10-08 00:33:57
2026-10-07 00:40:00,CNC-03,H,298.53692566719593,310.00363775125805,2706.2590083644063,14.07263801893116,10.825510002849411,3.259091379845563,7.2380592500709975,51.46845418886026,0,2026-10-08 00:33:57
2026-10-07 04:51:00,CNC-01,L,296.3024599755257,310.06344633884015,2239.6955296876026,29.131417071441856,104.78114796928074,2.91890790096694,12.28647457903358,62.00196956450896,0,2026-10-08 00:33:57
2026-10-07 04:16:00,CNC-01,L,296.514593761963,309.54639733976404,2166.7856334933404,25.82647852888314,61.720386602892226,2.748141695196098,10.793614471021362,60.84169984053607,0,2026-10-08 00:33:57
2026-10-07 23:42:00,CNC-01,L,299.04456296060795,312.25677979943913,2612.373959986975,22.21771456917726,114.29178197954433,3.278913060775883,10.961512398968765,56.021104167581704,0,2026-10-08 00:33:57
2026-10-07 05:46:00,CNC-02,M,301.78602688191046,310.39018897643075,1865.5898354290034,37.16450942454736,195.22541540019665,3.113338181889383,12.578269256867888,47.86871628998587,0,2026-10-08 00:33:57
2026-10-07 04:00:50,CNC-03,H,296.97533523904997,309.26652248227543,2270.3806316062282,22.959973506115315,2.3674793887607395,2.840120742126153,9.922906513445641,55.24358663902826,0,2026-10-08 00:33:57
2026-10-07 03:37:00,CNC-02,M,297.06178818183884,309.8743292170322,2320.715302676656,24.975304324004547,34.9582627783763,2.864789805383248,10.80358745194731,57.011102623243644,0,2026-10-08 00:33:57
2026-10-07 11:55:36,CNC-03,H,297.2304211516346,311.92022606643513,1467.5361739491955,50.84922484905302,170.6439505662585,2.521408907348636,14.090105200835305,56.946776100831265,0,2026-10-08 00:33:57
2026-10-07 08:48:00,CNC-01,L,295.54508050178293,311.1601053732647,1658.6630053017584,49.66005650442785,209.69831640940413,3.165020449438414,15.364090489958299,60.87076432632276,0,2026-10-08 00:33:57
2026-10-07 12:57:00,CNC-01,L,23.63223443435328,38.02081744474219,1431.40207066535,48.55122935414403,147.48795512805307,2.399281365989145,12.767532372476598,59.73708648012919,0,2026-10-08 00:33:57
2026-10-07 21:14:00,CNC-03,H,299.60712624529447,313.03409407236575,2558.390031141408,20.689278269492313,240.08936088635818,4.0569589061602365,10.038678655248603,52.51573212413473,0,2026-10-08 00:33:57
2026-10-07 05:16:00,CNC-03,H,296.3885178191697,310.2434642152601,2034.554127401705,34.208614028359875,95.20606047560554,2.6507040371349553,13.027876184725004,51.95329331710008,0,2026-10-08 00:33:57
2026-10-07 15:22:00,CNC-01,L,298.1807808865829,312.8111954044312,1685.1708085727923,43.39618425660492,146.27660028496348,2.597933744079893,13.671734743673152,52.91044997088065,0,2026-10-08 00:33:57
2026-10-07 08:15:00,CNC-01,L,295.5159763183839,310.0972050861676,1538.8360094238783,48.571503883337186,160.3348545594254,2.606438755628309,14.058159788593724,60.84168160373563,0,2026-10-08 00:33:57
2026-10-07 14:43:00,CNC-02,M,297.83600525003493,312.24517449516145,1609.214856628057,45.022127156057714,74.08541446771797,2.2396360243456206,13.847883253420903,54.68216182499678,0,2026-10-08 00:33:57
2026-10-07 22:40:00,CNC-02,M,299.04261543177853,310.4062908771342,2658.1605479019163,11.74863021749782,6.497667189017436,3.14851885486137,5.7207945752404,51.680254670133436,1,2026-10-08 00:33:57
2026-10-07 15:13:00,CNC-02,M,298.07640648810235,312.78426242268796,1572.032180441415,46.141307751084824,119.76411715650124,,13.699639850037707,57.150212900020804,0,2026-10-08 00:33:57
2026-10-07 12:54:00,CNC-01,L,23.69038712071341,37.97357620676604,1367.5475295841188,53.265606480232535,142.7306289305376,2.3095210715605443,13.613220831634052,53.57833098107172,0,2026-10-08 00:33:57
2026-10-07 15:01:00,CNC-01,L,297.9420800886757,312.44870553510356,1646.1633289211768,46.893674034028905,114.5504115317957,2.316627040326859,14.494027935053982,55.65868468830955,0,2026-10-08 00:33:57
2026-10-07 23:36:00,CNC-01,L,298.8875020811658,310.2666118065198,2739.2870906813673,12.377726324503495,107.79307595488288,3.496621040198179,6.3254247939204316,57.19476701362064,0,2026-10-08 00:33:57
2026-10-07 18:26:00,CNC-01,L,299.53565435741604,313.84420037507306,1961.3264088330316,,186.27101607859697,30.23836462201945,12.759839884697733,55.58565108888497,0,2026-10-08 00:33:57
2026-10-07 13:01:00,CNC-01,L,23.64321052065179,37.73170045580986,1386.5421925882986,47.792706964893775,153.791544153359,2.389965233944414,12.446381280526845,54.67646756239248,0,2026-10-08 00:33:57
2026-10-07 10:19:00,CNC-01,L,295.8671176125364,310.6746483312706,1384.5680145574886,54.26592260846501,113.45481001072835,2.2433735096723,13.97189422050244,56.12462570192138,0,2026-10-08 00:33:57
2026-10-07 13:35:00,CNC-03,H,297.91364060962894,312.28506665022326,1452.1723137829458,50.22468741691334,,2.0903799285100177,13.688866814355714,53.405134190991134,0,2026-10-08 00:33:57
2026-10-07 01:50:00,CNC-03,H,297.9438802568839,310.6806302735931,2586.14556450519,20.53703411503195,86.75396572070086,3.185219591788974,9.781571765692318,58.37622686360485,0,2026-10-08 00:33:57
2026-10-07 03:08:00,CNC-01,L,297.2056551981177,310.4213649951664,2374.594607600103,22.30944586813708,186.24866090912988,3.657513364416803,9.855963314544372,56.51987352461616,0,2026-10-08 00:33:57
2026-10-07 02:33:00,CNC-03,H,297.5192897677237,310.9371568554829,2620.0397584306265,21.80552236255964,134.15657531424492,3.3294772841720763,10.66757080063549,55.40822105210759,0,2026-10-08 00:33:57
2026-10-07 22:14:00,CNC-01,L,304.9863944379411,311.47982600837946,2477.4383237206707,20.33142660434491,19.50651670952994,3.074865540481525,9.581380180976428,44.22675338430622,0,2026-10-08 00:33:57
2026-10-07 16:17:00,CNC-01,L,25.490769214353577,39.07986650804622,1587.167935502942,42.77064010085212,8.664848807135668,2.2451077664915697,12.73645311006117,52.26933388567141,0,2026-10-08 00:33:57
2026-10-07 01:38:00,CNC-03,H,298.0498151369562,310.587651003332,2472.8396325692665,21.15278065197356,73.75676195640477,3.0261939145580614,9.768632611610494,54.88302948872032,0,2026-10-08 00:33:57
2026-10-07 13:49:00,CNC-02,M,297.6990348909032,312.7710864877029,1397.7678249783423,52.4372541416858,237.66453664679636,3.0971894237449455,13.452792710004463,55.487823399339845,1,2026-10-08 00:33:57
2026-10-07 08:44:00,CNC-01,L,295.50843554107604,310.2556458021198,1618.8031347552733,46.384587363294905,203.62060009331833,3.0837466033763032,14.076245105536405,59.12216582145131,0,2026-10-08 00:33:57
2026-10-07 06:31:00,CNC-02,M,296.1188842067999,309.74960380126424,2003.657850835699,32.42505377232893,33.85134666296992,2.659007932133504,12.262730319741578,57.00728892171349,0,2026-10-08 00:33:57
2026-10-07 15:53:00,CNC-02,M,24.988073357791052,40.12261508242,1647.5093158014272,45.5889559973081,179.10060955317493,2.704302216058157,14.051427768720297,54.125318837245715,0,2026-10-08 00:33:57
2026-10-07 11:30:00,CNC-01,L,296.38146859056343,310.3064224872397,1398.7410762850986,51.794876961672486,9.435324901874287,2.0526938902868355,13.688074111150653,56.43447067241397,0,2026-10-08 00:33:57
2026-10-07 16:48:00,CNC-03,H,299.5436776671277,314.1739110778989,1815.48051881223,40.842121209726514,150.95402124875943,2.7523458453074547,13.550144504525097,56.34927077357294,0,2026-10-08 00:33:57
2026-10-07 14:50:00,CNC-01,L,298.15376849750606,312.63029577065,1591.3375830454672,46.746928654802204,97.78604220862186,2.3876716073151782,14.065846556898537,56.56326393954143,0,2026-10-08 00:33:57
2026-10-07 13:53:00,CNC-02,M,297.64436901396016,313.4314722018206,1552.9346951244736,50.238174519117294,243.911007680295,3.415478595112412,14.376355814298009,58.379446592166005,1,2026-10-08 00:33:57
2026-10-07 05:21:00,CNC-01,L,296.1185949448902,310.50713333888234,1989.5513548253382,36.840314549183155,142.92809050080305,2.827786356111331,13.66699439787991,61.56359637942628,0,2026-10-08 00:33:57
2026-10-07 01:01:00,CNC-02,M,298.88280772887776,311.25018479125157,2575.943206639151,18.544529538346207,76.63584424245235,3.136032331367074,8.751714926413912,51.23434243393785,0,2026-10-08 00:33:57
2026-10-07 08:58:19,CNC-02,M,296.08142717236433,310.169322807024,1611.4970218605508,44.07946034489484,27.35820131274555,2.353680203319048,13.233312908662834,55.58350544713656,0,2026-10-08 00:33:57
2026-10-07 10:14:00,CNC-03,H,296.5050231882168,310.4884492228757,1521.7707484715447,48.08410290116019,9.356363049555338,20.275440454608344,13.71056375468549,59.713404915997344,0,2026-10-08 00:33:57
2026-10-07 09:23:00,CNC-01,L,295.14887923413005,308.8478753437109,1464.5272889075256,47.78986831848613,26.282193263233754,2.09226616534389,12.89033860549967,62.43873967073498,0,2026-10-08 00:33:57
2026-10-07 09:16:00,CNC-02,M,295.9462324796291,310.04970720874024,1553.6186600397534,46.80777382742253,56.338603444438704,2.201979655598268,13.792041892410195,50.96231972652946,0,2026-10-08 00:33:57
2026-10-07 14:35:00,CNC-02,M,297.5689161967495,312.36435982154467,1599.7489585348912,49.394382844125566,61.77947462516494,2.145346581710965,14.582462094439164,53.25208398100856,0,2026-10-08 00:33:57
2026-10-07 13:25:00,CNC-01,L,297.2122120871116,312.0636900989369,1473.6371003870536,51.82438889615586,191.49720542127272,2.776436199256302,14.32004973269896,59.86779075759143,0,2026-10-08 00:33:57
2026-10-07 03:24:00,CNC-02,M,297.10561263845983,310.0822194411043,2462.840754111094,24.466812574991767,19.62964023752513,3.1202693202335805,11.447594846405405,54.40619088478088,0,2026-10-08 00:33:57
2026-10-07 07:41:00,CNC-02,M,296.0523461095011,310.30420615077475,1623.1027289636202,41.38893669925011,132.1290661746298,2.5087308711687024,12.564163031273468,56.19265376033937,0,2026-10-08 00:33:57
2026-10-07 18:17:00,CNC-03,H,299.64273278450906,313.57164885924914,2100.473681793349,33.90125048121046,25.19014104613165,2.7810229417038386,13.413519335082741,54.81822601053878,0,2026-10-08 00:33:57
2026-10-07 05:40:00,CNC-03,H,296.4895708407288,310.7153273958446,2019.5821842236496,34.92780281310206,126.1877479817339,2.7802499691620137,13.450377190155073,61.407380123952855,0,2026-10-08 00:33:57
2026-10-07 23:29:00,CNC-03,H,304.21486001720046,310.81491603304494,2775.294072420992,17.58022326229483,134.10869663124453,3.5469074554847135,9.019363851670649,42.995014101375915,0,2026-10-08 00:33:57
2026-10-07 09:28:00,CNC-01,L,295.5769988400719,309.43160156038437,1345.6059686784952,52.13570909711116,34.00144337907749,2.0755809396892624,12.857649630898125,60.89527062356239,0,2026-10-08 00:33:57
2026-10-07 01:22:00,CNC-03,H,298.60563011249235,310.95790009142013,2423.640080505045,19.991638020388788,56.130994555569124,2.8852546192097224,8.927098623587172,51.02863099870286,0,2026-10-08 00:33:57
2026-10-07 07:24:00,CNC-03,H,296.0220350730634,309.60502507133265,1897.1255694491647,34.97441101349481,25.477822802562688,2.5466270880689845,12.449858506232038,58.90673698849318,0,2026-10-08 00:33:57
2026-10-07 02:46:00,CNC-01,L,297.8855959705455,310.9768176040615,2435.3967561610884,21.328418684597825,161.53104753580251,3.3229951909108917,9.862802681137987,54.98518325312209,0,2026-10-08 00:33:57
2026-10-07 20:29:00,CNC-03,H,299.93719183681327,313.97728566268654,2519.7209694099083,25.168290565010075,188.26958159919909,3.4269796314114433,11.840007429904698,47.705779710824146,0,2026-10-08 00:33:57
2026-10-07 16:00:00,CNC-01,L,25.388517230079458,40.39756852410915,1704.5136918442713,44.497970557281384,202.50779185282752,3.217428802257882,14.096806926925268,54.60005023827028,0,2026-10-08 00:33:57
2026-10-07 06:04:00,CNC-03,H,296.1112089583447,310.87803275880844,2095.8847213505856,34.480035618841924,157.74191909726233,2.907222127277822,13.347439810336587,58.29921261166273,0,2026-10-08 00:33:57
2026-10-07 21:02:00,CNC-03,H,299.4880908056962,313.25459979896897,2603.193319233098,22.090366415508026,226.516734681941,3.906278427965436,10.535763269998872,50.72720836046516,0,2026-10-08 00:33:57
2026-10-07 09:56:00,CNC-02,M,295.9067283609189,310.37572425349146,1572.5859065933155,45.043779995734965,117.92384579590289,2.306253208827818,13.163369595337334,58.23026305167655,0,2026-10-08 00:33:57
2026-10-07 20:28:00,CNC-01,L,299.9059719768037,,2366.388160563264,25.09921272806327,105.53632821273408,30.532176739145136,10.987880032697307,51.59601178877433,0,2026-10-08 00:33:57
2026-10-07 07:58:00,CNC-02,M,295.8586881163313,310.5230672242604,1703.6810131733935,42.9292256904658,156.9590234925436,2.5487108520539214,13.907065095222434,58.62194796577602,0,2026-10-08 00:33:57
2026-10-07 01:21:00,CNC-01,L,298.29766972369777,310.85508404908956,2594.6724201207944,19.168664252804735,68.14027883704068,3.136620291370041,9.26857422834894,57.36140932784554,0,2026-10-08 00:33:57
2026-10-07 19:57:00,CNC-01,L,299.8806578704777,312.75053913868203,2406.6412564641805,23.335570935409702,69.00363739202226,3.00118559701797,10.324182536020079,51.66893228445242,0,2026-10-08 00:33:57
2026-10-07 00:54:00,CNC-01,L,298.6972000087782,310.8805470414895,2571.3643825216336,17.647447166221117,39.0911312605398,3.1012311953531952,8.167266735679624,51.90808370798305,0,2026-10-08 00:33:57
2026-10-07 19:10:00,CNC-01,L,300.1041232294004,312.89145702416585,2150.3912907427425,27.004211697875323,11.340714161869954,2.675861457124668,10.675422953447418,48.17745586923257,0,2026-10-08 00:33:57
2026-10-07 15:26:00,CNC-03,H,299.07938192209116,313.07105085359524,1732.1081569610005,41.058479530010246,31.798096130695917,2.4041463911627754,13.286948824039172,56.524886519048295,0,2026-10-08 00:33:57
2026-10-07 20:58:00,CNC-03,H,299.58894031378173,313.99684931442494,2381.6237699408075,27.251645163560674,221.91105391190223,3.6198475433887403,12.127330994796012,,0,2026-10-08 00:33:57
2026-10-07 08:48:00,CNC-03,H,296.2405331407952,310.96397357053957,1777.4334409148619,41.36790920881549,148.4264980735603,2.5339985328212467,14.079055230294573,57.91499497448523,0,2026-10-08 00:33:57
2026-10-07 02:29:00,CNC-01,L,297.562256597491,310.3098364795389,2558.463332784412,19.384412844291866,142.35635633204646,3.411799320024746,9.093245928545674,56.46764536304395,0,2026-10-08 00:33:57
2026-10-07 22:58:00,CNC-01,L,299.24477620475653,311.98663204134414,2552.9897860989736,20.881318966091968,67.05709779090103,3.071471946732544,10.101102895016817,55.32973532832678,0,2026-10-08 00:33:57
2026-10-07 08:39:00,CNC-01,L,295.33500709032904,310.4888830263289,1732.1989784653956,45.732989802341294,196.18667235956548,3.0462116777476522,14.741960852140213,58.410685929734555,0,2026-10-08 00:33:57
2026-10-07 09:08:00,CNC-03,H,296.25018205895935,311.48029646459423,1597.876584569858,50.23747660679391,178.92579221903824,2.500072364279813,14.816423177938633,60.01523203414283,0,2026-10-08 00:33:57
2026-10-07 23:27:00,CNC-02,M,299.17913304107486,310.8836528462112,2688.468301507353,13.12116096583389,56.623925923689896,3.144676334787204,6.3349426603669805,55.28416971995463,0,2026-10-08 00:33:57
2026-10-07 21:49:00,CNC-01,L,304.8398377289575,312.1727546873621,2673.9388921350646,20.746585566442267,197.1056409975493,3.983016114722846,10.483274095923605,39.161100319239885,0,2026-10-08 00:33:57
2026-10-07 01:19:00,CNC-03,H,298.1669017744384,310.5949238150979,2546.355842116558,19.782863032205363,52.789130314493825,3.1315299036536923,9.25808190247018,53.595050618978725,0,2026-10-08 00:33:57
2026-10-07 02:07:00,CNC-03,H,297.8484296516602,310.27777361682706,2613.270726110578,18.399429522079135,105.31645994816606,3.2207635714068563,8.802107228899592,55.304084015401,0,2026-10-08 00:33:57
2026-10-07 09:52:00,CNC-03,H,296.3761266148482,311.1008711820843,1351.072976815148,49.08546176490559,246.6915393640034,2.9570903937506654,12.39355690863535,58.93258159350208,0,2026-10-08 00:33:57
2026-10-07 19:30:00,CNC-02,M,299.0472133315468,312.55413293373135,2307.7882854542786,26.088555162200404,27.125934830439526,2.88054359317244,11.19209756597031,52.637931325143725,0,2026-10-08 00:33:57
2026-10-07 03:48:00,CNC-02,M,297.33565840824195,310.5250826601096,2417.7662291099123,24.847310244804078,47.81038724453,2.971913989285341,11.143776628105355,55.14350657869079,0,2026-10-08 00:33:57
2026-10-07 07:45:00,CNC-01,L,295.5845324955587,,1799.7833453775502,41.228686412029084,116.336442662951,2.4282598742215797,14.033092409179282,60.269621574807836,0,2026-10-08 00:33:57
2026-10-07 09:14:00,CNC-03,H,296.1412948930838,310.84970701112763,1393.4239996552915,53.61396769071628,188.19723192356275,2.458453994388702,14.054002044140276,56.81387905143659,0,2026-10-08 00:33:57
2026-10-07 05:18:00,CNC-03,H,296.5281389966724,310.36198523882706,2148.1941743063094,29.786305187914984,97.74283589464645,2.8546707677019443,11.859929555332307,55.65417208270621,0,2026-10-08 00:33:57
2026-10-07 18:20:00,CNC-02,M,298.9191622438939,,2117.200177391955,30.496975981538778,157.9102978554323,3.064399230394217,11.994277887026549,50.35228112688495,0,2026-10-08 00:33:57
2026-10-07 23:52:00,CNC-02,M,298.8619687726867,310.9246058871136,2749.7257549770525,12.750892626857187,83.16582628314717,3.3063679955834573,6.731627466414258,50.539912940092066,0,2026-10-08 00:33:57
2026-10-07 08:49:00,CNC-03,H,296.10651990644556,310.8525418955494,1472.031428426019,50.07095519292855,149.95406014059898,2.364323425638384,13.726356074997272,62.48818437114092,0,2026-10-08 00:33:57
2026-10-07 10:44:00,CNC-01,L,295.88819826289347,310.4108985635576,1419.8851675752219,52.444732166329665,152.68188882800095,2.3659008410330835,368.19598489019506,53.22159443993394,0,2026-10-08 00:33:57
2026-10-07 11:18:00,CNC-02,M,296.46136161842355,311.5558100973681,1369.678113935991,51.961776841570924,247.29276357728864,3.2362909788530656,13.27632820023222,58.85879409839799,1,2026-10-08 00:33:57
2026-10-07 21:47:00,CNC-03,H,299.7905779938593,311.82397403044286,2489.2867476465613,17.861220547483796,24.201384715424933,2.9946982290417017,8.379447766748017,54.41983928402866,0,2026-10-08 00:33:57
2026-10-07 13:02:00,CNC-02,M,23.745387049089118,38.48219503053184,1384.5587963914584,52.798448431702035,163.66481610904094,2.4498618523165536,13.798476548746596,58.46822210090318,0,2026-10-08 00:33:57
2026-10-07 23:24:00,CNC-02,M,298.78020072418315,310.67642965452626,2613.3315751693035,14.525007648873327,53.40791458628461,3.1266740173951684,6.986599893805285,53.936309678710955,0,2026-10-08 00:33:57
2026-10-07 04:06:00,CNC-02,M,297.02691986026264,310.5887405758073,2326.195091211664,26.363291786720634,69.32133000833207,2.902567788695552,11.310642501638766,56.0738526896511,0,2026-10-08 00:33:57
2026-10-07 08:05:00,CNC-02,M,296.0437839195387,311.05315077180023,1767.0543740823318,42.31068016053886,167.05188124043477,2.6223036848639967,14.300056868276661,56.16707116637078,0,2026-10-08 00:33:57
2026-10-07 04:05:00,CNC-03,H,297.30464168808726,310.01481611274914,2485.365009971333,22.565367527525826,7.113584553167781,2.965693919358862,10.799438437128124,54.39632174229198,0,2026-10-08 00:33:57
2026-10-07 02:16:00,CNC-03,H,298.12352439849445,311.5471325347327,2594.6560432003475,22.959464723464993,115.31811226119585,3.2179076473103696,11.226477870158078,49.15376572195227,0,2026-10-08 00:33:57
2026-10-07 07:06:00,CNC-03,H,296.13856923107926,309.3382475332228,1724.4657403831964,37.89234789295868,0.0,23.75862477929529,12.356582009664384,56.40559593939778,0,2026-10-08 00:33:57
2026-10-07 07:26:00,CNC-03,H,295.8741947357839,310.006555895629,1853.0423456228864,40.051326028834154,28.283486838588285,2.4666987447425757,13.718903772433412,58.63926356381211,0,2026-10-08 00:33:57
2026-10-07 23:44:00,CNC-02,M,299.06261022721316,311.03920045698806,2723.5171335467517,13.53320329519991,74.60766937323427,3.3183968511223974,7.041460912169569,50.6672461222896,0,2026-10-08 00:33:57
2026-10-07 17:52:00,CNC-02,M,298.8454695455578,313.26752171073406,2027.7228166604832,33.54449032034964,120.98730666781773,2.8942636857572155,12.797977507478606,51.30411341397292,0,2026-10-08 00:33:57
2026-10-07 09:54:00,CNC-01,L,295.9105393536446,309.88574871934566,1614.2823098112242,42.502167411176174,74.32275491887378,2.2693967216450637,13.004346844731783,63.487599171209915,0,2026-10-08 00:33:57
2026-10-07 20:49:00,CNC-03,H,300.01134884901177,314.4048629907073,2356.010195986453,28.30742174784479,211.5685900324461,3.5721841416863893,12.470562663786605,48.787918569013584,0,2026-10-08 00:33:57
2026-10-07 15:20:00,CNC-03,H,298.8831433694118,312.8992226032616,1480.3422988398845,50.04148878526088,22.791611009149626,2.2347572005743563,13.871033011592981,55.75703662814647,0,2026-10-08 00:33:57
2026-10-07 20:27:00,CNC-02,M,299.3647923427182,312.57297315936654,2380.2323092527904,21.80507205334044,96.02852318398038,3.01813209948581,9.662064744455826,53.11737122441569,0,2026-10-08 00:33:57
2026-10-07 15:24:00,CNC-01,L,298.2687037312189,313.0480355944785,1660.06124612563,45.65488817886192,149.28574017602898,2.724012412537226,14.329110312595898,56.15241209274668,0,2026-10-08 00:33:57
2026-10-07 21:11:00,CNC-01,L,305.4542494352996,312.1015160737218,2542.626079776051,18.549499443044937,154.76036593716458,34.107233080696666,9.081854897455313,45.568270171974866,0,2026-10-08 00:33:57
2026-10-07 12:27:00,CNC-02,M,23.613930349013856,38.262676828059455,1398.223916552961,52.37676041482264,108.00504472793753,2.1436984716512284,13.67544684743022,60.5511615305742,0,2026-10-08 00:33:57
2026-10-07 16:50:00,CNC-02,M,298.6843011424521,312.4084051283942,1870.6998983626368,34.56304949834507,35.58458848057779,2.4798664973382634,12.072271941836174,51.81586810489544,0,2026-10-08 00:33:57
2026-10-07 01:11:00,CNC-01,L,298.44782782113515,310.26919134845247,2631.5330846603165,14.74051720480669,57.34018347789572,3.1440040694349913,7.189077359457914,53.02228119275137,0,2026-10-08 00:33:57
2026-10-07 14:58:00,CNC-01,L,297.8852539876872,312.6169726372614,1537.00051955341,50.59831368051663,109.97583598086595,2.2801483009867156,14.706351280978028,54.88435581932203,0,2026-10-08 00:33:57
2026-10-07 04:55:00,CNC-03,H,296.3180885185812,309.9575395843539,2153.8035895156368,30.616258181997715,68.47032823970989,2.8177905152450746,12.029744060403278,54.90398802563985,0,2026-10-08 00:33:57
2026-10-07 07:55:00,CNC-03,H,296.4645013072033,310.1581341774773,1730.9595173910784,39.12032460095067,69.9887187532444,2.365257077395572,12.648436653278695,50.58753014064607,0,2026-10-08 00:33:57
2026-10-07 06:39:00,CNC-01,L,295.63339391920636,309.56879437104726,1952.5155161698958,35.85960423229013,23.19107559821662,2.649961712465466,12.937558732465629,60.74038849714619,0,2026-10-08 00:33:57
2026-10-07 20:08:00,CNC-03,H,299.98885717223584,314.159682640662,2438.557955839116,27.070318089951,163.60906841702572,3.1893686725347887,12.191411370420132,50.83354101042865,0,2026-10-08 00:33:57
2026-10-07 22:41:00,CNC-02,M,299.40760012360687,311.41379588270985,2589.3434626473013,16.15978645155748,7.6075077857091085,3.1482718690251605,7.781482522237367,56.28897498297107,0,2026-10-08 00:33:57
2026-10-07 15:24:00,CNC-02,M,298.04209060655324,313.24323188006827,1616.6069222158046,48.00852207926446,136.17766735782345,2.3673989773079818,14.601699032713428,55.39516673947307,0,2026-10-08 00:33:57
2026-10-07 07:23:00,CNC-01,L,295.67226955342346,310.1277147252246,1842.6255344372373,40.64627939910698,84.65328179599437,2.576432228062541,13.906136310514865,61.34432242249311,0,2026-10-08 00:33:57
2026-10-07 07:58:00,CNC-01,L,295.56184884810034,310.28131292150164,1743.9005830879357,44.392354592753925,135.17223068452617,2.7275073986328184,14.570581295400268,59.95544601449788,0,2026-10-08 00:33:57
2026-10-07 13:28:00,CNC-02,M,297.3139423675802,312.583656008656,1422.088261088366,52.790385211173195,204.79698575016357,2.676625639706166,14.187479774987104,57.32412604503932,0,2026-10-08 00:33:57
2026-10-07 02:57:00,CNC-03,H,,310.93863097596636,2454.9608074924927,22.601760999361588,161.00737285437924,3.1607349534733347,10.411790689466175,53.96154554586566,0,2026-10-08 00:33:57
2026-10-07 20:38:00,CNC-01,L,299.9426364178851,,2562.0722722396176,19.880706889754098,117.09618927244239,3.2949993195366236,9.389195898840768,55.05390213643323,0,2026-10-08 00:33:57
2026-10-07 06:02:00,CNC-03,H,296.24275517987473,310.391436409532,2186.443555191019,30.82398240078034,155.0659536263531,3.0476334477468563,12.627461587001234,59.56584880406098,0,2026-10-08 00:33:57
2026-10-07 03:56:00,CNC-03,H,296.85840171938986,311.5280218209513,2514.4214023674654,28.18402930695456,229.33483349986187,4.01973655176948,13.41992375230888,55.31090409762144,0,2026-10-08 00:33:57
2026-10-07 04:26:00,CNC-02,M,297.06801677289667,310.8601305905716,2321.434508304263,27.33012295862917,93.76954891768233,3.009785944088525,12.057991290355437,0.0,0,2026-10-08 00:33:57
2026-10-07 19:44:00,CNC-02,M,299.0082520278669,312.3526909846942,2165.7324467745007,28.41238049057377,44.356816616475825,2.7606955223060554,11.723834905367417,51.35031366526934,0,2026-10-08 00:33:57
2026-10-07 16:51:00,CNC-01,L,299.3331013409922,313.4017799569042,1818.9930380606895,39.34542019382727,57.473959447565164,2.406278450312579,13.393790111821916,54.63956757518456,0,2026-10-08 00:33:57
2026-10-07 02:41:00,CNC-02,M,298.07924293747107,310.86378602526133,2442.9992722650013,19.36227740422779,186.11218314897422,3.5784631083513405,8.862316688803805,54.12917504234903,0,2026-10-08 00:33:57
2026-10-07 06:56:00,CNC-01,L,295.70996931139166,309.0770188477986,1895.5716726729875,34.59009143510691,46.80441256913673,2.557776952203144,12.372593557233516,59.24374854220787,0,2026-10-08 00:33:57
2026-10-07 01:48:00,CNC-02,M,298.4985033248512,311.6210735288843,2658.7206538659148,19.58276417562172,127.40264223003554,3.3185118234006947,9.557132453416338,54.14765293351378,0,2026-10-08 00:33:57
2026-10-07 17:31:00,CNC-02,M,299.2906694120965,314.04330684023114,1950.561980850461,37.22030583745585,92.29164084779592,2.617889912438111,13.702495911767032,48.77628586459881,0,2026-10-08 00:33:57
2026-10-07 02:19:00,CNC-03,H,297.8918430586969,309.73651186914975,2773.150500391974,13.16163588436529,118.56919205869319,3.437185118029587,6.633263738434934,54.43555609816593,0,2026-10-08 00:33:57
2026-10-07 18:36:00,CNC-02,M,299.1392914581696,313.4731394922194,2196.00033520768,29.90232809416072,178.80845129379477,3.1126512226814,12.230857116099425,49.55705282943296,0,2026-10-08 00:33:57
2026-10-07 19:54:00,CNC-03,H,299.9931632512211,313.7996930879821,2338.6602032652067,25.684733711143057,146.8549147967706,3.116357174499249,11.34353185840062,52.416723885722796,0,2026-10-08 00:33:57
2026-10-07 11:53:00,CNC-01,L,296.2057338636503,309.6674227773165,1270.4981124244707,51.736298500396956,46.05081657285889,1.960981607730956,12.356585474840735,55.87997818525502,0,2026-10-08 00:33:57
2026-10-07 07:36:00,CNC-01,L,295.53215437399695,309.3875726585795,1681.1623801694204,39.64228713976084,103.35509781794984,2.3800491428279478,12.50217211532826,53.874719228515815,0,2026-10-08 00:33:57
2026-10-07 14:33:00,CNC-02,M,297.8133873232375,312.07686116448303,1510.5784180403753,47.762907609193604,58.7367215073758,2.0955366006021525,13.648689003507462,61.50687279084596,0,2026-10-08 00:33:57
2026-10-07 20:41:58,CNC-01,L,300.03519275477294,313.4851244205972,2477.833894128508,23.251973700598008,120.53556021836407,3.2606549290559736,10.83745068658848,51.66629204107084,0,2026-10-08 00:33:57
2026-10-07 15:01:00,CNC-03,H,299.0242367401013,314.55544525008884,1741.4205602356078,46.89438307950482,211.66445444071374,2.94693932337379,15.40931192218437,53.07534656566574,0,2026-10-08 00:33:57
2026-10-07 14:14:00,CNC-01,L,297.354879670461,311.00376072080604,1549.6275774762805,42.58391755032019,42.24633477464045,2.1492592709857226,12.34380283264566,51.20937868016893,0,2026-10-08 00:33:57
2026-10-07 05:07:00,CNC-01,L,296.069832074717,310.0609324970254,2163.7562417848194,31.854028585180245,124.95603758714819,3.013309333866689,12.887714400795737,62.03433739894346,0,2026-10-08 00:33:57
2026-10-07 20:27:00,CNC-01,L,299.84962757775986,313.235286788359,2437.5828667436626,24.456909312221253,104.3823856019972,3.0727351038402433,11.140804648109476,53.80906093732319,0,2026-10-08 00:33:57
2026-10-07 17:07:00,CNC-03,H,299.55267106685943,314.8257781793752,1984.413125545871,40.47922607947289,177.62044984155995,2.8786725188605726,15.054638827925016,50.03027260414779,0,2026-10-08 00:33:57
2026-10-07 08:27:00,CNC-03,H,296.17684510774666,310.98604167522683,1563.4161408728132,50.82097049018788,117.14757284393852,2.3116624167025734,15.105594491999454,57.80102323636733,0,2026-10-08 00:33:57
2026-10-07 17:46:00,CNC-03,H,299.59029197347826,314.59512500655444,1952.9357668988846,37.035579849116715,231.10453727825825,3.5051394209620947,13.436471998395545,49.73836850212343,0,2026-10-08 00:33:57
2026-10-07 04:00:00,CNC-01,L,296.62249742633537,308.9413374774112,2426.8464807438168,20.89785636324835,42.29028484435216,2.86324075874885,9.310495711522927,59.15247144703687,0,2026-10-08 00:33:57
2026-10-07 14:45:00,CNC-01,L,297.7462029628436,311.94845852439516,1666.2871995267262,43.43448059743013,90.11836634300813,2.3534628919086913,13.523226494294745,58.31364887218646,0,2026-10-08 00:33:57
2026-10-07 03:26:00,CNC-02,M,297.24383865673923,310.1043517693733,2411.4061069277004,22.99545755856714,21.940192476433232,2.9929209970819204,10.490041216076285,54.90587183692728,0,2026-10-08 00:33:57
2026-10-07 06:37:00,CNC-01,L,295.91863372589444,309.9077362938776,1870.5293533732995,37.812020802253,20.46017998511693,2.4374495690821196,13.156118814268172,53.68987810822775,0,2026-10-08 00:33:57
2026-10-07 19:37:00,CNC-01,L,300.0549674961216,312.3558880156751,2221.5323226506484,22.394905745385103,44.653889240830296,2.7864741976951772,9.206013817254712,47.272777608829,0,2026-10-08 00:33:57
2026-10-07 05:04:00,CNC-01,L,296.11099049600745,309.5252778888684,2288.1135492451617,0.0,121.08266845524786,3.0525654167058707,11.229283593563839,55.539488478200504,0,2026-10-08 00:33:57
2026-10-07 11:09:00,CNC-01,L,296.206672680009,311.80107641455436,1404.6279991547228,58.889739417251945,192.34057675065048,2.847746410221116,15.542157753599199,60.63258587473102,1,2026-10-08 00:33:57
2026-10-07 15:39:00,CNC-02,M,25.211654029224405,40.56583970410463,1704.483784537476,47.001970750759625,158.44975974020502,2.629587624481365,14.81733403297858,56.93108361359009,0,2026-10-08 00:33:57
2026-10-07 08:22:00,CNC-01,L,295.461668206242,310.9697533969611,1717.8260695365275,47.72325994474723,170.7358307160898,2.8536110355273827,15.53099136525265,58.58419443719533,0,2026-10-08 00:33:57
2026-10-07 16:29:00,CNC-01,L,25.74556061695722,39.65631153931457,1786.691821338048,38.92944835349574,26.096003744518733,2.333171294304936,12.95014154481259,55.49654025822154,0,2026-10-08 00:33:57
2026-10-07 11:31:00,CNC-03,H,296.99033853309015,311.6053905947172,1455.4294996263504,51.50169741747692,130.85963614468773,2.1421114645331403,13.81209661658041,59.80962188427485,0,2026-10-08 00:33:57
2026-10-07 11:36:00,CNC-03,H,297.23730252451145,312.12547751612834,1440.424854678854,52.87201483600397,138.8010270434926,2.310490005617649,14.096403018024622,,0,2026-10-08 00:33:57
2026-10-07 17:19:00,CNC-01,L,299.05086726725847,312.78097292681656,1947.9104634459359,33.15664287701436,96.31191229318334,2.7081316837640355,11.963945798547405,46.48110828011208,0,2026-10-08 00:33:57
2026-10-07 08:43:00,CNC-02,M,296.0354070308264,309.5096536962486,1510.2467130410985,43.719359949657715,6.131317309291526,2.1501759697085205,12.491199357586177,54.2497759169759,0,2026-10-08 00:33:57
2026-10-07 21:54:00,CNC-01,L,305.0696368436188,312.0104964255462,2575.294042774242,19.1027753147286,202.68558160933893,3.8537187256550727,9.167480587960215,41.62436863570433,0,2026-10-08 00:33:57
2026-10-07 05:39:00,CNC-02,M,302.0617059352909,310.53551677964276,1998.7391015170238,34.53837264764555,186.10442404022805,30.545466315547774,12.859661308867214,49.31564647442835,0,2026-10-08 00:33:57
2026-10-07 07:12:00,CNC-03,H,295.9670579158287,309.9910896133115,1669.1842644722028,43.89815201152581,8.449191480011564,2.4101056032785855,13.936324696959339,54.393837462132225,0,2026-10-08 00:33:57
2026-10-07 21:07:00,CNC-02,M,299.2355556967267,312.8806532448568,2593.7606032087897,22.12301048270247,142.02777345128885,3.3222497602154384,10.679631040043525,54.89822770678238,0,2026-10-08 00:33:57
2026-10-07 19:07:00,CNC-01,L,300.00780764590144,312.17228248253855,2402.3373701823525,20.07290681232592,7.582726988173177,2.9850283010876435,8.926934196601373,53.86580440483893,0,2026-10-08 00:33:57
2026-10-07 15:21:00,CNC-01,L,297.95814771750526,312.49447206056516,1651.8033727474774,43.0469685955331,144.82258627267382,2.6694636316696383,13.334329645106312,53.41977862640629,0,2026-10-08 00:33:57
2026-10-07 09:53:00,CNC-01,L,295.8489154051555,309.4661304404427,1386.4104211199092,47.34054088693267,72.82514851552423,2.150895577152026,12.378250563612541,57.939946221115605,0,2026-10-08 00:33:57
2026-10-07 08:06:00,CNC-01,L,295.5837995289094,310.31556455246715,1760.5480291387673,42.718736805045246,146.91653880952498,2.750175242852143,14.0283988848979,60.095056374431074,0,2026-10-08 00:33:57
2026-10-07 05:01:00,CNC-03,H,296.4512093341676,310.22421593900617,2096.8074276050015,31.400199962629976,76.04813848037602,2.7406142706273204,12.3039093693286,51.808624420575335,0,2026-10-08 00:33:57
2026-10-07 21:15:00,CNC-02,M,299.33377503795816,312.5206291228077,2705.3720018498393,17.93355500024287,150.8905966641727,3.477489063561164,9.22150513539428,54.532072377314265,0,2026-10-08 00:33:57
2026-10-07 02:49:00,CNC-03,H,297.63624254903084,310.1448671510046,2653.8228968119865,17.15200234941715,151.9548012762589,3.4094583135274106,8.303255420593002,55.115813070658795,0,2026-10-08 00:33:57
2026-10-07 07:49:00,CNC-02,M,295.84191667973096,310.19706823860577,1672.4524164195677,42.66022347921948,143.84057578217303,2.6411207534863697,13.426810792836253,56.97860110469277,0,2026-10-08 00:33:57
2026-10-07 02:15:00,CNC-02,M,297.68246765512896,310.8996181853738,2628.9962878034603,20.24854837236848,157.09518993070037,3.488818941434889,9.957388569791968,52.09486305188784,0,2026-10-08 00:33:57
2026-10-07 22:12:00,CNC-02,M,299.32795213383554,313.51051115647704,2583.9245393468373,23.3360507766688,214.05549175932134,3.951330198904596,11.366194272161975,55.13464015613966,0,2026-10-08 00:33:57
2026-10-07 07:36:00,CNC-02,M,295.84769327206396,310.1659369511008,1729.3985503483582,39.85997502548488,124.86141214573576,2.4615939629774126,12.956442395022547,62.42173665419986,0,2026-10-08 00:33:57
2026-10-07 15:35:00,CNC-03,H,26.086318234720125,40.22658167613264,1596.1935378143717,46.62286627178239,45.23646770586503,2.1682381577359644,13.760030168018162,51.70688211048876,0,2026-10-08 00:33:57
2026-10-07 21:19:00,CNC-01,L,305.2697005501193,312.94450545833433,2574.4749812058844,23.337019441609655,163.73355721916414,3.4707408032384084,11.073511464556733,43.35592809607521,0,2026-10-08 00:33:57
2026-10-07 14:34:00,CNC-03,H,298.7560361281043,313.5197492515462,1555.9893668988404,47.943687459674074,170.26469088532016,2.61809838921105,14.010805932606715,51.85651597922299,0,2026-10-08 00:33:57
2026-10-07 11:37:00,CNC-01,L,296.18683825317174,309.81734617136914,1365.836382954358,49.367194553819225,20.52233430357736,1.9770601525573113,12.646817425860405,57.06387253069519,0,2026-10-08 00:33:57
2026-10-07 07:37:00,CNC-01,L,295.8085275272336,310.2015121638891,1938.276170415839,38.532072304632315,104.7671518825975,2.6460475366115204,14.076786325084283,61.223845509199094,0,2026-10-08 00:33:57
2026-10-07 07:49:00,CNC-01,L,295.68130856837473,310.56922893165427,1857.2679321021715,42.54099393307443,121.99914054807203,2.7085041670144534,14.769401703119973,56.90879051465859,0,2026-10-08 00:33:57
2026-10-07 17:08:00,CNC-01,L,299.1670004577806,313.5157245553278,2005.269075859106,36.300454852466,81.08339291182864,2.740420909007958,13.64633989499887,53.45113118320151,0,2026-10-08 00:33:57
2026-10-07 21:57:00,CNC-02,M,299.17458625107446,313.1280555046153,2596.7812797859274,22.860309129490513,197.64948411291792,3.746332200647222,11.213964671009816,50.33489208018799,0,2026-10-08 00:33:57
2026-10-07 04:21:00,CNC-02,M,297.00200247689105,309.9962214665662,2397.9078223401784,22.192547335606047,87.64685360981404,30.023110648104097,10.139146961011221,55.102672295177435,0,2026-10-08 00:33:57
2026-10-07 22:26:00,CNC-02,M,299.3488096291516,313.4725046495763,2617.614095584061,22.970062079177673,229.38255180540796,3.9736068286007424,11.508724434446666,51.52768537025432,0,2026-10-08 00:33:57
2026-10-07 03:37:00,CNC-01,L,296.93384586584216,309.95126029859495,2488.4004378468762,23.097737486409613,15.148191527853939,2.999583799685629,10.579298688908658,56.296309039126754,0,2026-10-08 00:33:57
2026-10-07 19:00:00,CNC-03,H,299.8844628256016,313.1661545716623,2286.8047102872565,26.914052979283056,80.40462412596956,2.8637274253338654,11.659580771569708,50.66048557537371,0,2026-10-08 00:33:57
2026-10-07 13:31:00,CNC-01,L,296.8945645425328,312.0372511115499,1452.9090838606085,52.314016013313015,200.9977752630429,2.939103660578919,14.183232845580163,49.8140907138236,0,2026-10-08 00:33:57
2026-10-07 07:29:00,CNC-01,L,295.9632933317611,309.8285102438101,1714.4799560005126,40.280813282922026,93.26838166962551,2.434684480846576,,58.48371214620482,0,2026-10-08 00:33:57
2026-10-07 02:12:00,CNC-03,H,297.7444334716936,310.1108417910558,2537.603333314568,18.23254910734434,110.89987179608308,3.1167332825924743,8.64653141330873,57.04149726141167,0,2026-10-08 00:33:57
2026-10-07 13:39:00,CNC-01,L,297.1379406241331,311.8998785354225,1430.7987855716024,51.352459686522025,213.63422647680045,3.159691236140512,14.074948237106284,60.73366443042712,0,2026-10-08 00:33:57
2026-10-07 16:35:00,CNC-01,L,25.641842503659973,39.26889382820406,1707.6207064353275,39.65449545044814,34.696334262394565,2.3669091754163416,12.522223444848734,50.744230055532555,0,2026-10-08 00:33:57
2026-10-07 00:35:00,CNC-03,H,298.6078105046645,311.07407877658443,2738.037966488176,18.909838603094197,5.592518528025145,3.304890578442839,9.732677312496396,50.5102969424951,0,2026-10-08 00:33:57
2026-10-07 04:40:00,CNC-02,M,296.9725767595571,310.2067534898328,2460.795733814961,23.18707365297334,110.99525067084863,3.189380116304922,10.950058105290415,60.03720544818944,0,2026-10-08 00:33:57
2026-10-07 17:30:00,CNC-02,M,298.97151982936623,313.1662953164451,1978.0922003080636,35.37524556294316,90.91650034363722,2.628709139572504,12.948910333357428,51.14277997443638,0,2026-10-08 00:33:57
2026-10-07 08:54:00,CNC-01,L,295.5268432603144,311.19189200856323,1586.1698529507069,50.697063523914586,218.79580351871482,3.1888776258830416,15.087643158468566,62.15261659173334,1,2026-10-08 00:33:57
2026-10-07 23:26:00,CNC-03,H,304.5564003254376,311.9068672217855,2736.750278276853,19.20964509774775,130.95786891256665,3.3251358559797417,9.838249311130982,44.867745988204994,0,2026-10-08 00:33:57
2026-10-07 18:36:00,CNC-01,L,299.78036021662376,315.08540839855635,2264.16167957509,35.31438216739191,199.0779250862461,3.679150105020221,15.235378960792563,48.51784396174578,0,2026-10-08 00:33:57
2026-10-07 17:22:00,CNC-03,H,299.6595711998486,314.92409986950685,1774.490007859902,43.39298652011952,198.47628408631292,2.9206836118660635,14.396613880450326,49.48691972704762,0,2026-10-08 00:33:57
2026-10-07 01:55:00,CNC-01,L,297.8343752387264,311.1109826160302,2507.366044299834,22.80614759439865,104.97820945497105,3.045922039756373,10.961278077154226,53.35670934002244,0,2026-10-08 00:33:57
2026-10-07 07:46:00,CNC-01,L,295.7146400593385,310.0940211101042,1694.801090169155,43.63566027095261,117.78521996534604,2.4397182340745953,14.038446515701098,58.315149315107,0,2026-10-08 00:33:57
2026-10-07 22:29:00,CNC-01,L,299.54351003107024,311.3200703456994,0.0,15.11223576556895,35.72509125782166,3.2729094105927325,7.5561463737426475,56.40275316712234,0,2026-10-08 00:33:57
2026-10-07 14:59:00,CNC-01,L,297.96477782377616,311.8255339681277,1391.8263465403638,47.597259016187124,111.52671558579272,2.176427462769161,12.452138187187881,57.552649549880954,0,2026-10-08 00:33:57
2026-10-07 07:16:00,CNC-01,L,295.5050412158113,309.1253112922887,1773.7898625204389,35.81820861368863,74.80624156426981,2.419816606932266,11.824634440484097,60.51730855200167,0,2026-10-08 00:33:57
2026-10-07 23:30:00,CNC-01,L,,311.85742615961414,2500.9560525332995,20.825128992025327,101.44557008307734,3.188702008888239,9.705753715964098,50.53869300718702,0,2026-10-08 00:33:57
2026-10-07 07:48:00,CNC-03,H,295.7703136695936,310.01097254960774,1773.2249337399421,41.17747651380282,59.81401177111255,2.42352452429292,13.86592948815926,59.088447328677496,0,2026-10-08 00:33:57
2026-10-07 01:57:00,CNC-02,M,298.26517759448484,311.0403315816167,2586.7716703622923,18.33404263174057,137.3551631536305,3.299888985846537,8.820104774066534,53.44842515200822,0,2026-10-08 00:33:57
2026-10-07 13:29:00,CNC-02,M,296.77603430865474,312.0249315514097,1378.0722806680592,56.34365335564731,206.38094800620368,2.849073590972992,14.48612465580779,55.31884299294644,0,2026-10-08 00:33:57
2026-10-07 02:26:00,CNC-02,M,297.82148161533627,310.8948345220824,2711.14983749225,18.173534734266184,169.3220609555707,3.6609680363318433,9.236161225627724,60.170360177349835,0,2026-10-08 00:33:57
2026-10-07 06:27:00,CNC-03,H,295.8889477678489,310.62003104077166,1819.5748807436544,37.93692855414285,188.69265284423807,2.930938708011368,12.900815166247455,58.71309025801902,0,2026-10-08 00:33:57
2026-10-07 18:14:00,CNC-02,M,299.08609461168135,314.13248661349365,2063.2199551538115,36.07095187407936,150.17083229117878,2.889369503709244,14.137051244696439,52.668143365611115,0,2026-10-08 00:33:57
2026-10-07 20:07:00,CNC-01,L,299.7040617629195,313.5797028014956,2449.2577457829743,27.246183118150174,80.8440477452052,3.043877495374552,12.438644388604338,50.52135643966368,0,2026-10-08 00:33:57
2026-10-07 18:40:00,CNC-03,H,300.2477837355711,313.91663751928644,2211.9307688950885,29.78429444924799,55.08141063883453,2.8599312384425124,12.597680936351251,47.105446383281944,0,2026-10-08 00:33:57
2026-10-07 16:34:00,CNC-02,M,25.40251072064399,1286.0056077582838,1828.3679704092851,35.08866524393712,12.9103888468108,2.4707953110517566,11.861037537139737,50.754498719645284,0,2026-10-08 00:33:57
2026-10-07 08:42:00,CNC-03,H,296.18038659389043,310.48479429394615,1560.2359195191207,44.26759162970259,139.53479377067382,2.4337709841078135,13.093903160665416,54.16615283572593,0,2026-10-08 00:33:57
2026-10-07 14:18:00,CNC-01,L,297.39469216551447,311.3135322406128,1493.4929569757821,46.69489692413462,48.49835280637453,2.1368246355448446,13.224139069674818,56.559330434266435,0,2026-10-08 00:33:57
2026-10-07 08:07:00,CNC-03,H,296.1115843318684,310.1687403211538,1804.0162230820117,39.20055199414541,87.48473111717752,2.464828536517974,13.341022016049562,56.71587411614672,0,2026-10-08 00:33:57
2026-10-07 13:38:00,CNC-01,L,297.3140209781663,311.84528003665775,1305.7436693058373,53.43319276469402,212.05892072845393,2.9041517421541374,13.265255047044867,58.407998574208115,1,2026-10-08 00:33:57
2026-10-07 23:28:00,CNC-02,M,298.9835201933425,310.72514227566654,2741.0779629229046,13.656587127643384,57.6539259236899,3.3659310169763894,7.002591973272799,55.13532177226013,0,2026-10-08 00:33:57
2026-10-08 00:29:00,CNC-03,H,298.44192962460164,312.05624381482454,2538.0128032139346,22.623672204049864,197.8776505704573,3.705601897350323,10.521404291159172,52.326005063972545,0,2026-10-08 00:33:57
2026-10-07 04:48:00,CNC-02,M,302.049213057378,310.49469861988905,2142.0716432598074,32.90199686217032,121.06239563775343,2.9004909114098374,13.385296050818681,47.88875110027142,0,2026-10-08 00:33:57
2026-10-07 15:41:00,CNC-03,H,26.035374734528716,40.00203841260799,1669.2614249944743,42.752708133876666,54.108406004265404,2.2362296185166697,13.325840658558722,57.69582307813132,0,2026-10-08 00:33:57
2026-10-07 23:01:00,CNC-03,H,304.61850308084985,310.7638064108565,2561.980289002541,18.014227623864652,104.60560132536061,3.280504364637075,8.645556973821048,41.21556856652828,0,2026-10-08 00:33:57
2026-10-07 01:17:00,CNC-03,H,298.73387159612065,310.77052261101164,2699.6113154165955,16.691104747525934,50.583068751234556,3.2136153005005967,8.690093859727897,53.70285832997806,0,2026-10-08 00:33:57
2026-10-07 20:55:00,CNC-03,H,299.8556783732257,313.23881012129476,2479.1561484274584,21.487361896805275,218.47641762861633,3.5879003820598876,10.142674068262306,50.78339564716644,0,2026-10-08 00:33:57
2026-10-07 02:06:00,CNC-01,L,0.0,311.0470555957531,2612.371055006524,21.538580546512154,117.08930108993509,3.304968942647134,10.361443361499763,54.9313892132774,0,2026-10-08 00:33:57
2026-10-07 08:22:00,CNC-02,M,295.93670377517014,310.9174781913512,1621.446173270221,48.89505200680271,192.1498109591484,2.707582861033724,15.236529569105153,58.26171302963022,0,2026-10-08 00:33:57
2026-10-07 08:55:00,CNC-01,L,295.4364679467754,310.6075253794968,1634.8486038350804,47.654694179409,220.28529239667148,3.1934346609768878,14.397347633786442,55.66953668997281,0,2026-10-08 00:33:57
2026-10-07 23:25:00,CNC-01,L,299.12784933950167,311.1581711487958,2664.983527001733,14.480892373288135,96.00000366662499,3.3548015709164796,7.053002190687803,56.35431267384407,0,2026-10-08 00:33:57
2026-10-07 08:18:00,CNC-01,L,295.43631917224525,310.43240234487575,1715.5924725272985,44.9666674899293,164.8627055022395,2.766408246075451,14.613399481327676,60.2806577060077,0,2026-10-08 00:33:57
2026-10-07 01:04:00,CNC-03,H,298.5323431820881,310.5196023486427,2636.0859385620392,17.137801211527588,36.52375994831189,3.1561093071489887,8.578227172967466,54.796568377954756,0,2026-10-08 00:33:57
2026-10-07 23:30:00,CNC-03,H,304.35185142697594,310.8338197301531,2620.7973010002097,19.31400555412414,135.19842701865383,3.3058647759532707,9.389538702896829,44.94274731248073,0,2026-10-08 00:33:57
2026-10-07 15:54:00,CNC-01,L,24.895439892122738,40.31881786414374,1767.9783192861432,46.81598871050037,193.77590353025974,3.0604597538658402,15.242090403858198,58.305138640837626,0,2026-10-08 00:33:57
2026-10-07 13:51:54,CNC-01,L,297.15103123406107,311.05844242388525,1395.5883160050569,50.29877011994427,9.41151240727202,2.0948798154241337,13.294032194609471,56.712843958543154,0,2026-10-08 00:33:57
2026-10-07 07:40:00,CNC-01,L,295.5464644114954,310.218171848393,1813.86066335621,42.039432498687844,109.09382728579814,2.5932335409168927,14.228669428196469,60.01125099787432,0,2026-10-08 00:33:57
2026-10-07 18:10:00,CNC-01,L,299.48459298422284,313.83958622788407,2274.564908041458,30.590130851575132,165.2548810015683,3.331497176037056,13.129485935990555,49.48908387135097,0,2026-10-08 00:33:57
2026-10-07 04:03:00,CNC-03,H,,310.24049597740367,2249.011414109626,26.972728061512665,4.805603771989418,2.920229767326041,11.354797509659829,58.33297021069961,0,2026-10-08 00:33:57
2026-10-07 23:05:00,CNC-01,L,299.40433843798763,311.71599532996885,2615.3030014980977,16.95522376989661,74.50904725797301,3.277636127999002,8.25259801053627,51.604450614966055,0,2026-10-08 00:33:57
2026-10-07 21:00:00,CNC-03,H,299.73566683587785,313.7611160984354,2584.0695442293368,23.720168442696025,224.22821004959653,3.8513934298179358,11.34634351997722,54.42060782636557,0,2026-10-08 00:33:57
2026-10-07 06:50:00,CNC-03,H,295.6155583988905,310.72664299731866,1888.0464182260766,40.843763412560676,220.21400061909003,3.239993079153452,14.339327631455408,59.466645530846776,0,2026-10-08 00:33:57
2026-10-07 18:18:00,CNC-01,L,299.803817062209,314.45196294552136,1981.0368589715483,36.52465834230305,175.90309817576338,3.043801116895511,13.505861834197432,52.04759885832929,0,2026-10-08 00:33:57
2026-10-07 16:16:00,CNC-01,L,25.696937355954958,38.484827785542166,1882.46667040928,31.026813848935237,7.170221958009591,2.441778880770163,11.032816916695412,57.07203734235524,0,2026-10-08 00:33:57
2026-10-07 07:13:00,CNC-01,L,295.715980802284,310.0154841797947,1977.3441347936755,36.37670553311456,70.59348452476374,2.608076503284143,0.0,53.55995468665157,0,2026-10-08 00:33:57
2026-10-07 05:06:16,CNC-01,L,295.81273493781794,310.0012140659821,2015.2383504175032,33.53043794540327,122.4008488712368,2.7995246183233395,12.533173732041154,62.64125629012591,0,2026-10-08 00:33:57
2026-10-07 08:21:00,CNC-01,L,295.5507959594732,310.2327233481444,1565.9408853035548,48.38750992258533,169.26162198750666,2.710778749436759,14.170412796769416,62.43399847059158,0,2026-10-08 00:33:57
2026-10-07 14:06:00,CNC-01,L,297.2905372357659,311.2780770765132,1491.9320641174597,50.15650480094225,29.87699226647505,2.093522850240788,13.883820125729596,56.17195258618574,0,2026-10-08 00:33:57
2026-10-07 14:25:00,CNC-03,H,298.30701862622504,313.0697107879347,1644.6934206965009,45.99644045041252,156.40735488860867,2.5292679085029395,14.460895176994207,50.50759391002867,0,2026-10-08 00:33:57
2026-10-08 00:25:00,CNC-02,M,299.03353256517863,311.6419618144262,2757.0757000618823,15.8611035624026,118.10849002560596,3.401863778802839,8.011642329329167,52.860531175037735,0,2026-10-08 00:33:57
2026-10-07 21:47:00,CNC-01,L,304.9726416314778,312.7885907776712,2617.2030307632153,22.955703244577315,194.91563017150517,3.9787033208518956,11.094884689930163,46.63152509876099,0,2026-10-08 00:33:57
2026-10-07 10:20:00,CNC-03,H,296.7783225882685,310.3594160847371,1569.9230285572191,43.360292677680796,18.70772161475309,2.1459159917662967,12.667990271576741,57.128552679083114,0,2026-10-08 00:33:57
2026-10-07 18:09:00,CNC-01,L,299.39532495176996,314.2120290914914,1974.9232196122532,38.2006677648815,163.98914091748432,2.884859583078392,13.975090230650755,51.88828485928282,0,2026-10-08 00:33:57
2026-10-07 20:07:00,CNC-02,M,6226.589882838457,312.4810776276849,2424.089322650965,22.534170145162584,72.10294311587882,2.973209375834123,9.898968873725934,49.49914596255043,0,2026-10-08 00:33:57
2026-10-07 04:16:00,CNC-02,M,296.7756310736062,310.56606097781633,0.0,29.326875632398885,81.6368961092739,2.9535730155638436,12.1897378110828,53.22564597722302,0,2026-10-08 00:33:57
2026-10-07 08:50:00,CNC-01,L,295.30960546193927,309.69075122284664,1492.3336920938464,47.53761513860201,212.65757455632288,3.070402811926271,13.081646975092845,60.82308761414338,0,2026-10-08 00:33:57
2026-10-07 21:18:00,CNC-01,L,305.1939958083514,313.06202962319895,2606.979293100945,25.045283032734257,162.63217812517468,3.560632458774878,12.26287262561691,47.5329013718138,0,2026-10-08 00:33:57
2026-10-07 13:38:00,CNC-02,M,297.207318819858,311.9547537382228,1317.9987500696504,54.79234564447708,220.50222227762447,2.7909445509818136,13.341442724466404,56.04952004652871,1,2026-10-08 00:33:57
2026-10-07 11:33:00,CNC-01,L,296.05191003169676,309.8994258235098,1387.5589250548062,50.58633740173733,14.122334303577357,2.0848027374995812,13.182806751412254,60.81760575087035,0,2026-10-08 00:33:57
2026-10-07 04:32:00,CNC-03,H,296.7210169298266,309.98531386287516,2103.440604123672,29.434477677461707,39.919048104895225,2.6492274071802195,11.791960221949417,56.002278162079676,0,2026-10-08 00:33:57
2026-10-07 12:32:00,CNC-02,M,23.684938172820523,37.52228620838406,1270.3648805382481,49.69250211970268,115.97180470240492,2.001596464045384,11.92258706696983,54.63821706544241,0,2026-10-08 00:33:57
2026-10-07 17:34:00,CNC-03,H,299.6985061491087,314.4931614720098,1876.6517728507831,37.37573589111831,214.8854621174802,3.1177784097550303,13.125873217212641,52.18489812693423,0,2026-10-08 00:33:57
2026-10-07 07:42:00,CNC-01,L,295.36019650311374,309.7935724549391,1626.2640139550829,45.85561644328565,111.99948041023032,,13.79476495641956,55.30894385756227,0,2026-10-08 00:33:57
2026-10-07 06:01:00,CNC-03,H,296.08822551704236,310.50645025963235,2060.318932348388,,153.79915704066553,2.883372084616903,13.615229474463083,57.233403030976525,0,2026-10-08 00:33:57
2026-10-07 21:43:00,CNC-02,M,,313.02254201794676,2492.8579223152706,22.60075271782557,182.10051605949153,3.4813962651115893,10.274144882508624,54.7047490142191,0,2026-10-08 00:33:57
2026-10-07 02:54:00,CNC-03,H,297.1478029952892,309.71804477017184,2638.973982488225,17.564929753748263,157.62057388561985,3.5090975487213063,8.636097496619024,59.24985717289155,0,2026-10-08 00:33:57
2026-10-07 06:52:00,CNC-03,H,295.90995937287374,311.01341954556113,1874.2712524655863,41.290053778134165,222.98497564457108,3.3381120021741277,14.582748225778262,58.69342727732469,0,2026-10-08 00:33:57
2026-10-07 03:00:00,CNC-02,M,297.6037284249698,311.8078839182575,2602.775465689083,23.336090015565144,207.64832375252513,3.748276924246145,11.483033997634502,53.7665555872131,0,2026-10-08 00:33:57
2026-10-07 16:26:00,CNC-02,M,25.62245388267553,39.45530021249766,1779.2283692000672,39.09952294787049,1.4518541620627508,2.440847193937989,12.918074991314649,47.62265924066801,0,2026-10-08 00:33:57
2026-10-07 09:06:00,CNC-01,L,295.4633216954849,308.7003296067178,1463.0314198229828,41.3383107420262,0.0,2.0193942025662475,11.513732216559221,57.25748876065121,0,2026-10-08 00:33:57
2026-10-07 19:31:00,CNC-01,L,300.0580984594771,313.03074424758665,2260.068629399248,26.41037141101855,37.27502489581629,2.865590015328598,11.328482844115875,52.6416924061711,0,2026-10-08 00:33:57
2026-10-07 15:40:00,CNC-03,H,26.13345682764509,40.3437427859468,1796.1107382488333,40.782984625803515,52.642531083947986,2.417943559964935,13.854429888557004,54.69368857164177,0,2026-10-08 00:33:57
2026-10-07 05:01:00,CNC-02,M,302.1563945550744,310.10024815836596,2280.527896195388,26.362928269886545,137.34514132189938,3.119710842140911,11.025963628380774,44.882432396163146,0,2026-10-08 00:33:57
2026-10-07 17:08:00,CNC-03,H,299.75727313919964,315.2262757282212,1899.8108511157461,43.4658005951739,179.01374402957822,2.831340359462812,15.160609135969663,48.680201737481596,0,2026-10-08 00:33:57
2026-10-07 16:32:25,CNC-02,M,25.154413302374394,38.90137480610014,1736.170725909875,38.377628275681374,10.084180231277836,2.3091805381924693,12.479904889764873,57.618524036706575,0,2026-10-08 00:33:57
2026-10-07 09:24:00,CNC-03,H,296.40095775558257,311.3586212550669,1531.3033665813414,47.01750181594495,203.52181475894875,2.704425971725834,13.36727663328687,59.9879042734171,0,2026-10-08 00:33:57
2026-10-07 16:20:00,CNC-01,L,25.44276234512381,39.421288532344704,1689.0489540644246,43.2918834334441,13.03402447855754,2.327182580749145,13.755133448910161,53.06065616239989,0,2026-10-08 00:33:57
2026-10-07 01:39:00,CNC-03,H,298.48843496600915,310.3020408623837,2495.6967573088627,16.254576475204246,74.87715086532592,2.961138083449822,7.485168829045129,53.099237852254575,0,2026-10-08 00:33:57
2026-10-07 09:09:00,CNC-01,L,295.5396692942571,309.17274197453156,1493.257918425476,47.38422977419891,4.715122694496214,2.0440197734620704,13.048473393278028,59.02958719391312,0,2026-10-08 00:33:57
2026-10-07 13:45:16,CNC-01,L,297.370193562866,311.9279782468163,1352.2251356524723,53.43142443735139,224.74535376938618,3.1721361324328226,13.53249099446419,57.4033955972896,1,2026-10-08 00:33:57
2026-10-07 06:08:00,CNC-01,L,295.9894773874825,310.87194458028046,2014.510468605856,38.06488428747756,204.577067615732,3.3813922553728553,14.106200044465728,58.84469073393531,0,2026-10-08 00:33:57
2026-10-07 05:25:00,CNC-02,M,301.87397177213757,310.0775233206659,2079.007469044263,32.41094204336395,167.952298275341,3.170767432520051,12.501014123564941,45.149254717226285,0,2026-10-08 00:33:57
2026-10-07 19:21:00,CNC-01,L,300.08222496980864,313.2634357905002,2340.560552667576,26.04652135944493,25.027847161209912,2.8748410697396394,11.625693246663207,53.521325792880106,0,2026-10-08 00:33:57
2026-10-07 15:07:00,CNC-03,H,299.0305050530344,313.1315275958634,1558.695805781643,47.30377738109514,3.0626431134994023,2.3191475177563845,13.658712944397035,52.29950041646076,0,2026-10-08 00:33:57
2026-10-07 23:09:00,CNC-02,M,299.1612875516172,311.67944992180094,2556.514409395336,20.229150357650838,37.44802520460592,3.1452580084627324,9.932178586664046,57.112299672797626,0,2026-10-08 00:33:57
2026-10-07 03:20:00,CNC-02,M,297.21139470682795,309.19055392323054,2619.4157675704196,18.187574990390736,14.970319363132079,3.139619055145112,8.909359364276279,54.223339921878036,0,2026-10-08 00:33:57
2026-10-07 02:38:00,CNC-02,M,298.22338109931843,311.5386867114708,2638.1094371845975,20.132858536178368,182.7484678921082,3.587366124284249,9.72810429530322,54.979725797418226,0,2026-10-08 00:33:57
2026-10-07 15:45:00,CNC-02,M,25.209952603792487,39.9924315866038,1785.043498561605,41.53756885565319,167.24224556594243,2.8131365372163333,,59.278959361845,0,2026-10-08 00:33:57
2026-10-07 10:02:00,CNC-01,L,295.57084247413025,309.92292713681803,1415.6468763657533,51.42689906596186,86.7724548334604,2.167667948596623,13.750398343234965,57.965823452767715,0,2026-10-08 00:33:57
2026-10-07 17:54:00,CNC-02,M,298.96608270189796,313.7066783952142,2050.5839701785885,36.57920691964889,123.62471152735033,2.83182842244428,14.000446538596657,53.40569638232276,0,2026-10-08 00:33:57
2026-10-07 23:34:00,CNC-02,M,299.14816592719285,311.0136152674048,2762.4003987220967,12.785991150977893,64.03611736305355,3.2123379327059025,6.691114751190431,55.263182307601056,0,2026-10-08 00:33:57
2026-10-07 03:18:00,CNC-01,L,297.33725267693245,310.939482124359,2529.16912025921,21.521528350346724,197.69442370692477,3.7583618287880287,10.396623776315172,56.969260811762325,0,2026-10-08 00:33:57
2026-10-07 20:28:00,CNC-03,H,300.1788141101696,314.034352326534,2299.762886145838,26.45326119105539,187.10061525931724,3.331919559242514,11.48595151367878,49.336673569647665,0,2026-10-08 00:33:57
2026-10-07 10:33:00,CNC-02,M,296.1601579399899,311.21127692238025,1459.4653271827008,52.09068433592817,176.1065738498535,2.580418620247376,14.400048651989009,57.71525681247823,0,2026-10-08 00:33:57
2026-10-07 18:15:00,CNC-01,L,299.4047437872443,313.8266570722162,1949.2439645850384,35.446102156042755,172.0137411979917,3.0035425318523297,13.109611313258991,51.202778731073764,0,2026-10-08 00:33:57
2026-10-07 16:23:00,CNC-02,M,25.49630563147747,40.80138207836927,1825.1175599705252,40.92035921954979,222.85483309334722,3.276372269723139,14.225604187387415,51.87983643016592,0,2026-10-08 00:33:57
2026-10-07 16:20:00,CNC-02,M,25.505937173535983,41.343340012532565,1948.2429244433324,41.95805796129822,218.5775187900888,3.3970231490577345,15.214469913276298,55.1050771985707,0,2026-10-08 00:33:57
2026-10-07 10:38:00,CNC-03,H,296.5581135906855,310.2277044611999,1358.131998486205,49.42639718609644,46.91524534159126,2.0215697120229144,12.23641600779394,56.19360447786718,0,2026-10-08 00:33:57
2026-10-07 09:25:00,CNC-02,M,295.90298548759523,310.4529554138968,1576.8278672412812,46.28410202931408,70.1650475246145,2.2285518650033587,14.033340914141881,58.94718697216581,0,2026-10-08 00:33:57
2026-10-07 02:14:00,CNC-03,H,297.80376898309345,310.69196964761863,2591.1666286932036,21.34458175158741,113.10663903642815,3.181536279882302,10.641425611190309,54.60034275427067,0,2026-10-08 00:33:57
2026-10-07 15:48:00,CNC-01,L,25.304657715843973,39.75809914124886,1565.522125984049,45.05789820103733,184.91361897269152,2.918323608555258,12.891040090703742,56.11370307060363,0,2026-10-08 00:33:57
2026-10-07 11:47:00,CNC-03,H,297.24744082880426,311.1939105047757,1320.3269557795006,48.635011906230744,156.3074481354239,2.324878087639578,11.94231272247993,57.522544579675774,0,2026-10-08 00:33:57
2026-10-07 19:26:54,CNC-02,M,299.3897837909438,311.9963175912945,2243.245772352717,21.74200601513903,24.690689554473447,2.709080978874951,,54.83874304582886,0,2026-10-08 00:33:57
2026-10-07 17:35:00,CNC-03,H,299.45351946922534,314.4927191702888,1961.8785508626218,38.87424106322014,216.27882052658606,3.2428538671645213,14.679563611068398,55.70788833260571,0,2026-10-08 00:33:57
2026-10-07 11:27:00,CNC-02,M,296.4003605514945,310.30015128142725,1462.6568257294266,49.57647556458963,12.655234756411872,2.1082837179669562,13.800678092800679,60.555783961437946,0,2026-10-08 00:33:57
2026-10-07 22:01:00,CNC-01,L,305.05591937463754,310.57965240892446,2657.7920488741775,15.221616006344968,5.308269755183272,3.096619967975586,7.684845085126827,41.501399344990936,0,2026-10-08 00:33:57
2026-10-07 19:41:00,CNC-01,L,300.01344323190636,313.4012390679587,2235.063975108082,27.248941711829346,49.61006689170308,2.768518923471052,11.257740738053764,48.555106361127685,0,2026-10-08 00:33:57
2026-10-07 10:13:00,CNC-03,H,296.4791752453423,310.01910496365923,1368.14648703841,48.836450676496725,7.813844849829795,2.030525434502531,12.643500696237906,58.08677510022496,0,2026-10-08 00:33:57
2026-10-07 18:28:00,CNC-02,M,298.47857440943403,313.5593457183264,2101.000392650378,35.360856007418704,168.40914006552765,2.9979730340487025,13.906338449445414,,0,2026-10-08 00:33:57
2026-10-07 01:28:00,CNC-01,L,298.3121595973577,309.56270588597175,2665.4536880795526,12.709460449995092,75.71153675047204,3.210118460519235,6.380507862303217,58.4246022342301,0,2026-10-08 00:33:57
2026-10-07 02:59:00,CNC-02,M,297.64165670369226,311.60400993552236,2419.1874719558873,25.632205447594647,206.504508437443,3.6343379637196738,11.690815998935708,55.004071744187556,0,2026-10-08 00:33:57
2026-10-07 08:25:00,CNC-03,H,296.38055636013974,310.9266546972873,1488.1005507642778,50.336431928437506,114.14731398621652,2.3580936741108265,14.064902541002914,64.26451210514183,0,2026-10-08 00:33:57
2026-10-07 02:27:00,CNC-02,M,297.8016507331778,311.4632667060366,2588.8181922038366,23.20037927864833,170.43591902550412,3.528524482976088,11.249014722023063,58.36127822180623,0,2026-10-08 00:33:57
2026-10-07 19:45:00,CNC-01,L,299.83206209510973,312.7178120843298,2252.2328527691366,25.675614080111803,54.460756925365146,2.750075795773214,10.880498961777691,51.450491104253615,0,2026-10-08 00:33:57
2026-10-07 08:55:00,CNC-02,M,295.5640543036407,309.60451959743114,1507.7584367626118,47.83473963244513,24.321403890320383,2.0262467867799128,13.37154019409682,54.812322015605794,0,2026-10-08 00:33:57
2026-10-07 11:51:00,CNC-03,H,297.2162072508732,311.87099687906334,1323.0779665054522,55.82417262270024,162.7016839055702,2.306914272321882,14.059665894429783,56.9469161668386,0,2026-10-08 00:33:57
2026-10-07 13:36:00,CNC-03,H,297.90287116388924,311.5688808509963,1292.936525871434,51.110337395714126,80.18165306018622,1.9548824548436134,12.366478286613548,59.455451381666684,0,2026-10-08 00:33:57
2026-10-07 13:45:00,CNC-01,L,297.4753314094495,312.90002930271373,1494.9786980841566,56.28455578362531,223.15953831129366,3.2600206367619813,15.80432136199526,56.83730476547974,1,2026-10-08 00:33:57
2026-10-07 18:28:00,CNC-03,H,300.1549115856123,312.8704189191269,2162.992574516186,26.68552250833362,39.502323096928194,2.808646567388153,10.609962096178187,49.67287015594068,0,2026-10-08 00:33:57
2026-10-07 18:54:00,CNC-03,H,300.1036284635865,314.13578003823477,2306.034959669221,29.601213871743866,72.79815569187525,2.969177067252816,12.819967492107079,53.18074113612005,0,2026-10-08 00:33:57
2026-10-07 05:48:00,CNC-01,L,295.82086648659754,310.5917309976373,1980.4428160978553,37.50166307542263,178.0833917625276,3.1353310230248645,13.771711622347205,54.62831404477623,0,2026-10-08 00:33:57
2026-10-07 17:04:00,CNC-01,L,299.3177839287926,312.88507030408255,1921.4398549196603,33.90192467354269,75.59217276751582,2.6121206064180713,11.75793541960499,53.25257002925242,0,2026-10-08 00:33:57
2026-10-07 04:12:00,CNC-02,M,297.1787454292826,310.9377325667009,2256.5504674164104,27.849720054160848,76.74523946921808,2.835787415739876,11.785326222486788,57.51021515587529,0,2026-10-08 00:33:57
2026-10-07 20:06:00,CNC-02,M,299.08109276535316,311.9347185383551,2450.346517277583,20.259103851370238,70.91714611677367,2.896387359841738,9.433808223347347,54.930412188749266,0,2026-10-08 00:33:57
2026-10-07 20:29:00,CNC-02,M,299.2138721971891,311.55412856123763,2575.532752953756,15.59626547463224,98.28801359445187,3.267754413023997,7.254776902500862,55.55556196009145,0,2026-10-08 00:33:57
2026-10-07 09:37:00,CNC-01,L,295.2921158566824,309.43622686296084,1396.636480637508,52.56584842038596,47.938131580319734,2.153721946873941,13.695341274178341,58.743938442486716,0,2026-10-08 00:33:57
2026-10-07 06:21:00,CNC-01,L,295.86130717484014,310.8099860051588,2026.011354499478,35.45522505094298,222.25329263907722,3.7369969470521283,13.4946843085963,59.43088668324355,0,2026-10-08 00:33:57
2026-10-07 18:38:00,CNC-03,H,299.91729760674804,313.381079260793,2206.72133926689,27.767064198957442,52.479881321759876,2.859456750507006,11.547380355008697,55.21895008008101,0,2026-10-08 00:33:57
2026-10-07 16:27:00,CNC-02,M,25.480790037606255,38.94496795644932,1724.0911308959264,37.05390917218728,2.890108526874765,2.270688236442994,11.818170431000366,55.64541516444726,0,2026-10-08 00:33:57
2026-10-07 20:03:00,CNC-03,H,299.9811946065566,313.0662732379692,2532.007999015035,22.116175245772876,157.57426247306535,3.3527659612519476,10.437853073659838,51.73167262099142,0,2026-10-08 00:33:57
2026-10-07 01:18:00,CNC-02,M,298.741300446105,310.89327497936796,2688.2239395770894,15.870270452638774,94.96454117946821,3.366555098978947,7.938282511774872,54.82308189347814,0,2026-10-08 00:33:57
2026-10-07 15:51:40,CNC-03,H,26.049985569423313,40.031813178080654,1844.072029408376,37.17426452009426,70.36441573815905,2.4999772463752823,12.97889606852568,53.70850537965568,0,2026-10-08 00:33:57
2026-10-07 13:51:00,CNC-01,L,297.36230126211285,310.7485551103395,1480.1781309351686,45.833318164568986,6.211512407272021,2.067882375430723,12.519570878491264,54.197985696906215,0,2026-10-08 00:33:57
2026-10-07 14:37:05,CNC-02,M,297.5958086855737,311.52212149188665,1319.3681227097065,48.585768963557335,66.42861226189926,2.0336757366840525,11.888635646428172,55.31849462659991,0,2026-10-08 00:33:57
2026-10-07 14:05:00,CNC-02,M,297.5357220511356,311.56735970752453,1401.3552882878794,50.07586505113731,15.563058303389527,2.0377858032852125,13.262510248792244,55.53297975798353,0,2026-10-08 00:33:57
2026-10-07 08:21:00,CNC-03,H,296.02098591898465,310.72102473745065,1715.158009531619,44.37125024605566,108.24648568833604,2.448041701422465,14.468635597716098,59.302482487020185,0,2026-10-08 00:33:57
2026-10-07 17:40:00,CNC-01,L,298.94886145778986,313.27737056663176,1957.4939500342878,36.42616701935653,125.19051108534691,2.809577708551266,13.288814320259103,58.022963764759965,0,2026-10-08 00:33:57
2026-10-07 09:24:44,CNC-01,L,295.5418192837806,308.894941994583,1465.1082668771153,41.49224755911757,30.897723463263418,2.092184727949141,11.250589109946812,62.148987070513485,0,2026-10-08 00:33:57
2026-10-07 11:14:00,CNC-02,M,296.45046039185024,312.03967504460155,1375.1643166226206,56.5701339225012,240.94743397511863,3.2238940007681367,14.464687081418864,54.70159764131176,1,2026-10-08 00:33:57
2026-10-07 19:12:21,CNC-03,H,299.9573028642512,313.71286051492524,2229.941810779196,28.448602136926215,95.23961452451644,2.8096467749042877,11.840927403405349,48.588037713029635,0,2026-10-08 00:33:57
2026-10-07 14:27:00,CNC-03,H,298.30331335964047,312.68456449681815,1485.4239288055035,47.219498587683596,,2.429397803942179,13.213036117094276,,0,2026-10-08 00:33:57
2026-10-07 20:23:00,CNC-03,H,300.0207961297768,314.03798269465585,2388.5715581175996,26.849377345008634,181.2288808701933,3.4278958259862664,11.973615314317541,46.41667678393516,0,2026-10-08 00:33:57
2026-10-07 00:56:00,CNC-01,L,298.6236530464826,310.64444957214727,2639.715732139739,17.097675912164004,41.26733020246292,3.1427782426541944,8.640831824459266,54.697829236512604,0,2026-10-08 00:33:57
2026-10-07 14:28:00,CNC-02,M,297.8539505260628,312.0883445044944,1630.345090903357,44.159916496928375,51.11922004661222,2.3087676172962506,13.271591891312422,53.58072091116362,0,2026-10-08 00:33:57
2026-10-07 23:43:28,CNC-03,H,304.4505656799714,311.0412108816218,2776.599362712825,16.279719016720197,148.03668564407744,3.3978662497638195,8.308094844178333,44.62960374471824,0,2026-10-08 00:33:57
2026-10-07 04:37:00,CNC-01,L,6168.536723772573,309.63728470212067,2236.6508969050647,25.585961716979746,87.42805570418103,2.793240871653451,10.730622257766552,56.733537870814644,0,2026-10-08 00:33:57
2026-10-07 05:22:00,CNC-01,L,295.67672217071225,310.3256250782032,2051.5084508402397,36.134364927661444,144.26049563925147,2.9604984027198777,13.775203651250536,60.70708576680295,0,2026-10-08 00:33:57
2026-10-07 02:56:00,CNC-02,M,297.70451096177277,311.38413427988115,2584.212351472587,22.5550650018313,203.0306889999736,3.86492176655025,11.03087728613671,56.0383077699913,0,2026-10-08 00:33:57
2026-10-07 17:05:00,CNC-03,H,299.768319657711,315.04731563322923,1927.3236934779907,40.60662581694273,174.87191035515934,2.8547074447478673,14.642919961115961,51.979771398803784,0,2026-10-08 00:33:57
2026-10-07 07:00:00,CNC-01,L,296.1352137562879,309.4631911250381,1909.173729006309,34.10003287538591,52.41479245057415,2.560324795756811,12.050344274295668,56.63151296487296,0,2026-10-08 00:33:57
2026-10-07 17:09:00,CNC-03,H,299.73169382054124,314.80875278017993,1856.163227443581,41.41056511156686,180.40785699930134,2.802147212724154,14.252741598717167,51.768500863210704,0,2026-10-08 00:33:57
2026-10-07 18:19:00,CNC-03,H,299.9914385294556,314.00182566654416,,35.715334112788575,27.854854124129897,25.43279864385505,13.262287251624159,54.371644910656016,0,2026-10-08 00:33:57
2026-10-07 01:18:00,CNC-01,L,298.2991078268007,310.3154483804443,2455.9704527920107,17.102578345062597,64.90294939827183,3.0700650333819577,7.879745171169214,52.78146739552087,0,2026-10-08 00:33:57
2026-10-07 02:15:00,CNC-01,L,297.6801743260179,309.76783736515387,2788.059926403441,14.993277446920422,126.83256159795788,3.5189854116309656,8.113036117883501,56.08568384454612,0,2026-10-08 00:33:57
2026-10-07 11:58:00,CNC-01,L,296.06998382278573,310.1055290867118,1328.6292596611258,52.5123259722346,54.040119932572736,2.0326937045724414,12.853337567056816,57.82588546432607,0,2026-10-08 00:33:57
2026-10-07 22:34:00,CNC-02,M,299.24441278666336,310.68529917906454,2673.1614550122586,11.92503666442572,0.0,32.20686334792434,5.969264448981765,53.50733805336323,1,2026-10-08 00:33:57
2026-10-07 07:24:12,CNC-03,H,295.87454473623865,309.671962231649,1853.0795627501404,37.2014488602989,24.071364827577394,2.5103574187031295,12.870592395981088,58.576497381587124,0,2026-10-08 00:33:57
2026-10-08 00:32:00,CNC-03,H,298.3232145897519,310.53614752511936,2745.897246385001,13.777570710988485,200.97332669447644,3.755118972675879,7.007608907173212,54.04473199049188,0,2026-10-08 00:33:57
2026-10-07 10:09:31,CNC-03,H,296.2315513062555,309.7262986539255,1466.9171172678978,46.24642750809412,3.1316289729567117,2.127270209016984,12.76182304099018,58.617134728612555,0,2026-10-08 00:33:57
2026-10-07 04:47:00,CNC-01,L,296.26664735955035,309.6722136030496,2198.5672744476715,28.207124059387606,0.0,2.8785888974121274,11.643183521347328,56.28516680328205,0,2026-10-08 00:33:57
2026-10-07 02:36:00,CNC-01,L,297.60554064977015,310.8144061165491,2401.9611092399373,22.595919920671733,150.33445528806791,3.2692236017939007,10.24922507474889,60.58301903028294,0,2026-10-08 00:33:57
2026-10-07 10:03:00,CNC-03,H,296.775730072288,,1463.5485788205776,49.65971502091245,263.9410635751255,3.3906425175235375,13.516639649391879,55.963360673382546,1,2026-10-08 00:33:57
2026-10-07 02:36:00,CNC-02,M,297.954839296716,311.22263305137056,2613.921034945539,20.36005911548158,180.5619476694622,3.4630405152820334,9.943147511390036,50.71571513582611,0,2026-10-08 00:33:57
2026-10-07 03:21:00,CNC-02,M,297.53475166151503,309.491438125079,2571.0536803831183,18.604837229492382,16.092768092742965,3.2787511641208273,8.97712093173268,57.76110370276012,0,2026-10-08 00:33:57
2026-10-07 06:43:00,CNC-03,H,296.2565148169869,311.2557268350384,1881.7529912687205,40.44421299556921,210.4825461732027,3.1252575895372727,14.191600428241712,56.42807474613828,0,2026-10-08 00:33:57
2026-10-07 20:32:00,CNC-02,M,299.4601217730933,313.21320555561107,2325.070646082779,27.011319719639808,101.80479003924222,3.022029773188249,11.695514005188302,54.586565017536934,0,2026-10-08 00:33:57
2026-10-07 09:05:00,CNC-03,H,296.05986293062983,310.5581884371628,1500.465453320004,49.043466282765856,174.29972006794267,2.4534314788360105,13.967122663364572,54.109084825129855,0,2026-10-08 00:33:57
2026-10-07 17:28:00,CNC-02,M,298.83220876165285,312.77238269777354,1964.2405704967368,33.373020538876965,88.18009393415709,2.5629651266695475,12.170051706842555,55.386100193259,0,2026-10-08 00:33:57
2026-10-07 18:55:00,CNC-02,M,298.83026927611957,313.6299903999057,2226.5842125595273,31.131576619121503,202.96236531379927,3.4327609607883334,12.796784164895366,54.47697430936057,0,2026-10-08 00:33:57
2026-10-07 18:43:00,CNC-02,M,299.2184215458993,314.0941557803191,2140.536700120259,33.92861441821652,187.68544539042563,31.792694629402963,13.620588177487061,58.15872228392374,0,2026-10-08 00:33:57
2026-10-07 18:23:27,CNC-01,L,299.33676294946315,313.83348540371287,2197.923169998767,31.73344033622452,182.38394640871965,3.3923257410291243,13.09731713418555,46.233533727446755,0,2026-10-08 00:33:57
2026-10-07 11:14:00,CNC-03,H,296.8573273074709,311.73733288808984,1601.683325563315,48.08355173957431,103.87973016937511,2.316136314579446,14.61926024033205,55.573719954998,0,2026-10-08 00:33:57
2026-10-07 13:11:00,CNC-01,L,23.57143183862314,37.990696839282975,1295.618364395123,54.945093741516224,169.51871119859038,2.436656295938712,13.436323239030614,56.32333545649865,0,2026-10-08 00:33:57
2026-10-07 07:18:00,CNC-03,H,295.88883684524967,309.40940201580884,1837.4466824960093,37.36667136192698,16.959286317035872,2.489631110638235,12.868414466233592,58.44478459740145,0,2026-10-08 00:33:57
2026-10-07 09:18:00,CNC-01,L,295.4260145498881,309.10386494658064,1460.000937497304,46.63856201483547,0.0,2.0350495986301773,12.688207891180596,60.79236970684559,0,2026-10-08 00:33:57
2026-10-07 14:13:00,CNC-02,M,297.7852598901035,311.7504086413965,1639.610142319107,43.11838149037933,27.934217901317236,2.3082183041336255,13.3124951921608,51.09979699044591,0,2026-10-08 00:33:57
2026-10-07 11:17:00,CNC-03,H,296.80793123760617,311.13825809133925,1433.3191088842418,49.71691638330121,108.60838238838498,2.3387500278667663,13.594283476443099,50.80024304801497,0,2026-10-08 00:33:57
2026-10-08 00:22:00,CNC-02,M,298.75222177160197,311.61240357369036,2755.078284572765,,114.93213924256061,3.3411474501277403,8.530122834878945,54.252199587410296,0,2026-10-08 00:33:57
2026-10-07 03:40:00,CNC-02,M,297.314725615616,309.9158012978631,2436.207728723074,21.379528287766256,38.45206370045677,3.043290846995008,9.882275599030525,58.06699029737482,0,2026-10-08 00:33:57
2026-10-07 23:01:00,CNC-02,M,299.09358834009504,310.9383694794094,2757.9953475048555,13.501584575711838,28.89332251169073,3.335143780842565,6.958263894263147,52.818467001333325,0,2026-10-08 00:33:57
2026-10-07 18:41:00,CNC-02,M,298.86853416346025,313.267212514424,2257.2765690676915,29.66347563944605,185.0900356263231,3.2554184878621713,12.576991519236925,51.559441424304985,0,2026-10-08 00:33:57
2026-10-07 04:19:00,CNC-01,L,296.4237871760213,309.5619861045824,2300.063951777105,24.79246223083376,65.35688455554993,2.979203146395853,10.487529325014679,56.38862175558196,0,2026-10-08 00:33:57
2026-10-07 04:11:00,CNC-02,M,296.8791355531493,310.49146180915227,2336.446644652098,27.425531381001882,75.52074226159117,3.0018786134186017,11.957491605924998,56.06111662811046,0,2026-10-08 00:33:57
2026-10-07 09:03:00,CNC-03,H,295.9615485322085,310.4322804616551,1430.8090387468048,0.0,171.26711842885695,2.3564015315250644,13.535301019374264,60.46848206227562,0,2026-10-08 00:33:57
2026-10-07 04:31:56,CNC-03,H,296.5949439335826,309.7808712731866,2325.8214573494633,24.833276721304408,41.13194103477601,2.9461983973402917,10.647616306928505,56.63204081635699,0,2026-10-08 00:33:57
2026-10-07 06:14:00,CNC-02,M,296.31690013232696,309.5411664389905,2077.37373655264,30.063744361632118,10.74720590565264,2.6658984372763976,11.712407372446561,61.25291318032072,0,2026-10-08 00:33:57
2026-10-07 20:46:00,CNC-03,H,299.829877048614,313.466628191803,2432.628437408592,22.56225215351522,208.04566555717062,3.7714541513823994,10.304250184087637,52.46882607701263,0,2026-10-08 00:33:57
2026-10-07 14:12:00,CNC-02,M,297.7943432302096,311.88272278084514,1443.1301858471516,49.587901692557175,26.4321226946703,2.0934361252502747,13.436149755196622,56.14635699741838,0,2026-10-08 00:33:57
2026-10-07 05:50:00,CNC-02,M,296.74536130424656,311.40791373414754,2166.4642617840605,33.128321054501484,200.4154300384495,3.3072690665118927,13.58054026079961,56.66678035724642,0,2026-10-08 00:33:57
2026-10-07 17:32:00,CNC-03,H,299.74927898914206,313.95439323551767,1969.0650308777597,33.85974427041163,212.18877045415815,3.213393672283532,12.402342634730001,51.89816717671074,0,2026-10-08 00:33:57
2026-10-07 01:26:11,CNC-03,H,298.44576670431206,310.56389127579814,2607.401420477404,16.82881618769235,61.59287298919909,3.231913773678604,7.912164200017621,54.92648522163466,0,2026-10-08 00:33:57
2026-10-07 20:40:00,CNC-01,L,299.8769848546986,312.4753930505753,2559.429001534634,19.361008468267254,119.40620658481103,31.22162446385023,9.34218665208103,51.033347916131284,0,2026-10-08 00:33:57
2026-10-07 16:08:00,CNC-03,H,26.14076579597122,40.52354164667105,1715.1483014917333,42.29677863308422,93.61698017108338,2.3477371810688763,13.733533434482181,56.75612509977429,0,2026-10-08 00:33:57
2026-10-07 06:09:00,CNC-02,M,296.62934304671285,309.7359350559068,2088.5000535262025,30.181199270349428,3.9827307745462086,2.715034118685126,11.81380913888793,54.25295726602771,0,2026-10-08 00:33:57
2026-10-07 10:06:00,CNC-02,M,296.2950376875668,310.87804109429374,1481.8054977491715,49.55728623181081,133.47070080091382,2.2696590572367996,13.595684381961028,58.713772902471476,0,2026-10-08 00:33:57
2026-10-07 11:09:00,CNC-03,H,296.3661063577188,310.47887134699585,1452.1792582056141,48.64009470242638,95.95999831995499,2.234886153625549,13.444573550255875,62.09208887857853,0,2026-10-08 00:33:57
2026-10-07 13:40:00,CNC-02,M,297.1585095979891,312.0073374341218,1426.1922061309672,49.033961635091465,223.63264885011745,2.8950845011170485,12.94296159754436,59.59141081656676,0,2026-10-08 00:33:57
2026-10-07 20:13:00,CNC-03,H,299.5951488892471,313.60851678444493,2547.0887804464187,25.48925121554918,169.54226631206308,3.4691199146884464,11.85335253266544,45.49660340785757,0,2026-10-08 00:33:57
2026-10-07 00:54:00,CNC-03,H,298.54950272040287,310.64057364347184,2664.5764254863207,17.023607339374358,25.80089891168831,31.97328327516367,8.60511744597781,54.69743415752029,0,2026-10-08 00:33:57
2026-10-07 15:20:00,CNC-01,L,297.82223753620735,312.50479533585707,1548.1318320819576,46.84077633663173,143.3152293496275,2.464724695847421,13.831271845097797,59.736229490857625,0,2026-10-08 00:33:57
2026-10-07 09:15:00,CNC-01,L,295.4131099949324,308.9740157200987,1486.6789811691042,47.29611825718752,13.88346166287105,2.07238344040534,13.209018069914581,57.97199882202225,0,2026-10-08 00:33:57
2026-10-07 04:32:00,CNC-01,L,296.2976519112784,309.61018515909626,2288.8605298687407,25.602658189211645,81.27858490724421,2.8553494411568043,10.971270682594506,57.69614025375824,0,2026-10-08 00:33:57
2026-10-07 23:17:00,CNC-02,M,299.237970672464,311.6254502177796,2582.9330111357162,17.396141606742006,45.96907245426595,3.0033658260943885,8.518738504550122,55.1908077543164,0,2026-10-08 00:33:57
2026-10-07 23:48:00,CNC-01,L,298.91762883478464,310.3352167263089,2684.8796757778505,13.334534925115417,120.64101174106014,3.268291784495852,6.6248995883627275,52.626364586370194,0,2026-10-08 00:33:57
2026-10-07 01:25:00,CNC-02,M,298.5074100191355,311.38934594373427,2563.157960201687,19.75761084846123,102.58136904129911,3.2468318866839097,9.281277745815618,50.3834001630103,0,2026-10-08 00:33:57
2026-10-07 03:04:00,CNC-02,M,297.5582289943621,310.94621340059524,2563.2364882840693,20.268248487213807,212.18600022260543,3.8662827472110664,9.741957483123839,55.01862044766819,0,2026-10-08 00:33:57
2026-10-07 16:40:00,CNC-02,M,298.3115714745378,312.2507104401939,1918.174137504661,35.685354045355744,21.402210895112592,2.579915999060908,12.829834972194737,54.343018074407304,0,2026-10-08 00:33:57
2026-10-07 17:10:00,CNC-02,M,299.0295640169549,313.34110879910645,1965.9140337663357,35.67410154318291,63.59126228741739,2.636481829568218,13.09475811250788,51.04430571165531,0,2026-10-08 00:33:57
2026-10-07 23:16:00,CNC-01,L,299.20562460195214,312.11478712027554,2643.1900634302515,19.807573440720574,86.46826149254414,3.3050502253223404,9.68093473029512,52.12761407728725,0,2026-10-08 00:33:57
2026-10-07 18:38:00,CNC-01,L,299.3724137169923,314.16141647832353,2258.1913993333033,32.0542659200194,201.56117725119876,3.539735594272598,13.41403607882176,53.03944353797878,0,2026-10-08 00:33:57
2026-10-07 05:44:00,CNC-02,M,302.0642043748035,311.26600428072135,2119.8499718950843,36.942924793468336,192.6239877990856,3.331121764607804,14.448458749393351,50.02457885478776,0,2026-10-08 00:33:57
2026-10-07 02:05:00,CNC-01,L,297.52540766118847,310.65622657034595,2667.679342835096,20.803454481957797,115.98799500219089,3.2609428801212084,10.702324608402046,51.502317166138205,0,2026-10-08 00:33:57
2026-10-07 02:51:00,CNC-02,M,297.5939735057949,311.341877836653,2436.2296464899478,22.911143890427258,197.4267920951334,3.5757195626826594,10.500455617403182,51.96734261605094,0,2026-10-08 00:33:57
2026-10-07 17:00:00,CNC-03,H,0.0,314.4260999847019,1753.8385735136014,42.591054298463206,167.9129214183422,2.701159204940422,13.760607260261365,52.392794666559766,0,2026-10-08 00:33:57
2026-10-07 13:27:00,CNC-01,L,297.0449388916003,311.33415910393774,1334.1031660766896,,194.6972054212727,2.822309885753423,12.695853181489122,55.88592057336979,0,2026-10-08 00:33:57
2026-10-07 05:32:00,CNC-03,H,296.2738151993231,310.02182057885994,2203.2939677603977,30.106347189147534,115.79621596731101,2.965867914164985,12.678278081639418,54.538316046983624,0,2026-10-08 00:33:57
2026-10-07 05:06:00,CNC-02,M,302.1489094746607,310.77507127436076,2044.8605202184995,35.13776522560763,143.70708621547942,2.944903166353982,13.455641411409813,48.061701843759124,0,2026-10-08 00:33:57
2026-10-07 02:55:00,CNC-02,M,297.66671634540376,311.3827441587027,2489.9743900450508,24.004604041180144,201.9094147954678,3.735444161226315,11.216503566177915,58.91554576860076,0,2026-10-08 00:33:57
2026-10-07 01:58:00,CNC-03,H,298.036989203436,310.9899432191463,2701.9791044395056,19.358229245440164,95.49139150886292,3.264519936857758,9.795201813265777,52.24680879263535,0,2026-10-08 00:33:57
2026-10-07 14:08:00,CNC-03,H,298.39055267954546,312.79588248224485,1483.5965513870576,48.63351016374196,130.24187148980016,2.2525545612885898,13.209272615268116,50.17533041567426,0,2026-10-08 00:33:57
2026-10-07 21:40:00,CNC-01,L,,311.7517316607587,2609.731588496073,17.56322194189268,187.17430533285113,3.709880879524663,8.636524064296664,39.312281766363164,0,2026-10-08 00:33:57
2026-10-07 11:43:00,CNC-03,H,297.0621395929275,311.57250493828894,1363.634329737454,53.15223068498904,149.92734031066507,2.2462813106224937,13.821417603984612,55.9955053737114,0,2026-10-08 00:33:57
2026-10-07 03:47:00,CNC-02,M,297.2376688278918,309.7209301203558,2386.573546542029,21.350638710211495,46.60358957748077,2.9349607104272817,9.641785296330738,54.66642154461152,0,2026-10-08 00:33:57
2026-10-07 14:06:00,CNC-02,M,297.64431466587234,311.50674776055877,1647.3368357542317,40.33547462686176,17.048766745790235,2.2642973665933894,12.409131682825905,56.10212331723102,0,2026-10-08 00:33:57
2026-10-07 08:20:00,CNC-03,H,296.2821802409993,310.00386448587625,1563.1934260275905,42.22113160760125,106.78466142379926,2.3173168526376187,12.24374612817366,57.77028434374727,0,2026-10-08 00:33:57
2026-10-07 20:50:00,CNC-02,M,299.2383103744367,312.7143959396729,2493.0770485743333,23.70202451202608,122.66676025429022,3.167006825611135,10.923356498449552,53.746416523284346,0,2026-10-08 00:33:57
2026-10-07 11:54:00,CNC-02,M,296.7456556756616,310.3527014311474,1310.9542485441596,51.18764465842717,55.60229957725978,1.989812515372663,12.829654230075889,58.96349059892826,0,2026-10-08 00:33:57
2026-10-07 19:12:00,CNC-02,M,298.93751879492487,312.38088488821876,2210.1554708159424,27.85387618883487,5.067837624098576,27.375434106008925,11.709253468192724,56.110221554882656,0,2026-10-08 00:33:57
2026-10-07 02:11:00,CNC-02,M,297.8796837273546,310.6290380699274,2602.9962022560208,19.22990828396309,152.6498545553769,3.5283063541313417,9.123810298098912,52.74253814280671,0,2026-10-08 00:33:57
2026-10-07 02:13:00,CNC-01,L,298.0288274275973,310.6762743488327,2669.9097277792025,18.346805928057066,,3.4228042061938284,9.13103716605128,53.52978107270539,0,2026-10-08 00:33:57
2026-10-07 18:48:00,CNC-02,M,298.8459378338272,313.45917840455354,2034.1167437659444,32.989269303628014,194.09476408177082,3.208906628866618,12.471696022058332,54.82049634228934,0,2026-10-08 00:33:57
2026-10-07 14:01:00,CNC-03,H,298.208485920934,312.66371429769947,1385.0632164069104,52.747885275201504,119.39658677270522,2.1128824623904072,13.641882845316868,55.944819412480925,0,2026-10-08 00:33:57
2026-10-07 18:10:00,CNC-02,M,298.73651773369727,313.4356044800332,2133.913552457856,33.86332744809381,144.8620615461803,2.9489994686967442,13.375085012062051,55.435061398188225,0,2026-10-08 00:33:57
2026-10-07 02:27:00,CNC-03,H,297.64820998055393,310.01207120614646,2510.435027888571,17.80338878384287,127.47452704937146,3.244863433753734,8.260397793510423,55.63639421953386,0,2026-10-08 00:33:57
2026-10-07 13:41:00,CNC-03,H,298.1117095578295,312.3510369757171,1434.2588425963622,50.14993407990144,88.0369011540901,2.052508687018444,13.332119255851989,54.003867872749694,0,2026-10-08 00:33:57
2026-10-07 11:28:00,CNC-02,M,296.5349388591746,310.5107265770015,1380.4750103562797,49.936129169513755,14.254767460900037,2.00073493469162,12.959554712307645,59.39730090346382,0,2026-10-08 00:33:57
2026-10-07 10:00:00,CNC-02,M,296.062370594465,310.6583747486081,1480.1570641233773,49.57383302448795,124.11542800137197,2.3845872577452183,13.56459591904363,55.55621466688674,0,2026-10-08 00:33:57
2026-10-08 00:22:00,CNC-03,H,298.5311201469722,310.9161554271941,2671.0623104027263,15.488812554569796,190.38138373979353,3.6501701514639837,7.635907278547234,59.34524222738277,0,2026-10-08 00:33:57
2026-10-07 10:28:00,CNC-03,H,296.4915795915624,310.60110830115923,1468.127750774776,51.28847896949646,31.128625306060062,2.0645584046959575,14.078015406457858,58.38059277782374,0,2026-10-08 00:33:57
2026-10-07 08:50:00,CNC-02,M,295.7907525105334,309.5747893541303,1491.274449208627,45.355587654518445,16.609718168035883,2.190678258025265,12.870310591992641,53.90606204092862,0,2026-10-08 00:33:57
2026-10-07 01:25:00,CNC-03,H,298.4227787107548,310.2330963985231,2609.4427401300586,15.057908588044167,59.388702402111484,3.0858020070687777,7.45684662519977,52.038807643305034,0,2026-10-08 00:33:57
2026-10-07 10:21:00,CNC-02,M,296.1882559349972,311.392255837053,1535.8842153925143,52.34899261431358,157.1128773291215,2.4995084305893203,15.144456637574391,54.80304202022735,0,2026-10-08 00:33:57
2026-10-07 04:33:00,CNC-02,M,297.3115925838106,311.09126914532607,2310.5330286881635,27.080459102462868,102.39407541419467,3.004795588915714,11.527703043595242,54.297549317691676,0,2026-10-08 00:33:57
2026-10-07 02:38:00,CNC-01,L,297.80011636727096,311.15638145981666,2519.3573794739887,21.415777454137846,152.54395228542955,3.379701200403554,9.930056604629034,56.63803418017999,0,2026-10-08 00:33:57
2026-10-07 17:59:00,CNC-03,H,299.86653295694435,313.43232297910345,2155.415565656178,32.25215149630228,1.3225034242096985,2.6469804597862083,13.142312209338643,50.75230622705313,0,2026-10-08 00:33:57
2026-10-07 10:07:00,CNC-02,M,296.29373958719964,311.01082105957704,1356.3500939744576,52.372020800664444,135.063689300902,2.2829951173157084,13.327203990177875,54.84875922068859,0,2026-10-08 00:33:57
2026-10-07 01:19:00,CNC-02,M,298.22248517223085,310.56625392353544,2563.238792340559,18.350901893956504,96.06905917490337,3.090995440142307,8.64991793687754,52.72569285433507,0,2026-10-08 00:33:57
2026-10-07 02:40:00,CNC-02,M,298.08509042031824,311.8497203704931,2610.4682003300163,23.184909732943765,184.99504290468636,3.642856531735523,11.363854856361256,55.74853263686428,0,2026-10-08 00:33:57
2026-10-07 16:09:00,CNC-01,L,25.805000541181357,40.94628258585328,1837.481788412772,44.380574471210515,215.57976462101172,3.483867957087543,15.30429873761753,53.9366338265907,0,2026-10-08 00:33:57
2026-10-07 02:31:00,CNC-02,M,297.9716332287897,311.1643973990228,2552.0533712730553,21.995046040418625,174.9638064500612,3.5824947539336827,10.568722251838762,57.35346570356872,0,2026-10-08 00:33:57
2026-10-07 02:24:00,CNC-03,H,297.63173120720944,309.64133369348514,2680.210515736934,15.205609446556501,0.0,3.32009103182975,7.511324475954357,54.23500698412116,0,2026-10-08 00:33:57
2026-10-07 05:33:00,CNC-01,L,296.0212175358778,310.9301466888268,2114.9206439604227,36.17495263761171,158.55493619226348,3.0749456585181965,14.164985369281604,59.058690317995456,0,2026-10-08 00:33:57
2026-10-07 04:04:00,CNC-02,M,297.39809944296496,310.67486290825127,2429.3571803105383,23.057267336984054,66.88547438885524,2.937734902679379,10.608310146950073,58.50316925990186,0,2026-10-08 00:33:57
2026-10-07 05:58:00,CNC-01,L,295.8304018127485,310.20859535466633,2065.834345554654,33.24130259247665,191.29743311678132,3.3390276795984173,12.918098749816986,56.69680280852824,0,2026-10-08 00:33:57
2026-10-07 21:08:00,CNC-02,M,299.5873119944362,313.04480276206743,2524.5693287216072,22.142112844466126,143.15772357003235,3.226238897128658,10.48899955826807,55.112531329497536,0,2026-10-08 00:33:57
2026-10-07 10:40:00,CNC-02,M,296.2313152562856,311.79056296530666,1416.1160308058884,58.61527059619139,187.13878258696434,24.873019508360922,15.409409040082227,59.01962034850433,0,2026-10-08 00:33:57
2026-10-07 13:46:00,CNC-03,H,297.9223572774517,312.0995809415753,1446.88910708843,50.2401026949541,95.90415170936447,2.2184726972026603,13.699866210468251,60.09017990230839,0,2026-10-08 00:33:57
2026-10-07 20:47:00,CNC-01,L,305.30032681833126,312.822372083311,2378.322620539367,25.178090754161676,127.56071477793321,3.122030549927438,11.142234640200588,37.441916297333094,0,2026-10-08 00:33:57
2026-10-07 23:10:15,CNC-01,L,299.25676457555403,311.43615207903963,2539.2203404766783,16.416398439885555,78.91879824754967,3.0322565302239353,7.7399448361586245,54.258506338983715,0,2026-10-08 00:33:57
2026-10-07 20:47:00,CNC-03,H,299.9749612434014,314.7758195172876,2472.2557065849956,28.769861626083543,209.19929894479884,3.515407257303402,13.482272902035579,47.62954323799989,0,2026-10-08 00:33:57
2026-10-07 01:03:00,CNC-02,M,298.72613721844976,311.0885907152896,2684.2436967754093,17.18489534337267,78.82145199521334,3.237543435741733,,56.41388447602279,0,2026-10-08 00:33:57
2026-10-07 21:31:00,CNC-03,H,299.40425131656286,311.4042793148807,2614.8862711709253,18.603264479565233,6.605416598865977,30.621732975827396,9.148997010098324,56.84552342839856,0,2026-10-08 00:33:57
2026-10-07 04:24:00,CNC-02,M,296.9205474908187,310.9423504472241,2367.821206548105,29.183651543081112,91.36742145408523,2.97617993825664,12.995815996391723,54.22771249907153,0,2026-10-08 00:33:57
2026-10-07 13:23:00,CNC-02,M,297.0543737525783,312.14472842973584,1422.0079037223186,52.98214284948126,196.85466688099106,2.7140232081719655,14.075873462911172,56.57493729733181,0,2026-10-08 00:33:57
2026-10-07 06:50:00,CNC-02,M,296.52019660196777,311.11155454351535,1892.3342573722748,39.888798553795105,59.85073219451331,2.5640675495242973,13.9427735694502,60.41027002404149,0,2026-10-08 00:33:57
2026-10-07 13:57:00,CNC-03,H,298.1392615168982,312.24989505707583,1484.5045572349304,47.771942763277224,113.06273241196934,2.2176953312228416,13.204137632623421,55.30020620411929,0,2026-10-08 00:33:57
2026-10-07 06:10:00,CNC-01,L,295.94781671847346,311.0637952930099,2040.4067049616153,39.34822991847269,207.28128287698027,3.437169353581645,14.790924682802173,54.969900827452875,0,2026-10-08 00:33:57
2026-10-07 21:57:00,CNC-03,H,299.3968617148607,311.46255474560195,2715.261663663734,0.0,35.15477451540451,,8.80048579728243,47.791452335888025,0,2026-10-08 00:33:57
2026-10-07 21:18:00,CNC-03,H,299.6960449404059,313.6628811642649,2649.2274826208964,22.874532615777014,244.51056815878323,4.098780227699988,11.133119022609643,55.60894070467703,0,2026-10-08 00:33:57
2026-10-07 21:00:00,CNC-01,L,305.49529033886273,311.8527569118085,2516.845971614825,17.146109535823033,142.32028852880407,3.323620044618095,8.159542790265913,40.03914404081262,0,2026-10-08 00:33:57
2026-10-07 11:28:00,CNC-03,H,296.96418222812,311.1806664143251,1323.8226954811723,52.649032680917365,126.09836565992268,2.079686736428152,13.119321208990304,61.55542098683383,0,2026-10-08 00:33:57
2026-10-07 23:19:00,CNC-03,H,304.8008942078778,310.81166139266276,2785.3677667161805,14.091056987320805,123.65323494678067,3.397438358123401,7.2213476637351475,43.011533667782786,0,2026-10-08 00:33:57
2026-10-07 07:14:00,CNC-01,L,295.68781825854325,310.05104819732554,1940.2749917011174,37.65040440171544,71.97943436612732,2.6558942304397153,13.585483561002492,57.52045456660614,0,2026-10-08 00:33:57
2026-10-07 15:46:00,CNC-01,L,25.214410840012306,39.971383612056854,1727.4304609288542,43.92650506543906,181.95098366983487,2.936110531069595,14.348030197418641,55.666315063608366,0,2026-10-08 00:33:57
2026-10-07 22:10:00,CNC-03,H,299.56137312192794,312.4255814115691,2362.182912808233,23.03465660854736,49.53226909070926,2.914031043733527,9.8703992816053,56.096287926630204,0,2026-10-08 00:33:57
2026-10-07 09:03:00,CNC-01,L,295.7268570753288,310.8406688687204,1547.9571128381679,49.2387388734257,232.35128480201286,3.3817176562722837,14.134488457516895,59.80930153871963,1,2026-10-08 00:33:57
2026-10-07 19:05:00,CNC-01,L,300.17323588816237,312.8782733468063,2003.9507660495385,29.013653092473707,5.121256213203784,2.5027470857887044,10.868248615576201,51.11785671885654,0,2026-10-08 00:33:57
2026-10-07 04:21:00,CNC-03,H,297.0289269678293,310.6984184467503,2126.604088733909,31.209750726248263,26.377720001853827,2.653959230323732,12.52585992487196,58.34146723998004,0,2026-10-08 00:33:57
2026-10-07 14:36:00,CNC-02,M,297.7906862660881,311.44651726863043,1477.620209551151,43.615211151470156,63.314583360049156,2.159433485014749,11.872006488614815,54.234316254916244,0,2026-10-08 00:33:57
2026-10-07 11:12:00,CNC-01,L,296.2758571198157,311.27155152811133,1432.8528623655257,53.67825549335384,197.08435714941191,2.8767708673743515,14.352291654872426,54.57783106077163,0,2026-10-08 00:33:57
2026-10-07 12:36:00,CNC-03,H,24.51486512253831,39.64080614986909,,57.47261698149834,233.9904684560541,2.815179859462145,14.307173102035089,55.77767842794367,1,2026-10-08 00:33:57
2026-10-07 05:35:00,CNC-01,L,295.7804085963582,309.9754696664917,2063.26840608213,33.381549783530346,161.09045271069712,3.039710606560822,12.75552273057391,59.43144634699643,0,2026-10-08 00:33:57
2026-10-07 11:20:00,CNC-02,M,296.46753554915637,310.74282786778423,1388.7353393697367,53.717573423843234,1.6,2.0501532087346823,14.08151285195274,62.526943175956745,0,2026-10-08 00:33:57
2026-10-07 05:25:00,CNC-03,H,296.593329814136,310.6571437743674,2012.8851888855493,34.79534389190367,106.77496832572594,2.6867113210598097,13.305652278361336,56.55070561465283,0,2026-10-08 00:33:57
2026-10-07 02:31:00,CNC-01,L,297.54889609648194,310.2108544596484,2643.255471324144,18.76132672596247,144.58574994236488,3.4233149884899414,9.243779804513128,56.58720548020099,0,2026-10-08 00:33:57
2026-10-07 02:19:00,CNC-01,L,297.73033878132435,311.0501013637051,2633.9414015906323,21.64036302666051,131.2038926892825,3.4544415200643583,10.549683312910155,55.46229539906879,0,2026-10-08 00:33:57
2026-10-07 10:34:00,CNC-02,M,,311.2126235894433,1311.301290038982,53.78843286316511,177.7065738498535,2.2584601718449693,13.313117677799013,59.94086518641034,0,2026-10-08 00:33:57
2026-10-07 23:41:14,CNC-02,M,299.148949849717,310.99605018893027,2767.7498348368263,14.097396915580582,71.48657248895782,3.3626078274664377,7.139371280023873,52.27800494950782,0,2026-10-08 00:33:57
2026-10-07 18:41:00,CNC-01,L,299.3855213878839,313.70618058361725,2112.81955074491,32.17387160412544,205.34656043073682,3.5740631521996944,12.631577839934895,47.85495258365597,0,2026-10-08 00:33:57
2026-10-07 06:47:00,CNC-01,L,295.6392210440239,309.1047757486296,2003.292940030218,32.08195577586115,34.273602867839536,2.6729910560125827,12.20484201264133,59.93923460958667,0,2026-10-08 00:33:57
2026-10-07 05:47:00,CNC-01,L,295.73958179845135,309.8219805446245,2153.158706606391,30.72431478905763,176.74300755023538,3.2166983113595418,12.522332346768003,58.62116687082625,0,2026-10-08 00:33:57
2026-10-07 21:37:00,CNC-02,M,299.2567908794821,311.71571310237675,2750.0620048215965,13.983462809738239,175.34444452458118,3.6357048714365563,7.264390616948918,50.49988713067431,0,2026-10-08 00:33:57
2026-10-07 02:48:00,CNC-03,H,297.5167442164996,311.03457372616293,2579.382955927689,22.818200390335864,150.89020192359615,3.3417166612620663,11.438666699563779,59.34843977089869,0,2026-10-08 00:33:57
2026-10-07 00:53:00,CNC-03,H,298.3637010838968,310.66194281754167,2565.619913421107,19.020176716939268,24.713723524366937,3.0349501123121736,9.215275213249686,53.36269861688645,0,2026-10-08 00:33:57
2026-10-07 08:29:45,CNC-01,L,295.69430412156714,310.49003503313304,1574.376378263903,46.72387041121412,181.1757427215702,2.8459707259368585,13.875729544037581,55.963707303384275,0,2026-10-08 00:33:57
2026-10-07 19:10:00,CNC-03,H,299.88454021244456,313.4920891214353,2313.160397869704,27.340419700170067,92.74702933050837,2.9220248076655846,11.923819507264858,54.598381485483465,0,2026-10-08 00:33:57
2026-10-07 05:20:37,CNC-02,M,301.9037529467256,310.6769407390738,2140.57542001951,34.66747603067629,164.09227822985196,3.0603855828490154,13.881328929899441,44.165115159024545,0,2026-10-08 00:33:57
2026-10-07 04:56:00,CNC-01,L,296.1664434957987,310.00534057825115,2160.675321610211,30.33347760963345,111.05297564807921,2.8801515348073794,12.104407703943972,61.469244924394644,0,2026-10-08 00:33:57
2026-10-07 03:10:00,CNC-01,L,297.5007029020217,310.4080683478025,2705.4922378958395,17.474770202065482,188.4241304993035,3.8514785913991654,8.797205052390279,55.263114969896634,0,2026-10-08 00:33:57
2026-10-07 23:46:00,CNC-03,H,304.11053995888346,310.6077848815098,2713.9171510952624,17.39744948638797,152.26022328780036,3.4526176788777256,8.633404126128982,47.142891795615455,0,2026-10-08 00:33:57
2026-10-07 06:40:00,CNC-01,L,296.03196444432916,310.0452670345364,1872.5515646189765,39.259906632385274,24.599060257296962,2.3284824012461707,13.665223230606719,60.32747238928706,0,2026-10-08 00:33:57
2026-10-07 19:11:00,CNC-03,H,299.5606936209738,313.34564675138347,2151.279112394915,29.634696348210582,93.99443858411844,2.823671282786976,11.934793900996326,52.56352231201913,0,2026-10-08 00:33:57
2026-10-07 09:01:00,CNC-03,H,296.0333755717088,310.956218938693,1622.5351942434036,46.994666958442686,168.18616261606945,2.5097858023219817,14.23009176930917,55.36553398297697,0,2026-10-08 00:33:57
2026-10-07 06:17:00,CNC-02,M,296.17822938763663,309.79999010172975,1856.5854914119554,36.16375518949178,14.776781522846608,2.4809158682446415,12.527292405294913,59.042387414626326,0,2026-10-08 00:33:57
2026-10-07 02:56:00,CNC-03,H,297.73075541006716,310.5344009648721,2598.821301924233,19.5835832121178,159.84596000231676,3.401734099384119,9.17533544262721,59.496813550949554,0,2026-10-08 00:33:57
2026-10-07 09:30:00,CNC-03,H,296.474783542169,311.9033069378443,1552.1275733030313,52.12118538799651,212.7033549794164,2.7996039533532726,14.847778309995055,58.38258441481022,0,2026-10-08 00:33:57
2026-10-07 19:51:00,CNC-01,L,300.05977260871055,313.76154882263563,2258.014914705386,29.102443070958216,61.7612431267382,2.881517400027558,12.424095738105787,53.756063343709485,0,2026-10-08 00:33:57
2026-10-07 07:25:00,CNC-02,M,296.05193810812773,310.3507512801358,1728.7603595647963,41.00959075155543,109.02975220589802,2.4843819961326825,13.214946922742678,64.50704642439621,0,2026-10-08 00:33:57
2026-10-07 15:14:00,CNC-03,H,298.8184973361835,312.6611024760701,1683.1069163313578,42.06709970059196,13.70378101544561,2.2333303211227,13.18996163720206,51.0601957937712,0,2026-10-08 00:33:57
2026-10-07 09:29:00,CNC-01,L,295.6619429018592,309.9594022560379,1652.6394537405777,45.66924278189933,35.52120901234989,2.2950451907989966,13.960308008913897,61.26853899849532,0,2026-10-08 00:33:57
2026-10-07 22:13:00,CNC-03,H,299.4853211974952,311.7150448930568,2601.979547576571,17.9252102617425,52.80175997379733,3.1616269422556007,8.55972831071463,52.496902609192034,0,2026-10-08 00:33:57
2026-10-07 00:38:00,CNC-02,M,298.61358476373977,310.317245495469,2699.4950938622496,14.767413073226455,52.053292009168665,3.2033515675452473,7.396254687711908,53.51221916362059,0,2026-10-08 00:33:57
2026-10-07 05:29:00,CNC-03,H,296.1916649375959,309.6887830138117,2118.9904379063228,28.933786878698065,111.90919332601898,2.720133615524628,11.528974805442779,61.14161879119782,0,2026-10-08 00:33:57
2026-10-07 07:00:00,CNC-02,M,296.5232311048577,310.9893580196906,1905.265057438503,38.14357419230713,73.73402093068457,2.425221595391019,13.598305381594265,57.69275421709899,0,2026-10-08 00:33:57
2026-10-07 17:55:32,CNC-02,M,298.922621428799,314.0279990433607,1910.569009600625,40.14142683042178,127.6781737551868,2.7277655505312848,14.398777838464147,53.39357135377241,0,2026-10-08 00:33:57
2026-10-07 18:34:00,CNC-01,L,299.2736592612239,313.6678008205912,2128.292894242558,32.49501157133703,196.53059324583094,3.435885681419331,12.754225591986945,53.33322706993701,0,2026-10-08 00:33:57
2026-10-07 01:14:00,CNC-01,L,298.34766112761287,311.3308288869552,2687.3411986638894,20.181021677296258,60.53922744999536,3.1715964397955507,10.147250320119372,52.15074883679779,0,2026-10-08 00:33:57
2026-10-07 03:15:00,CNC-02,M,297.3851544424954,309.34677102947103,2534.5176211339863,17.80797364439609,9.272208992489507,3.1410595783714554,,60.74530904140268,0,2026-10-08 00:33:57
2026-10-07 09:59:32,CNC-01,L,295.3250821329537,310.04534590682374,1489.8593408627664,51.41400816973277,83.61741453095536,,14.425292464732454,58.85223665399068,0,2026-10-08 00:33:57
2026-10-07 14:18:00,CNC-03,H,298.37808718789574,312.98502215617134,1380.086755277159,53.386835841568704,145.7626690192921,2.130699592747437,13.558904363834202,54.352466794849036,0,2026-10-08 00:33:57
2026-10-07 10:25:00,CNC-03,H,296.32800814892266,309.88275957114956,1390.494229531801,49.96593187766066,26.46689514630645,2.1546554220696548,13.053896001821068,58.70829945288187,0,2026-10-08 00:33:57
2026-10-07 20:56:00,CNC-03,H,299.60615080659016,313.4299273472967,2385.4924709861693,25.282419124550724,219.6313344375487,3.5733127947914554,11.258664891303521,49.72125482485864,0,2026-10-08 00:33:57
2026-10-07 22:09:00,CNC-01,L,304.77866244697964,310.4677056803997,2644.5280461640323,15.286364429797144,14.075205184482328,3.1805971017587717,7.3818251293922055,40.846266025147116,0,2026-10-08 00:33:57
2026-10-07 22:41:00,CNC-03,H,304.3646138209175,310.3657984956998,2622.073105041015,16.331511010966594,83.03618962696001,3.23173350865741,8.31518116408718,43.7953625933281,0,2026-10-08 00:33:57
2026-10-07 03:17:00,CNC-02,M,297.3429746954478,310.00845123991337,2447.0676996365237,21.81808445175207,11.567641304070925,2.963071654518221,9.993914994105422,55.207023372025894,0,2026-10-08 00:33:57
2026-10-07 23:19:00,CNC-01,L,299.1794128085236,311.16463903294834,2680.174405670465,16.597042744811574,89.64966668219327,3.2520161617355647,8.351198481019297,54.33751980984034,0,2026-10-08 00:33:57
2026-10-07 13:43:00,CNC-03,H,297.9048262010884,312.0197755774516,1425.7930258564852,48.66919416334707,91.15446240711334,2.09903806992175,13.323175679099954,0.0,0,2026-10-08 00:33:57
2026-10-07 04:53:21,CNC-01,L,296.203090514965,309.34364403089563,2089.2044118493027,26.51554239934489,108.51512795514087,2.7636240081343746,10.409635622412033,55.0783005045669,0,2026-10-08 00:33:57
2026-10-07 14:55:00,CNC-03,H,298.9143569969704,313.98034323160783,1473.8259153989752,52.90327330981027,202.56689489727916,2.59962335731387,14.665397141748956,56.023797244834995,0,2026-10-08 00:33:57
2026-10-07 16:55:00,CNC-01,L,299.2524216885576,313.48396627174316,2046.4518836205448,37.34111186194823,63.03703944968226,2.6477365270110242,14.247048199809909,51.97745770256151,0,2026-10-08 00:33:57
2026-10-07 19:14:00,CNC-02,M,298.92204681561253,311.6108608320636,2217.4014643492205,24.424023194790212,7.523992207544028,2.704931978849969,10.251784617331618,52.78936330884073,0,2026-10-08 00:33:57
2026-10-07 18:25:00,CNC-03,H,300.1167239164497,313.6989226362046,2122.204200719724,31.539595360133323,35.65835389857873,2.8074975362536447,12.491631701033276,50.424783967502485,0,2026-10-08 00:33:57
2026-10-07 09:19:00,CNC-01,L,295.29371335288266,309.244171646186,1471.5209696810243,48.113467113610035,20.07271401894719,2.081625455694116,13.504718618444421,60.88546550014669,0,2026-10-08 00:33:57
2026-10-07 10:38:00,CNC-01,L,295.91808278645294,310.1899642133264,1363.3200476983884,51.65259825202128,0.0,2.309623637025686,13.19263515923804,61.00311631814463,0,2026-10-08 00:33:57
2026-10-07 01:21:00,CNC-02,M,298.1359858405108,310.2947438331364,2595.5935384435525,17.880849965884728,98.27168658287611,3.199678941035952,8.740197329733467,57.196987601220684,0,2026-10-08 00:33:57
2026-10-07 22:09:00,CNC-03,H,299.53527326725,311.735436678367,2565.7681463605068,17.411408946239817,48.36493787425871,3.14430642031438,8.107235114176783,45.376861533896275,0,2026-10-08 00:33:57
2026-10-07 23:47:00,CNC-03,H,304.31786831877565,310.8672217717466,2707.795101380942,16.186449204685527,153.31969072559139,3.391810331109755,8.122772625444039,48.39820948475983,0,2026-10-08 00:33:57
2026-10-07 20:56:00,CNC-02,M,299.3960683674913,312.6311273208983,2415.7373842322404,21.290906404400516,129.56198350677866,3.044103865023049,9.558332731546825,51.570404458870684,0,2026-10-08 00:33:57
2026-10-07 21:56:00,CNC-02,M,299.3127959216033,313.39578204038395,2489.721462466524,24.51718195808091,196.53517820378582,3.6381813241985568,11.344082782306417,52.793065884962814,0,2026-10-08 00:33:57
2026-10-07 15:33:00,CNC-02,M,24.903987975819405,39.28936182428663,1702.2615653049486,38.92628256478743,149.56528715283466,2.5733655541018705,12.63035479067618,55.049870527622616,0,2026-10-08 00:33:57
2026-10-07 09:52:00,CNC-02,M,295.7648271687337,310.408768343437,1629.2360569737896,45.2437105985136,111.7797986853489,2.3705331045304177,13.639466928983406,57.36695445074459,0,2026-10-08 00:33:57
2026-10-07 00:45:00,CNC-02,M,298.8750386632221,310.4843776398659,2766.161356367957,13.657232199072824,59.51359837427173,,7.081692822684883,54.267023097997,0,2026-10-08 00:33:57
2026-10-07 05:24:00,CNC-02,M,302.07935743824163,310.73094998269625,2092.555869413565,33.97422811176505,166.6477186096317,3.0811016097811406,13.297171402931017,48.59540474766798,0,2026-10-08 00:33:57
2026-10-07 10:12:00,CNC-01,L,295.6842545398625,309.7991438368031,1362.4805707901237,49.91754857855674,102.50496170066353,2.0896534770440374,12.860659747072797,60.99502693467101,0,2026-10-08 00:33:57
2026-10-07 06:44:00,CNC-03,H,296.1498053577505,311.46565772603634,1727.8913055940143,46.237477609408785,211.9207049952022,3.0576736314320856,14.703266431181214,54.72009457407164,0,2026-10-08 00:33:57
2026-10-07 19:58:27,CNC-03,H,300.069054960755,313.6143351147505,2398.498681041786,25.011327389786388,152.8400752113508,3.127233673361308,10.97971460391068,51.53594555404298,0,2026-10-08 00:33:57
2026-10-07 21:31:00,CNC-01,L,304.9253116149857,312.8621707063441,2613.11101793664,23.70332570920671,177.19429312283012,3.6825545195742495,11.638856800613931,41.2283763400198,0,2026-10-08 00:33:57
2026-10-07 17:18:00,CNC-03,H,300.0552603008319,314.94447395483985,1892.879500069095,40.61617241896191,192.93926271073363,2.9816478205595756,14.377223840915338,46.59770433040022,0,2026-10-08 00:33:57
2026-10-07 13:36:00,CNC-02,M,297.1387765432095,312.5333621086629,1553.1481217816768,48.47026281257642,217.31019020872145,3.0731883543381433,13.941130748763,59.167251447681146,0,2026-10-08 00:33:57
2026-10-08 00:29:16,CNC-01,L,298.47609082692156,311.3503535168842,2824.6913296522293,18.46852119456622,163.0690180257513,3.790026500377438,9.799786610297577,51.9438550655044,0,2026-10-08 00:33:57
2026-10-07 12:38:10,CNC-02,M,23.741160343709396,37.89193948214688,1238.785598586967,53.72931213034257,127.02699831444043,2.1255253657922113,12.386107195604648,56.13383089370606,0,2026-10-08 00:33:57
2026-10-07 08:12:00,CNC-03,H,296.04586725554367,309.6997375269001,1560.5103652397647,42.51474503830642,94.84267736441407,2.250328105337452,12.345607523122606,58.293936722997515,0,2026-10-08 00:33:57
2026-10-07 01:52:00,CNC-02,M,298.2531534402888,,2582.0890394112384,20.7122187501221,131.92114353195353,3.264072379910637,10.067665656501577,52.46714582311031,0,2026-10-08 00:33:57
2026-10-07 22:25:00,CNC-02,M,299.5307761546906,313.305129900609,2586.688538128973,21.193509678057463,228.28266407190426,4.133112992361233,10.217242614109267,52.42739631209624,0,2026-10-08 00:33:57
2026-10-07 09:30:00,CNC-02,M,295.54896282913955,309.79389835878743,1599.4021542496264,43.983505352935666,77.77559080200852,2.2083348204814217,13.036149297535362,63.15169489340939,0,2026-10-08 00:33:57
2026-10-07 20:29:00,CNC-01,L,299.7419476894925,312.7421200526554,2584.253599632162,20.70317228552844,106.68292289402763,3.311732838303322,10.102488476143767,55.657633141197486,0,2026-10-08 00:33:57
2026-10-07 13:45:00,CNC-02,M,297.35350775801965,312.30268100645344,1368.608801015956,52.309011858786036,231.40775426299697,2.954633374739719,13.381233873540546,59.2508648830533,1,2026-10-08 00:33:57
2026-10-07 18:23:00,CNC-03,H,300.05403878560486,313.38445108882155,2149.0323482529843,29.380704629305473,33.05361792102494,2.6634807719922993,11.861789629526978,50.82415918624,0,2026-10-08 00:33:57
2026-10-07 13:49:00,CNC-03,H,298.312135290858,312.4487161200851,1400.2476170443138,0.0,100.58259668988738,2.152518121458559,12.855282356358128,55.926450062745765,0,2026-10-08 00:33:57
2026-10-07 23:06:00,CNC-02,M,299.1633092495096,310.7137480991797,2733.9300069772553,13.767032561296203,34.24504293598679,3.2523726576473746,7.042790273530789,52.11234373239167,0,2026-10-08 00:33:57
2026-10-07 19:27:00,CNC-03,H,299.6410472046065,313.4369887618528,2187.541554231654,29.378317195230757,113.63541063098783,2.898769285090637,12.0293334545717,53.39124580499042,0,2026-10-08 00:33:57
2026-10-07 23:55:00,CNC-02,M,299.16169525637235,312.08382499331736,2728.977186489845,17.8391536224443,86.34706665502615,3.2891959029636078,8.954204784563728,53.18019570901017,0,2026-10-08 00:33:57
2026-10-07 06:11:00,CNC-01,L,295.5467543951653,309.7433091877279,1987.4069030852395,33.011082411511836,208.61375791795587,3.5294274672850094,11.938082871104559,62.22238084888112,0,2026-10-08 00:33:57
2026-10-07 05:42:00,CNC-03,H,296.3553455099673,309.7546522451593,2158.3982690861408,28.14248602952409,128.74682119189205,2.86150850216559,11.390355353269662,56.741043892497906,0,2026-10-08 00:33:57
2026-10-07 11:56:00,CNC-01,L,296.37793344460175,310.0914359966906,1358.4104550162679,50.117623912014054,50.84296162036534,2.0725062219987245,12.78222688613125,58.32268904666544,0,2026-10-08 00:33:57
2026-10-07 04:26:00,CNC-01,L,296.5102845909564,309.65081630737444,2279.2402898333758,25.7677261007932,73.90333465144806,2.867391144520719,11.087917217852029,62.10257186674955,0,2026-10-08 00:33:57
2026-10-07 09:38:00,CNC-02,M,295.7754935674638,309.65683755002857,1579.7855438943102,42.83098108662376,89.94832150427506,2.3505714559295603,12.735457866876727,57.77029634553202,0,2026-10-08 00:33:57
2026-10-07 19:17:00,CNC-01,L,299.8989884736059,313.14639568170196,2134.996245325396,29.577114168605767,20.111997570157612,27.042469970719306,11.871306863451263,45.97035250896639,0,2026-10-08 00:33:57
2026-10-07 01:15:35,CNC-02,M,298.4648555072235,310.76503113612205,2743.7681152499463,17.46099779584322,91.759111926771,3.3721247041900337,8.867568368158501,51.20993061435644,0,2026-10-08 00:33:57
2026-10-07 15:54:00,CNC-03,H,26.22480504206669,39.99224928240005,1593.1941474509135,41.03045462172597,73.31336231487506,2.223221556017391,12.316961476394527,55.0358617145949,0,2026-10-08 00:33:57
2026-10-07 12:36:00,CNC-02,M,23.771429044575996,38.52937779235157,1373.0267325069838,52.61517180967356,122.30616857821049,2.156581049562719,13.374455161862628,58.78602548429322,0,2026-10-08 00:33:57
2026-10-07 03:19:00,CNC-03,H,297.5683594757613,310.71296095083665,2487.728760234234,20.62845554799335,186.00025081572025,3.4834688147915758,9.533713882131432,56.62212321270543,0,2026-10-08 00:33:57
2026-10-07 10:08:00,CNC-01,L,,309.54738153148645,1382.4986143753938,49.29236936460855,96.23790936078653,2.163910761381022,12.44573100497901,55.37010913835237,0,2026-10-08 00:33:57
2026-10-07 17:07:00,CNC-02,M,298.964456537867,313.35946457574823,1814.4073216705592,39.52259911036948,59.486937177744316,2.45885693477374,13.446446005840444,54.215609630823074,0,2026-10-08 00:33:57
2026-10-07 13:54:00,CNC-03,H,298.26375948072,312.2938105915792,1376.5405090464787,49.64080917351509,108.40698963295705,2.085174688198392,12.98641588946939,53.74549707684272,0,2026-10-08 00:33:57
2026-10-07 01:15:00,CNC-03,H,298.46117508879433,310.6512278493568,2703.079066542981,16.979955067902672,48.392019404470695,32.00518209534343,8.660916769575953,54.592481152799486,0,2026-10-08 00:33:57
2026-10-07 12:53:00,CNC-01,L,23.528939140502757,37.46470598073847,1307.9934686863903,50.2617297661626,141.14234934120697,21.51431552381875,12.10451334457309,55.25514651815884,0,2026-10-08 00:33:57
2026-10-07 11:36:00,CNC-02,M,296.3554580125919,310.37394673831477,1357.6654438673281,49.82379987669411,26.971931922788887,2.0152436880856173,12.556971256190478,55.28892099330622,0,2026-10-08 00:33:57
2026-10-07 00:49:00,CNC-01,L,298.4326208609361,310.35091590566435,2601.7390737181827,17.165017932213928,33.77924709021836,3.1330469340314324,8.286374526210727,54.27111810700715,0,2026-10-08 00:33:57
2026-10-07 17:55:00,CNC-01,L,299.20581492017936,313.9905369713843,1844.854072573131,39.634364355924056,145.38947341553143,2.7381315613449,13.463260777962796,54.062588477669415,0,2026-10-08 00:33:57
2026-10-07 14:04:34,CNC-01,L,297.3888526820996,311.51752353908114,1408.7928893594856,51.05440564897464,26.718598361668203,2.100731521518432,13.593729535362945,56.46785119434703,0,2026-10-08 00:33:57
2026-10-07 16:32:00,CNC-01,L,25.764012379996586,39.56518781642569,1888.77061500239,37.99931467491092,30.370959982931854,2.3951401770190404,13.450034181431864,55.22387984465494,0,2026-10-08 00:33:57
2026-10-07 14:54:00,CNC-03,H,298.92359522675764,314.29895050557235,1481.028870520284,53.68804655122438,201.01825641286987,2.7208059428474805,14.913698162062968,51.79250870944039,0,2026-10-08 00:33:57
2026-10-07 09:51:00,CNC-01,L,295.43993321181966,309.7073112637021,1446.0531352769278,49.44439373064443,69.70920530878843,2.0485302671344354,13.492369138162415,62.39426541869597,0,2026-10-08 00:33:57
2026-10-07 03:46:00,CNC-02,M,297.2691457098313,310.3997896528721,2460.8678302870676,23.818331102156016,45.43447350818681,3.091039891439846,11.031916613432967,58.8578229479598,0,2026-10-08 00:33:57
2026-10-07 01:51:00,CNC-02,M,298.2359843559545,310.745258684887,2557.549485103902,19.277585362498936,130.8097787545707,3.3659292774093483,9.357935984640994,,0,2026-10-08 00:33:57
2026-10-07 18:05:00,CNC-01,L,299.44624890798286,313.6450218108411,1866.5430307401414,36.74142431912258,158.66826720624644,2.8050320744519546,12.889616236644004,49.79559195238833,0,2026-10-08 00:33:57
2026-10-07 13:42:00,CNC-01,L,297.1247167216547,312.1204849405479,1330.7091874389214,56.21373531825474,218.39591605440177,3.051000000218932,14.005444469318737,58.4522658006898,1,2026-10-08 00:33:57
2026-10-07 04:43:00,CNC-02,M,296.8072110133515,310.78073922494497,2084.0691015568405,31.755592741561994,114.80392815643626,2.8379755357078085,12.434849841805146,57.299728714096865,0,2026-10-08 00:33:57
2026-10-07 04:35:00,CNC-01,L,296.24262566502324,,2293.653014262935,27.2870817229004,84.96763556414402,2.9541189642682406,11.562991909332261,61.638574505473386,0,2026-10-08 00:33:57
2026-10-07 07:27:00,CNC-03,H,296.1714885085608,309.5330709015615,1927.459115754542,33.11932159758224,29.661480528668992,2.6564688890531745,12.075512124220575,59.41649573994053,0,2026-10-08 00:33:57
2026-10-07 20:08:00,CNC-01,L,299.9208492503628,314.0648263574926,2289.8303161232266,29.980103712612852,82.04730803004594,,13.011133562120373,48.29071150910531,0,2026-10-08 00:33:57
2026-10-07 14:21:00,CNC-02,M,297.98696203630107,311.9301072184293,1482.447077135627,45.00303487602891,40.325949922826894,2.0516359117120913,12.636749298152086,54.78738527625058,0,2026-10-08 00:33:57
2026-10-07 09:37:00,CNC-03,H,296.3518455918447,311.9724339475643,1665.9086554601492,48.93091922830337,223.4326511434783,3.0948509010040275,15.350764774535891,56.8729626341388,0,2026-10-08 00:33:57
2026-10-07 05:09:00,CNC-01,L,296.1149612477276,310.2962870499843,2295.1413178875173,30.770833874477677,127.44792285005227,3.179499938365182,13.107815015648068,55.828377708459314,0,2026-10-08 00:33:57
2026-10-07 12:27:00,CNC-01,L,23.247335571195833,37.589467818598564,1387.1070950166043,51.210689022791605,100.01423786205163,2.179052876240204,13.476616201918718,59.198165506716954,0,2026-10-08 00:33:57
2026-10-07 07:13:00,CNC-02,M,295.75922744125853,310.0436940376572,1990.0508390023413,35.36434185495602,91.99843370052895,26.190845514730448,13.246161449620358,60.213077313481875,0,2026-10-08 00:33:57
2026-10-07 23:54:00,CNC-02,M,299.355080180844,312.10054954261216,2734.1556116627844,17.766339554925672,85.28506916935837,3.2858391407150775,9.131353597769143,54.54219025004726,0,2026-10-08 00:33:57
2026-10-07 00:44:00,CNC-02,M,298.8852232877361,309.79075861136766,2769.5844775580235,11.573523283932074,58.47639930460754,3.2962445512232588,6.088732631199817,49.95044901645447,1,2026-10-08 00:33:57
2026-10-07 09:40:00,CNC-02,M,295.9950592208817,310.81415068616724,1571.3870582751465,48.49557120511294,93.01207745342491,2.174810193587341,14.361059334081489,,0,2026-10-08 00:33:57
2026-10-07 08:16:00,CNC-01,L,295.70127521311633,,1488.4707206372607,51.88435183475833,161.86700247098165,2.528396790775718,14.555469010476111,60.36762727865363,0,2026-10-08 00:33:57
2026-10-07 18:15:00,CNC-02,M,299.13756300300076,313.75454479035756,1981.5868389621867,35.57111196240016,151.51543127296094,2.851125738800699,13.155141508092377,53.287046021123615,0,2026-10-08 00:33:57
2026-10-07 16:10:00,CNC-02,M,25.522799558049144,40.390571428083035,1749.3469267950484,43.245580951203486,203.98485596896677,3.052662923992536,14.225098742998192,59.529647384588785,0,2026-10-08 00:33:57
2026-10-07 03:06:00,CNC-03,H,297.49076900420187,309.69695423921235,2587.831518040203,16.481152334385953,171.1641247807314,3.5130810566898294,7.887094262470521,56.13427158946118,0,2026-10-08 00:33:57
2026-10-07 07:48:28,CNC-01,L,295.5879213744777,310.27430691365066,1870.951573449387,40.14880615308103,120.56542925301531,2.625933425997434,13.989697265788687,64.6786276327854,0,2026-10-08 00:33:57
2026-10-08 00:26:00,CNC-02,M,299.00827553275286,311.89319397201723,2767.4253546992113,17.174943174358162,119.16062729333393,3.5342336224669126,9.002473496635885,57.59382342935739,0,2026-10-08 00:33:57
2026-10-07 08:41:00,CNC-01,L,295.45153289072323,311.1480601205261,1693.6939471170917,49.06417108846674,199.13921787017682,3.140152703495083,15.581048769865646,58.196165827964975,0,2026-10-08 00:33:57
2026-10-07 18:39:00,CNC-02,M,298.9328188468166,313.5590608647793,2150.9499933514603,31.93550552363209,182.58809931587584,3.1371873790785316,12.805772521485384,49.25690999340719,0,2026-10-08 00:33:57
2026-10-07 19:32:00,CNC-03,H,299.84567104059494,313.41151455549846,2496.6985024840437,23.604605886545446,119.68584195596704,3.1433308607073895,11.198454540744892,49.877831103102075,0,2026-10-08 00:33:57
2026-10-07 17:47:00,CNC-01,L,299.21790088175175,313.8357484959816,2042.40199342444,36.43284358084032,134.67683691398926,28.449265412618256,13.917566512273993,49.72729011347487,0,2026-10-08 00:33:57
2026-10-07 20:42:00,CNC-02,M,299.3057360006597,313.2472976528663,2568.575120025614,24.62300374481935,113.39719258329606,3.2846360355231625,11.74831095341469,58.22473798142026,0,2026-10-08 00:33:57
2026-10-07 19:01:00,CNC-03,H,299.9202480626277,313.234019604569,,26.807857257483484,81.66343771474989,2.890533843377714,10.950246706797916,54.860987032315656,0,2026-10-08 00:33:57
2026-10-07 01:32:00,CNC-03,H,298.02849456984916,0.0,2455.2982960371864,22.446736887870756,67.12388617395267,2.9728241530802406,10.204631181680769,54.762762043785536,0,2026-10-08 00:33:57
2026-10-07 06:57:00,CNC-02,M,296.1942441689256,310.2200105270709,1911.2120854242712,36.48163657438694,69.5818488955267,2.7218138100962137,12.9301859995273,58.88146011827613,0,2026-10-08 00:33:57
2026-10-07 19:55:00,CNC-02,M,299.27517272734775,312.59333302605955,2409.0629281233114,24.134989042580013,57.72821233735744,3.0027604347921697,11.017873903772822,53.452110359799974,0,2026-10-08 00:33:57
2026-10-07 23:56:00,CNC-01,L,298.92578419578507,311.19737799793995,2865.062936750281,14.945087464860292,129.26176324331996,,8.08598772156633,50.40397321582658,0,2026-10-08 00:33:57
2026-10-07 01:15:00,CNC-01,L,298.3222136227526,310.3192584400028,2651.551895671027,16.152881472628227,61.63379573411361,3.239760137917544,7.917714641542065,50.55908969707925,0,2026-10-08 00:33:57
2026-10-07 09:13:00,CNC-01,L,295.45529921518914,308.71120850258046,1479.81147114891,43.71611283582615,10.81708132748403,2.0775870223853308,12.263161292783158,62.24562151829198,0,2026-10-08 00:33:57
2026-10-07 08:56:00,CNC-02,M,295.72468644502834,309.7987553768572,1493.2746895289363,46.711048416706454,25.848731140875906,2.1417780016078254,0.0,57.72416572374209,0,2026-10-08 00:33:57
2026-10-07 13:26:00,CNC-01,L,297.20362662254183,311.92614075330755,1373.854877683264,53.30304498035765,193.09720542127272,2.70743038032176,13.71980839343994,57.51468896976427,0,2026-10-08 00:33:57
2026-10-07 10:00:00,CNC-03,H,296.4648247403223,311.79768361717936,1390.0254947848377,56.577108893802496,259.2305133772227,3.1750895502286487,14.850767241214188,58.376211647174614,1,2026-10-08 00:33:57
2026-10-07 19:48:00,CNC-01,L,299.7165641777373,312.22695891126693,2370.48488737019,20.755415419436517,58.08159502492482,2.985491447330088,9.167495352661414,55.51858867755263,0,2026-10-08 00:33:57
2026-10-07 10:47:51,CNC-01,L,296.0269812764526,310.84656020802447,37414.39372581247,52.78235420876761,160.58204474343984,2.446895423952014,14.007991952439603,61.64157907611984,0,2026-10-08 00:33:57
2026-10-07 18:27:00,CNC-03,H,300.0667604374821,313.9867258757245,2172.234840717281,32.18922809427977,38.23508122745374,2.81887485436105,13.024013837136572,50.11287414893342,0,2026-10-08 00:33:57
2026-10-07 14:24:00,CNC-02,M,297.73681917066926,312.261330203608,1486.2479107579932,49.88573183520226,44.96611979356543,2.1505749026410266,13.918129379210692,56.54163251110789,0,2026-10-08 00:33:57
2026-10-07 01:07:00,CNC-01,L,298.3810512960597,310.40912502441887,2761.128553963434,16.151894800010446,53.092105059956765,3.2667315920916167,8.202021550750766,53.76078294399192,0,2026-10-08 00:33:57
2026-10-07 22:33:00,CNC-02,M,299.4756193300608,313.6501854616865,2735.564361975219,22.065488311071057,237.01081976859476,4.259191965717556,11.280190013323804,49.43699061402917,0,2026-10-08 00:33:57
2026-10-07 10:13:00,CNC-01,L,295.8687563380999,309.38480646733206,1399.174976928721,45.17622584580936,104.07433998424067,2.1532327075941176,11.756213223490992,55.265379486297846,0,2026-10-08 00:33:57
2026-10-07 10:17:00,CNC-02,M,296.05711558896024,310.61123452152407,1525.2943673573081,47.963057273118224,150.78988070148566,2.430002072179651,13.827805007731314,59.095977131747105,0,2026-10-08 00:33:57
2026-10-07 19:16:00,CNC-02,M,299.014297865458,312.8618939301618,2270.2917109717646,28.73923775383644,9.997398056396278,2.866976131872999,12.122458777460208,50.07240042084331,0,2026-10-08 00:33:57
2026-10-07 04:53:00,CNC-01,L,296.58292417198993,310.41409977327817,,30.009727038479962,107.24430156659017,27.94043497949283,12.57181466712336,58.97189484202832,0,2026-10-08 00:33:57
2026-10-07 18:04:00,CNC-01,L,299.2250149309383,313.7171827466304,2092.881111105471,34.91654413047994,157.2653764684357,3.0273236434247046,13.902790317102816,52.42002936648631,0,2026-10-08 00:33:57
2026-10-07 02:07:00,CNC-01,L,297.68562542242404,310.5120003196827,2742.7627010913875,18.434262596252996,118.1549131536754,3.4226975920203864,9.441689712878244,56.308327794861235,0,2026-10-08 00:33:57
2026-10-07 22:35:00,CNC-01,L,299.4884555306505,311.13645859223044,2631.982037157423,15.472480706416585,42.19568113540035,31.349453454626165,7.867498152467894,56.267954510893325,0,2026-10-08 00:33:57
2026-10-07 23:43:00,CNC-03,H,304.5367242712877,310.84761448757115,2766.2783860479462,16.90504695806929,149.08436080673962,3.468299952905129,8.890101865710282,43.3338762475013,0,2026-10-08 00:33:57
2026-10-07 07:49:00,CNC-03,H,296.0041141523132,309.62132004628,1770.581663344865,36.12724163700494,61.25014680622417,2.342694597464431,12.022483916994164,59.67777504938591,0,2026-10-08 00:33:57
2026-10-07 23:50:00,CNC-02,M,299.0700569735726,310.8438919596994,2683.040587024311,14.029046420304384,81.08089970637083,3.1777772153911323,6.95795462735652,52.79123183592809,0,2026-10-08 00:33:57
2026-10-07 01:31:00,CNC-01,L,298.1809705465598,310.31352925669165,2648.23097338539,16.47607430169431,78.96414932374876,3.252799725911163,8.108795454678003,55.15579660289447,0,2026-10-08 00:33:57
2026-10-07 16:00:00,CNC-02,M,25.33549803801725,41.194422466533865,1686.5754717321165,49.41405505760232,189.35693303213986,2.833933859260397,15.61469368028926,52.662650442378144,0,2026-10-08 00:33:57
2026-10-07 01:54:00,CNC-02,M,298.3661223175179,310.7411456059356,2626.3567028952234,17.649320146520807,134.05787264972545,3.359439282209089,8.778285974198452,56.88120973660402,0,2026-10-08 00:33:57
2026-10-07 11:33:00,CNC-02,M,296.2767019364765,309.9107507293352,1312.6213960573846,50.04833950018265,22.19518859757288,1.8588908151395005,12.412827957813388,58.1140559154579,0,2026-10-08 00:33:57
2026-10-07 09:46:00,CNC-03,H,296.49715351195766,311.54710067527134,1599.7710781067656,47.99953424509027,237.385666704272,3.0625151534287562,14.4082752139781,55.95719603195479,0,2026-10-08 00:33:57
2026-10-07 10:10:00,CNC-02,M,296.42617694440446,310.862654627682,1299.9236315055068,54.87940146485933,139.83715609476238,2.2704622754812216,13.375781677727858,61.64666056464898,0,2026-10-08 00:33:57
2026-10-07 12:29:00,CNC-03,H,24.37446548314074,39.17221990049268,1293.6060741897222,56.3263082990934,222.84137317534768,25.04476156565581,13.829683338321924,57.14363447670241,0,2026-10-08 00:33:57
2026-10-07 15:27:00,CNC-01,L,297.9838856672994,312.51479324111676,1645.35974489531,44.735651397807146,153.81045783676768,2.5975437778096837,13.566245131201274,55.785911762275795,0,2026-10-08 00:33:57
2026-10-07 13:03:00,CNC-02,M,23.716327355118437,38.34589394696985,1478.4700940191422,48.920047677399324,165.216117356294,2.4618633405030987,13.53488514823554,59.88141347298166,0,2026-10-08 00:33:57
2026-10-07 08:54:00,CNC-03,H,296.42180913583115,310.91902927980635,1498.422659672034,47.0889945159496,157.52639686495948,2.5203658841534113,12.859650890606234,60.42348457506913,0,2026-10-08 00:33:57
2026-10-07 16:03:00,CNC-03,H,26.242777811155918,40.52404651622726,1660.3473661853627,42.86616982298728,86.35466074872018,2.4302764889290103,13.274229206027533,50.64085605165471,0,2026-10-08 00:33:57
2026-10-07 03:23:00,CNC-03,H,297.563226531943,311.278014896746,2312.954145749017,27.066747296098082,190.62206915869535,3.352474937312939,11.522035977636241,57.345577582562875,0,2026-10-08 00:33:57
2026-10-07 01:45:00,CNC-01,L,298.2349890374542,310.48871475740236,2758.1433955813427,15.667472562610303,94.138134157918,3.3386112306969835,7.8613086212731975,55.417819199588976,0,2026-10-08 00:33:57
2026-10-07 07:21:00,CNC-01,L,295.57277648989765,309.89557638796555,1794.5764763668562,40.31590842316147,81.8171288018911,2.3412487122191004,13.792279952654383,59.65403957334266,0,2026-10-08 00:33:57
2026-10-07 16:31:00,CNC-01,L,25.650480461287543,39.42379162248221,1715.9397589337455,40.04739670652923,28.972757413171824,2.366114536531219,12.748897821205723,50.677124078491225,0,2026-10-08 00:33:57
2026-10-07 00:33:24,CNC-01,L,298.7451694801857,309.325357361426,2779.5349110786597,9.5952610282922,17.77768717512322,3.3686664616112347,5.082108835327096,1464.8943559032589,1,2026-10-08 00:33:57
2026-10-07 12:27:00,CNC-03,H,24.49937167926697,39.94050547358239,1405.3537699776357,56.21157838575435,219.64389313149164,2.701807366785467,14.717163294637452,55.20994460084883,1,2026-10-08 00:33:57
2026-10-07 16:46:00,CNC-01,L,299.1574758127427,313.09562763521893,1714.0741430047444,40.46450085741145,50.35156826487355,2.379303736943238,12.929846692977314,51.53941520562345,0,2026-10-08 00:33:57
2026-10-07 14:46:00,CNC-02,M,298.0302316213529,312.47721220873973,1515.394559115194,48.3375579920022,78.7252464494061,2.1710228945671153,13.642664446796617,52.42428200094593,0,2026-10-08 00:33:57
2026-10-07 17:51:00,CNC-03,H,299.83259773051236,315.4928488971235,2151.100744237934,37.11642364781797,237.8077480446905,3.5180522894681334,14.864691170986818,52.62015560985532,0,2026-10-08 00:33:57
2026-10-07 16:08:00,CNC-01,L,25.2469118549306,40.66745288592256,1692.9260688227832,47.64821977449176,214.16208134483747,3.3216710211353937,14.945833104028123,55.781239614385285,0,2026-10-08 00:33:57
2026-10-07 05:50:00,CNC-03,H,296.2872614482095,310.23005974683116,2155.9282456823394,31.234865618770755,139.19058488898182,2.863468174779094,12.551264116065978,57.26916442957542,0,2026-10-08 00:33:57
2026-10-07 16:28:00,CNC-02,M,25.49174580319982,39.18513064242245,1865.7540162084458,35.4419289600886,,2.4870362488545066,12.38471182539101,52.42322109545312,0,2026-10-08 00:33:57
2026-10-07 04:20:26,CNC-01,L,296.688542058086,309.70218375402936,2392.414405093474,25.06452303148447,67.75735175246076,3.0226972475316587,11.216037891729561,57.18190475675448,0,2026-10-08 00:33:57
2026-10-07 14:46:37,CNC-03,H,298.9508118935657,314.25108882528906,1628.3512561994867,48.25901589263042,191.75820137356902,2.6129669965262483,14.59259328074223,52.84041766430821,0,2026-10-08 00:33:57
2026-10-07 17:17:00,CNC-03,H,299.88864849372396,315.22354238151934,1726.4511368845301,45.721305592859515,191.55326979196983,2.702484731593671,14.74340576978875,49.19722581178411,0,2026-10-08 00:33:57
2026-10-07 06:31:00,CNC-01,L,295.7475331235021,308.8844004178825,2054.957643711394,29.55803321317445,12.302756812734511,2.6897007187672917,11.432373448433077,62.253278775959636,0,2026-10-08 00:33:57
2026-10-07 21:34:00,CNC-02,M,299.41298227554995,311.6764942378019,2602.693419841404,14.665109204476108,172.104989370427,3.5783892217597493,7.19181074928701,52.92803840867339,0,2026-10-08 00:33:57
2026-10-07 03:31:00,CNC-03,H,297.3187587046833,311.3726396955436,2431.5769844609763,25.67038518817246,199.94943354569997,3.4905468248211937,11.581321930705162,53.59346681445954,0,2026-10-08 00:33:57
2026-10-07 02:57:00,CNC-01,L,297.4110529806536,310.686759964641,2585.305676186616,20.604778845795355,173.917006019444,3.843372577462681,10.124285601947292,55.32633328516256,0,2026-10-08 00:33:57
2026-10-07 23:14:00,CNC-01,L,299.48280630664055,311.84247660942395,2682.079874215273,17.571036462752907,84.29607995097187,3.2026385017694845,8.769386284205268,47.140948458509484,0,2026-10-08 00:33:57
2026-10-07 14:57:00,CNC-03,H,298.90603926344284,313.8631583088681,1651.1717596553244,47.42019425729768,205.55622005568011,2.918893145445818,14.757173290456034,52.549199390180696,0,2026-10-08 00:33:57
2026-10-07 03:43:00,CNC-02,M,297.45565413362255,309.95056884410747,2459.504829585411,19.110727838552204,41.95521601869179,3.138705254350661,8.70646257752803,56.56934956389757,0,2026-10-08 00:33:57
2026-10-07 10:23:00,CNC-02,M,296.10952428985377,310.7526954109063,1350.1693763021312,53.7057595707402,,2.365768731414543,13.504889093146584,61.94420284481809,0,2026-10-08 00:33:57
2026-10-07 04:22:00,CNC-02,M,297.1156346812809,310.23268799431935,2284.419662790652,25.55314238976745,88.856411057789,2.8877245193813073,10.972945254784557,57.5512667538847,0,2026-10-08 00:33:57
2026-10-07 01:23:00,CNC-01,L,298.01316026676625,310.3438518340983,2665.453437086284,17.668726939820367,70.27349106872126,3.1329860782080363,9.07282960340456,56.07053095770751,0,2026-10-08 00:33:57
2026-10-07 12:28:00,CNC-01,L,23.353873140726307,37.551713535287945,1334.9003945963523,53.50582131407543,101.61423786205162,2.2050204709455454,13.366546037302195,0.0,0,2026-10-08 00:33:57
2026-10-07 09:19:00,CNC-03,H,296.2188763436172,311.7862685127744,1654.97891189982,51.14645785134003,195.85956517380296,2.7428634428555845,15.579683540886448,53.40928642476112,0,2026-10-08 00:33:57
2026-10-07 09:36:00,CNC-03,H,296.3147495697932,311.8986488468469,1516.3268989227427,53.45486388349424,221.922191646908,2.7804552734375694,14.794831435119525,55.5589920859564,0,2026-10-08 00:33:57
2026-10-07 19:34:00,CNC-02,M,298.709735742063,311.9722662006095,2291.2714871258,0.0,32.105482968178045,2.8851393642899494,10.654726011997177,56.285425566177985,0,2026-10-08 00:33:57
2026-10-07 11:53:00,CNC-02,M,296.8141909209838,310.89232523462954,1399.3474978229704,49.084675115558106,54.00229957725978,2.0984261269338944,12.987430303116767,54.539262054012966,0,2026-10-08 00:33:57
2026-10-07 14:41:00,CNC-03,H,298.4758490653904,313.38517089776906,1533.5657129870199,50.7893399633992,181.02802051441023,,14.67117649434619,54.39691446847392,0,2026-10-08 00:33:57
2026-10-07 02:32:26,CNC-01,L,297.6939289952867,311.9285324438669,2512.887416506378,27.281309339726878,145.7385384821269,3.4686352218506786,12.937013829829967,59.00588616818126,0,2026-10-08 00:33:57
2026-10-07 23:53:00,CNC-01,L,299.0866519547597,312.44189499677015,2599.6940751471006,21.593048008590788,126.0455040265598,3.3056704320129873,10.295540706786726,52.62892742462186,0,2026-10-08 00:33:57
2026-10-07 17:17:00,CNC-01,L,299.02041958355716,313.3140818695668,1880.6389174991343,37.364498725249575,93.5425635638867,2.5857815850263153,13.010641274324346,54.456730121552255,0,2026-10-08 00:33:57
2026-10-07 17:03:17,CNC-03,H,299.7830222151702,314.1197985368813,1904.8096005767884,36.11970356017054,172.05052057260647,2.732236615455202,12.785854410160525,49.43943216064073,0,2026-10-08 00:33:57
2026-10-07 13:19:00,CNC-01,L,296.9821942337271,311.3829496475133,1360.986012693515,50.93409610641058,182.07257775715075,2.794566530117966,12.997854745448402,55.27808229491778,0,2026-10-08 00:33:57
2026-10-07 07:34:00,CNC-03,H,296.0368931602166,309.95856927746985,1769.6663018822564,41.4913260112726,39.58038043494055,2.448410787011195,13.78828432385934,57.78261619089465,0,2026-10-08 00:33:57
2026-10-07 08:39:00,CNC-03,H,296.042933807942,311.4809859004232,1577.6628471301954,52.16290208218344,135.121257402733,2.500140062219821,,62.62823915938005,0,2026-10-08 00:33:57
2026-10-07 10:25:00,CNC-02,M,296.06568240748106,311.6361016765845,1441.02843889318,58.03100111760223,163.4645270171205,2.4829813702466272,15.732593471682703,60.070835290626995,0,2026-10-08 00:33:57
2026-10-07 08:30:00,CNC-01,L,295.35667713613225,310.7454515718824,1666.4621467233299,48.49600352919952,182.6509672002544,2.821651109787961,15.10905101052739,61.06270527294564,0,2026-10-08 00:33:57
2026-10-07 13:56:31,CNC-03,H,298.1906571226795,312.7555767111766,1555.6247084023912,47.1135985551682,111.50394405617651,2.1757556673101996,13.646249443386601,50.338269589219834,0,2026-10-08 00:33:57
2026-10-07 18:50:00,CNC-01,L,299.90282045662775,313.9375121062073,2139.2341556340903,1088.2301243091968,216.84492401535053,3.7856264588210906,11.330356325482445,51.62896152121689,0,2026-10-08 00:33:57
2026-10-07 18:37:00,CNC-01,L,299.47371467609844,313.6970989194448,2313.61124504108,27.605679173935968,200.30151243647273,3.605153239139524,12.060911087327778,47.025638354642496,0,2026-10-08 00:33:57
2026-10-07 17:34:00,CNC-01,L,299.22577436193836,313.5481606971129,1965.8557773272678,36.549169147200104,117.05197350222427,2.8782922751950046,13.341354674618822,53.437319610609876,0,2026-10-08 00:33:57
2026-10-07 10:26:00,CNC-02,M,296.0804492845171,310.76547453993254,1423.2747021697683,51.056890321155,165.03790662107926,2.34625288578762,13.745705757217603,59.407892067297176,0,2026-10-08 00:33:57
2026-10-07 13:15:00,CNC-02,M,297.0774353181023,312.2546058120023,1353.9873681033216,55.93358299643808,184.18991292387167,2.4523544100711385,14.198566757498986,60.255554725751836,0,2026-10-08 00:33:57
2026-10-07 10:23:00,CNC-03,H,296.8916341265649,310.480047773047,1457.764922379107,44.88516653722825,23.36691616284115,2.086759497018503,12.484855688795218,52.90077472172452,0,2026-10-08 00:33:57
2026-10-07 23:54:00,CNC-03,H,304.03339490556556,309.3929464254105,2708.911977314173,11.473665432879926,160.6276164791887,3.534705922976552,5.875955218058538,44.81578806129895,1,2026-10-08 00:33:57
2026-10-07 23:05:00,CNC-03,H,304.52738865117897,310.03646517887074,2819.622011167907,12.478313581090166,108.83390850585415,3.4840315836912876,6.59017401699785,44.31721197488188,0,2026-10-08 00:33:57
2026-10-07 06:12:00,CNC-03,H,296.34659758805816,310.9222386865628,2037.089504330304,35.21053469572338,168.54724870480726,2.9809284831661516,13.575163761251371,58.992792297838186,0,2026-10-08 00:33:57
2026-10-07 03:05:00,CNC-01,L,297.4829365530926,311.10443255667656,2510.0958277455366,23.455479638402267,182.83872077393866,3.6488543394186794,10.726111871338391,53.72739975306052,0,2026-10-08 00:33:57
2026-10-07 06:43:00,CNC-02,M,296.16888550931844,310.4951749648957,1970.9784679222057,37.673566792292085,50.18113473947343,2.6470448664672426,13.827108449453721,55.821023953107506,0,2026-10-08 00:33:57
2026-10-07 14:45:00,CNC-03,H,298.6709834628081,313.03464535730774,1494.2324122505358,47.72010904740225,187.14963210991962,2.5770691042784106,13.663210367366334,57.5338873900607,0,2026-10-08 00:33:57
2026-10-07 22:09:00,CNC-02,M,299.1281553962827,313.25692130047554,2630.3257249695607,22.971095008475256,210.75928857609654,3.9495338799990782,11.227670486234748,55.78687393384254,0,2026-10-08 00:33:57
2026-10-07 06:03:00,CNC-03,H,296.1132438440479,310.34627074379557,1907.663880575893,35.30013010436672,156.43562377082898,2.733171989609228,12.819707344155896,61.86044588470763,0,2026-10-08 00:33:57
2026-10-07 10:41:00,CNC-02,M,296.2155914269234,310.8892555250603,1374.838249350422,49.96878089620063,188.73504259019708,2.532595593331585,12.937439857317669,54.417609472035565,0,2026-10-08 00:33:57
2026-10-07 09:41:00,CNC-01,L,295.5022141692378,309.08699779005406,1381.7588762932667,48.8139628336827,54.199676883457684,20.5893775438077,12.628340853907428,60.93532977735143,0,2026-10-08 00:33:57
2026-10-07 18:58:00,CNC-02,M,,313.66259626738855,2075.9390046676886,33.84257143754333,206.80058549351656,3.37964057819769,13.20946181461118,49.72236021796752,0,2026-10-08 00:33:57
2026-10-07 19:09:00,CNC-02,M,298.8293713359974,312.52936927589343,2200.7916037591735,29.653425335611445,1.2778675988901145,2.7267457599323452,11.98073644546789,52.348574148706085,0,2026-10-08 00:33:57
2026-10-07 19:34:00,CNC-01,L,299.84973357658436,313.04118998698135,2339.122169839831,25.75225143332606,40.93693620995809,2.9901550008220554,11.014287170976761,49.85932634424194,0,2026-10-08 00:33:57
2026-10-07 12:39:00,CNC-03,H,24.38380996644895,0.0,1454.3171217201714,55.52145879264432,238.75109651081175,2.9935730385099504,15.018910683772198,,1,2026-10-08 00:33:57
2026-10-07 07:18:00,CNC-01,L,295.64038682749725,310.2274813788079,1751.7240455879373,42.44738394774945,77.6691064798191,2.41589763943431,14.129423568087455,59.08367380385196,0,2026-10-08 00:33:57
2026-10-07 19:09:00,CNC-03,H,300.0427946092177,313.054076946334,2162.9554132353505,25.058975657152597,91.52480044154166,2.9161298370188997,10.3071014173524,52.72973400154766,0,2026-10-08 00:33:57
2026-10-07 02:10:00,CNC-02,M,298.07287014300414,310.8111237215932,2654.7272155114683,17.986358866013624,151.53197288317307,3.46339594389252,8.83646477647672,58.617681061425785,0,2026-10-08 00:33:57
2026-10-07 23:11:46,CNC-02,M,299.2133446873924,311.6125719478673,2751.442113305809,16.68774849682154,40.61976928229783,3.17802848294854,8.754562339222234,54.95720065662919,0,2026-10-08 00:33:57
2026-10-07 08:38:00,CNC-02,M,295.8842016392911,311.6037370360006,1703.9067265214042,49.545605398633086,215.97997208376955,3.0792704631411154,15.578898826841659,58.44333483279388,0,2026-10-08 00:33:57
2026-10-07 03:32:07,CNC-02,M,297.1353210593522,309.75500185496503,2431.6628194188406,21.485106219537876,27.847654655070215,3.021704953539448,9.86193180387338,55.64654176410428,0,2026-10-08 00:33:57
2026-10-07 21:51:00,CNC-02,M,299.3189903556636,313.36438959274955,2480.8122494601407,24.444205852212768,190.93049757853206,3.5331263891711284,11.00560324139544,50.171627720095174,0,2026-10-08 00:33:57
2026-10-07 17:52:00,CNC-01,L,298.930987565903,313.4168603564197,,37.23706418813561,141.32146975091302,27.236393935117253,13.415976221518138,52.57680883296774,0,2026-10-08 00:33:57
2026-10-07 13:25:00,CNC-03,H,298.131849498748,311.8557960955285,1366.6012290004885,50.19940572961219,62.919646761682486,,12.96856814437687,54.77412551736124,0,2026-10-08 00:33:57
2026-10-07 23:36:00,CNC-03,H,304.3091418908195,310.3708018532611,2827.962700969898,13.428569965393468,141.71105569612263,3.615806657600862,7.0103710286995655,42.146866275335206,0,2026-10-08 00:33:57
2026-10-08 00:19:54,CNC-02,M,298.6308655377962,310.95314113174754,2765.4180080050237,14.662190295059357,113.87638706264148,3.4732850611423554,7.620654071477388,53.17101334838717,0,2026-10-08 00:33:57
2026-10-07 07:02:00,CNC-03,H,296.1256350074904,311.12209998873396,1863.364685594215,40.25813462365078,236.95065165075115,3.206292007324551,13.94666958704199,58.95816522354781,0,2026-10-08 00:33:57
2026-10-07 14:22:00,CNC-02,M,298.00127855903816,311.8373306953952,1368.8392545885613,49.8822234222933,41.925949922826895,2.0210694695209637,12.86745679586088,50.52437523612786,0,2026-10-08 00:33:57
2026-10-07 03:15:00,CNC-01,L,297.1946629710634,310.68812041199766,2520.7539078305163,22.24594281862736,194.2072609354671,3.894442673501335,10.74158146633869,57.80688293208687,0,2026-10-08 00:33:57
2026-10-07 05:36:00,CNC-03,H,296.5481867110963,310.18959104601015,2177.83428458372,28.859096956996012,120.93979305171987,2.862186958462838,11.983182915803226,59.83319313661557,0,2026-10-08 00:33:57
2026-10-07 18:00:00,CNC-02,M,298.80068597556146,312.77964141642883,2085.5939391482834,31.280323161029006,131.6156249882332,2.8311424883243497,12.195203733879634,54.629385716708455,0,2026-10-08 00:33:57
2026-10-07 10:19:00,CNC-02,M,295.99218273415147,310.9752819834464,1400.6894549837257,54.62877172583322,153.96299820731343,2.405810812911864,14.450242235315617,58.15548391949801,0,2026-10-08 00:33:57
2026-10-07 22:27:00,CNC-01,L,299.6563864030304,311.7838338507189,2629.0154515571253,17.881389863928117,33.604079740457905,3.216601365552355,8.69831417329417,50.24054822357876,0,2026-10-08 00:33:57
2026-10-07 07:57:00,CNC-01,L,295.5808918076507,309.5439656777888,1748.697458634571,38.512973469650476,133.72211032441845,2.5421318372086317,12.756126342614788,59.43039751209207,1,2026-10-08 00:33:57
2026-10-07 05:47:00,CNC-02,M,301.88383939751213,310.01694944374117,2102.9927589760605,31.39917649538647,196.53457730381575,3.2684875219515863,12.24327487602015,45.113561940199986,0,2026-10-08 00:33:57
2026-10-07 07:19:00,CNC-03,H,295.95500760230647,309.91779994326953,1826.9934230970744,38.82038331238097,18.385366017411368,2.4923013013196185,13.169562867868278,55.801455887891294,0,2026-10-08 00:33:57
2026-10-07 13:55:48,CNC-02,M,297.4587409527348,311.92667691430347,1621.9898787773493,0.0,1.5546710642024204,2.1360249129693076,14.579108667642023,60.434361819260765,0,2026-10-08 00:33:57
2026-10-07 01:30:00,CNC-01,L,298.3724861306101,311.0035118887801,2581.0224379661468,18.49469042409867,77.88601824111988,3.1995979307064593,8.93158055535465,54.06409089997678,0,2026-10-08 00:33:57
2026-10-07 12:33:00,CNC-02,M,23.660422035506144,38.564675071150475,1440.0246600642747,53.50716823508509,117.57180470240492,2.286317817731668,14.590923169384359,60.97738182454442,0,2026-10-08 00:33:57
2026-10-07 15:31:00,CNC-03,H,26.138977092701168,40.4915332365519,1539.9801399234275,49.79298482205927,39.24733384947896,2.0742609622017336,14.425998741859615,53.69161038803663,0,2026-10-08 00:33:57
2026-10-07 14:00:12,CNC-02,M,297.2649062485005,310.83135475848115,1364.050809956798,47.88952247423431,9.351197122588372,2.1571000514703407,12.21631527713053,62.022376354222814,0,2026-10-08 00:33:57
2026-10-07 13:14:00,CNC-02,M,296.9620821910502,312.0847794556193,1516.7382273591898,49.943401461918995,182.58991292387168,2.586822766345043,14.121519957947253,58.31296896133473,0,2026-10-08 00:33:57
2026-10-07 06:06:00,CNC-03,H,296.17616050287955,310.6731973713452,2059.2682009437676,35.34119769851807,160.42338966859413,2.863345779303779,13.465919673787635,57.9496315527437,0,2026-10-08 00:33:57
2026-10-07 01:05:00,CNC-02,M,298.6379100329249,311.08092920317637,2616.4076189171983,19.188061483901723,80.97766413776577,3.1274163414511165,9.398519161896738,51.337964591574305,0,2026-10-08 00:33:57
2026-10-07 13:02:00,CNC-01,L,23.623778903687025,38.5397738679294,1420.931493849491,54.942411932579994,155.391544153359,2.4701876997623033,14.7459262007826,63.00063127255637,0,2026-10-08 00:33:57
2026-10-07 23:47:00,CNC-02,M,299.3616942708466,311.97447850037474,2593.6127550648807,18.24149662444034,77.91746793590434,3.1269260425786007,9.011067522964716,47.26649818015327,0,2026-10-08 00:33:57
2026-10-07 10:34:29,CNC-01,L,295.78331242512667,310.04569123657006,1443.667491654835,47.89503401728126,138.44031334535518,2.3449723670895644,12.929870182482109,62.48730918426596,0,2026-10-08 00:33:57
2026-10-07 23:36:00,CNC-02,M,299.09459527502054,311.1726296682523,2675.1143688346956,14.629824031443807,66.19103787270934,3.1792574123301613,7.510782742406916,54.654396351883,0,2026-10-08 00:33:57
2026-10-07 10:49:00,CNC-02,M,296.35875685376,310.7547159133132,1265.7487158400893,51.51316500668275,201.35949267180965,2.602753698782778,12.159279204097679,60.44388326227633,0,2026-10-08 00:33:57
2026-10-07 05:56:00,CNC-01,L,295.7431650547281,310.88217110544167,1972.5195868772037,39.039975742619745,188.70398806323686,3.2849582813337177,14.302329051618171,63.72338323097538,0,2026-10-08 00:33:57
2026-10-07 14:53:00,CNC-03,H,299.0433404358939,314.03566759236793,1492.652226212078,50.20452905272847,199.47679008869736,2.6626692925956363,14.168357843424365,54.08586465471794,0,2026-10-08 00:33:57
2026-10-07 20:59:00,CNC-01,L,305.35668651815996,311.73254214216473,2604.782155386091,17.285045849392574,141.20528164295948,3.479101985261107,8.303833558561182,36.36743271182916,0,2026-10-08 00:33:57
2026-10-07 17:14:00,CNC-02,M,298.9360661193493,313.3727371721903,1817.1395991100385,39.13457863279263,69.18899674360661,2.5396607915181537,13.211943435422425,58.217402380249,0,2026-10-08 00:33:57
2026-10-07 18:13:00,CNC-03,H,299.9963350962962,312.9858855017884,2079.1383099085238,28.385390279217077,19.90976261737352,2.6878464214352027,11.067218480471293,50.641997363580714,0,2026-10-08 00:33:57
2026-10-07 09:46:00,CNC-01,L,295.4038170258024,309.71513469028173,1365.3059226578723,54.93019467162991,62.023761561879155,2.0997498816106854,13.624566727780524,59.99608272497503,0,2026-10-08 00:33:57
2026-10-07 11:52:00,CNC-02,M,296.61700401240967,310.6680202193998,1423.8082923783224,47.25478618303393,52.402299577259775,2.021456397072241,12.717034108553808,52.99718172050856,0,2026-10-08 00:33:57
2026-10-07 20:42:00,CNC-01,L,305.0827772551534,312.66725782609586,2461.125746230321,24.29149782856159,121.69926439001584,30.176863182589024,11.128316985011944,41.45553279054063,0,2026-10-08 00:33:57
2026-10-07 08:42:00,CNC-02,M,296.11778024716403,310.2108198942674,1522.1825805059532,46.953042242254526,4.609911136114262,2.225651657719993,13.347403965290834,62.14512451963488,0,2026-10-08 00:33:57
2026-10-07 14:21:00,CNC-03,H,298.47562947656434,313.0609881608031,1491.1791752475776,48.97484527769308,150.34743589918597,2.213855103692551,13.64200759501723,52.22415701155824,0,2026-10-08 00:33:57
2026-10-07 03:41:00,CNC-02,M,297.49032622353906,309.9600380065306,2561.546441337594,19.47478133111314,39.59298100648222,3.15516439310927,9.351162366037642,56.19691464445341,0,2026-10-08 00:33:57
2026-10-07 03:58:00,CNC-01,L,297.02355731006725,309.4604804378597,2435.511264805127,21.805522436343164,39.90840151629443,2.901405333536218,9.941331666881863,57.52230948240205,0,2026-10-08 00:33:57
2026-10-07 01:45:00,CNC-03,H,298.0513992212777,310.23127128172104,2744.721541299167,16.635454149727362,81.34381318823853,3.208327859823526,8.30383745073229,53.56778278795464,0,2026-10-08 00:33:57
2026-10-07 10:32:00,CNC-02,M,296.0549803751376,311.22283662272486,1508.0913118109877,51.39926163951988,174.5325779985744,2.677176565472614,14.655743754804059,56.55603658794288,0,2026-10-08 00:33:57
2026-10-07 16:11:00,CNC-01,L,25.416945009921506,39.034836535615966,1722.8612338605546,39.47019004601974,0.0,2.269334302430689,12.801065625724295,57.44451304568952,0,2026-10-08 00:33:57
2026-10-07 22:23:00,CNC-02,M,299.504762532796,312.39668151040337,2633.022341014546,16.674869486591398,226.1178951132491,4.180568591155157,7.997933970689865,53.602632628106406,0,2026-10-08 00:33:57
2026-10-07 12:55:00,CNC-01,L,23.667717593205907,38.03847133350274,1332.569037485068,52.68075890802417,144.33062893053759,2.323544042967272,13.037334984354919,57.34381609728116,0,2026-10-08 00:33:57
2026-10-07 04:57:00,CNC-02,M,302.2962205413465,310.04212729133195,2330.5221707319665,26.929314984332763,132.28889284239904,2.9395550332318896,11.87071919697585,43.22223593373309,0,2026-10-08 00:33:57
2026-10-07 05:03:00,CNC-03,H,296.49188137967946,309.2730823920375,2315.084603069194,22.87114880773412,78.51821780508358,2.9312005336242706,9.86197096527614,59.884100808445666,0,2026-10-08 00:33:57
2026-10-07 18:38:00,CNC-02,M,299.0708958514971,313.3579935798782,2223.547746069084,28.93634326277289,181.3144161861989,3.233480125090071,12.134293816121266,49.4700329549788,0,2026-10-08 00:33:57
2026-10-07 20:35:00,CNC-02,M,299.26721870167495,312.8689234422853,2575.3780817949787,22.887394644587317,105.2990189718391,3.239657624482564,10.830922452564966,51.71147589393001,0,2026-10-08 00:33:57
2026-10-07 03:42:00,CNC-02,M,297.414154761939,310.45598709099323,2311.734652150217,25.299091267614973,40.81207799893618,2.765120116715329,10.882349283892141,56.57238679870232,0,2026-10-08 00:33:57
2026-10-07 19:53:00,CNC-02,M,299.1083286558202,312.82876028267094,2268.8345633848608,26.836590783872403,55.30833356742949,2.846641679107,11.29613082259837,57.88751232311271,0,2026-10-08 00:33:57
2026-10-07 20:54:00,CNC-03,H,299.60611294287116,313.3846850497255,2566.3526357157016,23.1566005704199,217.31149857182518,3.75839934788732,11.282490614041649,46.72179247463483,0,2026-10-08 00:33:57
2026-10-07 18:13:00,CNC-01,L,299.1777358858999,314.32642405654576,1918.4923082677328,41.043748330208366,169.378329985416,2.9319291113952994,14.556695438889399,54.924301908851575,0,2026-10-08 00:33:57
2026-10-07 00:48:00,CNC-03,H,298.6357267922541,309.6134351310213,2762.53127918704,12.184051277537636,19.343239988600264,3.2703484163396235,6.165446540371187,55.906846973260194,0,2026-10-08 00:33:57
2026-10-07 01:40:00,CNC-02,M,298.34275117674514,311.07800886770116,2696.894637945793,18.297903907231373,118.80083681794397,3.3037639028770736,9.147759014838211,55.39327423939749,0,2026-10-08 00:33:57
2026-10-07 10:43:00,CNC-01,L,295.73855524660627,310.3121996137481,1455.2906014926352,48.74876159410111,151.10356265031828,2.447800456171331,13.117601139205712,54.57328642219453,0,2026-10-08 00:33:57
2026-10-07 07:50:00,CNC-01,L,295.7193954405658,310.421458945691,1755.3807747323044,44.001096974421024,123.45174056074472,2.4892398902565662,14.383856358834391,57.47048705102126,0,2026-10-08 00:33:57
2026-10-07 16:58:00,CNC-01,L,299.08272519018266,313.04360390773536,1915.9017963513222,36.833534290018754,67.28764189332163,2.5360382958993286,13.075487201361138,52.9885766936766,0,2026-10-08 00:33:57
2026-10-07 04:58:00,CNC-01,L,296.4783502579491,310.06814432473396,2274.9667189963357,27.30953779406993,113.63542429397586,2.8713329444820217,11.675012268946908,58.8727681629001,0,2026-10-08 00:33:57
2026-10-07 19:19:00,CNC-01,L,299.7993975086702,312.7063583619238,2216.940995869342,27.198704255497645,22.59006396797605,2.854798283959073,11.104427583611935,49.72359271089035,0,2026-10-08 00:33:57
2026-10-07 22:00:00,CNC-01,L,305.0697535358731,310.28413999690315,2675.5929188365635,12.502029128596138,,3.2308844914617363,6.4330815592217645,43.40467924777101,0,2026-10-08 00:33:57
2026-10-07 07:57:00,CNC-02,M,295.93294739419593,311.2037841323611,1768.021184836518,45.329412207471336,155.4948427354013,2.723400256616214,15.007192397882658,57.872727265547326,0,2026-10-08 00:33:57
2026-10-07 00:40:00,CNC-01,L,298.8922248924258,310.05197180967184,2745.1010953690643,12.039055669478715,24.126691273045793,3.200617853218475,5.848708789302936,53.487691414892716,1,2026-10-08 00:33:57
2026-10-07 13:51:00,CNC-03,H,298.1501642194315,312.1240273355705,1306.1429311273762,53.07183060521044,103.72095479569367,2.0066157981688586,12.793155733078521,53.804227475520456,0,2026-10-08 00:33:57
2026-10-07 07:46:00,CNC-03,H,296.0469259161117,310.0469556707743,1450.6633643328112,47.32101697709783,56.87436649300237,2.0593016996249087,12.775765992762645,62.815038968493496,0,2026-10-08 00:33:57
2026-10-07 13:10:00,CNC-02,M,23.987523367416657,39.48257215061983,1430.4047905174423,56.95905099457196,176.328629201498,2.4133269093389544,15.371197359788034,58.98888264538294,0,2026-10-08 00:33:57
2026-10-07 18:11:00,CNC-01,L,299.3628309307577,313.87470363576324,1922.2269765040326,37.13265111607144,166.60833226965678,3.0064364408653668,13.116909754153504,50.804771539096066,0,2026-10-08 00:33:57
2026-10-07 15:49:00,CNC-02,M,25.34269115032953,,1585.4028809365136,46.051596135933174,173.25044901809514,2.6542666879135473,13.649572533990334,53.14893705120691,0,2026-10-08 00:33:57
2026-10-07 07:20:00,CNC-03,H,295.63021864181655,309.68038357944147,1921.6900205957156,39.11877189338749,19.79490613454811,2.523786008992635,14.153730396417714,58.717275771531206,0,2026-10-08 00:33:57
2026-10-07 09:33:00,CNC-01,L,295.74901879789184,309.61150857161374,1541.048461065909,45.87202290581484,41.77213033684067,2.161524693514711,13.301181386973827,57.720462151999094,0,2026-10-08 00:33:57
2026-10-07 14:31:00,CNC-02,M,297.7916167217568,0.0,1610.1074212064918,41.22608957902781,55.687177798672195,2.1651825548994093,12.563504073998887,55.58436184229528,0,2026-10-08 00:33:57
2026-10-07 21:38:00,CNC-01,L,304.87097762823595,312.5282353562394,2527.111129906602,24.191282062909448,184.97505662074383,3.7384727165665534,11.290569539962743,42.73712575243181,0,2026-10-08 00:33:57
2026-10-07 14:22:00,CNC-03,H,298.2265866978992,312.79778530029654,1528.8230974238193,47.23167706359595,151.85959356550828,2.355919524742266,13.257195044793288,55.267203542562164,0,2026-10-08 00:33:57
2026-10-07 21:56:00,CNC-01,L,304.90158726463085,310.90926875840717,2559.8893813595014,17.505250027604056,0.0,3.1073109492623043,8.199520687795939,40.70282535101627,0,2026-10-08 00:33:57
2026-10-07 05:21:00,CNC-02,M,,310.6082763535339,2157.4969776289827,31.559562976251964,162.7844406416807,3.043276766948417,12.918376138244694,45.0418300876242,0,2026-10-08 00:33:57
2026-10-07 23:41:00,CNC-01,L,298.8519214438123,311.4617521064193,2623.5636338776985,19.198968214677976,113.19300099135087,3.352245994688324,9.446602702482771,53.45235061626949,0,2026-10-08 00:33:57
2026-10-07 17:06:00,CNC-01,L,299.24622493526084,313.7872212240271,,43.968415325382594,78.37623362967985,2.5199533967791554,14.628391885437019,57.50233172241769,0,2026-10-08 00:33:57
2026-10-07 19:29:00,CNC-02,M,299.55065048076324,312.1594142100931,2296.449991677994,22.383118972598947,25.896767929216356,2.956911394369836,9.740477732393488,49.61218390788892,0,2026-10-08 00:33:57
2026-10-07 17:45:00,CNC-02,M,298.67359474342913,313.5260045325976,1933.8043885005413,38.859855504401274,111.448136813744,2.6287179578355806,14.022870809938558,56.519799391946826,0,2026-10-08 00:33:57
2026-10-07 00:49:00,CNC-03,H,298.3884643905874,310.29643994685927,2790.3686202736208,15.22551305981968,20.393808022556215,3.429143159986667,8.18211895833191,51.967629313318994,0,2026-10-08 00:33:57
2026-10-07 08:28:00,CNC-01,L,295.65562216491276,310.25338673449136,1625.0506424819862,44.89465308493943,179.67182650284312,2.8069886320577244,13.61456308998089,57.95065211224009,0,2026-10-08 00:33:57
2026-10-07 23:37:00,CNC-03,H,304.4479148826556,310.73589765288,2694.28484169183,15.975170160672638,142.7801887401952,3.348766076847821,8.05358670325653,45.75350706679492,0,2026-10-08 00:33:57
2026-10-07 17:48:00,CNC-01,L,299.0312993199113,313.46729280856533,2093.5237907493474,33.70118132989573,135.97816361558992,2.9767997140460887,13.0506451247514,53.386571943767805,0,2026-10-08 00:33:57
2026-10-07 04:44:00,CNC-03,H,296.9065174679193,310.39467735370096,2133.732588495219,29.455024197727887,54.73595281416204,2.6857737474219516,11.748890025690041,57.36690198737973,0,2026-10-08 00:33:57
2026-10-07 15:43:00,CNC-02,M,24.943704290599783,40.372383711668476,1782.8674224064907,46.48547580137749,164.3642433383916,2.7339761387221135,15.413729231736964,53.31259570736515,0,2026-10-08 00:33:57
2026-10-07 13:04:00,CNC-03,H,24.753977542374457,38.415117944861834,1456.6431771955752,1779.4922574896805,29.950409813890914,2.1823586658552396,12.732645445058116,58.0399597679155,0,2026-10-08 00:33:57
2026-10-07 07:25:00,CNC-01,L,295.52083903284904,309.80285910749785,1674.9981285903011,41.32945881766937,87.55797460152372,2.3604782769452903,,62.291662143135376,0,2026-10-08 00:33:57
2026-10-07 13:32:00,CNC-03,H,297.8010980245088,311.8794850995037,1519.8041802787259,46.97415729412368,73.90768923088638,2.1365878155184643,13.228797281720581,52.361970519576495,0,2026-10-08 00:33:57
2026-10-07 14:15:00,CNC-03,H,298.329247091182,312.50694397346086,1390.452914504047,49.366186294522336,141.04080963989549,2.279009176311288,12.741721593321898,51.72848825058438,0,2026-10-08 00:33:57
2026-10-07 09:57:48,CNC-02,M,296.1441580866851,310.49032124487513,1535.7375282878468,45.36013555251074,121.01696605544865,2.2715579349235897,13.077672824215162,58.103006436385385,0,2026-10-08 00:33:57
2026-10-07 16:27:00,CNC-03,H,26.401658231537454,41.01181316590123,1719.8221862181229,43.97625551000296,121.13705629720278,2.4818038218927523,14.39547067711568,45.58688934165695,0,2026-10-08 00:33:57
2026-10-07 09:31:00,CNC-01,L,295.59295069254034,309.9015947322868,1395.9935616798302,53.39342453630303,38.68033649196379,2.1453043281186677,13.938970354963871,60.54849778054931,0,2026-10-08 00:33:57
2026-10-07 04:41:00,CNC-01,L,296.22353903612475,309.3353515309277,2280.860358161155,24.98410746340946,92.30726720129864,2.9268404368719048,10.761687904185978,58.041843833502654,0,2026-10-08 00:33:57
2026-10-07 04:43:00,CNC-03,H,296.6967870069062,309.9576509342248,2173.753435459071,29.830445268380124,53.4766259126993,2.6990038472643723,12.238755769125529,58.559402840994956,0,2026-10-08 00:33:57
2026-10-07 22:28:00,CNC-02,M,299.3127505985335,313.0222290522591,2501.9769374793173,21.794344107911535,231.55910256950756,4.007302977764624,10.297022164838683,53.60966829076705,0,2026-10-08 00:33:57
2026-10-07 03:40:00,CNC-01,L,296.94951224046497,309.87086704762197,2411.225868366886,24.77077261251856,18.645649971961777,2.98941240338482,11.394146101187584,53.045037907921014,0,2026-10-08 00:33:57
2026-10-07 01:56:00,CNC-02,M,298.46993770150357,311.20748415992125,2575.9767523588116,19.498320198482833,136.24248592239277,3.301691289686319,9.459698082412286,53.09943872524329,0,2026-10-08 00:33:57
2026-10-07 17:16:00,CNC-01,L,299.0002282344536,313.07486194548216,1894.0426600024477,36.59559958957501,92.14548522816105,2.5408261424107295,13.063500465877176,54.5753549606061,0,2026-10-08 00:33:57
2026-10-07 17:01:00,CNC-01,L,299.1365738977791,313.35871242161534,1898.9298250249383,39.068668549147276,71.50104135562025,2.542235754096746,13.831174781854688,55.29121802522689,0,2026-10-08 00:33:57
2026-10-07 04:36:00,CNC-02,M,296.6548543747723,310.7372172345452,2230.9201697033627,30.32129448827414,106.11370201635488,2.8206078556898837,12.474428421822841,50.369600566113746,0,2026-10-08 00:33:57
2026-10-07 08:39:00,CNC-02,M,295.88774255326,309.4346429761852,1532.8369941345338,43.69125022321089,0.0,22.422917183394137,12.801208773771169,61.828483365616016,0,2026-10-08 00:33:57
2026-10-07 19:42:00,CNC-01,L,299.8691201242189,313.3543811919222,2302.416391843667,27.413808296282838,50.82389303911164,2.8936476323148206,12.063937813686035,52.180710304491285,0,2026-10-08 00:33:57
2026-10-07 15:27:00,CNC-02,M,298.10946709713807,313.15241719825485,1620.0104704750652,47.7759388864836,140.67352741107615,2.5099820489867963,14.669170974183436,53.728373684078925,0,2026-10-08 00:33:57
2026-10-07 06:13:24,CNC-01,L,295.625921861231,310.22562681100544,1825.146887860182,38.9286035004839,211.39048711644173,3.4021952062596483,13.314254695010463,59.01529385255637,0,2026-10-08 00:33:57
2026-10-07 11:24:00,CNC-01,L,296.2823017286187,309.8525491925198,1289.8102720757859,51.9954371773637,0.0,2.043108142014068,12.710756880606542,60.39888774970909,0,2026-10-08 00:33:57
2026-10-07 23:31:18,CNC-01,L,298.94008628269165,311.85061896965436,2535.5309208111303,20.120453432637103,102.53701227670446,3.094207444772043,9.371601270072958,53.641230315908814,0,2026-10-08 00:33:57
2026-10-07 19:55:00,CNC-01,L,299.9101648021992,312.4641973114012,2405.8743451653354,20.867473024997107,66.57005055206798,3.0330075670923855,9.368311497215092,50.09086872246777,0,2026-10-08 00:33:57
2026-10-07 00:58:02,CNC-01,L,298.43121911188166,310.34533499281713,2651.7842096586073,16.64111278665602,42.348518226231874,3.1998229241620204,8.489058948825702,55.226010301285235,0,2026-10-08 00:33:57
2026-10-07 09:42:00,CNC-02,M,295.9738590515015,310.27280318462937,1507.3384565341148,47.49854788563381,96.12541559060324,2.1865771500535387,13.427491327422457,59.161341356926236,0,2026-10-08 00:33:57
2026-10-08 00:32:00,CNC-01,L,298.24129163310954,310.44075582230096,2717.281765539979,14.119579070369895,167.310385621987,3.6907473915241784,6.846893786118259,53.13825206100442,0,2026-10-08 00:33:57
2026-10-07 03:45:00,CNC-02,M,297.5384730526061,309.63223250766595,2482.611722272299,18.841807691382655,44.26193644260738,3.0045634594393507,8.650674340773422,53.97895510401869,0,2026-10-08 00:33:57
2026-10-07 19:33:00,CNC-02,M,299.0395409671378,312.4017722960955,2204.3943635871624,27.58735538745929,30.884734197649863,2.785143425245038,11.262328181543365,57.47722940265116,0,2026-10-08 00:33:57
2026-10-07 23:16:00,CNC-02,M,299.46310232596363,311.5233407390009,2736.122888217733,14.607930755609818,44.867375298569605,3.325904414554661,7.518510985960054,52.2041487911302,0,2026-10-08 00:33:57
2026-10-07 10:36:00,CNC-02,M,296.1265705195402,311.2397522863464,1495.0338088967421,50.38749941249944,180.7910724390951,2.5993855818598983,13.738596209977072,61.10793441697687,0,2026-10-08 00:33:57
2026-10-07 06:20:00,CNC-02,M,296.4935929881677,310.5041698966775,2010.283198809216,36.206345475074585,18.870856269342756,2.6538715035732863,13.7379845661612,59.56382763554298,0,2026-10-08 00:33:57
2026-10-07 23:37:12,CNC-01,L,299.1823493434024,311.20343256924735,2673.8782789481247,15.643596560758823,109.89560586306392,3.35925876059343,7.729944027598494,53.24420642029205,0,2026-10-08 00:33:57
2026-10-07 15:57:00,CNC-02,M,25.36716373236868,40.30369864421681,1594.3591029051065,43.48128271224941,184.92689014325575,2.8630742160613054,12.845457109020524,,0,2026-10-08 00:33:57
2026-10-07 10:12:00,CNC-03,H,296.52315434177626,309.9934123278317,1475.1157269771745,44.0255180338982,6.213844849829795,2.1131580952750983,12.274196069318531,54.68611630912142,0,2026-10-08 00:33:57
2026-10-07 08:00:00,CNC-03,H,296.4060079695318,310.4287009371194,1850.5886705290116,38.3433291912566,77.21154619539989,2.4443370147199883,13.346812929539622,57.517655576593526,0,2026-10-08 00:33:57
2026-10-07 03:02:00,CNC-03,H,297.6822949025078,310.47469527087594,2554.60087972494,19.34214078999151,166.64659755653162,3.3980838003785077,,59.19101582834792,0,2026-10-08 00:33:57
2026-10-07 05:19:00,CNC-02,M,302.03991127721116,310.4905045928667,2139.3120616727056,33.734398657990354,160.18011696922915,3.109757132976376,13.616108130144577,46.50159863398404,0,2026-10-08 00:33:57
2026-10-07 22:32:00,CNC-01,L,299.4746340276485,311.3850822421362,2673.9849710815224,16.076903213491107,38.98849499259864,3.2482411285656276,7.935730131787071,51.78231428036358,0,2026-10-08 00:33:57
2026-10-07 15:48:00,CNC-03,H,26.43210611210833,40.48780018157822,1608.053346451041,42.892580377604475,64.50713724327481,2.214902113850831,,53.076788780877266,0,2026-10-08 00:33:57
2026-10-07 02:51:00,CNC-01,L,297.5394388713764,310.683642230741,2650.5248527910403,18.73516133473708,167.09806327191512,3.6516127881124496,9.42907562354972,59.06549212239991,0,2026-10-08 00:33:57
2026-10-07 21:35:11,CNC-03,H,299.33252588750076,311.4016519500537,2566.945337945097,17.69612686101631,12.131360597991588,3.1092056826241947,8.242455711595756,49.88587767549708,0,2026-10-08 00:33:57
2026-10-07 03:01:00,CNC-01,L,297.42524393495336,310.1215006559654,2543.5586311157845,19.431868634720416,178.426553404995,3.5902430878183127,9.25316234612514,55.845803782003436,0,2026-10-08 00:33:57
2026-10-07 20:06:00,CNC-01,L,299.718499800687,312.64666499369287,2261.038256254916,24.016563668625952,79.70308676340647,2.9254212417802696,10.092484476430268,52.69518953704869,0,2026-10-08 00:33:57
2026-10-07 22:00:00,CNC-02,M,299.3220483924874,313.55824298056046,2566.2094232211634,24.200185970047787,200.87962189575188,3.749474038785255,11.665791443334578,52.08936556367334,0,2026-10-08 00:33:57
2026-10-07 04:12:00,CNC-01,L,296.714029192463,309.76178299941523,2356.501447905121,24.474477304508333,56.68468651683777,2.9981337272671165,10.832623271865968,53.953698008110244,0,2026-10-08 00:33:57
2026-10-07 16:19:00,CNC-01,L,25.39968484474599,39.211989023256024,1775.0360362692188,40.7248017790231,,2.4176958710195806,13.332766379141967,56.19760405182555,0,2026-10-08 00:33:57
2026-10-07 04:36:00,CNC-03,H,296.73090056860616,310.7701566009438,2253.008980027923,31.317147887831577,44.80886795265066,2.8956105328658888,13.329327279570315,56.52036409291977,0,2026-10-08 00:33:57
2026-10-07 18:26:00,CNC-02,M,298.9774722852153,313.64553766375207,2019.0233200967564,35.010020387317034,165.8075973914594,2.9816016849910234,13.207527856835457,51.20955219137838,0,2026-10-08 00:33:57
2026-10-07 10:37:00,CNC-01,L,296.09709610071474,311.0906007223363,1465.70704600564,52.729168072986546,141.63155300873228,2.332305942457987,14.560203924563316,55.56116065056646,0,2026-10-08 00:33:57
2026-10-07 08:16:00,CNC-02,M,296.21940358268375,311.4219658175524,1711.2055010665301,45.56006963056998,183.24874667644886,2.792690257610115,14.66367386995207,56.17586707565182,0,2026-10-08 00:33:57
2026-10-07 11:27:00,CNC-01,L,296.24625719876246,310.09394806842676,1364.2162158289736,51.921683563640784,4.674212288918261,2.038535841110793,12.977384942065017,61.284563103606324,0,2026-10-08 00:33:57
2026-10-07 05:47:00,CNC-03,H,296.3531781541656,310.3034608487637,2180.592981516281,29.127312594504748,135.2609390408718,2.8936216490175863,12.023828292268778,51.928439565808574,0,2026-10-08 00:33:57
2026-10-07 17:14:00,CNC-03,H,299.9669907275807,314.9510843661744,1922.5661273946737,40.146627027562545,187.30176452572542,2.940666454653723,14.276709596319577,53.627123894818006,0,2026-10-08 00:33:57
2026-10-07 10:15:00,CNC-01,L,296.0312509884313,309.96958711204337,1468.8567188826596,47.461150322562425,107.18331340443821,2.2831620324180344,12.987886091332975,59.92881152843329,0,2026-10-08 00:33:57
2026-10-07 19:15:00,CNC-01,L,299.90786379293866,312.55864027385593,2397.994992200126,23.026018928049247,17.5334835972699,2.9510835851945676,10.319660074875774,52.15123760798207,0,2026-10-08 00:33:57
2026-10-07 18:24:00,CNC-03,H,299.7751727065684,313.19426440066746,2010.303061224175,32.38305440282736,34.37095134574725,2.640428359897558,12.273962519803694,,0,2026-10-08 00:33:57
2026-10-07 11:59:00,CNC-01,L,295.9655185870103,310.0528525894487,1368.7420929328975,52.35159848952532,55.61972957070763,2.0433148833259116,13.513800805538072,57.29377584367116,0,2026-10-08 00:33:57
2026-10-07 13:47:00,CNC-02,M,297.268196868504,312.7524345689652,1554.9586328793878,52.013809404399574,234.5251580092701,3.2679603748251336,15.595750198762818,56.94421685890359,1,2026-10-08 00:33:57
2026-10-07 16:35:00,CNC-02,M,25.339801786549344,39.24175895447115,1860.9764360702673,37.32468438615536,14.317505289194692,2.5444522547970934,12.934370465112908,54.96325086492734,0,2026-10-08 00:33:57
2026-10-07 23:23:00,CNC-02,M,299.03051901466745,310.94692990372323,2713.0392374364537,14.203503275036917,52.31894104096109,3.2206108634331434,7.324469564366924,53.567107416003395,0,2026-10-08 00:33:57
2026-10-07 13:12:00,CNC-02,M,24.09190906472037,39.50888299958427,1471.0942098589917,56.21039884463701,179.49207998819762,2.6436286749154743,15.421318315791778,59.50930227076084,0,2026-10-08 00:33:57
2026-10-07 02:14:00,CNC-02,M,297.8354305036812,311.23695275080075,2580.6191761095856,20.930498996256194,155.99470567198927,3.4039704179868813,10.156079017604167,57.29378006558365,0,2026-10-08 00:33:57
2026-10-07 07:24:00,CNC-01,L,295.6757412239525,309.9497387216434,1746.7150027516157,41.50002215477835,86.09917343574948,2.430987472983821,13.356926788331302,60.53098437353282,0,2026-10-08 00:33:57
2026-10-07 19:30:00,CNC-03,H,299.95552467105045,312.88372902504693,2309.232494251509,24.25536603392927,117.30429246015588,2.93965286926763,10.368615278394259,53.01932658428371,0,2026-10-08 00:33:57
2026-10-07 17:50:00,CNC-03,H,299.41682498243307,314.81363042798256,2077.326758438013,37.505061745600024,236.49875450825039,3.605010929408753,14.62029341359454,52.641922008616646,0,2026-10-08 00:33:57
2026-10-07 15:37:00,CNC-02,M,25.03903360950511,39.255141258590925,1498.9425372214168,44.78295392042779,155.4639557019727,2.4394024078684495,12.492564503855858,52.6870218617515,0,2026-10-08 00:33:57
2026-10-07 05:24:00,CNC-01,L,295.9565365640414,309.85550248566744,2091.326147289451,31.144966133962985,146.88607623940493,2.992426773859534,12.112402752307691,57.392142177477716,0,2026-10-08 00:33:57
2026-10-07 19:31:25,CNC-01,L,299.4476378172731,312.40710620141107,2438.7078454881,23.48828341636657,36.05525931373444,2.994121892581367,10.672340644291392,55.691127146479374,0,2026-10-08 00:33:57
2026-10-07 11:11:00,CNC-01,L,295.91292393786557,311.17186271017056,1472.8053653623817,55.547693592665,195.48914796813585,2.943290333201027,15.444866711589627,58.55195236365709,0,2026-10-08 00:33:57
2026-10-07 17:27:00,CNC-01,L,299.1338107966906,313.6425285579053,1978.6733826755758,36.71414365520093,107.3371702868237,2.574887691182148,13.81919922894944,50.04056195161168,0,2026-10-08 00:33:57
2026-10-07 19:43:00,CNC-01,L,299.8393540007238,313.2620333535255,2274.67984141038,28.794622856134293,52.06471666349558,2.978320589935258,12.328325797027148,48.697597805486026,0,2026-10-08 00:33:57
2026-10-07 19:01:00,CNC-02,M,299.01354732499266,314.34846945451886,2105.6200711373367,35.71646669087244,210.57918885524677,3.2721768679194154,14.045613909683606,52.04633379324171,0,2026-10-08 00:33:57
2026-10-07 01:22:00,CNC-02,M,298.5271641156606,310.6023623376256,2728.6590832497563,15.920676982132056,99.30168658287612,3.3530854024551404,8.14597825372323,51.71134594324241,0,2026-10-08 00:33:57
2026-10-07 06:48:00,CNC-01,L,295.55723526055533,309.4808238871414,1958.109494693602,34.716633783002415,35.63142883615553,25.634999469223377,12.841983769813346,56.87589905560424,0,2026-10-08 00:33:57
2026-10-07 02:59:00,CNC-03,H,297.4604086779469,310.73489078096975,2493.370622381198,23.13046680188104,163.32330598514338,3.402112415831987,10.48067231789035,51.8158635867549,0,2026-10-08 00:33:57
2026-10-07 13:32:00,CNC-02,M,297.14924844536705,312.4102368656955,1473.3060648257313,52.51918411554987,211.0990812697498,2.767671382379441,14.703259781132333,58.052662576739785,0,2026-10-08 00:33:57
2026-10-07 10:41:00,CNC-01,L,295.78570390500425,309.8967738481505,1322.3517287687212,51.80842335780272,147.95586064255724,2.26202285976501,13.038723507554009,57.88151272107511,0,2026-10-08 00:33:57
2026-10-07 12:35:00,CNC-03,H,24.393981188873397,39.22694772568366,1307.422559712082,54.57417477325195,232.3904684560541,2.7680214070222458,13.581232131846503,53.29930730632784,0,2026-10-08 00:33:57
2026-10-07 13:57:31,CNC-01,L,297.2393419494853,311.2094221736988,1433.8547693213673,50.8847213918267,15.658449672243155,1.8774144968179918,13.790768004195412,62.4622759244302,0,2026-10-08 00:33:57
2026-10-07 03:09:00,CNC-01,L,297.2463476628173,309.76668476281253,2534.9553974726773,18.424593981508835,187.3740991439472,3.711255672841542,9.041951965646472,48.337109865550914,0,2026-10-08 00:33:57
2026-10-07 19:24:00,CNC-03,H,300.01235475450846,313.34622779932624,2353.2958518602727,24.5361758696047,109.86077527230839,2.9529784849651777,10.762338776828566,51.90193237896514,0,2026-10-08 00:33:57
2026-10-07 08:05:00,CNC-01,L,296.0884674922168,310.57912600209386,1630.7185000610489,45.23099042010283,145.4700301315691,2.5403336497837437,,54.89706063858939,0,2026-10-08 00:33:57
2026-10-07 01:49:00,CNC-02,M,298.44718403373275,311.3775820861164,2466.4131499921477,22.44735731557719,128.56232210062166,3.1636494461246296,10.172673882189251,59.04280123646083,0,2026-10-08 00:33:57
2026-10-07 01:34:00,CNC-01,L,298.2883577615346,310.635197124209,2623.4341102006765,17.138524092778017,82.24150510223942,3.3437471776575443,8.377308085540957,51.1532042491046,0,2026-10-08 00:33:57
2026-10-07 08:13:00,CNC-02,M,296.12809829236323,311.3703704691492,1675.2782673326026,46.379588903554335,178.8831460781169,2.7871327532384256,14.80931006217744,61.068615071134765,0,2026-10-08 00:33:57
2026-10-07 21:46:00,CNC-01,L,304.8868845020607,312.56175832850863,2520.925643304704,22.414357311511548,193.8124784478311,3.7107421446733344,10.494822564793825,44.829102696761964,0,2026-10-08 00:33:57
2026-10-07 23:23:17,CNC-01,L,299.1456408637495,311.13571665335036,2611.389328098996,15.58629071121295,93.88402722752552,3.2477574880140683,7.719968747443575,51.45596199719586,0,2026-10-08 00:33:57
2026-10-07 01:38:00,CNC-01,L,298.13534475052944,309.9542305040581,2751.2105522832862,14.106207939224761,86.49518506346689,3.212857499140497,7.288322276706531,57.265356182432065,0,2026-10-08 00:33:57
2026-10-07 23:35:00,CNC-01,L,298.80801816214915,311.33594831662435,2732.1153365447685,17.508510608321025,106.76307595488288,3.3677116743213946,8.947974082533252,54.24002045441312,0,2026-10-08 00:33:57
2026-10-07 06:45:00,CNC-02,M,296.5341066693113,310.50910410378174,1889.1982311734605,36.99660477560322,52.86899217291734,2.4772827851732604,13.01427055081506,55.04230906139001,0,2026-10-08 00:33:57
2026-10-07 12:56:00,CNC-02,M,23.69618341293352,38.11865038991249,1336.7380827824422,52.013876117264616,154.0906845976267,2.2114438424378045,13.134851447564312,53.22262426908632,0,2026-10-08 00:33:57
2026-10-07 06:24:00,CNC-01,L,295.73688015915087,309.36022615845974,1878.1151148431952,37.886701481434876,2.730691616684984,2.311767050297789,13.10696896531638,57.28383091327442,0,2026-10-08 00:33:57
2026-10-07 04:36:00,CNC-01,L,296.2608800056687,309.8810155355461,2236.0437429061453,28.710077963390876,86.21344697742116,64.83883914639705,11.886796969861727,54.4018816033348,0,2026-10-08 00:33:57
2026-10-07 15:03:00,CNC-03,H,299.0915117503309,313.56858181708554,1730.7837271925837,40.30429724825382,214.70842332781876,3.089173033472676,13.35263333730277,54.432353751918576,0,2026-10-08 00:33:57
2026-10-07 07:54:15,CNC-03,H,296.1628270277104,310.46924987003996,1725.617282027131,42.659433053002736,67.12230769592352,2.401358842250587,13.924400052470252,59.85991912463134,0,2026-10-08 00:33:57
2026-10-07 01:03:00,CNC-03,H,298.4347361131959,310.7150590248956,,18.822616306926495,35.435766849383924,3.2199856488168193,9.268150355321412,54.614284446177166,0,2026-10-08 00:33:57
2026-10-07 22:12:00,CNC-03,H,299.1595882681245,311.3437342448271,,18.143676397892655,51.71242377109283,3.221327896558816,8.870031162125615,58.297423800527696,0,2026-10-08 00:33:57
2026-10-07 04:26:00,CNC-03,H,296.88291902069835,310.72195020132835,2169.9801022734036,31.983118126419548,32.572908019072514,2.6974890946216146,13.197377123106428,56.06803957667489,0,2026-10-08 00:33:57
2026-10-07 21:48:00,CNC-01,L,305.19867467494686,312.58748842179824,2645.758183266063,19.7238518713518,196.00562808926816,3.9958860785624957,9.862750619015182,44.44770491339287,0,2026-10-08 00:33:57
2026-10-07 00:38:00,CNC-01,L,298.5670006106601,311.5089071735603,2659.034225344529,21.653766091296372,21.99840469304932,3.122285973854809,10.68127272138712,55.9953653313286,0,2026-10-08 00:33:57
2026-10-07 00:41:00,CNC-02,M,298.72021719330826,311.4146433073204,2752.6002011795076,18.484817428433253,55.30982148228548,3.301256315025561,9.685302203571078,54.20472512461804,0,2026-10-08 00:33:57
2026-10-07 07:32:00,CNC-01,L,295.3776556084913,309.24167810911126,1723.3571023044879,38.380253678995274,97.60161130132411,2.577973266184748,12.482278278126715,57.92646888941266,0,2026-10-08 00:33:57
2026-10-07 18:56:00,CNC-01,L,299.59812363940057,314.220325469428,2116.4241440459064,33.94885891447506,224.41290211364057,3.8290748599583213,,51.69626572906685,0,2026-10-08 00:33:57
2026-10-07 06:13:00,CNC-03,H,296.1111997434528,310.53860409005205,2051.069161652124,33.82294431847716,169.8762569499681,2.979772653061809,12.93446391963707,58.87705033349166,0,2026-10-08 00:33:57
2026-10-07 07:38:00,CNC-01,L,295.4816894585282,309.63467090215704,1828.9279506860573,40.094829593547516,106.1970491762829,2.471182780429752,13.62543105302353,61.40165268603583,0,2026-10-08 00:33:57
2026-10-07 08:06:00,CNC-03,H,295.98665796182803,310.42968044223477,1637.6787119542676,46.360288303110195,86.06366657805492,2.3480656788372674,14.053211475272649,61.159600545792706,0,2026-10-08 00:33:57
2026-10-07 17:24:00,CNC-03,H,299.78217227789827,314.62094061826485,1936.2392117683246,38.51641729906635,201.23741135019603,3.0703778339710306,13.832874442597404,51.71091935753542,0,2026-10-08 00:33:57
2026-10-07 16:18:14,CNC-03,H,26.25726900773543,40.81656062492556,1738.7289895917252,43.52685339783818,106.6473814851762,2.492147785845379,14.107166774512958,50.09742492711311,0,2026-10-08 00:33:57
2026-10-07 18:11:00,CNC-03,H,299.7943140510764,313.2373738656542,1967.0796984298004,32.66503777084792,17.295935412225848,2.5397222440765526,,53.81162452324756,0,2026-10-08 00:33:57
2026-10-07 00:33:00,CNC-01,L,298.49134864543277,309.4293564280734,2774.48112985156,12.934942083334747,,3.3143634912197224,6.737582793844525,55.84867230876331,0,2026-10-08 00:33:57
2026-10-07 03:16:00,CNC-01,L,297.211991577945,311.6121753192992,2411.3177365716815,28.09457771000209,195.4085482783721,3.751901444909571,12.796619337551615,51.32622554574946,0,2026-10-08 00:33:57
2026-10-07 17:37:00,CNC-01,L,298.8421195745485,312.94646012782744,2079.2047267639077,33.073856360147445,121.11276009988643,2.781046020227757,12.91049763550195,53.37262216271765,0,2026-10-08 00:33:57
2026-10-07 04:45:00,CNC-03,H,296.85719746418033,311.1684464918372,2160.4445234875725,33.85493343622511,56.02218204174471,2.701836435831387,13.359901791380096,60.43894063753362,0,2026-10-08 00:33:57
2026-10-07 23:10:00,CNC-03,H,304.75512958883104,310.44525103731917,2816.2003604201914,13.540881465308416,114.10313750839683,3.496830741990233,6.875716931459204,43.60604717673373,0,2026-10-08 00:33:57
2026-10-07 10:18:00,CNC-02,M,296.27172679185696,311.1890432664813,1437.274816699185,52.44091127929781,152.36299820731344,2.3468542881208574,14.030932667842004,59.73533033173332,0,2026-10-08 00:33:57
2026-10-07 17:38:00,CNC-02,M,299.2146354760682,313.53326155949645,1813.9437010381325,37.57201440533216,101.91597004967844,2.5569204513594377,12.61322826437453,56.244351605165726,0,2026-10-08 00:33:57
2026-10-07 22:43:00,CNC-03,H,304.43968260262295,,2676.6027829397503,18.783106816642693,85.16706731573213,3.215421366866218,9.364475571615378,44.70721195660974,0,2026-10-08 00:33:57
2026-10-07 13:04:00,CNC-01,L,23.85076841889179,38.51441214449102,1410.0148285489606,50.8200733187318,158.52632643316863,2.3980710062018153,13.306806179616999,61.089264412174145,0,2026-10-08 00:33:57
2026-10-07 15:28:00,CNC-03,H,299.16905452733977,312.8614440406697,1581.0929490256117,41.896466396025765,34.75429215571158,2.27698442994304,12.29373153630661,53.735434747942506,0,2026-10-08 00:33:57
2026-10-07 08:49:00,CNC-01,L,295.4910537116219,310.0772022541906,1709.4175444062628,41.22463901292904,211.14962859851136,3.1810710214547813,13.168021280682026,57.77608387987452,0,2026-10-08 00:33:57
2026-10-07 04:41:00,CNC-03,H,296.5919807719378,310.4293296161695,2288.794329948316,28.4807667561306,50.96317331827308,2.8525401247699462,12.036534836203362,58.58517388448748,0,2026-10-08 00:33:57
2026-10-07 19:06:00,CNC-01,L,299.8173598350288,312.8833040903967,2193.1162866428995,29.54920055822637,6.399383075622596,2.708634841670413,12.261231129791874,52.28662093051407,0,2026-10-08 00:33:57
2026-10-07 17:36:00,CNC-02,M,298.968972663737,313.64003450981954,1972.603983143687,37.6484465790458,99.16894816923616,2.5917173259244284,13.800015095664516,52.447645347709305,0,2026-10-08 00:33:57
2026-10-07 20:54:00,CNC-01,L,305.4297274690903,313.4899105597091,2322.626678097983,29.197415588468836,135.62779403769693,3.0526742765928567,12.914865445765411,40.090923380829004,0,2026-10-08 00:33:57
2026-10-07 06:41:00,CNC-03,H,296.0950310706064,311.8119900506462,1860.0941005032294,45.54232818535967,207.70283985364745,3.0727435172364563,15.912693692980278,61.90273739015222,0,2026-10-08 00:33:57
2026-10-07 08:26:00,CNC-03,H,296.0386813076516,310.4908510461736,1621.3711548639474,44.77294834387135,115.63279808840907,2.4191498174494956,13.681035689355525,60.564316004927434,0,2026-10-08 00:33:57
2026-10-07 10:13:00,CNC-02,M,296.50273980228894,310.7450098696023,1392.1832839195158,50.39479067117543,144.58555248524107,2.261441841605699,12.945362653550626,59.30908363240238,0,2026-10-08 00:33:57
2026-10-07 04:23:00,CNC-03,H,296.77601685376015,309.6953408839029,2268.4394309309355,26.773662471370017,28.84539255157587,2.751200572560019,11.580995147696333,58.81738449790974,0,2026-10-08 00:33:57
2026-10-07 21:12:00,CNC-02,M,299.44671879331804,312.62559950993915,2572.7879021617837,20.230870892139816,147.6594496031554,3.382767262964621,9.785863461588386,55.44578941417546,0,2026-10-08 00:33:57
2026-10-07 18:17:00,CNC-01,L,299.52605908863393,313.5466881991171,2135.2246578702175,31.71038343027537,174.56580291224194,3.306268031735008,12.954154884206634,50.30205450048765,0,2026-10-08 00:33:57
2026-10-07 18:57:00,CNC-02,M,299.0326031223368,313.8227643818217,2347.116070787399,29.77893901583265,205.48552546007087,3.5824040959700425,13.21636947762774,54.959664782578955,0,2026-10-08 00:33:57
2026-10-07 16:34:00,CNC-01,L,25.79761141306119,39.75342783575093,1740.699765400111,40.12411440926652,33.2342359489245,2.402401108240126,13.246287519496843,57.3808001857615,0,2026-10-08 00:33:57
2026-10-07 20:57:00,CNC-02,M,299.242282743813,311.6897565635924,2648.1129402941415,15.849957871031013,130.65327997152156,3.2578222008791493,8.165278816967524,49.29621492541136,0,2026-10-08 00:33:57
2026-10-07 07:44:00,CNC-01,L,295.7616272537358,310.4097373149777,1656.8607889782106,46.19580437791703,114.92351634748243,2.484705516786816,14.30726563484341,60.96910925835306,0,2026-10-08 00:33:57
2026-10-07 14:07:00,CNC-03,H,297.8757347738886,312.14914705269905,1368.6797584484486,50.22844228875321,128.6932604678068,2.2446242204807483,12.754748756471118,55.109442756319666,0,2026-10-08 00:33:57
2026-10-07 20:43:00,CNC-03,H,299.80722833696865,314.1469106981931,2263.7449296286827,29.662907551609887,204.60435211467515,3.4510643661075364,12.434118539727054,52.57077275859732,0,2026-10-08 00:33:57
2026-10-07 20:32:00,CNC-01,L,299.85967621110035,312.4075650047299,2391.4752799885055,21.151274046680392,110.20670375865915,3.1216333806007484,9.546023935699361,47.82911066574939,0,2026-10-08 00:33:57
2026-10-07 07:18:00,CNC-02,M,296.42170709411494,311.2431642440848,1844.283639082327,42.55815572249309,99.08743536530248,2.5328667964738707,,58.06241152497075,0,2026-10-08 00:33:57
2026-10-07 21:42:27,CNC-02,M,299.35447384219316,313.0901304074704,2548.163490230915,21.935296118355367,180.94985019960205,3.5156702966046405,10.543125116168186,55.647687306389734,0,2026-10-08 00:33:57
2026-10-07 14:49:00,CNC-02,M,297.8172095505959,312.0511961595937,1494.8724883359068,46.1160775284327,83.33128791885487,21.343060733555372,13.170255100370865,60.42481948007355,0,2026-10-08 00:33:57
2026-10-07 04:38:00,CNC-01,L,296.28326007760535,310.14692702649495,2119.4744597629215,31.264148852922247,88.69898857382313,2.74607778121189,12.478406180789243,59.50145016093138,0,2026-10-08 00:33:57
2026-10-08 00:22:00,CNC-01,L,298.39209704387594,0.0,2781.2512825379654,16.154851025493386,156.79482850752606,3.6991665378573106,8.510083827192323,55.08322886588436,0,2026-10-08 00:33:57
2026-10-07 01:45:00,CNC-02,M,298.3448813646338,310.3423797711911,2753.9508137492826,14.482140256883726,124.13265869243786,3.435700370941919,7.408992848802072,54.13311575080014,0,2026-10-08 00:33:57
2026-10-07 09:30:00,CNC-01,L,295.45329487467586,309.52943959438375,1562.3048431211173,47.474334676755525,37.08196242539225,2.4098963918364547,13.812246336291027,65.67622779088401,0,2026-10-08 00:33:57
2026-10-07 04:14:00,CNC-03,H,296.90714360106404,309.6225948925915,2334.6617792866373,23.741312786463375,17.838093810700954,2.839644222353167,10.259511381415976,60.22816741314981,0,2026-10-08 00:33:57
2026-10-07 22:41:00,CNC-01,L,299.272949974031,312.2260077451034,2571.6537414324384,20.986933823872334,48.739143060837435,3.0429605668508763,9.877165513188395,47.434813005767396,0,2026-10-08 00:33:57
2026-10-07 13:07:00,CNC-02,M,23.69804928521353,38.60317376716375,1440.7417289221205,52.48039957367573,171.54110258626787,2.4791842048989623,13.941166769810387,57.668678650312536,0,2026-10-08 00:33:57
2026-10-07 23:37:00,CNC-01,L,298.90330825294774,310.7250849462202,2696.2974464746626,15.156073482809862,108.8514570611756,3.363664337400697,7.84933817691711,47.51702171859593,0,2026-10-08 00:33:57
2026-10-07 20:26:00,CNC-03,H,299.99769784620656,313.406615731163,2566.2960956822867,21.6766451096782,184.68423981167277,3.544246919068941,10.307010323619544,54.280302732757605,0,2026-10-08 00:33:57
2026-10-07 23:01:00,CNC-01,L,299.28510212849477,311.44088333872696,2611.0134413485785,16.959849716260756,70.273867106325,3.073689313903346,8.362457993793669,55.44038482197004,0,2026-10-08 00:33:57
2026-10-08 00:30:00,CNC-03,H,298.60460051971296,311.04556336805257,2785.266754407421,15.436623517324685,198.9076505704573,3.893367107381689,8.395737011653429,52.54573699846628,0,2026-10-08 00:33:57
2026-10-07 18:00:08,CNC-03,H,299.63213767400964,312.86850786129503,2149.205156544508,29.87727020488208,3.974806385269242,2.683409780448439,11.95419935280958,52.51527217008944,0,2026-10-08 00:33:57
2026-10-07 13:52:00,CNC-01,L,296.9802942876656,310.9663126959081,1423.5014030486932,50.279178582547345,7.811512407272021,2.100157578687652,13.367091825159754,60.08603403402235,0,2026-10-08 00:33:57
2026-10-07 22:12:00,CNC-01,L,305.18024616141344,311.1158265035114,2643.4830046187035,17.37281317099823,17.276966683446236,3.246988533950363,8.596434668751948,43.63073451590294,0,2026-10-08 00:33:57
2026-10-07 03:45:00,CNC-01,L,296.79030520707755,308.78388391830896,2452.7785563319003,18.47304039430263,24.485906033385422,3.09136891378894,8.296764974551525,57.61849506509541,0,2026-10-08 00:33:57
2026-10-07 19:35:00,CNC-03,H,299.8621592575498,312.98573279922,2402.7311862273086,23.137664906682176,123.34878128118069,3.1770861975419793,10.29846382747285,52.46627376758636,0,2026-10-08 00:33:57
2026-10-07 21:35:00,CNC-03,H,299.5418862679123,311.7485116848267,2530.080477958739,19.09373502716375,10.990025562150281,2.9653785147550833,8.907245372922162,52.841654585692645,0,2026-10-08 00:33:57
2026-10-07 09:07:00,CNC-03,H,295.98315116421503,310.65126881436646,1468.881487813152,51.2176862100566,177.40280527033,2.5580636127853142,14.167844528164999,59.78805731575302,0,2026-10-08 00:33:57
2026-10-07 18:00:00,CNC-03,H,299.5708366498427,313.25455207508713,1990.8400023920567,32.74332577352191,2.676003698147306,2.5152451568730028,12.120453063604177,53.52811021188314,0,2026-10-08 00:33:57
2026-10-07 15:10:00,CNC-03,H,299.00062577355965,313.20222096271885,1683.1785711025675,44.53557221568044,7.627202742028801,2.2679400468935373,13.956835424845268,54.09348178556743,0,2026-10-08 00:33:57
2026-10-07 01:42:07,CNC-01,L,297.9652186000686,310.80049516071944,2450.2043430934827,21.324938408553233,89.85710099380952,3.0366471662150882,9.73349758650806,54.22601196030609,0,2026-10-08 00:33:57
2026-10-07 20:51:00,CNC-02,M,299.42533022667374,313.2770700687701,2563.1735684373302,24.588820189587967,123.81234052449162,3.284341233736069,,52.98670627801626,0,2026-10-08 00:33:57
2026-10-07 01:12:00,CNC-02,M,298.73561035261343,311.3856878446909,2632.277196021222,19.13301334786895,88.5084738635699,3.148947417416754,9.535862403564643,54.911780735271726,0,2026-10-08 00:33:57
2026-10-07 08:46:00,CNC-03,H,296.1086114865899,310.6139906455389,1632.5277230082404,44.55435690693615,145.48264663665125,2.5468628525834593,13.461750551957172,60.107589786133,0,2026-10-08 00:33:57
2026-10-07 11:21:00,CNC-01,L,296.14705504448403,311.1091801852742,1413.6410175567107,55.66703276787557,211.357869442523,2.9421010367011284,14.718778751975748,55.5392536395936,1,2026-10-08 00:33:57
2026-10-07 15:50:00,CNC-02,M,25.233457094166624,40.27561194757277,1759.786092389723,43.58847445508959,174.6940271844978,2.7632557543379517,14.33761613473012,52.82021278996184,0,2026-10-08 00:33:57
2026-10-07 06:57:00,CNC-03,H,296.19116695689115,311.5491284215729,1802.8578942457696,43.53860273808813,230.00112612483085,3.152566410334051,14.62943299117907,62.31375897423597,0,2026-10-08 00:33:57
2026-10-07 21:30:00,CNC-03,H,299.63962517380645,311.6015194326551,2436.4338463842614,19.13125258127209,5.503404868420237,3.055974239854821,8.540351559450588,53.46972516069482,0,2026-10-08 00:33:57
2026-10-07 18:12:00,CNC-03,H,299.54417047695637,313.68607835046805,2133.916455591579,34.541315982907086,18.597867405765562,2.8255875651337967,13.626796515094764,54.66495611321442,0,2026-10-08 00:33:57
2026-10-07 03:35:00,CNC-03,H,297.3309243924056,311.6797039195573,2437.035045664224,27.22612436098914,204.50682534008075,3.574142115204591,12.47661578721715,56.168761896245094,0,2026-10-08 00:33:57
2026-10-07 19:43:00,CNC-03,H,299.831698907722,313.6295221507718,2355.8135318969585,27.77737875365987,133.22742009048346,3.0533081783298948,12.26634180934305,52.10399033717104,0,2026-10-08 00:33:57
2026-10-07 22:39:00,CNC-01,L,299.63776839851164,312.2886374310367,2608.0611678404066,,46.53635538447611,3.142578711822692,10.32305472571438,47.709692951842285,0,2026-10-08 00:33:57
2026-10-07 09:49:00,CNC-01,L,295.3073019011562,310.14203237721983,1648.5176048321346,50.73640789454437,66.56464827449493,2.3021682284730454,15.745788498616797,60.869021700106344,0,2026-10-08 00:33:57
2026-10-07 04:00:00,CNC-03,H,297.1267801199158,309.760319539076,2493.638739543635,22.347094787412537,1.149935964355431,3.002671465605917,10.639698972236616,55.49346555908411,0,2026-10-08 00:33:57
2026-10-07 17:47:00,CNC-02,M,298.95821090082853,313.72031447062403,1952.3437306155804,38.8014546588946,114.17730217210533,2.749968855958559,14.189114404963822,57.79574713908342,0,2026-10-08 00:33:57
2026-10-07 05:49:00,CNC-03,H,296.4557594428415,310.6484511389099,2168.848544537816,32.190695670267104,137.8940655284837,2.935486815018896,12.974330481918168,61.55415728575573,0,2026-10-08 00:33:57
2026-10-07 14:17:00,CNC-02,M,297.64417826181534,311.95544833017607,1497.9788039280693,48.419328379501245,34.14136697768277,2.2850271167611664,13.580644168024282,54.29623556907504,0,2026-10-08 00:33:57
2026-10-07 11:20:00,CNC-03,H,296.72801869377486,311.0473391110228,1415.6935050665506,50.43165251781128,113.40838238838496,2.178042402296043,13.19764790458853,61.36109630503159,0,2026-10-08 00:33:57
2026-10-07 12:33:00,CNC-01,L,23.24776351518824,37.89220479056587,1400.6196572464273,52.68736879994709,109.4520275548115,2.059343393041212,13.874102962781377,57.24117823224257,0,2026-10-08 00:33:57
2026-10-07 16:57:00,CNC-03,H,299.5222894699208,314.5560889249194,1760.4191384873113,45.21270465971176,163.71541302661495,2.7259963974809795,14.615490767331343,48.375734519909784,0,2026-10-08 00:33:57
2026-10-07 17:09:00,CNC-02,M,299.0720963987604,313.34109489000497,1880.498092972262,37.92495792866725,62.22637647877154,2.5920815331736216,13.292494059018622,52.36048594774634,0,2026-10-08 00:33:57
2026-10-07 22:11:00,CNC-02,M,299.2843983379659,312.9267216047566,2617.8561481722645,20.483775906146626,212.9530557015798,3.9723346252338265,9.847004322883162,53.70217936318327,0,2026-10-08 00:33:57
2026-10-07 23:49:00,CNC-03,H,304.1909285375706,310.2047486469229,2766.34409380316,14.406329108894832,155.37975655849422,3.524932475891946,7.426711714108013,44.773378795195846,0,2026-10-08 00:33:57
2026-10-07 09:47:00,CNC-01,L,295.51280088761877,309.96135179621876,1601.9555849990984,46.34685455841756,63.53249385767134,2.261721742981242,13.979188115026366,56.783174503015346,0,2026-10-08 00:33:57
2026-10-07 03:07:00,CNC-03,H,297.4106752232178,311.6505204423775,2452.677365975822,27.562849476630685,172.34035435011964,3.3478065010247047,12.597719189018761,59.70527123100971,0,2026-10-08 00:33:57
2026-10-07 00:51:00,CNC-02,M,298.68556394420773,310.41069192875193,2624.19321671745,15.327064472305413,65.99451514703003,3.1985445395397814,7.493553935461095,50.831849781549074,0,2026-10-08 00:33:57
2026-10-07 18:04:00,CNC-02,M,298.81749623129537,313.65017733038195,2033.0507805120349,35.62907728715926,136.9295552665659,2.85203163038663,13.452950876034977,55.89177627207769,0,2026-10-08 00:33:57
2026-10-07 15:07:00,CNC-01,L,297.8288504402109,311.5937043018433,1561.0912754940366,42.32004412473337,123.63166523503057,2.349810053224244,12.460888230578762,55.989429873823966,0,2026-10-08 00:33:57
2026-10-07 14:24:00,CNC-03,H,298.4912700500151,313.0879654294734,1487.404584689506,49.787023608574934,154.90548308621413,2.4064082500976824,13.873357731470604,54.332483875359785,0,2026-10-08 00:33:57
2026-10-07 21:28:00,CNC-02,M,299.5637430804234,312.81886185594493,2550.7008736788935,20.306803232516884,165.5080282863034,3.4832556789729074,9.364434352930882,49.52615347361196,0,2026-10-08 00:33:57
2026-10-07 01:26:00,CNC-02,M,298.17012147887084,310.1821250180937,2710.7915107390722,15.391548811474092,103.63536075677091,3.4340398755314117,7.87644937809155,56.92652493887949,0,2026-10-08 00:33:57
2026-10-07 19:26:00,CNC-01,L,299.77563360960045,312.996565377207,2329.7869255615074,26.74826679355684,31.145015573201956,2.91164469123071,11.110363901434393,50.84617041296678,0,2026-10-08 00:33:57
2026-10-07 13:48:00,CNC-01,L,297.14066908775413,310.6065021521392,1333.7347866628743,51.68229207098172,1.5975786418165803,2.09838064945085,12.711420359257149,58.329640579191654,0,2026-10-08 00:33:57
2026-10-07 12:29:00,CNC-01,L,23.55895277180565,38.05588536048924,1497.4668003862405,50.21019339840003,103.17842157325542,2.284140683361191,14.07351927930402,55.27162186764117,0,2026-10-08 00:33:57
2026-10-07 21:54:00,CNC-02,M,299.6346190713497,313.19022040046764,2594.841571435474,21.092152908263774,194.26896847545797,3.6795042737769137,10.186959887457276,51.389846439148485,0,2026-10-08 00:33:57
2026-10-07 20:40:00,CNC-02,M,299.3450075956385,312.6175061155656,2365.7600043329894,23.119034614175824,111.06725889180004,3.056919312897072,10.237662744562268,53.64402442552591,0,2026-10-08 00:33:57
2026-10-07 23:12:00,CNC-01,L,,311.3249725186589,2618.951294344109,16.049112568963523,82.17119128032978,3.2231848074281872,7.939913910290901,53.918251088081476,0,2026-10-08 00:33:57
2026-10-07 03:58:00,CNC-03,H,297.36384436965795,311.543081183719,2513.7600320379356,25.628256519759532,231.66829053559837,3.8976669513784885,11.976327500735627,55.19386589519601,0,2026-10-08 00:33:57
2026-10-07 22:34:00,CNC-03,H,304.4671828051083,311.3932744894993,2628.409851230389,20.69221495841555,75.54295971461332,3.1005613691317158,10.14408308833167,44.271190357381805,0,2026-10-08 00:33:57
2026-10-07 01:25:00,CNC-01,L,298.1349463034979,310.36574983037355,2660.313953380789,17.849765802874938,72.3974606992078,3.2741098516006586,8.89404829736237,55.16396488773323,0,2026-10-08 00:33:57
2026-10-07 00:40:00,CNC-02,M,298.9919034429199,311.43825339927355,2669.7949612288485,18.823613022130967,54.24281338023029,3.18106485954218,9.404849116015534,0.0,0,2026-10-08 00:33:57
2026-10-07 02:43:00,CNC-01,L,297.72290287815724,310.219161448939,2448.1092693335245,18.511196242367312,158.14171189296061,3.493702378685687,8.615565640180153,56.82167301939238,0,2026-10-08 00:33:57
2026-10-07 23:29:00,CNC-01,L,299.0548790516126,310.92245678145053,2583.7556511444195,14.5017237843703,100.34598509146663,3.181116832702295,7.065069524749982,52.39398840292214,0,2026-10-08 00:33:57
2026-10-07 17:12:26,CNC-01,L,299.3584250148982,313.18448193234707,2026.7039317576002,31.835572717945766,87.97413275138626,2.6401784547538503,11.873512775285686,51.817304210537,0,2026-10-08 00:33:57
2026-10-07 18:12:00,CNC-01,L,299.31096929932164,313.96916667087424,1868.8856835672152,40.04001046458529,168.00491879701508,2.937897335925465,13.990225571538142,51.543981902838865,0,2026-10-08 00:33:57
2026-10-07 09:33:00,CNC-02,M,295.98443552680004,310.4685472719996,1507.6983567698055,49.08478581441027,82.33434272502255,2.20638978573501,13.912881792537322,63.149719841751775,0,2026-10-08 00:33:57
2026-10-07 18:20:00,CNC-01,L,299.7426450599682,314.5200538437905,2060.6849615350125,36.71410967685874,178.5442421770101,3.2014504442929175,13.941841441033887,56.10224034469064,0,2026-10-08 00:33:57
2026-10-07 04:48:00,CNC-03,H,296.5606537960932,310.1502462108223,2283.5977789496715,28.207046685075827,59.77019172563086,2.8806339748411527,12.214647076370248,58.96283137389803,0,2026-10-08 00:33:57
2026-10-07 18:42:00,CNC-02,M,298.7959423383952,312.8469532683287,2038.3249152538694,29.602191925464588,186.39837857956735,3.280454447938728,11.508617308306652,51.8619705719164,0,2026-10-08 00:33:57
2026-10-07 19:48:00,CNC-03,H,299.63808430814044,,2240.7409442775215,26.379603999732577,139.40446192189003,2.9810679630069385,11.13273313714486,51.29571354795923,0,2026-10-08 00:33:57
2026-10-07 02:45:00,CNC-01,L,297.47335926807676,310.7927490582922,2500.250094081643,21.941313088660262,160.4000248910657,3.5675115546198026,10.060282053048626,56.88109015655067,0,2026-10-08 00:33:57
2026-10-07 07:36:00,CNC-03,H,295.96173726594344,309.8382530301833,1747.1472823260854,40.78471655026733,42.47394071912456,2.294918350999832,13.472890480361102,53.16098110842644,0,2026-10-08 00:33:57
2026-10-07 15:33:00,CNC-03,H,26.050583344515758,40.00723586165685,1652.0342838111872,41.42903984205161,42.2384823652739,22.790034792071673,12.793038427047026,54.28998109847657,0,2026-10-08 00:33:57
2026-10-07 05:42:00,CNC-01,L,295.6703738193051,310.45432967977075,2092.46235264502,35.692940963206475,170.27655702683631,3.182436545135686,14.083781037663638,59.82301460428087,0,2026-10-08 00:33:57
2026-10-07 04:14:00,CNC-02,M,297.0580889559844,310.30549087623973,2404.130897490263,25.38848662524223,79.16759426765013,29.732735585205738,,53.50483087617864,0,2026-10-08 00:33:57
2026-10-07 15:26:00,CNC-02,M,298.0065218415631,313.54331002650986,1644.1007721936546,49.15796782324916,139.1796048353853,2.5267500029727623,15.1521770996343,56.21754670779266,0,2026-10-08 00:33:57
2026-10-07 05:54:00,CNC-03,H,296.2544300848823,310.6603042717095,2035.6923135727916,34.01891466906947,144.4453743398051,2.775060580971122,13.118467674010045,60.131335022096515,0,2026-10-08 00:33:57
2026-10-07 17:37:00,CNC-03,H,299.54799525280646,314.6655515446853,1900.3821588218143,40.62298490713057,219.00883376341412,3.2503651196102603,14.469702798571307,53.567889289699586,0,2026-10-08 00:33:57
2026-10-07 00:59:00,CNC-01,L,298.50014046171935,309.8785795138046,2617.9389307940087,14.077660716689294,44.51171543651626,3.198413311769351,6.8308559280164305,52.788995851778175,0,2026-10-08 00:33:57
2026-10-07 03:24:22,CNC-02,M,297.3337333928761,310.5638759291926,2502.372177530619,23.406678031543287,20.79775884531102,3.0730191311084947,10.994308489569061,53.364070466467716,0,2026-10-08 00:33:57
2026-10-07 10:40:00,CNC-03,H,296.49721046827517,310.6301655818612,1435.9026830834493,49.98329736973658,50.02791499535839,2.0545040889291544,13.297652323723607,53.8171342802054,0,2026-10-08 00:33:57
2026-10-07 17:44:00,CNC-02,M,298.98749372711995,314.00134620802885,2014.25708072812,38.12609929859603,110.09795586416844,28.02089743780488,14.242552816492504,55.02299777187289,0,2026-10-08 00:33:57
2026-10-07 22:26:00,CNC-03,H,304.869728356078,310.3968655927399,2754.1361064299167,12.947362276482918,66.82420851143429,3.2364309239143645,6.541091357578372,40.184097747585525,0,2026-10-08 00:33:57
2026-10-07 17:45:00,CNC-03,H,299.9339871847614,314.0502555951853,1961.8874254981754,32.8887294259457,229.7661733358012,3.3066513561262694,12.205595856815593,48.272291915276526,0,2026-10-08 00:33:57
2026-10-07 01:31:00,CNC-03,H,298.1607247291161,310.09663531312043,2525.7136327110525,16.907613090234218,65.97509320658091,3.1146362019020337,8.157635162301782,57.26213550075292,0,2026-10-08 00:33:57
2026-10-07 06:52:00,CNC-01,L,295.6227526489002,309.0442139176506,1728.4788209375795,35.97658004401855,41.256791337230844,2.3496476754018016,11.635823653653658,55.144404192475506,0,2026-10-08 00:33:57
2026-10-07 03:42:00,CNC-01,L,297.0690927409476,309.61970667645136,2599.3544665024065,20.171399733935814,20.963085863517403,,10.019660137575752,58.76386500701797,0,2026-10-08 00:33:57
2026-10-07 00:43:00,CNC-02,M,298.7789057676438,309.7015455827559,2702.1519271851907,11.16183454750308,57.44470652145567,3.2060028944748544,5.529330105190612,54.03783284618975,1,2026-10-08 00:33:57
2026-10-07 22:24:00,CNC-03,H,304.84320334412615,310.04567620154035,2750.8761408447126,12.277343828223653,64.66522975860323,3.3247906692078586,6.131044379977067,41.886752354850806,0,2026-10-08 00:33:57
2026-10-07 23:50:00,CNC-03,H,304.22750082057246,310.57293034662536,2747.130298314773,16.183613207353027,156.40975655849422,3.464181552040916,8.133551460968627,41.214343709252184,0,2026-10-08 00:33:57
2026-10-07 06:50:06,CNC-01,L,295.9910470748979,309.43618227265733,1886.6189291762946,33.03276220448739,39.853762317674764,2.453186118057357,11.808851324317562,53.39456312176562,0,2026-10-08 00:33:57
2026-10-07 02:43:00,CNC-03,H,297.3861680703087,310.6729750780108,2365.6084015979313,23.094297237857305,145.26434809665122,3.114898497771419,9.983292811608852,54.75601227170068,0,2026-10-08 00:33:57
2026-10-07 04:39:00,CNC-02,M,296.661321888056,311.2687575590434,2203.7023059855646,34.050988975303454,109.8154462015582,2.944978109914864,13.847091120737971,59.36975851339272,0,2026-10-08 00:33:57
2026-10-07 08:03:00,CNC-01,L,295.44430497434877,309.8682293719141,1570.3439227470265,46.39943010121479,142.46327337147633,2.5047042622021305,13.72609522480657,61.4464013347621,0,2026-10-08 00:33:57
2026-10-07 03:35:00,CNC-02,M,297.2553003344917,309.7882093690494,2418.4728097054767,22.91213467939372,32.52969418316133,2.980324382949949,10.088388252632043,57.45751760552225,0,2026-10-08 00:33:57
2026-10-07 17:51:00,CNC-01,L,299.03633053581416,313.3983518209985,2053.50181810992,34.6226261425549,139.94778624727718,2.7875313154111647,13.11741595496643,50.77775666955021,0,2026-10-08 00:33:57
2026-10-07 06:55:00,CNC-03,H,296.17666613032543,311.5908067730911,1813.2761435372204,44.031091425021685,227.19894322824035,3.1284519622056397,15.075374969961567,58.97600598773963,0,2026-10-08 00:33:57
2026-10-07 22:16:00,CNC-01,L,305.05845582010096,311.42291208294995,2585.645955766483,19.904436261826568,21.687325006510672,3.149364088309758,9.153179193313541,39.45814442927306,0,2026-10-08 00:33:57
2026-10-07 19:50:00,CNC-01,L,299.99431361932915,312.71829757011767,2410.329444345433,21.817865281543252,60.5249667621286,3.071726039545129,9.709292283500002,53.94698214833963,0,2026-10-08 00:33:57
2026-10-07 04:13:00,CNC-01,L,296.706334111716,310.01745155938846,2024.9121987024064,29.927922182712006,57.98636240382763,2.6906062917475184,11.392143277018373,55.86706980161348,0,2026-10-08 00:33:57
2026-10-07 11:30:00,CNC-03,H,296.9917344389988,311.5640515471139,1384.8239460228056,,129.28951134639087,2.1780851228822318,14.267399529278523,55.147760710916245,0,2026-10-08 00:33:57
2026-10-07 14:35:00,CNC-01,L,297.5239317735445,312.2559233462252,1484.9563975371927,52.63852157074827,74.72422273508172,2.282360293594331,14.422513985501594,54.609027854954874,0,2026-10-08 00:33:57
2026-10-07 07:27:00,CNC-02,M,296.0789242119408,310.9294547536391,1708.941327561782,45.640434501137065,111.91911976470244,2.53144546006137,14.459770933008281,58.64361963136498,0,2026-10-08 00:33:57
2026-10-07 16:31:00,CNC-03,H,26.259533111690928,41.34108515170743,1786.9965099443405,43.29624613383069,126.82761038556443,2.5064513001294246,14.657763359581516,56.448041549761676,0,2026-10-08 00:33:57
2026-10-07 11:16:00,CNC-02,M,296.39816070332495,311.80132808153263,1402.4497121631064,54.70535336769166,244.12545444744953,3.1738859556027466,14.412023373420052,57.26500602534715,1,2026-10-08 00:33:57
2026-10-07 05:17:00,CNC-03,H,296.27047413995587,309.68068710868283,2284.0548354839593,26.363550051704344,96.44268306302848,2.851945445157473,11.447518492701214,62.009473971115206,0,2026-10-08 00:33:57
2026-10-07 08:19:00,CNC-03,H,296.08726829643285,310.2697778139256,1654.559155575228,42.1300373352018,105.27527184956377,2.3602531088337826,13.03003045224247,60.18397185308534,0,2026-10-08 00:33:57
2026-10-07 22:31:00,CNC-03,H,304.4807998007818,310.39695106495793,2687.723141293002,16.516869113521608,72.28652975044636,3.1921868492911676,8.492250422380136,45.31614775413804,0,2026-10-08 00:33:57
2026-10-07 05:48:00,CNC-02,M,296.52496030224444,310.86833560705213,2121.8603607368227,31.488749726956453,197.8332200715171,3.292100560346078,12.780440787567395,53.36791298567972,0,2026-10-08 00:33:57
2026-10-07 17:29:00,CNC-01,L,299.2456546818539,313.9444844546767,1994.1906556954475,40.26398456145234,110.11438386525013,2.7084974970107214,14.87545100373088,51.40478271949318,0,2026-10-08 00:33:57
2026-10-07 16:53:00,CNC-01,L,298.9593491777468,312.9182535907071,1940.5376325662103,37.14973731446591,60.26807291000258,2.497839282748093,13.7643770942009,53.09646928438451,0,2026-10-08 00:33:57
2026-10-07 09:48:00,CNC-03,H,296.4447158350365,311.8271512349111,1632.4422717200684,46.45956038378818,240.45271034751786,,14.343061434403356,50.85978669183359,0,2026-10-08 00:33:57
2026-10-07 21:10:00,CNC-01,L,305.37161821063654,312.20926884746183,2487.6451829828593,20.879218937518097,153.63311560334463,3.329907874219913,9.958134633123448,41.5690484647984,0,2026-10-08 00:33:57
2026-10-07 02:30:00,CNC-01,L,297.6599698984128,311.1040238928756,2532.673386141896,23.224438279749645,143.48298954789053,33.61233410177519,11.088937770583325,59.442876176966564,0,2026-10-08 00:33:57
2026-10-07 07:35:00,CNC-02,M,295.6599716223889,310.34401671921086,1741.3354505013558,43.68059613878063,123.40630966833318,2.5043343997346974,14.169706321629935,59.0543898934559,0,2026-10-08 00:33:57
2026-10-07 09:36:00,CNC-02,M,296.0237322992806,310.9658723703449,1527.535536729138,49.88961409060644,86.91428031626387,2.2641949986115044,14.215772867329793,60.0818632668213,0,2026-10-08 00:33:57
2026-10-07 15:09:00,CNC-01,L,298.23302872462745,312.7837935778405,1649.7601732380417,44.695086472330544,126.68401624938033,2.5017903232970338,13.812137499141015,52.53570915009876,0,2026-10-08 00:33:57
2026-10-07 23:11:02,CNC-02,M,299.2435032136048,311.70281567964713,2671.473735998849,17.864204100341905,38.51313044555324,3.1901613506865276,8.96972305507409,53.26058553924454,0,2026-10-08 00:33:57
2026-10-07 21:52:00,CNC-01,L,305.2496005931971,312.40075274448685,2583.5068882188307,20.788344762037106,200.47460352800098,3.996285543136834,10.28177039214105,40.77307248994343,0,2026-10-08 00:33:57
2026-10-07 13:55:00,CNC-01,L,297.34023474878785,311.1475685980135,1419.8267250882066,50.585414161723044,12.575800566477275,2.0141776811091576,352.58298404590323,51.13272035109784,0,2026-10-08 00:33:57
2026-10-07 22:17:00,CNC-02,M,299.3018497314119,313.141699253696,2679.392140459612,21.27685916741365,219.58980056784546,4.076803207886452,10.818345336031875,49.61411046180581,0,2026-10-08 00:33:57
2026-10-07 08:25:00,CNC-02,M,296.15591059530664,311.23865681677046,1595.703679026366,47.64344665801817,196.57436596094638,2.9231550253800833,14.243114810824109,59.72431562503843,0,2026-10-08 00:33:57
2026-10-07 13:08:00,CNC-01,L,23.642471038392955,38.54446860388367,1466.26184815212,51.661925144664096,164.83798107286233,2.6149444995411923,14.213950452686252,56.2276312380842,0,2026-10-08 00:33:57
2026-10-07 08:16:00,CNC-03,H,296.04558900694605,310.01371872433776,1517.5701932392285,46.53542063554657,100.83426262107743,2.2498466053308874,13.241051880193167,62.616624324805514,0,2026-10-08 00:33:57
2026-10-07 18:44:00,CNC-01,L,299.8985131499363,314.0443026187147,2305.0653581737033,29.464531804901757,209.15204899583725,3.823881467728628,12.929616888602379,49.76997604490452,0,2026-10-08 00:33:57
2026-10-07 11:48:00,CNC-03,H,297.2456733868489,311.1747481528408,1333.1513329786096,48.67936289010365,157.9074481354239,2.2858231903616204,12.070611229833201,56.85435064862705,0,2026-10-08 00:33:57
2026-10-07 14:23:00,CNC-03,H,298.7433130070626,313.4917335891259,1603.6876598688623,46.012793805611274,153.3728780546275,2.4055368719110444,13.709922424101713,59.56653743851141,0,2026-10-08 00:33:57
2026-10-07 07:09:00,CNC-02,M,296.19854034574644,310.8804894121435,1991.624542001319,37.62117828850597,86.44765021240246,2.6288191032411303,14.14129639495464,58.7552605377453,0,2026-10-08 00:33:57
2026-10-07 19:53:00,CNC-03,H,300.1078110458219,314.5165238578211,2168.68793231013,31.90114387286995,145.6357416444343,2.883727181475179,12.99300324066171,50.87821717840239,0,2026-10-08 00:33:57
2026-10-07 09:22:00,CNC-02,M,295.8248624142042,309.55996995490653,,39.53882242075146,65.4810512423343,2.2677508945991676,12.106400552438108,55.29470240495386,0,2026-10-08 00:33:57
2026-10-07 18:51:00,CNC-01,L,299.852340901659,314.5794885224153,2276.824455428864,32.3867947466702,218.11662030757282,3.8261352236124413,13.853014133906965,48.67727899908605,0,2026-10-08 00:33:57
2026-10-07 07:15:00,CNC-03,H,296.04378658614337,309.7589201030208,1807.3922523558551,39.41227607128077,12.642906377762003,2.4005789117122176,13.29457616560463,60.21661767146842,0,2026-10-08 00:33:57
2026-10-07 10:40:00,CNC-01,L,295.92076987649506,310.190344773129,1295.197098308285,,146.35802275383284,2.2603303745028778,13.449999073139534,55.52300989520371,0,2026-10-08 00:33:57
2026-10-07 19:49:00,CNC-01,L,300.19365796396187,313.4986400049713,2343.437423024846,25.388503060116076,59.3078240633974,2.9623418665910384,11.205517509915301,47.08834569159948,0,2026-10-08 00:33:57
2026-10-07 11:43:00,CNC-02,M,296.53779884882397,310.68819286503555,1489.669041778316,47.70532354143528,38.13726952131904,2.1200256566884033,13.331021057090314,61.87389058842416,0,2026-10-08 00:33:57
2026-10-07 04:03:00,CNC-01,L,296.6797537554184,309.60766593079524,2250.3554847460096,24.719370735784086,45.95115689501832,2.840831118229738,10.348279778691237,57.10376574742812,0,2026-10-08 00:33:57
2026-10-07 20:53:00,CNC-03,H,299.84875233862874,313.02153899487087,2585.0569332412356,21.274879987619887,216.18690103752195,3.800197734579684,10.34159947227266,55.52058574288502,0,2026-10-08 00:33:57
2026-10-07 13:12:00,CNC-03,H,297.7219027018536,310.94704183740845,1298.822370379169,47.2885231200394,42.53645305799335,2.0252682447785837,11.466573355874473,58.15196717727008,0,2026-10-08 00:33:57
2026-10-07 05:16:00,CNC-02,M,302.13206051303337,310.8858817211431,2127.2603477444027,34.61139857909204,156.29648113478038,2.9283392342361365,13.770868345131028,45.710110275380295,0,2026-10-08 00:33:57
2026-10-07 04:56:57,CNC-02,M,302.12918385116814,310.42937697462696,2264.2202164772193,31.567350226667845,,2.9954241780011337,13.222291600061224,43.29867488899462,0,2026-10-08 00:33:57
2026-10-07 09:08:00,CNC-02,M,295.8779158082615,309.72447583234225,1443.9177999688773,46.007080113841816,44.07643338489038,2.0757029829954923,,63.38241593235715,0,2026-10-08 00:33:57
2026-10-07 05:27:00,CNC-02,M,302.1496518471622,310.21233668699114,2071.737714005437,32.32174594273561,170.53974283312328,3.086599492627802,12.467725213744764,49.9968579844376,0,2026-10-08 00:33:57
2026-10-07 14:13:00,CNC-03,H,298.18397791807456,312.6486263134198,1555.6836654311148,48.238581022002194,137.93878912778996,2.433003967851,13.914047833674125,59.42805924210288,0,2026-10-08 00:33:57
2026-10-07 10:47:00,CNC-01,L,295.88923063712105,310.4608131717874,1403.838431670331,50.63488731193236,157.38535846694805,2.3663154077486004,13.226313358118224,59.62288222444706,0,2026-10-08 00:33:57
2026-10-07 01:33:00,CNC-03,H,298.4461796608605,310.6554237974522,2592.624326356447,16.213594587441822,68.24079987904501,3.149528358914263,7.828071415329729,51.314635392546414,0,2026-10-08 00:33:57
2026-10-07 16:55:00,CNC-02,M,298.5857218721891,312.5682840414978,1892.8436475201513,35.99415058100552,42.6590734329807,2.4678173683736846,12.936008150775379,51.23668722934285,0,2026-10-08 00:33:57
2026-10-07 14:23:00,CNC-01,L,297.570771578124,311.9436749321313,1583.2497961601082,46.52186851792294,56.12208411362284,2.314152001134693,13.745755483336762,51.64618534069837,0,2026-10-08 00:33:57
2026-10-07 06:46:00,CNC-01,L,295.97086677355725,309.6155234168567,1911.675665313831,34.765396072469485,32.952007271302094,2.5481441175336097,12.578069832040109,58.11854713561457,0,2026-10-08 00:33:57
2026-10-07 01:51:00,CNC-03,H,298.27886112485794,310.55065922502376,2704.8349719018415,16.729374137683248,87.81696232865292,3.2498974662885893,8.597087887026808,53.61922203123703,0,2026-10-08 00:33:57
2026-10-07 21:21:00,CNC-03,H,299.2604364096386,312.39671427802165,2620.1417665735526,18.03904098730253,247.84925983782492,4.143242497663918,8.705434582569916,49.5837450606409,0,2026-10-08 00:33:57
2026-10-07 02:22:00,CNC-01,L,297.7092210104106,310.86181569511297,2572.6519342998495,21.09846909480142,134.5859019101648,3.404127825620393,10.092165609956389,59.35596050208713,0,2026-10-08 00:33:57
2026-10-07 01:01:00,CNC-01,L,298.53397363533117,310.470975392556,2559.7658468372174,18.710226261664022,46.677704673238125,3.099196088071445,8.875143558371265,58.430311358761045,0,2026-10-08 00:33:57
2026-10-07 10:21:00,CNC-01,L,295.66720146773116,309.9860544142424,1472.0513040817657,45.52764170217615,116.56510973572816,2.2949988087308344,12.356341659268034,58.624125852309994,0,2026-10-08 00:33:57
2026-10-07 16:22:00,CNC-03,H,26.24180103821658,40.9535812074252,1700.6262323042904,44.509125518692734,113.8978731578564,2.5018688514437755,14.182531906600953,51.94123850926509,0,2026-10-08 00:33:57
2026-10-07 13:52:00,CNC-03,H,298.10769716882675,312.30012425707025,1520.788126715743,46.97809135923888,105.24443471031884,2.1414468437084158,13.580826208362886,55.97358579500899,0,2026-10-08 00:33:57
2026-10-07 20:28:00,CNC-02,M,299.25105715156053,312.9913304462422,2397.145970152899,25.137677241939336,97.1983131096776,3.0653004420881595,11.313133661007507,49.767230867289435,0,2026-10-08 00:33:57
2026-10-07 11:15:00,CNC-02,M,296.3471520805295,311.37434380955045,1341.2524516773735,55.00704123175997,242.53543635145311,3.2397710660260772,13.727830824665235,55.74417747561045,1,2026-10-08 00:33:57
2026-10-07 23:50:00,CNC-01,L,298.7089113742297,311.7223416933401,2491.1114536262353,21.32843445834247,122.85717397005479,3.1768079301770276,9.87017354050426,58.3795194693693,0,2026-10-08 00:33:57
2026-10-07 05:37:00,CNC-01,L,295.8882711852093,309.8639482406371,2197.2677519520466,29.518368599391508,163.72347112608773,3.1626296458520566,12.580598004289474,57.57171927549319,0,2026-10-08 00:33:57
2026-10-07 14:32:00,CNC-02,M,297.81630883947196,311.78541067295805,1484.507963539209,45.65050610971395,57.213393461744026,2.1487593694516693,12.903013207411895,57.091989534306904,0,2026-10-08 00:33:57
2026-10-07 03:06:00,CNC-01,L,297.3191281610962,310.127670819744,2636.4920647438894,17.73040817916746,183.9443723691526,3.852294451499107,8.409247205420527,54.62522632292263,0,2026-10-08 00:33:57
2026-10-07 02:35:00,CNC-02,M,297.96068462994907,312.0115564469774,2490.7041511662273,25.86332225630796,179.44084467863962,3.491332234293928,11.878592136659769,54.65843060133804,0,2026-10-08 00:33:57
2026-10-07 15:29:00,CNC-02,M,25.256668880868858,40.25596678101857,1562.7354222907118,48.24159703134081,143.69104063316985,2.431597155990553,14.205753629263949,50.40896246051712,0,2026-10-08 00:33:57
2026-10-07 23:13:00,CNC-03,H,304.8895780581266,311.4996348578388,2742.335423510448,17.764681201291424,117.30308393930686,3.3206399419424613,9.023420175656003,44.03358516707118,0,2026-10-08 00:33:57
2026-10-07 06:07:00,CNC-02,M,296.5787630990939,310.3214502058935,2114.237741030979,34.01436363622694,1.3124259813481616,2.653123813425162,13.291374920363399,55.12952820607518,0,2026-10-08 00:33:57
2026-10-07 19:12:00,CNC-01,L,299.6522663377039,312.63090667419374,2285.1439387631845,26.263983803837313,13.821382067101418,2.8542682491859503,11.092944878934496,52.60637178648149,0,2026-10-08 00:33:57
2026-10-07 17:00:00,CNC-01,L,299.0910052553391,313.2997800269774,1911.367053948409,36.44135865566515,70.11274672650681,2.526541293158572,13.016914953370188,52.208849299735576,0,2026-10-08 00:33:57
2026-10-07 01:05:00,CNC-01,L,298.34488153541196,310.8603487725066,2602.7367806464626,19.548449921197378,50.969792759646346,3.022738044988202,9.353578861284177,56.44354479156013,0,2026-10-08 00:33:57
2026-10-07 03:53:00,CNC-01,L,296.8092032923337,310.49908775834047,2247.0438228083744,29.213574160090612,33.932474800898184,2.7677183518150144,12.536821932893057,53.16473535173757,0,2026-10-08 00:33:57
2026-10-07 05:10:00,CNC-01,L,295.9766358050877,309.2716019897304,2354.0804068345224,25.603064670895414,128.65677350019837,3.1342126476376246,11.41608222380004,57.07089450295509,0,2026-10-08 00:33:57
2026-10-07 21:48:00,CNC-03,H,299.482291215656,311.87709503371946,2587.961174634419,19.88568074598262,25.30645593414084,3.1172330498977647,9.970556401226185,49.6176117823954,0,2026-10-08 00:33:57
2026-10-07 09:14:00,CNC-01,L,295.71602051108323,309.83428841464246,1689.417680034384,42.93295399754101,12.32255688292532,2.2998411993435433,13.61750005519841,60.240349075626035,0,2026-10-08 00:33:57
2026-10-07 22:38:00,CNC-03,H,304.3774255489531,310.5998323828257,2652.1648202067836,17.23251998067459,79.7811093105668,3.257563638814963,8.406544084034131,44.49611099659014,0,2026-10-08 00:33:57
2026-10-07 09:16:00,CNC-03,H,296.51189060381756,311.3286408958979,1532.7810829059417,48.92089531172538,191.2577036950135,2.7014456958348845,13.772307863570497,53.9880608154404,0,2026-10-08 00:33:57
2026-10-07 05:45:00,CNC-03,H,296.0819066279432,310.6197371985131,1992.0359563977022,37.49036070248968,132.71117408823503,2.746973980763051,14.189283153194793,63.44874885981904,0,2026-10-08 00:33:57
2026-10-07 23:51:37,CNC-03,H,304.2075587080941,311.28906868630077,2689.21809140777,19.566964693887503,158.5221603512587,3.548281630043634,9.94162449290175,40.94458786187695,0,2026-10-08 00:33:57
2026-10-07 20:32:00,CNC-03,H,299.7670752231393,313.72477015648667,2549.0223427424585,24.048115310244278,191.72150457283902,3.5153043658032344,11.397362998500862,52.59880223505296,0,2026-10-08 00:33:57
2026-10-07 08:58:00,CNC-01,L,295.2569127432826,310.20065304346167,1588.405627018167,47.17116628343702,224.7957027947817,3.3171273520822684,13.940385626782549,64.46223182644012,0,2026-10-08 00:33:57
2026-10-07 08:30:00,CNC-03,H,296.2896759930252,310.6478432407689,1606.00978172759,43.40683295351564,121.64009738309436,2.3737840780060044,12.981067354586926,60.21099331442442,0,2026-10-08 00:33:57
2026-10-07 00:42:00,CNC-02,M,298.6738468027253,311.16138775122494,2697.469542384842,18.60080625677887,56.396560003995724,3.2180686084131773,9.4350158491543,56.59399949780005,0,2026-10-08 00:33:57
2026-10-07 05:02:00,CNC-01,L,296.23108180599513,309.99448235494265,2383.821964383237,26.274738036063788,118.57424730534132,3.2186844430371835,11.60706534113886,60.990238276750716,0,2026-10-08 00:33:57
2026-10-07 18:16:00,CNC-02,M,298.94185420906314,313.4029030713504,2283.463135531956,29.847547810044976,152.77255561075012,3.2022991831918755,12.745822907796727,53.029809508708716,0,2026-10-08 00:33:57
2026-10-07 07:28:00,CNC-02,M,295.99173120421915,310.42054645451515,1762.352041598627,40.5889390215074,113.36454648653473,2.5558868867183815,13.394274536518415,62.56542664874392,0,2026-10-08 00:33:57
2026-10-07 08:13:00,CNC-01,L,295.5819436839833,309.9765947506341,1585.0863297234903,43.995445133161525,157.33905737387565,25.698401472702194,13.269191641728451,62.361592830052444,0,2026-10-08 00:33:57
2026-10-07 09:50:00,CNC-02,M,295.9292422675382,310.6390894092294,1551.1404849725293,46.72343744978265,108.6891359090785,,13.436776760085575,64.1180365415496,0,2026-10-08 00:33:57
2026-10-07 05:19:00,CNC-01,L,295.6058913738398,309.97184158716595,2244.3704014846667,30.0696163372094,140.29146282980275,3.1007086745160306,12.78708149874004,61.71608600390028,0,2026-10-08 00:33:57
2026-10-07 08:45:00,CNC-01,L,295.38888642344557,310.14245390092987,1600.0346334582714,46.462748300927544,205.15534115692063,29.852712362711515,13.78044971123041,62.81358811098562,0,2026-10-08 00:33:57
2026-10-07 07:39:00,CNC-03,H,295.9575984000282,310.0378867694447,1727.4006827155747,41.43089192633365,46.750812838221165,2.3230460189909587,13.493274827436588,61.91437652769906,0,2026-10-08 00:33:57
2026-10-07 09:28:00,CNC-02,M,295.74531849710866,310.31474400374185,1565.9021144957308,47.76970796716696,74.74018487798457,2.346313283522808,13.96481743678784,56.838666686663636,0,2026-10-08 00:33:57
2026-10-07 06:40:00,CNC-03,H,296.29111735390376,311.5543290887556,1969.9599528499446,40.3370093760426,206.30911680514214,3.1539269079152286,14.847815106019254,59.54518589126792,0,2026-10-08 00:33:57
2026-10-07 08:27:00,CNC-01,L,295.5441418576215,310.9125467047714,1591.8469711585794,51.230365353719684,178.15528638414764,2.821806980916239,15.067480256176824,65.64667272768537,0,2026-10-08 00:33:57
2026-10-07 01:27:00,CNC-01,L,298.1396116585166,310.35571139337594,2671.4303974801737,17.252203582084334,74.62550744960974,30.646186401139783,8.28359499874174,56.071288632421854,0,2026-10-08 00:33:57
2026-10-07 18:39:00,CNC-01,L,299.70030140884495,314.46893044948024,2266.7670816621694,31.902079371844984,202.80804731900344,3.599816227294193,13.492063686353186,51.2292324100397,0,2026-10-08 00:33:57
2026-10-07 17:47:00,CNC-03,H,299.8532531853952,314.9759494151732,1949.4154215447193,37.75995333518184,232.4754499323437,3.3501862993386706,13.847260810372637,52.45546201053367,0,2026-10-08 00:33:57
2026-10-07 23:14:00,CNC-02,M,299.12774981416425,310.57178740329095,2793.3854984703335,12.118028814210248,42.7657949369572,3.38647409603393,6.289351770840793,56.04045214237074,0,2026-10-08 00:33:57
2026-10-07 21:38:00,CNC-03,H,299.3954352200604,310.90320300397326,2651.75863075806,15.100508334838024,14.301478563647757,3.225334718027264,7.166148212344446,53.70265158823891,0,2026-10-08 00:33:57
2026-10-07 14:40:00,CNC-02,M,297.7725810890821,312.3496005094522,1518.7983756759727,49.46102506877196,69.56704052620488,2.13866567155119,14.085110947296778,56.52711202954614,0,2026-10-08 00:33:57
2026-10-07 11:22:00,CNC-03,H,296.6540290585485,310.55058237505256,1317.8255875865443,51.39408009598666,116.58604153170086,2.127304242930659,12.529060515690883,57.27872024299725,0,2026-10-08 00:33:57
2026-10-07 17:41:00,CNC-03,H,299.60053049430246,314.6781904041459,1985.0038919249541,37.489018997833256,224.369459369608,3.3249966585250577,14.167131767748245,53.52358336680581,0,2026-10-08 00:33:57
2026-10-07 04:30:00,CNC-03,H,296.72970042103935,309.3742562173685,2259.9971440019763,23.746463292130564,37.431769159389646,2.837368163193548,10.05720444525221,55.87250383260574,0,2026-10-08 00:33:57
2026-10-07 15:07:00,CNC-02,M,298.2299282321165,312.3995731189979,1477.4063022833175,45.79159549644689,110.63124415964366,2.2633219261042763,12.897733399108269,51.28917212941581,0,2026-10-08 00:33:57
2026-10-07 11:19:00,CNC-03,H,296.8246441901649,310.68328869913347,1343.477948252897,49.04655190294075,111.80838238838497,2.0500049119807158,12.455861508733747,53.865876395355336,0,2026-10-08 00:33:57
2026-10-07 11:12:00,CNC-03,H,296.70798979428173,310.60438411012393,1347.6316505811953,52.08166007330121,100.75999831995497,2.0873378373432185,13.061357343493292,57.028702706676775,0,2026-10-08 00:33:57
2026-10-07 00:53:00,CNC-02,M,298.61871356237623,311.1293933899038,2668.7184356052726,17.582599376074302,1418.0996917146206,3.265261144383268,8.706879765275968,52.74609094152518,0,2026-10-08 00:33:57
2026-10-07 01:02:59,CNC-03,H,298.39311478085125,309.76165990950835,2713.734804001215,13.660531428284123,34.36051414230698,3.214276317406606,6.810815068140598,50.1862821911661,0,2026-10-08 00:33:57
2026-10-07 08:10:00,CNC-03,H,296.1065799253505,310.16460629761946,1679.9117193348607,,91.8866027830541,2.2949511562195903,12.60208406147595,60.9826041096408,0,2026-10-08 00:33:57
2026-10-07 10:18:00,CNC-01,L,295.749053850636,309.70582966483346,1428.0018240712286,47.538573045387764,111.86660618768573,21.42190756835668,12.50920473865364,59.67058318281007,0,2026-10-08 00:33:57
2026-10-07 18:44:27,CNC-02,M,298.7810791183107,313.85196910025644,2033.313309296172,36.320011724590096,190.24837302180262,3.189595281226243,13.876335045173144,56.54096455182405,0,2026-10-08 00:33:57
2026-10-07 17:54:00,CNC-01,L,298.9360732229474,312.76862570977437,2046.2982104047924,31.21279586073462,144.01129947024543,2.9036123426170164,11.950308775758808,58.53035557105158,0,2026-10-08 00:33:57
2026-10-07 09:46:00,CNC-02,M,296.0327990219614,310.14720740688904,1448.3997896757935,47.71641449651933,102.38878457160396,2.226352940975284,13.002991733147304,58.205044513548316,0,2026-10-08 00:33:57
2026-10-07 04:44:00,CNC-02,M,296.883831559222,310.29727802821174,2311.1815572098067,24.9744879008677,116.01600755399994,2.939675389601091,10.929264203633226,59.199713523863636,0,2026-10-08 00:33:57
2026-10-08 00:23:00,CNC-03,H,298.48827044024335,310.55294918682915,2778.2770218769433,13.415768595123152,191.41711909593965,3.69080399130902,6.911261038246087,57.40007036199473,0,2026-10-08 00:33:57
2026-10-07 03:12:00,CNC-03,H,297.37547507371687,310.31703531982873,2472.155346397113,20.2669722753155,177.99305097882623,3.3502366446590193,9.416793908908055,55.121092751180605,0,2026-10-08 00:33:57
2026-10-07 14:47:00,CNC-01,L,297.47764197655385,312.1722625351579,1534.7156197888833,50.3600824306207,93.21539873180662,2.3342017826307173,14.189650831322767,57.552905563930985,0,2026-10-08 00:33:57
2026-10-07 02:22:00,CNC-03,H,297.7581008537869,311.2262363598217,2548.2862334459655,24.066114761483828,121.9657963786247,3.2151973738696684,11.606262536857985,57.794429042132876,0,2026-10-08 00:33:57
2026-10-07 03:36:00,CNC-02,M,297.21575273074365,309.4386503927406,2339.228182889215,20.233600004508396,33.74272560002923,2.9903811815505272,8.900933450846098,56.35149604274544,0,2026-10-08 00:33:57
2026-10-07 21:32:00,CNC-01,L,305.03680619324285,312.23856449111065,2666.230845533214,19.55043080529761,178.2703720834229,3.6934680988362993,9.675610326531046,40.83206740460901,0,2026-10-08 00:33:57
2026-10-07 12:33:00,CNC-03,H,24.311244466675248,38.80434299771906,1321.0426500264387,51.97893528947372,229.23496063359215,2.7206720213998707,12.88598112285913,59.76944751080758,0,2026-10-08 00:33:57
2026-10-07 12:32:00,CNC-01,L,23.397901688048364,37.784693048755116,1356.6659582284713,53.03374658233763,107.86278409296413,2.122797399825238,13.352574811662599,56.88722869024758,0,2026-10-08 00:33:57
2026-10-07 03:14:00,CNC-01,L,297.3814147967696,311.2509369109557,2426.5016271668346,26.51337124346523,193.06633064965763,3.6443762826671797,12.054517022035926,56.53672173375015,0,2026-10-08 00:33:57
2026-10-07 16:33:00,CNC-03,H,26.33368995624079,40.809218402706335,1760.7551448211932,41.06700222166824,129.62408058307904,2.5190808739457657,13.675822609776,54.10685318526531,0,2026-10-08 00:33:57
2026-10-07 03:04:00,CNC-03,H,297.48154678807447,310.46528266843376,2612.460844283868,19.26415958930757,168.9242311094228,3.4388248176583125,9.341884106934446,49.562358955620354,0,2026-10-08 00:33:57
2026-10-07 01:54:00,CNC-03,H,298.1138955565149,310.7665388529299,2616.4045088280172,18.743253308824276,91.088555391796,3.3343861463029776,9.37409325462561,50.946681660602884,0,2026-10-08 00:33:57
2026-10-07 05:36:00,CNC-02,M,301.86525433010576,310.2455091691098,2103.2040305618725,,182.18319430560666,3.1801762936621034,12.858981769443337,53.68388163117928,0,2026-10-08 00:33:57
2026-10-07 00:46:00,CNC-01,L,298.4769799392901,310.6732477455439,2610.4897202131383,18.26862809000243,30.534982788943644,30.18308356185186,8.791519968735594,54.049745429922915,0,2026-10-08 00:33:57
2026-10-07 21:23:00,CNC-01,L,305.1050843308218,312.3148537767841,2706.0441003263713,18.647658721044362,168.16026923880986,3.594321294769885,9.741857113140398,43.3960719736623,0,2026-10-08 00:33:57
2026-10-07 02:52:00,CNC-03,H,297.3763198346216,311.2190880490517,2495.653238072254,24.789556143041914,155.32717460970346,3.198830034010044,11.609330168998254,57.67796046281631,0,2026-10-08 00:33:57
2026-10-07 14:30:00,CNC-01,L,297.3632769231186,311.49170520996057,1477.9553312234762,47.96456275094923,66.88616093110174,2.2512618120698136,13.111828730853127,55.54094620750238,0,2026-10-08 00:33:57
2026-10-07 17:24:00,CNC-02,M,298.7339073889151,313.63406031729966,1899.2759664405844,41.23628678324059,82.81137050460826,2.619691127805684,14.767911705459214,59.33757333412027,0,2026-10-08 00:33:57
2026-10-07 02:05:00,CNC-03,H,297.80773320130515,310.6011798524204,2667.683099126915,19.298737218347245,103.14993630996473,3.328244172641041,9.793210092793029,53.46039861352383,0,2026-10-08 00:33:57
2026-10-07 07:02:00,CNC-01,L,296.0858843170625,310.13868324892957,1855.623294883556,36.903793148700466,55.209251433969875,2.4820300154158246,12.759374544376612,59.914811749651285,0,2026-10-08 00:33:57
2026-10-07 19:53:00,CNC-01,L,300.0157213008288,312.77994358874935,2249.280568753752,23.304760802769046,64.21100747838365,2.818115206791213,9.85289338217986,57.69687789806123,0,2026-10-08 00:33:57
2026-10-07 19:59:00,CNC-02,M,299.0890364845843,312.71664626954095,2189.297926527352,26.97281402873316,62.618083566533144,2.7298017505367036,10.993647712932924,51.661610973946345,0,2026-10-08 00:33:57
2026-10-07 09:00:00,CNC-02,M,295.6197739386447,309.9454844361087,1601.8153033571948,43.57902392410563,31.83360679079475,2.160037228714222,13.06660393666329,58.37282287301722,0,2026-10-08 00:33:57
2026-10-07 10:02:00,CNC-02,M,296.17892141702833,310.50498654955135,1491.6724044081814,47.490399235332035,127.22956855262701,2.216369358834686,13.35470156933372,58.3389126097901,0,2026-10-08 00:33:57
2026-10-07 09:08:00,CNC-01,L,295.5047752551157,309.39103818337776,1403.516437016089,51.90697424127996,3.1457256114702057,2.104222274237814,13.47941307241534,61.74023861372969,0,2026-10-08 00:33:57
2026-10-07 19:32:00,CNC-01,L,299.96799960075197,313.06585162674264,2429.5909872653338,23.95198746467297,38.45794633549015,2.9885569996242993,10.849190436482905,52.46361904041254,0,2026-10-08 00:33:57
2026-10-07 05:39:00,CNC-03,H,296.3928658576028,310.0262264966584,2088.127926812916,29.156893505076606,124.858889825395,2.8817708310638372,11.253500611334067,56.676527334103234,0,2026-10-08 00:33:57
2026-10-07 13:23:00,CNC-01,L,296.9531127401815,311.9928238613985,1425.9582580725485,55.3228438786135,188.4012574177492,2.7639980610150974,14.757488106460139,52.85897310837886,0,2026-10-08 00:33:57
2026-10-07 19:09:00,CNC-01,L,299.63478950945927,313.06253458365234,2184.951510288447,30.20920077584883,10.062106361793983,2.791225872571196,12.514656310079001,49.455878403464396,0,2026-10-08 00:33:57
2026-10-07 14:41:00,CNC-02,M,297.99333434640675,312.30219867468367,1686.4967581021508,43.01733914626583,71.03834487500586,2.3427594830117906,13.68947842434283,54.31611747092485,0,2026-10-08 00:33:57
2026-10-07 16:29:00,CNC-03,H,26.22693992562887,40.58295703338115,1969.273391809451,36.68790210236731,123.93532484305778,2.7527131379473286,13.446330983214425,53.40006243153718,0,2026-10-08 00:33:57
2026-10-07 12:00:00,CNC-02,M,296.58719050944643,310.6198485784639,1366.2551973373977,49.34702555271504,65.1788145467816,2.1217664521934236,12.771688110625428,56.195348569014506,0,2026-10-08 00:33:57
2026-10-07 20:11:00,CNC-02,M,299.1640535516886,312.289010695553,2183.8081433035936,25.255476286615515,77.0332592065875,2.7492884089342233,10.40835343817483,52.65050240237009,0,2026-10-08 00:33:57
2026-10-07 02:01:00,CNC-01,L,297.9196002610551,310.52853239790693,2729.0814597374374,17.6930231530047,111.58584161801278,3.4003336349819584,8.828124952066714,54.39051166235205,0,2026-10-08 00:33:57
2026-10-07 02:18:00,CNC-01,L,297.49279428121156,310.4230759484313,2651.9503737794175,20.706147080057363,130.11131519510613,3.4297188447126317,10.488225422032963,57.46462545711882,0,2026-10-08 00:33:57
2026-10-07 03:13:00,CNC-02,M,297.7276950674191,310.4117086906973,2421.338239185518,23.93943116199148,7.035180183830483,2.886384429524455,10.694216543792509,55.70515196552672,0,2026-10-08 00:33:57
2026-10-07 07:44:00,CNC-03,H,,310.1115038253584,1724.194914258453,42.78120629046191,53.92968134699204,2.389730805389199,13.923565922461192,57.71918543443842,0,2026-10-08 00:33:57
2026-10-07 15:38:42,CNC-03,H,26.13345682764509,40.3437427859468,1796.1107382488333,40.782984625803515,52.642531083947986,2.417943559964935,13.854429888557004,54.69368857164177,0,2026-10-08 00:33:57
2026-10-07 20:15:00,CNC-03,H,299.9147816166639,314.46735271016763,2301.2587616531223,31.121785660623228,171.89750383032313,3.203066105246302,13.326324301935863,52.463097405658594,0,2026-10-08 00:33:57
2026-10-07 05:09:00,CNC-02,M,301.9684167771797,310.220179697493,2201.3601303740597,30.86915227445835,147.43863238327154,2.956675611062819,12.565665253236737,50.8278687966332,0,2026-10-08 00:33:57
2026-10-07 02:29:00,CNC-02,M,297.65873050647303,310.5151827922994,2668.1064601976345,18.556730917107338,172.68961120577748,3.554569880344448,9.192376850057556,55.294118950044364,0,2026-10-08 00:33:57
2026-10-07 02:47:00,CNC-02,M,297.85278314647593,310.50026091636977,2592.2665420572375,16.544264692691716,192.85524967156397,3.6563282337738214,7.819694651034619,53.90251247878825,0,2026-10-08 00:33:57
2026-10-07 22:18:00,CNC-03,H,304.76856582905435,311.00709980621497,2706.0448753896358,16.9259312537422,58.19958561170201,3.2668447298467473,8.700912065204461,43.86370939190698,0,2026-10-08 00:33:57
2026-10-07 11:37:00,CNC-03,H,297.2365653835128,311.4541660660169,1352.2670510114804,51.175524216869285,140.4010270434926,2.213311603660979,12.840013625737338,56.89005455647932,0,2026-10-08 00:33:57
2026-10-07 05:15:00,CNC-02,M,302.33828854235986,310.1541610212023,2209.3735032404097,27.24275014648761,155.01000355872443,3.116664185655324,11.185756483120612,50.56778629130236,0,2026-10-08 00:33:57
2026-10-07 09:51:00,CNC-03,H,296.18079924538534,312.0100663605477,1546.81104752126,54.31971462709368,245.10862678150414,3.1053749988675508,15.713956492986622,54.46770946059659,1,2026-10-08 00:33:57
2026-10-07 10:02:00,CNC-03,H,296.3368665660008,311.9410715276173,1538.9411258933833,53.28368998204556,262.395241518627,3.2958326897973733,15.118113217301763,57.55553706077399,1,2026-10-08 00:33:57
2026-10-07 22:04:00,CNC-02,M,299.0554555599781,312.02748422879614,2625.3374036204245,17.305837890835967,205.23233344879267,3.9069089456161876,8.581869368760932,54.40594680272813,0,2026-10-08 00:33:57
2026-10-07 09:41:00,CNC-03,H,296.0966332313079,311.59501356046576,1467.4250013182427,55.341130810752844,229.63240898951577,3.03882762193642,15.019599213228355,55.69641242131758,0,2026-10-08 00:33:57
2026-10-07 17:04:00,CNC-03,H,299.7222180388466,314.33024105486083,1805.989405265359,40.163444136123914,173.47851544016734,2.7788822422471613,13.839822154666145,50.79298258176291,0,2026-10-08 00:33:57
2026-10-07 06:44:00,CNC-02,M,296.3944320328434,309.4818924231927,2127.9725696400546,26.953236756567804,51.46880044218508,2.8265449019701467,10.610393646322857,62.33229439395983,0,2026-10-08 00:33:57
2026-10-07 09:02:00,CNC-02,M,295.87681842706104,309.5019998247943,1402.0860198877347,46.486196568894734,34.88425922342223,2.048911808362343,12.262675564861008,58.60686913604901,0,2026-10-08 00:33:57
2026-10-07 18:07:00,CNC-03,H,299.95201263109726,313.38004524309264,2167.9476400943145,30.245362818242853,11.953493347441084,2.679664830528945,12.224664278063411,50.70676622149385,0,2026-10-08 00:33:57
2026-10-07 13:04:00,CNC-02,M,,39.29973392066853,1479.171077614406,54.99389930994421,166.816117356294,2.5726863814485417,15.158689480352345,58.309697651998306,0,2026-10-08 00:33:57
2026-10-07 17:46:00,CNC-01,L,298.7831503121131,312.77064596537156,1963.4875960727395,34.684204161523716,133.33128569131907,2.7755558028207115,12.995924409778151,55.762517658420855,0,2026-10-08 00:33:57
2026-10-07 23:13:00,CNC-02,M,299.09606333103676,311.6104421910793,2563.616167948952,18.373518386103655,41.727660456228534,3.144846558818128,8.848503175935189,55.067676950214306,0,2026-10-08 00:33:57
2026-10-07 05:23:00,CNC-02,M,302.0452737033847,310.2296117221462,2172.280052034893,29.91388882876837,165.3535523297198,3.1431912950523557,12.007456833002761,47.933151860989035,0,2026-10-08 00:33:57
2026-10-07 14:21:00,CNC-01,L,297.45760251281087,311.71226266412634,1585.704963922842,46.45342805086625,53.06462373514704,2.258220391918982,13.868017557977593,56.827465080478525,0,2026-10-08 00:33:57
2026-10-07 23:52:00,CNC-01,L,298.608565763562,310.6356495892439,73347.25109790768,13.79660166403827,124.94398587606574,3.523153543577985,7.128609782859301,54.47846547332366,0,2026-10-08 00:33:57
2026-10-07 17:18:00,CNC-02,M,298.94831049263405,313.1517311495036,1884.989906813005,36.07053388487748,74.68703395162636,2.565458442717143,12.737481631898344,54.63753230798587,0,2026-10-08 00:33:57
2026-10-07 02:13:00,CNC-03,H,297.6535045453718,311.0325627652655,2577.804328793782,22.383158770222078,111.9994354050622,3.2398757886919265,10.682903333476991,52.34448798194023,0,2026-10-08 00:33:57
2026-10-07 09:55:00,CNC-01,L,0.0,309.77885408207305,1370.275579292675,49.97941857895052,75.90478367111645,2.146124322641009,12.576963790388852,57.04421334965251,0,2026-10-08 00:33:57
2026-10-07 10:45:00,CNC-02,M,296.25119918796935,311.3564630663307,1602.2545826043752,47.53469551920967,,2.821119328989883,14.279650226769931,57.14340804652474,0,2026-10-08 00:33:57
2026-10-07 01:00:00,CNC-02,M,298.8218756555148,311.75399889671985,2797.260037730745,19.6982915767876,,3.276774130032132,10.219324694318683,49.54465696225175,0,2026-10-08 00:33:57
2026-10-07 09:53:00,CNC-03,H,296.37853210032324,311.4564754601952,1485.702704432559,50.069742234453855,248.26485579481067,3.1438048332927395,13.922776906627806,59.33156785603049,0,2026-10-08 00:33:57
2026-10-07 08:41:00,CNC-03,H,296.28134842196886,311.12738037028623,1727.9715220489536,44.45120361935995,138.01979455496715,2.5101618740819647,14.506911690922205,62.47984124372445,0,2026-10-08 00:33:57
2026-10-07 03:12:00,CNC-01,L,297.09232274876354,311.25791373043523,2434.2997210046483,0.0,190.74629993521123,3.695411201580206,11.807800440633587,51.410705719770796,0,2026-10-08 00:33:57
2026-10-07 10:39:00,CNC-01,L,296.0925469140313,310.931966610099,1489.9899623923238,53.173299821611764,144.75802275383285,2.403108806395723,14.804672837777746,56.29290962226574,0,2026-10-08 00:33:57
2026-10-07 16:01:00,CNC-02,M,25.375054445224976,40.032293356850914,1551.5025675936354,46.01743816211859,190.8715303068449,2.7983399642668108,13.451038986385981,52.952430246824804,0,2026-10-08 00:33:57
2026-10-07 08:08:00,CNC-01,L,295.7743671591581,311.0791352952204,1637.743094338098,49.73427524670075,149.89308118133036,2.633426297337508,15.37348081291963,56.72595772385929,0,2026-10-08 00:33:57
2026-10-07 17:03:00,CNC-02,M,298.8811446034727,312.9933977275695,1868.5857838395095,37.90912366274703,53.95901693014155,2.4582540333496277,13.426019511420243,55.484668038015435,0,2026-10-08 00:33:57
2026-10-07 16:25:00,CNC-01,L,25.66439734878179,39.78578392899402,1822.1272038965951,40.49726950504135,20.277276088462894,2.4509774578071464,13.756280435679399,51.89070917284413,0,2026-10-08 00:33:57
2026-10-07 21:59:00,CNC-03,H,299.3618468236662,310.9392063431008,2586.295195100865,14.261683907497215,37.37560185057422,3.2546770382267676,6.956007742427451,51.94795021007251,0,2026-10-08 00:33:57
2026-10-07 02:35:00,CNC-01,L,297.9664743090854,311.3268350686652,2510.116031553438,22.34814189983676,149.17277776223494,3.4126188137260747,10.74422116473007,50.98291113897244,0,2026-10-08 00:33:57
2026-10-07 20:18:00,CNC-01,L,299.99007495833007,312.8841879566652,2454.8950141485566,21.55181335866692,93.82592810048546,3.128854670809326,9.61436303369768,53.42965962583855,0,2026-10-08 00:33:57
2026-10-07 21:15:44,CNC-02,M,299.84812049199485,312.7917011074723,2514.801365330195,18.924120951269522,152.03323547099143,3.346004776108216,8.936044567956273,53.77710783812443,0,2026-10-08 00:33:57
2026-10-07 10:17:00,CNC-03,H,296.6029904428693,309.9629643080437,1508.6468135168375,43.20112952186271,14.05879602028682,2.1428759705113154,12.054433589002091,55.55263211385661,0,2026-10-08 00:33:57
2026-10-07 22:15:00,CNC-01,L,305.0054553760864,310.9356126265506,2616.094281314773,16.75822382650698,20.57162300150425,0.0,7.9177684413224165,45.1280544389108,0,2026-10-08 00:33:57
2026-10-07 01:53:00,CNC-01,L,297.92316369166633,310.2765754468165,2712.017800435191,16.251593539689747,102.75842291869537,3.2776208266604834,8.303949579608295,54.186793077979566,0,2026-10-08 00:33:57
2026-10-07 13:17:00,CNC-03,H,297.79073660150317,312.0225971630143,1488.5973116805296,48.88410011698268,50.400214029859804,2.1756183623890175,13.681458848110996,58.21326767479215,0,2026-10-08 00:33:57
2026-10-07 17:13:00,CNC-03,H,299.51106229567773,314.5513863012009,1714.4853682938328,44.948427552895126,185.93025065364154,2.7827240129300708,14.470283653322342,,0,2026-10-08 00:33:57
2026-10-07 22:44:40,CNC-02,M,299.53167258362015,311.235195715377,2684.8697406791375,13.627142058411822,10.780785229521967,31.607595705611818,6.945378416091324,51.682707419593775,0,2026-10-08 00:33:57
2026-10-07 05:02:00,CNC-03,H,296.384333806308,309.07434807066744,2227.3770155566617,22.498573748936717,77.28814864334707,2.833285939719069,9.500628857842955,62.50708348817017,0,2026-10-08 00:33:57
2026-10-07 20:55:00,CNC-01,L,305.31698229859506,312.46749991315517,2551.656791034381,21.52626920172984,136.75724371193843,3.229643940509773,10.367967172210623,43.780137501491,0,2026-10-08 00:33:57
2026-10-07 17:21:00,CNC-02,M,299.2283341105349,313.5096605131855,1945.5020177266922,35.76467345244403,78.7866370388044,2.563937250175207,13.181421440911334,52.87503492202894,0,2026-10-08 00:33:57
2026-10-07 18:47:00,CNC-02,M,298.8535882349295,314.327027359804,2191.464356202582,35.20278734877785,192.7900326826857,3.444442173860761,14.49355936495236,54.83656851989514,0,2026-10-08 00:33:57
2026-10-07 05:00:00,CNC-03,H,296.4011225688457,310.12892109255984,2275.459121972043,28.683326723690147,74.75845913388416,2.8322002042672096,11.90039512244392,56.9866592441822,0,2026-10-08 00:33:57
2026-10-07 03:38:00,CNC-01,L,296.85088728378156,309.58007871521227,2494.369244226937,21.530199562676138,16.30052263794182,3.097981664560034,10.237584021465103,55.398527562463144,0,2026-10-08 00:33:57
2026-10-07 13:33:00,CNC-02,M,297.13828418062695,312.7643604052866,1502.3092053524322,52.536829189288596,212.67158002197857,29.568114168730638,15.005618745492745,59.31741940410235,0,2026-10-08 00:33:57
2026-10-07 08:08:00,CNC-03,H,296.0455745089211,310.5781854179277,1685.9913452726666,45.58757619577302,88.9594386376654,2.3600491714031127,14.459966800789788,61.93055567942075,0,2026-10-08 00:33:57
2026-10-07 16:14:00,CNC-01,L,0.0,39.122665762959116,2046.1934186445874,34.12045424520519,4.29260305967248,2.63084721017197,13.06989800647163,52.890936338537365,0,2026-10-08 00:33:57
2026-10-07 11:32:00,CNC-02,M,296.4923313900501,310.4671051133218,1344.9817881473307,50.89379046559024,20.59518859757288,2.121164601765454,12.662344491703724,59.89185655602864,0,2026-10-08 00:33:57
2026-10-07 04:18:00,CNC-01,L,296.4067811496952,309.4100005768107,2404.077496728464,23.542591609042173,64.13828633556388,2.9463910664694697,10.301725628686308,58.837235170256584,0,2026-10-08 00:33:57
2026-10-07 12:26:00,CNC-01,L,23.31983564078712,37.71096217212744,1435.5395136267086,51.165704177427976,98.42618858889516,2.2070808695977844,13.471053154680884,59.14020982311757,0,2026-10-08 00:33:57
2026-10-07 13:58:00,CNC-02,M,297.2027259406137,310.9568010811375,1535.2673404901352,43.76997674151518,4.594005893756105,2.263456751661979,12.463009419917277,56.85890621520445,0,2026-10-08 00:33:57
2026-10-07 14:43:00,CNC-03,H,298.5408772872915,313.23360488348885,1583.4800610004459,44.83169655573401,184.0357250881856,2.5996985497357428,13.270452598118432,54.574032456245156,0,2026-10-08 00:33:57
2026-10-07 03:56:00,CNC-01,L,297.0392983225962,310.75132927862086,2282.9008547488475,29.654974482805592,37.52920784072665,2.827979167156048,12.714919018947903,58.08144132141881,0,2026-10-08 00:33:57
2026-10-07 03:34:00,CNC-03,H,297.5432670598419,311.37672554203056,2472.848674311396,24.051260810719274,203.3263462498157,3.6104718967984244,11.261960875434564,55.91560475944942,0,2026-10-08 00:33:57
2026-10-07 00:34:00,CNC-02,M,298.40751758388546,310.35938170013446,2686.8438204490462,16.207846547322983,47.85700370775611,3.264052478403612,8.449628236827323,55.48046036333465,0,2026-10-08 00:33:57
2026-10-07 20:43:00,CNC-01,L,305.05439666542804,312.5431757963691,2407.9490069013436,24.495031225780487,122.86323879136093,3.2299530307911577,11.249905884888344,47.238414722762386,0,2026-10-08 00:33:57
2026-10-07 17:20:00,CNC-02,M,298.8311876877875,313.69065196077196,1879.9392207500496,41.622921041119035,77.43828313235414,2.5664022044112684,14.654357806463468,54.21574234319966,0,2026-10-08 00:33:57
2026-10-07 11:35:00,CNC-03,H,297.026737724371,311.91443958435207,1448.5094944529849,54.80755066959728,137.20102704349262,2.240484114794278,14.90746837768636,58.510215624025456,0,2026-10-08 00:33:57
2026-10-07 01:08:00,CNC-02,M,298.4836684252642,310.3278860886695,2762.167355344319,14.527182784194942,84.2593508153901,3.281522962426401,7.477034183294751,50.24348162879756,0,2026-10-08 00:33:57
2026-10-07 14:16:00,CNC-03,H,298.23953006582315,312.88261680585066,1521.133825946234,49.5758685920914,142.58056195076634,2.4374003648809603,14.086411788677687,55.10669374628951,0,2026-10-08 00:33:57
2026-10-07 01:29:00,CNC-01,L,298.24839661230624,310.1207737487105,2774.6571537087434,14.882600080445124,76.78071261503499,3.2304496854255222,7.73867136647042,57.550021416297874,0,2026-10-08 00:33:57
2026-10-07 09:12:00,CNC-03,H,296.2726286632587,311.0569835574698,1459.6127166422673,52.081185507424095,185.10342840133265,2.412718771215909,14.310727063841798,60.186566280704255,0,2026-10-08 00:33:57
2026-10-07 19:28:00,CNC-01,L,299.8439879191334,313.21768895891336,2194.8481386826625,27.27101947381249,33.643898576679895,2.7721860033789496,11.422621131038698,49.26617390413469,0,2026-10-08 00:33:57
2026-10-07 20:22:00,CNC-03,H,6248.79075635825,312.9211174918101,2581.5568574856193,17.45926940295365,180.03159206843765,3.5557748686990385,8.496270321018878,46.31889199727322,0,2026-10-08 00:33:57
2026-10-07 16:34:00,CNC-03,H,26.335156934431268,40.8535484019979,1752.300081259761,43.251449762017344,131.0462351554881,2.5565603224363396,14.219657810095608,55.670283873812956,0,2026-10-08 00:33:57
2026-10-07 20:35:00,CNC-03,H,299.4363671227237,312.731483809047,2568.7436220703994,20.195466514120433,195.20366056473082,3.62149656672417,9.618864464309068,51.12887728767393,0,2026-10-08 00:33:57
2026-10-07 04:26:43,CNC-01,L,296.4714984616129,310.47793444940675,2184.311172771068,32.88191043252577,76.39704654064802,2.810807027473694,13.28892897084196,52.929478863053724,0,2026-10-08 00:33:57
2026-10-07 06:07:00,CNC-03,H,296.12461647132005,310.63128157500086,1919.1032751644311,37.54219805949181,161.7706528617606,2.747222210143456,13.590241226117604,65.77393454208438,0,2026-10-08 00:33:57
2026-10-07 05:23:00,CNC-03,H,296.11034652446165,310.2860742418927,2031.4572370226763,34.318912769062095,104.14988110269736,2.6884199128222477,12.835253213503726,58.06098540127674,0,2026-10-08 00:33:57
2026-10-07 05:23:00,CNC-01,L,295.86876169633643,309.9005645806423,2061.00347847269,31.497039851720505,145.56531724246187,3.0943899198274036,12.210347307158848,57.91821728455557,0,2026-10-08 00:33:57
2026-10-07 21:28:45,CNC-01,L,305.36118245933955,312.5449001115109,2474.6652078621264,22.269508663324892,173.88765185401226,3.43038358187169,10.143487097533836,43.413911097005794,0,2026-10-08 00:33:57
2026-10-07 20:36:00,CNC-01,L,299.9666049616487,313.41691362123964,2345.204341264901,25.682943954422615,114.85171678269714,3.0240744508216975,11.10229596732504,48.60568105404809,0,2026-10-08 00:33:57
2026-10-07 06:59:00,CNC-03,H,296.012071491053,310.61827129511954,1912.2123337924943,35.47839972593637,232.7399671474709,3.3223563874359656,12.716276205649779,58.358050290127075,0,2026-10-08 00:33:57
2026-10-07 14:49:00,CNC-03,H,298.5519597623026,313.5974972030137,1515.2823305701793,49.19287574174012,193.30589989210463,2.6466716628672935,13.979444897628209,53.215681040513545,0,2026-10-08 00:33:57
2026-10-07 02:26:43,CNC-01,L,297.781101554354,310.2234107346223,2650.613873999193,16.81833750235508,139.05588357283014,3.4601328137004326,8.391378992740256,55.54873685668882,0,2026-10-08 00:33:57
2026-10-07 17:33:00,CNC-03,H,299.9137029365362,314.7017289216796,2047.6582430655103,35.115723902542406,213.52242657181884,3.2255693365527116,13.23513843224157,48.98303095248316,0,2026-10-08 00:33:57
2026-10-07 23:31:00,CNC-03,H,304.43755588026033,311.6673633485885,2618.3942473786374,20.937295556209058,2835.515022006279,3.385840583935716,10.406064378359961,41.727609066379,0,2026-10-08 00:33:57
2026-10-07 12:30:00,CNC-03,H,24.7164595196881,39.983573972026136,1368.2985561764642,56.295384295618696,224.44137317534768,27.368484695896367,14.66949156822156,58.117835465466015,0,2026-10-08 00:33:57
2026-10-07 10:10:00,CNC-01,L,295.839936201668,310.06538681214676,1448.0767171975226,48.501619532983746,99.3717392741752,2.1095003540069195,13.027199362855654,56.9175884704173,0,2026-10-08 00:33:57
2026-10-07 06:57:00,CNC-01,L,295.5653341600342,309.36369753395377,1804.0626931583927,38.27616427340861,48.23421058558832,2.532268564010442,12.873020961267658,61.31454265386423,0,2026-10-08 00:33:57
2026-10-07 09:04:00,CNC-01,L,295.60776555590706,310.5583289649615,1459.961814096434,50.923631824244936,233.90524871068504,3.39015969714747,13.77883783385959,58.37439999113765,1,2026-10-08 00:33:57
2026-10-07 19:22:00,CNC-03,H,299.95496011997005,313.8241996283842,2308.0680394036585,28.29756876377845,107.44437464151802,3.129997300072703,12.247204448474108,47.552058817956514,0,2026-10-08 00:33:57
2026-10-07 16:43:00,CNC-02,M,299.00489757313875,312.99273092551607,1648.3399525804546,41.715910293649344,25.747399167567107,2.3212459964875984,12.728858085950998,52.35373599777149,0,2026-10-08 00:33:57
2026-10-07 10:32:00,CNC-03,H,296.808254881105,310.5612398412947,1436.1920081232765,49.462362888028544,37.44716936457623,21.157930293639666,13.220952792432355,55.22462185298133,0,2026-10-08 00:33:57
2026-10-07 03:55:00,CNC-03,H,296.88980118619327,310.76079958924487,2468.97047561721,23.771107917562237,,3.9363548351745767,11.292413678030417,56.338917859449104,0,2026-10-08 00:33:57
2026-10-07 16:43:00,CNC-03,H,299.3840785265839,314.48617075391616,1889.782515342245,42.16600291369643,143.792401430771,2.7044998780146337,14.7603050483982,48.980119259973094,0,2026-10-08 00:33:57
2026-10-07 11:50:00,CNC-02,M,296.64533333559325,310.9198918234719,1357.9101451107117,53.5789947797029,49.24139604821099,2.0975783959714382,13.746029628139153,54.387124475217504,0,2026-10-08 00:33:57
2026-10-07 21:15:00,CNC-01,L,305.0464540907934,312.7641760340633,2578.5425812836265,24.556579906937017,159.25752749296126,3.5300198417049784,11.883120086598126,43.936232440501,0,2026-10-08 00:33:57
2026-10-07 16:06:56,CNC-03,H,26.31151588418595,39.97444980222474,1742.2057280011718,37.36561985885654,90.73334870462043,2.3674604734146114,12.311905747920708,53.08316328299143,0,2026-10-08 00:33:57
2026-10-07 05:08:00,CNC-03,H,296.43429270895433,310.1562634415017,2294.7583305808516,29.09111068068286,84.81143152857676,2.901252313994013,12.544071993833782,58.74942350088009,0,2026-10-08 00:33:57
2026-10-07 15:52:00,CNC-02,M,25.441521767809377,40.650891356789145,1757.6686048885526,43.376490697112835,177.6203604410905,2.78006305198462,14.761604356115019,50.67695413467336,0,2026-10-08 00:33:57
2026-10-07 09:07:00,CNC-01,L,295.3887876311369,309.3677369039971,1429.404607161477,49.9771551022921,1.5601346416713604,2.0634176086277773,13.529876281412001,56.40727338332642,0,2026-10-08 00:33:57
2026-10-07 13:15:00,CNC-03,H,297.65596539192654,311.24809450522923,1352.363026051546,48.649266193679146,47.33645305799335,2.0139791606356887,12.40160516867173,52.58436515138723,0,2026-10-08 00:33:57
2026-10-07 07:54:00,CNC-01,L,295.3048495090693,309.84601327295104,1671.8185477210993,44.397568562426414,129.2728866708618,2.5120788662110485,13.810274996789333,61.359971477622466,0,2026-10-08 00:33:57
2026-10-07 00:37:00,CNC-03,H,298.7298023648738,310.7441346555033,2833.6968773826743,15.492476524301754,7.68189363820675,3.2523555301328546,8.11754726015515,50.636425934030775,0,2026-10-08 00:33:57
2026-10-07 19:42:00,CNC-03,H,299.7556940736972,313.96765888154937,2158.3430487927285,30.910897254058025,132.0125157828938,2.9225075304041344,12.495943464209551,55.049727544917516,0,2026-10-08 00:33:57
2026-10-07 15:17:00,CNC-01,L,298.0941195305614,312.5207137319355,1509.0743486473255,48.52454718421979,138.75403857700948,2.477240618806883,13.674595276398012,54.15601659355841,0,2026-10-08 00:33:57
2026-10-07 15:25:00,CNC-03,H,298.9880393060472,313.1512078714865,1676.5263344752364,44.324102915688755,30.341688996452337,2.3159352081205125,14.090820778558033,56.87367245054533,0,2026-10-08 00:33:57
2026-10-07 01:58:00,CNC-01,L,297.9985788437501,310.09871460882755,2604.628719307622,15.857421399179476,108.2563608949208,3.3432369659057697,7.7599828029827265,52.72598324637588,0,2026-10-08 00:33:57
2026-10-07 05:28:00,CNC-02,M,302.3632293790073,310.59300433906134,2212.202624394272,29.072632359276177,171.80824451201184,3.2035161007704174,12.15674760070114,49.4846094752996,0,2026-10-08 00:33:57
2026-10-07 09:24:00,CNC-02,M,295.9474303478275,310.59343142847587,1536.6544210780114,49.602969320277836,68.64547084958801,2.2138265550229246,14.37320136284174,61.31307393897043,0,2026-10-08 00:33:57
2026-10-07 14:19:00,CNC-02,M,297.81987082649096,311.85783944223317,1457.0523488664462,46.758240741657666,37.24629319368294,2.1197759318887086,12.84005035366088,55.560980311720456,0,2026-10-08 00:33:57
2026-10-07 06:49:00,CNC-01,L,295.8835918581357,309.490672918853,1802.8507030215646,37.01188680133909,37.06828618851703,2.4470185163077747,12.540007243453134,54.167844359486914,0,2026-10-08 00:33:57
2026-10-07 09:59:00,CNC-03,H,296.71711430704016,312.10728582365886,1403.7014116416315,54.48158525710533,257.65167204266186,3.1816928359293106,14.401184842437376,60.960002313068074,1,2026-10-08 00:33:57
2026-10-07 22:05:00,CNC-03,H,299.4275542617888,311.7047298943314,2542.4910297013157,18.42673467226775,43.94646184841914,3.1036185819191853,8.724234901257715,52.480238854939024,0,2026-10-08 00:33:57
2026-10-07 17:22:00,CNC-02,M,299.1562950194261,313.01040363209125,2137.0721231141865,29.709123387920826,80.09249609986705,2.7894189454349916,12.0120520102174,51.396613078949855,0,2026-10-08 00:33:57
2026-10-07 19:45:00,CNC-03,H,299.9087596134409,313.82606611244745,2387.683305456491,26.93301024462033,135.67490152907718,3.109320675829642,11.855582455364521,,0,2026-10-08 00:33:57
2026-10-07 08:23:00,CNC-01,L,295.66917805891546,310.43401855862055,1670.6865206261743,45.51863572778547,172.20839232715994,2.958954903302547,14.438190369548558,59.71099367152792,0,2026-10-08 00:33:57
2026-10-07 17:25:00,CNC-01,L,299.09047663190375,313.47210789572466,1896.0622126151918,38.45428932614544,104.62185936534333,2.6456433413939027,13.714143876453232,51.776391483924385,0,2026-10-08 00:33:57
2026-10-07 21:46:00,CNC-03,H,299.51961082109904,312.1481404732886,2566.1359772850014,21.000501097617956,23.07450350248708,3.103154432973918,10.214917558299508,50.14634078422525,0,2026-10-08 00:33:57
2026-10-07 19:16:00,CNC-03,H,299.79576158708824,313.59533091826466,2381.7326245944782,28.159045202553145,100.06812116723056,3.164845025298641,12.59953674885788,52.604628293953205,0,2026-10-08 00:33:57
2026-10-07 13:46:00,CNC-02,M,297.35953327189117,312.4805618294133,1362.8511362204724,55.12173201498523,232.970530749492,3.1463568160403392,13.998326174511165,56.637697878368684,1,2026-10-08 00:33:57
2026-10-07 11:26:00,CNC-01,L,296.1810900541893,309.55488360757596,1497.8171405889989,42.25976763487334,3.07421228891826,2.0991903090407944,11.701483619155377,60.26294287397769,0,2026-10-08 00:33:57
2026-10-07 21:41:00,CNC-03,H,299.60033913527576,311.96654979658183,2657.442291861148,19.134505653174617,17.591084954164526,3.157056040606699,9.575509665980986,52.22590018009099,0,2026-10-08 00:33:57
2026-10-07 17:43:00,CNC-03,H,299.8101268500247,315.0362707779102,1841.000563962264,41.646581093676126,227.11153628046395,3.223151325386867,14.523738216745507,56.745741435656335,0,2026-10-08 00:33:57
2026-10-07 16:55:00,CNC-03,H,299.76236974227055,314.7590287453539,1731.7873961214032,46.376174656691724,160.89217535230625,2.646899583163928,15.162200140920072,48.63846109074257,0,2026-10-08 00:33:57
2026-10-07 06:24:00,CNC-02,M,296.27362680276434,309.89815418433966,1809.461792116962,37.92923511564636,24.33693627538068,2.4751710804273483,13.058834649539278,56.99938900854969,0,2026-10-08 00:33:57
2026-10-07 02:16:00,CNC-01,L,297.69241407816656,310.98766363367287,2586.123382860589,21.222201800301953,127.96526337988621,3.474080553645499,9.92293695435535,55.12265166043684,0,2026-10-08 00:33:57
2026-10-07 10:07:00,CNC-03,H,296.2760913830445,311.9311387153236,1518.212630737158,53.53573164386262,270.177164890245,3.400184132051847,15.28005531654458,,1,2026-10-08 00:33:57
2026-10-07 01:59:03,CNC-02,M,298.3448402500018,311.16837340950946,2598.9178226674635,18.579482932548697,138.44479513841029,3.2883329890059474,9.05316469280592,49.071136259349736,0,2026-10-08 00:33:57
2026-10-07 14:32:00,CNC-03,H,298.6240722101471,312.9809256471529,1379.8998724288201,50.257250719357074,167.2003462970177,2.3616122640995707,13.146267455601235,53.77269353101124,0,2026-10-08 00:33:57
2026-10-07 17:34:00,CNC-02,M,298.9477301567603,313.1961211259982,1916.7476785589413,36.45153514134527,96.45130075759985,2.634869793748598,13.007676446903634,51.486730130670814,0,2026-10-08 00:33:57
2026-10-07 12:52:42,CNC-02,M,23.586598905550318,38.07889595224003,1343.5406179730103,50.33271754883715,149.32248467322927,2.2876201334368154,12.759073680000801,53.1111821776291,0,2026-10-08 00:33:57
2026-10-07 03:07:00,CNC-01,L,297.44773591491594,310.39121667949763,2501.576696274108,20.90883541902026,185.07826252077177,3.6687589278789825,9.599261998394224,58.623433672039525,0,2026-10-08 00:33:57
2026-10-07 18:33:00,CNC-03,H,299.93270793224957,313.096136588691,2061.3751010785563,30.324310693185982,46.047171371281536,2.577841140608668,11.77039544631235,50.726416395407234,0,2026-10-08 00:33:57
2026-10-07 07:07:00,CNC-01,L,295.7454129903798,309.36307118543607,1839.7506936048458,35.8516685877832,62.144151631354624,2.4995317403155397,12.131860796795177,58.48115620412012,0,2026-10-08 00:33:57
2026-10-07 13:20:00,CNC-03,H,297.6223749571828,311.547028771447,1375.0699257625624,49.19614593558678,55.13377621656699,2.0671938702574226,12.747864572367336,58.05373336549071,0,2026-10-08 00:33:57
2026-10-07 21:25:00,CNC-02,M,299.407889827129,312.7034818003689,2469.957071849287,21.550764779058174,162.1866407199369,3.373009289727872,10.234783298008011,51.86578451209817,0,2026-10-08 00:33:57
2026-10-07 15:14:00,CNC-01,L,298.1541165332589,312.78779829885235,1524.1607579161614,49.753839729532785,134.2294183692831,2.414120858319525,14.17768160192105,54.14582613947253,0,2026-10-08 00:33:57
2026-10-07 03:28:00,CNC-02,M,297.5744759781869,309.59795088559054,2310.319092620246,18.443880654824774,24.323920166090815,2.868825103314949,8.01896764632717,54.65105287467881,0,2026-10-08 00:33:57
2026-10-07 08:52:00,CNC-03,H,295.96394785373354,310.25810969029885,1716.7146810648157,41.44599938702315,154.47472118598589,2.5064809982766927,13.319351689546389,57.346958414475665,0,2026-10-08 00:33:57
2026-10-07 04:05:00,CNC-01,L,296.7130865087227,309.4661558763246,2454.317454175402,22.40291832665265,48.305706731291444,3.058077676816008,10.283177857558249,57.87254359781259,0,2026-10-08 00:33:57
2026-10-07 02:11:00,CNC-03,H,298.25841521718877,311.8011958071768,2520.6744299445522,23.79012572094181,109.7882856794504,3.2129045782251033,10.99214646452955,51.63572869567044,0,2026-10-08 00:33:57
2026-10-07 08:11:00,CNC-02,M,296.03873270837386,311.38171676433245,1770.4121488303806,45.228163616698275,175.87865773424915,2.840810978507657,15.1404514998686,63.9650304814473,0,2026-10-08 00:33:57
2026-10-07 21:16:00,CNC-03,H,299.5012604464464,313.2071682811568,2753.5685428697157,20.193132387017968,242.2528150681905,4.161037869715675,10.59407635327431,51.67485296846728,0,2026-10-08 00:33:57
2026-10-07 01:57:00,CNC-01,L,297.74382205770087,310.6076830478707,2683.4879401977314,18.82965561297629,107.1699710199572,3.386858402979757,9.330241030712061,57.60178033903463,0,2026-10-08 00:33:57
2026-10-07 10:04:00,CNC-01,L,295.87406844384446,310.30141112271843,1392.255809053391,51.55288408287278,89.88890701388871,2.1900200694402163,13.288481991463925,57.608249033867246,0,2026-10-08 00:33:57
2026-10-07 03:01:00,CNC-02,M,297.62285786444386,311.89735206320756,2544.703874778012,26.085920086937865,208.79389044835605,91.71428677663623,12.509989958799682,58.25817765536234,0,2026-10-08 00:33:57
2026-10-07 07:31:00,CNC-03,H,296.10739928386363,310.13017197365485,1843.3639681844804,39.27180985649932,35.29065746119583,2.3796690522438966,13.497122898232355,59.004941542031176,0,2026-10-08 00:33:57
2026-10-07 02:17:00,CNC-03,H,297.73664476741084,309.2977793164895,2785.393479445861,12.862452010538853,116.37879457539006,3.3547314844001535,6.752338832236678,57.44241720019435,0,2026-10-08 00:33:57
2026-10-07 17:17:00,CNC-02,M,299.03670154739405,313.19134782661945,1879.438656832357,35.67353941679662,73.3184404505004,2.5406560745000113,12.387470764716502,49.25968312739244,0,2026-10-08 00:33:57
2026-10-07 09:38:00,CNC-03,H,296.44845736039395,311.50229121141615,1549.7759903873691,48.1190385078018,224.96198019078557,2.956723894981776,13.97350437626781,56.407709987739516,0,2026-10-08 00:33:57
2026-10-07 04:15:00,CNC-01,L,296.38495220446566,309.0770841502458,2281.345940123278,23.245222952521186,60.44811305276309,2.8272362475225745,9.78981269408178,56.35941623117938,0,2026-10-08 00:33:57
2026-10-07 11:31:00,CNC-02,M,296.2478495556886,310.28566517116195,1312.016370608038,51.37230146002077,18.995188597572877,1.9585065508979935,12.673542627984476,59.39138025281869,0,2026-10-08 00:33:57
2026-10-07 15:50:00,CNC-03,H,26.260264960481777,41.29935610878323,1674.7504829745924,49.51096822211649,67.4983365426512,2.3196475692352725,15.340206337488873,54.13951780736787,0,2026-10-08 00:33:57
2026-10-07 01:36:00,CNC-01,L,298.01286218612324,310.28674933373816,2587.4689234681314,17.711864975718797,84.40699557105367,3.201997169480466,8.633428756494425,57.50605187301644,0,2026-10-08 00:33:57
2026-10-07 10:20:00,CNC-01,L,295.6743463808238,309.8924650561762,1392.8946807118205,50.76012933453192,115.02267336830863,2.2481918414122988,13.42687870125455,58.45466373622911,0,2026-10-08 00:33:57
2026-10-07 03:59:00,CNC-01,L,296.90765959001266,309.65960782228046,2372.42986417829,,41.126028639014145,2.915563722662487,10.761548802840425,52.931216073569615,0,2026-10-08 00:33:57
2026-10-07 15:45:00,CNC-01,L,25.022299465123467,39.11190180858796,1389.797774650049,48.494605469440955,180.50757001214288,2.532548650794687,12.614554401117381,51.885408112549726,0,2026-10-08 00:33:57
2026-10-07 18:42:00,CNC-01,L,299.46426849245955,313.8652688630305,2187.096745978277,31.868098201207246,206.62622030815922,3.606066320519119,13.014251840231967,51.900759096156804,0,2026-10-08 00:33:57
2026-10-07 06:39:00,CNC-02,M,296.35210746067384,310.18087246502535,1851.0255648658886,38.30035731516899,44.7238396790992,2.4434933142466853,13.379630548531326,57.978034323304115,0,2026-10-08 00:33:57
2026-10-07 04:16:00,CNC-03,H,296.9319661043594,309.86788501605037,2327.0099550645655,25.430894716224554,20.26667946347436,2.859569691154607,10.841839656581309,55.96637338200766,0,2026-10-08 00:33:57
2026-10-07 04:08:00,CNC-03,H,297.0965022228201,308.4840760834313,2386.602261630037,16.119659243262497,10.657422495463583,2.890662150590533,7.210720911102182,54.29380446036508,0,2026-10-08 00:33:57
2026-10-07 18:33:00,CNC-02,M,298.71588486047966,313.03675898960347,2056.5190757727787,31.453556363214204,174.935216840358,2.9951259992878305,12.251535970325486,56.84145245354547,0,2026-10-08 00:33:57
2026-10-07 05:57:00,CNC-01,L,295.82921371720147,310.3287849274162,2155.4520269402424,33.45694437955486,189.9821859464427,3.3313482230372875,13.527273805279677,53.408763872342725,0,2026-10-08 00:33:57
2026-10-07 03:30:00,CNC-02,M,297.20183796616317,310.37950757407543,2333.026691123402,26.303614637344698,26.659443156860277,2.8500018308311126,11.75201631627909,54.59360562056769,0,2026-10-08 00:33:57
2026-10-07 21:40:00,CNC-02,M,299.30070674403436,313.06515562969395,2700.0334783157227,21.268579748867573,178.70816793083503,3.7090664709568966,10.554342623059163,51.054414328334296,0,2026-10-08 00:33:57
2026-10-07 02:11:00,CNC-01,L,297.76552782379315,311.50772447844406,2652.7891240303743,23.919602118461572,122.52996374374473,3.4650221401905794,11.545255697930807,53.03226848079565,0,2026-10-08 00:33:57
2026-10-07 17:01:00,CNC-03,H,299.6145707459395,314.39734251054165,1953.7646446949132,37.94572990501382,169.29978054957675,2.941699359857801,13.923375051375151,51.582617506716424,0,2026-10-08 00:33:57
2026-10-07 11:55:00,CNC-02,M,296.5065487695137,310.4412698398819,1317.2798298618507,51.98615133284921,57.19790180845674,,12.730530220959965,60.81437790070463,0,2026-10-08 00:33:57
2026-10-07 18:46:00,CNC-02,M,298.84059335966714,313.4629790834926,2232.0770083598977,29.900833103088686,191.49632291110868,3.433571848505614,12.508238124309973,54.34845764934824,0,2026-10-08 00:33:57
2026-10-07 14:50:00,CNC-02,M,297.9784006379626,312.4667507076757,1644.1075923744227,42.867788062275174,84.82572517657502,2.4177768139319147,13.09714023189652,59.77963183326561,0,2026-10-08 00:33:57
2026-10-07 16:07:00,CNC-02,M,25.570858514111364,40.81870500194174,1604.1949814020213,47.659715457711975,199.6538879115756,27.567814257727708,14.25043274119289,51.361452429654626,0,2026-10-08 00:33:57
2026-10-07 06:12:00,CNC-01,L,295.81950239437793,310.72898420517265,1921.7629480197381,38.18824126174275,210.00058635186812,3.438722683584783,13.833137804549038,58.62780162143434,0,2026-10-08 00:33:57
2026-10-07 15:52:00,CNC-01,L,25.252615393964675,40.79410029844394,1755.3774057367734,48.053743579469995,190.87340170832653,3.012865095251091,15.749908978748195,55.38642112744156,0,2026-10-08 00:33:57
2026-10-07 06:17:19,CNC-01,L,295.8176785475113,311.2590804287573,2040.248901115812,37.68188034876135,,3.6660722362056886,14.299767319514192,59.498803963569074,0,2026-10-08 00:33:57
2026-10-07 08:00:27,CNC-01,L,295.50580657431175,310.44960703944304,1789.1187854326638,43.75145240392468,139.5128213210757,2.552461319049755,14.48555607325633,60.254699116815736,0,2026-10-08 00:33:57
2026-10-07 13:24:00,CNC-02,M,297.3531922315905,312.0191201138357,1385.8035474415108,51.73352810986793,198.45466688099106,2.6914330675254794,13.531617330575049,51.95770435361075,0,2026-10-08 00:33:57
2026-10-07 23:20:00,CNC-03,H,0.0,310.16635636579934,2758.3836320414684,11.555497884355944,124.68541417246728,3.4808671051125715,5.801336278872806,42.527446675825665,1,2026-10-08 00:33:57
2026-10-07 08:51:00,CNC-03,H,296.13074017626127,311.07350890358396,1536.0216801990289,51.70347363138852,153.01434287883922,2.3606137450127247,14.69049301602768,57.055244522833604,0,2026-10-08 00:33:57
2026-10-07 21:30:00,CNC-01,L,305.1909470647257,312.17667485316423,2645.7973149591307,19.445748387340267,176.08047518640615,3.6093812614333944,9.484142128862885,42.104288520089376,0,2026-10-08 00:33:57
2026-10-07 06:36:00,CNC-02,M,296.2344586224128,309.83023831033324,1905.6357454253696,34.24794303813557,40.616988786477286,2.410540308551156,12.204981348276373,56.39214243416636,0,2026-10-08 00:33:57
2026-10-07 09:25:00,CNC-01,L,295.55997085056316,309.17166898118177,1527.9854102695908,43.63262403106133,29.35730343375397,2.2410825213880083,12.474926756040402,61.662482645003045,0,2026-10-08 00:33:57
2026-10-07 17:38:00,CNC-03,H,299.8411352871884,314.7749101289517,1939.1883017985986,38.96030259433605,220.3781426096422,3.3260040066929784,14.231743931769062,52.47783114558179,0,2026-10-08 00:33:57
2026-10-07 10:47:00,CNC-02,M,296.3757739328463,311.26340049204174,1353.1434722187457,54.25625837242675,198.16375671691935,2.6214155585318686,13.691815177255435,55.08395160759342,0,2026-10-08 00:33:57
2026-10-07 02:41:00,CNC-03,H,297.73631887182853,311.4669057131725,2545.489293061273,23.869980158794217,143.0189868392851,3.314093640292664,11.456136231010106,55.04986411254533,0,2026-10-08 00:33:57
2026-10-07 15:19:00,CNC-03,H,299.05370971895604,312.79683890927737,1499.1614893499564,45.901892579386924,21.265743281430556,2.1255805378230113,12.937532311356087,50.13291371684564,0,2026-10-08 00:33:57
2026-10-07 19:07:00,CNC-03,H,299.87663984431276,313.83633154692086,2224.4844241898813,30.383377867571856,89.00855005792242,2.845955630063594,12.472813399472196,52.29066353653933,0,2026-10-08 00:33:57
2026-10-07 08:28:00,CNC-03,H,296.26401271439136,311.109259936658,1583.739596569595,47.713954384991744,118.65530365585037,2.2987411674177984,14.139860888556177,59.459437774905815,0,2026-10-08 00:33:57
2026-10-07 18:49:00,CNC-02,M,298.55828247299326,312.51527504007316,2165.805382538834,27.68161247971764,195.35528866669387,3.2572685389688587,11.263672215958882,55.4372933915625,0,2026-10-08 00:33:57
2026-10-07 04:17:00,CNC-02,M,297.13312994359,309.9310899795869,2390.229524981083,22.87761570602757,82.81766012432465,3.0528851524563394,10.20957018887081,50.533859001977,0,2026-10-08 00:33:57
2026-10-07 22:40:00,CNC-01,L,299.5120813269294,311.92193991858034,2612.3077104778513,19.576822208325545,47.64454015412165,3.1816651136724703,9.63387879573149,58.109339873771496,0,2026-10-08 00:33:57
2026-10-07 05:48:00,CNC-03,H,296.6751501252726,310.9146905379292,1957.6986244578056,34.37812010982633,136.6032699384244,2.600038686873078,12.527826549964535,54.600940425068195,0,2026-10-08 00:33:57
2026-10-07 07:07:00,CNC-03,H,296.0589120878074,309.6695901785061,1886.6026073398584,36.38890388133788,1.3964254597608834,2.4589122027849197,12.923957390019083,61.431256336862994,0,2026-10-08 00:33:57
2026-10-07 19:26:00,CNC-03,H,299.89807051676416,314.17835699310194,2185.6761733650906,,112.34594907786679,28.56415549478258,13.886038405571485,49.00372592228608,0,2026-10-08 00:33:57
2026-10-07 20:05:55,CNC-03,H,300.0041218842936,314.2093192770186,2258.907576210998,30.162290439084625,161.2483234879695,3.069378223901457,12.661448688514163,47.051206770740905,0,2026-10-08 00:33:57
2026-10-07 19:16:00,CNC-01,L,299.923042885063,314.1975397437978,2138.5978686544113,34.47602678837704,18.83296320271524,2.797293696255024,13.928144976691808,50.398880960507654,0,2026-10-08 00:33:57
2026-10-07 11:50:00,CNC-01,L,296.43750762308207,310.2877361804384,1460.3254356192954,47.24172811964472,41.25081657285889,1.9898376663541884,12.77690282245604,57.77523389229099,0,2026-10-08 00:33:57
2026-10-07 18:53:00,CNC-02,M,298.946700529978,313.7956365736404,2073.2711694372597,35.52336278582422,200.4731820335465,3.278117249101703,13.596956259200908,52.01741229400244,0,2026-10-08 00:33:57
2026-10-07 19:46:00,CNC-01,L,300.0471198397123,313.70371478619444,2282.5110025304803,28.79259641042933,55.69431287258706,2.8221190534725134,12.284883673293029,49.481039577339054,0,2026-10-08 00:33:57
2026-10-07 02:32:00,CNC-03,H,297.523805215804,310.1322359573225,2594.720815365037,19.52844779988712,133.05116617149162,3.3242542808122995,9.644222187997581,56.960441395541594,0,2026-10-08 00:33:57
2026-10-07 01:48:00,CNC-01,L,298.02380864039765,310.2221396047085,2732.193367719377,16.485623097783012,97.34449525521723,3.30151400851965,8.509377570592425,57.33271918474949,0,2026-10-08 00:33:57
2026-10-07 03:47:00,CNC-03,H,297.27694566196146,311.0168187098079,2288.8140078345073,26.247308248124185,218.7454767186423,3.53925722832218,11.33355504346588,57.095871638206596,0,2026-10-08 00:33:57
2026-10-07 09:55:00,CNC-02,M,296.03366516837696,310.8145665492568,1582.0390106642587,48.83235365602212,116.3952804055912,2.380613157812731,14.502746668158439,62.09390182062063,0,2026-10-08 00:33:57
2026-10-07 01:16:00,CNC-03,H,298.2717879913179,310.3672551533686,2638.968565116467,16.83027331557251,49.50412096651503,3.175456638471917,8.31492713443353,54.287164486439586,0,2026-10-08 00:33:57
2026-10-07 10:14:00,CNC-02,M,296.2906151810746,311.0404097559068,1536.501684311046,48.641716994277296,146.14528435831065,2.450725325370745,14.050769124884706,56.962689606644695,0,2026-10-08 00:33:57
2026-10-07 14:07:00,CNC-02,M,297.61668942312286,311.1756923310059,1461.3616821995022,45.228769215844835,18.608217881093353,2.18279319485496,12.476146494628782,50.850357844652514,0,2026-10-08 00:33:57
2026-10-07 20:58:00,CNC-01,L,305.26805920270664,312.49827865794236,2528.2041719603358,21.915607234137934,140.0875018716829,3.3883993470170806,10.411491587047278,41.15836983222132,0,2026-10-08 00:33:57
2026-10-07 20:19:37,CNC-02,M,299.3452020146444,312.9635354348211,2476.754134600822,23.224469658924708,88.9477942920694,3.155876477180983,10.88474916222268,51.60009443287258,0,2026-10-08 00:33:57
2026-10-07 23:27:00,CNC-01,L,299.0825404217062,311.18565809666603,2535.644438795578,16.924967981383038,98.18154406335272,3.237665807402643,8.03141101625237,52.91547559193678,0,2026-10-08 00:33:57
2026-10-07 09:54:00,CNC-03,H,296.29708820650796,311.47850941483705,1572.097022588553,47.20841240001569,249.75514135437925,3.255041272757428,13.949740632052633,58.902678283046214,0,2026-10-08 00:33:57
2026-10-07 10:08:10,CNC-01,L,295.56719598964264,309.75868139599146,1452.3516012528416,47.72398475640488,97.79434689814072,2.1286307103416746,13.051222238487066,57.217002844852,0,2026-10-08 00:33:57
2026-10-07 14:09:00,CNC-01,L,297.5730605008147,311.5452286174897,1522.1190678646362,46.218691280740586,34.49422218840054,2.2409369889979964,13.147237704196915,54.89961313781975,0,2026-10-08 00:33:57
2026-10-07 06:11:00,CNC-03,H,296.30029772377804,310.8396015046703,1934.2356696497031,37.43503435057502,167.1969419170696,3.007029716034601,13.176315776950856,59.042460572780826,0,2026-10-08 00:33:57
2026-10-07 00:49:00,CNC-02,M,298.7106680984539,309.9495796845547,2653.2528201725754,12.705742214093641,63.845474675475586,3.2993144125623273,6.309284624091839,47.45301364308952,0,2026-10-08 00:33:57
2026-10-07 15:35:00,CNC-01,L,,39.46006624100812,1510.6981056527065,48.15545920252969,165.65807340981945,2.676242883313663,13.41679557786156,55.20751042012123,0,2026-10-08 00:33:57
2026-10-07 15:38:00,CNC-02,M,25.052253286842983,40.38215686528491,1685.1690421146802,46.48479019179347,156.96407583944935,2.6166133719593447,14.658139160711379,53.73470970350805,0,2026-10-08 00:33:57
2026-10-07 16:26:00,CNC-03,H,26.597314358686788,41.196108621660926,48387.98353812589,42.0600706249188,119.67139740947108,2.6322039110037716,14.83243086994933,50.98357059993565,0,2026-10-08 00:33:57
2026-10-07 08:51:00,CNC-01,L,295.64819827854967,310.4090293699368,1552.0296596757544,46.93336929309346,214.1764578906066,3.149187686742311,13.760649059194723,59.78499573597521,0,2026-10-08 00:33:57
2026-10-07 20:18:00,CNC-03,H,300.02728030936845,312.1441365263482,,15.081418200142082,175.39799715419736,3.4051977259036303,7.066925709143043,54.51325067224397,0,2026-10-08 00:33:57
2026-10-07 06:27:00,CNC-02,M,296.12845235864376,309.8672866801493,1961.1408043626795,33.068921435905224,28.39931345894271,2.6018234521509953,12.041702401924995,56.04048021635033,0,2026-10-08 00:33:57
2026-10-07 10:39:00,CNC-03,H,296.3814090742662,310.6414629722154,1491.2200109422038,48.821257962643195,48.450865549091226,2.0977844448933096,13.557845731784267,57.30551298322374,0,2026-10-08 00:33:57
2026-10-07 07:10:00,CNC-02,M,296.231383858412,310.9784729894807,1875.9998323464333,41.92569979639551,87.84733869709272,2.5631463097048153,14.775030081111634,,0,2026-10-08 00:33:57
2026-10-07 16:11:00,CNC-03,H,26.43267832291974,40.36248693541381,1714.9036067255884,39.45758260016686,97.95931681258406,2.3265966924944794,12.785005402664783,50.6078118248349,0,2026-10-08 00:33:57
2026-10-07 12:54:00,CNC-02,M,23.790625563075253,38.70669911813411,1427.4151333404116,52.9567258808963,150.8940871577848,2.3197647594196527,14.11636934562235,53.15593597223584,0,2026-10-08 00:33:57
2026-10-07 16:14:00,CNC-03,H,26.285734565785617,40.48792678965032,1770.8543972145083,39.86139631789359,102.27162614138213,2.388856435842739,13.096351160830578,51.73946247354905,0,2026-10-08 00:33:57
2026-10-08 00:23:00,CNC-01,L,298.4508451757564,311.0841628074968,2829.8151276639137,17.32639953046322,157.8271553514004,3.6767843247720715,9.433270661363728,51.94700008770147,0,2026-10-08 00:33:57
2026-10-07 07:33:00,CNC-03,H,295.9438189946136,309.6055215194226,1767.625374115852,37.97075296961911,38.155529645496216,2.218071333805964,12.504073727820499,56.26866825158819,0,2026-10-08 00:33:57
2026-10-07 11:41:00,CNC-01,L,296.1428559909442,309.86156775486984,1417.8256293220804,48.34917296901115,26.85081657285888,2.131971272307663,12.967656182008449,57.394310746049456,0,2026-10-08 00:33:57
2026-10-07 18:51:00,CNC-03,H,299.88414342288723,313.00900769247136,2287.5877267455417,24.954979458494943,68.96911747925745,2.870227597195583,10.404090797232902,53.580689900402064,0,2026-10-08 00:33:57
2026-10-07 06:53:00,CNC-02,M,296.1744374260898,310.18541042967195,1973.580663740335,34.9841256524737,,2.5044554906078766,12.552101270462966,55.71872514506715,0,2026-10-08 00:33:57
2026-10-07 12:37:10,CNC-02,M,23.70116238143214,38.260994345561244,1485.7713873305865,49.75966365483698,123.86179174840737,2.3283563166443773,13.905168103993162,56.797966195022894,0,2026-10-08 00:33:57
2026-10-07 07:06:00,CNC-02,M,296.22058464752297,310.9080375662632,1681.3727806177226,45.53495427176156,82.26965529546274,2.3339713886558036,14.40670140393644,60.10593847773607,0,2026-10-08 00:33:57
2026-10-07 08:53:00,CNC-03,H,296.3027545920255,310.72224650978285,1627.9729601818497,43.09557643430545,155.97349058224995,2.596949932808766,13.104088449373062,61.46658635030404,0,2026-10-08 00:33:57
2026-10-07 20:01:00,CNC-01,L,300.05611442685483,313.1483485454422,2412.729893754187,23.06522535584645,73.71673843243532,3.044333099724788,10.483878401655465,52.40136519709107,0,2026-10-08 00:33:57
2026-10-07 09:15:00,CNC-03,H,296.2603437298649,310.96713734229326,1500.3420202054112,50.94522177592388,189.74049939635412,2.633864650922121,14.433501882776454,63.26926583784879,0,2026-10-08 00:33:57
2026-10-07 20:11:00,CNC-01,L,299.9848466753913,313.3807994401442,2130.97213672609,28.806302131996212,85.6454668994964,2.686215087446425,11.230984564084602,47.32984718354169,0,2026-10-08 00:33:57
2026-10-07 12:36:00,CNC-01,L,23.310836359473,38.044586481964814,1464.3957675396505,52.6415075026305,114.13983007868485,2.2894336427223765,14.259974080726884,56.1538229896532,0,2026-10-08 00:33:57
2026-10-07 20:16:00,CNC-02,M,299.03393806483797,312.32826921954353,2465.9066102901124,22.107904843002075,83.04038433044241,3.0679083861018728,10.230820521512259,53.233005602712694,0,2026-10-08 00:33:57
2026-10-07 15:34:00,CNC-02,M,25.300265481317183,41.21812692161802,1790.0518892440361,48.55223653931374,151.02222240778482,2.794191351641291,16.16953042531532,56.89552622004827,1,2026-10-08 00:33:57
2026-10-07 12:59:00,CNC-01,L,23.729629396374776,38.411162168685735,1383.671248275619,54.70973142648871,150.67733887088676,2.331253635898887,14.272639577845833,55.35640056229123,0,2026-10-08 00:33:57
2026-10-07 02:46:00,CNC-03,H,297.65140725030375,310.76244570247763,2594.509865580286,19.671645392480855,148.6350302149777,3.3757583812397094,9.426963991916681,55.78744204879282,0,2026-10-08 00:33:57
2026-10-07 18:16:00,CNC-01,L,299.5985253493963,313.60293757171036,2118.6504232310285,31.39191266216428,173.2883702697245,3.2221990198943997,12.392522330965534,50.345791497019164,0,2026-10-08 00:33:57
2026-10-07 10:06:00,CNC-01,L,295.6597043545166,309.70711135929537,1402.2031815581965,48.43286400933193,93.08260432953483,2.0556643229730387,12.511855496742408,57.87850907289391,0,2026-10-08 00:33:57
2026-10-07 21:12:00,CNC-01,L,305.4772939589691,312.7985643977024,2528.251964470304,20.994184276546047,155.8849903491074,3.3333785940160943,9.989988685523656,42.43781195568213,0,2026-10-08 00:33:57
2026-10-07 15:59:00,CNC-02,M,25.17402027063514,40.28094794471173,1644.738556847014,44.56228014690353,187.8852147518853,2.8861882563627326,13.648345332589628,57.81740976880398,0,2026-10-08 00:33:57
2026-10-07 08:40:00,CNC-01,L,295.3475271640324,310.1848133341276,1686.7955605487532,45.26016205879629,197.66589547794754,3.055129445010142,14.226839664366011,60.4731778526145,0,2026-10-08 00:33:57
2026-10-07 03:39:00,CNC-02,M,297.39943890999757,310.11584871713575,2440.948376119516,22.04150115836568,37.27471831168791,3.0613789285844484,10.13205428822565,58.73601214353277,0,2026-10-08 00:33:57
2026-10-07 05:35:00,CNC-02,M,302.00879125897944,311.11913106668607,1944.3549822849982,40.09007908554675,180.93137764704662,3.0481695881617834,14.315271961757446,49.278350009328875,0,2026-10-08 00:33:57
2026-10-07 17:12:00,CNC-02,M,298.6315472477653,312.98133845179797,1725.0147911232643,41.19713021192286,66.43918846720152,2.387170929591009,13.25517643654524,53.925355736176385,0,2026-10-08 00:33:57
2026-10-07 15:32:00,CNC-03,H,26.239983041400592,39.833593801265124,1452.8319980133801,44.71189793473448,40.773795764824115,2.144809177640812,12.048389160358191,53.99060208466425,0,2026-10-08 00:33:57
2026-10-07 11:52:00,CNC-01,L,296.378020327878,310.341511361845,1342.983075571611,51.40946522811074,44.45081657285889,1.9690965057727163,12.856836195641401,58.54221342753882,0,2026-10-08 00:33:57
2026-10-07 13:32:00,CNC-01,L,297.19300355252676,311.73539657043693,1356.2763982941678,52.274530879503715,202.5977752630429,2.82717327729691,13.366746326871176,56.75283475458736,0,2026-10-08 00:33:57
2026-10-07 02:34:00,CNC-02,M,297.9127682882119,311.0264519154018,2634.0857496793406,19.197505464129165,178.3138809823826,3.663951383736448,9.287329552647778,51.57816831404163,0,2026-10-08 00:33:57
2026-10-07 01:29:00,CNC-03,H,298.2586584534228,310.1582946546968,2691.5584275653555,15.690311855482024,63.7769824498856,3.2407851546979987,7.898975966646022,54.8567437334708,0,2026-10-08 00:33:57
2026-10-07 16:37:00,CNC-02,M,298.6834919320038,312.28121630054113,1772.3546277785176,37.25621271828527,17.149025703900033,2.4478261988465024,12.222293054641852,52.31576014630321,0,2026-10-08 00:33:57
2026-10-07 08:28:00,CNC-02,M,295.9354445441018,310.9836146439093,,45.112599274747204,200.99741794945882,2.9481266205792203,14.638506664624469,59.006052864268945,0,2026-10-08 00:33:57
2026-10-07 01:42:00,CNC-03,H,298.07395093750205,309.72120265864294,2663.050723443818,14.083549763538977,78.11328869236277,3.3129677039014784,7.199154097071128,58.62144881254407,0,2026-10-08 00:33:57
2026-10-07 08:18:00,CNC-02,M,295.84952361726374,310.9115362063377,1662.824894351678,45.42218210414396,186.19765600084872,2.7521208991224375,14.093362230620968,58.49970433669195,0,2026-10-08 00:33:57
2026-10-07 20:03:00,CNC-02,M,299.21055932493374,312.7559343795997,2395.5355995968957,24.756143655175187,67.38132294522566,2.9501433211915207,11.118187857519573,54.84624251515235,0,2026-10-08 00:33:57
2026-10-07 10:27:00,CNC-01,L,295.6704023259329,310.2026907057101,1481.812835647242,49.34389968899241,125.97102241343681,2.3113241397976303,13.585746664391698,60.20986767380057,0,2026-10-08 00:33:57
2026-10-07 05:51:00,CNC-01,L,295.7557306662944,310.69329706840597,2029.9834433849146,37.76343463748706,182.10303735610165,3.2267482021565,14.540765998814512,55.15929805830071,0,2026-10-08 00:33:57
2026-10-07 08:15:00,CNC-02,M,296.0455551297405,311.33882468846383,1730.9292841539582,46.152270383693065,181.79041458175533,2.8374535745471747,14.798141447878791,57.711528038839916,0,2026-10-08 00:33:57
2026-10-07 05:41:00,CNC-03,H,296.19770709127675,310.04015103492344,2177.35555689555,29.984465113278482,127.45249533368141,2.8447135460093773,12.05662485179485,59.07445964720218,0,2026-10-08 00:33:57
2026-10-07 14:15:00,CNC-01,L,297.486092467053,311.2872263280503,1377.891667373152,48.72360634847897,43.83959454829476,2.139359952833086,12.63259495200872,56.19039040962571,0,2026-10-08 00:33:57
2026-10-07 04:59:00,CNC-01,L,296.0771043054479,309.7966926222859,2167.282353087826,30.243353383594435,114.89676688436015,2.934337876851052,12.53511673755966,53.06505248625801,0,2026-10-08 00:33:57
2026-10-07 04:48:00,CNC-01,L,295.93288304098564,309.79856025310323,2169.8728986959172,31.7671590043615,101.05307691191086,2.954976425979513,12.562713069677606,58.83498315082667,0,2026-10-08 00:33:57
2026-10-07 08:31:00,CNC-01,L,295.6925983197906,310.5716296306941,1624.1740400625113,47.713762709025076,184.13883881622652,2.884361484568387,14.674941949138187,59.002118434658705,0,2026-10-08 00:33:57
2026-10-07 06:40:00,CNC-02,M,296.3997321356987,310.4728772760022,2009.7766146048452,35.69642498932145,46.068470640507826,2.5693401514371015,13.74663337684349,54.21165302055615,0,2026-10-08 00:33:57
2026-10-07 09:28:00,CNC-03,H,296.51874738124184,311.5326795588203,1482.6597507385802,51.46520746596516,209.61905195953875,2.700111719384575,14.464579631419875,59.90910741425352,0,2026-10-08 00:33:57
2026-10-07 12:55:00,CNC-03,H,24.415112335320543,37.69609711540363,1388.862348179602,44.441910528540646,15.682317470404227,2.0058814781742518,11.635395461331845,59.15813339366378,0,2026-10-08 00:33:57
2026-10-07 16:05:00,CNC-01,L,25.297546520049707,40.11548703130177,1724.5593759366336,40.76590779563749,209.8125917337142,3.316111872149558,13.363533917513006,50.889320029590294,0,2026-10-08 00:33:57
2026-10-07 04:27:00,CNC-01,L,296.55491138257867,309.0145503516277,2335.8353464378965,21.63293119425166,75.10264394091288,2.9815068657242816,9.69776155828655,60.870933295409465,0,2026-10-08 00:33:57
2026-10-07 00:35:00,CNC-02,M,298.76313127009973,310.1931121119966,2764.787921071334,13.635645549109045,48.88700370775611,3.3275779986355136,7.117935355193379,50.85009353370065,0,2026-10-08 00:33:57
2026-10-07 05:49:00,CNC-01,L,295.9546042599613,310.41338859265505,1956.5844659875627,35.00218600475034,179.42040044665558,3.1384875237925147,12.629166774429024,59.38912574821406,0,2026-10-08 00:33:57
2026-10-07 22:03:00,CNC-03,H,299.2892614266917,311.21680809303876,2727.912501281989,16.32749088655852,41.797374084187716,3.340778768551474,8.627194227128582,50.759512105982466,0,2026-10-08 00:33:57
2026-10-07 16:04:00,CNC-01,L,25.279676500624987,40.49354165508856,1783.8120389755059,44.95937331856492,208.3794302579032,3.3487666978080886,15.16247490538585,53.42312484177768,0,2026-10-08 00:33:57
2026-10-07 04:17:00,CNC-01,L,296.31328047643933,309.31519955275036,2277.3786502812545,23.41965905083824,62.93522385342829,2.8986710850353683,9.834218584064818,61.5137904527765,0,2026-10-08 00:33:57
2026-10-07 19:36:46,CNC-01,L,299.8652752029652,312.9503912429727,2208.921981365368,27.21722909074983,43.424592985384784,2.7979781597816746,11.292477838906942,50.85433313537483,0,2026-10-08 00:33:57
2026-10-07 06:00:00,CNC-01,L,295.57311499524104,310.08681956309584,1877.1693003942937,36.92067360417697,193.98292730224202,3.215135821340801,13.096359960842747,63.73251499854538,0,2026-10-08 00:33:57
2026-10-07 21:44:00,CNC-02,M,299.2276974168509,311.8283614477,2654.1625257436344,15.61036461180791,183.17042632302332,3.5248066136242246,7.734117470205256,53.83301840892106,0,2026-10-08 00:33:57
2026-10-07 15:00:00,CNC-03,H,299.2177169312264,314.4298310308326,1531.6984462108892,51.789828246239864,210.2033450851804,2.758739125274015,14.945760260384288,48.403852041784894,0,2026-10-08 00:33:57
2026-10-07 16:18:00,CNC-01,L,25.590236574771836,39.49107400705475,1814.2104289928145,39.57161615446623,10.107961577267611,2.4575405608889294,13.373980595460026,56.22123926043722,0,2026-10-08 00:33:57
2026-10-07 19:54:00,CNC-02,M,299.13600415726006,312.4064197002717,2201.045490430534,25.41879519184871,56.559604412914275,2.798657876498957,10.397498966294211,49.957132586095746,0,2026-10-08 00:33:57
2026-10-07 08:59:00,CNC-01,L,295.28773861435906,310.3207574372471,1584.7236379918402,48.06519654352845,226.30490727415543,3.356339821331572,14.29956937239904,58.25454598723429,0,2026-10-08 00:33:57
2026-10-07 21:29:00,CNC-01,L,305.14485640422185,311.7878590454581,2568.2919009683724,17.0632711252777,174.99522112568516,3.543907084531425,8.430384493038,43.63015806463979,0,2026-10-08 00:33:57
2026-10-07 21:13:00,CNC-03,H,299.757328686676,312.2869097830818,2791.7006282978136,15.489946008578626,238.96879670277286,4.120641548372725,8.348668916363147,54.70211559750907,0,2026-10-08 00:33:57
2026-10-07 05:29:00,CNC-02,M,301.9355215014536,310.31347360727756,2089.4464302985693,32.18612748518409,173.1078417362019,3.0274718581640663,12.55938783722404,45.65451535351507,0,2026-10-08 00:33:57
2026-10-07 21:08:00,CNC-03,H,299.61977536045146,313.88413555375433,2457.6249960280993,25.264838158899,233.32224453391828,3.7163078097475943,11.865051313741962,51.59179053004643,0,2026-10-08 00:33:57
2026-10-07 16:09:00,CNC-03,H,26.54763277369551,41.03547758893632,1755.4477358191102,41.32109134729002,95.06203906952028,2.353871470602879,13.612965652124995,49.563968406849135,0,2026-10-08 00:33:57
2026-10-07 20:34:00,CNC-03,H,300.0451984068475,314.3599905361606,2428.7911993371167,28.560590537297706,194.06637174807366,3.429299559112051,12.869067117039815,55.85607709487691,0,2026-10-08 00:33:57
2026-10-07 00:37:00,CNC-02,M,298.67748010078543,309.56201075834406,2729.119723922278,12.124668144763561,51.004263894553,3.301428496358609,6.094028140340605,53.26835836530526,1,2026-10-08 00:33:57
2026-10-07 09:59:00,CNC-01,L,295.39361980462644,309.47144066615016,1398.9009431618606,50.30783775557798,82.06842321344718,2.152479048615978,13.25603928130828,58.02405822142233,0,2026-10-08 00:33:57
2026-10-07 06:32:00,CNC-01,L,295.85766263284125,309.64609948581796,2052.931905868863,34.604848790682226,13.660290134401073,0.0,13.179591986524429,58.383125540990655,0,2026-10-08 00:33:57
2026-10-07 07:20:00,CNC-02,M,296.0568103376612,309.9866381281318,1848.184642399092,35.401250141870946,101.91617211096701,2.6391536600935623,12.24396102513072,60.100264372866775,0,2026-10-08 00:33:57
2026-10-07 07:53:00,CNC-01,L,295.6203447445637,310.6978264362196,1784.9617192942878,44.2948473709198,127.82348815137496,2.68347555016446,14.993364317136757,59.44031846438255,0,2026-10-08 00:33:57
2026-10-07 18:33:00,CNC-01,L,299.5558500183821,314.11921826700257,2259.0010349888844,31.966843543156422,195.2362936663142,3.472866696454795,13.766152068777497,59.04092828248353,0,2026-10-08 00:33:57
2026-10-07 07:23:00,CNC-02,M,296.2698893483959,310.24392941395973,1817.3050760763083,36.48768470909946,106.16328533900143,2.5483109342914916,12.544289417703988,58.86344791982099,0,2026-10-08 00:33:57
2026-10-07 14:20:00,CNC-01,L,297.62815505451704,311.7659664578209,1747.2120481416193,40.802847178608744,51.54240417154972,2.3359479383316617,13.605164459095269,55.91069142095747,0,2026-10-08 00:33:57
2026-10-07 19:50:00,CNC-02,M,298.8019681706064,312.05385071519254,2357.5724980873497,25.53838422972214,51.69522577624232,2.98469896956622,11.353727708164529,54.53350127209068,0,2026-10-08 00:33:57
2026-10-07 10:11:00,CNC-03,H,296.4520515126158,310.2072517097829,1446.793190218182,47.614657851650506,4.681514273603981,2.1047560151346336,13.029760647170368,59.426813645978505,0,2026-10-08 00:33:57
2026-10-07 02:01:00,CNC-03,H,297.55943524763813,309.7359729272277,2720.3445151892984,15.850759009714292,98.74746566203609,3.374059148095215,8.036735246080564,52.022955149342614,0,2026-10-08 00:33:57
2026-10-07 05:51:00,CNC-03,H,296.25792379101387,310.2270449280282,2135.1310341581625,30.924325731565187,140.48700955334522,2.8848446970088575,12.516253908651494,61.7091613604397,0,2026-10-08 00:33:57
2026-10-07 04:59:00,CNC-03,H,296.66277184135316,310.1578712395882,2186.519539827586,28.87698960613714,73.52803964815855,2.8240378572608593,11.68423911837473,54.23894079809977,0,2026-10-08 00:33:57
2026-10-07 11:19:00,CNC-01,L,296.3353921248033,311.77416041886073,1504.9833537564098,53.19918429125622,208.17202732461675,3.063491346678148,14.781113584617751,56.42487430814168,1,2026-10-08 00:33:57
2026-10-07 20:48:00,CNC-02,M,299.4440493922381,313.10284908153784,2372.4458345233056,25.143780429099195,120.34922500077414,3.0952995268106784,11.09853768300956,50.776509305093235,0,2026-10-08 00:33:57
2026-10-07 15:47:00,CNC-03,H,26.135552037837158,40.11851970823102,1686.726648374156,41.662916384045126,62.99158273361506,2.365847768174541,12.968028122439906,48.90793606371176,0,2026-10-08 00:33:57
2026-10-07 05:05:00,CNC-03,H,296.6285351768869,310.8190934107914,2179.3732585832336,32.38284954291413,81.10901386210449,2.7738257094139813,13.231632059218544,64.22750997208267,0,2026-10-08 00:33:57
2026-10-07 20:23:00,CNC-01,L,300.21067640651927,313.682877769578,2304.268130916227,25.370652993333973,99.73329536424862,2.9192083661452832,10.967295103960625,52.399950746884635,0,2026-10-08 00:33:57
2026-10-07 05:08:00,CNC-01,L,296.0106685227701,310.35841739032156,2193.166246076367,32.38294001531342,126.2205070926684,3.0726755391461333,13.54665504746711,55.0896477731913,0,2026-10-08 00:33:57
2026-10-07 08:14:00,CNC-03,H,296.1857533011435,310.59055455662286,1789.736628258561,40.58558054714473,97.7981207250311,2.3947972418553523,13.580231498855023,58.635652806895685,0,2026-10-08 00:33:57
2026-10-07 11:39:00,CNC-03,H,297.1055328026086,311.9904814307774,1596.478038610619,49.824738564248534,143.5273403106651,2.413933983306825,15.008726541929603,53.83721170150016,0,2026-10-08 00:33:57
2026-10-07 17:10:00,CNC-03,H,299.775754702535,314.2074696567644,1995.031493208296,34.89923473531071,181.7542085443865,2.9705600235180336,13.113626462004927,52.60564087504971,0,2026-10-08 00:33:57
2026-10-07 14:51:00,CNC-01,L,297.8400090944068,312.420899281472,1436.8551678632161,52.78214446369002,99.36246859102154,2.153489709173923,13.897253894802574,53.24821839032296,0,2026-10-08 00:33:57
2026-10-07 14:38:00,CNC-03,H,298.81297479720695,313.85961836055975,1468.5290700846697,51.79810944292701,176.4995071599956,24.697983814652382,14.311855395359364,56.70098746374621,0,2026-10-08 00:33:57
2026-10-07 12:34:00,CNC-01,L,23.046662436834367,36.880333234720524,1397.1428497931256,49.74720170757868,111.01410449013241,2.1613205973876233,13.052333856103816,60.122813742092866,0,2026-10-08 00:33:57
2026-10-07 01:16:00,CNC-02,M,298.5452620076508,309.7669902612484,2623.6526567058254,13.259504416024772,92.81297701565326,3.2023639707952882,6.667787219182813,56.887513547627144,0,2026-10-08 00:33:57
2026-10-07 00:39:00,CNC-03,H,298.7235840044319,309.77931657211275,2688.2924396169537,12.40188501414216,9.750979574413817,3.3703268703995906,6.199896441149091,49.30609751528912,1,2026-10-08 00:33:57
2026-10-07 05:41:00,CNC-01,L,295.71599893883314,310.54257702482386,2016.7157253105984,36.837517516887615,168.98204086138009,3.1200592714826954,13.775161702504313,60.11180283046319,0,2026-10-08 00:33:57
2026-10-07 18:29:00,CNC-01,L,299.5556997464378,314.87707382049086,2240.3820024450865,35.17166366397408,190.16158882812903,3.3540053042255855,14.695026016244691,42.63094577787457,0,2026-10-08 00:33:57
2026-10-07 02:05:00,CNC-02,M,298.15346143647616,311.1606362959021,2589.101511005092,20.36315657339561,146.2103911030461,3.318147347984505,9.690731127700198,54.42451792764679,0,2026-10-08 00:33:57
2026-10-07 16:15:00,CNC-03,H,26.303758314557342,40.43859909115287,1738.8544339223113,40.63373415310324,103.72331425498543,2.4601118654331775,13.149435973729888,54.30112320847575,0,2026-10-08 00:33:57
2026-10-07 00:47:00,CNC-02,M,298.7233969808402,311.12613391168253,2731.2749011774968,16.901130961101185,61.66667778582596,3.324303500207791,8.76083204144145,55.491530233399246,0,2026-10-08 00:33:57
2026-10-07 02:44:00,CNC-02,M,298.09914126080696,311.334364747272,2530.3068363778134,21.329881762489215,189.51955583554852,3.5801136497159978,9.971205334494746,53.09716425936271,0,2026-10-08 00:33:57
2026-10-07 13:27:00,CNC-03,H,297.8896287603266,312.26652286462945,1560.2591883636685,47.8649923856827,66.03976134227223,2.275419754338285,13.929617959872244,53.40163829999777,0,2026-10-08 00:33:57
2026-10-07 14:45:00,CNC-02,M,297.71866280490013,311.74178229104837,1385.7790817201928,47.84851651312535,0.0,2.2295293862326613,12.238818772290132,58.57255022482356,0,2026-10-08 00:33:57
2026-10-07 07:08:00,CNC-03,H,296.0496312955913,310.0530740565615,1932.819165911589,39.48353319712075,2.799400221558005,2.4755272636880137,14.119250617089474,61.03304836272382,0,2026-10-08 00:33:57
2026-10-07 01:06:33,CNC-03,H,298.3969867182397,310.3270436210332,2845.2934102954314,15.40451189106714,39.706993191636734,3.3333774799935108,8.422799855016573,55.45924914251468,0,2026-10-08 00:33:57
2026-10-07 23:12:00,CNC-03,H,304.50348298912223,310.2422255677009,2739.722445345314,14.066113291524962,116.2544916004305,3.3356499079047026,,44.20668743253683,0,2026-10-08 00:33:57
2026-10-07 06:04:00,CNC-01,L,295.8044595541466,310.1457087538887,2113.457030708015,31.719206746890087,199.28116894690365,34.90729461209261,12.540941228777784,58.06517948066077,0,2026-10-08 00:33:57
2026-10-07 05:30:00,CNC-02,M,301.9304592768247,310.679336142903,2166.378836561145,33.457875460875336,174.38167165165933,3.243679050550304,13.281693581865861,46.20207073581133,0,2026-10-08 00:33:57
2026-10-07 16:12:00,CNC-02,M,25.56904691205216,40.92381474222054,1652.8465600359054,46.04327283784614,206.88165708776697,3.0079957313423358,14.41479364420145,58.69692926625314,0,2026-10-08 00:33:57
2026-10-07 15:34:00,CNC-01,L,25.075558626635882,39.87719304277982,1763.2359985272358,42.12055956938079,164.11685821157613,2.9426271313309735,14.083960506784063,52.6016254712535,0,2026-10-08 00:33:57
2026-10-07 01:53:48,CNC-02,M,298.38469479885714,310.9891765331891,2696.5823818511153,16.988871161202923,135.13647862911017,3.400642321597293,8.685610778298514,56.02147754256941,0,2026-10-08 00:33:57
2026-10-07 14:56:00,CNC-01,L,297.8239448508356,312.84578119014105,1630.341763113834,48.889442287931715,106.92807030067661,2.3539899305834684,15.008515589940883,55.71539219586464,0,2026-10-08 00:33:57
2026-10-07 06:38:00,CNC-02,M,296.4174545291867,311.0769541352503,2124.965930098793,37.11376132846777,43.30443962703252,2.769463340514983,14.808146525792083,59.671914371398394,0,2026-10-08 00:33:57
2026-10-07 10:09:00,CNC-03,H,296.5297558506588,310.6620298546188,1439.6737267126698,51.5948625953573,1.5803851065101222,2.016271630026324,13.772812603050042,55.83293762571065,0,2026-10-08 00:33:57
2026-10-07 06:59:00,CNC-01,L,295.7660638310714,309.49358063449364,1955.9235818364107,33.843864464593864,51.037446366086385,2.5029863982456266,12.499933139037687,57.940756872499904,0,2026-10-08 00:33:57
2026-10-07 23:53:00,CNC-03,H,304.2186410011533,311.16771562850573,2675.0568731768244,19.362476928014342,159.5976164791887,3.4664412628220167,9.663673506219238,41.84363198857532,0,2026-10-08 00:33:57
2026-10-07 08:12:00,CNC-01,L,,309.9109625837044,1780.2724936719749,41.64980475234712,155.83415505805633,2.646423620361887,13.950963832707908,62.98163288326599,0,2026-10-08 00:33:57
2026-10-07 18:22:00,CNC-03,H,299.76707050203214,312.64932494127504,2258.276574623913,25.33855898974637,31.756981807793498,2.8479825466647566,10.742113254556017,47.31546645182735,0,2026-10-08 00:33:57
2026-10-07 22:01:00,CNC-02,M,299.3622269273486,313.37706156260583,2635.3749323558054,22.087436862646985,201.9862687900322,3.891410486385305,10.753724415377595,47.97633491155668,0,2026-10-08 00:33:57
2026-10-07 21:39:00,CNC-02,M,299.2257960598466,313.6550115983416,2496.573094935314,25.020360330137414,177.62921229791516,3.548516609131839,11.706197283236216,49.75959342521243,0,2026-10-08 00:33:57
2026-10-07 16:12:00,CNC-01,L,25.393870916556864,38.80630879408545,1598.573103459708,40.057826976005806,1.4785486379508355,2.2514193706565644,12.121414125689071,54.70210197534374,0,2026-10-08 00:33:57
2026-10-07 03:39:00,CNC-03,H,297.24992938751774,311.0903993835138,2447.345103451144,24.058406748396784,209.22523748530364,3.5928864843966446,11.187311038550803,56.828135737275964,0,2026-10-08 00:33:57
2026-10-07 18:49:00,CNC-01,L,299.7462580006028,313.97655159114447,2204.3366615614095,28.471269838976376,215.60042224265143,3.7831449772126797,11.817514385813764,52.47148424370478,0,2026-10-08 00:33:57
2026-10-07 05:45:00,CNC-02,M,302.11665716508776,310.6381898798861,2258.30005301097,29.576197201122433,193.86779716118198,3.3750506244548313,12.544632584022427,50.90187527414536,0,2026-10-08 00:33:57
2026-10-07 08:50:00,CNC-03,H,296.12562450635164,311.03332194102524,1624.3920466942614,47.18068650098889,151.4747249467339,2.4805312265088597,14.29490508886134,60.19939565279822,0,2026-10-08 00:33:57
2026-10-07 08:48:00,CNC-02,M,295.91828050485384,310.29486993672805,1684.0847032382776,44.803241043993545,13.620207638705956,2.3584395224957486,14.243387440088092,58.4560801373178,0,2026-10-08 00:33:57
2026-10-07 03:11:00,CNC-02,M,297.4339679888645,310.5327884908655,2463.4889923403034,23.20510089019243,4.756129060042944,3.1090915906330236,10.971319687216612,55.971399848305424,0,2026-10-08 00:33:57
2026-10-07 11:29:00,CNC-02,M,296.5172405233327,310.36414951894193,1347.4883617396042,50.70864314164099,15.854767460900037,1.9766064655886588,12.953116568077666,55.39612058622225,0,2026-10-08 00:33:57
2026-10-07 11:15:00,CNC-01,L,296.0180367949723,310.97128867840826,1302.7518028623397,56.92705220294421,201.8508246916826,2.731288938337336,13.708997818907125,58.41701419724503,1,2026-10-08 00:33:57
2026-10-07 07:47:00,CNC-02,M,295.79886404989514,310.63792843256385,1740.43429057195,43.03974120964497,140.91829935547526,2.6208979909737256,14.113747194511038,61.05052736115011,0,2026-10-08 00:33:57
2026-10-07 03:54:00,CNC-01,L,296.78407211684504,308.8249433401215,,18.34958863020981,35.0815844221541,3.006597244282961,8.509841850136226,56.87364430095355,0,2026-10-08 00:33:57
2026-10-07 13:34:00,CNC-03,H,297.8569010045163,311.7086420634882,1431.560167921988,49.29294913374875,77.03224123251759,2.032265150219088,13.190713377616017,55.084164010951476,0,2026-10-08 00:33:57
2026-10-07 05:46:00,CNC-03,H,296.3528037017609,310.1502654060959,2238.4804640747066,27.9294347650368,133.98714797072785,2.925485998589587,11.334406861066231,58.32269980393733,0,2026-10-08 00:33:57
2026-10-07 09:50:00,CNC-03,H,296.332178887021,312.44219977156644,1641.3365657614547,53.97555174088222,243.52897207328448,3.3316490129295677,16.78227622897454,61.38398002283969,1,2026-10-08 00:33:57
2026-10-07 05:17:00,CNC-01,L,295.84363357643053,309.3334834382652,2219.1995786458438,26.60124413790789,137.70426773859234,3.058021970995537,10.845747085433992,57.069619056436764,0,2026-10-08 00:33:57
2026-10-07 23:24:00,CNC-01,L,299.1012603673678,311.397230099377,2715.9518981754954,16.775186263195753,94.92021010392352,3.241656013208768,8.412612814997763,53.992160555737435,0,2026-10-08 00:33:57
2026-10-07 20:17:25,CNC-01,L,299.9583822663358,313.1752097759949,2387.652110959069,25.59701597944861,91.55434346341147,3.0652430624814007,11.429167362676216,53.40768001136097,0,2026-10-08 00:33:57
2026-10-07 07:11:00,CNC-03,H,296.137815381963,309.83450442406183,1811.242620449287,37.43113706458464,6.978895660382983,2.4173031119779878,12.589020636924133,58.44865930871393,0,2026-10-08 00:33:57
2026-10-07 16:41:00,CNC-03,H,299.51357078767876,314.213035949037,2010.7298122098518,36.35473028952237,140.94943775508926,27.52760490576309,13.682271140208925,53.80028527655475,0,2026-10-08 00:33:57
2026-10-07 07:17:00,CNC-02,M,295.93277149077926,10213.034002471508,1788.0487535708667,40.81461855463648,97.66078883406914,24.410574487327978,13.805777477021438,53.81696155837343,0,2026-10-08 00:33:57
2026-10-07 00:42:00,CNC-01,L,298.8180003789546,309.7561630900721,2800.817093562307,11.113030475078483,26.22513334082827,3.2594104592778175,5.649522593945467,53.62845402508756,1,2026-10-08 00:33:57
2026-10-07 21:27:00,CNC-03,H,299.3424151146341,310.9787834288576,2744.4361061487143,14.900402131143759,2.142387080313596,3.262036268142373,7.628869236415271,54.85500027742804,0,2026-10-08 00:33:57
2026-10-07 22:30:00,CNC-02,M,299.2965473081568,312.7914513652376,2641.4795032945894,19.64277394902854,233.75439775869754,4.125379685278973,9.490258573504386,56.970370280104035,0,2026-10-08 00:33:57
2026-10-07 17:42:00,CNC-03,H,299.74998955138966,314.3912924545798,1978.9042556942882,35.050504339409116,225.71627834083873,3.3805561629379506,13.101825123189293,51.84306612032743,0,2026-10-08 00:33:57
2026-10-07 14:04:00,CNC-02,M,297.3858345454232,311.78633754730146,1574.1576935991493,48.00378000146268,13.96533554730228,2.148707823408327,14.015422518370588,60.82292762506527,0,2026-10-08 00:33:57
2026-10-07 16:21:00,CNC-02,M,25.580282154257304,40.91183367420854,1703.3919894505048,44.43198812526402,220.0179224760388,3.1827511077719945,14.030129832932376,49.934470008636254,0,2026-10-08 00:33:57
2026-10-07 04:42:00,CNC-03,H,296.63869918421943,310.80153820694267,,31.43258467507595,52.21087516362885,2.9153737613622983,13.483457341380616,58.12609589238366,0,2026-10-08 00:33:57
2026-10-07 20:19:00,CNC-01,L,300.0138725731459,313.3591218172029,2438.1174170219974,23.748633137232297,95.01479879581933,2.9989565559400173,10.910239993933773,49.04446175245127,0,2026-10-08 00:33:57
2026-10-07 08:04:00,CNC-02,M,296.07552572195755,310.696121209125,1781.577828712204,40.981939385116625,165.61382813265513,2.6910855410917613,13.672578420807804,58.59874235381348,0,2026-10-08 00:33:57
2026-10-07 18:07:00,CNC-02,M,298.8915364806559,313.8096296873918,2054.6438492270113,36.225094356523854,140.9156293774987,2.8186198261104485,13.785201756022369,51.29107648995421,0,2026-10-08 00:33:57
2026-10-07 07:34:00,CNC-01,L,295.6260819591667,310.03771451037596,1718.3647030838035,42.53031153134722,100.4645911698182,2.5036457574217414,13.770816442207403,61.198293605413625,0,2026-10-08 00:33:57
2026-10-07 10:09:00,CNC-02,M,296.18930754600666,310.7958102675056,1402.6752670154606,50.354238976872914,138.23715609476238,2.169390882071731,13.138342966515868,58.122112319818655,0,2026-10-08 00:33:57
2026-10-07 22:21:00,CNC-03,H,305.02627934444075,311.37642052941396,2504.4912184733357,18.24999003293139,61.50898030897044,3.0050817281199076,8.838715124372035,41.82064095434162,0,2026-10-08 00:33:57
2026-10-07 06:05:00,CNC-02,M,296.2761575526586,311.7680544120973,1970.11717098646,40.58340536874375,220.2963333399577,3.376607111908423,14.834001650764597,58.19757079732801,0,2026-10-08 00:33:57
2026-10-07 02:50:00,CNC-01,L,297.4523636795,310.86598997923414,2507.207733463153,21.838387075550393,166.00728744034407,3.4774996040071446,10.00993648872131,58.71278961463365,0,2026-10-08 00:33:57
2026-10-07 06:38:00,CNC-01,L,295.68930291510975,309.74447520547005,1892.3856402425895,38.50964083415094,21.842307985038385,2.641246376573049,13.600773015346741,57.98547451563628,0,2026-10-08 00:33:57
2026-10-07 11:44:00,CNC-02,M,296.42866951557613,310.7750685518329,1467.585768984244,48.46537816344683,39.70340448636666,1.9909038746222592,13.278287193644722,60.871871621001326,0,2026-10-08 00:33:57
2026-10-07 09:58:00,CNC-01,L,295.3838953952516,309.75074586324547,1625.8834813340218,44.576178956518724,80.48443989895806,2.2625296189505564,13.500886641265549,62.6110522125475,0,2026-10-08 00:33:57
2026-10-07 15:41:00,CNC-01,L,25.240640745366818,40.2394173038428,1805.3257529584819,43.72933642325512,174.55903001930145,2.9590956348362654,14.550168971217895,56.851884238397915,0,2026-10-08 00:33:57
2026-10-07 08:32:00,CNC-03,H,296.261019036505,310.8668408250674,1704.8801251415125,44.48703695708503,124.64755315603121,2.4623196147578503,14.326298840698298,51.38740060737395,0,2026-10-08 00:33:57
2026-10-07 06:47:00,CNC-02,M,296.1358675607297,310.13770938054245,1921.5306586423474,36.66658691613138,55.63404915340092,2.5602758676999375,13.052099391635371,60.56745502464085,0,2026-10-08 00:33:57
2026-10-07 15:05:00,CNC-02,M,297.88488219336625,312.2369543411982,1593.9597432332212,44.31988621761022,107.61328170145829,2.272668457689033,13.198339757845158,57.22353490958805,0,2026-10-08 00:33:57
2026-10-07 11:53:46,CNC-01,L,296.3722976318928,310.4804329398563,1416.1108828807353,51.67558291571317,47.65081657285889,2.0378002735581657,13.757489849547479,57.314922153565114,0,2026-10-08 00:33:57
2026-10-07 16:52:00,CNC-01,L,298.91361306422675,312.743946840786,1859.1592531433625,36.177070645289334,58.89521017396753,2.4513231237541855,12.339541373312109,51.865488474347195,0,2026-10-08 00:33:57
2026-10-07 08:47:00,CNC-01,L,295.4343483501387,310.41119531402495,1594.260321439724,47.69072745966672,208.18598781851082,3.1942611593081853,14.294800907417253,57.08461125456028,0,2026-10-08 00:33:57
2026-10-07 08:36:00,CNC-02,M,295.93488568079414,310.78826638747694,1639.7760521391476,45.12212925325582,212.98535908569278,3.0116156024277623,13.973809233995382,56.104355238043745,0,2026-10-08 00:33:57
2026-10-07 20:09:00,CNC-03,H,300.03773424717645,315.00443427112214,2240.990293635961,34.291700863032304,164.86971706030906,3.091545951216666,14.423659252509918,47.52724310075494,0,2026-10-08 00:33:57
2026-10-07 20:42:00,CNC-03,H,300.13968834268246,314.84316369376995,2406.8714593883956,29.40446804385882,203.3869153143201,3.48939385654255,13.374406343753343,51.52107360421967,0,2026-10-08 00:33:57
2026-10-07 08:04:00,CNC-03,H,295.9455407113127,310.36311083583934,1806.8232520947881,40.39594786559552,83.1256797379902,2.447282528593258,13.922509663101366,58.963064488303985,0,2026-10-08 00:33:57
2026-10-07 20:44:00,CNC-03,H,299.9061231665573,314.06175342223526,2577.27774788052,24.90929021811217,205.73169542606712,3.6053355358740076,12.122638375488812,53.11409034931104,0,2026-10-08 00:33:57
2026-10-07 01:24:00,CNC-01,L,298.43182176633314,310.43879010102376,2645.292260852671,16.454800725422814,71.32971626437381,3.115679139951269,8.220920095272747,49.32532057480542,0,2026-10-08 00:33:57
2026-10-07 01:04:00,CNC-01,L,298.7078792297952,310.32380807651197,2685.568289894309,16.054845594923243,49.87275681293181,3.1507284682831806,8.30335748168711,50.5464714206253,0,2026-10-08 00:33:57
2026-10-07 05:03:00,CNC-02,M,302.0053506560976,311.0224905690486,2183.388653161826,34.856888052183,139.90353143659178,3.045155893502478,14.261441544803164,46.8958695177054,0,2026-10-08 00:33:57
2026-10-07 15:28:00,CNC-01,L,298.0490648977832,313.15100092031173,1625.3986349823267,47.29835690300315,155.28852501243114,2.605573672250097,14.454658717689217,54.02686135922902,0,2026-10-08 00:33:57
2026-10-07 20:25:00,CNC-01,L,299.8861110869538,311.9318793190263,2560.057439749056,17.407282236941157,102.03761418428033,3.113425470992427,8.321541410239968,50.81441377255942,0,2026-10-08 00:33:57
2026-10-07 10:21:14,CNC-02,M,296.06000065229244,311.3619726985526,1473.8283946763765,53.91049073352635,155.56299820731343,2.4245568248982163,14.850026367113077,56.37452867072645,0,2026-10-08 00:33:57
2026-10-07 05:15:00,CNC-01,L,295.9883202025583,310.17225447555705,2226.543741423158,31.377381489522172,135.14290798106026,3.0710376083467885,13.332899895678064,57.761463176736356,0,2026-10-08 00:33:57
2026-10-07 20:56:00,CNC-01,L,305.3237933566537,312.40563056262977,2612.692848947128,20.663064956454875,137.84830644154226,3.336525647731947,9.925374080653938,34.258763586798196,0,2026-10-08 00:33:57
2026-10-07 16:47:00,CNC-01,L,299.05823386735005,313.44906183579724,1722.1715011317497,43.84490795659404,51.82193698838629,2.376094899212316,13.99458521331904,,0,2026-10-08 00:33:57
2026-10-07 11:44:00,CNC-01,L,296.19344693940116,309.7904018650016,1334.4287248114651,48.84164144446761,31.650816572858883,2.1277616115728786,,54.06885580068104,0,2026-10-08 00:33:57
2026-10-07 13:41:00,CNC-02,M,297.23896278473774,312.4472687680332,1416.0374739779124,53.628093061149045,225.17823930070222,2.9919245846948526,14.177313205212291,55.89766369025191,1,2026-10-08 00:33:57
2026-10-07 14:57:00,CNC-02,M,297.788794178642,,1574.5616298570692,48.830335389073284,95.4195122743388,2.287779345057965,14.531262835530876,56.412205174652335,0,2026-10-08 00:33:57
2026-10-07 04:20:00,CNC-02,M,296.73007325093397,310.05211889833765,61066.185365915975,26.010593167465114,86.44749851615336,2.9604019673563333,11.656072120289865,60.04341725684906,0,2026-10-08 00:33:57
2026-10-07 04:46:00,CNC-01,L,296.26133579774006,310.0239936586743,2213.8116883935522,29.440667351718453,98.51226557236272,2.8070848983297267,12.192380099604591,56.70196549816936,0,2026-10-08 00:33:57
2026-10-07 17:49:00,CNC-03,H,299.7271129139595,314.5466209345745,1981.6502442936442,36.16335244157494,235.15259066557505,3.390915421831896,13.327321986994226,55.0698166096582,0,2026-10-08 00:33:57
2026-10-07 16:59:00,CNC-01,L,298.9862072729028,313.4789331864032,1867.9711305888131,41.70468880950467,68.70697922954079,2.564381348654939,14.5317366744621,52.38463241343116,0,2026-10-08 00:33:57
2026-10-07 10:33:00,CNC-01,L,296.10292667250894,310.83195101651296,1491.2463505145704,50.97187582477159,135.3344835751135,,14.21565464631711,59.40942098257097,0,2026-10-08 00:33:57
2026-10-07 01:08:00,CNC-01,L,298.46305105364115,310.8383393441971,2730.9810839505867,18.50484308859725,54.173309514963016,3.3069035812460976,9.315696636160183,51.23947032288241,0,2026-10-08 00:33:57
2026-10-07 13:31:00,CNC-02,M,297.2029031880662,312.2057827855412,1363.4001331517893,54.565834091864645,209.55072883491732,2.6382920638707636,13.996367445898304,55.985138644895194,0,2026-10-08 00:33:57
2026-10-07 04:18:00,CNC-02,M,296.9333102225335,310.15922880399313,2285.1472256460866,26.25228108454883,84.03297390666361,2.8873845110384533,11.215224239369645,55.684666964585446,0,2026-10-08 00:33:57
2026-10-07 04:04:00,CNC-03,H,297.3611764858875,310.0548558550054,2559.7984786442566,22.629024937970353,5.973058410796374,3.0886268229432257,10.880311186610912,59.866267032859795,0,2026-10-08 00:33:57
2026-10-07 02:04:00,CNC-02,M,298.03776873070314,311.1074905283906,2442.7206318008834,22.46688367842614,145.08482501179907,3.182401638240725,10.409670732867633,54.85952580953893,0,2026-10-08 00:33:57
2026-10-07 02:25:00,CNC-02,M,298.02238549242657,310.6426488316576,2671.063930457345,17.26069942849716,168.2458837763447,3.5963905853264544,8.616980773541703,58.690927955502424,0,2026-10-08 00:33:57
2026-10-07 10:11:00,CNC-02,M,295.9801117979028,310.64219188800973,1378.028828829022,52.27992459687554,141.41957163616166,2.31697946277325,13.382776658872125,58.73788988558216,0,2026-10-08 00:33:57
2026-10-07 08:45:00,CNC-02,M,295.7307684497633,309.7893013133059,1653.0072630201923,43.28584189232042,9.166929673099892,2.309532492296121,13.279351432751975,58.94663839906411,0,2026-10-08 00:33:57
2026-10-07 11:49:00,CNC-01,L,296.14321981665154,309.90402211084734,1292.2205844240225,52.49467829809604,39.650816572858886,1.8450980255553282,12.619938591183306,58.71700612391442,0,2026-10-08 00:33:57
2026-10-07 22:00:00,CNC-03,H,299.3909224279046,311.0967888211437,,16.1331417823859,38.45488326969673,3.1305150681447587,7.870823288963907,,0,2026-10-08 00:33:57
2026-10-07 15:31:00,CNC-02,M,25.045746615701432,40.57357653479136,1877.248793744052,43.48773968002895,146.61297789921355,2.87988594254707,15.098913382979001,54.02653160032817,0,2026-10-08 00:33:57
2026-10-07 07:35:00,CNC-01,L,295.60515785633123,310.15045107210625,1746.4501703921069,43.39779137522656,101.90377241217728,2.5273665534633762,14.237443483898021,57.82143158790535,0,2026-10-08 00:33:57
2026-10-07 02:58:00,CNC-02,M,297.72088736495056,311.089418030453,2524.289714260014,,205.31607261597307,37.64409575743441,10.731093113873403,57.15048984715935,0,2026-10-08 00:33:57
2026-10-07 20:30:00,CNC-01,L,300.07586781392473,313.53959126262595,2373.209366905104,26.505031026900014,107.88656682931622,3.026844293634185,11.82150835751141,49.306758026553275,0,2026-10-08 00:33:57
2026-10-07 14:05:00,CNC-01,L,297.17430030872373,310.80022303948493,1434.498452550339,47.71551035439446,28.289832811780073,2.1852214320514944,12.591541686205256,57.382118456492,0,2026-10-08 00:33:57
2026-10-07 09:16:00,CNC-01,L,295.528284410364,309.409760108299,1634.720078474383,43.3345167794033,15.385492944434745,2.2600970450072757,13.404211060739229,57.157414801026384,0,2026-10-08 00:33:57
2026-10-07 10:14:00,CNC-01,L,295.7056420083522,309.8095594475432,1476.8225555978374,48.327898446510595,105.63083450271395,2.1848879889247614,13.294569938220112,59.89761606523041,0,2026-10-08 00:33:57
2026-10-07 00:36:00,CNC-02,M,298.7317874076789,310.99164018708956,2669.105332453178,17.75067914405473,49.97267086356179,3.341116633635877,8.825500235821554,54.721812437790355,0,2026-10-08 00:33:57
2026-10-07 20:53:00,CNC-02,M,299.6553433438078,312.78458139715286,2579.689604683924,20.743507828961526,126.08295882887563,3.3091114049004404,10.021571865952211,52.02594581859673,0,2026-10-08 00:33:57
2026-10-07 06:07:00,CNC-01,L,295.62617225628856,310.96221501352716,2078.5529578352703,36.79929366085501,203.22460337752028,3.3492431565652105,14.321933205470936,62.500482681701364,0,2026-10-08 00:33:57
2026-10-07 18:10:00,CNC-03,H,299.9550600125601,313.6406336112796,1899.8425192416046,35.651224714809565,15.937893937562393,2.5775740203030053,12.507141043080658,48.04351331055937,0,2026-10-08 00:33:57
2026-10-07 15:15:00,CNC-01,L,297.989300402256,312.0676703703875,1615.561689913581,41.47651727375415,135.71922892935157,2.504655418469977,12.669141374240073,51.481535378496176,0,2026-10-08 00:33:57
2026-10-07 20:39:00,CNC-03,H,299.847962609104,313.7414467521068,2226.4033869567215,28.670804347386806,199.87223820760664,3.2860550233652783,11.840416433089723,49.24516156996585,0,2026-10-08 00:33:57
2026-10-07 22:59:00,CNC-01,L,299.2715391911613,311.6049029189095,2620.8315386626546,17.449245174933672,68.1421404049551,3.113106675873631,8.651714675143282,49.99802847941605,0,2026-10-08 00:33:57
2026-10-07 08:17:00,CNC-02,M,296.07277959163906,310.99669102595954,1707.9931750477795,45.83379373803803,184.71397851244004,2.8187976730842723,14.846231358021255,56.48879351804565,0,2026-10-08 00:33:57
2026-10-07 03:46:00,CNC-01,L,296.8201764983936,309.62178372962336,2409.2880809885983,24.0679743939986,25.66411856398691,3.0279164031442876,10.866936601196512,56.91596927319947,0,2026-10-08 00:33:57
2026-10-07 17:19:00,CNC-02,M,299.02834724358456,312.9353759628376,1977.926516592799,33.2889996187459,76.02973536358682,2.6201779535628305,12.13065555395323,53.285596274236354,0,2026-10-08 00:33:57
2026-10-07 19:32:00,CNC-02,M,298.91786580709135,312.2004918810298,2335.482029860577,25.24857611810335,29.617823213408176,2.9890548645550035,11.138895621099815,51.3829275487951,0,2026-10-08 00:33:57
2026-10-07 10:31:00,CNC-02,M,295.9993778812383,310.7157351975984,1339.26865462995,53.09282153216685,172.982277033394,2.39481503966339,13.51272821167114,60.62887271551429,0,2026-10-08 00:33:57
2026-10-07 06:25:00,CNC-01,L,295.450629788325,308.96286939536685,1904.3314584071832,34.39334321489635,4.1099395979819775,2.553306204196649,12.099457180297245,61.807184740641276,0,2026-10-08 00:33:57
2026-10-07 20:24:00,CNC-03,H,299.7322077291383,313.9260436206268,2349.2532835607526,28.206045837193674,182.40706349031714,3.2920055848887935,12.52984959734384,53.00684390724986,0,2026-10-08 00:33:57
2026-10-07 05:20:00,CNC-02,M,302.2699420636076,310.3908046119755,2010.9838187102523,32.04645827863144,161.51289642922035,2.8772135611830625,12.02818067738317,47.07917733670899,0,2026-10-08 00:33:57
2026-10-07 21:52:00,CNC-02,M,299.33065878498587,312.8427903072723,2493.4179880307374,21.880015826622593,192.04540602148347,3.562724694502236,10.014667372342615,52.446048520788715,0,2026-10-08 00:33:57
2026-10-07 16:38:00,CNC-01,L,298.7517819058293,312.9546104986681,1784.6957200769893,41.077253726930614,38.941730774882956,2.386060544461696,14.020873581019378,53.232850280597646,0,2026-10-08 00:33:57
2026-10-07 19:52:00,CNC-03,H,299.7926126413505,313.3875593113968,2318.6417693426147,25.303431918971217,144.3770731320376,3.042042075259661,11.104585398059491,52.78833029321658,0,2026-10-08 00:33:57
2026-10-08 00:27:00,CNC-02,M,298.7024123351333,310.6637102880843,2652.5430791595677,14.436958021208522,120.21327692313062,3.3747697664688516,7.205340720449349,52.114727943995476,0,2026-10-08 00:33:57
2026-10-07 05:52:00,CNC-02,M,296.1911344834694,311.02780948867166,2049.739759376874,34.639936896120254,203.09758454630006,3.308112408890386,13.324235103169512,59.1271953566738,0,2026-10-08 00:33:57
2026-10-07 11:44:00,CNC-03,H,297.2862212769306,312.1343755910225,1451.4698481121898,51.90229095904338,151.52734031066507,2.337641251393964,14.1426976549961,57.87322335998497,0,2026-10-08 00:33:57
2026-10-07 05:27:00,CNC-03,H,296.1869176611903,310.71976992974805,2036.2623138723982,35.9747041364611,109.35196529939235,2.7248388838703463,13.81574693326894,56.960531827667694,0,2026-10-08 00:33:57
2026-10-07 10:35:00,CNC-02,M,296.16785498793917,310.90875888898427,1542.3897369343438,46.63465900971756,179.2381615121918,,13.472800579901396,57.115276014152855,0,2026-10-08 00:33:57
2026-10-07 19:01:00,CNC-01,L,299.5402658204669,312.2415030408397,2353.2467914497533,23.946456467470334,0.0,29.243324361808895,10.564138314235416,54.06359471398199,0,2026-10-08 00:33:57
2026-10-07 23:18:00,CNC-02,M,299.42835638148074,311.07139000778983,2636.0828284753866,13.766103931114717,47.0374795034067,3.284157330683761,6.848399944219216,49.78553482260304,0,2026-10-08 00:33:57
2026-10-07 10:42:00,CNC-01,L,295.9334490107714,310.67563453441085,1440.030901386147,51.89358988455814,149.54541655212617,2.4255468404577467,14.216775631398836,58.45944304165823,0,2026-10-08 00:33:57
2026-10-07 05:16:00,CNC-01,L,296.0101363711146,310.5336788763885,2035.0871726579062,35.64163897939208,136.4386937051717,2.9021319141404818,13.618222555441308,61.88185420341913,0,2026-10-08 00:33:57
2026-10-07 19:41:00,CNC-02,M,299.04394881749096,311.8830068017418,2404.035387994319,21.4051879241183,40.654826890546374,3.0186228135140714,9.533447984837165,54.670211916560035,0,2026-10-08 00:33:57
2026-10-07 16:11:00,CNC-02,M,25.60983916940455,41.836873466406416,1876.2726418607394,45.98598304606237,205.37822560223157,3.1014529228918533,16.332263636417327,53.81798048738236,1,2026-10-08 00:33:57
2026-10-07 20:10:00,CNC-01,L,299.73694485737315,312.1346610257992,2376.053371438141,21.667334272804858,84.40352411009282,2.9137945912998964,9.501846648672911,49.80715003839796,0,2026-10-08 00:33:57
2026-10-07 17:21:00,CNC-01,L,299.1435146770062,313.91183481358024,1894.34489653483,42.263377246099445,99.11317915524582,2.6126415474392575,15.040661526980147,59.376179507721545,0,2026-10-08 00:33:57
2026-10-07 00:55:00,CNC-01,L,298.59467693749747,310.46369936144526,2620.785648945793,16.320201550979416,,3.1306802502924143,7.935856728019897,54.72705011083414,0,2026-10-08 00:33:57
2026-10-07 21:06:00,CNC-03,H,300.06511044203637,313.43646714634633,2587.1044267171605,21.430095657044724,231.02799639387243,3.9615033595931664,10.63841842213149,47.79461080357832,0,2026-10-08 00:33:57
2026-10-07 03:43:00,CNC-03,H,297.1955861321326,311.3555486905193,2475.709533814549,24.6973989694405,213.97105843564566,3.627845609077315,11.476544238053192,54.01252591451002,0,2026-10-08 00:33:57
2026-10-07 09:13:00,CNC-02,M,295.97176609256815,309.7323371705952,1422.8095670948826,46.22171580256,51.72454403522457,2.081585592687921,12.434140285886633,62.33277802598686,0,2026-10-08 00:33:57
2026-10-07 07:39:00,CNC-01,L,295.5325281520311,309.94072555194015,1661.477274630015,44.027827069198665,107.65700032427827,2.40085736312264,13.516249671947651,57.64990558428208,0,2026-10-08 00:33:57
2026-10-07 12:55:00,CNC-02,M,23.73724544683091,38.65953735783813,1375.378275343069,52.877145887147236,152.4940871577848,2.30054981588511,13.535739460729824,59.20760417303908,0,2026-10-08 00:33:57
2026-10-07 03:38:00,CNC-02,M,297.2672767658809,309.6754418612359,2400.256400043383,19.873579443731924,36.10804020755778,2.9184722414859525,8.956491147438374,,0,2026-10-08 00:33:57
2026-10-07 07:35:00,CNC-03,H,296.1120757457158,309.9257341607752,1708.447459757073,39.277988056274076,41.034258215305535,2.3018490907295392,12.83108196474569,61.90029536304136,0,2026-10-08 00:33:57
2026-10-07 10:33:00,CNC-03,H,296.52376779387293,310.1066727170664,1398.3198784735314,47.216793706671666,39.01080228498902,2.1394524321189774,12.47324942121417,61.08256858589911,0,2026-10-08 00:33:57
2026-10-07 10:48:00,CNC-03,H,296.71002725806034,,1398.7193028707652,51.164663420356,62.734156067232206,2.1350929280186,13.42093430244768,53.624991836244654,0,2026-10-08 00:33:57
2026-10-07 13:24:00,CNC-03,H,297.8031215941703,312.04070166668305,1631.8726244234645,44.71876974456333,61.34131906526037,2.192709272898309,13.676564955107413,55.98405671032139,0,2026-10-08 00:33:57
2026-10-07 11:34:00,CNC-03,H,297.09550593726544,311.7358325042169,1486.6802580593717,50.94984232609042,135.60102704349262,2.1961888127516085,14.242947511683978,56.35878663684661,0,2026-10-08 00:33:57
2026-10-07 08:07:00,CNC-02,M,295.9890048701738,310.81834855125527,1771.4596379107365,43.416535432881886,170.0204376664262,2.775316143393148,14.320145785418951,60.39825756855971,0,2026-10-08 00:33:57
2026-10-07 16:24:00,CNC-03,H,26.092541642571064,40.90895792708022,1942.9056637669594,40.89981283613773,116.76983216205001,2.5509795098246393,14.716276428802054,51.57477898813678,0,2026-10-08 00:33:57
2026-10-07 08:52:00,CNC-01,L,295.2596375023926,310.62573345356753,1503.3292533770555,53.46652053620431,215.71003546027657,3.0492628212663213,14.96735855891327,60.17221563617092,1,2026-10-08 00:33:57
2026-10-07 07:22:00,CNC-02,M,296.0831291989576,310.4451471275702,1890.314094567702,37.11797049142554,104.76961915723206,2.595525508267695,13.097793289069294,54.59198211957453,0,2026-10-08 00:33:57
2026-10-07 13:28:00,CNC-01,L,297.05530854849593,311.6095750586757,1393.8529474300901,49.86642061005677,196.240626758966,27.2004638036293,13.00405220000959,53.86470424464236,0,2026-10-08 00:33:57
2026-10-07 02:43:00,CNC-02,M,297.70985272928664,311.32029051011716,2479.0734692692977,22.625973823320027,188.36998313136007,3.520598220912256,10.714055585323447,55.94083876654497,0,2026-10-08 00:33:57
2026-10-07 22:58:00,CNC-02,M,299.1558349256881,311.87209234969833,2693.412614993818,17.74516134107031,25.744111592768192,3.170645659945896,8.85972761425924,48.04871229541044,0,2026-10-08 00:33:57
2026-10-07 13:43:00,CNC-01,L,297.06215767603055,311.6847599049884,1398.185571022671,51.187728644826564,219.97474842967125,2.976797780339896,13.399780993744187,57.87662003869737,1,2026-10-08 00:33:57
2026-10-07 20:46:00,CNC-02,M,299.4547456861796,312.60214647281856,2566.945518180091,20.128947151310125,118.06188612709882,3.268128570364467,9.828229982970582,55.15404085310183,0,2026-10-08 00:33:57
2026-10-07 07:56:00,CNC-03,H,295.94834367569615,310.12484906441216,1665.7201973795602,43.83331501279131,71.45039594531919,2.374027348862961,13.533064836711432,58.93584960146471,0,2026-10-08 00:33:57
2026-10-07 08:11:00,CNC-01,L,295.5616009974201,310.30420445604636,,46.81857016505055,154.37652359326572,2.6317065507263315,14.718987860702995,59.95408862306952,0,2026-10-08 00:33:57
2026-10-08 00:25:00,CNC-03,H,298.6269103703248,311.79070933977016,2610.1035971225447,19.971801059246246,193.57702391592343,3.5777159920202126,9.812141839276443,50.31434166932093,0,2026-10-08 00:33:57
2026-10-07 04:19:00,CNC-02,M,296.9384932958274,310.3930707050273,2263.174461320996,28.177458530342154,85.27936949798382,2.799615171539568,12.004922592940908,57.830048996182995,0,2026-10-08 00:33:57
2026-10-08 00:29:00,CNC-02,M,299.1323670393706,312.25533629827993,2651.4019711520955,19.109403626636716,122.37357424684679,32.588017179208315,9.356925501619697,52.827261311875915,0,2026-10-08 00:33:57
2026-10-07 23:30:00,CNC-02,M,298.7069022255474,309.822682405466,2721.2740718709497,10.001877577032706,59.7506843927234,3.2270441745373017,5.1857227309597445,52.02335856949522,1,2026-10-08 00:33:57
2026-10-07 11:51:00,CNC-01,L,296.3434479771192,309.8057738796746,1306.0363041326123,48.562987465844145,42.85081657285889,2.0149384757162423,11.913715969733554,58.033362300387395,0,2026-10-08 00:33:57
2026-10-07 09:43:00,CNC-02,M,295.9992290385204,310.97371852048747,1514.2347795850335,52.259433274817965,97.6806131500074,2.3085633569113533,15.179065099012316,58.505608513378135,0,2026-10-08 00:33:57
2026-10-07 10:22:00,CNC-01,L,295.82003968709904,310.3819417191958,1476.213846067221,,118.12335143135654,2.2600027313126088,14.57085259413737,61.108184606030306,0,2026-10-08 00:33:57
2026-10-07 06:17:00,CNC-03,H,296.3408118835292,311.4221653744406,1959.5867893889967,39.21488294138767,175.32877766423343,2.9234780204336976,14.434769981350241,56.8903690532956,0,2026-10-08 00:33:57
2026-10-07 21:01:00,CNC-03,H,299.78561674830416,313.6261427202989,2475.61522559945,24.15576657000847,225.39787473371936,3.7237728552508185,11.26558860520566,48.287718274867125,0,2026-10-08 00:33:57
2026-10-07 04:25:00,CNC-03,H,296.7998596722274,309.4690709755912,2331.5798071645845,24.208414723251067,31.29214554304842,2.873259501803441,10.374934605616588,57.1693948441961,0,2026-10-08 00:33:57
2026-10-07 06:32:00,CNC-02,M,296.23491396632573,309.9646983757765,2055.191883032597,32.81624573767737,35.20693938023486,2.6594893883219206,12.54065123014901,54.83794712809199,0,2026-10-08 00:33:57
2026-10-07 21:10:00,CNC-03,H,299.7322607730213,313.333972227521,2550.961848576659,21.025084576122545,235.6088233204191,3.945454916504222,10.060588175648277,45.782434190471704,0,2026-10-08 00:33:57
2026-10-07 14:14:00,CNC-03,H,298.18102645608866,312.67978165739146,1506.447320688193,47.15224526099186,139.46648319518698,2.328003823298448,13.4048616849851,52.57086033066545,0,2026-10-08 00:33:57
2026-10-07 10:45:00,CNC-01,L,295.73806928450836,310.6253318090487,1427.3370157777288,53.841715202207986,154.26853701930037,23.194663065062002,14.086415240827268,58.22418461820447,0,2026-10-08 00:33:57
2026-10-07 14:29:00,CNC-03,H,298.69995093084924,312.80255436690834,1459.6591339758952,45.80823133843956,162.59479269779777,2.4536317412915096,12.57618958675648,51.9010518667612,0,2026-10-08 00:33:57
2026-10-07 17:37:00,CNC-02,M,298.68171610264443,312.79303695460067,1938.0167545204977,34.32295350055594,100.53244496615446,2.656052536862703,12.629370577439078,49.301913809156595,0,2026-10-08 00:33:57
2026-10-07 22:11:00,CNC-01,L,304.82316981497473,310.9198957652063,2711.7937324339446,17.209021021247256,16.19480605616537,3.218741173634594,8.820342065467399,43.27664372250371,0,2026-10-08 00:33:57
2026-10-07 05:57:00,CNC-02,M,296.20274875796116,311.33909512424896,2009.4430383075435,38.88562518465788,209.73211413189375,3.3815163082960127,14.662583127507,58.333079848946625,0,2026-10-08 00:33:57
2026-10-07 04:52:00,CNC-01,L,296.3872519980669,310.503006656591,2268.13600796564,31.359067020474253,106.01049356664865,2.870398779580598,13.158175723676793,57.30909004396493,0,2026-10-08 00:33:57
2026-10-07 16:16:00,CNC-02,M,25.694855486047686,40.527750598888474,1750.9932071876915,39.923789111658564,212.8380101640564,3.171665229400939,12.940576662073457,57.702097981298635,0,2026-10-08 00:33:57
2026-10-07 19:51:00,CNC-03,H,299.86315079189194,313.42809272543525,2301.2922459162187,28.173387197394163,143.15885968555983,3.0781491301303543,12.100767495040799,51.90701100454169,0,2026-10-08 00:33:57
2026-10-07 10:17:01,CNC-01,L,295.4972500660412,309.63514004163227,1372.9111799937787,50.97818399255992,110.3100067637543,2.0793803209080535,13.040008921353104,54.00976939614706,0,2026-10-08 00:33:57
2026-10-07 04:08:00,CNC-02,M,297.04844021624757,310.3322543212076,2361.2871848228615,25.28743658468707,71.79097415301935,2.927035635491541,11.335646993351366,55.53742819268302,0,2026-10-08 00:33:57
2026-10-07 15:34:00,CNC-03,H,26.144931404286012,40.6664059234767,1680.0325898140466,45.33103320243587,43.73029877381847,2.3036371725437528,14.072425642902717,52.621866193833334,0,2026-10-08 00:33:57
2026-10-07 03:07:00,CNC-02,M,297.57916624511506,310.10234432301536,2499.54696343442,21.343262603735628,0.0,2.9269333142222362,10.084379482281786,57.48150046296787,0,2026-10-08 00:33:57
2026-10-07 13:07:00,CNC-01,L,23.678051350885937,38.93144106691966,1498.8891989259469,54.61034939687763,163.27981602775475,2.576685594433627,15.495952056676972,52.65989349918783,0,2026-10-08 00:33:57
2026-10-07 20:30:00,CNC-02,M,298.96706702882085,312.3247451262863,2554.731360404978,21.2392136040116,99.41881484736741,3.034785752073378,10.134078976145604,54.82585295900868,0,2026-10-08 00:33:57
2026-10-07 17:05:00,CNC-02,M,299.0250036960508,312.59953177493765,2011.8098129581265,31.148377164122973,56.70165788492936,2.514096812637874,11.848835144943312,59.69251808469776,0,2026-10-08 00:33:57
2026-10-07 03:48:29,CNC-02,M,297.14351119768475,310.080779392683,2381.412599857017,24.78398305717628,49.00604969350969,2.9957314074457586,11.417280729451956,57.79668960399061,0,2026-10-08 00:33:57
2026-10-07 00:48:00,CNC-02,M,298.52626739664186,310.65983943243873,2649.682380443761,17.3555582306172,62.76438381667144,3.250840682920123,8.830601745070222,50.61291772302551,0,2026-10-08 00:33:57
2026-10-07 23:02:00,CNC-01,L,299.55124847097903,311.6637511928315,2739.8821026346536,16.068486285015563,71.33458016435301,3.267784329962768,8.270858926232902,54.83854705553129,0,2026-10-08 00:33:57
2026-10-07 01:37:00,CNC-03,H,297.96332754541453,310.26850661179225,2661.2360691869344,18.45306310339914,72.60805995687649,3.1734760464873206,9.187550600552948,,0,2026-10-08 00:33:57
2026-10-07 20:32:46,CNC-03,H,300.0418178709957,313.55479660455427,2439.9849202131013,24.296184663496124,192.89367803837598,34.243397723565366,10.981719330763013,52.348372235441126,0,2026-10-08 00:33:57
2026-10-07 16:13:00,CNC-02,M,25.409492068062434,40.77309194325096,1634.085100725662,48.004299973453485,208.40308583123948,2.961444256805471,14.659661097675691,,0,2026-10-08 00:33:57
2026-10-07 11:57:00,CNC-01,L,296.3118490090468,310.1751174705965,1362.127474146241,49.58544553456197,52.44296162036534,2.05252970235729,12.594498854898092,60.092295921285206,0,2026-10-08 00:33:57
2026-10-07 11:38:00,CNC-02,M,296.45296618937294,309.9374386535819,1288.2276285322005,48.71121619159478,30.14616908727263,2.035811673479774,11.93658195752827,53.50864016294488,0,2026-10-08 00:33:57
2026-10-08 00:23:00,CNC-02,M,298.9227767709735,312.0205790475983,2846.880049650592,17.614268877396228,115.97071810953979,3.559037270322831,9.337767090701902,55.61949895347294,0,2026-10-08 00:33:57
2026-10-07 21:26:00,CNC-02,M,299.76702376814677,312.94175532040595,2549.157420870374,19.90014962678132,163.3038863374776,3.5839737236568814,9.660919825642653,54.79438264136722,0,2026-10-08 00:33:57
2026-10-07 06:20:00,CNC-03,H,295.9443117533781,310.14298937381443,2101.546694341581,31.92238058539047,179.26804134775142,3.055610080590049,12.291156138408763,,0,2026-10-08 00:33:57
2026-10-07 08:09:00,CNC-02,M,295.97131687905386,311.0036251308954,1611.7792389401409,46.685170272201766,172.95316322886558,26.223882261961705,14.164411808434725,58.41301321111348,0,2026-10-08 00:33:57
2026-10-07 10:34:00,CNC-01,L,295.9766294278707,310.6190602479828,1495.2856721460773,48.79998711861256,136.87996524471654,2.386655787239317,13.52534713168427,62.022332801705495,0,2026-10-08 00:33:57
2026-10-07 23:32:00,CNC-03,H,304.15873124158054,311.09813101638895,2555.263843118853,19.670106542769414,137.38403792589182,3.349343289684553,9.36326795454381,42.74882974924845,0,2026-10-08 00:33:57
2026-10-07 15:58:00,CNC-01,L,25.22309018183381,40.388595518562965,1744.3133149207383,45.56475143143995,199.63666825018626,3.1636762838233032,14.83550405242308,54.8100002455439,0,2026-10-08 00:33:57
2026-10-07 13:10:00,CNC-01,L,23.98714756454291,38.63497429072635,1430.0785967241225,51.10590254895555,167.9240716699783,2.6307429026660505,13.685295991303724,56.60593747857844,0,2026-10-08 00:33:57
2026-10-07 16:31:00,CNC-02,M,25.45788569291699,39.36063901312002,1624.9745254811874,42.22822139384549,8.633659851506057,2.2198092916812415,13.091096376241772,50.46022163072632,0,2026-10-08 00:33:57
2026-10-07 19:03:00,CNC-02,M,298.755625010539,313.4055764117578,2180.0068475470384,30.10847083440243,213.10205962446332,3.5147737521974047,12.283973110069535,54.33862283458555,0,2026-10-08 00:33:57
2026-10-07 04:08:00,CNC-01,L,296.5484965744936,309.5212075954366,2373.0414825912735,23.56596969162206,51.91980383815877,2.95622765062408,10.468167510001035,54.51676211913717,0,2026-10-08 00:33:57
2026-10-07 13:00:00,CNC-03,H,24.49028499500281,37.96571733759532,1437.4110797055564,,23.61450586530401,2.0400134990016014,12.576477993430448,52.13671416367856,0,2026-10-08 00:33:57
2026-10-07 05:54:00,CNC-02,M,296.3002752536773,310.6642283487509,1853.0493228640987,35.109525456307914,205.7727062201516,3.2019207901020716,11.952922706777336,56.308655985678826,0,2026-10-08 00:33:57
2026-10-07 23:49:00,CNC-02,M,299.0332394168308,310.82142154296184,2702.9415398894266,13.403643125544697,79.9961470221962,3.226772137936622,6.8112760185286545,56.19496063260389,0,2026-10-08 00:33:57
2026-10-07 18:08:00,CNC-03,H,299.7328406045147,313.1096193899285,2175.298042828317,28.947494024552388,13.23548012805577,2.812427899464498,11.549601594426376,54.546779650118786,0,2026-10-08 00:33:57
2026-10-07 20:48:00,CNC-01,L,305.3346503772301,312.40303732572096,2528.023992026725,22.572463196753034,128.70559222175737,3.3318360431231016,10.649115612677015,41.34662504738727,0,2026-10-08 00:33:57
2026-10-07 21:43:33,CNC-02,M,299.4425835045654,313.12494372210574,2640.3137608827265,20.117744496501636,184.26568872401648,3.7522937128590095,9.921202295739517,53.3448233953304,0,2026-10-08 00:33:57
2026-10-07 17:02:54,CNC-02,M,298.949712635473,313.21794560404,1795.4139530836683,37.7498054433905,52.578812537571594,2.429697542917699,12.539548062775808,56.028204225791974,0,2026-10-08 00:33:57
2026-10-07 02:32:00,CNC-02,M,297.9631740487965,310.7390267870966,2614.0413960133656,18.037558554108898,176.05218094416648,3.4992348894805834,8.703413874521486,57.579517816848686,0,2026-10-08 00:33:57
2026-10-07 19:40:00,CNC-03,H,299.7470349289775,,2220.5578547973055,27.919583672498263,129.45359217263064,3.0523158710281364,12.039616934295982,52.218484345832316,0,2026-10-08 00:33:57
2026-10-07 05:19:00,CNC-03,H,296.2754323141342,310.4066248398441,2257.0511840465874,30.59942711865787,98.99110661272584,2.9071875491664083,12.927517456954737,60.72021695180614,0,2026-10-08 00:33:57
2026-10-07 19:52:00,CNC-01,L,299.8688958578741,313.5323014599018,2421.3503342493523,27.12866836358167,62.986702842076895,3.0541506517556614,12.203523877875657,48.1992509090564,0,2026-10-08 00:33:57
2026-10-07 17:16:22,CNC-03,H,299.7358012851552,314.78022641050563,1817.9398082191306,42.07746597213734,188.70272042150003,2.8665922451444663,14.23994673151405,55.27542302599779,0,2026-10-08 00:33:57
2026-10-07 14:34:00,CNC-02,M,297.94192405775675,312.29873199353136,1612.3008089202838,44.44299805919853,60.24292985455761,2.3151239895036335,13.616398736342619,58.67169649291104,0,2026-10-08 00:33:57
2026-10-07 04:38:00,CNC-03,H,296.97542429857566,310.13702752090575,2313.984901773757,25.049651261721454,47.25801061748784,2.862576594492402,10.795658135494495,55.528194824058446,0,2026-10-08 00:33:57
2026-10-07 09:43:00,CNC-01,L,295.60906905885963,310.19616779154666,1513.0833582843804,50.31790670840151,57.306060020109484,2.175814296583918,14.016516789973943,62.937438424575355,0,2026-10-08 00:33:57
2026-10-07 16:01:00,CNC-01,L,25.217992976852656,40.50873742536703,1827.0681826911498,43.71518389107027,203.97124888499087,3.203235197531027,14.769642630425595,54.6928619074427,0,2026-10-08 00:33:57
2026-10-07 07:43:00,CNC-01,L,295.51848678932555,310.07391613861824,1699.118632710573,43.41769624111324,113.44294403743146,2.5273953408342837,14.150357844363459,54.28288555129571,0,2026-10-08 00:33:57
2026-10-07 05:10:00,CNC-03,H,296.33884586681705,310.20481753703024,2231.5517255439454,30.22461555401681,87.348904541688,2.9190583157837855,0.0,52.518142676744084,0,2026-10-08 00:33:57
2026-10-07 13:26:00,CNC-02,M,296.9824896074593,311.88073019543407,1352.5827198903735,53.932466291372805,201.6300330310167,2.7730889523969866,13.416948672312738,56.5510007145882,0,2026-10-08 00:33:57
2026-10-07 17:46:00,CNC-02,M,299.22875775831875,313.90269883751273,1774.2713029072966,40.968884207394595,112.84702363168773,2.493330070118637,13.748251253687362,54.32214098207607,0,2026-10-08 00:33:57
2026-10-07 06:06:00,CNC-01,L,295.79699463128696,310.80634306615036,2101.628273076855,36.44901781460214,201.8932198319671,33.57129928465491,14.385679102283923,58.95302692316982,0,2026-10-08 00:33:57
2026-10-07 15:45:00,CNC-03,H,25.9927076485136,39.968960137451745,1689.1083092049373,41.81780136735365,60.04047350401074,2.328865775675601,13.3038246789912,54.475234239615155,0,2026-10-08 00:33:57
2026-10-07 05:35:00,CNC-03,H,296.1647307961644,310.5391500527514,2163.6490280761695,33.258043872047324,119.66251211224323,2.891704260259504,13.570603356591429,56.7503006543953,0,2026-10-08 00:33:57
2026-10-07 15:53:00,CNC-01,L,25.124608688551234,39.84090646591477,1664.1178611480273,43.312085931222256,192.35124789503203,2.933297497863446,13.479775348566083,54.00143480342484,0,2026-10-08 00:33:57
2026-10-07 23:00:00,CNC-02,M,299.33548558163244,310.24367934640355,2742.1789766190655,9.379043681841605,27.81174655218799,3.2261516080788004,4.949218577771078,51.23414036798396,1,2026-10-08 00:33:57
2026-10-07 13:35:00,CNC-02,M,297.14433971382005,312.4967999375458,1445.7422616622023,53.15698707937697,215.76739045419396,2.875396647683199,14.618311415317892,50.56454922056624,0,2026-10-08 00:33:57
2026-10-07 15:08:00,CNC-02,M,298.31964923889655,312.8566915845841,1457.8623434256006,49.58954133629145,112.16755306249824,2.163428531058811,13.588374579921144,54.03919098637275,0,2026-10-08 00:33:57
2026-10-07 12:26:00,CNC-02,M,23.563780835018633,37.90145519320703,1275.6415259049345,54.76826582112754,106.40504472793754,1.9974478138650922,13.232108943555055,51.13559963533145,0,2026-10-08 00:33:57
2026-10-07 23:32:49,CNC-01,L,299.041823485068,311.20840514135824,2599.850977187924,17.43232007033497,105.68797084460789,3.228296379327373,8.551273212995868,51.22152031182513,0,2026-10-08 00:33:57
2026-10-07 02:39:00,CNC-02,M,298.05548771076155,311.0774710898003,,18.87228841560532,183.84111523999562,3.6039148368617377,9.075360451413145,58.388747177559736,0,2026-10-08 00:33:57
2026-10-07 08:37:00,CNC-01,L,295.6813373150431,310.3589281029845,1514.043571614582,49.023518680245076,193.21105263047698,2.913754968425655,13.802549516353407,58.60612792377921,0,2026-10-08 00:33:57
2026-10-07 14:35:00,CNC-03,H,298.54083708325186,313.55429764502685,1571.2236171246725,49.25325899475817,171.81244490294608,2.4857060827276616,14.353223110575211,52.68499969907644,0,2026-10-08 00:33:57
2026-10-07 14:27:00,CNC-01,L,297.4968228605226,312.0029946136509,1564.0769307495727,50.107119430877376,62.28442719257352,2.208212441583782,14.66931189152678,59.9127347979121,0,2026-10-08 00:33:57
2026-10-07 11:57:00,CNC-03,H,297.13067894421977,312.2220714215532,1501.1289071551143,51.49451955157676,172.20981540368456,2.514158612686769,14.562227824085262,54.49909462921945,0,2026-10-08 00:33:57
2026-10-07 07:42:00,CNC-03,H,296.11924251293266,310.09801373297654,1801.5004253653017,38.23523905484343,51.029175998778236,2.3039532529645865,13.06658337518307,60.82684376075804,0,2026-10-08 00:33:57
2026-10-07 09:47:00,CNC-02,M,295.7231967086596,310.14326062958463,1427.6387851200536,49.901336838298484,103.98458979708997,2.240845864889209,13.215935705700714,62.53499789073395,0,2026-10-08 00:33:57
2026-10-07 04:27:00,CNC-03,H,296.82695999585235,309.91428346481075,2384.350137680652,24.466166999731954,33.781701935195635,2.93466826572767,10.743327756108199,57.26510049334942,0,2026-10-08 00:33:57
2026-10-07 18:14:00,CNC-01,L,299.5477903056611,314.19605007262334,2068.452799550362,34.34243521331785,170.6602080517551,3.161968332284884,13.492696174438318,58.456402383837634,0,2026-10-08 00:33:57
2026-10-07 15:44:00,CNC-03,H,25.88892243676861,39.895023736974224,1571.5719676558156,45.483974976023724,58.601336950850786,2.1894962743797364,13.256278320492266,49.785214210057404,0,2026-10-08 00:33:57
2026-10-07 13:40:00,CNC-01,L,297.25194300769175,312.4461040573543,1495.74875730704,52.26084392605388,215.1993176231216,3.149011766559499,14.613227436226671,58.597667608481515,1,2026-10-08 00:33:57
2026-10-07 22:06:00,CNC-03,H,299.227710059498,311.026704837912,2728.6772869520946,15.574405339326415,45.03191041230421,3.2651487219913453,7.994028240025224,54.13357055013452,0,2026-10-08 00:33:57
2026-10-07 02:29:00,CNC-03,H,297.60950760087013,310.95886420245233,2595.3720296683537,21.12198248620474,129.73075163496915,32.32308866047601,10.202547925110485,54.22514161677284,0,2026-10-08 00:33:57
2026-10-07 21:34:00,CNC-03,H,299.29223001946843,311.14916698464106,2585.4598912995325,18.11339101250774,9.868250056795201,3.120958422179338,8.69539559542091,49.33355957560301,0,2026-10-08 00:33:57
2026-10-07 20:44:00,CNC-02,M,299.48741102062024,313.1186238044126,2490.3642638003794,23.802130226258004,115.75591787196775,3.224565976960552,11.097229915516957,52.0793155451723,0,2026-10-08 00:33:57
2026-10-07 16:36:00,CNC-03,H,299.55038728078995,313.7486499623293,1733.6193322270465,39.963967387532286,133.8959091855994,2.514174771603709,12.871593284632127,51.228801351879056,0,2026-10-08 00:33:57
2026-10-07 15:25:00,CNC-02,M,298.25301831735305,313.3182302907105,1627.2813348949046,46.920287637960065,137.70082173484266,2.572152930153461,14.522132211240239,51.38693559081473,0,2026-10-08 00:33:57
2026-10-07 15:36:00,CNC-03,H,25.88725805806513,39.892254416638366,1485.6942722988556,48.1447454039695,46.7673834260409,2.1569662983678968,13.156298543861555,57.24216045316212,0,2026-10-08 00:33:57
2026-10-07 22:39:00,CNC-03,H,304.6973676236726,310.8795984103301,2555.5800480723365,16.776994023430422,80.88056657328262,3.198079452652156,8.021095030012832,42.409373269987654,0,2026-10-08 00:33:57
2026-10-07 08:44:00,CNC-02,M,295.8286866995033,309.549882832313,1463.727419167781,45.732836513108225,7.66420929082172,2.0928704355854735,12.387868216075422,60.471563954166925,0,2026-10-08 00:33:57
2026-10-07 08:17:00,CNC-03,H,296.115030738838,310.76507367935665,1664.8119785638567,45.4778857952102,102.28832355489902,2.365338807595604,14.303538074038707,57.02686511469643,0,2026-10-08 00:33:57
2026-10-07 18:00:00,CNC-01,L,299.13834419896983,313.4095301488465,2125.904270761751,32.47234556866623,151.99008617873187,3.1282468891143718,12.851017165462148,55.44723005945719,0,2026-10-08 00:33:57
2026-10-07 15:03:00,CNC-01,L,297.7886891625584,311.86343506654174,1505.2946013642834,45.785177821016184,117.62111455573822,2.331903200315333,13.140977354669698,55.04186331505374,0,2026-10-08 00:33:57
2026-10-07 21:21:00,CNC-02,M,299.50384872945654,313.1710462049252,2651.457830045783,20.455764291098628,157.63105549700296,3.5251886579358667,9.997393501806695,50.4991298865255,0,2026-10-08 00:33:57
2026-10-07 16:39:00,CNC-03,H,299.7202043309743,313.950059211811,1817.9074398396676,38.408108106462365,138.1316611566911,2.5108702644462735,13.121893411579999,50.84118500720174,0,2026-10-08 00:33:57
2026-10-07 04:22:00,CNC-01,L,296.515356508456,309.94808779214253,2219.5067445335835,28.298401078221403,69.02148630122788,2.920198239808507,11.386277372073184,53.06144827501847,0,2026-10-08 00:33:57
2026-10-07 11:46:00,CNC-02,M,296.65751119917064,310.7505388335733,1536.3222895620574,47.975872452251046,42.843094490675526,2.165272032176273,13.520807678464486,56.226471020109614,0,2026-10-08 00:33:57
2026-10-07 14:48:00,CNC-02,M,298.0147163997504,312.46507073470383,1531.1073304343824,46.329732286654966,81.79324715220825,2.192778455264595,13.35103941391603,53.0955836887517,0,2026-10-08 00:33:57
2026-10-07 17:52:00,CNC-03,H,299.4711245094088,314.238693519535,1903.2189516498331,36.90700823520307,239.18106337628998,3.4385096305050142,13.05059723973116,50.893517942050245,0,2026-10-08 00:33:57
2026-10-07 06:56:00,CNC-02,M,296.1236432693784,310.10208500513653,1797.2085883941857,37.58915603252607,68.19444672593256,2.3403218337079337,12.521020141900507,60.45092278301992,0,2026-10-08 00:33:57
2026-10-07 19:23:00,CNC-03,H,299.9934407464232,313.2157838843001,2190.8496816992406,26.753046172068064,108.68519706351034,2.8715534027810614,10.864235368358328,49.3437409222749,0,2026-10-08 00:33:57
2026-10-07 18:32:12,CNC-03,H,299.9033827608872,313.994877152854,2063.401337306344,34.684353860504544,43.45095830380342,26.684086999082474,13.548761377007057,54.922444169690685,0,2026-10-08 00:33:57
2026-10-07 01:02:00,CNC-01,L,298.7103455468815,309.80062069850675,2800.8530662490753,12.437263473783668,47.71972766220808,3.438198207952485,6.4649262348402345,51.29520346668333,0,2026-10-08 00:33:57
2026-10-07 09:40:00,CNC-03,H,296.4686170820683,311.7130822178401,1611.1689537897,48.61378329217918,228.07498927378228,2.9761402285549066,14.493482801156095,50.13615025567578,0,2026-10-08 00:33:57
2026-10-07 21:47:00,CNC-02,M,299.33827055843255,312.43385326788194,2756.5951168613187,17.86769912748189,186.37355483580748,3.816487696850327,9.377166026061921,53.362377953239935,0,2026-10-08 00:33:57
2026-10-07 01:23:00,CNC-03,H,298.1456253117346,310.18181425434204,2660.5890801080795,16.589309154706154,57.21843673788377,3.233859533630891,8.386676104160358,56.44367609120965,0,2026-10-08 00:33:57
2026-10-07 03:17:00,CNC-03,H,297.5941413013404,310.85919750510664,2497.2530026351415,22.557417303339193,183.70697827287353,3.364877787657199,10.680294257421746,53.91141671427753,0,2026-10-08 00:33:57
2026-10-07 17:25:00,CNC-03,H,299.78442401752915,314.6482595537385,1743.0502583974403,44.239134177969255,202.66826456504077,3.0064382276784274,14.462139543022106,55.514261894657835,0,2026-10-08 00:33:57
2026-10-07 11:18:00,CNC-03,H,296.75231309608705,310.6164434035173,1316.887721617883,51.00761939301537,110.20838238838498,2.174706156177549,12.628348308432136,52.61110977875672,0,2026-10-08 00:33:57
2026-10-07 06:59:00,CNC-02,M,296.1084690966286,310.01733042785787,1889.771779454738,35.374099381733295,72.34576671685721,2.51914700158324,12.507235647055017,58.618208347021906,0,2026-10-08 00:33:57
2026-10-07 08:34:00,CNC-01,L,295.45748616435856,310.5598937042704,1457.8549075056994,53.50236466291584,188.68973562066535,2.762365615936159,14.743078640654996,61.342702686304285,0,2026-10-08 00:33:57
2026-10-07 01:33:00,CNC-01,L,297.9483956543601,310.3814053716458,2743.686423216781,16.843062315066142,81.1386301539259,3.319105043876986,8.606736296046938,53.457257983402016,0,2026-10-08 00:33:57
2026-10-07 04:34:00,CNC-02,M,296.63755782441984,310.3269055362163,2311.2276264021925,27.754664040931004,103.616327439383,3.0077735643962464,11.931972985354037,54.713245577768895,0,2026-10-08 00:33:57
2026-10-07 04:06:00,CNC-03,H,297.39306176658084,310.3824043392065,2248.754340904174,27.841665168446394,8.346318346672586,2.6834942980293843,11.852007142584647,55.39621253179543,0,2026-10-08 00:33:57
2026-10-07 08:12:52,CNC-02,M,296.12809829236323,311.3703704691492,1675.2782673326026,46.379588903554335,178.8831460781169,2.7871327532384256,14.80931006217744,61.068615071134765,0,2026-10-08 00:33:57
2026-10-07 18:32:00,CNC-02,M,299.0738669843797,313.34039221388474,2143.8909480323296,31.756259670036133,173.6318084870866,3.2384709307109913,12.939476879409774,53.41490291373215,0,2026-10-08 00:33:57
2026-10-07 18:15:00,CNC-03,H,299.72775455811365,313.5771461153286,1989.7456486827555,34.95255484051766,22.570121410290394,2.4937743693165393,13.037065419059283,52.32593015061262,0,2026-10-08 00:33:57
2026-10-07 06:32:24,CNC-02,M,296.0364487587599,309.17230302350396,1959.25373640815,31.3129859947908,36.551238942288535,2.5513130787880307,11.388562914051041,55.96406736132444,0,2026-10-08 00:33:57
2026-10-07 09:57:00,CNC-02,M,296.28272436877035,311.1825595317433,1493.5412446706514,50.96564254089845,119.48198890186126,2.3065212420051466,14.092890892308795,58.088534411299875,0,2026-10-08 00:33:57
2026-10-07 04:47:00,CNC-03,H,296.50247113090523,309.54311056025244,2289.0054485564124,24.037396203306336,58.51574763659335,,10.418151573270094,57.311191399767885,0,2026-10-08 00:33:57
2026-10-07 05:12:00,CNC-02,M,302.16428956695813,310.53649675245197,2091.94123398446,34.3579655193581,151.29901086616763,2.9188568745462145,13.526904443542316,46.30919138950122,0,2026-10-08 00:33:57
2026-10-07 16:51:00,CNC-03,H,299.6346086009452,313.94970026000226,1652.0442392884047,41.60964488818393,155.23401516126214,2.626329607842765,12.763270193877865,51.928992573479306,0,2026-10-08 00:33:57
2026-10-07 14:30:00,CNC-02,M,297.91509708035596,312.35811280680537,1558.3222141581145,46.660946909026066,54.200463359153275,2.328564879404178,13.730571072515328,53.30629074410789,0,2026-10-08 00:33:57
2026-10-07 20:14:00,CNC-03,H,299.79735297601667,313.45380712873026,2495.54589072607,23.689958453146716,170.68357540875806,3.3767880052453156,10.985421395042763,46.74146321194858,0,2026-10-08 00:33:57
2026-10-07 06:46:00,CNC-03,H,296.0182211927731,311.78811930032106,1933.1264525218571,43.857716584696874,214.71084506122114,3.155969039019736,15.956030397915276,64.25170195995484,0,2026-10-08 00:33:57
2026-10-07 05:54:00,CNC-01,L,295.45189110755575,310.35013551473145,2038.901397080751,36.87501514454614,186.0371969109111,3.285714645016074,13.975237350136013,61.72348554164937,0,2026-10-08 00:33:57
2026-10-07 06:09:00,CNC-03,H,296.3300646285892,310.71522396724384,1860.5981281322097,37.005449030550345,164.51536561917518,2.844731066806345,12.85688445039209,59.91578652367237,0,2026-10-08 00:33:57
2026-10-07 13:08:00,CNC-02,M,23.968350802258385,39.21686666999909,1396.2363831390514,57.121780988399365,173.14110258626786,2.413813483937179,14.880615322474528,58.92679875279638,0,2026-10-08 00:33:57
2026-10-07 15:50:00,CNC-01,L,25.33113163633135,40.71792597778392,1712.8028039352437,47.62708415167759,187.8983695788929,2.9619921380730263,15.229669109638873,48.16985543349139,0,2026-10-08 00:33:57
2026-10-07 19:20:00,CNC-02,M,299.2470313724855,312.9622849572662,2328.274663671814,28.17712085304927,14.911271609083967,2.851462542791443,12.231418949498229,49.954480611587606,0,2026-10-08 00:33:57
2026-10-07 23:08:00,CNC-01,L,299.28987364002313,312.9369604069514,2518.3001521083,25.975226945289293,77.81860429954635,3.1425197772594924,12.444667175281834,52.12851199444189,0,2026-10-08 00:33:57
2026-10-07 03:26:00,CNC-03,H,297.41051022717426,312.00680721980575,2472.14305578001,28.12525371126692,194.08389717234303,3.5396145319250403,13.013710252520356,55.15567890545002,0,2026-10-08 00:33:57
2026-10-07 18:48:00,CNC-03,H,300.08372689420673,313.1464878053169,2170.166377001126,26.809984739274768,65.18183509386677,2.6420434783566913,10.878855476224894,54.686643708816575,0,2026-10-08 00:33:57
2026-10-07 13:33:00,CNC-03,H,297.7738174873771,311.4557600243692,1407.9046977058663,47.66605563024404,75.47300032802283,2.243687424762667,12.645879391566833,54.460979418942024,0,2026-10-08 00:33:57
2026-10-07 02:00:00,CNC-01,L,297.8841088255946,311.0178195968827,2626.594045722634,21.104342950310073,110.50156215964229,3.336270342687261,10.315920671824102,55.889116229430684,0,2026-10-08 00:33:57
2026-10-07 04:05:00,CNC-02,M,297.26789637512013,310.36871955262967,2223.7665459487457,24.9176337553379,68.1103176399266,2.8964426606703038,10.294542891601372,53.66970961418413,0,2026-10-08 00:33:57
2026-10-07 11:39:00,CNC-01,L,296.1866135096018,310.50164203405126,1457.6742133996486,49.434719239489375,23.68559734940696,1.996229581211707,13.518115231711151,57.37161885890215,0,2026-10-08 00:33:57
2026-10-07 09:20:00,CNC-03,H,296.5410883088997,311.1776340376157,1473.8987385883358,47.33432594112129,197.39839524148283,2.640228790352949,12.910059721735752,58.30250111897258,0,2026-10-08 00:33:57
2026-10-07 07:08:00,CNC-01,L,295.34848448363164,309.05279652273066,1890.4763913168129,36.45260941143308,63.55864471135824,2.537637260120849,13.111436357102871,58.67382017343237,0,2026-10-08 00:33:57
2026-10-07 07:40:00,CNC-02,M,295.76711166767643,310.3776118083166,1651.053714750059,43.58726333332824,130.67866597368075,2.4577197756769222,13.663724750717039,63.26428032330409,0,2026-10-08 00:33:57
2026-10-07 13:42:00,CNC-02,M,297.15090934976456,312.1074030428436,1608.8026059818994,45.68467069620463,226.67851471729264,3.08340999321508,13.694967354480012,54.6517560799052,0,2026-10-08 00:33:57
2026-10-07 11:12:00,CNC-02,M,296.49923966733763,311.4497352028616,1320.405804267857,55.04328638996628,237.81037989345702,3.053866537770001,13.517481851826064,52.141964439262026,1,2026-10-08 00:33:57
2026-10-07 15:23:00,CNC-03,H,299.1058746002574,312.69243339872986,1613.604108386265,40.475177348042955,27.354009092208095,22.357285606298177,12.041459474979346,55.175418608823584,0,2026-10-08 00:33:57
2026-10-07 04:33:00,CNC-01,L,296.26331978781855,310.3704851673335,2170.1685928661177,32.33383329732776,82.5338443812461,2.844964400376931,12.81104937251521,57.431426546232544,0,2026-10-08 00:33:57
2026-10-08 00:31:00,CNC-03,H,298.5493408104826,311.696428896718,2710.254642541853,18.346283955133043,199.94332669447644,3.912110716552224,9.140686572000787,54.189425861265036,0,2026-10-08 00:33:57
2026-10-07 09:45:00,CNC-02,M,295.91655892991395,310.11991650078176,1311.9370069863676,52.60265297304248,100.82986084384257,1.9865088087898495,12.673867926594314,54.68846494915872,0,2026-10-08 00:33:57
2026-10-07 10:30:00,CNC-02,M,296.30660836144926,311.17321019501657,1411.46913906218,51.160569302959374,171.38227703339402,2.4222549189230054,13.667820902027694,61.706789955711855,0,2026-10-08 00:33:57
2026-10-07 23:40:00,CNC-01,L,299.1099353087484,312.47124640748484,2606.225433610846,22.326270965460903,112.07123519511602,3.194262423944014,10.8048604819465,54.990012136618795,0,2026-10-08 00:33:57
2026-10-07 18:35:00,CNC-01,L,299.64143477779277,314.4718394810375,2204.6082139175605,33.919081002861205,197.80469976312165,3.530282358635934,14.05817625842652,54.35324348116758,0,2026-10-08 00:33:57
2026-10-07 08:47:00,CNC-02,M,296.0433010619481,309.931408338594,1618.4865587492943,42.97433409889912,12.125619038951154,2.2038691701604085,13.000254520048143,56.54155560439861,0,2026-10-08 00:33:57
2026-10-07 15:38:00,CNC-03,H,26.148991714736496,40.03904320506672,1615.0858335562784,44.18182214264524,49.74187869853739,2.284868677195966,13.53503407651585,52.61793611249779,0,2026-10-08 00:33:57
2026-10-07 20:46:00,CNC-01,L,305.11311602086437,311.18072468216286,2480.361480041419,17.292688457781303,126.3978740980136,31.22544314380698,8.184971690340817,43.24872458307739,0,2026-10-08 00:33:57
2026-10-07 10:46:00,CNC-02,M,296.3224350955215,311.2071934056337,1412.6161463550752,53.27586934130514,196.56375671691936,2.636056285468031,14.099577051655132,56.60950052218684,0,2026-10-08 00:33:57
2026-10-07 06:34:00,CNC-01,L,295.71274285718505,309.83649261519145,2012.878502716016,37.673855672692994,16.385759253184045,2.589221611276886,14.117266476663673,60.01903529205999,0,2026-10-08 00:33:57
2026-10-07 01:54:00,CNC-01,L,297.9222454031106,310.8174618960154,2644.296082842514,19.6863567387223,103.86029625983329,3.291874591804594,9.83250671572589,53.91024829216172,0,2026-10-08 00:33:57
2026-10-07 08:03:00,CNC-02,M,296.12901255414397,311.1624373841671,1716.590674221184,45.35663274305032,164.16695873984435,2.7843679703645345,14.43123483829309,55.41080230838492,0,2026-10-08 00:33:57
2026-10-07 18:53:09,CNC-03,H,300.04284901160463,313.9929821262629,2110.6639918962246,32.49270681559645,71.5551831330944,2.6465022376917484,12.949193350235982,50.794932971934806,0,2026-10-08 00:33:57
2026-10-07 18:43:00,CNC-01,L,299.43514496829374,314.67593932585635,2123.939069753828,36.578503531454835,207.91421179567456,3.609087537314974,14.68247512228913,55.68319249532185,0,2026-10-08 00:33:57
2026-10-07 22:03:00,CNC-01,L,305.0373021675725,310.6806918599972,2579.6601061177093,16.769841551277153,7.46979414475822,3.053849523498233,8.2010083557192,40.534413282803236,0,2026-10-08 00:33:57
2026-10-07 15:29:00,CNC-03,H,26.21398091307941,40.405528363280496,1668.1915904437612,45.54689258036448,36.23176549083353,2.360806718885735,14.089005172211078,53.92036651758917,0,2026-10-08 00:33:57
2026-10-07 22:33:00,CNC-03,H,304.43309087403895,310.61154569319865,2548.0920480713057,18.352135642233684,74.45937050936475,3.099323727613128,8.619966943983245,39.098462754577135,0,2026-10-08 00:33:57
2026-10-07 08:51:00,CNC-02,M,296.062547746601,310.27192907310695,1632.0646489643364,45.67910591204371,18.128027258732597,2.229033423546009,13.919574227871433,57.09584435012402,0,2026-10-08 00:33:57
2026-10-07 15:17:00,CNC-03,H,298.89895334889405,312.60716351756486,1670.050753336268,41.12922283237983,18.195081914284316,2.398828808706842,,47.12119666910711,0,2026-10-08 00:33:57
2026-10-07 14:44:00,CNC-01,L,297.7985611669836,311.7646379167833,1613.2239981001512,44.179590163726,88.63672017130922,2.3288482701191873,13.374053132561293,53.39431656928927,0,2026-10-08 00:33:57
2026-10-07 19:29:00,CNC-03,H,299.6807554693174,,2378.8718948843425,24.66095950907411,116.09675330993467,3.0416568929862433,11.150843980632994,50.630047918953004,0,2026-10-08 00:33:57
2026-10-07 06:02:00,CNC-02,M,296.195359130239,311.66399207145133,1902.9446663997098,41.48450922388409,216.39601168706827,3.331581591745667,14.760120101272337,60.549832132301766,0,2026-10-08 00:33:57
2026-10-07 13:37:00,CNC-01,L,297.0867866012288,312.09540714678735,1467.8936735033408,52.03973824986664,210.45892072845393,2.930726335513559,14.316999514008282,58.01069789400433,0,2026-10-08 00:33:57
2026-10-07 03:16:00,CNC-02,M,297.6450796325863,310.2768084897653,2530.7333046462977,22.00639301691687,10.403614971596465,3.1615524163880715,10.278848494384116,52.27840403744689,0,2026-10-08 00:33:57
2026-10-07 13:37:00,CNC-03,H,297.87976060812383,311.8646748613453,1535.5719413240947,45.09531673445859,81.71316941539924,21.000607743150514,12.95792640842959,55.65689817486332,0,2026-10-08 00:33:57
2026-10-07 01:41:00,CNC-03,H,298.07779639526467,310.3776691000392,2580.134999361451,18.301500591742492,77.04833994901666,3.223095839159906,8.557690928360769,53.98756850398663,0,2026-10-08 00:33:57
2026-10-07 16:44:00,CNC-02,M,298.78767395177005,312.59432273675736,1626.6214570743662,41.49604740906007,27.217114436080024,2.264363455160167,12.8503536528636,51.91131949562283,0,2026-10-08 00:33:57
2026-10-07 09:53:00,CNC-02,M,296.298656324556,310.3909379206856,1504.0920843592546,46.77623176055649,113.3351976076494,2.190929866555348,13.212753996401434,58.42772424623984,0,2026-10-08 00:33:57
2026-10-07 21:03:00,CNC-02,M,299.64901749849537,313.4458773938834,2578.5429728786253,23.047456650808755,137.50906650896096,3.3530223416241554,11.248982873901678,49.90194393122473,0,2026-10-08 00:33:57
2026-10-07 22:10:00,CNC-02,M,299.38864090268584,313.40153613543566,2707.67672554083,21.868368428854964,211.84652057905393,3.9270028960876733,11.172713506080676,52.60585701233687,0,2026-10-08 00:33:57
2026-10-07 20:45:00,CNC-01,L,305.09430983806493,312.89380596773947,2352.9430439845983,26.67075685899357,125.23683872991899,3.092918927604802,11.8679564727601,34.26683019676325,0,2026-10-08 00:33:57
2026-10-07 06:29:00,CNC-03,H,296.0861653023476,311.3647835427082,2052.5492696016695,38.257226306470365,191.36736856015867,3.1041254921625505,14.663226386835499,60.24254879672403,0,2026-10-08 00:33:57
2026-10-07 08:05:00,CNC-03,H,296.3632621467673,310.0765596217371,1639.775410535629,39.78633340929115,84.58675181565124,2.376656449563112,12.301482347219265,56.35853231150823,0,2026-10-08 00:33:57
2026-10-07 15:41:00,CNC-02,M,25.33651892140358,40.65906300679103,1702.3424895363532,47.82461593130216,161.43308317723032,2.6748588224881775,15.37647833436808,47.77738633193184,0,2026-10-08 00:33:57
2026-10-07 03:01:00,CNC-03,H,297.2269113541111,309.9320445969888,2696.188570210632,18.068859454189973,165.52787425864733,3.482537861146263,9.193010033594485,56.95252138205108,0,2026-10-08 00:33:57
2026-10-07 03:32:00,CNC-02,M,297.2236052063771,310.1995811429921,2426.7809371642948,23.19347402486885,,2.99695621759026,10.551025128278017,57.28346373488716,0,2026-10-08 00:33:57
2026-10-07 15:46:00,CNC-02,M,25.206570305737387,40.98097161306373,1699.2200892360875,49.97741965735064,168.732051506411,2.6773083447648554,15.824869660886893,55.026642195597844,0,2026-10-08 00:33:57
2026-10-07 02:03:00,CNC-02,M,298.1417711671125,311.09768596770664,2540.0896926407854,20.295765650326327,143.97726199658922,3.3393890291087938,9.885829752902781,54.410353262968975,0,2026-10-08 00:33:57
2026-10-07 10:11:00,CNC-01,L,295.7778679639828,310.33175199792373,1488.7158554075547,50.272056644336544,2099.7180938311626,2.246005030683799,13.97517269074643,57.19732676364941,0,2026-10-08 00:33:57
2026-10-07 20:12:00,CNC-01,L,300.02129137696846,313.4648466218519,2390.9909836607653,27.049618660648775,86.8285849179218,2.9730210588112604,12.243579118493763,55.541030399996416,0,2026-10-08 00:33:57
2026-10-07 22:03:00,CNC-02,M,299.15869129757874,312.4399333436512,2420.7713200088624,20.638963336821398,204.1578461872653,3.7661174535625985,9.39178441434848,55.262351822247126,0,2026-10-08 00:33:57
2026-10-07 16:47:00,CNC-03,H,299.5147234550656,314.5301055777256,1784.598181937543,45.0405310338858,149.5103990102642,2.5419365011526693,15.065002236127121,58.25072958908953,0,2026-10-08 00:33:57
2026-10-07 10:37:00,CNC-02,M,296.3379868140915,311.088362180926,1410.8446385930995,54.469853468482974,182.36948708871844,2.549557884155654,14.517386012146245,57.08464997319578,0,2026-10-08 00:33:57
2026-10-07 07:32:00,CNC-02,M,296.1932484896682,310.80359658637707,1817.698572180943,40.08544203329299,119.07143890190216,2.5996884642714266,13.416953083708288,57.56997436558485,0,2026-10-08 00:33:57
2026-10-07 07:05:00,CNC-02,M,296.24330625530877,310.5026155538288,1915.4209108672035,37.299638059054175,80.8069174529117,2.6723269562943046,,54.6584209897228,0,2026-10-08 00:33:57
2026-10-07 23:04:00,CNC-02,M,299.1072605848897,311.08358379228054,2723.0260300343493,14.612570981486124,32.11002296914359,3.3073235144912014,7.90772891134786,49.16435368834804,0,2026-10-08 00:33:57
2026-10-07 21:58:00,CNC-03,H,299.5371296125764,311.69341931868775,2563.4566885358904,18.44254169638494,36.26012681904297,3.051993198260108,8.72285704320003,53.67155138859637,0,2026-10-08 00:33:57
2026-10-07 07:52:00,CNC-01,L,295.3074748843093,310.08545724257016,1763.1883130306494,43.03299387084447,126.36408655877612,2.5374213220476993,14.242304851469388,58.86708702116428,0,2026-10-08 00:33:57
2026-10-07 23:33:00,CNC-03,H,304.26868840709204,311.03472975030365,2553.604674827398,18.916341765511696,138.48568424626512,3.2459036003963284,8.88005121956593,44.12927333196326,0,2026-10-08 00:33:57
2026-10-07 23:45:00,CNC-01,L,298.7067430784203,311.3148161528036,2759.380346505543,16.935209746082904,117.48204109802526,3.4357035629752812,8.755343708414422,50.314736012837166,0,2026-10-08 00:33:57
2026-10-07 01:41:00,CNC-02,M,,310.63033129565076,2678.187946423467,16.367329210537598,119.85775361359062,3.295687053487687,8.067735643575485,55.16658282236838,0,2026-10-08 00:33:57
2026-10-07 20:24:00,CNC-02,M,299.19031899698984,313.0436638738422,2362.5289756158013,26.759750023075043,92.54404775426681,2.894650467990033,11.920646443787973,49.95867814340989,0,2026-10-08 00:33:57
2026-10-07 20:52:00,CNC-02,M,299.44377835651363,312.8253414872826,2585.0778740554547,20.525313293501718,124.96113763871213,3.31643285284976,9.912874588045627,54.92550372923745,0,2026-10-08 00:33:57
2026-10-07 22:28:00,CNC-03,H,304.5442859649255,311.488668949392,2651.6688138582404,21.010279060339805,69.00607969637521,3.261246173978279,10.331834086503708,49.447020391316954,0,2026-10-08 00:33:57
2026-10-07 07:43:00,CNC-02,M,296.04586129705046,311.54345219763695,1680.7293244907232,50.33633350926189,135.12152010876287,2.5965872665029153,15.869427256600577,63.71384640315727,0,2026-10-08 00:33:57
2026-10-07 18:59:00,CNC-03,H,299.7184724919335,313.2719218944429,2143.107329862854,29.30650705352046,79.13745506467231,2.770834635820943,11.867117335360788,52.123516418268565,0,2026-10-08 00:33:57
2026-10-07 16:56:00,CNC-02,M,298.86697805045,313.4041721854056,1764.3075612629482,42.259617359082156,44.09530897919474,2.3681661093396493,13.690087294608324,56.42032528387163,0,2026-10-08 00:33:57
2026-10-07 17:40:00,CNC-03,H,299.71662294661445,314.71773045433224,1991.5318008566396,36.8836304069653,223.03631674143077,3.3364475615899556,14.131462886103897,49.38864896683699,0,2026-10-08 00:33:57
2026-10-07 18:18:00,CNC-02,M,298.90993507320843,313.92661180701145,2255.7849820361116,33.12466631229677,155.35555380940613,3.2572542749006024,13.71389215576517,,0,2026-10-08 00:33:57
2026-10-07 07:05:00,CNC-03,H,296.33888076573515,311.6839925879505,1811.0099834974276,43.61584288297257,241.13320190478098,3.3413854050406395,14.742049102728062,54.83679302638719,0,2026-10-08 00:33:57
2026-10-07 15:44:02,CNC-01,L,25.088397971164113,40.082897476826645,1746.4491905734046,43.56661250769384,178.95635660054805,2.943568930569039,14.442471032062677,55.57999444300315,0,2026-10-08 00:33:57
2026-10-07 06:01:00,CNC-02,M,296.0224906068887,310.53969982302186,1993.4774751573166,34.72406852065214,215.00895471215122,3.3824375326712417,13.055628388466888,56.59538518038944,0,2026-10-08 00:33:57
2026-10-07 10:08:00,CNC-03,H,296.4387550062452,309.9367261815988,1397.9900413108878,46.93977173243098,0.0,1.9059516215965737,12.357779862040816,58.69316315863087,0,2026-10-08 00:33:57
2026-10-08 00:28:00,CNC-02,M,298.6297147854028,311.21426448159036,2660.6092843442198,16.449442776330507,121.28171184197501,3.2405677091052687,8.191792122122694,53.48943787867342,0,2026-10-08 00:33:57
2026-10-07 04:30:00,CNC-01,L,296.3245567938362,309.7272849802605,2412.003450320285,25.389908226963588,78.81200345533924,2.956002553648389,11.310953426268325,58.35205717994199,0,2026-10-08 00:33:57
2026-10-07 03:33:00,CNC-01,L,296.9262922869464,309.8543147889668,2348.771298994129,25.0376314546298,10.458043274381073,3.072463035021589,11.10121325878867,58.957317581763384,0,2026-10-08 00:33:57
2026-10-07 22:20:00,CNC-02,M,299.2918998502905,313.3376327516651,2541.8765657346403,22.85760960848097,222.88378212758073,,10.991079334370072,56.95427194716574,0,2026-10-08 00:33:57
2026-10-07 02:03:00,CNC-01,L,297.81273167565354,310.65384966721086,2685.910889292686,18.73353523726524,113.79227827779822,3.3159549611393038,9.440008992458845,50.02468405009939,0,2026-10-08 00:33:57
2026-10-07 13:19:00,CNC-03,H,297.8526603766881,312.6919599988611,1501.2847052891234,54.26071965859532,53.53377621656699,2.113153876932819,15.196766766851788,53.21986006627124,0,2026-10-08 00:33:57
2026-10-07 02:48:00,CNC-01,L,297.64448080137083,310.52922729902235,2668.212067708797,18.615614178634363,163.72378903128237,3.6913685427857916,9.28046314726206,54.046926837001166,0,2026-10-08 00:33:57
2026-10-07 06:14:00,CNC-01,L,295.5920927422864,310.55238991999863,1891.2913511021961,38.18410425848109,212.75498894400073,33.31808670792725,13.57822806637577,63.151998677792044,0,2026-10-08 00:33:57
2026-10-07 03:09:00,CNC-03,H,297.4516649968913,311.83055710042856,2460.5632965028394,27.048892401892715,174.61539049919776,3.3773670323366134,12.676277143960029,57.49514434359689,0,2026-10-08 00:33:57
2026-10-07 07:10:00,CNC-01,L,295.6233194421588,309.23875425505804,1750.208284957031,37.0881000210282,66.3983467063681,2.3418100662646437,12.097656888664266,57.1647882510947,0,2026-10-08 00:33:57
2026-10-07 11:47:14,CNC-01,L,296.26493597248117,309.85568834836033,1315.5010410624343,50.634730305910935,34.85081657285888,2.0392087983738847,12.276854389561235,53.25745878501496,0,2026-10-08 00:33:57
2026-10-07 21:32:00,CNC-03,H,299.69622967043466,311.717138235955,2811.481648609744,16.5473673222167,7.695193494261113,3.2155245723754073,8.761477213596137,48.05187846202324,0,2026-10-08 00:33:57
2026-10-07 04:11:00,CNC-01,L,296.5749071244047,309.7759038610172,2351.4915252058922,26.24553167819324,55.48947169094492,2.9149340703142275,11.26401187519906,52.57883804979278,0,2026-10-08 00:33:57
2026-10-07 14:33:00,CNC-01,L,297.3456288491583,311.75195369473363,1402.8793971388811,53.55871771762624,71.6076226249516,2.1986850768418287,14.138014966775843,55.86839119214335,0,2026-10-08 00:33:57
2026-10-07 14:42:00,CNC-01,L,297.46087387513035,312.1379960494716,1494.0277966232602,51.49656433167214,85.61536935126213,2.2811768327016275,14.646551608357171,54.11580478352734,0,2026-10-08 00:33:57
2026-10-07 22:16:00,CNC-03,H,304.8734233421155,310.38979075029977,2562.758324794558,16.15226778972422,56.09782499181191,3.1176247587457877,7.641965925841399,44.80140884757731,0,2026-10-08 00:33:57
2026-10-07 17:25:00,CNC-02,M,298.8377524602702,313.2078922200198,2124.2464227490113,31.451749616238512,84.12119682119757,2.647045906443488,12.473249426218947,51.64331872611507,0,2026-10-08 00:33:57
2026-10-07 03:50:00,CNC-03,H,297.2194444593749,310.85640070201134,2379.5486261411525,23.448176376516574,222.24374946101173,3.5971372516534768,10.356478263416921,62.2619554026983,0,2026-10-08 00:33:57
2026-10-07 11:41:00,CNC-03,H,297.3307342131493,312.0857510649631,1413.528305596908,52.02641620873172,146.72734031066508,2.288608090080287,13.653692297635457,59.631404785005834,0,2026-10-08 00:33:57
2026-10-07 06:01:00,CNC-01,L,295.25365991517407,309.8339969346451,1983.8635946674642,35.37986888570962,195.30871980246573,3.2420836464821146,13.20719570039218,60.82554456147362,0,2026-10-08 00:33:57
2026-10-07 21:06:00,CNC-01,L,305.07755270181445,312.662374086308,2593.2362256480847,22.895187359823165,149.1290957230889,3.492441588027187,11.222506953998632,40.830233363506046,0,2026-10-08 00:33:57
2026-10-07 09:00:00,CNC-03,H,296.1384514627581,310.9016793329807,1476.8172223398358,51.83404548489818,166.6907166189562,2.408075471733245,14.335573683998826,62.29660014595367,0,2026-10-08 00:33:57
2026-10-07 03:40:00,CNC-03,H,297.35791021117666,311.2709272630224,2588.7767389556184,24.29239912406262,210.3675821644472,3.755385616139631,11.703695970516279,55.4316762844108,0,2026-10-08 00:33:57
2026-10-07 21:26:00,CNC-01,L,305.4313334719326,313.7532843360675,2475.517425781848,28.382250273644225,171.5821225007482,3.527193332558566,12.968196782180613,43.50631643203616,0,2026-10-08 00:33:57
2026-10-07 06:52:53,CNC-01,L,295.89486769866426,309.38093523343775,1795.819727658288,35.585507414206916,42.65566000368128,2.4328086522802086,11.789008355907697,54.10643322740406,0,2026-10-08 00:33:57
2026-10-07 05:40:00,CNC-02,M,301.8701213056841,310.43948814098786,2074.78429890687,33.237486617354094,187.42228799040623,3.130048553340028,12.69766514412457,45.273360657954555,0,2026-10-08 00:33:57
2026-10-07 15:19:00,CNC-02,M,298.1925477236975,313.2784516453827,1628.9008739177916,48.92761496725661,128.732139587659,2.404846910070067,15.011335509949898,56.20885377359037,0,2026-10-08 00:33:57
2026-10-07 18:21:00,CNC-03,H,299.84851586151905,313.5108900270514,2040.0169677572085,32.40464314000898,30.5039001430831,2.7497169601638993,12.548973445363448,47.974197809009034,0,2026-10-08 00:33:57
2026-10-07 15:12:00,CNC-02,M,298.3032199391356,312.7823915293092,1573.679063823234,43.27431207553906,118.26664984711208,2.2447694818782433,12.74108764443456,52.57509417232829,0,2026-10-08 00:33:57
2026-10-07 01:06:00,CNC-01,L,298.457919463994,310.34355443521054,2639.983619204626,16.128104546050558,52.04547292584706,3.2130422835777095,7.870449848235994,53.68692337443537,0,2026-10-08 00:33:57
2026-10-07 08:25:00,CNC-01,L,295.5101562352196,310.67282817272394,1710.5223837983576,46.386420564309695,175.16353563374744,2.8204064617808595,14.773699066430915,63.29336645189881,0,2026-10-08 00:33:57
2026-10-07 21:24:00,CNC-02,M,299.44530414455875,312.83115628191575,2444.4619604331892,21.858053135998958,161.03272554968447,3.3906651349762593,9.89225802203871,56.498716882381316,0,2026-10-08 00:33:57
2026-10-07 07:31:00,CNC-02,M,296.04814561680865,311.01231551473364,1766.2529167664754,44.45938162623325,117.6478393165986,2.504016423864786,14.681625859929385,56.95582316624669,0,2026-10-08 00:33:57
2026-10-07 06:45:00,CNC-01,L,295.94653225616963,309.7555630715387,1826.3334072508676,36.998051869270235,31.57888291385722,2.5254102621946966,12.616999814161515,58.731676780076725,0,2026-10-08 00:33:57
2026-10-07 07:15:00,CNC-01,L,295.4050269875527,309.95278803704923,1823.3287892284206,40.7095599606284,73.40456563855066,2.427477501609979,13.856332593876672,62.586481440624986,0,2026-10-08 00:33:57
2026-10-07 23:06:00,CNC-03,H,304.504480911985,310.37512429627935,2725.169585971209,14.836719531729825,109.87754987042639,3.3356601615202663,7.665813095514059,46.21189296652096,0,2026-10-08 00:33:57
2026-10-08 00:26:00,CNC-03,H,298.6371154657408,311.50190142343433,2640.3725004499643,18.38279704891662,194.64868143500001,3.640426143021949,8.646671011469078,48.741769132528184,0,2026-10-08 00:33:57
2026-10-07 21:58:00,CNC-01,L,305.0578038803747,310.7054361369038,2696.588351610037,15.347951525530243,2.117502969341667,3.3057033374459506,7.927367667320639,47.072139822448975,0,2026-10-08 00:33:57
2026-10-07 05:53:00,CNC-01,L,295.55030393730334,310.75207525489594,1981.5468960198928,41.367484585081776,184.7213332917276,3.235174943321329,15.463181816890035,55.985223758577916,0,2026-10-08 00:33:57
2026-10-07 20:20:00,CNC-03,H,299.8968157708444,313.73673280464897,2356.377700534686,25.75509769341467,177.7926964004235,3.3101303674165368,11.585416451850458,50.40745826814797,0,2026-10-08 00:33:57
2026-10-07 04:41:00,CNC-02,M,296.4364884259412,310.15760150530946,2238.8869866841114,28.376064544754534,112.22806675416133,2.908576060039798,11.673938749982721,57.630989687163996,0,2026-10-08 00:33:57
2026-10-07 09:54:59,CNC-03,H,296.6522223911673,312.0466553089681,1387.3280004594508,56.3385331820048,252.94537111597063,3.1600728207243804,14.657265566629807,54.869675896605315,1,2026-10-08 00:33:57
2026-10-07 20:21:00,CNC-03,H,300.23065845443034,313.86202009491876,2562.2188719207006,22.802629778436515,178.9045413282667,3.4362028943564487,10.920306092752698,49.24709853634857,0,2026-10-08 00:33:57
2026-10-07 23:20:00,CNC-01,L,299.21316199834416,310.39954965858306,2711.625013572727,12.266647998141492,90.67966668219327,3.244120787958961,6.4006530026606026,50.03194459330942,1,2026-10-08 00:33:57
2026-10-07 14:01:00,CNC-01,L,297.4464158332987,311.7465877771185,1409.7256520017206,50.17155508065451,22.0012985502771,2.116189174369643,13.267294835941788,58.2433206585376,0,2026-10-08 00:33:57
2026-10-07 09:17:00,CNC-02,M,295.88198866446317,309.5508871489391,1387.9117848741462,47.023545413520544,57.894451886041566,1.9592837449681384,12.262700134783909,60.94864731086499,0,2026-10-08 00:33:57
2026-10-07 09:49:00,CNC-03,H,296.3974144078343,311.2693526636202,1462.0178259201796,50.002048299300206,241.99787463193613,3.0409919798581337,13.77042848610857,57.31254856142424,0,2026-10-08 00:33:57
2026-10-07 07:45:00,CNC-02,M,296.20927185810285,310.7949078478995,1599.0863346847652,45.06205154140121,138.04689604114833,2.4210356362088143,13.441658085759967,59.473818217859176,0,2026-10-08 00:33:57
2026-10-07 05:38:00,CNC-03,H,296.31240005811236,309.8409358545826,2121.9271783596346,29.72025469655087,123.55928790181375,2.929858051421572,11.813872521060388,60.57546363853544,0,2026-10-08 00:33:57
2026-10-07 16:49:00,CNC-03,H,299.8240494745318,314.51716062105976,1878.44731433017,38.18874062850045,152.34923651572956,2.7066447185030933,13.638173006937844,54.20535092688428,0,2026-10-08 00:33:57
2026-10-07 10:43:00,CNC-03,H,296.7287597608424,310.9405219114028,1374.8808727032304,52.06239370345281,54.75429015275667,2.0393965900475597,13.345146471684211,55.03381507263627,0,2026-10-08 00:33:57
2026-10-07 08:47:00,CNC-03,H,295.99797776870093,310.9880100875925,1690.4629077993065,46.04643425519182,146.97805261985224,2.4649876463982388,14.644030303219056,61.838253336155276,0,2026-10-08 00:33:57
2026-10-07 08:35:00,CNC-01,L,295.28570775583796,310.0479748251597,1607.9578071857293,44.80305428727779,190.18225029768163,2.907217639431792,13.446466631735396,59.80241750154249,0,2026-10-08 00:33:57
2026-10-07 14:59:00,CNC-03,H,298.95355364378145,314.00496848784553,1500.0569958345418,49.20377049167351,208.66802761016916,2.7575213681269877,13.944040440978442,50.57652284920108,0,2026-10-08 00:33:57
2026-10-07 05:36:00,CNC-01,L,295.8634448047354,310.79909522012423,2055.337932871388,37.75611481861458,162.42599053787657,3.068453932351295,14.465699729112801,62.64527008882131,0,2026-10-08 00:33:57
2026-10-07 09:44:00,CNC-03,H,296.04919486376053,310.54312593618215,1346.5550706126514,51.48935808814981,234.28514595515244,2.8209432826050276,12.841405013613455,55.23697461632533,0,2026-10-08 00:33:57
2026-10-07 09:05:00,CNC-02,M,296.06186598913325,310.03026206605347,1556.7949810490197,45.64162743486307,39.444733895304616,2.279026688119772,13.142628929272604,62.87965314304427,0,2026-10-08 00:33:57
2026-10-07 06:48:00,CNC-03,H,296.2005225821132,311.4036672216302,1951.5866529142704,40.998312394055546,217.43766628403557,3.214037902438892,14.864902288361764,56.87267347162082,0,2026-10-08 00:33:57
2026-10-07 02:30:00,CNC-03,H,297.5133652880146,310.2884286637482,2574.2352268863992,21.043017724881715,130.81667695552207,3.285960783585465,9.873585143699541,58.39547034457439,0,2026-10-08 00:33:57
2026-10-08 00:21:00,CNC-03,H,298.53241490655137,312.0823958525586,2741.8416614740577,21.03813275457525,3939.612038019442,3.81510931167695,10.546637261663827,54.28417534321609,0,2026-10-08 00:33:57
2026-10-07 02:58:00,CNC-03,H,297.61131077668534,310.58866501030224,2292.6459220398588,23.199806024718647,162.19340866877099,3.182289805394644,9.941609186290318,56.39990898031223,0,2026-10-08 00:33:57
2026-10-07 16:23:00,CNC-01,L,25.52540712541804,39.75535935953633,1734.3252814048262,43.58555405968248,17.388237643898936,2.266837160831631,14.10745442745856,56.39300058987837,0,2026-10-08 00:33:57
2026-10-07 21:43:00,CNC-01,L,305.26056427691435,312.5356641356463,2541.764775042095,21.326135697822274,190.4570657638185,3.8127291557545426,9.89355134742225,39.17164443689716,0,2026-10-08 00:33:57
2026-10-07 16:37:00,CNC-01,L,298.899497250005,312.6461076976998,1886.4091093490624,33.78824782207148,37.515737378893554,2.5026842348883798,12.101515276194066,54.794491672408505,0,2026-10-08 00:33:57
2026-10-07 10:05:00,CNC-03,H,296.5803765476211,311.74350005581806,1620.2433557696954,45.955634531324584,267.03501383389226,3.4687641833378007,14.138902051357144,58.61689110641363,0,2026-10-08 00:33:57
2026-10-07 01:24:00,CNC-03,H,298.34718810343804,310.7071221334451,2586.6939859127874,18.8656237431617,58.31309076637115,3.144950375856964,9.116727537852324,53.47328178322271,0,2026-10-08 00:33:57
2026-10-07 15:14:00,CNC-02,M,298.0193108448538,312.656211686863,1489.0191840825346,47.60576836571366,121.2871587021645,2.2516737970951457,13.4228065433944,51.669898726543046,0,2026-10-08 00:33:57
2026-10-07 09:01:00,CNC-01,L,295.37599930680545,310.0587977885619,1590.9350640943067,45.3035028389856,229.29982209397454,3.3773290459103684,13.229631070536795,59.461811752195075,0,2026-10-08 00:33:57
2026-10-07 09:48:00,CNC-02,M,295.87664320180295,310.07949545726973,1504.818702270276,45.97263086777854,105.55091309593583,2.284261840071641,13.054852116121687,60.17116852169808,0,2026-10-08 00:33:57
2026-10-07 16:47:00,CNC-02,M,298.5159204257046,312.59806888023246,1851.5498913356453,37.97252941715257,31.41892111974931,2.523168818745679,13.159535860683535,50.933541192271115,0,2026-10-08 00:33:57
2026-10-07 02:04:00,CNC-03,H,297.92470897363347,10217.507124181853,2767.8106592332433,16.29350417381209,102.04674238081822,3.4584742614797097,8.34509062218762,55.31960339157036,0,2026-10-08 00:33:57
2026-10-07 21:35:00,CNC-01,L,305.1455153787752,312.3607709188606,2584.2638897878537,20.750679967019,181.62144698541442,3.6111148792454677,10.357860669510076,38.81461199710152,0,2026-10-08 00:33:57
2026-10-07 23:11:00,CNC-02,M,299.12258633945584,310.44340794176946,2711.5449472377863,11.339638983941736,39.54313044555324,3.2627518192392433,5.851220200710084,55.28835933666272,1,2026-10-08 00:33:57
2026-10-07 11:59:00,CNC-02,M,296.6550500240864,310.7902425763795,1374.127755437696,50.907568363259884,63.5788145467816,2.079247584943997,13.071055890791206,55.240114200658006,0,2026-10-08 00:33:57
2026-10-07 00:56:00,CNC-03,H,298.42031063421337,310.4234379625483,2586.0955971840776,17.96762848562811,27.978914903025185,3.1900123980121275,8.51838263636084,55.60906785545412,0,2026-10-08 00:33:57
2026-10-07 08:10:00,CNC-01,L,295.5274128276857,310.3474842230019,1609.4246168914563,46.83116435260871,152.90003566006132,2.542470617551041,14.217126933150455,60.214352023001545,0,2026-10-08 00:33:57
2026-10-07 21:58:00,CNC-02,M,299.1835256882879,312.5693710529362,2629.6548369905286,19.809951521747003,198.73685693692022,3.8026643369456052,9.981397231890735,51.99301875234384,0,2026-10-08 00:33:57
2026-10-07 15:59:00,CNC-03,H,26.10843916791282,40.01663254782807,1618.1226150678078,43.034671439191094,80.54682593910015,2.300974689613084,13.086452343075953,56.10995645624976,0,2026-10-08 00:33:57
2026-10-07 23:26:00,CNC-02,M,299.37498116166176,312.037204316117,2610.576992682852,18.907886470344035,55.5683902333915,3.1768084248351767,9.198548016048003,52.63396138907191,0,2026-10-08 00:33:57
2026-10-07 13:05:00,CNC-01,L,23.82574555000747,,1415.6272528623938,50.64743134021482,160.11985895544322,2.403678584692053,13.401747774111428,58.746216027044994,0,2026-10-08 00:33:57
2026-10-07 17:42:00,CNC-02,M,299.11981992535937,314.2220634462425,1879.2702981118844,41.73320446825251,107.35279544478793,2.542864878693233,14.608846008223741,52.51239547486223,0,2026-10-08 00:33:57
2026-10-07 09:34:00,CNC-01,L,295.7258696553053,309.9913950209841,1636.609962910481,46.721126991704516,43.293634675401336,2.227999058938282,14.38229140854365,60.19224673390975,0,2026-10-08 00:33:57
2026-10-07 13:40:00,CNC-03,H,298.1307694175058,312.0068856015535,1321.2990539770992,51.683533231257925,86.45762172353305,2.0063127035683364,12.718313701792752,54.31726441822898,0,2026-10-08 00:33:57
2026-10-07 20:38:00,CNC-03,H,299.94084563761845,314.48051498317454,2451.9331755696935,28.710179126381878,198.66443861118353,3.5500968146451086,13.227243601565362,53.01278032392042,0,2026-10-08 00:33:57
2026-10-07 12:37:00,CNC-01,L,23.260062574435608,37.632364837019566,1399.0002437633575,51.493688118178675,115.72306713410688,2.3321962874291007,13.427276149271954,62.25500763739574,0,2026-10-08 00:33:57
2026-10-07 16:46:00,CNC-03,H,299.64326011073695,314.0429550490854,1710.347528834724,43.239226925502535,148.0766601928231,2.5539917240797814,13.765579640820668,48.76584186866255,0,2026-10-08 00:33:57
2026-10-07 13:52:00,CNC-02,M,297.56244373178845,312.66619773693816,1425.570900016779,52.01989902632378,242.3797591740833,3.318314487567107,13.768983994634954,58.559634547101425,1,2026-10-08 00:33:57
2026-10-07 05:13:00,CNC-03,H,296.56170114799085,310.52247481702,1981.5788985393624,33.16576028352667,91.29370114987262,2.5872949239245173,12.22376234066419,53.726756983961955,0,2026-10-08 00:33:57
2026-10-07 14:20:00,CNC-03,H,298.4031412329678,313.2893469919723,1634.0067954947472,47.3205677181698,148.8155603312358,2.4864824108894203,14.615126637431468,55.90789087137381,0,2026-10-08 00:33:57
2026-10-07 17:26:00,CNC-03,H,299.6010924698338,315.53426230776455,1977.7754400131503,42.92942908701575,204.04446806166047,3.1796915177144656,16.06481461018143,51.75678276286485,0,2026-10-08 00:33:57
2026-10-07 06:58:00,CNC-02,M,295.9455231705612,310.0282426471161,1910.4928945887843,35.367524879406986,70.95983988362087,2.5214520602275403,12.580192390723118,57.98146479240337,0,2026-10-08 00:33:57
2026-10-07 18:52:00,CNC-01,L,299.7696153664189,313.99885452734605,2185.911917869582,29.98607923616589,219.37535996778365,3.7921606840391617,12.229315211482355,53.013308790387846,0,2026-10-08 00:33:57
2026-10-07 02:09:00,CNC-03,H,297.93170470422024,310.2348981713711,2607.7735961206895,16.878810223051506,107.55192369340668,3.247068931907306,8.23883947422649,57.841840634624106,0,2026-10-08 00:33:57
2026-10-07 02:42:00,CNC-01,L,297.4500355343017,310.3503929923715,2542.138078709809,19.435533700979533,156.9986611350182,3.4872243277229877,9.179615499228232,56.13543883875316,0,2026-10-08 00:33:57
2026-10-07 15:20:00,CNC-02,M,297.8529870231104,312.7474584033058,1857.7348940606812,41.14163862112619,130.16107933057373,2.688194914808057,14.522069196585752,57.2718711567166,0,2026-10-08 00:33:57
2026-10-07 02:20:00,CNC-03,H,297.9830690787237,311.1978839738785,2503.1494778012725,23.07634520092327,119.71705122799622,3.0613452890286226,10.901971920518276,54.650493225629845,0,2026-10-08 00:33:57
2026-10-07 20:41:00,CNC-02,M,299.15556012988856,313.10600489792165,2381.2100335084187,27.406824868053285,112.27316308242342,2.95728897975803,12.329853475754572,50.32795180225133,0,2026-10-08 00:33:57
2026-10-07 16:30:00,CNC-03,H,26.261859632260837,40.881465218335336,1799.6901038243261,42.456834175924584,125.37774061623558,2.5737489629758112,14.24997685925615,56.53544566007798,0,2026-10-08 00:33:57
2026-10-07 18:56:00,CNC-02,M,298.81225062975864,313.7462446669556,2168.894065216562,33.88918230310822,204.25544391910154,3.356898103177682,13.871533208973192,57.2862554869906,0,2026-10-08 00:33:57
2026-10-07 17:42:00,CNC-01,L,298.9463874435317,313.3487453404389,2109.056576796755,34.4674990986292,127.84559090416225,2.9205022231214364,13.488382719780335,51.61100928893225,0,2026-10-08 00:33:57
2026-10-07 14:26:00,CNC-03,H,298.82183321046574,313.93393522141497,1470.9581080986522,53.896929358473926,157.9588395914197,2.3742964670237185,14.936437756954046,58.80357123607088,0,2026-10-08 00:33:57
2026-10-07 07:01:00,CNC-02,M,296.21874934539613,310.667918018851,1746.5354680756761,,75.19276679092516,2.349739812015402,14.430925595593402,1687.2310804215788,0,2026-10-08 00:33:57
2026-10-07 04:02:00,CNC-02,M,296.80979263486967,310.0870642941832,2464.522147280165,24.218971255220094,64.49958902262473,2.9644676099615146,11.250092056670855,58.84156160167632,0,2026-10-08 00:33:57
2026-10-07 07:51:00,CNC-02,M,295.79008068513053,310.2706171925256,1819.5001986196332,38.475777675330654,146.7137582655995,2.814193841474361,13.20302808129183,57.34045619022381,0,2026-10-08 00:33:57
2026-10-07 16:37:00,CNC-03,H,299.45164885287545,314.20507816168407,1868.0093297725066,39.87140193075545,135.3001078259161,25.62699222270679,14.154345906672075,,0,2026-10-08 00:33:57
2026-10-07 14:03:18,CNC-03,H,298.12898702011404,312.8677268487994,1432.6993809651085,50.35432959034179,124.00507421751702,2.2523024023011375,13.664454464155762,58.25264399697048,0,2026-10-08 00:33:57
2026-10-07 23:10:00,CNC-01,L,299.16850902602044,311.8431441677588,2490.17165223677,21.194443680763165,80.03872408836543,3.0164217574121417,9.764061535815772,55.76211044295945,0,2026-10-08 00:33:57
2026-10-07 19:31:00,CNC-02,M,298.9951179399596,312.2481930154823,2057.1711704272116,28.885187026482377,28.410002944624008,2.582024341491007,11.293211052226917,53.149836289580705,0,2026-10-08 00:33:57
2026-10-07 20:10:00,CNC-02,M,299.09980630924093,312.77380969434495,2241.9305234655003,26.954567330005037,75.77494045332826,2.9613945383329705,11.566802520990963,48.54787822173379,0,2026-10-08 00:33:57
2026-10-07 05:27:29,CNC-01,L,295.5919971412477,310.12476834813776,2197.847569091451,33.97287978124112,152.08620244321295,3.095170152019573,14.151718302747065,56.41299494973669,0,2026-10-08 00:33:57
2026-10-07 15:10:00,CNC-02,M,298.0326789482001,312.4790845264027,1584.876949899888,43.72618983049738,115.23795353179443,2.3943307789739796,12.762702207720627,54.599305933120355,0,2026-10-08 00:33:57
2026-10-07 13:30:00,CNC-02,M,297.1200228120217,312.3052513837163,1461.6850499983611,52.15193521808293,,2.818062709060309,14.382688943359485,56.936223788563005,0,2026-10-08 00:33:57
2026-10-07 13:37:00,CNC-02,M,297.22226651768597,312.3248422450527,1369.9685332951979,,218.90471554338882,2.825259304381831,13.632480465529412,57.21501945825624,0,2026-10-08 00:33:57
2026-10-07 19:18:00,CNC-01,L,300.00287590713776,313.31216529290464,2299.980064170521,27.57993751973974,21.333822011131254,2.8335009469692767,11.864399387447538,50.91717852776063,0,2026-10-08 00:33:57
2026-10-07 10:36:00,CNC-01,L,296.0500338314965,310.43079496112114,1454.0022346491314,50.00780885181438,140.0315530087323,2.411804003649899,13.57119807920557,59.75505610076637,0,2026-10-08 00:33:57
2026-10-07 20:51:00,CNC-03,H,299.7207346806949,313.79389395861085,2501.6228522494266,24.149933163897078,213.85612637029467,3.6728672569921703,11.373887968775753,56.03226478571267,0,2026-10-08 00:33:57
2026-10-07 17:55:00,CNC-03,H,300.00261957219544,314.325265157595,2171.2903677989093,29.660504529263637,243.18283456881215,3.649032955187222,11.976123269431591,53.69640563313524,0,2026-10-08 00:33:57
2026-10-07 04:25:00,CNC-01,L,296.265820892015,309.39877744754847,2295.931835288921,24.63516692022773,72.67080278146831,2.9063304046129104,10.660338082047863,55.416704905912134,0,2026-10-08 00:33:57
2026-10-07 17:32:00,CNC-01,L,298.96564255687275,313.3799240809527,1910.733017669579,38.35055132267759,114.30261657774498,2.7222497685035543,13.604752876994386,55.14288059337062,0,2026-10-08 00:33:57
2026-10-07 22:15:00,CNC-02,M,299.2124070373095,312.80888241084574,2623.5780740985456,,217.35188851746975,3.990022501911493,9.818916976246651,57.274368677932586,0,2026-10-08 00:33:57
2026-10-07 16:38:00,CNC-03,H,299.6067524085569,314.0730018538647,1696.2193367584405,43.243699884503535,136.741653029793,24.99679880995044,13.875631174482926,50.85658204276709,0,2026-10-08 00:33:57
2026-10-07 20:50:00,CNC-03,H,299.9782317756987,313.9290436306405,2494.605504553845,25.670392535064263,212.71759342264872,3.6539161601896946,11.92981763033795,60.23771411035335,0,2026-10-08 00:33:57
2026-10-07 06:35:00,CNC-03,H,296.09123700707164,311.28525313608105,2008.9728090081521,39.54041368472716,199.61795648702994,3.0832879189046207,15.094415306785278,56.04517790025543,0,2026-10-08 00:33:57
2026-10-07 17:27:00,CNC-03,H,299.6143310144245,314.1287290080634,1894.0265365124492,34.70603924112698,205.4251366271845,3.0872500208609783,12.266133270824369,52.68046597640142,0,2026-10-08 00:33:57
2026-10-07 15:32:00,CNC-01,L,25.102257515596534,39.72831422062808,1421.720144928516,50.618256834799936,161.1926726803276,2.5820844132351057,13.253502173593208,53.697780477000805,0,2026-10-08 00:33:57
2026-10-07 22:59:00,CNC-03,H,304.84866503493885,310.9486989603831,2730.3063264042535,15.917273624992022,102.4525575959246,3.276335488462123,8.223315837768764,42.33258658017545,0,2026-10-08 00:33:57
2026-10-07 21:05:00,CNC-03,H,299.85940209369164,313.68538406325484,2566.8521478869948,23.253956082259197,229.90060281362702,3.90279622633714,11.285392227795677,50.59326467442477,0,2026-10-08 00:33:57
2026-10-07 14:28:00,CNC-01,L,297.45714917657756,311.2735724758633,1484.2366011454894,47.50182874548457,63.82008705967382,2.138559147835335,13.12755268563796,53.529604462808344,0,2026-10-08 00:33:57
2026-10-07 05:11:00,CNC-03,H,296.3332592966866,310.6785007151587,2069.2133292052777,35.64967665463958,88.69467264498402,2.7240532650084277,13.72763739279682,55.90166425134386,0,2026-10-08 00:33:57
2026-10-07 15:36:00,CNC-02,M,25.138684622219614,40.13247220278163,1635.5181042178747,46.48531042060606,153.94867912348946,2.549959014908844,14.236765131983201,54.842483884383874,0,2026-10-08 00:33:57
2026-10-07 02:28:00,CNC-01,L,297.81015578971306,310.4426378424186,2604.8078664171726,18.83569084205956,141.2228834429117,3.4233798053783344,9.1386860599395,56.69745141027809,0,2026-10-08 00:33:57
2026-10-07 06:39:00,CNC-03,H,296.3552588208921,311.6056801413908,2101.65099873324,36.826205934816585,204.94616651380622,3.1763526680596046,14.424278394822654,57.0379402760155,0,2026-10-08 00:33:57
2026-10-07 19:15:00,CNC-03,H,299.9209217427144,313.4403389928149,2319.360343493739,26.644753754582858,98.85069977733934,2.9641346953345327,11.51780148417951,47.1409681365388,0,2026-10-08 00:33:57
2026-10-07 09:13:00,CNC-03,H,296.48207178357364,311.0359279974887,1494.8831400609768,47.28080311519158,186.63927118811097,2.5590563102023065,13.141846086040339,56.267607886433154,0,2026-10-08 00:33:57
2026-10-07 21:12:00,CNC-03,H,299.7093907057671,314.12793209224293,2549.9969612022096,26.353125129670463,237.9039146425589,3.9450744281851744,12.447871383120079,50.283707048852214,0,2026-10-08 00:33:57
2026-10-07 08:24:00,CNC-03,H,296.1233154223003,310.6551591674188,1697.9416091194728,43.91447210644129,112.60001036843195,2.5349824232979596,13.72421844648659,60.12469748639731,0,2026-10-08 00:33:57
2026-10-07 23:25:00,CNC-02,M,299.1600312641052,311.8750695253762,2799.9268969636014,17.231500273575364,54.44847012748602,3.3736762785702963,8.883998139621573,54.07219669205352,0,2026-10-08 00:33:57
2026-10-07 13:44:00,CNC-03,H,298.0611244788583,311.7331504897715,1350.5873477579196,48.04714775847857,92.73745180977771,2.015938605415434,12.173446494019686,57.00815674337128,0,2026-10-08 00:33:57
2026-10-07 06:08:00,CNC-02,M,296.3389895077478,310.4257714059523,1928.4136732873321,38.715108512050975,2.6895253011734916,2.6286766817916485,13.904522410236872,63.62268677341879,0,2026-10-08 00:33:57
2026-10-07 23:13:00,CNC-01,L,299.2425226529142,310.82723040231383,2795.403513176086,12.18217153534,83.20528836090517,3.3935401553358027,6.3751370850221365,50.986448039108986,0,2026-10-08 00:33:57
2026-10-07 06:11:00,CNC-02,M,296.45390825756533,309.77267139608176,2015.2806622285545,30.39357518120655,6.696585657843868,2.6856293861672875,11.203557468432507,58.512778500734676,0,2026-10-08 00:33:57
2026-10-07 01:39:00,CNC-02,M,298.6913043077198,311.38484903254994,2610.262823680422,18.683523301996992,117.72450061308723,3.2632753930353116,8.946124333288196,53.59645356343658,0,2026-10-08 00:33:57
2026-10-07 16:03:00,CNC-01,L,25.471909732931863,40.5967704317178,1651.0043842934672,46.075789613084524,206.92137353348213,3.2182094385907853,14.209574024219513,57.917218722706565,0,2026-10-08 00:33:57
2026-10-07 20:05:00,CNC-03,H,299.83643037487565,313.1341692613754,2293.4631555797105,24.83619767346343,160.0142938426706,3.1339843779512115,10.587222090689098,53.35220223424311,0,2026-10-08 00:33:57
2026-10-07 19:58:55,CNC-01,L,300.0602542704588,312.99876008498387,2493.6244630816745,22.160413571687464,72.5618814618757,29.454238979578665,10.34998131943243,46.67969741388678,0,2026-10-08 00:33:57
2026-10-07 05:43:00,CNC-02,M,301.8843195397211,310.82355335629114,0.0,37.31609138811701,191.30688547215334,3.1778274190460345,13.466729246071903,45.124779299601144,0,2026-10-08 00:33:57
2026-10-07 03:52:00,CNC-03,H,297.4727268836729,310.9337104890328,2490.191862552373,21.606681588358583,224.5578771027705,3.742422566031246,10.088055247511917,53.16590360091156,0,2026-10-08 00:33:57
2026-10-07 00:35:00,CNC-01,L,298.75604499997416,310.72392388862573,2813.5022522568975,15.610919618183292,18.80768717512322,3.3257252012050915,8.029559339127276,56.5662750123193,0,2026-10-08 00:33:57
2026-10-07 19:11:00,CNC-02,M,298.8031677950047,311.90857778127025,2251.753100275787,24.468373847357018,3.808339749085457,2.813498729703915,10.427483085952833,47.70042359507435,0,2026-10-08 00:33:57
2026-10-07 08:01:00,CNC-02,M,296.1702868716931,311.575550738015,1756.136018860849,46.404208445155845,161.27034485098534,2.7002349522517823,15.233087742340343,60.52682598452361,0,2026-10-08 00:33:57
2026-10-07 23:04:00,CNC-01,L,299.2628821483463,311.45537778118756,2655.2070221569993,17.363100785406786,73.43167238011397,3.190361794035383,8.559641845162947,52.389487245464316,0,2026-10-08 00:33:57
2026-10-07 07:11:00,CNC-02,M,296.25075838059473,310.5089637191061,1686.5896422192443,40.40482997401319,89.30094482506624,2.4168688901337743,12.80629580542807,52.4152716217107,0,2026-10-08 00:33:57
2026-10-07 18:56:00,CNC-03,H,300.0347055494779,313.2740556973693,2181.822944679642,27.298521530824466,75.30307239234723,2.7841987408245257,11.092815634316795,52.524811304002895,0,2026-10-08 00:33:57
2026-10-07 04:42:00,CNC-02,M,296.56221736670653,310.87623982617555,2156.488871695981,33.05058881751346,113.52108293809192,2.8147113192281727,13.250973106361034,63.023543760898114,0,2026-10-08 00:33:57
2026-10-07 12:39:00,CNC-01,L,23.478817686552816,37.50939036250389,1301.2079214774792,52.545331240599815,118.9167767682022,,12.699431898303416,59.75302921840945,0,2026-10-08 00:33:57
2026-10-07 21:20:00,CNC-01,L,305.2508345876516,312.9733243626702,2527.005603762472,23.21879530323744,164.86750564974957,3.611837212795365,10.937050601335084,41.763794056505965,0,2026-10-08 00:33:57
2026-10-07 13:20:00,CNC-01,L,297.2294671898288,312.28573430052495,1423.337736181707,54.71689762955221,183.6475917911838,2.5739563665140954,14.67805376706715,58.073815573780514,0,2026-10-08 00:33:57
2026-10-07 15:23:00,CNC-01,L,298.32634643924035,312.7838605810662,1533.13139997203,47.27115563901823,147.80700154329534,2.4841696705404352,13.72093777956847,54.31764115840453,0,2026-10-08 00:33:57
2026-10-07 10:05:00,CNC-02,M,296.2492948816337,310.85449853309484,1505.8115222726071,47.35836767118384,131.91249623834662,2.3594470795067184,13.722647493661157,55.928869767798375,0,2026-10-08 00:33:57
2026-10-07 17:53:00,CNC-02,M,298.94707462016356,313.468632738389,2133.08499915288,32.69572166072562,122.2899341379085,2.821263942980595,12.973872478525985,52.970442813795565,0,2026-10-08 00:33:57
2026-10-07 20:53:00,CNC-01,L,305.36164226209814,312.74219424993703,2429.087450452436,23.731862758736522,134.4487529342284,3.3657523382707524,10.62278247593984,42.481121611559274,0,2026-10-08 00:33:57
2026-10-07 03:04:00,CNC-01,L,297.4003571858536,309.9942906551183,2755.650306587557,17.37016722059382,181.71018102334543,3.776556152469562,8.720088325826762,56.9533063591179,0,2026-10-08 00:33:57
2026-10-07 15:49:00,CNC-01,L,25.14220017069448,39.57393210892843,1581.931793986961,46.6943961693049,186.438624769868,2.861549888630496,13.671607301479954,51.28016538322834,0,2026-10-08 00:33:57
2026-10-07 16:54:00,CNC-01,L,298.7873681888537,312.2934978980905,1862.8278926182857,34.53492930884047,61.67437371648711,2.4255026843198744,12.164910742991934,54.19796797968588,0,2026-10-08 00:33:57
2026-10-07 02:07:00,CNC-02,M,298.08356890731625,310.6606282529245,2652.440325782349,18.051223925544804,148.32914676125256,33.116659295919554,9.147269976367642,56.96441296683513,0,2026-10-08 00:33:57
2026-10-07 19:50:00,CNC-03,H,299.78780895909955,313.6448872371295,2218.345787442417,28.60802052444175,141.92626381432697,3.0052541147634404,11.98016802544195,52.57529237746513,0,2026-10-08 00:33:57
2026-10-07 08:02:00,CNC-02,M,296.14650185258887,310.97848557969473,1780.686945816125,42.34766486413978,162.7012022379057,2.712611206502717,14.144586651004749,53.62125421919302,0,2026-10-08 00:33:57
2026-10-07 21:20:00,CNC-02,M,299.9334912685876,313.4501391320185,2556.967852244733,21.091325904898675,156.52378228063478,3.331811162391263,10.251679952720567,51.92641181932601,0,2026-10-08 00:33:57
2026-10-07 17:19:00,CNC-03,H,299.763690531938,314.7997085084459,1997.304783261164,38.84055172438547,194.28276924930674,3.0200147423871653,14.896671260196825,53.37400531607978,0,2026-10-08 00:33:57
2026-10-07 20:17:00,CNC-03,H,299.8682897937741,313.91920238820427,2514.572607073932,25.419843103129487,174.26207866307877,3.457712759200402,12.059835166475322,50.193444008278895,0,2026-10-08 00:33:57
2026-10-07 23:37:00,CNC-02,M,299.00957563868155,310.98605424955616,2691.2405740469485,14.199359486287811,67.25178987887615,3.148271011983698,7.050791637698482,50.103253653924675,0,2026-10-08 00:33:57
2026-10-07 14:41:00,CNC-01,L,297.73240336747347,311.71193974620604,1310.7490303584123,52.14545825327371,0.0,2.1282172054874717,12.818603921402735,51.92817396937507,0,2026-10-08 00:33:57
2026-10-07 17:33:00,CNC-01,L,299.35633021589655,313.74410890520295,1884.9904056782073,38.18248084321019,115.69152962620441,2.5235056605014567,13.349451228408368,53.51038930455064,0,2026-10-08 00:33:57
2026-10-07 07:47:00,CNC-03,H,296.0340036898485,309.92106508614467,1605.822197199651,42.834605243988925,58.38210844079477,2.2382368819302108,12.692524654935337,58.229099203186486,0,2026-10-08 00:33:57
2026-10-07 18:43:00,CNC-03,H,299.8284206601569,312.7580571480507,,25.163082288232136,58.89033202740394,2.732030984379778,10.010336355932111,51.74403036847111,0,2026-10-08 00:33:57
2026-10-07 08:04:00,CNC-01,L,295.4341511507313,310.0387153185957,1651.0543310896733,45.780398253986256,143.97094459408282,2.5694810398196193,14.256593325694224,64.0591729441429,0,2026-10-08 00:33:57
2026-10-07 11:25:00,CNC-01,L,296.2636430061021,310.1078120401132,1529.7522789857096,46.14436870517885,,2.1745157221635796,13.3277240127971,60.38926479065038,0,2026-10-08 00:33:57
2026-10-07 22:32:00,CNC-02,M,299.2818360729312,311.8591971526867,2564.6196219325075,14.78486939020901,235.9574195893595,4.141305688247003,6.934029536614932,52.61200614276567,0,2026-10-08 00:33:57
2026-10-07 09:55:00,CNC-03,H,296.6753422872563,311.50639201837606,1366.102216536693,53.331894938045885,251.35228587820393,3.088661565327871,13.564884642029666,58.0936678882365,1,2026-10-08 00:33:57
2026-10-07 14:43:00,CNC-01,L,297.6292955931714,312.07435494604727,1576.4436346988168,47.923449370082494,87.12120569335639,2.392460110609884,14.341862375558561,58.689281982505435,0,2026-10-08 00:33:57
2026-10-07 20:15:00,CNC-02,M,299.27261835865636,312.70549166217535,2417.2205531118843,23.422750699342235,81.85957940976746,2.970784748822993,10.73804083405578,54.078542525657504,0,2026-10-08 00:33:57
2026-10-07 05:31:00,CNC-03,H,296.23219570359356,310.15878762892436,2019.6900717889096,33.40755493013053,114.52261375862454,2.7522194648020633,12.76755968960365,61.42476426309991,0,2026-10-08 00:33:57
2026-10-07 16:21:00,CNC-03,H,26.363289512154267,40.91546894013214,1794.1572144437491,41.74479085877876,112.43556463479109,2.511743050489339,13.989715245733489,55.020899035554606,0,2026-10-08 00:33:57
2026-10-07 19:38:00,CNC-03,H,299.94025014996157,314.0782022021796,2305.1999000397627,30.273156841404994,127.06156697507855,2.9926877491784483,12.807292383793662,54.96513187607985,0,2026-10-08 00:33:57
2026-10-07 14:19:00,CNC-01,L,297.45880169840706,311.2347751682894,1356.8940402617766,50.61703015838675,50.09099583495833,2.0168981672005217,12.911495365404418,57.52549880802512,0,2026-10-08 00:33:57
2026-10-07 16:56:00,CNC-01,L,299.0529965159057,313.2272344669084,1721.6755658582442,43.43457759997803,64.49827642647654,2.3698221776403954,14.013277673020928,52.826642128356255,0,2026-10-08 00:33:57
2026-10-07 09:06:00,CNC-02,M,295.95918679217465,309.76085002942915,1468.7554455939355,47.58518837510157,41.006924501528815,2.1108807752986394,13.037105206109525,59.50563587101746,0,2026-10-08 00:33:57
2026-10-07 15:22:00,CNC-03,H,298.90372721655785,312.8537766349434,1526.5785510738049,47.31683271996036,25.860923987492118,2.2113661011446095,13.495882136757123,51.01106694745034,0,2026-10-08 00:33:57
2026-10-07 09:31:00,CNC-02,M,295.7744314359091,310.2578577396482,1475.0769838977926,49.979811784110744,79.32311672232463,2.2223039053753673,14.15205641346497,57.41459699460429,0,2026-10-08 00:33:57
2026-10-07 23:14:00,CNC-03,H,304.5846274906968,310.6691644236613,2624.666776979701,16.526632308207525,118.36861775397286,3.3908543246251184,8.14884442800658,43.045383205605745,0,2026-10-08 00:33:57
2026-10-07 09:18:00,CNC-02,M,295.75347570003555,310.0038699925747,1658.6123022239994,43.49027412762934,59.380961468505674,2.3069387521426443,13.807000294747333,56.76443991484035,0,2026-10-08 00:33:57
2026-10-07 15:32:00,CNC-02,M,25.205060079144573,40.684327520129614,1622.5225341294647,50.10626553155169,148.12105260993843,2.609723245866479,15.457172591284131,59.310076811244805,0,2026-10-08 00:33:57
2026-10-07 16:18:00,CNC-02,M,25.347308439459027,40.79552306985141,1926.91817685678,40.364466503733325,215.70829069232298,3.3684764043579762,14.450365511022277,52.65559960850734,0,2026-10-08 00:33:57
2026-10-07 18:56:34,CNC-01,L,299.7610105330983,313.86628334997675,2146.4673018343374,29.927678574447846,225.68454657465912,3.805051512033051,12.239826205326173,54.069711647308814,0,2026-10-08 00:33:57
2026-10-07 23:07:00,CNC-03,H,304.77625400871017,311.71132403858314,2634.8450317674456,20.362466426708224,110.9632653548039,3.2371372544981756,9.964325447114037,42.623511777037756,0,2026-10-08 00:33:57
2026-10-07 15:28:00,CNC-02,M,297.9479821783797,312.82755627685356,1537.1221791676644,48.99432549460784,142.1947006788888,2.392378649606818,14.123528330698127,56.80463953921565,0,2026-10-08 00:33:57
2026-10-07 17:29:23,CNC-03,H,299.78531133457983,314.1525319044996,1828.4218695407192,37.992009402973075,206.83794168364008,3.0504237507296996,13.044245525642918,46.566988367493344,0,2026-10-08 00:33:57
2026-10-07 16:02:00,CNC-02,M,25.34767107111861,40.445707680750445,1783.9571019791285,41.04619134209657,192.30228547153826,3.0077938741850314,13.588569387995587,54.907104269933335,0,2026-10-08 00:33:57
2026-10-07 09:22:00,CNC-01,L,295.4740962566954,309.06061707262114,1405.1025267296484,46.733825028533026,24.724113676286656,2.098400081158965,12.401178885290205,58.244194503531965,0,2026-10-08 00:33:57
2026-10-07 16:17:00,CNC-02,M,25.559123336639004,40.79161684983109,1622.785881125186,46.12308186062717,214.30943598887765,2.995163039995167,13.993319836813674,51.363578342453195,0,2026-10-08 00:33:57
2026-10-07 14:49:00,CNC-01,L,297.7629102874565,312.0071389292969,1526.6800434635381,46.97234625266342,96.28383987080105,2.223615384446656,13.579057474802012,55.70063888912751,0,2026-10-08 00:33:57
2026-10-07 04:54:00,CNC-03,H,296.75789196900837,309.6106854237806,2233.0286051415414,24.034949055775808,67.2020489875086,2.763217817626301,10.267707331340844,61.73776831562152,0,2026-10-08 00:33:57
2026-10-07 12:38:00,CNC-03,H,24.656223080490292,40.06869105193954,1463.086334041054,55.42650461983255,237.15109651081175,2.8834052630932323,15.383520976710425,56.7601150674252,1,2026-10-08 00:33:57
2026-10-07 15:56:00,CNC-01,L,25.08606841132479,39.9436022283374,1632.6598657934933,45.0127696310782,196.75627305383614,3.06895669210841,13.93713198667884,52.11187219261312,0,2026-10-08 00:33:57
2026-10-07 21:28:00,CNC-03,H,299.7305603216759,311.61551830909565,2602.7512844132484,16.639042699388753,3.265578258367212,3.1791072299803163,8.042584936385826,52.055119150907466,0,2026-10-08 00:33:57
2026-10-07 07:40:00,CNC-03,H,295.9270994419212,310.2731442141699,1817.753202407641,39.33106959635819,48.18406696959279,2.4361728092401607,13.42085330244746,56.83453535225114,0,2026-10-08 00:33:57
2026-10-07 07:24:00,CNC-02,M,295.97509405593945,309.8689891247316,1870.699098754938,35.87657620417613,107.57750933629809,2.5051239302164006,12.697162438775543,57.74891013490982,0,2026-10-08 00:33:57
2026-10-07 07:54:00,CNC-03,H,296.0032310575609,310.86739785406934,1850.532413228777,44.419567217805174,68.55408983966383,2.443887528098621,15.494577583935595,57.40005093164679,0,2026-10-08 00:33:57
2026-10-07 12:28:00,CNC-03,H,24.342263405545566,39.693132380024224,1332.7761286129314,58.19365130261838,221.2413731753477,26.79799366209416,14.381483233115715,56.515039447052885,0,2026-10-08 00:33:57
2026-10-07 15:21:00,CNC-02,M,297.89077127003094,312.68774058943484,1651.2706145398026,46.39591585036789,131.65462073156675,2.4848468404705915,14.229864214714732,55.53615258466282,0,2026-10-08 00:33:57
2026-10-07 16:33:00,CNC-01,L,25.74810034535608,39.67633495433199,1840.2006438597475,38.0771815667065,31.802671777343246,2.4766069254241176,12.923379101516538,60.78463726181077,0,2026-10-08 00:33:57
2026-10-07 20:37:00,CNC-01,L,299.81395229483195,312.36825001778163,2522.3129465677607,,115.97780292903965,3.194372838844053,9.271475765457197,53.579417944808064,0,2026-10-08 00:33:57
2026-10-07 03:30:00,CNC-03,H,297.3258708337604,310.6781534879386,2410.456092999608,22.459637785562265,198.78678305068863,3.5586267321360623,10.024237771831212,55.52727765766244,0,2026-10-08 00:33:57
2026-10-07 02:10:00,CNC-01,L,297.73711416481973,310.4373472145142,2723.3752763847765,18.199989496701846,121.39429806089437,3.4734276541795372,9.395372280108006,54.80995389652814,0,2026-10-08 00:33:57
2026-10-07 22:22:00,CNC-03,H,305.0980002261544,310.4910569163427,2744.2279011907526,12.484987040230871,62.549029153007915,3.283292932109242,6.326486161892492,40.773550580589834,0,2026-10-08 00:33:57
2026-10-07 06:10:00,CNC-03,H,296.4855107466326,311.20817586245136,2026.3045405641344,36.19611587974606,165.8627742868896,2.924445251344105,13.561490792121438,58.20014842764495,0,2026-10-08 00:33:57
2026-10-07 17:57:00,CNC-01,L,299.2954797452149,313.7832174355593,2117.989102568275,32.88654136081787,148.04763326418097,2.971493391953342,13.074540346386163,52.66775997496775,0,2026-10-08 00:33:57
2026-10-07 19:02:00,CNC-01,L,299.8525734568086,313.15088000506927,2115.8585337326635,29.21320399858174,1.2891952657208066,,11.799726208136487,52.21711336613387,0,2026-10-08 00:33:57
2026-10-07 21:33:00,CNC-01,L,305.2485882331164,313.4776338666717,2541.2744504826433,25.593520607535222,179.4059674077099,3.591576622328711,12.103749885060306,41.2721504338881,0,2026-10-08 00:33:57
2026-10-07 07:28:00,CNC-01,L,295.91988161867647,310.1657360500847,1765.0209680384507,40.793082505459616,91.82690638097891,2.5343941993774632,13.492857355604382,56.967041099036116,0,2026-10-08 00:33:57
2026-10-07 23:40:20,CNC-01,L,298.8754116029211,310.31532187684167,2738.1143444090226,13.292498843059931,110.95512798239912,3.376299268050663,6.428886814106417,55.69386056166565,0,2026-10-08 00:33:57
2026-10-07 23:07:00,CNC-01,L,299.1677499459151,311.5881138475828,2737.823913629884,16.97421456045873,76.65876322380367,3.2999291263707407,8.825482252956535,51.194878324502355,0,2026-10-08 00:33:57
2026-10-07 18:21:00,CNC-02,M,298.9049154448356,313.98342596047934,2090.2255474210633,35.53930908337875,159.2442414914707,2.9563360486317336,13.692756783378913,54.70258987236175,0,2026-10-08 00:33:57
2026-10-07 22:09:35,CNC-01,L,304.73862761454325,311.13819138159124,2788.3811336879703,18.02395746195392,15.133772396167002,3.3694130721554454,9.5180188487357,39.520695397034466,0,2026-10-08 00:33:57
2026-10-07 20:39:00,CNC-02,M,299.1235561480802,312.3101435203496,2511.7776441237565,20.9882733066272,109.89482660910431,3.1204361628709805,9.777561334791244,57.07479685772665,0,2026-10-08 00:33:57
2026-10-07 23:09:00,CNC-03,H,304.54098224219706,310.28771630605667,2713.669084501952,15.10854251661505,113.07313750839683,3.416708690128096,7.561562284185021,38.967386650131175,0,2026-10-08 00:33:57
2026-10-07 09:39:00,CNC-01,L,295.75585141186866,309.29032594511307,1394.3260115379635,47.0294783843678,51.088377226971616,2.117244599412394,12.330651617885703,57.41545493507117,0,2026-10-08 00:33:57
2026-10-07 01:46:00,CNC-01,L,,309.9605846347641,2673.755238047247,15.11651757035571,95.21127497972233,3.380631401116627,7.711221038359864,55.59682886651868,0,2026-10-08 00:33:57
2026-10-07 20:52:00,CNC-03,H,299.7230872596229,314.1131650966923,2397.966360105797,27.738540658017396,215.05284228590392,3.6540287061163936,12.4963142110894,58.56773653026649,0,2026-10-08 00:33:57
2026-10-07 15:04:00,CNC-02,M,298.44001817347555,313.10050571390724,1594.072564879936,45.60689934601224,106.12244582018468,2.364829571001927,13.667532982584373,57.36709259285715,0,2026-10-08 00:33:57
2026-10-07 07:59:00,CNC-01,L,295.5177818618024,310.58781505878267,1810.5467465703289,45.76086055595733,136.6158386875716,2.6261573136495366,15.326827694948127,57.799883630978,0,2026-10-08 00:33:57
2026-10-07 17:12:00,CNC-01,L,299.14471276856676,313.15104708595453,1882.8481756177036,37.892394920249494,86.63693978989116,2.542989176445517,13.25878055880423,56.45411983986993,0,2026-10-08 00:33:57
2026-10-07 03:09:00,CNC-02,M,297.92016442074504,309.7931264666846,2418.218138457568,18.219732800487375,2.390744579283663,3.0516269971932513,8.03836833441463,54.28252861364449,0,2026-10-08 00:33:57
2026-10-07 06:09:00,CNC-01,L,295.73042862425547,311.4147464009838,1901.3441841712256,43.625907122632526,205.94353228031198,3.2913175078472476,15.353287197839132,58.791193781934176,0,2026-10-08 00:33:57
2026-10-07 04:50:00,CNC-01,L,296.3338395024814,310.0228833049356,2212.900779190876,28.646940734704376,103.51857202781322,2.8286912764359435,11.7314922373978,61.439842851722005,0,2026-10-08 00:33:57
2026-10-07 21:51:00,CNC-03,H,299.6033775796424,312.4779516153109,2601.2710688055495,23.53959286120611,28.629605150903384,3.175080515481696,11.475218953652734,56.01233544518045,0,2026-10-08 00:33:57
2026-10-07 12:31:00,CNC-02,M,23.90290245206114,,1472.0299685755806,52.395604780558756,114.37180470240493,2.350765677327868,14.239805755958832,54.48569831765638,0,2026-10-08 00:33:57
2026-10-07 03:44:00,CNC-01,L,297.01140733586396,309.4170402075618,2317.7858840717245,22.57322206247081,23.343366049755787,2.940226439234641,9.653257303142954,53.992368506017726,0,2026-10-08 00:33:57
2026-10-07 01:47:00,CNC-03,H,298.2176756820447,309.7118857163565,2492.991752285669,15.106119400812224,83.4955507777991,2.969120667257801,7.321854633913372,56.47500806354506,0,2026-10-08 00:33:57
2026-10-07 11:32:00,CNC-03,H,296.821983632978,311.9030515884983,1386.1761422103987,56.942447953106644,132.45715625216565,2.2726082992183856,14.89814799782858,55.237745122703565,0,2026-10-08 00:33:57
2026-10-07 20:31:00,CNC-01,L,299.5546133042905,312.11977858454867,2510.5886982173524,19.656035344266645,109.05066183998719,3.097741930952122,9.252604107224434,53.07113108114951,0,2026-10-08 00:33:57
2026-10-07 18:24:00,CNC-02,M,298.9211437864109,313.59303436381856,1961.7894966574206,36.25541961467849,163.1611786406725,3.0032321834760385,13.287330178226126,49.99170054614803,0,2026-10-08 00:33:57
2026-10-07 08:36:00,CNC-01,L,295.5911886904269,310.96308993588013,1613.0939477448396,49.79783835960726,191.68756863226582,2.9509161259324994,15.043113753438886,57.12203207792727,0,2026-10-08 00:33:57
2026-10-07 17:08:00,CNC-02,M,298.844682041308,313.3017311724103,1914.0946854916865,38.57227200228912,60.86107881676216,2.608898100171663,14.04881508563433,54.23653266177468,0,2026-10-08 00:33:57
2026-10-07 07:01:00,CNC-03,H,296.08976280274175,311.1593576899246,1913.8197249623179,40.58581547523736,235.5622054932302,3.3359359032603173,14.46647400802572,56.501009046761766,0,2026-10-08 00:33:57
2026-10-07 21:14:10,CNC-02,M,299.29076884800025,312.7358352647588,2759.161199242255,19.919886149514998,148.7367508570383,3.579976753319685,10.253669382659702,56.221622594845265,0,2026-10-08 00:33:57
2026-10-07 18:30:00,CNC-02,M,299.0011110827658,314.00852359486936,2059.2403843845623,36.47727901674139,171.0658416758386,2.9332742126037914,13.92966193312839,56.83041705666646,0,2026-10-08 00:33:57
2026-10-07 06:18:00,CNC-02,M,296.50328497969804,310.35996480383,1983.0965907347418,34.34801840954276,16.141766434576695,2.701113656426088,12.775100762058154,58.97975624656907,0,2026-10-08 00:33:57
2026-10-07 01:53:00,CNC-02,M,298.54892031905854,311.2826642092515,2718.2798750058587,18.686737419006576,132.9620397065632,3.458759917248411,9.294547469930471,53.78041223471486,0,2026-10-08 00:33:57
2026-10-07 03:24:00,CNC-03,H,297.3894309619843,310.787807227629,2444.4374953865263,22.814613559908558,191.7853303230116,,10.409138381260195,55.129258753973566,0,2026-10-08 00:33:57
2026-10-07 21:23:00,CNC-02,M,299.28065634613904,313.2195327555463,2539.736794622756,23.500707570009567,159.87719725889926,3.2813907207106756,11.37853592076078,,0,2026-10-08 00:33:57
2026-10-07 01:13:00,CNC-02,M,298.73826504648497,311.45748911086514,2684.7557674850823,19.77012359075872,89.60246786121509,,9.931478412392913,55.81251634725387,0,2026-10-08 00:33:57
2026-10-07 08:31:00,CNC-02,M,296.1355553339796,311.15767107902934,1717.8211072142894,44.89122968253513,205.4458300235427,3.008490661882896,14.508409420603845,55.407795975102225,0,2026-10-08 00:33:57
2026-10-07 14:58:00,CNC-02,M,298.2703346607036,313.4183473845744,1511.3700699573037,51.472122364173664,96.99315320604059,2.3219032417584415,14.747423385660522,54.11621395084602,0,2026-10-08 00:33:57
2026-10-07 03:51:00,CNC-03,H,297.2395640814747,311.2600847804897,2515.20253456535,25.587586095952286,223.40560685662413,3.758579928012373,12.090294898136397,55.0353306542047,0,2026-10-08 00:33:57
2026-10-07 10:34:00,CNC-03,H,296.6422210486992,310.06953788531405,1297.608296766171,49.80212815929491,40.61080228498902,1.984636271927355,12.128194847759055,55.828624066817085,0,2026-10-08 00:33:57
2026-10-07 16:23:00,CNC-03,H,26.576441488068724,41.104271305608904,1715.0418516818127,42.53151135290204,115.3680739836964,2.4560883550927604,13.737888335646224,50.34422613261297,0,2026-10-08 00:33:57
2026-10-07 13:41:00,CNC-01,L,296.8919755565324,312.5407747706425,1407.1025040336503,58.01843071336867,216.7993176231216,3.08282484388233,15.17581258138017,57.433960789252744,1,2026-10-08 00:33:57
2026-10-07 03:27:00,CNC-02,M,297.45109203741663,310.12531161719346,2480.313923994418,22.622104880697858,23.120887747671883,3.0100714411482477,10.476065804293771,55.22771220250965,0,2026-10-08 00:33:57
2026-10-07 03:59:00,CNC-02,M,296.967634519127,310.1207520644843,2400.683950688108,24.736209757039212,60.969349229296924,2.9136739512149457,11.222877936091502,51.67499417954902,0,2026-10-08 00:33:57
2026-10-07 05:20:00,CNC-03,H,296.1881577782631,310.2745120433125,2042.0368468835622,34.17236192000395,100.29482147167626,2.7447552671768456,13.042561222124903,59.155117929821344,0,2026-10-08 00:33:57
2026-10-07 08:48:49,CNC-02,M,296.0761726369298,310.2096016886826,1738.6067209735197,42.996069406802604,15.089432570486405,2.3630887942091974,14.221000594407656,55.495291964376435,0,2026-10-08 00:33:57
2026-10-07 13:26:00,CNC-03,H,297.8518336856649,311.3414341124857,1369.741328027649,48.50851814757185,64.51156420216016,2.110611093394262,12.549205927154452,55.47189943729532,0,2026-10-08 00:33:57
2026-10-07 16:16:00,CNC-03,H,26.260822554863637,41.27378531641028,1744.1803908711765,45.89674254882708,105.19153704117173,2.4363189020832903,15.01318134345858,55.340352424430115,0,2026-10-08 00:33:57
2026-10-07 19:45:00,CNC-02,M,299.0261588667454,312.6985979636428,2473.6647475787713,24.954429118028223,45.50550048110158,3.081265820820316,11.541246998514346,53.11172445306548,0,2026-10-08 00:33:57
2026-10-07 23:27:00,CNC-03,H,304.4336640119699,310.24811393020485,2616.4541552627975,15.230958777181794,132.01687192500978,3.312629782209184,7.344567919635362,43.64826265345021,0,2026-10-08 00:33:57
2026-10-07 12:30:00,CNC-01,L,23.470743323578517,38.42361507230743,1597.459457577706,50.289199424181504,104.69641680152893,2.2534625501778,14.864119531291614,1709.5254588318494,0,2026-10-08 00:33:57
2026-10-07 01:59:00,CNC-01,L,297.81978615979045,310.7512742241436,2506.638906966282,20.613221929215307,109.38570614947304,3.2233534313470744,9.638880691157025,55.588068489090915,0,2026-10-08 00:33:57
2026-10-07 15:27:00,CNC-03,H,299.39823933679173,313.39366565793574,1600.7141728191202,44.60292614607216,33.27933634340122,2.1686122417875384,12.92600562539951,54.15224625753698,0,2026-10-08 00:33:57
2026-10-07 03:33:00,CNC-02,M,297.11708504561113,309.5973767288201,2448.075976401999,21.046712780509786,30.17241743776296,2.9135576485195993,,62.54048644582279,0,2026-10-08 00:33:57
2026-10-07 15:08:00,CNC-03,H,298.80312613715176,312.13778814451433,1486.6175862539967,42.841331305517755,4.585494425449763,48.836693111902115,11.920955945058305,51.96609064494253,0,2026-10-08 00:33:57
2026-10-07 21:22:00,CNC-03,H,299.5649853652862,313.1567272137521,2573.3169314555043,22.23219008138557,248.93200754596023,4.024124004287092,10.693031946436324,51.124489193620235,0,2026-10-08 00:33:57
2026-10-07 02:31:00,CNC-03,H,297.4145963066066,0.0,2580.8207189873738,22.018764454649606,131.94369576889628,3.2207086211580584,10.693246285659637,59.31940750919483,0,2026-10-08 00:33:57
2026-10-07 01:00:00,CNC-03,H,298.6689843779116,309.89003444112257,2547.040531022226,13.95521742893478,32.271064723903336,3.1259514280164127,6.800092922742358,53.586452825859205,0,2026-10-08 00:33:57
2026-10-07 00:38:00,CNC-03,H,298.7502249722126,310.3692461882231,2838.104540835559,14.033384102325204,8.720979574413818,3.315589646541426,7.338759111315902,54.499155146995534,0,2026-10-08 00:33:57
2026-10-07 12:58:00,CNC-03,H,24.557226589313302,37.96926647196182,1326.6137758228422,49.26184800975078,20.445405225496827,2.10443002852238,12.314797432690161,55.94957345188074,0,2026-10-08 00:33:57
2026-10-08 00:24:00,CNC-03,H,298.75585438351584,311.30908625608276,2766.919245505572,16.36145369853598,192.4715919182651,3.7256633172253237,8.529539859746817,51.49265499680579,0,2026-10-08 00:33:57
2026-10-07 02:49:00,CNC-02,M,297.9171350223543,311.31443480419136,2498.9533753647647,21.53018004340679,195.14287812306407,3.513741232337671,10.072946464062808,54.44223121927906,0,2026-10-08 00:33:57
2026-10-07 14:03:00,CNC-01,L,297.0671589894781,311.48330065035725,1464.3023515084315,50.834981229098794,25.133261114257465,48.66061412067563,14.057786865172552,61.16024037789824,0,2026-10-08 00:33:57
2026-10-07 05:14:00,CNC-02,M,301.6831576816638,310.5061973249129,2311.3067468373065,31.10474620960317,153.76712437562566,3.2253048491800023,13.279886653674833,48.634986464259086,0,2026-10-08 00:33:57
2026-10-07 06:00:00,CNC-02,M,296.6796178943454,311.0167401676156,1965.9986054465655,34.96124988097868,213.67339286446148,3.3675782495573574,13.176468527780967,57.616011997736344,0,2026-10-08 00:33:57
2026-10-07 09:29:00,CNC-03,H,296.0825842471258,311.33014682908646,1453.8702501487292,53.107814319638024,211.1766363132756,2.7805899695459475,14.628965200108524,57.80653968843338,0,2026-10-08 00:33:57
2026-10-07 16:15:00,CNC-01,L,25.40370106423495,39.51435829189734,1653.4571677517238,45.60137248048738,5.785104168193267,2.3098061134571197,14.201299698271928,59.699960899266465,0,2026-10-08 00:33:57
2026-10-07 05:58:00,CNC-02,M,296.5018828440194,312.0356772213051,2077.2303365782677,38.51471907576326,211.05397902861253,3.391030656586013,14.986897010131722,60.370723078028185,0,2026-10-08 00:33:57
2026-10-07 14:51:00,CNC-03,H,298.98879327394656,313.4225749876674,1323.1457168726567,51.19066777431213,196.42398126867258,2.4605730532407244,12.898762602334916,52.24489320681606,0,2026-10-08 00:33:57
2026-10-07 11:17:00,CNC-01,L,296.1376352381032,310.74983173952177,1359.0428353507546,53.74766426735188,205.00577943586944,2.7530461004867326,13.906395367786178,57.33370710963429,1,2026-10-08 00:33:57
2026-10-07 17:39:00,CNC-02,M,299.0212774245696,313.51557136023337,2048.9042475544716,34.422281381636225,103.26013719355917,2.705770469211615,13.387834107025064,55.161005913228436,0,2026-10-08 00:33:57
2026-10-07 00:41:00,CNC-03,H,298.9534975502832,310.9847106577419,2685.3756715327236,17.005951375030694,11.911150122746626,3.2125649932546105,,,0,2026-10-08 00:33:57
2026-10-07 22:38:00,CNC-02,M,299.3901928400479,311.5908534423722,2639.426936629691,17.401375339780266,4.2921715862028815,3.077695279643354,8.474077840783236,49.79859449857103,0,2026-10-08 00:33:57
2026-10-07 08:57:00,CNC-01,L,295.49352107165845,310.1922218708449,1490.9704227996947,48.57242918702467,223.29978661395464,3.191832588247317,13.410243653675824,58.69939212230292,0,2026-10-08 00:33:57
2026-10-07 02:09:55,CNC-01,L,297.6196822679522,310.2263295918464,2649.543117268081,18.70378721801786,120.3343773411956,3.287418975825372,9.255972094197196,57.641833902522514,0,2026-10-08 00:33:57
2026-10-07 18:58:00,CNC-01,L,299.96993835559283,315.07050020406496,1986.8242099878219,38.19884664319433,226.99497235204691,3.704101664859139,14.227696213018804,48.82322004749528,0,2026-10-08 00:33:57
2026-10-07 21:50:00,CNC-03,H,299.5088825533599,311.7275014410379,2576.3066978924103,17.58397089038422,27.508624826199004,2.928508480047052,8.286830375297411,52.999061320531624,0,2026-10-08 00:33:57
2026-10-07 15:39:00,CNC-01,L,25.043118660557923,39.38252597779882,1447.1661867086086,48.459980847674366,171.63960282135025,2.6231384569233227,13.128665974405202,47.01921241116563,0,2026-10-08 00:33:57
2026-10-07 12:58:00,CNC-01,L,23.618530108238758,38.63214000802668,1360.5483634140667,56.74499602559013,149.08795512805307,2.461996040343603,14.471071576576119,56.63230138994768,0,2026-10-08 00:33:57
2026-10-07 18:06:14,CNC-01,L,299.44624890798286,313.6450218108411,1866.5430307401414,36.74142431912258,158.66826720624644,2.8050320744519546,12.889616236644004,49.79559195238833,0,2026-10-08 00:33:57
2026-10-07 18:40:00,CNC-02,M,298.9156936348716,313.779149327672,2264.2744715931576,32.030796403483016,183.8313500614581,32.70577269860286,13.637803746649062,53.961689424556,0,2026-10-08 00:33:57
2026-10-07 11:20:00,CNC-01,L,296.21478183099094,311.3534542981496,1463.4202864227584,53.078337523071426,209.757869442523,2.9796088089150743,14.298787681738931,56.46194767638134,1,2026-10-08 00:33:57
2026-10-07 08:20:00,CNC-02,M,296.26884360433064,311.165415688835,1719.3726799073972,42.44325656034796,189.19102000904246,2.9518787746074646,13.650619126127225,57.46302424554356,0,2026-10-08 00:33:57
2026-10-07 01:47:00,CNC-01,L,297.85646642500467,309.99904081679284,2641.205544107671,16.44424153128166,96.29131426520722,3.1989541284736234,8.46865704761107,54.62083065801705,0,2026-10-08 00:33:57
2026-10-07 09:10:00,CNC-01,L,295.31153261837716,309.3693622363256,1506.9338563821834,50.057475507751604,6.240515365296858,2.1096041719116276,14.307297403465933,53.67997445788942,0,2026-10-08 00:33:57
2026-10-07 20:16:00,CNC-03,H,300.39875915746165,313.58743013132636,2350.8996330588216,22.62591862305932,173.11459054122852,3.225204239504165,9.647256295150912,48.302278478832,0,2026-10-08 00:33:57
2026-10-07 19:33:00,CNC-03,H,299.93982327811824,313.2979038020299,2290.8194475466153,26.544467128593865,0.0,2.878326880972855,11.253443041942745,55.0053983861382,0,2026-10-08 00:33:57
2026-10-07 14:55:00,CNC-01,L,297.6206062676644,312.11238748139203,1609.0242021502734,44.26664441075231,105.4161469039031,2.393685707312925,13.207714885242025,58.98661181205734,0,2026-10-08 00:33:57
2026-10-07 10:44:00,CNC-02,M,296.30334565318645,311.4203336555752,1364.1831326478894,54.55066107798844,193.46361528225492,2.575946372893641,13.816109573632271,61.78414447916077,0,2026-10-08 00:33:57
2026-10-07 11:55:00,CNC-03,H,297.3851840187352,312.21232532245864,1355.0496395630475,56.80906986936021,169.0700700462768,2.272425351301061,14.34760551056185,53.02645946043097,0,2026-10-08 00:33:57
2026-10-07 03:05:00,CNC-03,H,297.46496827489204,311.44567509272997,2421.8753591436675,25.915696787867983,170.07434553813616,3.369630705065713,11.631416292267023,54.7263897722807,0,2026-10-08 00:33:57
2026-10-07 16:15:00,CNC-02,M,25.93258983960709,41.47542507866598,1531.7729061334253,51.34797477475832,211.40998929560394,2.8751359278535253,14.609538340381258,54.981711945483724,0,2026-10-08 00:33:57
2026-10-07 21:53:00,CNC-02,M,299.4214200499734,313.5069794753141,2554.837341210344,24.0093706478776,193.17290453934666,3.6620480926827295,11.177694514859287,53.57663020614631,0,2026-10-08 00:33:57
2026-10-07 23:17:00,CNC-01,L,299.2065135594302,311.35721278364275,2719.798225729177,15.5671308989788,87.51710300636113,3.35340282811627,7.7733757222817506,52.36712713958363,0,2026-10-08 00:33:57
2026-10-07 17:49:00,CNC-01,L,299.2275886738704,313.8777163612985,2045.615311690364,35.68432661298563,137.31018895527896,2.9104319820207567,13.461126664106226,49.30995642629889,0,2026-10-08 00:33:57
2026-10-07 18:08:00,CNC-02,M,298.89299765947544,312.71210077306085,2065.660324374457,30.54687981269838,142.2349335441022,2.759267394011167,11.939250362147348,51.46133270536051,0,2026-10-08 00:33:57
2026-10-07 08:35:00,CNC-03,H,296.1512166569086,310.9646648103393,1750.4543420701355,44.594258520614225,129.0710282194269,2.565521681121953,14.212562228564195,62.35725958150679,0,2026-10-08 00:33:57
2026-10-07 13:50:00,CNC-01,L,297.36862580144737,310.59373701548424,1619.0742268659612,40.78438110905195,,2.343266076316115,12.33467995026553,53.84082845034986,0,2026-10-08 00:33:57
2026-10-07 20:13:00,CNC-02,M,299.26127069736134,312.1211271027179,2506.711298776319,20.476923392604757,79.40097083502708,3.0657577902237856,9.631901749768806,50.35960533347632,0,2026-10-08 00:33:57
2026-10-07 04:40:00,CNC-03,H,296.65735004332385,309.77162877437945,2241.6663409427542,26.980010767598777,49.716637668891735,2.9483689309097683,11.134274107276793,56.33096681137662,0,2026-10-08 00:33:57
2026-10-07 16:32:00,CNC-03,H,26.46121393535327,40.81614713246796,1934.5553130409187,36.67505203951154,128.20235523902926,2.5147836472425804,13.183308076732327,48.58381775893148,0,2026-10-08 00:33:57
2026-10-07 13:17:47,CNC-02,M,297.16994233291376,312.0561961875476,1382.6403111358468,52.89491949832556,190.5273222936362,2.622202762031314,13.614410428506293,60.200873227597484,0,2026-10-08 00:33:57
2026-10-07 13:00:00,CNC-02,M,23.74650038212269,38.32533331856405,1291.8566306726837,53.27370482795711,160.48645391432206,2.3206787540329774,12.557796107184837,57.67477417268747,0,2026-10-08 00:33:57
2026-10-07 01:19:00,CNC-01,L,298.4475905136956,310.575263842483,2708.2521325296957,16.141666361444944,65.98400688076565,3.2706941383176704,8.088138444643723,60.487047855280274,0,2026-10-08 00:33:57
2026-10-07 13:44:00,CNC-01,L,297.30130174024856,312.3084268080229,1413.4343837492888,52.88205816115729,221.55953831129366,3.063024074725078,14.227548648736416,56.89135588554747,1,2026-10-08 00:33:57
2026-10-07 21:39:00,CNC-03,H,299.59564021841726,311.63719589813616,2577.360672705765,18.539921602203695,15.418180897623863,3.1455365121066996,8.852653279814927,53.80309690076219,0,2026-10-08 00:33:57
2026-10-07 16:36:00,CNC-02,M,298.59993172419206,312.56407575323533,1667.0194645072834,42.06607969062969,15.758161587426045,2.2518648587354986,13.164466560541879,54.83246823638173,0,2026-10-08 00:33:57
2026-10-07 16:49:00,CNC-02,M,298.9425352742354,312.81013226943867,1925.482041691132,34.82233472931786,34.18978844102671,2.508789157478475,12.771538731346478,55.19027198171624,0,2026-10-08 00:33:57
2026-10-07 20:04:00,CNC-01,L,299.8439378390157,312.5620503576062,2539.1594954480647,21.056614284821073,77.30174935461837,3.2380300469676095,10.155047764259217,56.403659221941346,0,2026-10-08 00:33:57
2026-10-07 14:20:00,CNC-02,M,297.67718664520487,311.90681952612374,1568.527992971081,45.529026933785914,38.78897701140199,2.2199423957024793,13.177496127518493,55.734559241737806,0,2026-10-08 00:33:57
2026-10-07 15:16:00,CNC-01,L,297.89658737485325,312.0080056491874,1512.4753089523208,45.432734433498474,137.23790268441925,2.3994102106576807,12.972957874293995,59.68683144918458,0,2026-10-08 00:33:57
2026-10-07 16:30:00,CNC-02,M,25.684581795836607,40.04554020465804,1802.2594262372872,42.495851260364454,7.1288113125588435,2.3624556495271496,14.386627417423636,55.118964054375496,0,2026-10-08 00:33:57
2026-10-07 11:17:42,CNC-01,L,296.4014902950302,311.0778620716388,1368.2682000646878,51.86934286478896,206.60577943586944,2.872680155020928,13.215752383008557,60.74338819539138,0,2026-10-08 00:33:57
2026-10-07 21:01:00,CNC-02,M,299.50595502610884,312.28710707923375,2482.571197758896,19.281838652035283,135.2164007940292,3.245743181133452,9.480298137845661,47.691143077284586,0,2026-10-08 00:33:57
2026-10-07 06:03:00,CNC-01,L,295.772576920304,310.2904816950141,2031.1119481593435,34.080874104037704,197.9764327075836,3.371906602514142,13.117188775426056,60.028704615204106,0,2026-10-08 00:33:57
2026-10-07 17:24:00,CNC-01,L,299.1124897804104,313.34753239540777,1899.3356591586241,37.68550014530639,103.24032564178715,2.678989377598252,13.233876232678993,55.44844490340069,0,2026-10-08 00:33:57
2026-10-07 15:31:00,CNC-01,L,25.109247852731528,40.313344865797035,1733.9690982071836,46.524388349167296,159.6474132612952,2.7591045827849134,15.094802842108273,58.00526555503732,0,2026-10-08 00:33:57
2026-10-07 11:10:00,CNC-03,H,296.61262036838934,310.7239459745589,1340.2018352036832,51.463193747560254,97.55999831995499,2.1904209006002215,12.999930452494201,61.67817437517009,0,2026-10-08 00:33:57
2026-10-07 09:09:00,CNC-02,M,295.76418318390864,309.8332414702896,1577.0170957521245,44.967805892329366,45.59714675290346,2.164324668411667,13.525152752235948,58.93901296760523,0,2026-10-08 00:33:57
2026-10-07 05:57:00,CNC-03,H,296.3882498357469,310.9735194520188,2039.743608588205,35.623351818474696,148.46464706145068,2.7746708733537027,13.778835651224352,56.90652060905394,0,2026-10-08 00:33:57
2026-10-07 00:44:00,CNC-01,L,298.72034300363777,310.4504574350812,2726.6369754378097,14.54988476873049,28.3889870756689,3.3253409780556833,7.358776173038791,54.3092243591119,0,2026-10-08 00:33:57
2026-10-07 06:02:00,CNC-01,L,296.05559896701004,310.6499835637024,2148.3228557755133,33.86085401515907,196.60943006512466,3.544313881163678,13.62573094197899,57.78349000720022,0,2026-10-08 00:33:57
2026-10-07 09:03:00,CNC-02,M,295.79957178251533,309.7964566062435,1525.52703942533,46.82367144887197,36.38010584272376,2.187242639850805,13.465360743358206,58.785655928178116,0,2026-10-08 00:33:57
2026-10-07 00:37:00,CNC-01,L,298.8390589189049,310.1512091836099,2726.219588900907,,20.88348590764797,3.228176265767071,7.3170247803952195,49.69572401328383,0,2026-10-08 00:33:57
2026-10-07 03:29:00,CNC-01,L,297.03698715631714,309.2918778285766,2408.649998585252,22.014098519320843,5.840489371887067,2.9269729171666756,10.058250711775987,52.57299569109231,0,2026-10-08 00:33:57
2026-10-07 08:06:00,CNC-02,M,295.7974314756881,311.0233892053339,1567.4763126280875,50.77762969613591,168.57382768189137,2.518397826242933,15.077738951032979,55.43920879597398,0,2026-10-08 00:33:57
2026-10-07 18:19:00,CNC-02,M,299.0426615380128,313.79636834047005,2209.7400946638395,32.83862792229616,156.63110424532624,3.0742884612332864,13.49317548749339,56.18498397241527,0,2026-10-08 00:33:57
2026-10-07 01:30:00,CNC-03,H,298.6167687089047,310.3881811153086,2710.3698797200673,15.476553732133876,64.85570978544953,3.167478176687875,7.89169236287873,55.01486837152424,0,2026-10-08 00:33:57
2026-10-07 18:45:00,CNC-01,L,299.5031724999134,314.4234519907448,2091.812881973154,34.930877514184665,210.4419283928661,3.4726562992909815,13.721112945361027,52.331267473059256,0,2026-10-08 00:33:57
2026-10-07 01:05:00,CNC-03,H,298.63191337248134,310.66295786182945,2714.0857014888793,16.136571689165315,37.57867112077109,3.335395682887053,0.0,53.37456465494329,0,2026-10-08 00:33:57
2026-10-07 02:28:00,CNC-03,H,297.6186886021611,310.9577945214208,2569.111379089912,22.41270533721291,128.6046357547931,3.3058030009625523,10.645082418144993,55.54265038123787,0,2026-10-08 00:33:57
2026-10-07 09:32:00,CNC-01,L,295.69455347001207,309.98878587700017,1582.0691983447032,46.7376028053336,40.22184850386799,2.2984366845383417,13.836186192431315,57.36492565290945,0,2026-10-08 00:33:57
2026-10-07 11:42:00,CNC-03,H,296.87883207656,311.1853554976733,1328.912575854394,53.15954603865762,148.32734031066508,2.2964298260426057,13.236958996240636,60.720752650899065,0,2026-10-08 00:33:57
2026-10-07 17:43:00,CNC-01,L,298.88281172418016,313.0615826181766,1942.6416018877835,35.29651592642219,129.21254320201245,2.7142722004426703,12.881651194562728,47.758334806562736,0,2026-10-08 00:33:57
2026-10-07 08:29:00,CNC-03,H,296.1574511147094,310.25027270930326,1595.5689684185356,43.18186071908096,120.14352483824176,2.3762076484995194,12.62473890913809,57.748713507522965,0,2026-10-08 00:33:57
2026-10-07 15:47:00,CNC-01,L,25.32304044616029,40.61652264881991,1679.1295390920657,46.86922276370403,183.41602910613065,2.842476887253805,14.771461759278214,52.01028412955503,0,2026-10-08 00:33:57
2026-10-07 14:12:00,CNC-03,H,298.0425218624844,312.49025580558845,1502.8705167603027,48.50894693422436,136.4020368995269,2.336969614761517,13.738933521092546,54.2090269048352,0,2026-10-08 00:33:57
2026-10-07 19:28:00,CNC-03,H,300.04808786201676,,2181.999147374687,30.793267753372096,114.913676571333,2.930805406390482,12.42317095105377,52.22763049423989,0,2026-10-08 00:33:57
2026-10-07 21:41:00,CNC-01,L,304.79965926023016,311.4209335090168,2636.2391668626956,17.78370286450269,188.27909617711353,3.864325962503665,8.437064243410765,41.50144361588397,0,2026-10-08 00:33:57
2026-10-07 18:04:00,CNC-03,H,299.94681008293287,313.64770490075733,2140.3609024321595,32.577194841787694,8.033523269738751,2.834777842066563,13.404708355824758,52.91593484442679,0,2026-10-08 00:33:57
2026-10-07 10:23:00,CNC-01,L,295.6883160273198,310.2039145371661,1532.5829120858684,1849.0242579385947,119.65928264369552,2.307697227769025,13.620711294360143,56.900381758595714,0,2026-10-08 00:33:57
2026-10-07 10:38:00,CNC-02,M,296.4076272504739,311.496027770163,1462.4927771707735,52.06096767869431,183.9634086280666,2.6264450331914673,14.02664919292107,57.95164974267502,0,2026-10-08 00:33:57
2026-10-07 10:04:00,CNC-02,M,295.89271434822666,309.9761179939229,1545.971202903556,44.103832640449724,130.3578061765859,2.371984253369804,12.918611719429357,58.89331202492133,0,2026-10-08 00:33:57
2026-10-07 03:15:00,CNC-03,H,297.5301494050152,310.9309712270287,2482.2490321760833,22.303761918901127,181.42353484800867,3.472104629958161,10.269240996322297,53.10848101285384,0,2026-10-08 00:33:57
2026-10-07 01:20:00,CNC-01,L,298.1095537496364,309.9196262289499,2783.2817437321396,13.748073873840879,67.03763549245117,3.2607621703919847,7.070474993616385,51.69021574776804,0,2026-10-08 00:33:57
2026-10-07 06:10:00,CNC-02,M,296.430550152392,309.8113997634265,1820.6063127962275,35.516410408058995,5.365113543179347,2.3740593105537906,12.129713607981524,60.0845020303571,0,2026-10-08 00:33:57
2026-10-07 06:37:00,CNC-02,M,296.26821699920515,310.03965096458217,2017.600104708005,32.0226603603806,41.97211210047284,2.5175498063296935,11.929063750715562,55.40479389243641,0,2026-10-08 00:33:57
2026-10-07 11:11:00,CNC-02,M,296.4889395730401,311.8726574071756,1393.123504379338,55.1637363287307,236.21037989345703,3.0699802098439712,14.373120157158521,59.0492939009704,1,2026-10-08 00:33:57
2026-10-07 03:03:00,CNC-03,H,297.7233053515384,311.7337012388306,2490.2749905945157,26.736672180351416,167.8215782223496,33.597335028843894,12.278675080480596,53.56801304999381,0,2026-10-08 00:33:57
2026-10-07 11:11:00,CNC-03,H,296.83303077767937,310.8888635756975,1381.167013936006,52.83268441149859,99.15999831995498,2.2133101914845703,13.72337276322574,54.70702546220768,0,2026-10-08 00:33:57
2026-10-07 18:25:00,CNC-01,L,299.4283390639685,314.10012962356296,2303.5538636501183,31.7713356918111,184.92648297083917,3.5228923087720694,13.682569352811308,54.05025700678548,0,2026-10-08 00:33:57
2026-10-07 04:51:00,CNC-03,H,296.7979275452128,309.5079212706787,2302.2948206925275,24.915587378108533,63.46165439532979,2.903252732091029,10.573374809996649,57.01156490576626,0,2026-10-08 00:33:57
2026-10-07 19:04:00,CNC-03,H,299.9318746490246,313.3305832963572,2283.07838748918,26.534358006963867,85.297111755181,2.902548269841904,11.471866068461805,56.30844887862964,0,2026-10-08 00:33:57
2026-10-07 04:47:00,CNC-02,M,6292.54292919964,310.37875247332806,2356.155365139464,27.16972590537263,119.77355741961519,2.996675000162786,11.895835031355539,43.49985203065155,0,2026-10-08 00:33:57
2026-10-07 05:04:00,CNC-02,M,302.33705248984165,310.40828028045,2177.7005994051347,30.326098809601497,141.1729826308803,2.9796304523771915,12.383358751998397,44.960054709524115,0,2026-10-08 00:33:57
2026-10-07 23:11:00,CNC-03,H,304.7248280729221,311.12469593225154,2630.141627457656,16.815750024979888,115.20918848719006,3.156687409305182,8.39794724392995,40.76543399770685,0,2026-10-08 00:33:57
2026-10-07 22:07:00,CNC-01,L,304.98332951126247,310.1812139139294,2604.47926453724,14.79909719114362,11.876605891990287,3.2354722098173703,6.966401213862324,40.88423045566979,0,2026-10-08 00:33:57
2026-10-07 01:26:00,CNC-01,L,298.13408155900976,310.69782094513437,2562.9218057306507,20.275537427378396,73.54042964099618,3.240303442852833,9.744874944881683,54.48297959378836,0,2026-10-08 00:33:57
2026-10-07 11:45:00,CNC-01,L,296.0314049696344,309.82532982843196,1345.326682096886,49.240956767425274,33.25081657285888,2.071692892403925,12.41585865203449,57.29838739271753,0,2026-10-08 00:33:57
2026-10-07 11:57:00,CNC-02,M,296.8541645229595,311.14111192092736,1407.20074947981,50.562779941500054,60.38032698497171,2.0341880988027974,13.295648037584794,58.089428422827304,0,2026-10-08 00:33:57
2026-10-07 13:05:00,CNC-02,M,23.98112070942767,38.57098453050867,,51.10045090250478,168.39745580981804,2.428820215247181,12.560596911487938,56.817325425539075,0,2026-10-08 00:33:57
2026-10-07 05:18:00,CNC-01,L,295.95407522426046,309.9568444977248,2095.970055726881,33.08679977881958,139.01032030163452,28.474002867379124,12.859026110652453,61.39103203856203,0,2026-10-08 00:33:57
2026-10-07 03:36:00,CNC-03,H,297.35824092093475,311.42642743908254,2438.0513510043324,26.801605216305852,205.67481408008993,3.683335946483887,12.076813068951914,51.438850350886746,0,2026-10-08 00:33:57
2026-10-07 21:24:00,CNC-03,H,299.3977595939121,312.7931827506169,2588.3402413488557,20.533713654082952,251.15609933866355,4.107815618745065,9.64956676861238,55.154957504296775,0,2026-10-08 00:33:57
2026-10-07 13:59:00,CNC-01,L,297.3059816011994,310.9403356768372,1374.8986181112434,49.3430284796534,18.84991800370346,2.0951369404451428,12.788094518485593,49.0862116304938,0,2026-10-08 00:33:57
2026-10-07 06:18:00,CNC-01,L,295.9786376475998,311.05569179573524,1955.7586235708056,37.1187858939983,218.25546893800455,3.546156492588924,13.376842237756295,56.347198198783715,0,2026-10-08 00:33:57
2026-10-07 07:30:00,CNC-03,H,296.03576358485276,309.847262967014,1961.9535688533913,34.876425938577306,33.8723527096097,2.5548827332831916,12.796421938614492,56.45958149212116,0,2026-10-08 00:33:57
2026-10-07 07:30:00,CNC-01,L,295.61738571641393,310.3160892755357,1750.8982660823842,43.61715430899045,94.71487703283408,2.3876942398674754,14.182661571427056,60.068203990173004,0,2026-10-08 00:33:57
2026-10-07 19:46:00,CNC-02,M,299.2607886714903,312.67868598455686,2300.0985797006842,26.858855025608587,46.72745439095247,2.8732591597718775,11.365346142594865,52.1974297802674,0,2026-10-08 00:33:57
2026-10-07 01:40:00,CNC-03,H,298.0384702863902,310.38669778111733,2687.3609200122123,17.718193193465176,75.9485918453926,3.18918100692631,8.795352667116216,,0,2026-10-08 00:33:57
2026-10-07 00:53:00,CNC-01,L,298.59946373208584,310.9520410881632,2738.7621067651426,17.977769236741306,37.982005109152844,3.2277146094827347,9.210916524492967,51.82035129248207,0,2026-10-08 00:33:57
2026-10-07 04:40:00,CNC-01,L,296.52349798432425,309.13075958148556,2360.1227354606976,21.601224457347513,91.09042563276259,2.986260313410074,9.424206466591183,59.62551740033402,0,2026-10-08 00:33:57
2026-10-07 13:48:00,CNC-03,H,298.08894213585796,311.96904892860056,1446.117967547945,48.26982415027945,99.00620779861383,2.248625626298046,,51.958218698724494,0,2026-10-08 00:33:57
2026-10-07 04:29:00,CNC-01,L,296.4559559232808,310.103311293587,2298.3966421978716,27.535477374645595,77.6229942494576,28.672320080893755,12.077827235168913,60.763528014084784,0,2026-10-08 00:33:57
2026-10-07 18:54:00,CNC-02,M,298.7268331642135,313.4541396193234,2140.2743678076654,31.470863329427008,201.71914890275772,3.414612944594443,12.585488926087628,51.13947882549559,0,2026-10-08 00:33:57
2026-10-07 18:18:00,CNC-03,H,299.61936789494894,312.8441077549829,2086.3025569484753,29.562947056107166,26.502629230855128,2.611546549752926,11.445895188528237,53.27439976106067,0,2026-10-08 00:33:57
2026-10-07 13:50:00,CNC-03,H,298.17540718212376,312.4708586013792,1519.3583011148655,48.49948212405437,102.12095479569368,2.230301943533549,13.850776659967343,49.8865302162219,0,2026-10-08 00:33:57
2026-10-07 17:31:00,CNC-01,L,299.31406122951154,314.19638357264995,1871.3802911457217,40.983645990349935,112.9198344143242,2.498918754509548,14.451136116000596,57.116185816659076,0,2026-10-08 00:33:57
2026-10-07 20:13:00,CNC-01,L,299.97475143582415,312.6188284778954,2389.768287999118,21.200389955579723,88.00668903523298,3.007086011491211,9.521582312669915,50.61742818130555,0,2026-10-08 00:33:57
2026-10-07 09:27:00,CNC-01,L,295.1577022713277,308.7355906169035,1598.7363474039767,40.84491248290853,32.41050870698604,2.3403224687929134,12.16090511890424,58.79812675006622,0,2026-10-08 00:33:57
2026-10-07 09:23:00,CNC-02,M,295.8320672463685,310.16263808775375,1374.6731890063718,53.059334304765194,67.07993027447526,2.1459016897256027,13.59069168618544,54.16706159458513,0,2026-10-08 00:33:57
2026-10-07 01:23:00,CNC-02,M,298.6742294314472,311.40004953092716,2673.7888515982086,18.877251206902894,100.38800662669163,3.290726527015009,9.72959378127173,58.21869626108624,0,2026-10-08 00:33:57
2026-10-07 12:38:00,CNC-02,M,23.457241243425415,38.10993315955386,1442.1012309479054,49.452665416173886,125.4372714335263,2.2427355089597145,13.39717331383689,57.99401669494396,0,2026-10-08 00:33:57
2026-10-07 13:17:00,CNC-02,M,297.0735011704624,312.23565851293023,1347.276451015877,55.44572959972108,187.34849036354038,2.51413965712513,13.961871092909647,56.67450636279578,0,2026-10-08 00:33:57
2026-10-07 02:03:00,CNC-03,H,298.05293787295534,308.6446674277641,2707.6316075007608,9.611177969789251,100.99221012264026,3.2861372192445244,4.537439289770455,56.12932650510337,1,2026-10-08 00:33:57
2026-10-07 03:25:00,CNC-03,H,297.8187446248921,311.39967693950047,2506.1982048371897,22.36617851783675,192.91820069480255,3.542632514918832,10.469174451250776,50.45720712460786,0,2026-10-08 00:33:57
2026-10-07 23:38:00,CNC-02,M,299.0746630041691,310.2497971772521,2813.0154056768274,10.496152012761476,68.28178987887615,3.420932481996645,5.458855748049413,55.53902020171439,1,2026-10-08 00:33:57
2026-10-07 11:21:00,CNC-03,H,296.6897571562926,311.03893895929036,1413.5776806203849,51.743749858272764,114.98984871734002,21.67686436492666,13.613075622883553,53.17518494994298,0,2026-10-08 00:33:57
2026-10-07 09:57:00,CNC-01,L,295.3811211740637,308.933390727794,1349.1650809509765,49.05583832755384,78.99581535908935,2.0979066665792927,12.391375357322834,57.96692288889339,0,2026-10-08 00:33:57
2026-10-07 03:52:00,CNC-02,M,297.1375966689012,309.7623712136065,2386.98766549013,21.814543619042357,52.624549303622956,2.9828675735683534,9.646769009632358,57.65055071954323,0,2026-10-08 00:33:57
2026-10-07 07:41:00,CNC-01,L,295.2713896545104,309.1420365467375,1920.938869501156,36.23190886824799,110.48488102252398,2.71327426090809,13.04420972733951,59.73738854368947,0,2026-10-08 00:33:57
2026-10-07 17:36:00,CNC-01,L,299.01396157485715,312.8616909716184,1852.0950445463398,34.98580809120901,119.77418001219563,2.6810399672270844,12.05286978069905,57.55241313327786,0,2026-10-08 00:33:57
2026-10-07 13:06:00,CNC-02,M,23.65253140468957,38.291962322331415,1485.4923041934849,46.739341219002235,169.94110258626787,0.0,12.979762415187649,58.96190199580956,0,2026-10-08 00:33:57
2026-10-07 07:48:00,CNC-02,M,295.86196618022404,310.60537867917844,1663.4329004576432,45.001644228345796,142.3724261236166,2.52507363606095,14.300926949247273,56.569501762386345,0,2026-10-08 00:33:57
2026-10-07 11:29:00,CNC-01,L,296.1918272066013,309.7561667236509,1444.6473063295578,45.937803129906946,7.835324901874287,21.04277563279677,12.543803834593243,57.18536121397954,0,2026-10-08 00:33:57
2026-10-07 04:10:00,CNC-01,L,296.6460229080256,309.4570731451411,2391.9544192497247,23.375175408347584,54.287641368739685,2.9971673024510883,10.59346870315106,55.40425394478653,0,2026-10-08 00:33:57
2026-10-07 08:00:00,CNC-02,M,295.85279199978396,310.5678904329069,1719.816021013031,42.56920669140883,159.80579913931274,2.667585786994472,13.743809366300713,57.95983157217225,0,2026-10-08 00:33:57
2026-10-07 20:19:00,CNC-02,M,299.3728397777523,312.45121353510217,2385.91753395383,22.601332757122645,86.56563363136,2.912494082861673,10.117818354436157,52.73952025284083,0,2026-10-08 00:33:57
2026-10-07 14:31:00,CNC-03,H,298.68214615220063,313.7044575020354,1623.2299480051706,48.61287196358564,165.63331901169357,2.566508695207605,14.58230949002641,55.66434335828243,0,2026-10-08 00:33:57
2026-10-07 17:58:00,CNC-02,M,298.9296038632021,313.22906790664666,2092.4014601360764,32.13158952615793,129.00304305929495,2.8346584330922107,12.875451613131107,52.234877932550745,0,2026-10-08 00:33:57
2026-10-07 11:37:00,CNC-02,M,296.5818160983667,310.17948388067975,1326.1434839075796,48.86511572440664,28.558101946416212,1.9760980298520805,12.098850296471012,58.869489077299775,0,2026-10-08 00:33:57
2026-10-07 01:37:00,CNC-01,L,298.35169181615726,309.9210195631103,2715.432123456451,12.68718142476045,85.46407093756386,3.250462273294955,6.663709817840289,54.93256728574515,0,2026-10-08 00:33:57
2026-10-07 22:01:00,CNC-03,H,299.6544141778433,311.8969532323472,2529.9874465919897,17.66549816978797,39.56661665802493,3.153679001128309,8.305790251998438,49.946488945238734,0,2026-10-08 00:33:57
2026-10-07 07:12:00,CNC-01,L,295.5708744649806,310.0681677114306,1918.5651730603,39.555594169270655,69.20479496937416,2.5790478129634637,13.936649085073409,57.49717994497112,0,2026-10-08 00:33:57
2026-10-07 12:00:00,CNC-01,L,296.2606479571321,310.4301735919917,1499.7538823166751,49.50415548092018,57.188775978705486,2.1558166075611913,13.884729964797511,55.79293423217283,0,2026-10-08 00:33:57
2026-10-07 04:32:00,CNC-02,M,296.9266691790305,310.43337955223404,2181.97170030629,27.323489443871164,101.14833888779253,2.931525110254908,11.156936420257995,55.8932532312291,0,2026-10-08 00:33:57
2026-10-07 04:07:00,CNC-01,L,296.6586023428605,308.7178634956924,2359.405048110985,19.731703523617842,50.69952119848441,3.009329631565425,8.772960386420685,60.1011361535443,0,2026-10-08 00:33:57
2026-10-07 11:16:00,CNC-03,H,296.7753627768204,311.6158208615054,1456.0446497492724,53.80947016576522,107.04492739039652,2.205811576680307,14.76396175766088,58.03569854322432,0,2026-10-08 00:33:57
2026-10-07 22:30:00,CNC-01,L,299.44314983359243,311.6561719650481,2655.208658107169,18.89309267106813,36.81275424591242,3.196392499727549,9.261795271158173,,0,2026-10-08 00:33:57
2026-10-07 09:10:00,CNC-02,M,295.7963556012187,310.49292080717476,1480.4807457060467,52.207544149825274,47.167127724384216,2.1739685193932727,14.486256982841372,57.567610599957625,0,2026-10-08 00:33:57
2026-10-07 12:57:19,CNC-03,H,24.2489741600682,38.564627738381205,1396.4948440432058,55.168823294702044,18.857085684224383,2.0795760715102274,14.284482725653792,54.646813087495936,0,2026-10-08 00:33:57
2026-10-07 15:37:00,CNC-03,H,26.089540445726527,39.88838652504677,1636.2178366327416,41.28605020223945,48.25232056327469,2.2726308512042177,12.650219787726586,53.74553053175627,0,2026-10-08 00:33:57
2026-10-07 07:09:00,CNC-03,H,295.82517398269,308.82786974603846,1968.621967164579,30.03945228082699,4.15695326287523,2.643919816667007,11.202410759834281,60.21879560957101,0,2026-10-08 00:33:57
2026-10-07 02:56:00,CNC-01,L,297.5424615927138,311.44625261530445,2452.1960929392676,25.882791328913456,172.79050942671054,3.5056074824033012,11.827971073503495,58.01328923445142,0,2026-10-08 00:33:57
2026-10-07 13:38:00,CNC-03,H,298.0627346520703,312.4231853182398,1451.7069361651677,49.81724737457347,83.26957304283162,2.0800258920457133,13.866402692446517,52.39829702403369,0,2026-10-08 00:33:57
2026-10-07 18:08:00,CNC-01,L,299.1480981635112,313.90802049847514,2041.1623569604,37.93436325652112,162.62946254144344,3.0807861252886237,14.689818225177948,52.93695862148165,0,2026-10-08 00:33:57
2026-10-07 13:57:00,CNC-02,M,297.36735381256045,311.78810631784717,1657.3824082561082,45.880235841926236,3.079777486486659,2.3129925503694797,14.25175175383063,54.8267863076725,0,2026-10-08 00:33:57
2026-10-07 15:26:00,CNC-01,L,298.0224602834426,312.87227401392175,42150.620913597806,46.38457411509913,152.32636609954125,2.483645967365759,14.26110060654329,53.10112522123231,0,2026-10-08 00:33:57
2026-10-07 06:29:00,CNC-01,L,295.7215093360265,308.9463696584343,1885.2013757309585,34.06996731054374,9.57647347588689,2.521026743408146,11.941234853149876,59.88396416488979,0,2026-10-08 00:33:57
2026-10-07 12:37:00,CNC-03,H,24.345821715571844,39.40387278490971,1361.0483938625787,53.68474979289931,235.58845580681722,2.8480987870227956,13.78064896106683,54.67947177102564,0,2026-10-08 00:33:57
2026-10-07 08:09:00,CNC-03,H,296.10642571605825,310.6199463604604,1790.7516590945777,41.658247899066104,90.417912787584,2.4813933740395644,14.244005802631644,57.26159908123011,0,2026-10-08 00:33:57
2026-10-07 08:40:00,CNC-02,M,296.087868178512,309.40574164818423,1485.2038086417197,44.33609256538499,1.5278111340821412,2.1732015453492153,12.214226347593092,56.348616099671155,0,2026-10-08 00:33:57
2026-10-07 00:59:00,CNC-03,H,298.40556569030616,309.8447573334301,2676.954173088422,13.941811262999341,31.166124891846962,3.2663811169411616,7.223963758034,55.944908661024805,0,2026-10-08 00:33:57
2026-10-07 07:32:00,CNC-03,H,296.1796893589892,309.8603783194824,1895.9268373010414,35.435087631243306,36.71347979149382,2.4304365592808868,,60.81383298205316,0,2026-10-08 00:33:57
2026-10-07 04:49:00,CNC-01,L,296.1980132684284,309.54513339398073,2306.292701914443,25.744672600233283,102.28783159720052,2.9074804394138725,11.089043023404953,59.95743330324852,0,2026-10-08 00:33:57
2026-10-07 10:01:00,CNC-01,L,295.4431660087465,309.09994878887454,1408.6565473765056,45.52969376997123,85.1724548334604,2.160893895154912,11.990378787682857,58.945308215377594,0,2026-10-08 00:33:57
2026-10-07 19:38:00,CNC-02,M,298.8436147765131,311.9531012942356,2149.384867413775,26.44804650793392,37.071337037786336,2.727506295240952,10.700082407081938,51.73281008157742,0,2026-10-08 00:33:57
2026-10-07 05:59:00,CNC-02,M,296.4407773037995,310.898801917507,2203.6585497715564,30.406838120079474,212.33352379943827,3.491703799786373,12.586582651880748,59.89380784401409,0,2026-10-08 00:33:57
2026-10-07 08:27:00,CNC-02,M,295.9092665131226,310.68020793484607,1636.8528796285068,45.45580784731037,199.5251389044186,2.934697132513216,13.830955134428583,53.24250427701147,0,2026-10-08 00:33:57
2026-10-07 08:35:00,CNC-02,M,295.91830231064864,310.75945701543617,1496.9976975823404,50.21014861686111,211.5075957755854,2.9123688627138407,14.346294552581403,58.869839925104436,0,2026-10-08 00:33:57
2026-10-07 09:58:04,CNC-02,M,296.1991152992081,311.423298758486,1480.384452462895,53.646263052354215,122.58102443692566,2.2544682887204823,14.942937299829705,60.013927312224936,0,2026-10-08 00:33:57
2026-10-07 21:23:00,CNC-03,H,299.5905592291935,313.4224993348093,2654.337378272452,21.51465210139523,250.05379852223246,4.1719614610175,10.887052164756344,51.07936791748751,0,2026-10-08 00:33:57
2026-10-07 06:16:00,CNC-03,H,295.93607624027965,311.19682511852926,1913.426856847544,40.64683031515967,173.97503715102715,2.977212884905452,14.585327349794843,56.418128021163774,0,2026-10-08 00:33:57
2026-10-07 19:39:00,CNC-01,L,299.9049668870047,312.77719825460093,2184.367609125201,26.65974433954484,47.1383522364979,2.8696532232363468,10.734932878167633,52.30755089437875,0,2026-10-08 00:33:57
2026-10-07 14:42:00,CNC-03,H,298.6581318404614,313.1569200266203,1446.2727676719637,49.9000252923899,182.555050071104,2.5071920633056166,13.456010764679503,49.518425304819026,0,2026-10-08 00:33:57
2026-10-07 02:02:00,CNC-03,H,297.88556942185414,310.8962138904948,61097.50136131416,23.458766192417926,99.92546707138274,3.059593376112125,10.299143032832216,58.192048746997244,0,2026-10-08 00:33:57
2026-10-07 12:59:00,CNC-03,H,24.617495397172377,38.710560367346545,1395.5693958238012,51.56341903251268,22.04540522549683,2.0804653967491373,13.222888056631197,57.817946782394706,0,2026-10-08 00:33:57
2026-10-07 01:17:41,CNC-03,H,298.54737919143844,309.7933387368843,2648.751983624948,12.252257284643699,51.65432360894444,3.2126228236929824,5.989486544257027,53.60545169670882,1,2026-10-08 00:33:57
2026-10-07 05:30:00,CNC-01,L,295.51471399474207,310.48401928928666,1953.2884618649366,39.69542063548953,154.71542455233,2.921451481517446,14.717474111806828,62.318274122765025,0,2026-10-08 00:33:57
2026-10-07 06:35:00,CNC-02,M,296.2926011270818,309.89535743655665,1963.6032648316648,33.316948305766076,39.241607300861084,2.64576739370332,12.234616231133725,51.857838144575666,0,2026-10-08 00:33:57
2026-10-07 20:57:00,CNC-03,H,299.69660479321146,312.93051242772157,2562.906381378186,19.427521642052582,220.75117036871725,3.7754151205222897,9.42278092964163,52.743080903819724,0,2026-10-08 00:33:57
2026-10-07 03:26:00,CNC-01,L,297.01292968572494,309.40713884923224,2474.613267964419,21.064699500528164,2.353427665793003,3.0105161698931293,9.777493896119967,57.0127336286293,0,2026-10-08 00:33:57
2026-10-07 05:12:00,CNC-01,L,295.82242964598765,309.65862696147616,2073.214501523139,31.87287728251277,131.26318238059469,27.976761784245472,12.086080260176796,59.47205280262089,0,2026-10-08 00:33:57
2026-10-07 11:32:00,CNC-01,L,296.24163879012553,310.2259665980242,1530.585218397694,47.160644061365225,12.566050761770901,2.0791433256441327,0.0,54.71400435300179,0,2026-10-08 00:33:57
2026-10-07 09:52:00,CNC-01,L,295.5024835674292,309.6319992010247,1408.7558145920289,50.15360962865082,71.27757648979653,1.9630061152964324,13.01055705966266,57.34003771010589,0,2026-10-08 00:33:57
2026-10-07 17:43:00,CNC-02,M,299.2400406914611,313.962874256696,1905.4692831000762,40.45944423237645,108.75777061255475,2.5615257766835793,14.330084864554152,51.12293725535059,0,2026-10-08 00:33:57
2026-10-07 20:09:00,CNC-02,M,299.3329964799526,313.32077748318966,2385.5956046679303,28.044561033819612,74.53360135132277,2.988273786643324,12.487237614294122,52.121973595943935,0,2026-10-08 00:33:57
2026-10-07 21:55:00,CNC-01,L,304.75024254246534,312.47556613940554,2558.687579404858,22.875529680161893,203.78668778568945,3.850301506444239,11.234625427192467,45.35254309657811,0,2026-10-08 00:33:57
2026-10-07 16:33:00,CNC-02,M,25.505961846105038,38.63949418015159,1773.7384996163391,33.12662514026074,11.49801447365915,2.3656177205985376,10.833824688328205,54.909677605145724,0,2026-10-08 00:33:57
2026-10-07 19:33:00,CNC-01,L,299.8554434844927,312.9673520496579,2339.927778579059,27.01579718069908,39.70857352105227,2.858745997527126,11.84008637049859,52.66099889493527,0,2026-10-08 00:33:57
2026-10-07 10:49:00,CNC-03,H,296.62454342571976,310.45771076149606,1406.5392052852233,48.61737563716911,64.30595983050371,,12.7424180869216,59.563992803215505,0,2026-10-08 00:33:57
2026-10-07 15:05:00,CNC-03,H,298.919576425901,312.78394049850715,1548.8739743805581,1760.8571968246492,0.0,2.1685240376330546,13.674078252864934,62.35346497999989,0,2026-10-08 00:33:57
2026-10-07 02:08:00,CNC-01,L,297.67928578609497,310.3916342320743,2725.727828308257,18.143154142736897,119.2401775291657,3.4195254380213247,9.311294961227244,53.97436795200056,0,2026-10-08 00:33:57
2026-10-07 21:50:00,CNC-02,M,299.27146172723087,312.8826921478442,2714.4680872398317,19.59092710408914,189.78524465875333,3.8913101436535165,9.847893943126985,59.11863676140296,0,2026-10-08 00:33:57
2026-10-07 08:32:00,CNC-01,L,295.6092756246923,310.4567486551643,1606.316506798142,47.00060929349005,185.62054877933656,3.011235846423901,13.937903088034256,60.01107607949145,0,2026-10-08 00:33:57
2026-10-07 23:48:00,CNC-03,H,304.10644052863097,310.13202032987886,2828.265447179706,14.844829197521657,154.3496907255914,3.618047083246948,7.845264276504923,44.485408353481944,0,2026-10-08 00:33:57
2026-10-07 23:16:00,CNC-03,H,304.8548996250955,311.360348930994,2729.0395496261012,17.145851602925912,120.49594734409274,3.3182462435027684,8.85355198043829,41.63142317639515,0,2026-10-08 00:33:57
2026-10-07 23:05:00,CNC-02,M,299.2059359176126,312.0269175909614,2564.481411707537,19.995288144757506,33.21280804991119,3.164350091199669,9.563204572949386,53.261877616876795,0,2026-10-08 00:33:57
2026-10-07 10:07:00,CNC-01,L,295.63443090524953,310.3040247087461,1575.4094400654976,49.40901132601453,94.64956285700022,2.3465013004332236,14.657265414115374,58.0236127757031,0,2026-10-08 00:33:57
2026-10-07 13:03:00,CNC-01,L,23.53969670423055,38.36935818270433,1436.441069169299,51.86112975592758,156.9577415112134,2.3667643621891084,13.716940577501237,58.43276712404565,0,2026-10-08 00:33:57
2026-10-07 23:40:00,CNC-02,M,299.1575238297469,311.22220445554984,2703.249035502357,14.51522108234238,70.43000320237847,3.289487300370349,7.445032881662071,59.07416284032325,0,2026-10-08 00:33:57
2026-10-07 07:04:00,CNC-02,M,295.8252894977456,309.73336855570005,1782.8900042016803,38.597574218038716,79.41388991940512,2.436988766512256,12.82227429163875,56.137811123400844,0,2026-10-08 00:33:57
2026-10-07 12:25:00,CNC-01,L,23.16184294897863,37.826649594809794,1467.034120797952,51.73267973411403,96.85142203618342,2.2381885780055484,14.049517362778264,60.02651258585958,0,2026-10-08 00:33:57
2026-10-07 00:43:00,CNC-03,H,298.3454327843844,309.3042792079603,2629.905477714713,12.554365624725833,14.015098007195084,3.191308547597535,6.196332602810104,54.089545843455795,1,2026-10-08 00:33:57
2026-10-07 19:25:00,CNC-01,L,299.89284201761245,313.0070572950206,2298.83452765978,26.111489023214446,29.936721394898782,2.8705249762267506,11.283678043828264,50.09755285421513,0,2026-10-08 00:33:57
2026-10-07 13:17:00,CNC-01,L,297.16665186588983,311.80527681730825,1351.8195456898206,54.450398996496546,178.92690762733247,2.631186013487363,13.669119696552707,58.48119004827354,0,2026-10-08 00:33:57
2026-10-07 03:25:00,CNC-01,L,297.15905662934443,309.73326951657566,2416.7962054206396,,1.1834128056416073,2.9683240418108943,10.291406001786608,55.93034979502357,0,2026-10-08 00:33:57
2026-10-07 00:58:00,CNC-03,H,298.5703945513691,310.11855910028015,2804.4547412033003,14.602105495390315,30.076351909057546,3.3653277131686674,7.577584991699695,57.26459787769917,0,2026-10-08 00:33:57
2026-10-07 19:08:14,CNC-01,L,299.8865484003756,312.3285592681169,2210.477333991256,24.788628190959827,8.808783079916596,26.88200396277921,10.345042823957495,48.483944004649594,0,2026-10-08 00:33:57
2026-10-07 05:08:00,CNC-02,M,301.96646039908734,309.99923667065224,2261.790356038682,29.121942273801974,146.18263226608073,2.9936647371717204,12.50521361650952,46.53626871385825,0,2026-10-08 00:33:57
2026-10-07 06:25:00,CNC-02,M,295.99152952743293,309.7026660565894,1923.5113678200682,36.516813268059636,25.70591850674032,2.4043443634574166,13.018739572000513,61.17801061877787,0,2026-10-08 00:33:57
2026-10-07 15:56:00,CNC-03,H,26.14959690031361,39.94487392885702,1704.280124751226,40.019085884436386,0.0,2.342568729801061,13.02957623357772,55.72130358730087,0,2026-10-08 00:33:57
2026-10-07 09:38:22,CNC-01,L,295.4180576980138,309.17439563269016,1473.832989924043,46.18915132027668,49.50128162154962,2.156010066262109,12.728500588184009,60.69488672667729,0,2026-10-08 00:33:57
2026-10-07 09:36:00,CNC-01,L,295.47929754534493,309.536881168108,1542.5857058381496,46.87821039035258,46.38443490553427,2.175250697070977,13.464869298042832,57.89681129760366,0,2026-10-08 00:33:57
2026-10-07 00:55:00,CNC-03,H,298.56473034926864,310.32374171815894,2694.145519996783,14.902277098971709,26.858760051102042,3.178912098472938,7.242492204675213,57.1877606925108,0,2026-10-08 00:33:57
2026-10-07 02:17:00,CNC-01,L,297.67516190278394,310.5476824371488,2581.590685982638,20.592498669601508,129.0635290920053,3.1748102672267895,9.88258704388429,53.17606268941758,0,2026-10-08 00:33:57
2026-10-07 08:09:00,CNC-01,L,295.4606866732854,309.3459762676536,1429.244305476483,46.25394098428162,151.41775772936302,2.3682007708431354,12.574674645176817,60.16391903078313,0,2026-10-08 00:33:57
2026-10-07 04:31:00,CNC-03,H,296.7833641513055,310.0940634849633,2375.454999215665,26.86410952087288,38.64978487352478,2.904725882262994,11.66301324515851,55.32928838225035,0,2026-10-08 00:33:57
2026-10-07 00:46:00,CNC-03,H,298.31424691894324,309.76804649961855,2757.5533816572533,14.192571191883633,17.206009144286764,3.4171155248807796,7.279337438966568,54.99271376744429,0,2026-10-08 00:33:57
2026-10-07 01:34:00,CNC-03,H,298.2983571678787,310.87318522570837,2496.005062522558,20.013663135781524,69.3482719642789,3.049190337746662,9.35098942519352,52.29135338663186,0,2026-10-08 00:33:57
2026-10-08 00:28:00,CNC-03,H,298.6673718921475,311.77193619033886,2708.7652020060664,19.363493756562953,196.76561558110473,3.6691304019901936,9.680790499413298,54.13318625425018,0,2026-10-08 00:33:57
2026-10-07 18:36:00,CNC-03,H,300.2039076139098,313.62866067166215,2166.981920762438,28.570326203970943,49.9531265138118,2.6835597478776916,11.501065610850626,46.90714533800704,0,2026-10-08 00:33:57
2026-10-07 13:00:00,CNC-01,L,23.448353764045123,38.394709745865896,1589.8837620854774,46.34514992621649,152.2110102313132,2.6298168340168795,13.784991697462987,57.532980501581285,0,2026-10-08 00:33:57
2026-10-07 19:39:00,CNC-02,M,299.1690752271239,312.13575947355446,2210.3014850284817,25.277443449159836,38.29705816026985,2.757949159281644,10.376307807575019,50.2343898424789,0,2026-10-08 00:33:57
2026-10-07 21:27:48,CNC-02,M,299.3690137546722,311.9022601679862,2617.041381110023,15.396502978263138,0.0,3.569674383477299,7.546123345624834,55.83173049597367,0,2026-10-08 00:33:57
2026-10-07 18:59:00,CNC-02,M,0.0,313.46501411249153,2409.539086838277,27.683624638893498,208.0076180940313,3.7668967222624627,12.626305636361156,53.37489535328083,0,2026-10-08 00:33:57
2026-10-07 06:19:00,CNC-01,L,295.9158671969664,310.3545383361082,1979.7083319448918,34.396083279805744,219.59136936342853,3.69592775087378,12.804779043425285,55.184507481735636,0,2026-10-08 00:33:57
2026-10-07 16:58:00,CNC-02,M,298.95244149045305,312.8951137795753,1637.547146750682,40.035581015962094,46.92247089305384,2.317611347253003,12.123066330800386,52.03427694014496,0,2026-10-08 00:33:57
2026-10-07 07:42:00,CNC-02,M,296.2231913859159,310.49572341839274,1577.467710474078,43.58325588787101,133.62072811044584,2.401567555278918,12.963512009008062,54.15792301087656,0,2026-10-08 00:33:57
2026-10-07 11:33:00,CNC-03,H,297.0758566904635,311.2897853360867,1296.5280790663671,52.351253235753354,134.05715625216564,2.073350692655724,12.748856805240028,55.649962390406216,0,2026-10-08 00:33:57
2026-10-07 04:30:00,CNC-02,M,297.08579265296567,310.76228693204735,2381.678648861029,25.47458584416434,98.65844543387449,3.12433793155773,11.07125846994234,53.30789732209551,0,2026-10-08 00:33:57
2026-10-07 05:33:00,CNC-02,M,301.9395348778383,310.42383426826365,2142.986608944469,33.541640274361335,178.24165837944355,3.1132059590926966,13.051192057351056,47.286660582218865,0,2026-10-08 00:33:57
2026-10-07 08:58:00,CNC-02,M,295.70889307765106,309.98585222885436,1684.0280323724714,43.86539548626835,28.856278500632683,2.333409166627946,13.82335820230456,58.00997287135591,0,2026-10-08 00:33:57
2026-10-07 21:33:00,CNC-03,H,299.5478284418457,311.24558742136094,2604.838772648944,15.971824514351786,8.77841437127225,3.0304017691091154,7.810113839884975,52.95060801468321,0,2026-10-08 00:33:57
2026-10-07 23:43:00,CNC-02,M,299.2173798977259,311.3974363316148,2709.5561059704105,14.992103913239504,73.57766937323427,3.2509623165147805,7.850002629861156,53.11016064052618,0,2026-10-08 00:33:57
2026-10-07 20:03:00,CNC-01,L,299.89644860785285,312.99231893795053,2227.2414664584085,24.45154705994779,76.15560165521121,27.382019319331274,9.972068187484568,51.72635556026579,0,2026-10-08 00:33:57
2026-10-07 17:20:00,CNC-01,L,299.0889598744181,313.598707347114,1823.2902576967183,40.91034776126464,97.73661158359425,2.4432866724866336,13.907306167150294,52.33255508722374,0,2026-10-08 00:33:57
2026-10-07 11:24:00,CNC-03,H,296.6790524789934,310.60394775066936,1371.1354870459218,49.31386289714541,119.77740520025971,2.1186899749535195,12.527997326558207,60.23662403462237,0,2026-10-08 00:33:57
2026-10-07 14:08:00,CNC-01,L,297.36495317552465,311.6707245210381,1502.247409992716,48.09495152214502,32.9537674396445,2.2464548307632364,13.634040945049552,55.210238180605984,0,2026-10-08 00:33:57
2026-10-07 13:29:00,CNC-01,L,297.01144451638777,311.34517769982426,1348.179126368139,51.222048841927645,197.84062675896598,2.722700557777462,12.957586270067234,52.25645813887265,0,2026-10-08 00:33:57
2026-10-07 09:48:00,CNC-01,L,295.67732714386835,10184.196035840348,1503.4005356395728,45.51963693084677,65.05537048063844,2.2323643469092804,12.927093727827295,58.72237261527971,0,2026-10-08 00:33:57
2026-10-07 16:30:00,CNC-01,L,0.0,39.18276457331581,1727.1360717252194,37.767888738750514,,2.385437464201067,12.262186948902391,53.91697178448202,0,2026-10-08 00:33:57
2026-10-07 04:53:00,CNC-03,H,296.7070263486424,310.34059782701814,2239.8241424213975,29.9244193042652,65.98712708474966,2.935234264229617,12.650553148509879,53.35823859362418,0,2026-10-08 00:33:57
2026-10-07 19:56:00,CNC-02,M,299.1671974014066,312.3895794482397,2397.344986548647,24.110177558838643,58.91995285238109,2.9307728302908016,10.677337825650728,59.34760054960702,0,2026-10-08 00:33:57
2026-10-07 23:43:00,CNC-01,L,298.9271446400369,311.76216823093137,2617.6606969741983,20.90080153694572,115.36174573680456,3.2109132220098,10.098782725182401,55.80590997577079,0,2026-10-08 00:33:57
2026-10-07 15:42:00,CNC-02,M,25.253263238650163,40.44857500460438,1736.33856434147,45.056003429598135,162.90335961266157,2.653065988369657,14.7394773075157,52.95739692317994,0,2026-10-08 00:33:57
2026-10-07 15:11:00,CNC-01,L,297.8440920215155,312.7065458410034,1684.802995709574,46.47922763455447,129.63087248885975,2.506006080139113,14.4234497410926,56.326309973284964,0,2026-10-08 00:33:57
2026-10-07 06:15:00,CNC-02,M,296.225280029604,310.69707178968787,2153.306367960562,35.71532071583373,12.076599077918274,2.7735142340787386,14.568040546296684,61.76581852829577,0,2026-10-08 00:33:57
2026-10-07 05:40:00,CNC-01,L,295.9574150904324,310.08007584866226,2106.2606670282257,30.11949106831975,167.6310238597982,3.0913694718615194,11.86301639800419,53.882745440631126,0,2026-10-08 00:33:57
2026-10-07 23:24:00,CNC-03,H,304.4474810129303,309.97477104030895,2776.9143766261263,12.582073327222307,128.86750257071694,0.0,6.0555061538093415,41.953934677092796,0,2026-10-08 00:33:57
2026-10-07 11:38:00,CNC-03,H,296.91218623327734,311.03674417952914,1338.2999257882927,50.43630160065116,142.0010270434926,2.2158985120390255,12.612136599063897,59.478182786996285,0,2026-10-08 00:33:57
2026-10-07 11:31:00,CNC-01,L,296.1759582975824,310.03744469985,1389.6871916146788,51.67114403612924,11.035324901874286,2.1170497594752504,13.516203015925292,62.820039137866026,0,2026-10-08 00:33:57
2026-10-07 19:00:00,CNC-01,L,299.66462734517313,314.33796215821036,2135.914135566456,33.53097310879605,229.50803233186605,37.78719066454542,13.666038212446466,53.753291627592866,0,2026-10-08 00:33:57
2026-10-07 23:03:00,CNC-01,L,299.3637195867756,310.71483565426763,2836.8860807550905,11.427377182062912,72.36458016435301,3.408992087770193,5.89138716338171,55.68185957188,1,2026-10-08 00:33:57
2026-10-07 11:34:00,CNC-01,L,296.20212945019847,310.1374070127157,1362.44917780975,51.23644129479663,15.722334303577357,19.604643543243238,13.11519377803038,57.40593020733239,0,2026-10-08 00:33:57
2026-10-07 09:32:00,CNC-03,H,296.3118592563734,311.2807941468291,1544.6977918758932,48.6610376470659,215.74852965046665,2.9719175573941734,14.040842693487368,59.4847755631106,0,2026-10-08 00:33:57
2026-10-07 13:48:00,CNC-02,M,297.4369896508758,312.54721870032097,1475.3963958238999,49.467952543337915,236.07293786434616,3.0786026773065616,13.727605891494015,56.15393651288021,0,2026-10-08 00:33:57
2026-10-07 14:52:00,CNC-02,M,297.90288730508604,312.5276442351224,1550.9860463900714,48.37401547395115,87.8477268632346,2.248646908394146,13.796465446030204,57.04266292147353,0,2026-10-08 00:33:57
2026-10-07 15:40:00,CNC-01,L,25.37273605803182,40.19757155677388,1604.6297486898031,47.501758099172584,173.1490852812554,2.830548645129421,14.444650375105004,52.122891449412215,0,2026-10-08 00:33:57
2026-10-07 22:07:00,CNC-02,M,299.2734425201363,313.23370012776223,2562.996141261394,23.44974135698031,208.56382934977586,3.744462339588611,11.417394615995049,53.77209021305889,0,2026-10-08 00:33:57
2026-10-07 18:06:00,CNC-03,H,299.81779333434844,312.66002338746875,2282.7844260707852,25.573641021218506,10.648013456945197,2.8840969377421968,10.869266738074048,50.25255379062817,0,2026-10-08 00:33:57
2026-10-07 09:01:00,CNC-02,M,295.64997802064715,309.17577137312577,1540.638438333907,42.26463724950342,33.343372363590056,2.256827926702787,12.221616318084937,58.74208220545209,0,2026-10-08 00:33:57
2026-10-07 13:47:00,CNC-03,H,298.0612615980172,312.36409171911066,1583.5891426502587,45.78345771913461,97.42973239625826,2.145587300961434,13.709784879328256,51.843380638625725,0,2026-10-08 00:33:57
2026-10-07 23:55:00,CNC-03,H,304.3201018074548,311.5155892327345,2837.5942856052957,18.586405839496848,161.6576164791887,3.5974354230538252,10.09389502168161,43.90907649762441,0,2026-10-08 00:33:57
2026-10-07 03:56:00,CNC-02,M,297.1857809116043,309.73758579516937,2330.013915721845,22.629597435682278,57.45890861515993,2.9645634879460228,9.717258731151922,57.65187251228632,0,2026-10-08 00:33:57
2026-10-07 01:01:00,CNC-03,H,298.2426986778691,308.80938496157546,2690.621656374359,9.70536024327913,33.31425347122669,3.2309960437988963,5.003189377513638,56.41355773007976,1,2026-10-08 00:33:57
2026-10-07 15:04:00,CNC-03,H,298.6857039061464,313.322314690503,1409.7692040070299,49.01025280387327,216.2506553366102,2.6900584917742316,13.039455178906746,52.06201055937965,0,2026-10-08 00:33:57
2026-10-07 17:58:00,CNC-03,H,299.74750056925564,312.811219007496,2123.1141916662,29.59123860095647,0.0,2.7188880024053073,11.584965090085028,54.358707262630205,0,2026-10-08 00:33:57
2026-10-07 10:31:00,CNC-01,L,295.7916471701726,310.2871396218197,1596.0680368137405,45.45177472569236,132.1767542033437,2.4932909203295646,13.798662627773083,56.82328640223434,0,2026-10-08 00:33:57
2026-10-07 09:11:00,CNC-02,M,295.88164451711015,310.4259883070352,1689.6192291527373,44.86499884930855,48.65847218601006,22.37139181998439,14.459272653270922,60.76927228931563,0,2026-10-08 00:33:57
2026-10-07 04:03:00,CNC-02,M,297.2254909458749,310.6205136815778,2341.3248774126296,25.02844702989662,65.70736435803647,2.968313222086019,10.899307491320577,55.257345692956605,0,2026-10-08 00:33:57
2026-10-07 03:52:00,CNC-01,L,296.71653666713576,309.615798313043,2534.4332732617027,23.304411098504577,32.70178114732457,3.0449878091527665,11.170717259334058,58.972651636934806,0,2026-10-08 00:33:57
2026-10-07 01:36:00,CNC-02,M,298.4261397792572,310.0514496773875,2537.026205056728,13.906591774030797,114.4670507140324,3.205890085617336,6.865546139468529,53.349412548932335,0,2026-10-08 00:33:57
2026-10-07 20:47:00,CNC-02,M,299.05883244198645,312.6368748562205,2620.7040868122203,22.09972878554656,119.18458414460545,3.303012754738085,10.6857436394195,52.73476056142627,0,2026-10-08 00:33:57
2026-10-07 14:02:00,CNC-02,M,297.3889108089964,311.6352260410777,1478.5657890192979,50.61650759866544,10.913526081310016,2.1082321715848997,14.276693121285025,54.84035213948081,0,2026-10-08 00:33:57
2026-10-07 09:14:00,CNC-02,M,295.7286869317562,309.68005039918745,1593.5882574417328,42.9471650871358,53.25518749705193,2.1338213767166727,12.801009865840753,57.09579793823964,0,2026-10-08 00:33:57
2026-10-07 20:18:00,CNC-02,M,299.012300082731,312.61118380770426,2397.043781084574,25.07628610554871,85.37900830814932,29.869846412870356,11.25464432509928,53.07091860859836,0,2026-10-08 00:33:57
2026-10-07 15:54:00,CNC-02,M,25.573809972374818,40.785981179164764,1891.307708711191,41.77912944301259,180.51315068536002,2.9868577439755253,14.600933615625058,55.47948744716484,0,2026-10-08 00:33:57
2026-10-07 17:41:00,CNC-01,L,298.88122884050375,312.7643029396794,1947.3313842336156,34.492531199942974,126.5412528205955,2.7299329423020655,12.556561113791922,59.95535071896371,0,2026-10-08 00:33:57
2026-10-07 06:41:00,CNC-01,L,295.7151870188845,,1901.2074236280605,37.30836925902812,26.009283544495304,2.4591526847017113,13.187256179891522,62.078608859473384,0,2026-10-08 00:33:57
2026-10-07 16:58:00,CNC-03,H,299.96444755952183,314.26784258482235,1946.4764205699562,36.48471349430583,165.07315654616517,28.468993557652862,13.383378319239016,50.22004687726694,0,2026-10-08 00:33:57
2026-10-07 22:35:00,CNC-03,H,304.78169864228323,310.6487725416806,2739.8622919529294,15.59159099431839,76.60738928749113,32.77937961423638,8.204990869127313,43.83300197701198,0,2026-10-08 00:33:57
2026-10-07 01:32:00,CNC-01,L,298.2436488609795,311.2844116867534,2596.3531065306274,20.64941824676324,80.07689343660155,3.197812014415748,10.069082675521754,54.05223048584296,0,2026-10-08 00:33:57
2026-10-07 03:31:00,CNC-01,L,297.0186904544889,310.06330848763463,2499.9157718406755,23.049203869057663,8.127661659140498,3.0350300466776954,10.581941564257956,53.41650813969391,0,2026-10-08 00:33:57
2026-10-07 18:03:00,CNC-01,L,298.70949434097184,313.46432313940977,2017.3069108652269,36.70708630892866,155.94428335132278,3.0254407335629288,13.876115775247456,50.21042985823787,0,2026-10-08 00:33:57
2026-10-07 13:59:00,CNC-03,H,298.0643390758581,312.65071737481395,1417.3130345671223,52.82078169873577,116.21371410048238,2.1560805247157666,13.725589671886047,54.69299211407008,0,2026-10-08 00:33:57
2026-10-07 20:36:00,CNC-02,M,299.49894781194433,313.41456566485067,2313.3580264059824,27.450465382816112,106.54307466269944,3.0321220443500176,11.767377097531636,49.359324617028946,0,2026-10-08 00:33:57
2026-10-07 01:14:00,CNC-03,H,298.41922089309475,310.62709523130343,2538.7657863191857,18.732680406397833,47.332200459034276,3.162023878881335,9.020548857188183,57.80264603611038,0,2026-10-08 00:33:57
2026-10-07 07:37:00,CNC-02,M,296.1003515873788,310.9700100858692,1779.266202158183,43.31177661856798,126.31787893897041,2.44232623768007,14.090703349973234,54.03394601235895,0,2026-10-08 00:33:57
2026-10-07 03:02:00,CNC-01,L,297.5864673623561,311.26519242949627,2585.507499438096,21.88698196781092,179.53129061614754,3.7118509871433703,10.66962660540993,49.159924982325805,0,2026-10-08 00:33:57
2026-10-07 20:20:00,CNC-02,M,299.06313512788705,312.47875253307336,2250.4071024083146,26.201959038163796,87.76554905139794,2.824528322954826,11.129295652983615,50.741211895531094,0,2026-10-08 00:33:57
2026-10-07 02:37:00,CNC-03,H,297.40590908169634,310.5834114918098,2614.6556063282683,21.449273935439987,138.55295897617458,3.301169600842951,10.563341175712852,55.40097602509973,0,2026-10-08 00:33:57
2026-10-07 04:44:00,CNC-01,L,296.40779929044936,309.5308682169447,2391.2729644782044,23.23920025689769,95.99439400124574,3.0316030100730904,10.34208400221395,56.3165822180352,0,2026-10-08 00:33:57
2026-10-07 03:14:00,CNC-02,M,297.62653908343225,308.9936652048149,2591.718034976992,15.251383888812395,8.144994974009293,3.0876540181420995,7.385835617688313,58.83695810287837,0,2026-10-08 00:33:57
2026-10-07 09:41:00,CNC-02,M,295.7510368424849,309.87130338890097,1447.662791227118,47.656927605501345,94.574889527385,2.119962511118339,12.74431346025774,58.98488042406662,0,2026-10-08 00:33:57
2026-10-07 03:51:00,CNC-01,L,296.92977668145863,309.15071651271154,2382.830978748277,20.723739486035488,31.542241101240087,2.973199791075488,9.383205929975711,58.25145665634986,0,2026-10-08 00:33:57
2026-10-07 17:40:00,CNC-02,M,298.7776076425251,313.2982249296709,2031.489832107229,34.47460252331354,104.58197977936238,2.6881568921618655,13.07983325199727,51.97982793834999,0,2026-10-08 00:33:57
2026-10-07 18:06:00,CNC-02,M,,313.910023955908,2104.145050305137,36.13018879156062,139.57573113536975,,14.090697562556784,51.53121968863143,0,2026-10-08 00:33:57
2026-10-07 20:52:00,CNC-01,L,305.3049494935179,312.3943741892332,2612.6580963345123,20.940571456061672,133.2606234757103,33.61191287333446,10.121862462338907,41.50648533697737,0,2026-10-08 00:33:57
2026-10-07 05:50:00,CNC-01,L,295.58430814837203,309.9629244516122,1914.6984195644848,36.24114508092345,180.78302787980633,29.791023322602612,12.951687312105927,61.83017576606228,0,2026-10-08 00:33:57
2026-10-07 17:12:00,CNC-03,H,299.5858135738176,314.84827255445043,1986.8564660080292,40.37286517217625,184.4958169238779,3.031639984887482,14.89304074428001,53.16863600987227,0,2026-10-08 00:33:57
2026-10-07 10:01:00,CNC-02,M,296.4191135857464,310.92122437687976,1453.7044463000816,48.652315591322136,125.67618975894402,2.3088062802981235,13.123015699245205,58.55560719009283,0,2026-10-08 00:33:57
2026-10-07 17:56:00,CNC-03,H,299.91890271881965,315.61783951833365,2081.3738233791723,38.88168463197968,244.51022826210385,3.6531689152609714,14.862220097905281,51.77967778619355,0,2026-10-08 00:33:57
2026-10-07 03:00:00,CNC-01,L,297.2815414955446,311.5579682518599,2335.2939161157633,28.974573984897376,177.30181385519626,3.4935849519746136,12.584679121619146,57.635033823607074,0,2026-10-08 00:33:57
2026-10-07 04:51:00,CNC-02,M,302.08080727695506,309.95934967704204,2148.605687530281,31.15142792897647,124.82881701811644,2.839082376182897,12.56580131663367,52.60941095561101,0,2026-10-08 00:33:57
2026-10-07 13:28:00,CNC-03,H,297.9688862822352,311.71958022279733,1377.0804504418631,49.18095454705823,67.63976134227222,2.000069554213184,12.95891796710572,53.66929270769439,0,2026-10-08 00:33:57
2026-10-07 01:10:00,CNC-03,H,298.50769011166636,310.9698426021908,2633.6692594809433,19.30979686522357,42.93175406573052,3.202778663798836,9.366783431049887,55.67820674644893,0,2026-10-08 00:33:57
2026-10-07 13:14:00,CNC-03,H,297.7402863914264,311.6840431562003,1466.2960885408784,48.89691684484283,45.73645305799335,2.0701316246580426,13.324508160633522,58.59119994136543,0,2026-10-08 00:33:57
2026-10-07 08:48:22,CNC-03,H,295.99797776870093,310.9880100875925,1690.4629077993065,46.04643425519182,146.97805261985224,2.4649876463982388,14.644030303219056,61.838253336155276,0,2026-10-08 00:33:57
2026-10-07 19:49:00,CNC-02,M,299.0897415194308,312.63140149721255,2324.793129071313,26.92108279796013,50.50216875989603,3.0304405579980753,11.511781062398159,50.260556519237404,0,2026-10-08 00:33:57
2026-10-07 05:13:00,CNC-02,M,301.9894602306743,310.63762397177,2203.707769878778,33.10289355435315,152.55651621794883,2.983177231280337,13.485096295017783,50.707964349149066,0,2026-10-08 00:33:57
2026-10-07 14:59:00,CNC-02,M,297.93708726716426,312.18442952010207,1568.3396231996842,44.031921730134876,98.5213017252451,2.2613286910270456,13.049961277637692,53.90672693824031,0,2026-10-08 00:33:57
2026-10-07 01:24:00,CNC-02,M,298.6426472676231,310.88546681399356,2680.396963594882,16.37585739298735,101.46991029854581,32.78556939690845,7.983442696400876,57.60924471348985,0,2026-10-08 00:33:57
2026-10-07 07:22:00,CNC-03,H,295.7311652169221,309.99780822584563,1861.6754598108862,39.75177400993063,22.65207313928893,2.5839043212674544,13.46713801186557,59.57760308971032,0,2026-10-08 00:33:57
2026-10-07 18:22:00,CNC-01,L,299.7624240331454,314.26035915872626,57620.002142696685,32.54074272153761,181.09175207035193,3.351460360627989,13.227563442397132,48.45482860077612,0,2026-10-08 00:33:57
2026-10-07 02:38:00,CNC-03,H,297.81922917156885,311.8566825145184,2629.7810787448016,24.673164399519187,139.64991865728592,3.3809712802376133,12.428233174646985,58.09620932297295,0,2026-10-08 00:33:57
2026-10-07 15:16:00,CNC-03,H,298.9000795883532,312.74218333219477,1444.3217282271132,48.519774973030934,16.722405202780777,2.0767748416229836,13.147812959741461,47.27404658063175,0,2026-10-08 00:33:57
2026-10-07 14:30:00,CNC-03,H,298.6910352171974,313.19256976437464,1475.0666741613245,49.64768761803252,164.1411829487034,2.4080324197574243,13.87240052476892,53.85665976625488,0,2026-10-08 00:33:57
2026-10-07 03:10:00,CNC-03,H,297.43603060643835,311.061557045011,2642.8211397458076,22.53075067941187,175.7112253187076,3.5951041121893716,11.095357796672548,58.717058873843456,0,2026-10-08 00:33:57
2026-10-07 17:31:00,CNC-03,H,299.6012002246525,314.2004313380802,2066.3468329558746,34.347423598258295,210.84985581783047,32.759768330792305,13.25734417943764,52.37731505479604,0,2026-10-08 00:33:57
2026-10-07 08:46:00,CNC-02,M,296.07669822361737,309.88646867486045,1626.5603496435683,43.300073728674526,10.629648084109837,2.190826142605984,13.102548773137762,55.82214834474285,0,2026-10-08 00:33:57
2026-10-07 21:11:00,CNC-03,H,299.5559432761567,313.26943567862924,2555.839265937776,22.590131031802727,236.76322328295964,3.9890447106300417,10.807169100011585,50.298762447801245,0,2026-10-08 00:33:57
2026-10-07 09:26:00,CNC-03,H,296.2163180122507,,1463.4286033728356,52.89804666260634,206.57013597342188,2.7397807002881907,14.519173033544604,58.223786384846335,0,2026-10-08 00:33:57
2026-10-07 17:54:00,CNC-03,H,299.6799640387641,314.53171119363753,1917.948152229428,37.179250321408254,241.90415312413887,3.3719592047482476,13.556652029913687,55.28346900712846,0,2026-10-08 00:33:57
2026-10-07 07:50:00,CNC-02,M,295.83118614904913,310.1651145496621,1783.4794702479815,38.15001362379031,145.28414277168216,2.6671201769870323,12.709222784824151,54.37119710458841,0,2026-10-08 00:33:57
2026-10-07 06:21:00,CNC-03,H,296.3272335887747,310.99062048951026,1941.0587565237943,37.80739979587161,180.61886008574308,2.894137539458719,13.676862726553749,60.25165401250878,0,2026-10-08 00:33:57
2026-10-07 10:19:00,CNC-03,H,296.71745460186577,310.83793175113294,1465.881666710646,50.56027927736974,17.180035907030167,2.0940280705547942,14.00834557309939,54.264007230637056,0,2026-10-08 00:33:57
2026-10-07 00:43:00,CNC-01,L,298.4199115184627,310.92498045176467,,20.1622035009521,27.323977608082178,3.058352116761826,9.527576063724736,52.324775798599944,0,2026-10-08 00:33:57
2026-10-07 13:23:00,CNC-03,H,297.9802961037502,311.67099816655525,1437.7712531712903,47.476398697581686,59.82979240647359,2.113660624207314,12.774135248770845,51.40522494632479,0,2026-10-08 00:33:57
2026-10-07 23:25:00,CNC-03,H,304.87857181970725,311.26009083249915,2796.0908183040456,16.875337011297955,129.9140966155689,3.522192166944319,8.851379605209312,43.031555329762234,0,2026-10-08 00:33:57
2026-10-07 00:57:00,CNC-02,M,298.74909147575346,310.96278471297853,2647.67861963653,16.897121092833626,72.39843267749657,3.1815631612023156,8.436835825902927,54.457869286645725,0,2026-10-08 00:33:57
2026-10-07 01:09:00,CNC-02,M,298.694227243937,310.8858649491603,2798.6656776048762,15.723132455515172,85.3077895131266,3.458466185736056,8.14026331628284,53.2537051334984,0,2026-10-08 00:33:57
2026-10-07 07:55:00,CNC-02,M,295.9539490023527,310.98440742964715,1520.7698439680455,50.255156338880916,152.57835324361926,2.4807136698049583,14.010465458033655,62.11933140198735,0,2026-10-08 00:33:57
2026-10-07 01:53:26,CNC-01,L,297.7298916124274,310.3442330836527,2786.819955049525,17.5671242561737,101.67691705650583,3.3094779869383184,9.238980318798479,57.5893642405503,0,2026-10-08 00:33:57
2026-10-07 20:01:00,CNC-03,H,300.1439871190297,313.4322913012758,2388.401640081351,23.304464832976613,155.20038930173808,3.2242363819597584,10.699517207625096,53.2190528907327,0,2026-10-08 00:33:57
2026-10-07 13:58:00,CNC-01,L,297.30256178992346,310.87696385228793,1305.3923651253365,50.76440429703226,17.258449672243156,1.9464579869768734,12.351334688860224,57.587959587454044,0,2026-10-08 00:33:57
2026-10-07 22:19:00,CNC-03,H,305.0216065438927,310.6299148554526,2560.847234437784,15.738719575332832,59.306123173773216,3.0803088439192363,7.541403178250354,45.31996543657192,0,2026-10-08 00:33:57
2026-10-07 20:01:00,CNC-02,M,298.7392816169911,312.0674713364393,2413.7974298688864,24.093885250362565,64.98825115694532,2.9812299798908253,10.851574533262074,53.47950224675978,0,2026-10-08 00:33:57
2026-10-07 19:20:00,CNC-01,L,299.9770384747903,312.8623717215316,2334.660286698918,24.59922992871997,23.792980062620174,2.865961983642233,10.647164854288249,51.20165139564455,0,2026-10-08 00:33:57
2026-10-07 10:05:00,CNC-01,L,295.4553323394457,309.4010358834015,1337.2700772022636,53.047851582136346,91.4889070138887,0.0,13.136962143830294,60.34162947817298,0,2026-10-08 00:33:57
2026-10-07 03:16:00,CNC-03,H,297.4293920181831,310.6719740539681,2506.4885107617024,21.87398276282303,182.57299377477614,3.4913222673609496,10.492507113777325,60.461822814769256,0,2026-10-08 00:33:57
2026-10-07 23:11:00,CNC-01,L,299.214108489387,311.3147974758639,2784.8072899486315,14.999956342683591,81.06872408836543,3.4458665568789466,7.644488429253766,54.52021555398409,0,2026-10-08 00:33:57
2026-10-07 20:00:00,CNC-03,H,299.9542724402583,313.2264574434342,2486.040967505407,22.545563276744076,154.01139324933536,3.184329665889029,10.176111712319976,52.08724432540771,0,2026-10-08 00:33:57
2026-10-07 03:28:00,CNC-03,H,297.2880938067924,311.27203828249293,2205.945216276804,27.20636235322897,196.48391757153112,,11.286058941053806,52.98003961421346,0,2026-10-08 00:33:57
2026-10-07 03:22:00,CNC-03,H,297.3239960977958,310.65325284469884,2466.9037057817177,22.045919894667385,189.4252213626672,3.497711348887354,10.284582645295961,54.828843762441615,0,2026-10-08 00:33:57
2026-10-07 18:31:00,CNC-03,H,299.9033827608872,313.994877152854,2063.401337306344,34.684353860504544,43.45095830380342,26.684086999082474,13.548761377007057,54.922444169690685,0,2026-10-08 00:33:57
2026-10-07 02:44:00,CNC-03,H,297.5628935693676,310.64057964169115,2417.2429436127322,22.184087161370115,146.42986165485493,3.2438108611221486,9.942816848999868,53.95637865117614,0,2026-10-08 00:33:57
2026-10-07 06:49:00,CNC-02,M,295.97481739755574,310.3703607951329,1853.366258064021,39.329940065252394,58.47563870136319,24.003131695464088,13.676457664027224,55.8418920628779,0,2026-10-08 00:33:57
2026-10-07 09:54:00,CNC-02,M,296.218149226096,310.86224271536554,1553.4946838944961,49.07916424057532,114.8850066962239,2.245603286346857,14.412310407630319,58.517183260143184,0,2026-10-08 00:33:57
2026-10-07 12:35:00,CNC-01,L,23.547236056669135,38.1751345220257,1502.3997368666899,48.20078719113027,112.56756207444542,2.3024532617736533,13.72254947858232,60.67575209305504,0,2026-10-08 00:33:57
2026-10-07 21:36:00,CNC-02,M,299.5107706503727,312.14178600385617,2636.1829510631906,16.208758916744806,174.31005284999705,3.6327727758679607,8.104208661460385,53.8781372430318,0,2026-10-08 00:33:57
2026-10-07 04:50:00,CNC-02,M,302.0265819290276,309.8841288963084,2139.7778115630445,29.26509438417066,123.5298963879604,2.9558944864354038,11.820339195483497,48.48199471973276,0,2026-10-08 00:33:57
2026-10-07 20:24:00,CNC-01,L,299.9035332683183,313.0910512090948,2372.7624213384906,23.208580853898056,100.92247179134317,2.9895173840374083,,49.98201180690325,0,2026-10-08 00:33:57
2026-10-07 22:19:00,CNC-01,L,299.3307039096602,310.93313222121367,2618.607568559392,15.383604814935033,24.891902061605695,3.197714386552966,7.463123462952919,51.08393757058568,0,2026-10-08 00:33:57
2026-10-07 01:42:00,CNC-01,L,298.1207689196382,309.7666867848662,2679.891711885176,14.76288628335509,90.93902882629801,3.2317367779591777,7.269239852161892,57.378538308179046,0,2026-10-08 00:33:57
2026-10-07 07:26:00,CNC-02,M,295.74308153727833,310.08616500528626,1829.6945337111235,38.483430826953864,110.45334854892135,2.650505078402265,13.269247962686316,62.174140263742714,0,2026-10-08 00:33:57
2026-10-07 21:38:00,CNC-02,M,299.3383675421131,313.04246498398527,2528.5155621558774,20.947137644289658,176.49021420827918,3.5279597046162334,9.934548036897864,51.55349652245602,0,2026-10-08 00:33:57
2026-10-07 19:55:00,CNC-03,H,299.8013336371822,313.32093388459333,2527.5541135933236,23.110699164745697,147.99335766113342,,10.765519536060852,50.95118759936999,0,2026-10-08 00:33:57
2026-10-07 13:16:00,CNC-03,H,297.68516094431834,311.5167123592625,1548.7931529503007,47.02854936327376,48.85631005685225,21.716082502353263,13.474855335314452,57.9127249386013,0,2026-10-08 00:33:57
2026-10-07 23:46:00,CNC-02,M,299.1053139854179,312.4112211227399,2589.967211242661,21.93833686292808,76.82068631694881,2.989841130284592,10.679359742370783,53.73135772371678,0,2026-10-08 00:33:57
2026-10-07 23:32:00,CNC-01,L,298.7604408104749,310.52833704704216,2852.2044458668947,13.780339527826424,103.56701227670446,3.4463570922047793,7.214268945608917,56.210509660323325,0,2026-10-08 00:33:57
2026-10-07 19:19:00,CNC-02,M,299.2921839071556,312.390466721671,2335.2819084249363,24.198005168898167,13.67970377881497,2.8964795696278993,10.599983017373324,52.17328738855698,0,2026-10-08 00:33:57
2026-10-07 06:30:00,CNC-02,M,296.28733211602656,310.3711735200874,1959.6977261633629,35.66721550674727,32.50474037658762,2.668603545896294,13.027421474423441,58.50030301059706,0,2026-10-08 00:33:57
2026-10-07 19:18:00,CNC-03,H,299.86233345071236,313.74897566683114,2112.324760502766,31.35793277748574,102.53344028386329,2.8079168173845255,12.241040781558047,54.67484987565413,0,2026-10-08 00:33:57
2026-10-07 14:51:00,CNC-02,M,297.8710659539085,312.25712108148315,1602.2785136654222,42.97953156189048,86.32356252344057,2.2580050043089894,12.739590638846254,55.87480683812357,0,2026-10-08 00:33:57
2026-10-07 07:14:00,CNC-03,H,295.82306984855353,308.79581212873325,1826.0476850198008,33.11647559611752,11.218704413917006,2.4996061927829687,11.576297617323982,56.79876535183404,0,2026-10-08 00:33:57
2026-10-07 10:03:00,CNC-02,M,296.2561425076699,311.1999055174577,1412.076758644198,54.79310133029265,128.82956855262702,2.1409535876699195,14.52564324460528,58.48627202441946,0,2026-10-08 00:33:57
2026-10-07 22:04:00,CNC-01,L,304.85575269074025,310.6880797688066,2591.3652764296344,,8.567398500621408,31.110207960555194,7.767202727366485,38.10975563301869,0,2026-10-08 00:33:57
2026-10-07 18:34:00,CNC-02,M,299.12015142272753,313.3747291790344,2079.076383418762,31.26667333447195,176.2264426761313,3.036542581824376,12.156736912579541,51.52880706958153,0,2026-10-08 00:33:57
2026-10-07 22:36:00,CNC-03,H,304.6558847837336,310.26881486848276,2585.4535465004556,14.07887766390266,77.6777147719895,3.1021540885684926,6.772076426707355,43.966849581243395,0,2026-10-08 00:33:57
2026-10-07 00:57:00,CNC-03,H,298.4998021793371,309.7878189346829,2744.5121732573666,13.41312413172536,29.038405487979162,3.233006019628344,6.733801768258528,53.81664739215258,0,2026-10-08 00:33:57
2026-10-07 02:40:00,CNC-01,L,297.17138465123855,310.8850924324551,2493.8575850058924,24.305556073216533,154.78007949553157,3.4501968477968803,11.28831815570427,56.09478182238009,0,2026-10-08 00:33:57
2026-10-07 02:04:00,CNC-01,L,297.9503641957967,311.4503001366026,2622.9146386698767,22.572982450244304,114.88501461636211,3.3255071659006696,11.153039897424577,55.79347970970298,0,2026-10-08 00:33:57
2026-10-07 21:22:00,CNC-01,L,305.2834994345273,312.69980412619947,2563.9162569864598,21.618762543392428,167.08121543879363,3.5917528956067026,10.419266429917808,41.29588406762244,0,2026-10-08 00:33:57
2026-10-07 05:45:00,CNC-01,L,295.796517521089,309.9671021587441,2016.9109116816198,32.986652788308085,174.18080468931143,3.190839548968054,12.477476730722692,62.859870100148775,0,2026-10-08 00:33:57
2026-10-07 05:34:00,CNC-03,H,296.52153477964134,310.420325624676,2211.2108339838646,30.55086211750028,118.34623897226622,2.8797081888306852,12.575130087102162,54.287905039418554,0,2026-10-08 00:33:57
2026-10-07 04:55:00,CNC-01,L,296.05441736210594,309.72817495433253,2195.7887735908016,30.053693764095755,109.76912997584931,2.9770700560175754,12.359211921776291,55.48407677041507,0,2026-10-08 00:33:57
2026-10-07 03:20:00,CNC-01,L,297.4036009424549,311.48343144874764,2592.8124980614466,24.448355229153737,199.97197022917703,3.9133119554224005,11.695483913606765,54.77669811027715,0,2026-10-08 00:33:57
2026-10-08 00:32:00,CNC-02,M,299.1062302906222,311.83263373947915,2725.709703099111,16.272588234453337,125.55117632826459,3.3783756374530416,8.180962170867144,48.3527820269974,0,2026-10-08 00:33:57
2026-10-07 19:22:00,CNC-02,M,299.0059678604537,312.3109075224191,2353.0492604928736,25.314916641044828,17.346860202808887,2.945529656470236,11.27701961490437,53.06220644015768,0,2026-10-08 00:33:57
2026-10-07 17:48:00,CNC-03,H,300.06910892155327,314.95518382145355,2003.39717072811,36.40815456118493,233.8129978251735,3.491452766612874,360.17270946362004,51.99149808167382,0,2026-10-08 00:33:57
2026-10-07 15:00:00,CNC-01,L,297.9872975707422,312.7227506350601,1666.5321866798365,46.68988493940073,113.03586704297884,2.4001007811023567,14.370831773752194,57.53164990271527,0,2026-10-08 00:33:57
2026-10-07 06:23:00,CNC-01,L,295.6092641387621,309.59529575871255,2014.2372227615895,35.0309962241011,1.3417095579491354,2.632574586308667,13.11780632318066,58.82714505919991,0,2026-10-08 00:33:57
2026-10-07 06:51:00,CNC-03,H,295.86986480925293,310.93122421739724,1916.5376485770487,39.738160411852334,221.60691582574606,3.140833159515086,14.34112601715538,59.60341465172548,0,2026-10-08 00:33:57
2026-10-07 20:14:00,CNC-02,M,299.3084338076293,313.2123334089221,2202.1484975129542,29.95861342000074,80.68383497825089,2.8051288677543305,12.330870782644528,54.830975655597165,0,2026-10-08 00:33:57
2026-10-07 04:27:00,CNC-02,M,296.84899391779953,310.37051407232934,2304.621312268907,26.204600451889146,94.98936317486435,2.939565775747181,11.27591259656434,54.64164362399433,0,2026-10-08 00:33:57
2026-10-07 03:23:00,CNC-02,M,297.68192067182184,310.21476701255034,2259.4393632877423,24.360445680444023,18.46410837623648,2.8552072313558545,10.219689337224109,54.868573397732874,0,2026-10-08 00:33:57
2026-10-07 17:36:00,CNC-03,H,299.4694155894182,314.5396605963508,2030.4712668449783,36.71821631116508,217.62770802520117,3.2295308077164964,13.873747301935003,49.94536924722484,0,2026-10-08 00:33:57
2026-10-07 23:21:00,CNC-02,M,299.06786110754723,310.4330568348024,2747.354770157026,12.369556695225949,50.24553408277038,3.2802546159125696,6.31309863621438,57.23890748883563,0,2026-10-08 00:33:57
2026-10-07 17:26:00,CNC-01,L,299.0913990033568,313.3425449031827,1965.0070907126405,36.373327182324815,105.98210355517847,2.674411394371414,13.46232316919711,53.47533229937619,0,2026-10-08 00:33:57
2026-10-07 02:37:00,CNC-02,M,298.12253847304066,311.5844155110744,2576.1516223137864,22.16655126144929,181.65413202435636,3.531060975552367,10.800279327744168,54.215854076429714,0,2026-10-08 00:33:57
2026-10-07 23:33:00,CNC-01,L,298.96691997577676,310.8646234721711,2721.65014944559,14.75617115413986,104.60874303475534,32.42841698999309,7.684169661705893,58.34852173528152,0,2026-10-08 00:33:57
2026-10-07 09:43:00,CNC-03,H,296.28687475720983,311.1828423698648,1487.355144507279,49.57612658244665,,2.883224426242343,13.890066509751946,60.405833761962036,0,2026-10-08 00:33:57
2026-10-07 21:19:00,CNC-02,M,299.24619232154936,312.81207866190647,2605.4795259094612,21.315192030501613,155.3778495773865,3.413270980977797,10.66307224178898,56.1344908423588,0,2026-10-08 00:33:57
2026-10-07 21:25:00,CNC-03,H,299.5165650088091,311.55731207982257,2555.0169214567536,17.956208022302548,0.0,3.05758495738774,8.86060836172393,53.77810436641077,0,2026-10-08 00:33:57
2026-10-07 02:44:00,CNC-01,L,297.63842986264393,310.4057784298864,2506.0502536010886,19.858003051446804,159.2562186672054,3.410809257422351,9.413813361084859,57.84790305313224,0,2026-10-08 00:33:57
2026-10-07 13:50:00,CNC-02,M,297.17477676583115,312.81684836389223,1498.8802060342462,54.56615897089493,239.24584707784203,3.247584417507388,15.166241735652415,59.721099777432364,1,2026-10-08 00:33:57
2026-10-07 04:18:40,CNC-01,L,296.5987362129519,309.9142718846933,2327.366903029211,26.263608682355994,66.5500452845152,3.002853007737696,11.606422403398916,58.715047100755825,0,2026-10-08 00:33:57
2026-10-07 11:40:00,CNC-02,M,296.38406358483763,,1346.3581030578619,51.32756889466892,33.34423918229852,2.0279848301917522,12.863889083147065,66.37548722825221,0,2026-10-08 00:33:57
2026-10-07 04:46:00,CNC-02,M,297.01297084308186,311.08206188150723,2132.2362988481564,31.916772641253313,118.55062501352526,2.7922860577527118,12.681691933800538,53.47968345809476,0,2026-10-08 00:33:57
2026-10-07 06:19:00,CNC-03,H,296.0892738263472,310.8965610305345,1972.0200305545568,36.89276750411829,177.97393164846193,3.0122036777793615,13.698019908662179,57.228160112561504,0,2026-10-08 00:33:57
2026-10-07 13:56:00,CNC-01,L,297.1746434733875,310.51953258489266,1601.6248683218412,0.0,14.071472746091922,2.2755653005507264,12.240871493065418,62.20951669325869,0,2026-10-08 00:33:57
2026-10-07 18:16:00,CNC-03,H,299.66030432004345,313.16451507464467,2033.1380014136278,31.388396903100656,23.87491119864406,2.667685179241621,11.936143335502225,55.609916362569464,0,2026-10-08 00:33:57
2026-10-07 22:36:00,CNC-01,L,299.46501787921886,311.60568888092934,2697.568063815936,16.304778906154137,43.27843702037462,3.2793383074004234,7.9644196151834805,57.74908976612116,0,2026-10-08 00:33:57
2026-10-07 01:10:57,CNC-03,H,298.32291158758346,310.20595000399305,2636.8471528988402,15.81327652886577,44.02623286656151,3.181899866532763,7.604954514588141,57.60256637222636,0,2026-10-08 00:33:57
2026-10-07 23:06:00,CNC-01,L,299.29769255854774,311.5444051743783,2701.958318789404,,75.57901515974287,3.3025541897776396,8.813273433892762,51.525399697300095,0,2026-10-08 00:33:57
2026-10-07 01:00:00,CNC-01,L,298.31223065579917,309.9562141890795,2755.014556689479,14.858952319186988,,3.2558034778954013,7.74646687244447,57.00092063044698,0,2026-10-08 00:33:57
2026-10-07 19:03:00,CNC-01,L,299.7160185604693,313.0310513807452,2251.3362634168475,27.839753694132853,2.554448785593218,2.8138094349266995,11.587254922186137,49.35032545139311,0,2026-10-08 00:33:57
2026-10-07 10:24:00,CNC-02,M,296.0387265686202,311.0535555396889,1514.353649038216,49.22034133109654,161.8645270171205,2.6024823920962183,13.811915073281133,60.97363191720305,0,2026-10-08 00:33:57
2026-10-07 01:51:00,CNC-01,L,298.1207821187857,310.89718405353744,2746.549583978183,18.480171572524476,100.62710733909775,3.3954216562516004,9.682215415698005,54.91631583750396,0,2026-10-08 00:33:57
2026-10-07 09:17:00,CNC-03,H,296.2121428503154,311.08766414980977,1476.5506407993748,49.55143143022155,192.7851006803004,2.6440714752327588,13.928824542469572,61.0356490476606,0,2026-10-08 00:33:57
2026-10-07 04:35:00,CNC-02,M,297.0326111985516,310.7222773515341,2267.3543117044383,27.712132779702134,104.87859440763334,2.9695265133563455,11.60090519162957,58.618127614635405,0,2026-10-08 00:33:57
2026-10-07 02:28:00,CNC-02,M,297.845314206604,311.98325439604866,2381.3424817255727,26.244249529246993,171.60437817595687,3.3383079384615946,11.785605565338951,54.87663464638197,0,2026-10-08 00:33:57
2026-10-07 20:49:00,CNC-01,L,305.2911892125643,313.09173693132556,2485.943913605429,25.292304290864518,129.84618317722413,3.2079130623557677,11.568447592331188,38.03087042860078,0,2026-10-08 00:33:57
2026-10-07 03:38:00,CNC-03,H,297.5371099858643,312.19150929872757,2310.0422661290827,31.194594345625553,208.07626722610675,3.4619102592381523,,57.07023379013336,0,2026-10-08 00:33:57
2026-10-07 05:56:00,CNC-02,M,296.4777096430721,310.834159981328,2001.3606833907106,32.77071067923198,208.36788732881394,3.265915367302806,12.419624895433072,59.52984642469672,0,2026-10-08 00:33:57
2026-10-07 04:52:00,CNC-02,M,302.1896704691769,309.8927499168875,2352.471205647281,26.107038794208805,126.06121828289842,3.1049841727914553,11.543186710609923,44.99098213137921,0,2026-10-08 00:33:57
2026-10-07 01:38:00,CNC-02,M,298.4201877997179,311.76174529904347,2560.631084071688,22.06955179416957,116.61535672027604,3.2671330364746805,10.478969113017913,54.58121676034577,0,2026-10-08 00:33:57
2026-10-07 11:24:00,CNC-02,M,296.71664974700053,310.48209117102107,1487.7369987950028,46.253735165311866,7.9108447182561115,2.053916642911015,12.914793622755472,60.46105144389212,0,2026-10-08 00:33:57
2026-10-07 01:02:00,CNC-02,M,298.73659749439094,311.1130894242981,2539.0027679218792,19.69061079464391,77.76717294754627,3.0447529602339714,9.296620741080773,50.30996994146544,0,2026-10-08 00:33:57
2026-10-07 15:44:00,CNC-02,M,25.261839696704214,40.263131295656876,1715.7599390917997,44.371704367561186,165.81478769301324,2.780107649191426,14.19610457872372,56.26175963326401,0,2026-10-08 00:33:57
2026-10-07 23:39:00,CNC-02,M,299.21608499699687,311.6910174079008,2616.332329834097,18.024221517682253,69.37834553875066,30.724489195588564,8.863511500516443,48.83638620626638,0,2026-10-08 00:33:57
2026-10-07 13:06:00,CNC-01,L,23.681797172218353,38.557036696076125,1429.2341893683158,52.979048281893064,161.70430742012567,2.407639256789739,14.371524130737905,58.022704679309385,0,2026-10-08 00:33:57
2026-10-07 21:03:00,CNC-01,L,305.29618614463726,312.44361224396584,2503.1777054375584,21.576888779115354,145.76751086556038,32.67871807025099,10.065027449475206,40.41318176982052,0,2026-10-08 00:33:57
2026-10-07 01:17:00,CNC-02,M,298.5819125052696,311.7181588621347,2697.6314402590924,20.93005045928741,93.90132959295987,32.94368506680631,10.24281676675465,57.32197141881651,0,2026-10-08 00:33:57
2026-10-07 02:54:00,CNC-01,L,297.36342892717454,311.0134727706434,2630.7802485242373,22.84824243504186,170.47274813090056,3.663146744784898,11.358455084168636,58.895484651971216,0,2026-10-08 00:33:57
2026-10-07 05:58:00,CNC-03,H,296.25652687917574,310.87647364905763,1963.8825094288952,38.15899598918304,149.81049753689624,2.886285492301763,14.259646245535313,59.75006230423384,0,2026-10-08 00:33:57
2026-10-07 01:44:00,CNC-01,L,298.1783214244771,309.790062538186,2662.1898403229284,13.445375503977589,93.0856290195691,3.2889874120460276,6.847842775914898,49.661508697115906,0,2026-10-08 00:33:57
2026-10-07 15:56:00,CNC-02,M,25.305707889057317,40.21734702733289,1723.6956073310407,42.096549842302714,183.43581876927246,2.7791845816794476,13.39360695782121,53.8739245026008,0,2026-10-08 00:33:57
2026-10-07 03:24:00,CNC-01,L,297.25217634070447,309.43473110572086,2567.459669634264,19.60235878934109,0.0,3.037323541476616,9.406063803168943,55.84222206163645,0,2026-10-08 00:33:57
2026-10-07 21:42:00,CNC-03,H,299.5129527108101,310.7161358935696,2704.841262579963,13.437416986332229,18.627364222119166,3.2214861275226725,6.767931873222492,51.86222262096865,0,2026-10-08 00:33:57
2026-10-07 06:52:00,CNC-02,M,296.04393792679053,310.96417352940017,1829.4250517893418,43.60641179803412,62.62033687237854,2.4249478276102026,14.793360433343931,55.96115862516823,0,2026-10-08 00:33:57
2026-10-07 07:33:32,CNC-02,M,296.0535051268411,311.05069633559646,1648.550911448105,47.61635674545677,120.55122750972536,2.430104992191038,14.799032690160328,57.62938131258848,0,2026-10-08 00:33:57
2026-10-07 07:03:00,CNC-01,L,295.5523543359721,309.8350152025627,1858.9328795949132,38.486276061117884,56.597727640930266,2.4496314981704637,13.497977513449277,56.13678410409921,0,2026-10-08 00:33:57
2026-10-07 10:43:00,CNC-02,M,296.4899113932236,311.24163561927503,1481.8683576387407,48.57885958137211,191.87212152721008,2.79168052442333,13.460562303218037,59.664161242086756,0,2026-10-08 00:33:57
2026-10-07 21:37:00,CNC-03,H,299.24328370622226,310.78940478011924,2609.0426753259608,14.792452855258794,13.224995612293048,3.133502993165682,7.333446553308238,52.692057922049074,0,2026-10-08 00:33:57
2026-10-07 01:37:00,CNC-02,M,298.22578777491435,310.33599531442957,2745.359924879892,14.805362864730943,115.5016498459376,3.4388806916629875,7.660624974460214,57.64963797442575,0,2026-10-08 00:33:57
2026-10-07 04:43:00,CNC-01,L,296.11296194752765,310.12627395802184,2150.3596139475585,32.01081986585315,94.81281177259937,2.8473885338790734,12.942193912794565,58.43114708112054,0,2026-10-08 00:33:57
2026-10-07 09:15:00,CNC-02,M,295.9587115873627,309.9024922281706,1489.4450868552258,46.14914216440255,54.805866316890494,2.1091577637722008,12.862825667184499,64.71750700668531,0,2026-10-08 00:33:57
2026-10-07 19:41:00,CNC-03,H,299.57606947750406,314.1152073010295,2195.5987660728924,33.21844166937143,130.74501510354534,2.9149190020793725,13.95340300743944,50.06457018615718,0,2026-10-08 00:33:57
2026-10-07 06:34:00,CNC-02,M,296.262162757423,309.81752758362717,2078.630197545935,31.281646511863244,37.865023283882614,2.709880675167449,12.093731459072984,57.84580167951555,0,2026-10-08 00:33:57
2026-10-07 15:49:00,CNC-03,H,26.36900618623355,40.02154493102188,1639.8398270757527,40.7891466200066,66.01110287126141,22.749418101127382,12.583751695430525,50.90491974916635,0,2026-10-08 00:33:57
2026-10-07 07:17:00,CNC-01,L,295.6820909083332,309.836315075507,1914.844667249844,38.7558213600639,76.21893035868496,2.628278520421888,14.114951265979975,59.507076094775385,0,2026-10-08 00:33:57
2026-10-07 21:47:21,CNC-02,M,298.99326434420954,313.6393538808885,2387.3219678067508,27.534863168450208,187.56525835245426,3.421508931075694,12.220691289420056,53.656556263343504,0,2026-10-08 00:33:57
2026-10-07 18:48:00,CNC-01,L,299.77170292009356,314.198772950882,2147.3985709489198,31.89156500280209,214.34196049487562,3.704503380625231,12.671181649924295,50.260959954106184,0,2026-10-08 00:33:57
2026-10-07 11:34:00,CNC-02,M,296.62117596631606,310.288488236384,1407.546495011513,46.10835671936284,23.77849418519737,1.9810199374052986,12.08229643015792,53.21783139291406,0,2026-10-08 00:33:57
2026-10-07 20:14:00,CNC-01,L,300.0122642529482,313.530153441114,2300.251447444481,27.88466739903408,89.2209909073585,2.8926694057652775,12.093526693688657,49.6425030083966,0,2026-10-08 00:33:57
2026-10-07 12:25:00,CNC-02,M,23.61319490843607,38.045041149720305,1378.3200954807894,51.08096933118151,104.80504472793754,2.152903532667133,13.020257111084359,57.42267360074098,0,2026-10-08 00:33:57
2026-10-07 14:39:00,CNC-02,M,297.8576813990987,312.4794484368553,1499.9343452175222,48.56154438781569,68.0035672642647,2.1160380652267787,13.535128559418906,57.57583401674171,0,2026-10-08 00:33:57
2026-10-07 01:53:00,CNC-03,H,297.93035566752275,310.39592313075724,2647.5706744252766,17.619116662207013,89.99392230306279,3.2616800080403068,8.586232045902788,55.07801327726246,0,2026-10-08 00:33:57
2026-10-07 08:32:00,CNC-02,M,295.93777518202404,311.4313404452937,1689.5536954174586,47.70709172116569,206.92872574903464,3.002908339520587,15.01817376585105,58.5198919525317,0,2026-10-08 00:33:57
2026-10-07 04:09:00,CNC-02,M,296.87948572923364,309.6325843489839,2213.4290897389965,23.63134186530394,73.03757556808173,2.8283227681615153,9.769388295522473,57.57330523086747,0,2026-10-08 00:33:57
2026-10-07 14:26:00,CNC-01,L,297.40561921470146,311.7736220375351,1587.879145763709,48.0669418558571,60.75776048691965,2.346677731316283,14.214505938217707,59.15757158280461,0,2026-10-08 00:33:57
2026-10-07 05:38:00,CNC-01,L,295.5552393265302,309.90806909414135,2115.6497343829537,32.697210020863146,165.02119863617835,3.179411148182585,13.076720647509875,59.90583674408518,0,2026-10-08 00:33:57
2026-10-07 13:24:59,CNC-01,L,297.22193031837486,311.9951669664159,1516.2782200667666,49.86585915738151,189.93268029904678,2.7614893533796425,14.267767985014796,51.14420476300662,0,2026-10-08 00:33:57
2026-10-07 05:55:00,CNC-02,M,296.43629432659264,310.9235711397974,2087.0254289395134,32.17679674357831,207.05439677960604,3.4150712915036197,12.508056744160177,57.2121732898967,0,2026-10-08 00:33:57
2026-10-07 18:49:00,CNC-03,H,300.1725073205474,313.2164083317276,2310.3867272015386,23.466013778005873,66.42450570288607,2.9090190645184535,10.240982778229645,51.00388411639731,0,2026-10-08 00:33:57
2026-10-07 06:27:00,CNC-01,L,295.85264007363526,308.83261657522536,1928.0685509513428,30.394795768959554,6.84931071656648,2.5283312862568694,11.131760172298229,62.6883203288345,0,2026-10-08 00:33:57
2026-10-07 09:04:00,CNC-03,H,296.3441872381033,310.8874754437426,1546.28143019527,45.587256296388155,172.75946874337535,2.5110761338571606,13.244288095236307,58.017299505743274,0,2026-10-08 00:33:57
2026-10-07 05:53:00,CNC-02,M,296.42633552527184,,2123.211886151434,36.954798840661525,204.40774535347816,3.3430084229165185,14.62819568999615,55.75518282730297,0,2026-10-08 00:33:57
2026-10-07 07:37:00,CNC-03,H,295.9612164039556,310.0234682325321,1740.4385344256737,41.76022746969195,43.91785637527171,2.380749842307008,13.585697662925837,57.047476276452535,0,2026-10-08 00:33:57
2026-10-07 08:13:00,CNC-03,H,296.05606487483243,,1542.70364920846,49.21904237184933,96.36190047542551,2.263330318506753,14.156769722683661,58.00893888038298,0,2026-10-08 00:33:57
2026-10-07 11:39:00,CNC-02,M,296.80528870156206,310.13045369445376,1274.2741551333506,49.28609131945561,31.74423918229852,2.01670586917783,11.614661120467934,54.92461056810322,0,2026-10-08 00:33:57
2026-10-07 17:39:00,CNC-01,L,299.21410344396753,313.99559099121984,2000.8487393454657,37.01133666120534,123.83280104747777,27.44346722607503,14.04140991633832,54.775399506800255,0,2026-10-08 00:33:57
2026-10-07 16:41:00,CNC-02,M,298.83089607388825,312.9421972192761,1810.7211928342706,37.64621975386706,22.83067027802535,2.438999341057077,12.87232076562778,49.35767129069371,0,2026-10-08 00:33:57
2026-10-07 08:02:00,CNC-03,H,295.97792042150553,310.7381138272656,1730.067861521535,45.21383906403418,80.13374904901414,2.4393726609755673,14.643234523716853,54.62231836053591,0,2026-10-08 00:33:57
2026-10-07 05:24:00,CNC-03,H,296.35873229430496,309.36688262781803,2129.6003189679163,26.14701952096415,105.42672734401042,2.7771341823093803,10.302717186466442,57.40759886660004,0,2026-10-08 00:33:57
2026-10-07 03:05:00,CNC-02,M,297.55742335052065,311.8511007458449,2541.1005194794793,25.75908021869167,213.32729794728485,3.8241927471526855,12.313619131418191,58.7586613605165,0,2026-10-08 00:33:57
2026-10-07 16:38:00,CNC-02,M,298.6678124453692,312.84690189691804,1788.594493883914,40.11985565553561,18.575344620208224,2.4004123963829014,13.217282021691526,52.601510127224486,0,2026-10-08 00:33:57
2026-10-07 09:21:00,CNC-03,H,296.41555692597666,311.58957941681706,1507.995090808128,51.851329766943266,198.9412771496849,2.681058871700431,14.622652397105089,56.975556925789064,0,2026-10-08 00:33:57
2026-10-07 01:30:05,CNC-02,M,298.34797494583347,310.6759647361352,2593.813267144683,18.40264895375908,109.03174571993469,3.2781541086377075,8.681296093766855,54.353608766503946,0,2026-10-08 00:33:57
2026-10-07 13:08:00,CNC-03,H,24.64997695233899,38.380663240589286,1396.7909150662656,48.345262708530775,36.29293843388149,1.9863105378993273,12.661920805961982,58.64806541246327,0,2026-10-08 00:33:57
2026-10-07 18:46:00,CNC-01,L,299.67766706575367,314.08746245287506,2091.245671604929,32.68504592089376,211.75130518849576,3.6062794089653063,12.977871699481408,55.17769408973491,0,2026-10-08 00:33:57
2026-10-07 13:42:00,CNC-03,H,297.7703447162729,312.0195235065131,1392.6451209439288,52.090293858148144,89.6013343490157,1.9572893467939199,13.425017771351843,54.41581603475589,0,2026-10-08 00:33:57
2026-10-07 12:31:00,CNC-03,H,24.289668426868786,39.088026559844536,1378.8895589962253,52.75485993098598,226.03496063359216,2.644728382854764,13.818188043599982,58.24413309403208,0,2026-10-08 00:33:57
2026-10-07 18:30:00,CNC-03,H,299.9785802410496,313.37974968522553,,31.89298571425228,42.12593612331505,2.511123687612587,11.918825267688929,50.222239194143405,0,2026-10-08 00:33:57
2026-10-07 12:59:00,CNC-02,M,23.669246403205307,38.414543572319474,1380.8286364100657,53.79550066332389,158.88645391432206,2.418123630952779,13.9376585561669,55.66407920299979,0,2026-10-08 00:33:57
2026-10-07 11:19:00,CNC-02,M,296.452789278264,310.71781828065633,1424.7197547025844,49.61254529888015,0.0,2.132866998363424,13.30215692086489,56.11150275352475,0,2026-10-08 00:33:57
2026-10-07 13:33:00,CNC-01,L,297.03880626195837,311.7047460676554,1471.4200812341494,48.04755758908704,204.13766899782792,2.910576701109076,13.205299773711712,54.435923522054104,0,2026-10-08 00:33:57
2026-10-07 19:39:23,CNC-01,L,299.76848215965316,312.5289170444032,2265.493111823715,24.409693136976344,48.3756280227572,2.859797117415762,10.474082044542735,52.39749999513582,0,2026-10-08 00:33:57
2026-10-07 06:03:00,CNC-02,M,296.380813634702,311.1742112235135,2085.9859853040293,34.61524893960536,217.69542351453043,3.4928211330807746,13.469656315758977,52.92095034626909,0,2026-10-08 00:33:57
2026-10-07 03:41:00,CNC-03,H,297.42993363202277,312.27364384503045,2260.0784559287463,31.98057742011183,211.6048025840724,3.390632426700535,13.653906240464899,54.3323027348037,0,2026-10-08 00:33:57
2026-10-07 23:02:00,CNC-02,M,299.3293368270619,311.89457615424607,2590.341103424106,18.567782477027713,29.98379025512459,3.1122833785885606,8.759667546732052,51.66323893842057,0,2026-10-08 00:33:57
2026-10-07 22:14:00,CNC-03,H,305.19043589884774,311.56858805474087,2517.9687399916875,18.656284946364956,53.905349870342896,3.0051294957855794,8.83497128706106,42.28328696024079,0,2026-10-08 00:33:57
2026-10-07 22:37:00,CNC-03,H,304.5603703894946,310.51202009622784,2722.3513603733995,15.192485343848256,78.72220948741393,3.273399410614581,7.439500760839229,44.62668710805428,0,2026-10-08 00:33:57
2026-10-07 21:59:00,CNC-02,M,299.2650834703057,311.38528243488594,2796.7006220502185,11.738485736130942,199.77661231422476,4.01822510537251,6.201235590585312,50.18051498827348,1,2026-10-08 00:33:57
2026-10-07 03:18:00,CNC-02,M,297.42028659605995,309.91060405004777,2509.9237658887273,21.24626624719028,12.706552480732384,3.0571309498190846,9.879035750603789,53.27192547165863,0,2026-10-08 00:33:57
2026-10-07 18:22:00,CNC-02,M,298.78692255716777,313.9337929355213,2082.112208263881,36.544509719649454,,29.84647169024337,14.11502142407181,54.499304654210164,0,2026-10-08 00:33:57
2026-10-07 06:06:00,CNC-02,M,296.33105490365045,310.2976642104703,2004.0239738429818,35.743962280041345,0.0,2.541799152590515,13.429044963918878,58.06642460650536,0,2026-10-08 00:33:57
2026-10-07 03:19:00,CNC-02,M,297.4305261341371,309.9983200233305,2472.517563891604,20.418487282100667,13.861423791082196,2.9471527581722685,9.474296031092774,60.71575226049288,0,2026-10-08 00:33:57
2026-10-07 20:30:00,CNC-03,H,300.04448734115005,313.24907801359853,2397.8773190909096,23.059888214179747,189.42752146931457,33.46517254656516,10.11565773601997,52.017828445076304,0,2026-10-08 00:33:57
2026-10-07 20:02:00,CNC-02,M,298.94525018806155,312.7604097021502,2389.6774124929266,25.73981489697542,66.1918506146274,2.9817581947018477,11.653995000693032,54.04385412107093,0,2026-10-08 00:33:57
2026-10-07 10:04:00,CNC-03,H,296.4232270484579,311.70385562334343,1342.9167781623821,56.43985704665858,265.53702400693203,3.2991446062474474,14.292995427125696,59.293644114237225,1,2026-10-08 00:33:57
2026-10-07 15:06:00,CNC-01,L,298.10481648866045,312.87630838071226,1598.2707788324967,,122.12738279071294,2.427811061712089,14.153913874732776,54.8998473822758,0,2026-10-08 00:33:57
2026-10-07 17:22:00,CNC-01,L,299.16887443065747,312.76611181710433,2052.4403315928594,30.087265537376172,100.43635181310319,2.727970076067332,11.53216212169278,59.476604415018876,0,2026-10-08 00:33:57
2026-10-07 17:02:00,CNC-03,H,299.81035278316216,314.54136076993285,1967.6454389165008,36.974625115382885,170.65907955033705,2.8755510232258015,13.622607636809356,47.79910808181845,0,2026-10-08 00:33:57
2026-10-07 22:43:00,CNC-01,L,299.41572835759433,310.34636763584996,2737.4113826929147,11.577057633019006,50.85830006343245,3.3009923243395907,5.912026137435029,45.85374133457162,1,2026-10-08 00:33:57
2026-10-07 17:26:00,CNC-02,M,299.220887362853,313.0289320387441,1992.9860171533476,33.00842779057607,85.47069385648223,2.640622727786701,12.328105265593166,53.45178486334455,0,2026-10-08 00:33:57
2026-10-07 14:12:00,CNC-01,L,297.5624993890753,311.9058501750261,1579.0058849004238,47.43797888467221,39.16116664338225,2.1340535304773645,14.15669697505544,53.304925822383055,0,2026-10-08 00:33:57
2026-10-08 00:27:00,CNC-03,H,298.58453153090375,311.80726393017693,2599.8915589969124,19.979853497415156,195.72265820577232,3.6429115869385433,9.866227109766157,52.67387684905361,0,2026-10-08 00:33:57
2026-10-07 08:07:00,CNC-01,L,295.8662807453536,310.6606753238855,1757.2761134669604,43.61221958140088,148.38898403417738,2.6941783567052924,14.284544763884346,62.31444298975761,0,2026-10-08 00:33:57
2026-10-07 16:59:00,CNC-03,H,299.58088869548754,313.8767890764672,1797.84609084033,37.98371511655645,166.4788927500507,2.867366698900181,13.186393333562231,53.561773448798945,0,2026-10-08 00:33:57
2026-10-07 11:46:00,CNC-03,H,297.0995925425728,311.94621827006114,1393.7108760711685,54.73930039754595,154.7074481354239,23.450672737572276,14.360127863130913,55.50336880735701,0,2026-10-08 00:33:57
2026-10-07 19:49:00,CNC-03,H,299.5741420304225,313.26235793222,2139.667089206099,29.658199118058413,140.67150025799842,2.8886239213261518,11.924309903847988,54.42313629025226,0,2026-10-08 00:33:57
2026-10-07 05:11:00,CNC-01,L,296.0593052760974,310.63894146772515,2014.8411625562171,36.46001238923106,129.97278466237844,2.714194692401214,13.76034636476688,55.562892998067156,0,2026-10-08 00:33:57
2026-10-07 04:24:00,CNC-03,H,296.96914803128874,309.86046889617035,2217.130079358444,24.882478945785948,30.081524437830385,2.7501398741174308,10.366572681136148,59.357274576404315,0,2026-10-08 00:33:57
2026-10-07 07:29:00,CNC-02,M,295.85653909557936,309.9527298401183,1932.556669831255,35.818723727590374,114.75877295206298,2.69807894371775,13.034627102357005,63.239167411647045,0,2026-10-08 00:33:57
2026-10-07 21:32:00,CNC-02,M,299.5827868361888,312.99796900867585,2623.719568167548,19.264707863358804,169.94958592188678,3.608495960975661,9.36186248895355,53.09678832461176,0,2026-10-08 00:33:57
2026-10-07 04:54:00,CNC-02,M,302.0269484629263,310.01095340114557,2144.1277413616363,29.572422827319304,128.56752202132702,2.9453663059116497,11.567873055796488,47.253492220962414,0,2026-10-08 00:33:57
2026-10-07 14:30:46,CNC-01,L,297.5091523562297,311.8165559889257,1442.2420604098609,51.04300315599192,70.0325825302585,2.109103926620816,13.704281944818097,62.83729986357178,0,2026-10-08 00:33:57
2026-10-07 07:14:00,CNC-02,M,295.7096655460484,310.4087491127846,1837.9908462849621,40.01130387686283,93.41953643412083,2.5233465191485376,13.749304055488569,56.89194925001632,0,2026-10-08 00:33:57
2026-10-07 22:22:00,CNC-01,L,299.4289214926485,310.888421078891,2534.085700021148,15.859848994638979,28.160515859807216,3.0785583799237175,7.473337825450043,55.87619918821617,0,2026-10-08 00:33:57
2026-10-07 19:24:00,CNC-01,L,299.8434210788422,312.56478543058904,2299.8889359791406,25.20123227864435,28.703939479834652,2.9370652803488277,10.79271487272156,57.20326550371547,0,2026-10-08 00:33:57
2026-10-07 08:11:00,CNC-03,H,295.9657228720811,310.5144335828131,1661.3451448007809,45.017261651049964,93.33949495734878,2.3508631465255094,13.9696031272751,59.73879721181523,0,2026-10-08 00:33:57
2026-10-07 22:21:00,CNC-01,L,299.73687283368474,310.63722366114354,2595.540948512437,12.593055856054487,27.03785082064093,2.993984239462294,6.038611717928514,48.60384341581294,1,2026-10-08 00:33:57
2026-10-07 14:26:00,CNC-02,M,297.7192860464271,312.36643052409863,1525.9136262076263,49.655084744549235,48.066612106950146,2.2258999335668936,14.028610478189883,59.040257506764874,0,2026-10-08 00:33:57
2026-10-07 13:01:00,CNC-02,M,23.611423374357912,38.161290234873775,1348.2228258991006,51.32695938452375,162.07511144826444,2.40996650715601,12.904777428811625,64.58194804189968,0,2026-10-08 00:33:57
2026-10-07 08:33:00,CNC-02,M,295.8383468281085,310.63108764012793,1447.8729698360978,50.23258182709124,208.46072089704106,2.750593643820697,13.697217856322533,58.3959211231448,0,2026-10-08 00:33:57
2026-10-07 05:06:00,CNC-03,H,296.5934758794076,310.01578247289154,2222.586295968341,28.23127962321659,82.3745567109224,2.861651012655418,11.90824702158369,58.42831060633804,0,2026-10-08 00:33:57
2026-10-07 07:21:00,CNC-02,M,295.94848774071636,310.4199975281022,1667.1546435071734,42.49509095656886,103.36339428440287,2.3798396422100065,13.409091227487473,54.920001776075765,0,2026-10-08 00:33:57
2026-10-07 07:00:00,CNC-03,H,296.0801339360025,311.024475624694,1742.7787327469641,42.92274610252167,234.1755977043533,3.259515338297802,14.189831588582765,57.99311973523785,0,2026-10-08 00:33:57
2026-10-07 02:40:00,CNC-03,H,297.85429253447955,310.7001366910413,2537.6887603759433,19.967204345326184,141.88530074438216,3.295812402982673,9.509728608356879,55.79608251238952,0,2026-10-08 00:33:57
2026-10-07 20:31:00,CNC-03,H,299.82501920703214,313.5588401254199,2501.900659281642,24.10222049584374,190.58509024369573,3.4749381775461505,11.214143247466874,49.41489212647483,0,2026-10-08 00:33:57
2026-10-07 02:33:00,CNC-02,M,297.68750171999216,311.9911616346498,2464.6904223845613,26.85854861107232,177.2117218740532,3.4736920965180276,12.453371520369934,52.51904709779451,0,2026-10-08 00:33:57
2026-10-07 01:59:00,CNC-03,H,297.8094662900497,309.95460156415874,2679.3523304988585,17.49100690682562,96.58196681077925,3.3170687601514794,8.735163627042867,51.67372224019202,0,2026-10-08 00:33:57
2026-10-07 13:25:00,CNC-02,M,297.1672756410756,312.89327119536944,1419.5632652529969,55.87327099982496,200.0440635628757,2.6117636314899118,14.659729150334407,52.51488740330732,0,2026-10-08 00:33:57
2026-10-07 11:21:00,CNC-02,M,296.4433754030351,310.2322263430921,1470.10238588438,46.166560299503665,3.1686860715676364,2.117380577586425,12.502658340685292,57.50933627196481,0,2026-10-08 00:33:57
2026-10-07 14:19:00,CNC-03,H,298.54678737842994,313.48097082670597,1489.6348108418392,51.170038080843156,147.3268136044856,2.2519353304346597,14.415150030884496,53.93760658822853,0,2026-10-08 00:33:57
2026-10-07 00:53:19,CNC-01,L,298.3560977892469,311.0674815874449,2685.3527673041417,20.06250470988169,36.91550098576626,3.2324841162035227,10.332298639681499,55.57714655064136,0,2026-10-08 00:33:57
2026-10-07 11:42:08,CNC-02,M,296.49375837676007,310.4280955306021,1262.6190557180817,54.259306529188336,36.53830488770804,1.9406399007075696,12.77932995881175,58.047936658842914,0,2026-10-08 00:33:57
2026-10-07 03:12:00,CNC-02,M,297.6509548119805,308.7814819422336,2554.8479024565067,14.225271819109304,5.860168399617749,3.005207728042326,6.86555241947699,56.835116904243506,0,2026-10-08 00:33:57
2026-10-07 08:22:50,CNC-02,M,295.89442792754295,310.8819796962736,1678.299545711537,45.34312927724406,,2.899311365936786,14.38330753858571,58.91423908884843,0,2026-10-08 00:33:57
2026-10-07 13:09:00,CNC-01,L,24.035107756813034,38.64920378732336,1580.7964265227367,46.69443005117047,166.3576502898478,2.713882243402793,13.954602789804516,54.822713993035784,0,2026-10-08 00:33:57
2026-10-07 00:58:00,CNC-01,L,298.3711563531477,309.92955845300315,2705.5655290380014,14.304016790656938,43.41960919523025,3.1931598800409975,7.295426891511605,56.605674034316436,0,2026-10-08 00:33:57
2026-10-07 08:34:00,CNC-02,M,296.08827890248205,311.9014822397166,1648.4097293496543,51.42360261940337,209.97114952486825,2.88097810008933,15.869825297926795,57.60764442592065,0,2026-10-08 00:33:57
2026-10-07 23:22:00,CNC-01,L,299.0857183965905,311.3786361289331,2779.2759906523975,15.703495383367324,92.79321961032676,3.304248388230489,8.410104765337966,58.96961262292178,0,2026-10-08 00:33:57
2026-10-07 19:25:00,CNC-03,H,299.9104099979007,313.7494721832557,,28.641132390999083,111.06208014136327,3.0024858371886642,12.580702385561104,49.42746682406163,0,2026-10-08 00:33:57
2026-10-07 03:10:00,CNC-02,M,297.31322380577217,309.82614292484783,2520.279559810144,21.450587730617507,3.562972121957758,3.1190890229772847,10.086223846185478,55.04812984025582,0,2026-10-08 00:33:57
2026-10-07 05:21:00,CNC-03,H,296.2184448382972,309.7565404419895,2109.461606239748,29.522556710199026,101.59601030169038,2.7324810217599698,11.48519553797837,55.62704777320585,0,2026-10-08 00:33:57
2026-10-07 08:17:00,CNC-01,L,295.6579467283877,310.2616079548389,1471.4962272863463,49.423467988789916,163.4207249875507,2.550229291914432,13.802312843586533,58.81056378174464,0,2026-10-08 00:33:57
2026-10-07 03:41:00,CNC-01,L,297.09138646590173,309.2370299940711,2382.209173318905,20.373337754131818,19.83846373101356,2.8849123464883384,8.960631130040577,58.85210021391832,0,2026-10-08 00:33:57
2026-10-07 08:12:00,CNC-02,M,295.9505973743633,310.35241868960674,1514.6356436428975,46.15015962563009,177.38828663558365,25.518888005428458,12.89625366381782,59.76473934742662,0,2026-10-08 00:33:57
2026-10-07 14:13:00,CNC-01,L,297.60329027452354,311.48327548365387,1424.341803309797,48.38296893202524,40.72846237760995,2.088621272991568,12.85966763122243,61.94159323745353,0,2026-10-08 00:33:57
2026-10-07 17:18:00,CNC-01,L,298.782465366838,312.6041062085829,,37.58378129091168,94.97421226712936,2.4844722686089193,12.43477502853536,55.49645427907623,0,2026-10-08 00:33:57
2026-10-07 16:51:00,CNC-02,M,298.66370788347524,312.4369585932257,1829.498046064101,34.421688241059144,36.999580620412914,2.468151574277132,11.700464770661876,54.94337575873027,0,2026-10-08 00:33:57
2026-10-07 00:48:00,CNC-01,L,298.6509061663044,310.8592785248336,2597.4458465416196,18.534338044152,32.66850482103941,3.0773608584039525,9.067592255894638,55.840884829606814,0,2026-10-08 00:33:57
2026-10-07 09:33:00,CNC-03,H,296.2667791116834,310.9676499823554,1389.6641793714855,51.41944782915882,217.28841451125808,2.714895784660142,13.474006016776798,57.60338280182563,0,2026-10-08 00:33:57
2026-10-07 23:18:00,CNC-03,H,304.35338244381813,309.7391411771254,2692.8889210318175,12.304119174692667,122.59664206477956,3.3707772323456657,6.116906040879055,43.652171187429566,1,2026-10-08 00:33:57
2026-10-07 16:12:00,CNC-03,H,26.2217761260531,40.18783675395747,1663.9481146981457,43.088109632723864,99.42610055975692,2.4019857073579143,13.375211176507557,58.75148600864084,0,2026-10-08 00:33:57
2026-10-07 10:27:17,CNC-01,L,295.8227868276012,310.2501683308285,1483.8931294817205,50.83455251956464,124.40951062624221,2.427536256531374,14.077005348523354,62.854319823133295,0,2026-10-08 00:33:57
2026-10-07 18:05:00,CNC-02,M,299.05287691391953,313.5610338620428,2046.905563249327,33.23907280637386,138.26035778879375,2.8441609671333667,12.796413727286918,53.888499428168274,0,2026-10-08 00:33:57
2026-10-07 16:59:00,CNC-02,M,298.8936004253301,313.1684622098143,1802.8055101538262,40.35123663933716,48.35338512674312,2.3966869928614387,13.525601881961792,51.648145090613035,0,2026-10-08 00:33:57
2026-10-07 05:30:00,CNC-03,H,296.3170553832938,310.0707093557035,2167.911342115777,29.498108831352575,113.19302994924918,2.971850578100743,11.907991257059594,59.90180411002205,0,2026-10-08 00:33:57
2026-10-07 05:43:00,CNC-01,L,295.7860765091823,310.0640222327442,2096.0076475262003,33.89369619793256,171.56398966969843,3.271277125376281,13.092100829478435,60.37172032641674,0,2026-10-08 00:33:57
2026-10-07 13:44:00,CNC-02,M,297.2386905570185,312.26047360224874,1349.061754064872,53.43996188133008,229.8231498569384,2.99200715403384,13.455064404680588,53.50438746712409,1,2026-10-08 00:33:57
2026-10-07 09:32:00,CNC-02,M,295.51566515510075,309.564989126811,1718.6385817364535,39.60676245100536,80.79518363152341,2.4074219070552325,12.502633141120155,60.21095313852645,0,2026-10-08 00:33:57
2026-10-07 11:35:00,CNC-01,L,296.06494868071013,309.19269700780796,1319.7115945699968,47.016907907452854,17.322334303577357,2.0284622688628353,11.910942309233713,60.18229115467521,0,2026-10-08 00:33:57
2026-10-07 17:41:00,CNC-02,M,299.1794453994081,313.72876788371525,1972.2530495720275,37.1707118374391,105.93731645377697,2.7446299288812837,13.760887523890071,49.81225004744017,0,2026-10-08 00:33:57
2026-10-07 21:26:00,CNC-03,H,299.64896726825344,310.81877339803884,2728.5244665194873,13.534537261462365,1.0721277139410237,3.3319517617100383,6.936544073340912,50.443558273504,0,2026-10-08 00:33:57
2026-10-07 16:01:16,CNC-03,H,25.931558313633275,40.117615648390256,1729.4757167124565,42.374565792847825,84.88948821009873,2.4103093077816613,13.99587692104988,52.5576876997521,0,2026-10-08 00:33:57
2026-10-07 15:51:00,CNC-02,M,25.21260245828887,40.13545671918416,1540.6958430020386,46.92188511778168,176.1886715864066,2.6321678037224654,13.569139495798419,52.56579730020362,0,2026-10-08 00:33:57
2026-10-07 03:50:00,CNC-01,L,296.63586318135845,309.12344663377445,2419.6790888391715,21.333816477079132,30.36925768755944,2.914099812316192,9.701860213265325,60.537794739667866,0,2026-10-08 00:33:57
2026-10-07 17:53:00,CNC-03,H,299.8247269479899,314.47132614539976,1900.325440833608,37.02541318275682,240.54767100167453,3.4724815977647303,13.099747530243073,52.280677464776765,0,2026-10-08 00:33:57
2026-10-07 05:43:00,CNC-03,H,296.39664481000784,310.26367405896417,2108.181212190416,29.933531162261822,130.05490072368437,2.8317277940748045,11.949264835265042,55.06314652864813,0,2026-10-08 00:33:57
2026-10-07 23:45:00,CNC-03,H,304.2014041485315,310.3538831951013,2712.31607835939,15.747310745167344,151.21220952741504,3.4953362737979297,8.126359526818018,47.05777703530896,0,2026-10-08 00:33:57
2026-10-07 16:48:00,CNC-02,M,298.7904775225054,312.7475935128794,1927.4796633080362,36.22306268305203,32.798471740349605,2.4998316189537717,12.816142991897422,53.54511724465313,0,2026-10-08 00:33:57
2026-10-07 17:33:00,CNC-02,M,298.90395186394886,313.2918611046833,1842.3297080656325,39.220272789318294,95.09183324459325,2.4065118601963333,13.674486883705544,53.96491346314458,0,2026-10-08 00:33:57
2026-10-07 08:52:51,CNC-02,M,295.9501517435925,309.9790623692456,1510.7631364620272,47.72810483332543,21.267242356090925,2.1431254099043504,13.54544651097299,60.3999101887374,0,2026-10-08 00:33:57
2026-10-07 11:49:00,CNC-02,M,296.46679041919714,310.78928361698206,1351.9270987316652,54.343122022361335,47.641396048210986,2.0029378821195563,13.857933307589908,54.94137305987332,0,2026-10-08 00:33:57
2026-10-07 01:59:00,CNC-02,M,298.3235494389222,310.7808490227212,2672.7945377827987,16.851886347130634,139.5230854372159,3.4355200517204434,8.47110474850764,54.0599645376778,0,2026-10-08 00:33:57
2026-10-07 19:36:00,CNC-02,M,299.0091084438121,312.2799267670655,2218.7999884734672,26.99466628783384,34.62749332114701,2.8161230521945346,11.250648552781778,57.163953360982205,0,2026-10-08 00:33:57
2026-10-07 08:02:00,CNC-01,L,295.6168214162927,310.4254317596991,1758.8205984163405,43.32898747059469,140.9561051102316,2.5867855733508422,14.265734617875044,58.117585557523924,0,2026-10-08 00:33:57
2026-10-07 01:43:00,CNC-01,L,297.98119258215576,310.42770381409775,2637.798113091648,18.60362806145392,92.0200063508417,3.309357815145859,9.256375409847932,51.52113065151949,0,2026-10-08 00:33:57
2026-10-07 20:04:00,CNC-03,H,299.8977629378,313.15617989452466,2328.3918110824816,24.315719226605367,158.77488731277495,3.1739621378571163,10.40882126784024,56.405966083398134,0,2026-10-08 00:33:57
2026-10-07 21:02:00,CNC-01,L,305.2193416323337,311.85067028607546,2482.5535479880746,19.615331682234267,144.6304433968295,3.282258984645347,,40.445760430544105,0,2026-10-08 00:33:57
2026-10-07 02:22:00,CNC-02,M,298.0088387827624,310.9195602409061,2573.2023611579875,18.9671289682849,164.88792089153355,3.4581259463886083,8.957194112075276,53.43299959443135,0,2026-10-08 00:33:57
2026-10-07 15:21:00,CNC-03,H,298.8659734409334,313.3466330695788,1602.4336466006987,48.775623575121436,24.315840861565423,2.211316593199055,14.420743484831085,52.50872455069646,0,2026-10-08 00:33:57
2026-10-07 09:20:00,CNC-02,M,295.7193123042232,310.03581435813254,1469.5695217907555,48.87422368308269,62.45193310567897,2.13234294716212,13.479130559893346,61.77796927029774,0,2026-10-08 00:33:57
2026-10-07 06:28:00,CNC-03,H,296.26474647010826,310.61392970539754,2072.7367830493154,32.8254818143761,190.0168705130739,3.082309575189947,12.724697588618376,56.316113956396414,0,2026-10-08 00:33:57
2026-10-07 17:45:29,CNC-01,L,299.1653208978428,313.3431238786681,1886.572963155917,36.55385484018997,131.98083189184786,2.7360528682223055,12.92821698993053,51.96869576087313,0,2026-10-08 00:33:57
2026-10-07 17:29:00,CNC-03,H,299.8656159221124,314.03189338418156,2040.9951774725548,31.736725888641658,208.14524345884402,3.1297197860024024,12.078203320962904,54.96934149868584,0,2026-10-08 00:33:57
2026-10-07 04:35:00,CNC-03,H,296.7452408837825,310.0355959746761,2284.362064877328,26.191557575052595,43.544590824161325,2.916397574787192,11.125418110694376,58.625902424434486,0,2026-10-08 00:33:57
2026-10-07 06:16:00,CNC-01,L,296.07491989508213,311.5537630718984,1875.721574263418,43.84668513788737,215.53853410487784,3.4751418237857403,15.63057389240318,56.061254751740535,0,2026-10-08 00:33:57
2026-10-07 22:33:00,CNC-01,L,299.5884042107224,311.73371067319744,2820.508854826689,15.743730109526458,40.01849499259864,3.384876021709266,8.41853483719321,55.512658320528715,0,2026-10-08 00:33:57
2026-10-07 20:37:00,CNC-02,M,299.33410166015415,311.5666286626991,2674.7840430677184,14.669339904719584,107.63694642787164,3.2938806650001853,7.324199043371885,50.62274730031182,0,2026-10-08 00:33:57
2026-10-07 07:05:00,CNC-01,L,295.72270613808115,309.57443931555025,1851.905057848366,37.28975212667514,59.3440450582373,2.427581476880661,12.931288849990452,61.45974124416669,0,2026-10-08 00:33:57
2026-10-07 22:02:00,CNC-03,H,299.38673346036103,311.5266228048377,2520.6248745330663,17.564117962024124,40.7087079950147,3.0782941284808456,8.227736510226038,55.7651392988727,0,2026-10-08 00:33:57
2026-10-07 18:01:00,CNC-01,L,299.49257758311256,313.46553234335767,2128.15534916155,30.5874570423335,153.30368080207526,3.1262255429022634,12.41851086740564,58.6905851975071,0,2026-10-08 00:33:57
2026-10-07 16:27:00,CNC-01,L,25.31366246812655,39.52398091996298,1727.0475284039735,43.36020888627861,23.19968020850816,2.3462221488229607,14.132837955068856,51.3885020471771,0,2026-10-08 00:33:57
2026-10-07 03:29:00,CNC-03,H,297.5531167328742,311.248725227541,2579.529396558263,23.42152218585114,197.61331221865893,3.6392832726284774,11.184087475061814,55.87560529597852,0,2026-10-08 00:33:57
2026-10-07 08:31:00,CNC-03,H,296.1867917057589,310.48262408635014,1436.7158400134017,50.16337207171326,123.18330510301605,2.2112574644319016,13.382509260069568,53.578543925782746,0,2026-10-08 00:33:57
2026-10-07 01:35:00,CNC-01,L,298.1627410262517,309.5929699714681,2662.7976660354493,13.05994017648038,83.31729896397859,3.26892472521565,6.511956622775871,48.33789880590757,0,2026-10-08 00:33:57
2026-10-07 14:02:00,CNC-03,H,298.2088784588753,312.3888299259332,1588.9983819545512,46.88533652458173,120.90603918854451,2.2420988266659188,13.860513935671522,48.81185894671193,0,2026-10-08 00:33:57
2026-10-07 18:57:00,CNC-03,H,299.8078988578812,313.55765578952366,2062.220777633136,32.79181008449636,76.61608722471846,26.328849586368676,12.757587507643088,53.040819309502474,0,2026-10-08 00:33:57
2026-10-07 21:59:00,CNC-01,L,304.95548855876314,310.53440094451435,2752.3452766208275,15.738390525588692,3.155002988445006,3.1810583753842234,7.992934458908285,38.15303698063353,0,2026-10-08 00:33:57
2026-10-07 07:38:00,CNC-03,H,296.0352888870607,309.40721127789897,1888.2190715474712,33.984161210636536,45.28765921289474,2.5986862730117757,11.97390823011326,51.6688494855457,0,2026-10-08 00:33:57
